#,Name,Team,G,AB,PA,HIP,H,1B,2B,3B,HR,R,RBI,BB,IBB,SO,HBP,SF,SH,SB,CS,NSB,AVG,OBP,SLG,OPS,BABIP,K%,BB%,real_AB,real_PA,real_HIP,real_H,real_1B,real_2B,real_3B,real_HR,real_R,real_RBI,real_BB,real_IBB,real_SO,real_HBP,real_SF,real_SH,real_SB,real_CS,real_NSB,real_AVG,real_OBP,real_SLG,real_OPS,real_BABIP,real_K%,real_BB%,Unnamed: 54,Unnamed: 55,Unnamed: 56,Unnamed: 57,Unnamed: 58,Unnamed: 59,Unnamed: 60,Unnamed: 61,Unnamed: 62
1,Freddie Freeman,LAD,155,632.8106509,730,160.90236687,0.2603550295890411,0.7382550332275295,0.25503355704614566,0.013422818793865018,0.03994082839726028,0.14644970410958905,0.14053254438356166,0.11538461538356165,0.013313609467123287,0.15236686397260274,0.01035502958630137,0.007396449704109589,0.0,0.013313609467123287,0.004437869821917809,0.00887573964520548,0.301,0.386094675,0.511945392,0.898040067,0.323210412,15.23668639,11.53846154,637,730,182,0.28904109589041094,0.6648351648351648,0.3241758241758242,0.01098901098901099,0.03972602739726028,0.17945205479452056,0.13972602739726028,0.09863013698630137,0.01643835616438356,0.16575342465753426,0.021917808219178082,0.00684931506849315,0.0,0.031506849315068496,0.0013698630136986301,0.030136986301369864,0.331,0.41,0.567,0.976,0.37,16.6,9.9,,,,,,,,,
2,Marcus Semien,TEX,154,676.0266667,753,136.09777775999999,0.21925925922974768,0.7049180328952934,0.2704918032895294,0.024590163940087544,0.0385185185126162,0.12592592592297477,0.11851851851261619,0.08592592592297477,0.0,0.2088888888446215,0.004444444444887118,0.007407407407702523,0.001481481482071713,0.023703703705179286,0.007407407407702523,0.016296296294820718,0.244,0.311011905,0.437293729,0.748305634,0.274774775,20.88888889,8.592592593,670,753,156,0.2456839309428951,0.717948717948718,0.2564102564102564,0.02564102564102564,0.03851261620185923,0.16201859229747675,0.13280212483399734,0.09561752988047809,0.0013280212483399733,0.1460823373173971,0.006640106241699867,0.006640106241699867,0.0,0.01859229747675963,0.00398406374501992,0.014608233731739707,0.276,0.348,0.478,0.826,0.291,14.6,9.6,,,,,,,,,
3,Juan Soto,SDP,152,562.3603604,708,124.37837841,0.22072072076271185,0.7521367519491525,0.2393162392894394,0.017094017088657106,0.04504504504237288,0.15465465466101697,0.13663663663841807,0.19219219223163844,0.013513513514124293,0.15015015014124294,0.006006006005649717,0.006006006005649717,0.0,0.013513513514124293,0.004504504504237288,0.009009009008474575,0.278,0.419548872,0.510396975,0.929945848,0.290322581,15.01501502,19.21921922,568,708,121,0.22033898305084745,0.7272727272727273,0.2644628099173554,0.008264462809917356,0.04943502824858757,0.1370056497175141,0.153954802259887,0.1864406779661017,0.015536723163841809,0.18220338983050846,0.002824858757062147,0.007062146892655367,0.0014124293785310734,0.01694915254237288,0.007062146892655367,0.009887005649717515,0.275,0.41,0.519,0.93,0.296,18.2,18.6,,,,,,,,,
4,Trea Turner,PHI,152,631.7714286,691,160.02105267,0.26315789479015916,0.7337662335101799,0.22727272720171393,0.03246753246095866,0.031578947366136034,0.14586466164978293,0.1203007518813314,0.06917293232995658,0.0015037593979739508,0.1774436089725036,0.007518796992764111,0.0060150375933429815,0.0015037593979739508,0.04210526315484805,0.009022556390738061,0.033082706772793055,0.288,0.340874811,0.463815789,0.804690601,0.325581395,17.7443609,6.917293233,639,691,144,0.2460202604920405,0.7222222222222222,0.24305555555555555,0.034722222222222224,0.03762662807525326,0.1476121562952243,0.10998552821997105,0.06512301013024602,0.002894356005788712,0.2170767004341534,0.008683068017366137,0.001447178002894356,0.0,0.04341534008683068,0.0,0.04341534008683068,0.266,0.32,0.459,0.778,0.31,21.7,6.5,,,,,,,,,
5,Matt Olson,ATL,154,624.0,720,118.90909091,0.21666666666666667,0.7339449540998934,0.24770642197822854,0.01834862385459978,0.051515151513888885,0.1363636363611111,0.14393939388888888,0.112121212125,0.009090909090277778,0.21818181819444446,0.01363636363611111,0.0060606060611111115,0.0,0.0030303030305555557,0.0015151515152777779,0.0015151515152777779,0.25,0.342943854,0.482517483,0.825461337,0.273869347,21.81818182,11.21212121,608,720,118,0.2388888888888889,0.7457627118644068,0.2288135593220339,0.025423728813559324,0.075,0.1763888888888889,0.19305555555555556,0.14444444444444443,0.011111111111111112,0.23194444444444445,0.005555555555555556,0.005555555555555556,0.0,0.001388888888888889,0.0,0.001388888888888889,0.283,0.389,0.604,0.993,0.302,23.2,14.4,,,,,,,,,
6,Vladimir Guerrero Jr.,TOR,152,601.2776935,682,139.71168437,0.26100151744868033,0.7407407409528177,0.2518518518237517,0.0074074074095281765,0.05614567526392962,0.15022761759530792,0.15933232170087977,0.10166919574780059,0.01062215478005865,0.15477996964809385,0.01062215478005865,0.006069802731671554,0.0015174506832844573,0.009104704096774193,0.003034901365102639,0.006069802731671554,0.297,0.373292868,0.549053356,0.922346224,0.302690583,15.47799697,10.16691958,602,682,133,0.23313782991202345,0.7744360902255639,0.22556390977443608,0.0,0.03812316715542522,0.11436950146627566,0.1378299120234604,0.09824046920821114,0.007331378299120235,0.1466275659824047,0.013196480938416423,0.005865102639296188,0.0,0.007331378299120235,0.004398826979472141,0.002932551319648094,0.264,0.345,0.444,0.788,0.277,14.7,9.8,,,,,,,,,
7,Bo Bichette,TOR,151,554.4179331,601,135.17933128,0.25835866256239604,0.756756756608805,0.216216216290192,0.020270270277667847,0.033434650449251244,0.1352583586688852,0.12310030394342761,0.06382978723793677,0.0015197568386023294,0.20364741647254575,0.006079027356073212,0.006079027356073212,0.0015197568386023294,0.02431610941763727,0.00759878419467554,0.016717325224625622,0.28,0.328767123,0.449752883,0.778520006,0.325274725,20.36474164,6.382978723,571,601,155,0.2911813643926789,0.7870967741935484,0.1935483870967742,0.01935483870967742,0.033277870216306155,0.11480865224625623,0.12146422628951747,0.04492512479201331,0.0,0.1913477537437604,0.0033277870216306157,0.0016638935108153079,0.0,0.008319467554076539,0.004991680532445923,0.0033277870216306157,0.306,0.339,0.475,0.814,0.355,19.1,4.5,,,,,,,,,
8,Pete Alonso,NYM,154,573.8721461,658,112.17047189000002,0.22070015227963527,0.7589285710902788,0.23214285703937942,0.008928571424591516,0.05022831050151976,0.12785388127659575,0.1552511414893617,0.09893455098784194,0.013698630136778116,0.2039573820668693,0.01978691019756839,0.007610350075987842,0.0015220700151975684,0.004566210045592705,0.0015220700151975684,0.003044140030395137,0.254,0.339939024,0.47469459,0.814633614,0.272506083,20.3957382,9.893455099,568,658,77,0.18693009118541035,0.7012987012987013,0.2727272727272727,0.025974025974025976,0.06990881458966565,0.1398176291793313,0.17933130699088146,0.09878419452887538,0.00911854103343465,0.22948328267477203,0.031914893617021274,0.0060790273556231,0.0,0.0060790273556231,0.001519756838905775,0.004559270516717325,0.217,0.318,0.504,0.821,0.205,22.9,9.9,,,,,,,,,
9,Francisco Lindor,NYM,151,610.4335878,687,126.91145037999999,0.21984732823871905,0.7520661157382953,0.2314049586705228,0.01652892562269999,0.03511450381368268,0.12519083969432315,0.12366412213973799,0.08854961832605532,0.004580152671033479,0.18625954192139738,0.010687022901018924,0.007633587786026201,0.001526717557496361,0.01984732823871907,0.00610687022852984,0.013740458014556041,0.248,0.320552147,0.420962199,0.741514347,0.273755656,18.6259542,8.854961832,602,687,122,0.22270742358078602,0.7131147540983607,0.27049180327868855,0.01639344262295082,0.04512372634643377,0.1572052401746725,0.14264919941775836,0.09606986899563319,0.001455604075691412,0.19941775836972345,0.017467248908296942,0.010189228529839884,0.0,0.04512372634643377,0.005822416302765648,0.039301310043668124,0.254,0.336,0.47,0.806,0.277,19.9,9.6,,,,,,,,,
10,Manny Machado,SDP,152,533.9159021,601,113.95107035999999,0.23547400615640598,0.7661290320853815,0.22580645156477847,0.008064516130447693,0.045871559633943425,0.1330275229284526,0.14220183485856905,0.09785932722129784,0.012232415901830284,0.18501529051580698,0.004587155963394343,0.007645259938435941,0.0015290519883527454,0.013761467890183027,0.0061162079517470885,0.007645259938435941,0.266,0.338437979,0.471600688,0.810038667,0.285057471,18.50152905,9.785932722,543,601,110,0.23294509151414308,0.8090909090909091,0.19090909090909092,0.0,0.04991680532445923,0.12479201331114809,0.15141430948419302,0.08319467554076539,0.0016638935108153079,0.18136439267886856,0.0033277870216306157,0.009983361064891847,0.0,0.004991680532445923,0.0033277870216306157,0.0016638935108153079,0.258,0.319,0.462,0.782,0.268,18.1,8.3,,,,,,,,,
11,Jose Ramirez,CLE,151,607.1459293,691,131.61904766,0.2350230415340087,0.693548386900705,0.27419354828661124,0.032258064508776434,0.04454685099855282,0.1443932411722142,0.1443932411722142,0.10138248848046309,0.015360983096960927,0.13210445468885673,0.009216589861070911,0.009216589861070911,0.0,0.033794162821997105,0.009216589861070911,0.024577572966714905,0.267,0.346153846,0.493006993,0.839160839,0.267818575,13.21044547,10.13824885,611,691,148,0.24891461649782923,0.722972972972973,0.24324324324324326,0.033783783783783786,0.03473227206946455,0.12590448625180897,0.11577424023154848,0.10564399421128799,0.03183791606367583,0.10564399421128799,0.001447178002894356,0.008683068017366137,0.0,0.04052098408104197,0.008683068017366137,0.03183791606367583,0.282,0.356,0.475,0.831,0.285,10.6,10.6,,,,,,,,,
12,Paul Goldschmidt,STL,152,598.3548387,687,128.74654375,0.23655913973799128,0.7622950821155539,0.22950819679771015,0.016393442623969467,0.049155145924308585,0.14132104454148472,0.14439324116448327,0.11367127496360989,0.004608294931586608,0.21044546855895196,0.006144393241630276,0.006144393241630276,0.001536098310043668,0.009216589861717613,0.003072196620087336,0.006144393241630276,0.272,0.357473035,0.499118166,0.856591201,0.303482587,21.04454685,11.3671275,593,687,134,0.2314410480349345,0.7686567164179104,0.23134328358208955,0.0,0.036390101892285295,0.12954876273653565,0.11644832605531295,0.12663755458515283,0.008733624454148471,0.23435225618631733,0.004366812227074236,0.004366812227074236,0.0,0.01601164483260553,0.002911208151382824,0.013100436681222707,0.268,0.363,0.447,0.81,0.327,23.4,12.7,,,,,,,,,
13,Austin Riley,ATL,152,637.0199693,715,135.09216586,0.23809523804195803,0.7398373985918417,0.24390243912549558,0.024390243912549556,0.049155145930069935,0.13671274962237762,0.1428571427972028,0.08602150537062937,0.006144393240559441,0.24731182797202797,0.015360983104895105,0.0076804915510489515,0.0,0.0015360983104895107,0.0,0.0015360983104895107,0.267,0.339477727,0.496551724,0.836029451,0.31377551,24.7311828,8.602150538,636,715,142,0.25034965034965034,0.7535211267605634,0.22535211267605634,0.02112676056338028,0.05174825174825175,0.16363636363636364,0.13566433566433567,0.08251748251748252,0.005594405594405594,0.24055944055944056,0.012587412587412588,0.015384615384615385,0.0,0.004195804195804196,0.0013986013986013986,0.002797202797202797,0.281,0.345,0.516,0.861,0.324,24.1,8.3,,,,,,,,,
14,Dansby Swanson,CHC,151,574.0030864,638,121.10185187,0.2253086420062696,0.7317073169543431,0.25203252030170625,0.024390243901230606,0.0354938271630094,0.12345679012539185,0.12037037037617554,0.08024691357366771,0.0015432098761755486,0.25771604937304077,0.007716049382445141,0.0061728395062695925,0.004629629630094044,0.02006172840125392,0.0061728395062695925,0.013888888888714732,0.251,0.315217391,0.433962264,0.749179655,0.309823678,25.77160494,8.024691358,565,638,116,0.21630094043887146,0.7586206896551724,0.21551724137931033,0.02586206896551724,0.034482758620689655,0.12695924764890282,0.12539184952978055,0.10344827586206896,0.0,0.2413793103448276,0.007836990595611285,0.003134796238244514,0.0,0.014106583072100314,0.001567398119122257,0.012539184952978056,0.244,0.328,0.416,0.744,0.297,24.1,10.3,,,,,,,,,
15,Aaron Judge,NYY,149,384.3802164,458,77.86707887,0.2333848532751092,0.7363636359818668,0.24545454532728897,0.01818181817714822,0.06336939722707423,0.15765069552401748,0.1622874806768559,0.14374034002183408,0.015455950541484716,0.26893353951965066,0.00927357032532751,0.0061823802161572045,0.0,0.013910355486899563,0.004636785161572052,0.00927357032532751,0.278,0.386996904,0.561694291,0.948691195,0.331325301,26.89335394,14.374034,367,458,61,0.21397379912663755,0.7377049180327869,0.26229508196721313,0.0,0.08078602620087336,0.17248908296943233,0.16375545851528384,0.19213973799126638,0.019650655021834062,0.2838427947598253,0.0,0.006550218340611353,0.0,0.006550218340611353,0.002183406113537118,0.004366812227074236,0.267,0.406,0.613,1.019,0.3,28.4,19.2,,,,,,,,,
16,Mookie Betts,LAD,145,605.972093,693,132.15348837,0.2356589147186147,0.707317073146739,0.2682926829046821,0.016260162599595857,0.0449612403030303,0.14883720923520924,0.13953488372294373,0.1054263565945166,0.003100775193362193,0.18139534877344876,0.012403100774891774,0.0077519379841269834,0.0015503875974025973,0.018604651168831168,0.006201550388167388,0.012403100774891774,0.269,0.353488372,0.487588652,0.841077025,0.290780142,18.13953488,10.54263566,584,693,140,0.2582972582972583,0.7071428571428572,0.2857142857142857,0.007142857142857143,0.05627705627705628,0.18181818181818182,0.1544011544011544,0.13852813852813853,0.004329004329004329,0.1544011544011544,0.011544011544011544,0.007215007215007215,0.0,0.020202020202020204,0.004329004329004329,0.015873015873015872,0.307,0.408,0.579,0.987,0.316,15.4,13.9,,,,,,,,,
17,Rafael Devers,BOS,148,588.6656299,656,129.56765166,0.24727838262195123,0.7244094486353678,0.2598425196309528,0.015748031494422162,0.04976671850609757,0.13530326594512196,0.1477449455640244,0.08709175739329268,0.010886469673780489,0.18973561432926828,0.009331259719512194,0.006220839814024389,0.0,0.006220839814024389,0.0031104199070121946,0.0031104199070121946,0.275,0.3437014,0.506065858,0.849767258,0.297423888,18.97356143,8.709175739,580,656,124,0.23932926829268292,0.7258064516129032,0.27419354838709675,0.0,0.05030487804878049,0.13719512195121952,0.1524390243902439,0.09451219512195122,0.01524390243902439,0.19207317073170732,0.01676829268292683,0.004573170731707317,0.0,0.007621951219512195,0.001524390243902439,0.006097560975609756,0.271,0.351,0.5,0.851,0.292,19.2,9.5,,,,,,,,,
18,Bryan Reynolds,PIT,150,562.8794992,640,132.20657281,0.241001565,0.7348484846484994,0.23484848476195816,0.03030303029454954,0.034428794984375,0.128325508609375,0.13145539906249998,0.100156494515625,0.007824726134375,0.20970266046875002,0.0140845070421875,0.0062597809078125,0.0,0.0109546165890625,0.003129890453125,0.007824726134375,0.274,0.355242567,0.460854093,0.816096659,0.32195122,20.97026604,10.01564945,574,640,127,0.2359375,0.7165354330708661,0.2440944881889764,0.03937007874015748,0.0375,0.1328125,0.13125,0.0828125,0.003125,0.215625,0.0109375,0.009375,0.0,0.01875,0.0015625,0.0171875,0.263,0.33,0.46,0.79,0.304,21.6,8.3,,,,,,,,,
19,Nolan Arenado,STL,150,550.6081505,612,114.15047018000001,0.22570532908496735,0.7563025212586995,0.23529411773466247,0.016806722696584515,0.039184952973856206,0.11912225705882352,0.1300940438888889,0.08463949843137254,0.006269592477124183,0.1316614420098039,0.006269592477124183,0.009404388714052287,0.0015673981192810458,0.004702194357843138,0.0031347962385620915,0.0015673981192810458,0.251,0.31661442,0.43902439,0.75563881,0.252653928,13.1661442,8.463949843,560,612,123,0.2434640522875817,0.7723577235772358,0.21138211382113822,0.016260162601626018,0.042483660130718956,0.11601307189542484,0.15196078431372548,0.06699346405228758,0.008169934640522876,0.1650326797385621,0.004901960784313725,0.013071895424836602,0.0,0.004901960784313725,0.004901960784313725,0.0,0.266,0.315,0.459,0.774,0.279,16.5,6.7,,,,,,,,,
20,Bobby Witt Jr.,KCR,148,639.4402516,694,144.03773582,0.2437106917867435,0.7045454548578727,0.25757575762204177,0.04545454546148808,0.03616352201729107,0.1336477987463977,0.12264150943804035,0.059748427680115276,0.0031446540878962534,0.21069182391930835,0.00943396226368876,0.007861635220461094,0.001572327044668588,0.039308176095100865,0.007861635220461094,0.03144654087896254,0.264,0.313385827,0.462457338,0.775843165,0.304147465,21.06918239,5.974842767,641,694,147,0.25504322766570603,0.7346938775510204,0.19047619047619047,0.07482993197278912,0.043227665706051875,0.13976945244956773,0.138328530259366,0.05763688760806916,0.001440922190201729,0.17435158501440923,0.005763688760806916,0.011527377521613832,0.001440922190201729,0.07060518731988473,0.021613832853025938,0.04899135446685879,0.276,0.319,0.495,0.813,0.295,17.4,5.8,,,,,,,,,
21,Ronald Acuna Jr.,ATL,143,631.6587678,735,134.69194313999998,0.2322274881632653,0.7155172412935464,0.2672413792604225,0.017241379312392925,0.04897314375510204,0.16113744081632653,0.13270142179591837,0.11848341232653062,0.00789889415510204,0.25118483414965986,0.01579778831292517,0.004739336492517007,0.001579778831292517,0.04897314375510204,0.014218009482993198,0.034755134285714286,0.27,0.367088608,0.505514706,0.872603313,0.324929972,25.11848341,11.84834123,643,735,176,0.29523809523809524,0.7784090909090909,0.19886363636363635,0.022727272727272728,0.055782312925170066,0.20272108843537415,0.14421768707482993,0.10884353741496598,0.004081632653061225,0.11428571428571428,0.012244897959183673,0.004081632653061225,0.0,0.09931972789115646,0.01904761904761905,0.08027210884353742,0.337,0.416,0.596,1.012,0.338,11.4,10.9,,,,,,,,,
22,Xander Bogaerts,SDP,148,589.3601896,665,140.77409158999998,0.2401263822556391,0.7537313436127854,0.23134328364093268,0.014925373136978951,0.028436018962406016,0.126382306481203,0.11848341231578947,0.09320695102255638,0.0031595576616541355,0.18325434436090224,0.009478672986466164,0.007898894154887218,0.0015797788315789472,0.007898894154887218,0.0031595576616541355,0.004739336493233082,0.27,0.343898574,0.429590018,0.773488592,0.310185185,18.32543444,9.320695103,596,665,151,0.2556390977443609,0.7814569536423841,0.2052980132450331,0.013245033112582781,0.02857142857142857,0.12481203007518797,0.08721804511278196,0.08421052631578947,0.0,0.16541353383458646,0.010526315789473684,0.009022556390977444,0.0,0.02857142857142857,0.0030075187969924814,0.02556390977443609,0.285,0.35,0.44,0.79,0.319,16.5,8.4,,,,,,,,,
23,Alex Bregman,HOU,148,617.2931854,724,129.65451663000002,0.2171156893646409,0.7256637168953826,0.26548672568214565,0.008849557522738187,0.038034865290055245,0.1315372424723757,0.1251980982596685,0.1251980982596685,0.0031695721077348066,0.14896988908839778,0.012678288430939226,0.00950871632320442,0.0015847860538674033,0.0031695721077348066,0.0015847860538674033,0.0015847860538674033,0.256,0.354992076,0.44795539,0.802947466,0.265258216,14.89698891,12.51980983,622,724,138,0.22513812154696133,0.7681159420289855,0.2028985507246377,0.028985507246376812,0.034530386740331494,0.14226519337016574,0.13535911602209943,0.1270718232044199,0.0013812154696132596,0.12016574585635359,0.011049723756906077,0.0027624309392265192,0.0,0.004143646408839779,0.0013812154696132596,0.0027624309392265192,0.262,0.363,0.441,0.804,0.27,12.0,12.7,,,,,,,,,
24,Jose Altuve,HOU,144,363.866878,410,81.22028526,0.23613312202439024,0.7520000000551587,0.22400000002166945,0.01599999999803005,0.03803486529268293,0.13787638668292682,0.12361331219512195,0.09667194929268293,0.0015847860536585365,0.17274167987804878,0.009508716324390244,0.00475435816097561,0.0015847860536585365,0.01584786053902439,0.00475435816097561,0.01109350237804878,0.266,0.342857143,0.45,0.792857143,0.290697674,17.27416799,9.667194929,360,410,95,0.2731707317073171,0.7578947368421053,0.22105263157894736,0.021052631578947368,0.041463414634146344,0.18536585365853658,0.12439024390243902,0.1073170731707317,0.0,0.17317073170731706,0.012195121951219513,0.0024390243902439024,0.0,0.03414634146341464,0.004878048780487805,0.02926829268292683,0.311,0.393,0.522,0.915,0.348,17.3,10.7,,,,,,,,,
25,Kyle Tucker,HOU,152,601.2507937,674,128.3809524,0.2380952381305638,0.6999999999221067,0.27499999992210683,0.024999999999999998,0.047619047626112763,0.14603174603857566,0.1412698412759644,0.09206349206231454,0.00793650793620178,0.17460317462908012,0.006349206348664688,0.009523809523738871,0.0,0.026984126988130564,0.00793650793620178,0.019047619050445105,0.267,0.336507937,0.496441281,0.832949218,0.280373832,17.46031746,9.206349206,574,674,134,0.24183976261127596,0.6865671641791045,0.27611940298507465,0.03731343283582089,0.04302670623145401,0.14391691394658754,0.1661721068249258,0.11869436201780416,0.013353115727002967,0.13649851632047477,0.004451038575667656,0.01483679525222552,0.0,0.04451038575667656,0.00741839762611276,0.037091988130563795,0.284,0.369,0.517,0.886,0.289,13.6,11.9,,,,,,,,,
26,Julio Rodriguez,SEA,145,641.1196172,714,146.89952152,0.24880382773109247,0.7441860468219175,0.22480620153350106,0.031007751937298482,0.043062200952380954,0.1435406698879552,0.12759170654061625,0.08293460924369749,0.007974481658263305,0.23763955336134454,0.014354066988795518,0.004784688995798319,0.0015948963319327733,0.03189792663865546,0.007974481658263305,0.023923444971988797,0.278,0.346092504,0.486678508,0.832771012,0.330769231,23.76395534,8.293460925,654,714,148,0.25210084033613445,0.7364864864864865,0.25,0.013513513513513514,0.04481792717086835,0.14285714285714285,0.14425770308123248,0.06582633053221289,0.008403361344537815,0.24509803921568626,0.015406162464985995,0.0028011204481792717,0.0,0.05182072829131653,0.014005602240896359,0.037815126050420166,0.275,0.333,0.485,0.818,0.33,24.5,6.6,,,,,,,,,
28,Cedric Mullins,BAL,145,409.9361022,455,88.67412145,0.2252396167032967,0.7377049176279151,0.22950819661038774,0.032786885231666424,0.030351437692307692,0.13099041534065933,0.10543130991208792,0.07827476037362638,0.0031948881780219777,0.18530351437362635,0.011182108626373628,0.006389776358241758,0.0031948881780219777,0.04472843450549451,0.009584664536263736,0.03514376997802198,0.25,0.315705128,0.414893617,0.730598745,0.281755196,18.53035144,7.827476038,404,455,79,0.20659340659340658,0.6708860759493671,0.2911392405063291,0.0379746835443038,0.03296703296703297,0.11208791208791209,0.16263736263736264,0.0945054945054945,0.002197802197802198,0.22197802197802197,0.002197802197802198,0.008791208791208791,0.006593406593406593,0.041758241758241756,0.006593406593406593,0.035164835164835165,0.233,0.305,0.416,0.721,0.271,22.2,9.5,,,,,,,,,
29,Amed Rosario,CLE,146,511.864,545,134.28799999999998,0.2608,0.7792207792207794,0.19480519480519484,0.025974025974025976,0.0144,0.12000000000000001,0.1056,0.048,0.0,0.168,0.0064,0.0064,0.0016,0.0224,0.0064,0.016,0.278,0.3152,0.388415673,0.703615673,0.322851153,16.8,4.8,510,545,128,0.24587155963302754,0.7421875,0.1953125,0.0625,0.011009174311926606,0.12844036697247707,0.10642201834862386,0.05321100917431193,0.0,0.181651376146789,0.005504587155963303,0.005504587155963303,0.0,0.027522935779816515,0.003669724770642202,0.023853211009174313,0.263,0.305,0.378,0.683,0.314,18.2,5.3,,,,,,,,,
30,Willy Adames,MIL,145,572.5641026,638,112.46794867,0.2211538460815047,0.7272727275394699,0.25454545466993445,0.018181818190709607,0.04487179487460815,0.12820512819749216,0.1330128205172414,0.09134615384012539,0.0032051282053291536,0.272435897492163,0.004807692307210031,0.004807692307210031,0.0016025641018808778,0.01121794871786834,0.004807692307210031,0.006410256410658307,0.247,0.317817014,0.453571429,0.771388443,0.301369863,27.24358974,9.134615385,553,638,96,0.18808777429467086,0.6770833333333334,0.3020833333333333,0.020833333333333332,0.03761755485893417,0.11442006269592477,0.12539184952978055,0.11128526645768025,0.001567398119122257,0.25862068965517243,0.009404388714733543,0.009404388714733543,0.0,0.007836990595611285,0.004702194357366771,0.003134796238244514,0.217,0.31,0.407,0.717,0.259,25.9,11.1,,,,,,,,,
31,Matt Chapman,TOR,150,508.375,581,85.66025639,0.1955128204819277,0.6847826089024854,0.2934782609748852,0.021739130437828005,0.04807692308089501,0.13141025640275386,0.13621794872633392,0.10737179487091221,0.0,0.28525641032702237,0.012820512820998279,0.006410256409638554,0.0,0.004807692308089501,0.0016025641032702237,0.003205128204819277,0.224,0.3152,0.445054945,0.760254945,0.269005848,28.52564103,10.73717949,509,581,105,0.2099827882960413,0.6095238095238096,0.37142857142857144,0.01904761904761905,0.029259896729776247,0.11359724612736662,0.09294320137693632,0.10671256454388985,0.0017211703958691911,0.28399311531841653,0.013769363166953529,0.0034423407917383822,0.0,0.0068846815834767644,0.0034423407917383822,0.0034423407917383822,0.24,0.33,0.424,0.755,0.319,28.4,10.7,,,,,,,,,
32,Christian Yelich,MIL,144,537.8076923,632,121.53846150999999,0.21634615379746835,0.766666666850422,0.20833333337790086,0.025000000002056964,0.024038461534810127,0.13141025640822784,0.0961538461550633,0.1330128205063291,0.006410256409810127,0.22916666661392404,0.00961538461550633,0.004807692306962025,0.0016025641028481015,0.02564102564873418,0.006410256409810127,0.019230769224683544,0.255,0.359550562,0.397363465,0.756914027,0.319148936,22.91666667,13.30128205,550,632,134,0.24208860759493672,0.7388059701492538,0.2537313432835821,0.007462686567164179,0.030063291139240507,0.16772151898734178,0.12025316455696203,0.12341772151898735,0.011075949367088608,0.22151898734177214,0.004746835443037975,0.0015822784810126582,0.0,0.04430379746835443,0.004746835443037975,0.03955696202531646,0.278,0.37,0.447,0.818,0.342,22.2,12.3,,,,,,,,,
34,Randy Arozarena,TBR,145,583.2116317,654,125.72859447000002,0.22617124388379206,0.7394957985646206,0.24369747907514325,0.02521008404143341,0.03392568659021407,0.13570274636085627,0.11308562197247705,0.079159935382263,0.0032310177706422016,0.23747980611620798,0.022617124388379206,0.006462035541284403,0.0016155088853211008,0.04361873990825688,0.012924071082568806,0.030694668822629965,0.254,0.327948304,0.432971014,0.760919318,0.306701031,23.74798061,7.915993538,551,654,117,0.21406727828746178,0.811965811965812,0.1623931623931624,0.02564102564102564,0.035168195718654434,0.1452599388379205,0.12691131498470948,0.12232415902140673,0.0015290519877675841,0.23853211009174313,0.027522935779816515,0.00764525993883792,0.0,0.03363914373088685,0.01529051987767584,0.01834862385321101,0.254,0.364,0.425,0.789,0.31,23.9,12.2,,,,,,,,,
35,Corey Seager,TEX,143,474.420712,536,107.54692555999999,0.24595469253731342,0.7338709677569327,0.25000000000000006,0.008064516130831922,0.04530744335820895,0.1294498381902985,0.14239482201492537,0.0954692556716418,0.008090614886194029,0.17152103559701493,0.01132686084141791,0.008090614886194029,0.0,0.0032362459552238805,0.0016181229776119402,0.0016181229776119402,0.277,0.352750809,0.489945155,0.842695964,0.296650718,17.15210356,9.546925566,477,536,123,0.291044776119403,0.6585365853658537,0.34146341463414637,0.0,0.061567164179104475,0.16417910447761194,0.1791044776119403,0.0914179104477612,0.016791044776119403,0.16417910447761194,0.007462686567164179,0.011194029850746268,0.0,0.0037313432835820895,0.0018656716417910447,0.0018656716417910447,0.327,0.39,0.623,1.013,0.34,16.4,9.1,,,,,,,,,
36,Kyle Schwarber,PHI,144,615.1456311,720,99.02912621000002,0.2038834951388889,0.7058823529530563,0.2823529412014187,0.011764705885916953,0.06634304206944444,0.14724919097222222,0.16666666666666666,0.12944983819444444,0.006472491909722222,0.2896440129166667,0.011326860841666668,0.004854368931944445,0.0,0.006472491909722222,0.0032362459541666667,0.0032362459541666667,0.238,0.344660194,0.520833333,0.865493528,0.273311897,28.96440129,12.94498382,585,720,68,0.1597222222222222,0.7058823529411765,0.27941176470588236,0.014705882352941176,0.06527777777777778,0.15,0.14444444444444443,0.175,0.006944444444444444,0.2986111111111111,0.008333333333333333,0.004166666666666667,0.0,0.0,0.002777777777777778,-0.002777777777777778,0.197,0.343,0.474,0.817,0.209,29.9,17.5,,,,,,,,,
37,Jake Cronenworth,SDP,146,460.3398058,522,100.51456309999999,0.2216828478927203,0.7394957983954069,0.22689075629081656,0.03361344538341828,0.02912621360153257,0.1229773462835249,0.11650485436781609,0.09385113268199234,0.0032362459540229887,0.17475728155172413,0.014563106796934866,0.00809061488697318,0.0016181229770114943,0.00809061488697318,0.0016181229770114943,0.006472491909961686,0.251,0.330632091,0.414678899,0.74531099,0.280660377,17.47572816,9.385113269,458,522,95,0.20114942528735633,0.6736842105263158,0.25263157894736843,0.07368421052631578,0.019157088122605363,0.10344827586206896,0.09195402298850575,0.08812260536398467,0.0038314176245210726,0.18582375478927204,0.0210727969348659,0.009578544061302681,0.0019157088122605363,0.011494252873563218,0.0019157088122605363,0.009578544061302681,0.229,0.312,0.378,0.689,0.267,18.6,8.8,,,,,,,,,
39,Carlos Correa,MIN,143,509.4975689,580,116.56401946999999,0.2366288493103448,0.7580645159782083,0.22580645159353135,0.01612903225668081,0.035656401948275865,0.12803889789655173,0.12155591572413793,0.10534846029310345,0.004862236629310345,0.19448946517241378,0.00810372771551724,0.00810372771551724,0.0016207455431034483,0.0016207455431034483,0.0,0.0016207455431034483,0.269,0.350081037,0.450184502,0.800265539,0.30617284,19.44894652,10.53484603,514,580,100,0.20344827586206896,0.69,0.29,0.02,0.03103448275862069,0.10344827586206896,0.11206896551724138,0.10172413793103448,0.005172413793103448,0.22586206896551725,0.006896551724137931,0.005172413793103448,0.0,0.0,0.0,0.0,0.23,0.312,0.399,0.711,0.272,22.6,10.2,,,,,,,,,
40,Christian Walker,ARI,147,584.9367909,661,118.91572121,0.2188006482602118,0.7297297299047344,0.25225225230755677,0.01801801802316967,0.03889789302571861,0.11993517018154312,0.136142625612708,0.09562398703479577,0.0032414910862329804,0.21231766611195158,0.011345218800302571,0.008103727714069591,0.0016207455431164902,0.0032414910862329804,0.0016207455431164902,0.0016207455431164902,0.248,0.325769854,0.437728938,0.763498792,0.28030303,21.23176661,9.562398703,582,661,117,0.22692889561270801,0.6752136752136753,0.3076923076923077,0.017094017094017096,0.049924357034795766,0.13010590015128592,0.15582450832072617,0.09379727685325265,0.0045385779122541605,0.19213313161875945,0.012102874432677761,0.012102874432677761,0.0,0.01664145234493192,0.0,0.01664145234493192,0.258,0.333,0.497,0.83,0.272,19.2,9.4,,,,,,,,,
41,Nathaniel Lowe,TEX,146,643.9479675,724,147.15447154999998,0.23577235773480662,0.7759999998450609,0.2,0.023999999998640886,0.03252032520718232,0.12195121951657459,0.11544715447513813,0.0975609756077348,0.00487804878038674,0.2227642276243094,0.006504065040055249,0.006504065040055249,0.0,0.006504065040055249,0.0016260162596685081,0.00487804878038674,0.266,0.339837398,0.431444241,0.77128164,0.317258883,22.27642276,9.756097561,623,724,146,0.22513812154696133,0.7191780821917808,0.2602739726027397,0.02054794520547945,0.023480662983425413,0.12292817679558012,0.1132596685082873,0.12845303867403315,0.0027624309392265192,0.22790055248618785,0.006906077348066298,0.004143646408839779,0.0,0.0013812154696132596,0.0,0.0013812154696132596,0.262,0.36,0.414,0.775,0.329,22.8,12.8,,,,,,,,,
42,Brandon Nimmo,NYM,140,579.8110749,682,142.17589577,0.2280130293255132,0.7578124999071353,0.20312500001208889,0.031250000001318785,0.019543973944281527,0.13029315960410556,0.09934853420821115,0.12214983714076247,0.001628664495601173,0.17752442991202344,0.021172638431085043,0.004885993485337243,0.0032573289897360703,0.009771986970674487,0.0032573289897360703,0.0065146579809384165,0.268,0.371941272,0.400383142,0.772324414,0.316831683,17.752443,12.21498371,592,682,138,0.2375366568914956,0.7391304347826086,0.21739130434782608,0.043478260869565216,0.03519061583577713,0.13049853372434017,0.09970674486803519,0.10850439882697947,0.0,0.21407624633431085,0.016129032258064516,0.005865102639296188,0.001466275659824047,0.004398826979472141,0.004398826979472141,0.0,0.274,0.363,0.466,0.829,0.324,21.4,10.9,,,,,,,,,
43,Steven Kwan,CLE,142,639.6514658,718,170.729641655,0.24755700320334262,0.7739726026428413,0.1917808219627403,0.027397260280391467,0.00977198697075209,0.11889250814763232,0.09446254071030641,0.08957654722841225,0.0032573289902506964,0.10097719869080779,0.00977198697075209,0.006514657980501393,0.0032573289902506964,0.02117263844011142,0.004885993484679666,0.016286644944289694,0.277,0.348039216,0.374771481,0.722810696,0.302277433,10.09771987,8.957654723,638,718,166,0.2381615598885794,0.7409638554216867,0.21686746987951808,0.04216867469879518,0.006963788300835654,0.12952646239554316,0.07520891364902507,0.09749303621169916,0.002785515320334262,0.10445682451253482,0.004178272980501393,0.008356545961002786,0.001392757660167131,0.02924791086350975,0.004178272980501393,0.025069637883008356,0.268,0.34,0.37,0.71,0.294,10.4,9.7,,,,,,,,,
44,Adolis Garcia,TEX,144,581.3158756,632,108.60883795999999,0.21276595743670884,0.7142857143777879,0.2571428571981013,0.028571428571428574,0.040916530284810126,0.12274959083860759,0.1194762684177215,0.060556464810126574,0.001636661210443038,0.2962356792721519,0.009819967267405064,0.006546644844936709,0.001636661210443038,0.026186579382911395,0.008183306055379747,0.01800327332278481,0.23,0.28407225,0.423487544,0.707559794,0.291666667,29.62356792,6.055646481,555,632,97,0.21518987341772153,0.7010309278350515,0.29896907216494845,0.0,0.061708860759493674,0.17088607594936708,0.16930379746835442,0.10284810126582279,0.0,0.27689873417721517,0.00949367088607595,0.00949367088607595,0.0,0.014240506329113924,0.0015822784810126582,0.012658227848101266,0.245,0.328,0.508,0.836,0.28,27.7,10.3,,,,,,,,,
45,Shohei Ohtani,LAA,143,518.3464696,599,107.21018064,0.2364532020033389,0.7155963301434467,0.2568807339526557,0.027522935773312954,0.05747126437395659,0.16091954023372287,0.14778325123539232,0.11822660098497495,0.016420361248747913,0.2561576353923205,0.008210180624373956,0.006568144499165276,0.0,0.03448275861435726,0.009852216749582638,0.02463054186978297,0.274,0.363486842,0.537001898,0.90048874,0.320588235,25.61576355,11.8226601,497,599,107,0.25208681135225375,0.6822429906542056,0.24299065420560748,0.07476635514018691,0.07345575959933222,0.17028380634390652,0.15859766277128548,0.15191986644407346,0.035058430717863104,0.2387312186978297,0.005008347245409015,0.005008347245409015,0.0,0.0333889816360601,0.01001669449081803,0.02337228714524207,0.304,0.412,0.654,1.066,0.342,23.9,15.2,,,,,,,,,
46,Alec Bohm,PHI,148,562.8423645,611,138.45320202,0.2512315271685761,0.7826086953507065,0.2028985506304291,0.014492753614395608,0.024630541865793783,0.11658456486088378,0.11330049261865793,0.06239737274959083,0.0,0.18390804599018004,0.00656814449918167,0.00821018062356792,0.001642036124386252,0.00656814449918167,0.001642036124386252,0.004926108374795418,0.272,0.320723684,0.409982175,0.730705859,0.314350797,18.3908046,6.239737274,558,611,133,0.25040916530278234,0.7669172932330827,0.23308270676691728,0.0,0.03273322422258593,0.12111292962356793,0.15875613747954173,0.06873977086743044,0.0016366612111292963,0.15384615384615385,0.008183306055646482,0.009819967266775777,0.0,0.006546644844517185,0.0016366612111292963,0.004909983633387889,0.274,0.327,0.437,0.765,0.296,15.4,6.9,,,,,,,,,
47,Ian Happ,CHC,145,606.620462,691,127.70957099999998,0.21617161722141823,0.7321428569359145,0.24107142846795723,0.026785714275087497,0.03135313531114327,0.12046204620839362,0.11221122112879883,0.10231023102749638,0.004950495049204052,0.24587458740955137,0.009900990098408105,0.006600660066570187,0.0033003300332850936,0.013201320131693197,0.004950495049204052,0.008250825082489147,0.246,0.329470199,0.415413534,0.744883733,0.304347826,24.58745875,10.2310231,580,691,123,0.20839363241678727,0.6829268292682927,0.2845528455284553,0.032520325203252036,0.030390738060781478,0.12445730824891461,0.12156295224312591,0.14327062228654125,0.002894356005788712,0.22141823444283648,0.008683068017366137,0.008683068017366137,0.0,0.020260492040520984,0.004341534008683068,0.015918958031837915,0.248,0.36,0.431,0.791,0.299,22.1,14.3,,,,,,,,,
48,Eugenio Suarez,SEA,144,603.3785124,694,94.06280994,0.1818181818443804,0.7317073168864766,0.25609756093152924,0.0,0.04628099172910663,0.1140495867723343,0.13057851239193083,0.11074380165706052,0.0016528925619596541,0.3272727272334294,0.013223140495677233,0.006611570247838617,0.0016528925619596541,0.0016528925619596541,0.0,0.0016528925619596541,0.209,0.305785124,0.406844106,0.71262923,0.269736842,32.72727273,11.07438017,598,694,117,0.20028818443804033,0.7521367521367521,0.24786324786324787,0.0,0.03170028818443804,0.09798270893371758,0.138328530259366,0.10086455331412104,0.0,0.30835734870317005,0.021613832853025938,0.01585014409221902,0.0,0.002881844380403458,0.001440922190201729,0.001440922190201729,0.232,0.323,0.391,0.714,0.314,30.8,10.1,,,,,,,,,
49,Anthony Santander,BAL,141,593.1107438,656,112.76694210000001,0.21983471067073174,0.7211538464693369,0.25961538474669693,0.009615384622547107,0.04793388429878049,0.11900826446646341,0.14049586777439024,0.07438016528963415,0.00330578512347561,0.1966942149390244,0.01322314049542683,0.00826446280945122,0.0016528925625000001,0.0016528925625000001,0.0,0.0016528925625000001,0.243,0.307438017,0.453382084,0.760820101,0.257425743,19.66942149,7.438016529,591,656,124,0.23170731707317074,0.6612903225806451,0.33064516129032256,0.008064516129032258,0.042682926829268296,0.12347560975609756,0.1448170731707317,0.08384146341463415,0.001524390243902439,0.23170731707317074,0.009146341463414634,0.006097560975609756,0.0,0.007621951219512195,0.001524390243902439,0.006097560975609756,0.257,0.325,0.472,0.797,0.299,23.2,8.4,,,,,,,,,
50,Ty France,SEA,140,593.4354305,665,137.62417216,0.23344370857142857,0.7840000001929893,0.20800000000523164,0.007999999997965473,0.02649006622556391,0.10927152317293234,0.10927152317293234,0.06622516556390978,0.0016556291383458648,0.1589403972932331,0.03145695363909774,0.006622516556390978,0.0016556291383458648,0.0,0.0,0.0,0.26,0.332225914,0.402597403,0.734823316,0.290023202,15.89403974,6.622516556,587,665,135,0.22105263157894736,0.762962962962963,0.23703703703703705,0.0,0.01804511278195489,0.11879699248120301,0.08721804511278196,0.06466165413533835,0.0,0.17593984962406015,0.05112781954887218,0.0015037593984962407,0.0,0.0015037593984962407,0.0,0.0015037593984962407,0.25,0.337,0.366,0.703,0.294,17.6,6.5,,,,,,,,,
51,Alex Verdugo,BOS,143,547.1821192,602,141.52980134,0.2533112583056479,0.753521126930736,0.22535211268600794,0.021126760559897213,0.01821192053156146,0.11754966887043189,0.10596026490033222,0.0761589403986711,0.004966887416943522,0.13576158940199334,0.006622516556478405,0.00827814569601329,0.0,0.006622516556478405,0.0016556291395348837,0.004966887416943522,0.279,0.336092715,0.408014572,0.744107287,0.30802603,13.57615894,7.61589404,546,602,131,0.23920265780730898,0.6793893129770993,0.2824427480916031,0.03816793893129771,0.02159468438538206,0.1345514950166113,0.08970099667774087,0.07475083056478406,0.0016611295681063123,0.15448504983388706,0.009966777408637873,0.008305647840531562,0.0,0.008305647840531562,0.0049833887043189366,0.0033222591362126247,0.264,0.324,0.421,0.745,0.294,15.4,7.5,,,,,,,,,
53,Wander Franco,TBR,140,445.3255814,491,114.18604647,0.25415282382892057,0.7357142860014111,0.24285714294597033,0.028571428583939483,0.02159468437881874,0.1212624584725051,0.11461794020366599,0.07807308969450102,0.003322259136456212,0.10132890364562118,0.006644518272912424,0.00830564784114053,0.0,0.0166112956802444,0.004983388704684318,0.011627906977596742,0.281,0.338870432,0.43040293,0.769273362,0.293501048,10.13289037,7.80730897,442,491,107,0.2525458248472505,0.7289719626168224,0.21495327102803738,0.056074766355140186,0.034623217922606926,0.13238289205702647,0.11812627291242363,0.0855397148676171,0.006109979633401222,0.14052953156822812,0.006109979633401222,0.008146639511201629,0.0,0.06109979633401222,0.020366598778004074,0.04073319755600815,0.281,0.344,0.475,0.819,0.297,14.1,8.6,,,,,,,,,
54,Michael Harris II,ATL,144,495.6633166,539,119.17587939,0.24958123951762523,0.7272727272803554,0.23484848488853258,0.03787878788145773,0.02847571189239332,0.13735343384044527,0.11222780569573283,0.0636515912987013,0.005025125628942486,0.2211055276437848,0.010050251256029685,0.005025125628942486,0.0016750418756957329,0.031825795640074206,0.006700167504638219,0.02512562814471243,0.272,0.323825503,0.438979964,0.762805467,0.327543424,22.11055276,6.365159129,505,539,130,0.274582560296846,0.7230769230769231,0.25384615384615383,0.023076923076923078,0.03339517625231911,0.14100185528756956,0.10575139146567718,0.04638218923933209,0.0018552875695732839,0.18738404452690166,0.00927643784786642,0.0055658627087198514,0.0018552875695732839,0.03710575139146568,0.0074211502782931356,0.029684601113172542,0.293,0.331,0.477,0.808,0.334,18.7,4.6,,,,,,,,,
55,Ozzie Albies,ATL,141,603.6180905,660,131.55778896,0.23618090454545457,0.7058823528741068,0.268907562977942,0.025210084033932822,0.03685092127272727,0.1340033500909091,0.12395309883333333,0.06700167504545455,0.003350083751515152,0.19095477393939395,0.00837520938030303,0.00837520938030303,0.0,0.028475711893939392,0.00837520938030303,0.020100502515151514,0.258,0.312080537,0.448717949,0.760798486,0.286746988,19.09547739,6.700167504,596,660,134,0.25303030303030305,0.7388059701492538,0.22388059701492538,0.03731343283582089,0.05,0.14545454545454545,0.16515151515151516,0.0696969696969697,0.0030303030303030303,0.1621212121212121,0.012121212121212121,0.012121212121212121,0.0,0.019696969696969695,0.0015151515151515152,0.01818181818181818,0.28,0.336,0.513,0.849,0.289,16.2,7.0,,,,,,,,,
56,Javier Baez,DET,142,507.5352349,547,109.216443,0.23322147659963438,0.7563025206744739,0.21848739488796573,0.02521008402553451,0.03355704698354662,0.11912751678244972,0.11409395972577696,0.050335570475319925,0.0016778523491773308,0.2567114093235832,0.011744966442413164,0.006711409396709323,0.0016778523491773308,0.021812080530164535,0.006711409396709323,0.015100671140767824,0.251,0.296296296,0.417721519,0.714017815,0.309895833,25.67114094,5.033557047,510,547,104,0.20658135283363802,0.7884615384615384,0.17307692307692307,0.038461538461538464,0.016453382084095063,0.10603290676416818,0.10786106032906764,0.043875685557586835,0.0,0.22851919561243145,0.016453382084095063,0.005484460694698354,0.0,0.021937842778793418,0.0,0.021937842778793418,0.222,0.267,0.325,0.593,0.274,22.9,4.4,,,,,,,,,
57,Yordan Alvarez,HOU,140,426.810084,496,94.19831936,0.2470588235887097,0.699115043956555,0.2743362831266547,0.017699115040771787,0.05714285713709678,0.15126050419354836,0.16470588235887096,0.12100840336693548,0.013445378151209678,0.2117647058467742,0.010084033612903226,0.008403361344758064,0.0,0.0016806722681451613,0.0,0.0016806722681451613,0.287,0.378151261,0.552734375,0.930885636,0.316526611,21.17647059,12.10084034,410,496,89,0.24193548387096775,0.7191011235955056,0.2696629213483146,0.011235955056179775,0.0625,0.15524193548387097,0.19556451612903225,0.13911290322580644,0.010080645161290322,0.18548387096774194,0.02620967741935484,0.008064516129032258,0.0,0.0,0.0,0.0,0.293,0.407,0.583,0.99,0.306,18.5,13.9,,,,,,,,,
58,Josh Bell,CLE,142,535.0789916,617,122.36302518000001,0.22857142852512155,0.7627118645743831,0.2203389831228754,0.008474576273956745,0.03025210084278768,0.12268907562398705,0.12436974789303079,0.11428571427876823,0.005042016807131281,0.1697478991896272,0.008403361345218801,0.008403361345218801,0.0,0.00168067226904376,0.0,0.00168067226904376,0.263,0.351851852,0.420542636,0.772394488,0.293532338,16.97478992,11.42857143,547,617,113,0.2188006482982172,0.7522123893805309,0.24778761061946902,0.0,0.03565640194489465,0.08427876823338736,0.11993517017828201,0.10210696920583469,0.0032414910858995136,0.2171799027552674,0.0032414910858995136,0.004862236628849271,0.0,0.0,0.0016207455429497568,-0.0016207455429497568,0.247,0.325,0.419,0.744,0.287,21.7,10.2,,,,,,,,,
59,J.P. Crawford,SEA,145,563.8888889,638,129.96296293,0.2121212120689655,0.7933884298678016,0.19008264464781233,0.016528925622887075,0.008417508416927899,0.09932659932601881,0.07407407407523511,0.09595959595611285,0.0016835016833855801,0.14646464645768026,0.011784511785266457,0.0067340067335423205,0.0016835016833855801,0.008417508416927899,0.0033670033667711602,0.00505050505015674,0.24,0.320404722,0.32,0.640404722,0.276887872,14.64646465,9.595959596,534,638,123,0.2225705329153605,0.7154471544715447,0.2845528455284553,0.0,0.029780564263322883,0.14733542319749215,0.10188087774294671,0.14733542319749215,0.001567398119122257,0.19592476489028213,0.007836990595611285,0.003134796238244514,0.004702194357366771,0.003134796238244514,0.0,0.003134796238244514,0.266,0.38,0.438,0.818,0.314,19.6,14.7,,,,,,,,,
60,Andrew Vaughn,CHW,143,553.8111298,615,127.56323781,0.2394603710569106,0.7560975607538164,0.22764227632142758,0.00813008129775379,0.03204047217886179,0.11804384486178862,0.11973018549593496,0.0758853288292683,0.0016863406406504066,0.17875210796747967,0.015177065767479674,0.006745362562601626,0.0016863406406504066,0.0016863406406504066,0.0,0.0016863406406504066,0.265,0.331081081,0.426966292,0.758047373,0.297820823,17.87521079,7.588532884,566,615,125,0.23739837398373984,0.744,0.24,0.016,0.03414634146341464,0.10894308943089431,0.13008130081300814,0.05853658536585366,0.0,0.2097560975609756,0.01788617886178862,0.0032520325203252032,0.0,0.0,0.0,0.0,0.258,0.314,0.429,0.743,0.299,21.0,5.9,,,,,,,,,
61,Ryan Mountcastle,BAL,140,427.1283784,470,92.09459455,0.23648648638297873,0.75000000040719,0.22413793112247327,0.017241379320454372,0.040540540531914894,0.12162162161702128,0.1334459459361702,0.07432432431914893,0.005067567568085106,0.24493243234042553,0.00844594594680851,0.00844594594680851,0.0,0.0067567567574468084,0.0016891891893617021,0.005067567568085106,0.259,0.319256757,0.44795539,0.767212147,0.310160428,24.49324324,7.432432432,423,470,96,0.2425531914893617,0.7708333333333334,0.21875,0.010416666666666666,0.03829787234042553,0.13617021276595745,0.14468085106382977,0.07872340425531915,0.002127659574468085,0.2276595744680851,0.006382978723404255,0.014893617021276596,0.0,0.006382978723404255,0.002127659574468085,0.00425531914893617,0.27,0.328,0.452,0.779,0.315,22.8,7.9,,,,,,,,,
62,Nick Castellanos,PHI,139,616.5025381,671,138.51438242,0.2436548223546945,0.721311475345926,0.2622950819636626,0.016393442618216743,0.037225042295081966,0.1235194585394933,0.1319796954247392,0.06429780034277198,0.0033840947540983604,0.23688663278688524,0.008460236886736213,0.006768189509687034,0.0016920473770491802,0.006768189509687034,0.0016920473770491802,0.005076142132637854,0.264,0.316949153,0.453038674,0.769987827,0.316883117,23.68866328,6.429780034,626,671,141,0.2533532041728763,0.723404255319149,0.2624113475177305,0.014184397163120567,0.043219076005961254,0.11773472429210134,0.15797317436661698,0.05365126676602087,0.0,0.2757078986587183,0.004470938897168405,0.00894187779433681,0.0,0.01639344262295082,0.0029806259314456036,0.013412816691505217,0.272,0.311,0.476,0.788,0.337,27.6,5.4,,,,,,,,,
63,Taylor Ward,LAA,140,358.3949153,409,77.64067796,0.23050847457212714,0.7321428572440558,0.25,0.017857142858982836,0.04067796611246943,0.137288135599022,0.12372881356968216,0.10508474577017116,0.0033898305085574574,0.23050847457212714,0.011864406779951101,0.006779661017114915,0.0016949152542787287,0.010169491525672371,0.0033898305085574574,0.006779661017114915,0.264,0.347457627,0.464216634,0.811674262,0.310249307,23.05084746,10.50847458,356,409,76,0.2200488997555012,0.7631578947368421,0.23684210526315788,0.0,0.034229828850855744,0.1466992665036675,0.11491442542787286,0.09535452322738386,0.0,0.19559902200489,0.019559902200488997,0.014669926650366748,0.0,0.009779951100244499,0.004889975550122249,0.004889975550122249,0.253,0.335,0.421,0.756,0.284,19.6,9.5,,,,,,,,,
64,Andres Gimenez,CLE,146,555.4440678,616,128.42033895,0.23389830503246753,0.7560975611332476,0.21138211386102249,0.032520325208190086,0.025423728814935067,0.12881355931818184,0.10677966102272728,0.0593220338961039,0.005084745762987013,0.21355932207792205,0.027118644074675326,0.006779661016233766,0.005084745762987013,0.03728813560064935,0.008474576271103897,0.02881355931818182,0.259,0.32197615,0.407894737,0.729870887,0.311392405,21.3559322,5.93220339,557,616,125,0.22727272727272727,0.744,0.216,0.04,0.024350649350649352,0.12337662337662338,0.10064935064935066,0.05194805194805195,0.00487012987012987,0.18181818181818182,0.032467532467532464,0.00487012987012987,0.006493506493506494,0.048701298701298704,0.00974025974025974,0.03896103896103896,0.251,0.314,0.399,0.712,0.289,18.2,5.2,,,,,,,,,
65,Jorge Polanco,MIN,138,302.2359932,343,63.475381999999996,0.22241086586005832,0.7247706422625388,0.24770642199522327,0.027522935773746114,0.03735144311953353,0.12903225807580174,0.11884550084548105,0.10016977930029154,0.0033955857376093295,0.20543293717201166,0.006791171478134112,0.008488964346938776,0.0016977928688046648,0.015280135822157434,0.0033955857376093295,0.011884550084548104,0.252,0.330494037,0.443159923,0.77365396,0.286089239,20.54329372,10.01697793,302,343,63,0.22448979591836735,0.7142857142857143,0.2857142857142857,0.0,0.04081632653061224,0.11078717201166181,0.13994169096209913,0.10495626822157435,0.0,0.2565597667638484,0.0058309037900874635,0.008746355685131196,0.0,0.011661807580174927,0.0,0.011661807580174927,0.255,0.335,0.454,0.789,0.31,25.7,10.5,,,,,,,,,
66,Teoscar Hernandez,SEA,138,616.991511,678,124.31918504000001,0.2292020373156342,0.7222222223473481,0.2592592592979887,0.018518518523583136,0.04584040746312684,0.1290322580678466,0.13242784380530973,0.07640067911504424,0.0033955857389380527,0.2801358234513274,0.006791171476401179,0.006791171476401179,0.0016977928687315635,0.016977928687315635,0.005093378607669617,0.011884550085545722,0.252,0.312393888,0.462686567,0.775080455,0.310344828,28.01358234,7.640067912,625,678,135,0.2374631268436578,0.7703703703703704,0.21481481481481482,0.014814814814814815,0.038348082595870206,0.10324483775811209,0.13716814159292035,0.05604719764011799,0.0029498525073746312,0.3112094395280236,0.011799410029498525,0.01032448377581121,0.0,0.01032448377581121,0.0029498525073746312,0.007374631268436578,0.258,0.305,0.435,0.741,0.342,31.1,5.6,,,,,,,,,
67,Jeremy Pena,HOU,142,585.5619694,634,128.09168078,0.23259762302839115,0.7647058825641869,0.2100840336869222,0.033613445383662025,0.030560271640378552,0.12563667231861197,0.11205432936908517,0.05432937181388013,0.0,0.24957555173501578,0.013582342954258676,0.00509337860725552,0.0016977928690851735,0.020373514432176654,0.00509337860725552,0.015280135823343848,0.252,0.30153322,0.413602941,0.715136161,0.311518325,24.95755518,5.432937182,577,634,142,0.23974763406940064,0.7535211267605634,0.22535211267605634,0.02112676056338028,0.015772870662460567,0.1277602523659306,0.08201892744479496,0.06782334384858044,0.0015772870662460567,0.20347003154574134,0.014195583596214511,0.0015772870662460567,0.0015772870662460567,0.02050473186119874,0.014195583596214511,0.006309148264984227,0.263,0.324,0.381,0.705,0.323,20.3,6.8,,,,,,,,,
68,Riley Greene,DET,135,370.7979626,416,81.928692703,0.21901528014423077,0.7499999999115085,0.2155172413651054,0.034482758613534566,0.02207130730048077,0.11375212223557692,0.09507640067307693,0.09168081495192307,0.0016977928701923076,0.26315789471153844,0.010186757216346154,0.005093378608173077,0.0,0.011884550084134617,0.003395585737980769,0.008488964346153847,0.246,0.321428571,0.382857143,0.704285714,0.322222222,26.31578947,9.168081494,378,416,98,0.2620192307692308,0.7653061224489796,0.19387755102040816,0.04081632653061224,0.026442307692307692,0.12259615384615384,0.0889423076923077,0.08413461538461539,0.0,0.27403846153846156,0.002403846153846154,0.004807692307692308,0.0,0.016826923076923076,0.0,0.016826923076923076,0.288,0.349,0.447,0.796,0.384,27.4,8.4,,,,,,,,,
69,Ryan McMahon,COL,142,555.5561224,627,116.22959179,0.21938775502392344,0.743119266357358,0.2477064221477982,0.018348623858657365,0.03401360543859649,0.12585034014354068,0.11734693877192984,0.09863945578947368,0.0017006802727272728,0.25,0.008503401360446571,0.006802721087719298,0.0,0.010204081633173843,0.003401360543859649,0.006802721087719298,0.248,0.326530612,0.424184261,0.750714873,0.304469274,25.0,9.863945578,555,627,110,0.21212121212121213,0.6909090909090909,0.2818181818181818,0.02727272727272727,0.03668261562998405,0.12759170653907495,0.11164274322169059,0.10845295055821372,0.003189792663476874,0.3157894736842105,0.001594896331738437,0.004784688995215311,0.0,0.007974481658692184,0.007974481658692184,0.0,0.24,0.322,0.431,0.753,0.326,31.6,10.8,,,,,,,,,
70,Jeff McNeil,NYM,142,584.8615385,648,152.861538438,0.24957264953703703,0.7681159420466201,0.21014492754846237,0.0217391304376269,0.013675213675925927,0.1111111111111111,0.10598290598765431,0.07008547009259258,0.0034188034182098767,0.11965811966049383,0.020512820509259257,0.006837606837962963,0.0,0.005128205128086419,0.0017094017098765433,0.0034188034182098767,0.276,0.34017094,0.388257576,0.728428516,0.303964758,11.96581197,7.008547009,585,648,148,0.24382716049382716,0.8040540540540541,0.16891891891891891,0.02702702702702703,0.015432098765432098,0.11574074074074074,0.08487654320987655,0.06018518518518518,0.0,0.10030864197530864,0.027777777777777776,0.004629629629629629,0.004629629629629629,0.015432098765432098,0.0,0.015432098765432098,0.27,0.333,0.378,0.711,0.288,10.0,6.0,,,,,,,,,
71,Ke'Bryan Hayes,PIT,137,471.9606164,525,114.16952057499999,0.23287671238095237,0.7559055116054997,0.21259842511167523,0.023622047236577,0.015410958904761907,0.11815068493333333,0.0941780821904762,0.08561643836190476,0.0,0.19520547942857144,0.008561643836190475,0.006849315068571429,0.0017123287676190477,0.025684931504761904,0.006849315068571429,0.01883561643809524,0.259,0.327054795,0.371428571,0.698483366,0.312807882,19.52054795,8.561643836,494,525,119,0.25523809523809526,0.680672268907563,0.2605042016806723,0.058823529411764705,0.02857142857142857,0.12380952380952381,0.11619047619047619,0.05333333333333334,0.0019047619047619048,0.1980952380952381,0.0,0.005714285714285714,0.0,0.01904761904761905,0.011428571428571429,0.007619047619047619,0.271,0.309,0.453,0.762,0.315,19.8,5.3,,,,,,,,,
72,Gunnar Henderson,BAL,141,551.5849057,622,118.42538590000001,0.21783876495176852,0.7297297299328454,0.24324324333909558,0.03603603604554519,0.027444253858520902,0.12178387649517686,0.10634648369774921,0.09777015437299034,0.0017152658665594855,0.2710120069131833,0.00857632933118971,0.0068610634646302255,0.0,0.015437392795819934,0.003430531733118971,0.012006861062700965,0.246,0.324185249,0.408123791,0.73230904,0.319884726,27.10120069,9.777015437,560,622,115,0.22990353697749197,0.6695652173913044,0.25217391304347825,0.0782608695652174,0.04501607717041801,0.1607717041800643,0.13183279742765272,0.09003215434083602,0.001607717041800643,0.25562700964630225,0.00482315112540193,0.00482315112540193,0.0,0.01607717041800643,0.00482315112540193,0.011254019292604502,0.255,0.325,0.489,0.814,0.306,25.6,9.0,,,,,,,,,
73,Ketel Marte,ARI,138,579.6391753,650,135.13745699999998,0.237113402,0.7190082646737981,0.26446281004089045,0.016528925625705685,0.029209621999999998,0.1202749140923077,0.12542955326153846,0.0910652920923077,0.005154639175384616,0.17010309276923077,0.008591065292307692,0.006872852233846154,0.0,0.006872852233846154,0.0017182130584615385,0.005154639175384616,0.266,0.337349398,0.433526012,0.770875409,0.297297297,17.01030928,9.10652921,569,650,132,0.24153846153846154,0.7348484848484849,0.19696969696969696,0.06818181818181818,0.038461538461538464,0.14461538461538462,0.12615384615384614,0.10923076923076923,0.003076923076923077,0.1676923076923077,0.007692307692307693,0.007692307692307693,0.0,0.012307692307692308,0.003076923076923077,0.009230769230769232,0.276,0.358,0.485,0.844,0.3,16.8,10.9,,,,,,,,,
74,Vinnie Pasquantino,KCR,139,229.6219931,260,54.948453607,0.23883161511538462,0.7317073171441908,0.26016260170384237,0.01626016259511585,0.027491408934615384,0.11683848796153846,0.11855670103846154,0.09793814434615385,0.006872852234615385,0.13402061853846156,0.010309278350000001,0.008591065292307692,0.0,0.0034364261153846153,0.0017182130576923076,0.0017182130576923076,0.27,0.347079038,0.435797665,0.782876703,0.289411765,13.40206186,9.793814433,231,260,48,0.21923076923076923,0.6458333333333334,0.3541666666666667,0.0,0.03461538461538462,0.09230769230769231,0.1,0.09615384615384616,0.007692307692307693,0.11923076923076924,0.007692307692307693,0.0038461538461538464,0.0,0.0,0.0,0.0,0.247,0.324,0.437,0.762,0.25,11.9,9.6,,,,,,,,,
75,C.J. Cron,COL,137,248.2314335,278,50.41450777,0.22452504316546765,0.7523809523847306,0.23809523807634705,0.009523809519086771,0.04317789291366906,0.12262521589928058,0.13644214161870505,0.08117443870503596,0.005181347151079136,0.23834196892086332,0.018998272884892087,0.008635578582733812,0.0,0.0017271157158273381,0.0,0.0017271157158273381,0.251,0.324137931,0.448742747,0.772880678,0.292479109,23.83419689,8.117443869,258,278,52,0.2302158273381295,0.7692307692307693,0.23076923076923078,0.0,0.04316546762589928,0.1366906474820144,0.13309352517985612,0.06115107913669065,0.0,0.23381294964028776,0.0035971223021582736,0.007194244604316547,0.0,0.0,0.0,0.0,0.248,0.295,0.434,0.729,0.284,23.4,6.1,,,,,,,,,
76,George Springer,TOR,131,601.4653979,683,122.89273361,0.22145328726207908,0.7307692304656515,0.24999999989828528,0.01923076922106721,0.041522491346998536,0.13494809688140555,0.1262975778477306,0.09861591695461201,0.0017301038067349928,0.20934256061493411,0.01211072664421669,0.00519031141874085,0.0017301038067349928,0.015570934260614936,0.00519031141874085,0.0103806228374817,0.252,0.333333333,0.451866405,0.785199738,0.283378747,20.93425606,9.861591696,613,683,137,0.23133235724743778,0.8102189781021898,0.18248175182481752,0.0072992700729927005,0.03074670571010249,0.1273792093704246,0.1054172767203514,0.08784773060029283,0.0014641288433382138,0.18301610541727673,0.007320644216691069,0.004392386530014641,0.0,0.029282576866764276,0.007320644216691069,0.021961932650073207,0.258,0.327,0.405,0.732,0.291,18.3,8.8,,,,,,,,,
77,Tim Anderson,CHW,131,491.3067591,524,132.589254794,0.27036395152671755,0.7945205474129199,0.19178082190375723,0.013698630132750335,0.01733102253053435,0.12478336221374045,0.10225303291984733,0.04679376083969466,0.0017331022538167938,0.1854419410687023,0.006932409011450382,0.005199306759541985,0.0017331022538167938,0.031195840553435113,0.01039861351908397,0.020797227041984733,0.289,0.325217391,0.402957486,0.728174877,0.341920375,18.54419411,4.679376083,493,524,120,0.23091603053435114,0.8333333333333334,0.15,0.016666666666666666,0.0019083969465648854,0.09923664122137404,0.04770992366412214,0.04961832061068702,0.0,0.23282442748091603,0.0057251908396946565,0.003816793893129771,0.0,0.02480916030534351,0.003816793893129771,0.02099236641221374,0.245,0.286,0.296,0.582,0.323,23.3,5.0,,,,,,,,,
78,Yandy Diaz,TBR,135,514.4347826,600,128.34782609,0.24,0.7967479677317844,0.18699186991426509,0.01626016260327296,0.026086956516666666,0.1252173913,0.11130434783333333,0.12695652173333333,0.005217391305,0.1252173913,0.006956521738333333,0.005217391305,0.001739130435,0.005217391305,0.001739130435,0.00347826087,0.279,0.37521815,0.425963489,0.801181639,0.300733496,12.52173913,12.69565217,525,600,151,0.28833333333333333,0.7682119205298014,0.23178807947019867,0.0,0.03666666666666667,0.15833333333333333,0.13,0.10833333333333334,0.0,0.15666666666666668,0.013333333333333334,0.0033333333333333335,0.0,0.0,0.0016666666666666668,-0.0016666666666666668,0.33,0.41,0.522,0.932,0.367,15.7,10.8,,,,,,,,,
79,Max Muncy,LAD,136,484.0157068,579,86.90052359,0.19720767892918825,0.6976744183504177,0.2790697673401671,0.011627906970589057,0.04712041884283247,0.1413612565457686,0.13961605585492226,0.14310645723661486,0.0034904013955094986,0.24607329844559586,0.013961605585492226,0.006980802792746113,0.0,0.0034904013955094986,0.0017452006977547493,0.0017452006977547493,0.236,0.354275742,0.457202505,0.811478247,0.273015873,24.60732984,14.31064572,482,579,66,0.17616580310880828,0.7272727272727273,0.25757575757575757,0.015151515151515152,0.06217616580310881,0.16407599309153714,0.18134715025906736,0.14680483592400692,0.0069084628670120895,0.26424870466321243,0.010362694300518135,0.010362694300518135,0.0,0.0017271157167530224,0.0034542314335060447,-0.0017271157167530224,0.212,0.333,0.475,0.808,0.221,26.4,14.7,,,,,,,,,
81,Gleyber Torres,NYY,136,606.3246073,672,126.65968588000001,0.22687609077380952,0.7592592591861558,0.23148148146978492,0.009259259257212361,0.03839441535714286,0.12390924956845237,0.12216404886904761,0.08027923211309525,0.0034904013958333333,0.23036649211309523,0.006980802791666667,0.00872600349107143,0.0017452006979166667,0.01919720767857143,0.006980802791666667,0.012216404886904762,0.252,0.314685315,0.431334623,0.746019938,0.293478261,23.03664921,8.027923211,596,672,138,0.2425595238095238,0.782608695652174,0.2028985507246377,0.014492753623188406,0.03720238095238095,0.13392857142857142,0.10119047619047619,0.09970238095238096,0.0,0.14583333333333334,0.004464285714285714,0.008928571428571428,0.0,0.019345238095238096,0.008928571428571428,0.010416666666666666,0.273,0.347,0.453,0.8,0.288,14.6,10.0,,,,,,,,,
83,Luis Arraez,MIA,135,554.2175439,617,156.956140318,0.2666666666126418,0.7862068967164089,0.1931034483174287,0.020689655176412275,0.012280701753646678,0.1157894736790924,0.10701754385737439,0.08947368421393842,0.0035087719303079413,0.07894736842787682,0.0052631578946515396,0.007017543858995137,0.0,0.008771929824959482,0.0035087719303079413,0.0052631578946515396,0.297,0.361403509,0.404296875,0.765700384,0.3125,7.894736842,8.947368421,574,617,193,0.32901134521880065,0.8290155440414507,0.15544041450777202,0.015544041450777202,0.01620745542949757,0.11507293354943274,0.11183144246353323,0.05672609400324149,0.01620745542949757,0.055105348460291734,0.006482982171799027,0.004862236628849271,0.0016207455429497568,0.004862236628849271,0.0032414910858995136,0.0016207455429497568,0.354,0.393,0.469,0.861,0.362,5.5,5.7,,,,,,,,,
85,Anthony Rizzo,NYY,135,361.7042254,421,67.44894366,0.20422535211401424,0.7472527472641519,0.24175824179245567,0.010989010987870525,0.044014084513064135,0.1267605633729216,0.1267605633729216,0.09859154928741092,0.007042253520190024,0.17781690140142517,0.03521126760095012,0.007042253520190024,0.0,0.012323943662707839,0.005281690140142518,0.007042253520190024,0.237,0.338028169,0.44057377,0.77860194,0.24863388,17.78169014,9.85915493,373,421,79,0.2161520190023753,0.8227848101265823,0.17721518987341772,0.0,0.028503562945368172,0.10688836104513064,0.09738717339667459,0.0831353919239905,0.0023752969121140144,0.23040380047505937,0.028503562945368172,0.0023752969121140144,0.0,0.0,0.007125890736342043,-0.007125890736342043,0.244,0.328,0.378,0.706,0.298,23.0,8.3,,,,,,,,,
86,Eloy Jimenez,CHW,136,442.2637168,489,96.06902658000001,0.23893805316973415,0.7747747745525246,0.22522522513519982,0.009009009009571666,0.042477876114519426,0.12389380531697342,0.1327433628220859,0.07964601768916155,0.0017699115051124743,0.2247787611451943,0.008849557521472392,0.007079646018404908,0.0017699115051124743,0.0,0.0,0.0,0.265,0.327433628,0.459882583,0.787316211,0.304945055,22.47787611,7.96460177,456,489,106,0.25357873210633947,0.7830188679245284,0.2169811320754717,0.0,0.03680981595092025,0.10224948875255624,0.130879345603272,0.06134969325153374,0.00408997955010225,0.1901840490797546,0.002044989775051125,0.00408997955010225,0.0,0.0,0.0,0.0,0.272,0.317,0.441,0.758,0.305,19.0,6.1,,,,,,,,,
87,J.D. Martinez,LAD,132,429.7411348,479,95.12056736,0.23936170208768268,0.7321428572479869,0.25892857142857145,0.00892857142857143,0.04078014183716075,0.12943262411273487,0.1382978723382046,0.08687943263048016,0.005319148935281837,0.23404255323590814,0.0070921985824634656,0.0070921985824634656,0.0017730496450939458,0.0,0.0,0.0,0.267,0.3339254,0.464426877,0.798352277,0.315492958,23.40425532,8.687943262,432,479,84,0.24425887265135698,0.6547619047619048,0.32142857142857145,0.023809523809523808,0.06889352818371608,0.12734864300626306,0.2150313152400835,0.0709812108559499,0.0020876826722338203,0.31106471816283926,0.0041753653444676405,0.018789144050104383,0.0,0.0020876826722338203,0.0,0.0020876826722338203,0.271,0.321,0.572,0.893,0.324,31.1,7.1,,,,,,,,,
88,Nico Hoerner,CHC,137,630.5648313,688,167.417406733,0.2557726465116279,0.7810218976126708,0.1897810219380087,0.029197080294019965,0.012433392539244185,0.11900532859011627,0.09413854351744186,0.06039076376453489,0.0053285968023255815,0.12255772646802326,0.012433392539244185,0.007104795736918605,0.0053285968023255815,0.03197158081395349,0.008880994671511627,0.023090586148255814,0.28,0.329768271,0.385658915,0.715427186,0.308558559,12.25577265,6.039076377,619,688,166,0.2543604651162791,0.8132530120481928,0.16265060240963855,0.024096385542168676,0.01308139534883721,0.14244186046511628,0.09883720930232558,0.07122093023255814,0.0,0.12063953488372094,0.020348837209302327,0.007267441860465116,0.0014534883720930232,0.0625,0.010174418604651164,0.05232558139534884,0.283,0.346,0.383,0.729,0.312,12.1,7.1,,,,,,,,,
90,Jonathan India,CIN,131,462.875,529,101.07678569,0.21964285708884687,0.7383177571443408,0.2429906543063914,0.018691588786711053,0.028571428563327034,0.12321428570888468,0.1107142857088847,0.09285714285444234,0.0017857142854442343,0.22678571436672967,0.02678571429111531,0.005357142856332703,0.0017857142854442343,0.014285714285444234,0.005357142856332703,0.00892857142911153,0.252,0.339285714,0.410204082,0.749489796,0.305714286,22.67857143,9.285714286,454,529,94,0.20982986767485823,0.7553191489361702,0.24468085106382978,0.0,0.03213610586011342,0.14744801512287334,0.11531190926275993,0.09829867674858223,0.0,0.2060491493383743,0.030245746691871456,0.013232514177693762,0.0,0.026465028355387523,0.003780718336483932,0.022684310018903593,0.244,0.338,0.407,0.746,0.281,20.6,9.8,,,,,,,,,
91,Joey Meneses,WSN,132,606.5517857,657,132.57321426,0.23392857138508372,0.7699115048973847,0.22123893807445807,0.008849557525995524,0.032142857138508375,0.10535714286149162,0.12142857143074581,0.06428571429223744,0.0071428571430745815,0.23214285707762555,0.005357142856925418,0.0071428571430745815,0.001785714286149163,0.001785714286149163,0.0,0.001785714286149163,0.253,0.303571429,0.410058027,0.713629456,0.302949062,23.21428571,6.428571429,611,657,155,0.2557077625570776,0.7612903225806451,0.23225806451612904,0.0064516129032258064,0.0197869101978691,0.1080669710806697,0.1354642313546423,0.0578386605783866,0.0,0.197869101978691,0.0076103500761035,0.0045662100456621,0.0,0.0,0.0,0.0,0.275,0.321,0.401,0.722,0.329,19.8,5.8,,,,,,,,,
92,Seiya Suzuki,CHC,133,503.5949821,583,110.74910392000001,0.22401433687821612,0.7264150945014707,0.2452830189002941,0.028301886796882354,0.03405017921097771,0.12903225806174956,0.11648745519725556,0.11290322581475129,0.005376344085763294,0.227598566380789,0.012544802867924528,0.007168458782161235,0.0035842293910806175,0.01612903225728988,0.005376344085763294,0.010752688171526588,0.258,0.350719424,0.443983402,0.794702827,0.311764706,22.75985663,11.29032258,515,583,127,0.2521440823327616,0.7086614173228346,0.2440944881889764,0.047244094488188976,0.03430531732418525,0.12864493996569468,0.1269296740994854,0.10120068610634649,0.005145797598627788,0.22298456260720412,0.003430531732418525,0.012006861063464836,0.0,0.010291595197255575,0.012006861063464836,-0.0017152658662092624,0.285,0.357,0.485,0.842,0.341,22.3,10.1,,,,,,,,,
93,Rowdy Tellez,MIL,137,310.7419355,351,57.24193549,0.21684587814814815,0.7252747251576206,0.27472527466768226,0.0,0.053763440854700854,0.123655913988604,0.14874551971509972,0.09318996415954416,0.008960573475783476,0.20430107527065527,0.012544802866096867,0.00716845878062678,0.0,0.001792114695156695,0.001792114695156695,0.0,0.245,0.323159785,0.477732794,0.800892578,0.257062147,20.43010753,9.318996416,311,351,54,0.1908831908831909,0.8148148148148148,0.16666666666666666,0.018518518518518517,0.037037037037037035,0.07407407407407407,0.1339031339031339,0.09971509971509972,0.005698005698005698,0.245014245014245,0.0,0.014245014245014245,0.0,0.0,0.0,0.0,0.215,0.291,0.376,0.667,0.249,24.5,10.0,,,,,,,,,
94,Daulton Varsho,TOR,138,520.3920863,581,97.18165468,0.21223021583476764,0.7096774193349227,0.2688172042966495,0.03225806451148193,0.04496402877796902,0.13489208633390706,0.12769784172117038,0.08453237409638555,0.0017985611514629949,0.24280575542168675,0.012589928056798622,0.005395683452667814,0.0017985611514629949,0.02338129495697074,0.005395683452667814,0.01798561151462995,0.238,0.30990991,0.451807229,0.761717139,0.272727273,24.28057554,8.45323741,527,581,96,0.19965576592082615,0.7291666666666666,0.23958333333333334,0.03125,0.03442340791738382,0.11187607573149742,0.10499139414802065,0.0774526678141136,0.0,0.23235800344234078,0.0068846815834767644,0.0051635111876075735,0.0017211703958691911,0.027538726333907058,0.012048192771084338,0.01549053356282272,0.22,0.285,0.389,0.674,0.256,23.2,7.7,,,,,,,,,
95,Jazz Chisholm Jr.,MIA,132,343.0467626,383,66.81834531999999,0.2122302158224543,0.7113402062318536,0.2371134020772845,0.05154639175072587,0.037769784177545694,0.13848920864229766,0.11690647483028721,0.08633093524804177,0.0017985611514360312,0.2859712229765013,0.01079136690600522,0.005395683454308094,0.0017985611514360312,0.052158273394255876,0.01079136690600522,0.04136690647519582,0.236,0.30990991,0.429718876,0.739628785,0.302180685,28.5971223,8.633093525,352,383,69,0.2297650130548303,0.7971014492753623,0.17391304347826086,0.028985507246376812,0.04960835509138381,0.13054830287206268,0.13315926892950392,0.06788511749347259,0.0,0.30809399477806787,0.005221932114882507,0.005221932114882507,0.0026109660574412533,0.057441253263707574,0.007832898172323759,0.04960835509138381,0.25,0.304,0.457,0.761,0.318,30.8,6.8,,,,,,,,,
96,Jake McCarthy,ARI,137,282.2589928,312,67.899280579,0.23561151080128206,0.7355371899985385,0.20661157026071408,0.04958677685962584,0.017985611509615383,0.12949640288461536,0.09352517987179487,0.0719424460576923,0.0017985611506410259,0.22302158272435896,0.014388489208333332,0.005395683451923076,0.0035971223012820517,0.046762589935897436,0.007194244605769231,0.03956834532051282,0.259,0.323104693,0.391650099,0.714754793,0.325268817,22.30215827,7.194244604,276,312,65,0.21474358974358973,0.8153846153846154,0.1076923076923077,0.07692307692307693,0.00641025641025641,0.11858974358974358,0.05128205128205128,0.08333333333333333,0.0,0.1987179487179487,0.016025641025641024,0.003205128205128205,0.01282051282051282,0.08333333333333333,0.01282051282051282,0.07051282051282051,0.243,0.318,0.326,0.644,0.305,19.9,8.3,,,,,,,,,
97,Yoan Moncada,CHW,132,315.8324324,357,64.96756757,0.2144144144257703,0.7326732672993009,0.24752475244933972,0.01980198018979026,0.032432432436974794,0.11891891890756304,0.11351351350140056,0.09909909910364145,0.0036036036022408964,0.25585585585434173,0.009009009008403361,0.005405405406162465,0.0018018018011204482,0.005405405406162465,0.0018018018011204482,0.0036036036022408964,0.242,0.323104693,0.411405295,0.734509988,0.30239521,25.58558559,9.90990991,334,357,76,0.24369747899159663,0.7236842105263158,0.2631578947368421,0.013157894736842105,0.03081232492997199,0.1092436974789916,0.11204481792717087,0.056022408963585436,0.0,0.29971988795518206,0.0056022408963585435,0.0028011204481792717,0.0,0.0028011204481792717,0.0,0.0028011204481792717,0.26,0.305,0.425,0.73,0.35,30.0,5.6,,,,,,,,,
98,Corbin Carroll,ARI,133,573.8517179,645,129.46654616,0.22423146480620154,0.7027027024229685,0.2432432431701783,0.06306306303954312,0.02350813742635659,0.13019891500775194,0.10488245931782944,0.09222423145736434,0.0054249547922480615,0.25497287519379846,0.012658227848062016,0.0054249547922480615,0.0018083182635658915,0.030741410480620155,0.0054249547922480615,0.025316455689922482,0.253,0.329113924,0.416666667,0.745780591,0.325513196,25.49728752,9.222423146,565,645,136,0.2496124031007752,0.7058823529411765,0.22058823529411764,0.07352941176470588,0.03875968992248062,0.17984496124031008,0.11782945736434108,0.08837209302325581,0.0015503875968992248,0.1937984496124031,0.020155038759689922,0.006201550387596899,0.009302325581395349,0.08372093023255814,0.007751937984496124,0.07596899224806201,0.285,0.362,0.506,0.868,0.325,19.4,8.8,,,,,,,,,
100,Adley Rutschman,BAL,133,595.9818512,687,128.42286754,0.21778584395924305,0.7184466018192759,0.26213592224542537,0.01941747572505575,0.030852994556040753,0.12159709618631734,0.11615245008733624,0.11433756806404659,0.0036297640655021837,0.18874773144104803,0.01088929219650655,0.007259528131004367,0.0,0.005444646097525473,0.0018148820320232897,0.0036297640655021837,0.252,0.343012704,0.422594142,0.765606846,0.28531856,18.87477314,11.43375681,588,687,143,0.23726346433770015,0.7762237762237763,0.21678321678321677,0.006993006993006993,0.02911208151382824,0.1222707423580786,0.11644832605531295,0.1339155749636099,0.008733624454148471,0.1470160116448326,0.002911208151382824,0.00727802037845706,0.0,0.001455604075691412,0.002911208151382824,-0.001455604075691412,0.277,0.374,0.435,0.809,0.303,14.7,13.4,,,,,,,,,
101,J.T. Realmuto,PHI,136,482.0727273,540,109.96363635,0.23818181814814815,0.7500000000682043,0.21428571427921864,0.03571428571623441,0.034545454537037036,0.13636363637037036,0.12,0.08,0.0036363636370370374,0.22,0.016363636362962963,0.007272727272222223,0.0018181818185185187,0.02545454546296296,0.007272727272222223,0.01818181818148148,0.268,0.335766423,0.448065173,0.783831596,0.315492958,22.0,8.0,489,540,103,0.22777777777777777,0.6796116504854369,0.27184466019417475,0.04854368932038835,0.037037037037037035,0.12962962962962962,0.11666666666666667,0.06481481481481481,0.005555555555555556,0.25555555555555554,0.016666666666666666,0.009259259259259259,0.0,0.02962962962962963,0.009259259259259259,0.020370370370370372,0.252,0.31,0.452,0.762,0.307,25.6,6.5,,,,,,,,,
102,MJ Melendez,KCR,129,528.3978102,602,101.06569346999999,0.20072992707641196,0.6739130432050852,0.29347826073943034,0.032608695639913275,0.03284671533222592,0.11678832116279068,0.11496350365448504,0.10583941606312293,0.0018248175182724253,0.26094890514950164,0.007299270073089701,0.007299270073089701,0.0018248175182724253,0.009124087591362127,0.0018248175182724253,0.007299270073089701,0.229,0.314442413,0.40956341,0.724005823,0.283950617,26.09489051,10.58394161,533,602,109,0.20764119601328904,0.6880733944954128,0.26605504587155965,0.045871559633027525,0.026578073089700997,0.1079734219269103,0.09302325581395349,0.10299003322259136,0.0033222591362126247,0.2823920265780731,0.0049833887043189366,0.006644518272425249,0.0,0.009966777408637873,0.006644518272425249,0.0033222591362126247,0.235,0.316,0.398,0.713,0.311,28.2,10.3,,,,,,,,,
103,Tyler O'Neill,STL,133,236.8226691,266,46.68372943999999,0.22303473492481202,0.7083333331905285,0.2604166667023679,0.03125000000000001,0.047531992669172934,0.1425959780451128,0.1352833637969925,0.08775137112781956,0.0018281535639097745,0.2888482632706767,0.014625228518796994,0.007312614259398497,0.0,0.027422303473684212,0.007312614259398497,0.020109689214285714,0.249,0.325411335,0.474332649,0.799743983,0.312703583,28.88482633,8.775137112,238,266,46,0.20676691729323307,0.6956521739130435,0.30434782608695654,0.0,0.03383458646616541,0.10150375939849623,0.07894736842105263,0.10526315789473684,0.0,0.2518796992481203,0.0,0.0,0.0,0.018796992481203006,0.0,0.018796992481203006,0.231,0.312,0.403,0.715,0.284,25.2,10.5,,,,,,,,,
104,Austin Hays,BAL,133,520.4716636,566,111.75137112000002,0.22669104204947,0.7499999999999999,0.23148148144171063,0.018518518513547164,0.02925045703180212,0.1115173674558304,0.1115173674558304,0.05850091408127209,0.0,0.2010968922261484,0.012797074954063603,0.007312614259717315,0.0018281535653710248,0.009140767825088339,0.003656307128975265,0.00548446069434629,0.247,0.298534799,0.399602386,0.698137184,0.283464567,20.10968921,5.850091408,520,566,127,0.25265017667844525,0.7007874015748031,0.28346456692913385,0.015748031496062992,0.028268551236749116,0.13427561837455831,0.11837455830388692,0.06713780918727916,0.0017667844522968198,0.24911660777385158,0.00530035335689046,0.0088339222614841,0.0,0.0088339222614841,0.0017667844522968198,0.007067137809187279,0.275,0.325,0.444,0.769,0.345,24.9,6.7,,,,,,,,,
105,Mitch Haniger,SFG,126,203.4157509,229,41.521978023,0.22161172161572054,0.727272727307758,0.2525252526310745,0.020202020205669236,0.04029304029257642,0.12271062270742358,0.128205128209607,0.08974358973799128,0.0036630036637554588,0.24908424908296944,0.014652014650655023,0.0073260073275109175,0.0,0.0018315018296943231,0.0018315018296943231,0.0,0.249,0.326007326,0.445360825,0.771368151,0.299093656,24.90842491,8.974358974,211,229,38,0.19213973799126638,0.631578947368421,0.34210526315789475,0.02631578947368421,0.026200873362445413,0.11790393013100436,0.1222707423580786,0.06550218340611354,0.0,0.2838427947598253,0.008733624454148471,0.004366812227074236,0.0,0.004366812227074236,0.0,0.004366812227074236,0.209,0.266,0.365,0.631,0.27,28.4,6.6,,,,,,,,,
106,Salvador Perez,KCR,132,535.2205882,580,102.35294116000001,0.22426470586206898,0.7291666667725095,0.2604166666625957,0.0,0.04779411765517241,0.11029411765517241,0.15073529412068964,0.04779411765517241,0.003676470587931035,0.2610294117241379,0.016544117646551722,0.009191176470689654,0.0,0.001838235294827586,0.0,0.001838235294827586,0.242,0.289667897,0.446215139,0.735883036,0.283185841,26.10294118,4.779411765,538,580,114,0.23620689655172414,0.8157894736842105,0.18421052631578946,0.0,0.039655172413793106,0.10172413793103448,0.13793103448275862,0.032758620689655175,0.010344827586206896,0.23275862068965517,0.022413793103448276,0.013793103448275862,0.0,0.0,0.0,0.0,0.255,0.292,0.422,0.714,0.294,23.3,3.3,,,,,,,,,
107,Thairo Estrada,SFG,136,485.0184502,530,116.36531365999998,0.24169741698113206,0.7731092436433176,0.20168067228840572,0.03361344537280733,0.022140221396226414,0.12361623616981134,0.09778597786792453,0.05904059041509434,0.0,0.1734317343207547,0.016605166050943396,0.0073800738,0.0018450184509433963,0.02952029520754717,0.009225092250943397,0.020295202943396224,0.264,0.31792976,0.403225806,0.721155566,0.302030457,17.34317343,5.904059041,495,530,120,0.2528301886792453,0.7666666666666667,0.21666666666666667,0.016666666666666666,0.026415094339622643,0.11886792452830189,0.09245283018867924,0.04150943396226415,0.0018867924528301887,0.22641509433962265,0.020754716981132074,0.0037735849056603774,0.0,0.04339622641509434,0.013207547169811321,0.03018867924528302,0.271,0.315,0.416,0.731,0.331,22.6,4.2,,,,,,,,,
108,Hunter Renfroe,LAA,131,496.4354244,548,86.9520295,0.21033210328467153,0.7209302326865183,0.26744186057209857,0.011627906982895668,0.05166051660583942,0.1236162361678832,0.13468634686131387,0.07933579335766423,0.001845018450729927,0.2564575645985402,0.00738007380109489,0.00738007380109489,0.001845018450729927,0.0036900368996350364,0.001845018450729927,0.001845018450729927,0.232,0.29704797,0.454175153,0.751223123,0.262195122,25.64575646,7.933579336,498,548,96,0.2116788321167883,0.6770833333333334,0.3229166666666667,0.0,0.0364963503649635,0.10948905109489052,0.10948905109489052,0.08029197080291971,0.0,0.2281021897810219,0.005474452554744526,0.005474452554744526,0.0,0.0,0.0,0.0,0.233,0.297,0.416,0.713,0.27,22.8,8.0,,,,,,,,,
109,Sean Murphy,ATL,134,386.9,438,78.67777778,0.21851851851598175,0.7319587628800464,0.26804123711995365,0.010309278348812052,0.03888888888127854,0.12407407406392694,0.12592592593607307,0.09074074073059361,0.0018518518515981736,0.22222222221461188,0.01851851851826484,0.007407407406392694,0.0018518518515981736,0.0018518518515981736,0.0,0.0018518518515981736,0.248,0.327777778,0.440251572,0.76802935,0.285294118,22.22222222,9.074074074,370,438,72,0.21232876712328766,0.7083333333333334,0.2916666666666667,0.0,0.04794520547945205,0.14840182648401826,0.1552511415525114,0.11187214611872145,0.0,0.2237442922374429,0.0410958904109589,0.00228310502283105,0.0,0.0,0.0,0.0,0.251,0.365,0.478,0.844,0.286,22.4,11.2,,,,,,,,,
110,Starling Marte,NYM,125,310.0574074,341,76.409259264,0.244444444457478,0.7851239668837421,0.19834710748387657,0.02479338842239715,0.020370370369501466,0.13148148149560115,0.1,0.06296296296187684,0.0018518518504398826,0.18518518519061583,0.0222222222228739,0.005555555554252199,0.0018518518504398826,0.044444444457478006,0.012962962961876831,0.03148148149560117,0.269,0.32962963,0.399185336,0.728814966,0.315926893,18.51851852,6.296296296,315,341,73,0.2287390029325513,0.8904109589041096,0.0958904109589041,0.0136986301369863,0.01466275659824047,0.11143695014662756,0.08211143695014662,0.0469208211143695,0.002932551319648094,0.20234604105571846,0.02346041055718475,0.0,0.005865102639296188,0.07038123167155426,0.011730205278592375,0.05865102639296188,0.248,0.301,0.324,0.625,0.303,20.2,4.7,,,,,,,,,
111,Trent Grisham,SDP,137,482.0277778,555,87.36111108,0.18888888882882884,0.7529411767641634,0.22352941186974656,0.03529411765581222,0.03148148147747747,0.12592592592792792,0.10370370371171171,0.10925925926126126,0.0037037037045045042,0.26666666666666666,0.011111111111711713,0.0055555555549549555,0.0055555555549549555,0.02407407407207207,0.0055555555549549555,0.01851851852252252,0.218,0.310986965,0.381663113,0.692650078,0.273311897,26.66666667,10.92592593,469,555,80,0.16756756756756758,0.6,0.3875,0.0125,0.023423423423423424,0.12072072072072072,0.09009009009009009,0.13513513513513514,0.0,0.2774774774774775,0.009009009009009009,0.0018018018018018018,0.007207207207207207,0.02702702702702703,0.005405405405405406,0.021621621621621623,0.198,0.315,0.352,0.666,0.264,27.7,13.5,,,,,,,,,
112,Luis Robert Jr.,CHW,126,546.2476723,595,130.74487892,0.25698324016806723,0.7457627120497854,0.23728813569044682,0.01694915255041027,0.03724394786554622,0.13594040968067228,0.12662942272268907,0.059590316571428575,0.003724394786554622,0.20670391058823528,0.013035381751260504,0.007448789571428572,0.001862197393277311,0.022346368722689077,0.007448789571428572,0.014897579142857144,0.28,0.330223881,0.46653144,0.796755321,0.322404372,20.67039106,5.959031657,546,595,106,0.24201680672268908,0.6509433962264151,0.33962264150943394,0.009433962264150943,0.06386554621848739,0.15126050420168066,0.13445378151260504,0.05042016806722689,0.008403361344537815,0.28907563025210087,0.020168067226890758,0.0033613445378151263,0.0,0.03361344537815126,0.0067226890756302525,0.02689075630252101,0.264,0.315,0.542,0.857,0.314,28.9,5.0,,,,,,,,,
113,Enrique Hernandez,BOS,128,454.0782123,508,90.81564244,0.21229050275590552,0.7083333334617986,0.2708333334342704,0.010416666673089936,0.03351955307086615,0.11545623836614173,0.11545623836614173,0.08752327746062992,0.0,0.20484171318897637,0.011173184358267717,0.007448789570866142,0.0018621973937007874,0.003724394785433071,0.0018621973937007874,0.0018621973937007874,0.236,0.310986965,0.40625,0.717236965,0.269662921,20.48417132,8.752327747,465,508,99,0.21653543307086615,0.7676767676767676,0.23232323232323232,0.0,0.021653543307086614,0.11220472440944881,0.12007874015748031,0.06692913385826772,0.001968503937007874,0.19094488188976377,0.005905511811023622,0.011811023622047244,0.0,0.007874015748031496,0.001968503937007874,0.005905511811023622,0.237,0.289,0.357,0.646,0.273,19.1,6.7,,,,,,,,,
114,Mike Yastrzemski,SFG,131,333.375,381,61.84141791,0.19589552238845143,0.6896551723970651,0.28735632187253646,0.034482758627938453,0.033582089553805775,0.11753731343832022,0.1156716417847769,0.10447761194225721,0.003731343283464567,0.2518656716535433,0.0111940298503937,0.007462686566929134,0.0018656716430446195,0.007462686566929134,0.0018656716430446195,0.005597014926509186,0.224,0.312149533,0.407249467,0.719399,0.271875,25.18656716,10.44776119,330,381,62,0.2020997375328084,0.6129032258064516,0.3709677419354839,0.016129032258064516,0.03937007874015748,0.14173228346456693,0.11286089238845144,0.11811023622047244,0.007874015748031496,0.25984251968503935,0.007874015748031496,0.0026246719160104987,0.005249343832020997,0.005249343832020997,0.005249343832020997,0.0,0.233,0.33,0.445,0.775,0.286,26.0,11.8,,,,,,,,,
115,Ramon Laureano,OAK,127,358.6915888,404,70.22803739,0.20747663551980197,0.7204301074089863,0.24731182794627152,0.021505376344392244,0.0336448598019802,0.11962616821782178,0.11588785047029702,0.07663551400990098,0.0,0.2598130841584158,0.02429906542079208,0.007476635514851485,0.0037383177574257425,0.02429906542079208,0.007476635514851485,0.016822429905940593,0.233,0.30956848,0.402105263,0.711673743,0.288819876,25.98130841,7.663551402,361,404,72,0.2004950495049505,0.6944444444444444,0.25,0.05555555555555555,0.022277227722772276,0.11386138613861387,0.08663366336633663,0.08168316831683169,0.0,0.28217821782178215,0.022277227722772276,0.0024752475247524753,0.0,0.0297029702970297,0.0024752475247524753,0.027227722772277228,0.224,0.304,0.371,0.676,0.301,28.2,8.2,,,,,,,,,
116,Jean Segura,MIA,127,297.2532833,326,74.007504688,0.24765478423312884,0.8016528926372495,0.18181818177396025,0.01652892561581457,0.020637898687116563,0.11444652907975461,0.10506566604294477,0.061913696073619635,0.0018761726073619632,0.1500938086196319,0.013133208254601226,0.005628517825153374,0.0018761726073619632,0.0187617260797546,0.007504690432515337,0.011257035647239264,0.271,0.325141777,0.393004115,0.718145892,0.304020101,15.00938086,6.191369606,301,326,63,0.20245398773006135,0.8888888888888888,0.07936507936507936,0.031746031746031744,0.009202453987730062,0.07668711656441718,0.06441717791411043,0.06748466257668712,0.003067484662576687,0.1441717791411043,0.006134969325153374,0.0,0.003067484662576687,0.018404907975460124,0.006134969325153374,0.012269938650306749,0.219,0.277,0.279,0.556,0.251,14.4,6.7,,,,,,,,,
117,CJ Abrams,WSN,136,575.9135338,614,131.57142855,0.23120300749185668,0.7543859650522886,0.2192982456600377,0.03508771930104577,0.016917293241042346,0.10902255638436482,0.08834586465798044,0.03759398496742671,0.0018796992475570032,0.18609022557003257,0.015037593985342018,0.005639097744299674,0.0037593984967426706,0.03007518796416938,0.007518796991856677,0.022556390977198696,0.247,0.28490566,0.368737475,0.653643135,0.289340102,18.60902256,3.759398496,563,614,120,0.2247557003257329,0.7166666666666667,0.23333333333333334,0.05,0.029315960912052116,0.13517915309446255,0.10423452768729642,0.05211726384364821,0.003257328990228013,0.19218241042345277,0.021172638436482084,0.004885993485342019,0.004885993485342019,0.07654723127035831,0.006514657980456026,0.07003257328990228,0.245,0.3,0.412,0.712,0.279,19.2,5.2,,,,,,,,,
118,Lourdes Gurriel Jr.,ARI,129,545.2631579,592,137.9849624,0.2537593984797297,0.7661290321879307,0.21774193547919538,0.02419354839060347,0.020676691722972974,0.11466165413851352,0.11466165413851352,0.060150375945945946,0.0018796992483108108,0.17481203006756757,0.009398496239864865,0.007518796993243243,0.0018796992483108108,0.009398496239864865,0.0037593984966216216,0.005639097744932433,0.275,0.323917137,0.412244898,0.736162035,0.317948718,17.48120301,6.015037594,551,592,120,0.24324324324324326,0.6916666666666667,0.2916666666666667,0.016666666666666666,0.04054054054054054,0.1097972972972973,0.13851351351351351,0.05574324324324324,0.0016891891891891893,0.17398648648648649,0.010135135135135136,0.0033783783783783786,0.0,0.008445945945945946,0.0,0.008445945945945946,0.261,0.309,0.463,0.772,0.282,17.4,5.6,,,,,,,,,
119,Spencer Torkelson,DET,133,605.1266541,684,121.54253305999998,0.20793950847953216,0.7234042554189303,0.2553191490149449,0.02127659574713162,0.030245746695906434,0.11153119092105263,0.10964083175438596,0.09451795840643275,0.00378071833625731,0.23818525526315787,0.011342155008771929,0.00756143667251462,0.001890359168128655,0.0056710775043859645,0.001890359168128655,0.00378071833625731,0.235,0.314393939,0.397435897,0.711829837,0.284848485,23.81852552,9.451795841,606,684,110,0.20614035087719298,0.6818181818181818,0.3090909090909091,0.00909090909090909,0.04532163742690058,0.1286549707602339,0.13742690058479531,0.097953216374269,0.0014619883040935672,0.25,0.008771929824561403,0.007309941520467836,0.0,0.0043859649122807015,0.0,0.0043859649122807015,0.233,0.313,0.446,0.758,0.269,25.0,9.8,,,,,,,,,
120,Will Smith,LAD,129,480.5530303,554,102.82575759000001,0.23295454548736463,0.7244897958062299,0.2551020408193036,0.020408163257764136,0.04734848485559567,0.14015151514440433,0.14772727272563177,0.10227272727436823,0.00568181818231047,0.191287878700361,0.01893939393501805,0.00946969696931408,0.0,0.00378787878700361,0.001893939393501805,0.001893939393501805,0.268,0.35483871,0.495633188,0.850471897,0.290801187,19.12878788,10.22727273,464,554,102,0.2184115523465704,0.7745098039215687,0.20588235294117646,0.0196078431372549,0.03429602888086643,0.1444043321299639,0.1371841155234657,0.11371841155234658,0.0036101083032490976,0.16064981949458484,0.02707581227436823,0.021660649819494584,0.0,0.005415162454873646,0.0,0.005415162454873646,0.261,0.359,0.438,0.797,0.277,16.1,11.4,,,,,,,,,
121,Andrew Benintendi,CHW,126,548.0795455,621,127.02272731,0.23106060611916263,0.7777777775853363,0.20370370364393023,0.01851851851093749,0.0265151515136876,0.12310606061191626,0.1060606060547504,0.10037878787439614,0.0018939393945249597,0.16856060611916265,0.007575757576489533,0.009469696969404187,0.0018939393945249597,0.017045454541062804,0.005681818181964573,0.011363636363929145,0.262,0.339015152,0.407725322,0.746740473,0.293478261,16.85606061,10.03787879,562,621,142,0.23671497584541062,0.7464788732394366,0.23943661971830985,0.014084507042253521,0.008051529790660225,0.11594202898550725,0.07246376811594203,0.08373590982286634,0.008051529790660225,0.143317230273752,0.004830917874396135,0.004830917874396135,0.001610305958132045,0.020933977455716585,0.00322061191626409,0.017713365539452495,0.262,0.326,0.356,0.682,0.301,14.3,8.4,,,,,,,,,
123,Josh Naylor,CLE,130,446.0646388,495,97.87072246,0.23384030424242425,0.7596153843697703,0.23076923069849384,0.009615384614991633,0.03612167301010101,0.11977186311111111,0.1330798478989899,0.07984790874747474,0.005703422052525253,0.15399239543434345,0.011406844107070708,0.007604562737373737,0.0,0.005703422052525253,0.001901140684848485,0.00380228136969697,0.259,0.325095057,0.434599156,0.759694213,0.275132275,15.39923954,7.984790875,452,495,122,0.2808080808080808,0.7459016393442623,0.2540983606557377,0.0,0.03434343434343434,0.10505050505050505,0.19595959595959597,0.06666666666666667,0.01818181818181818,0.13737373737373737,0.006060606060606061,0.014141414141414142,0.0,0.020202020202020204,0.006060606060606061,0.014141414141414142,0.308,0.354,0.489,0.842,0.326,13.7,6.7,,,,,,,,,
124,Luis Garcia Jr.,WSN,130,450.7251908,482,106.70229011800001,0.2404580153526971,0.7586206894011625,0.21551724133164307,0.017241379299033948,0.01908396946473029,0.10305343512448133,0.10114503817427385,0.05152671755186722,0.0038167938921161828,0.1965648854979253,0.0038167938921161828,0.005725190840248962,0.0019083969460580914,0.011450381678423237,0.0038167938921161828,0.007633587786307054,0.257,0.296934866,0.375510204,0.67244507,0.305263158,19.65648855,5.152671756,447,482,110,0.24688796680497926,0.8,0.16363636363636364,0.03636363636363636,0.01867219917012448,0.12655601659751037,0.1037344398340249,0.056016597510373446,0.002074688796680498,0.12448132780082988,0.0,0.014522821576763486,0.002074688796680498,0.01867219917012448,0.008298755186721992,0.01037344398340249,0.266,0.304,0.385,0.688,0.286,12.4,5.6,,,,,,,,,
126,Brandon Lowe,TBR,125,382.5440613,436,73.50191570000001,0.20881226052752294,0.6931818182529356,0.272727272739641,0.022727272726035898,0.040229885068807335,0.12260536399082568,0.1321839080504587,0.10153256704128441,0.0038314176238532114,0.2547892720183486,0.01532567049770642,0.005747126435779817,0.0,0.00766283525,0.0019157088119266057,0.005747126435779817,0.238,0.325670498,0.434497817,0.760168315,0.286644951,25.4789272,10.1532567,377,436,66,0.19954128440366972,0.7575757575757576,0.22727272727272727,0.015151515151515152,0.0481651376146789,0.13302752293577982,0.1559633027522936,0.11467889908256881,0.0,0.27293577981651373,0.013761467889908258,0.006880733944954129,0.0,0.016055045871559634,0.0,0.016055045871559634,0.231,0.328,0.443,0.771,0.275,27.3,11.5,,,,,,,,,
127,Dylan Carlson,STL,126,226.0115607,255,50.606936413,0.2196531791764706,0.7184466019298531,0.2524271844030939,0.029126213588012397,0.021194605007843138,0.11753371870588235,0.10597302505882353,0.0905587668627451,0.003853564549019608,0.20809248556862744,0.01348747591372549,0.007707129094117648,0.0,0.00963391136862745,0.001926782274509804,0.007707129094117648,0.248,0.324324324,0.389130435,0.713454759,0.298550725,20.80924855,9.055876686,219,255,43,0.18823529411764706,0.7906976744186046,0.18604651162790697,0.023255813953488372,0.0196078431372549,0.10588235294117647,0.10588235294117647,0.10196078431372549,0.0,0.19215686274509805,0.027450980392156862,0.011764705882352941,0.0,0.011764705882352941,0.0,0.011764705882352941,0.219,0.318,0.333,0.651,0.256,19.2,10.2,,,,,,,,,
128,Willson Contreras,STL,126,425.106383,495,90.00000001999999,0.22243713737373735,0.7446808509456265,0.2340425531702128,0.021276595739716315,0.04061895551515152,0.13926499032323233,0.12765957446464646,0.10251450676767677,0.0019342359777777779,0.22630560929292928,0.030947775636363636,0.0058027079313131315,0.0019342359777777779,0.011605415860606061,0.0038684719535353536,0.007736943907070707,0.259,0.356589147,0.459459459,0.816048607,0.30420712,22.63056093,10.25145068,428,495,93,0.22828282828282828,0.7096774193548387,0.2903225806451613,0.0,0.04040404040404041,0.1111111111111111,0.13535353535353536,0.10303030303030303,0.0,0.22424242424242424,0.026262626262626262,0.00404040404040404,0.00202020202020202,0.012121212121212121,0.006060606060606061,0.006060606060606061,0.264,0.358,0.467,0.826,0.311,22.4,10.3,,,,,,,,,
129,Ha-Seong Kim,SDP,128,561.8259188,626,117.45067702,0.2127659575079872,0.7422680410361078,0.23711340195389194,0.020618556694974425,0.02514506769968051,0.11798839458466454,0.10251450677316296,0.08123791102236422,0.0019342359760383386,0.18762088977635782,0.009671179883386581,0.00580270792971246,0.003868471953674121,0.01740812378594249,0.00580270792971246,0.011605415861022364,0.237,0.305447471,0.379310345,0.684757816,0.271708683,18.76208897,8.123791103,538,626,123,0.22364217252396165,0.8130081300813008,0.18699186991869918,0.0,0.027156549520766772,0.134185303514377,0.09584664536741214,0.11980830670926518,0.001597444089456869,0.19808306709265175,0.004792332268370607,0.007987220447284345,0.007987220447284345,0.06070287539936102,0.01437699680511182,0.0463258785942492,0.26,0.351,0.398,0.749,0.306,19.8,12.0,,,,,,,,,
130,Giancarlo Stanton,NYY,122,364.4294004,415,63.4139265,0.2088974854939759,0.7848101265263868,0.2151898734736131,0.0,0.0560928433253012,0.12959381043373494,0.14700193424096386,0.10638297872289157,0.005802707930120482,0.29013539662650606,0.0077369439060240965,0.005802707930120482,0.0,0.0,0.0,0.0,0.238,0.323643411,0.466960352,0.790603763,0.284172662,29.01353965,10.63829787,371,415,47,0.1710843373493976,0.723404255319149,0.2765957446808511,0.0,0.05783132530120482,0.10361445783132531,0.14457831325301204,0.09879518072289156,0.007228915662650603,0.2987951807228916,0.004819277108433735,0.0024096385542168677,0.0,0.0,0.0,0.0,0.191,0.275,0.42,0.695,0.21,29.9,9.9,,,,,,,,,
131,Mark Canha,NYM,127,434.4313346,507,94.143133498,0.20502901360946746,0.7499999997503801,0.2187499998652318,0.02083333332049827,0.019342359767258382,0.11605415859960552,0.09864603481262327,0.10058027078895464,0.0,0.20309477751479288,0.034816247573964496,0.0058027079309664695,0.0019342359763313609,0.00773694390729783,0.0038684719526627218,0.0038684719526627218,0.239,0.341085271,0.361173815,0.702259086,0.290030211,20.30947776,10.05802708,435,507,103,0.22485207100591717,0.7475728155339806,0.24271844660194175,0.009708737864077669,0.021696252465483234,0.10059171597633136,0.1222879684418146,0.09664694280078895,0.0019723865877712033,0.15581854043392504,0.03353057199211045,0.011834319526627219,0.0,0.021696252465483234,0.0019723865877712033,0.01972386587771203,0.262,0.355,0.4,0.755,0.293,15.6,9.7,,,,,,,,,
132,Tony Kemp,OAK,129,367.131528,419,81.044487429,0.20309477756563243,0.7999999999605156,0.18000000003430214,0.02000000000518234,0.009671179883054893,0.09477756286396181,0.07156673114558473,0.08897485494033412,0.0,0.13539651837708833,0.013539651837708831,0.007736943906921241,0.01160541586157518,0.017408123789976134,0.00580270793078759,0.01160541586157518,0.231,0.309803922,0.313465784,0.623269705,0.261780105,13.53965184,8.897485493,359,419,70,0.17899761336515513,0.7714285714285715,0.18571428571428572,0.04285714285714286,0.011933174224343675,0.10023866348448687,0.06443914081145585,0.10501193317422435,0.0,0.0954653937947494,0.014319809069212411,0.007159904534606206,0.016706443914081145,0.03579952267303103,0.00954653937947494,0.026252983293556086,0.209,0.303,0.304,0.607,0.221,9.5,10.5,,,,,,,,,
133,Jeimer Candelario,WSN,126,517.9534884,576,108.27906972,0.21511627899305555,0.7216494848179049,0.2577319588371506,0.020618556714360366,0.02713178295138889,0.10658914729166666,0.10658914729166666,0.08139534883680556,0.001937984496527778,0.22674418611111113,0.011627906977430555,0.005813953487847222,0.0,0.001937984496527778,0.0,0.001937984496527778,0.238,0.308737864,0.392241379,0.700979243,0.288690476,22.6744186,8.139534884,505,576,105,0.2204861111111111,0.6,0.37142857142857144,0.02857142857142857,0.03819444444444445,0.13368055555555555,0.12152777777777778,0.0920138888888889,0.001736111111111111,0.2204861111111111,0.022569444444444444,0.006944444444444444,0.0,0.013888888888888888,0.001736111111111111,0.012152777777777778,0.251,0.336,0.471,0.807,0.292,22.0,9.2,,,,,,,,,
134,Whit Merrifield,TOR,126,546.994152,592,132.709551689,0.23976608192567567,0.7565217388065499,0.20869565210275406,0.02608695651472807,0.015594541910472973,0.12280701755067569,0.09551656920608109,0.06237816763513513,0.0,0.16569200780405405,0.005847953216216216,0.007797270954391891,0.0019493177381756756,0.03508771929054054,0.009746588694256757,0.02534113060810811,0.259,0.307992203,0.371308017,0.67930022,0.298701299,16.56920078,6.237816764,547,592,138,0.2516891891891892,0.8043478260869565,0.1956521739130435,0.0,0.018581081081081082,0.11148648648648649,0.11317567567567567,0.060810810810810814,0.0033783783783783786,0.17060810810810811,0.005067567567567568,0.010135135135135136,0.0,0.04391891891891892,0.016891891891891893,0.02702702702702703,0.272,0.318,0.382,0.7,0.313,17.1,6.1,,,,,,,,,
135,Kolten Wong,SEA,126,220.703125,250,46.38671875,0.20703125,0.7789473684210526,0.21052631578947367,0.021052631578947368,0.021484375,0.11328125,0.0859375,0.083984375,0.00390625,0.19140625,0.021484375,0.0078125,0.00390625,0.029296875,0.009765625,0.01953125,0.235,0.31372549,0.362831858,0.676557349,0.273775216,19.140625,8.3984375,224,250,37,0.164,0.8378378378378378,0.16216216216216217,0.0,0.016,0.1,0.108,0.072,0.0,0.212,0.02,0.012,0.0,0.012,0.008,0.004,0.183,0.256,0.263,0.519,0.218,21.2,7.2,,,,,,,,,
136,Brendan Donovan,STL,127,322.2607843,371,79.292156868,0.22549019609164422,0.7798165136677487,0.20183486238925497,0.018348623854715144,0.011764705881401617,0.1156862745013477,0.09019607843665768,0.10392156862533693,0.003921568628032345,0.16862745097035042,0.01960784313746631,0.0058823529407008085,0.0019607843126684637,0.009803921568733154,0.003921568628032345,0.0058823529407008085,0.261,0.349705305,0.358916479,0.708621783,0.307909605,16.8627451,10.39215686,327,371,82,0.25067385444743934,0.8658536585365854,0.12195121951219512,0.012195121951219513,0.029649595687331536,0.1293800539083558,0.09164420485175202,0.0889487870619946,0.005390835579514825,0.14285714285714285,0.02425876010781671,0.0026954177897574125,0.0026954177897574125,0.013477088948787063,0.0026954177897574125,0.01078167115902965,0.284,0.365,0.422,0.787,0.311,14.3,8.9,,,,,,,,,
137,Harrison Bader,NYY,129,312.972549,344,64.07843137,0.21568627450581396,0.7473684211068414,0.22105263155102103,0.031578947373349216,0.029411764709302325,0.12156862744186048,0.09999999999999999,0.06470588235465116,0.0019607843139534883,0.22745098037790698,0.01764705882267442,0.005882352941860464,0.0019607843139534883,0.033333333343023255,0.007843137255813953,0.025490196078488372,0.237,0.298624754,0.392241379,0.690866134,0.282738095,22.74509804,6.470588235,319,344,67,0.21511627906976744,0.7910447761194029,0.1791044776119403,0.029850746268656716,0.020348837209302327,0.12790697674418605,0.11627906976744186,0.04941860465116279,0.0,0.17151162790697674,0.00872093023255814,0.011627906976744186,0.0029069767441860465,0.05813953488372093,0.00872093023255814,0.04941860465116279,0.232,0.274,0.348,0.622,0.261,17.2,4.9,,,,,,,,,
138,Lars Nootbaar,STL,129,437.7779961,503,88.93909622999999,0.21021610994035786,0.755555555862882,0.21111111115233785,0.033333333344576985,0.03339882121272366,0.12573673870775348,0.11591355598409543,0.11591355598409543,0.007858546168986083,0.21218074652087476,0.005893909626242545,0.005893909626242545,0.0019646365427435386,0.01178781925248509,0.003929273083499006,0.007858546168986083,0.242,0.332677165,0.413092551,0.745769716,0.280373832,21.21807466,11.5913556,426,503,97,0.220675944333996,0.7525773195876289,0.23711340206185566,0.010309278350515464,0.027833001988071572,0.147117296222664,0.09145129224652088,0.14314115308151093,0.003976143141153081,0.19681908548707752,0.0019880715705765406,0.005964214711729622,0.0019880715705765406,0.02186878727634195,0.0019880715705765406,0.019880715705765408,0.261,0.367,0.418,0.784,0.307,19.7,14.3,,,,,,,,,
139,Justin Turner,BOS,121,554.6679764,626,124.21610999,0.22986247539936103,0.7623762378134669,0.23762376242804767,0.0,0.031434184680511186,0.11787819253993612,0.11787819253993612,0.08644400785942492,0.0019646365415335464,0.17485265223642174,0.017681728881789135,0.007858546169329074,0.0019646365415335464,0.003929273084664537,0.0019646365415335464,0.0019646365415335464,0.26,0.334645669,0.419068736,0.753714405,0.288571429,17.48526523,8.644400786,558,626,131,0.24600638977635783,0.7633587786259542,0.2366412213740458,0.0,0.036741214057507986,0.13738019169329074,0.15335463258785942,0.08146964856230032,0.0,0.1757188498402556,0.01757188498402556,0.009584664536741214,0.0,0.006389776357827476,0.001597444089456869,0.004792332268370607,0.276,0.345,0.455,0.8,0.304,17.6,8.1,,,,,,,,,
140,Cody Bellinger,CHC,125,496.8976378,556,93.0314961,0.20275590557553955,0.7058823526756118,0.2588235293358891,0.03529411763378058,0.03543307086330935,0.11811023622302158,0.11811023622302158,0.09055118109712229,0.003937007874100719,0.2598425196043166,0.005905511811151079,0.005905511811151079,0.0019685039370503595,0.019685039370503598,0.005905511811151079,0.013779527559352519,0.227,0.300395257,0.407488987,0.707884244,0.276872964,25.98425197,9.05511811,499,556,127,0.2751798561151079,0.7637795275590551,0.2283464566929134,0.007874015748031496,0.046762589928057555,0.17086330935251798,0.17446043165467626,0.07194244604316546,0.00539568345323741,0.1564748201438849,0.008992805755395683,0.02158273381294964,0.0,0.03597122302158273,0.01079136690647482,0.025179856115107913,0.307,0.356,0.525,0.881,0.319,15.6,7.2,,,,,,,,,
143,Masataka Yoshida,BOS,119,508.7920792,580,125.18811878000001,0.24752475241379313,0.733944954324842,0.25688073399771877,0.009174311925066536,0.03168316831034483,0.12673267327586207,0.12475247524137931,0.10495049505172413,0.011881188118965517,0.12079207920689657,0.011881188118965517,0.0059405940586206895,0.0,0.003960396039655173,0.0019801980189655174,0.0019801980189655174,0.283,0.364356436,0.458239278,0.822595713,0.295392954,12.07920792,10.4950495,537,580,140,0.2672413793103448,0.7428571428571429,0.2357142857142857,0.02142857142857143,0.02586206896551724,0.12241379310344827,0.12413793103448276,0.05862068965517241,0.0,0.1396551724137931,0.01206896551724138,0.0034482758620689655,0.0,0.013793103448275862,0.0,0.013793103448275862,0.289,0.338,0.445,0.783,0.316,14.0,5.9,,,,,,,,,
144,Bryson Stott,PHI,128,579.1683168,640,124.19801981,0.2178217821875,0.7551020407851058,0.21428571430296783,0.04081632653044792,0.023762376234375,0.116831683171875,0.099009900984375,0.083168316828125,0.0019801980203125,0.21584158421875,0.0039603960390624995,0.005940594059375,0.0019801980203125,0.019801980203125,0.0039603960390624995,0.015841584156249998,0.242,0.305555556,0.38512035,0.690675906,0.289085546,21.58415842,8.316831683,585,640,149,0.25625,0.7718120805369127,0.21476510067114093,0.013422818791946308,0.0234375,0.121875,0.096875,0.0609375,0.0015625,0.15625,0.0109375,0.0125,0.0015625,0.0484375,0.0046875,0.04375,0.28,0.329,0.419,0.747,0.312,15.6,6.1,,,,,,,,,
145,Max Kepler,MIN,124,429.7465347,491,87.50495046,0.2099009900203666,0.7222222224888737,0.25555555568507204,0.02222222222603153,0.0316831683095723,0.12079207920570265,0.11089108910386965,0.1049504950509165,0.003960396038696538,0.17227722771894094,0.011881188118126272,0.007920792079429735,0.0,0.009900990099796335,0.001980198020366599,0.007920792079429735,0.241,0.326732673,0.409502262,0.736234936,0.262390671,17.22772277,10.4950495,438,491,90,0.23217922606924643,0.7333333333333333,0.24444444444444444,0.022222222222222223,0.048879837067209775,0.14663951120162932,0.13441955193482688,0.09164969450101833,0.0,0.2158859470468432,0.008146639511201629,0.008146639511201629,0.0,0.002036659877800407,0.002036659877800407,0.0,0.26,0.332,0.484,0.816,0.288,21.6,9.2,,,,,,,,,
146,Carlos Santana,PIT,122,533.1980198,619,99.28514851,0.19207920791599353,0.7530864197928769,0.24691358030784297,0.01234567901035615,0.03168316831987076,0.10891089108239096,0.11485148515347335,0.12673267326332796,0.0039603960403877215,0.17029702972536348,0.0039603960403877215,0.005940594059773829,0.0,0.0019801980193861067,0.0,0.0019801980193861067,0.222,0.323412698,0.386206897,0.709619595,0.241071429,17.02970297,12.67326733,550,619,109,0.21324717285945072,0.6880733944954128,0.30275229357798167,0.009174311926605505,0.03715670436187399,0.1260096930533118,0.13893376413570274,0.1050080775444265,0.0,0.1680129240710824,0.0,0.006462035541195477,0.0,0.009693053311793215,0.0,0.009693053311793215,0.24,0.318,0.429,0.747,0.255,16.8,10.5,,,,,,,,,
147,Fernando Tatis Jr.,SDP,116,555.625,635,113.39285711,0.24603174598425198,0.7000000002028347,0.2666666667607349,0.022222222230061244,0.06746031746456693,0.17261904755905513,0.17063492062992128,0.10714285714960631,0.007936507937007875,0.2678571428346457,0.009920634921259842,0.005952380952755906,0.0,0.03968253968503937,0.009920634921259842,0.029761904755905514,0.28,0.363817097,0.573696145,0.937513243,0.327272727,26.78571429,10.71428571,575,635,123,0.23307086614173228,0.7235772357723578,0.2682926829268293,0.008130081300813009,0.03937007874015748,0.14330708661417324,0.12283464566929134,0.08346456692913386,0.0,0.2220472440944882,0.004724409448818898,0.004724409448818898,0.0015748031496062992,0.04566929133858268,0.006299212598425197,0.03937007874015748,0.257,0.322,0.449,0.77,0.299,22.2,8.3,,,,,,,,,
148,Seth Brown,OAK,129,342.0,378,61.5,0.20436507936507936,0.6951219512195121,0.2682926829268293,0.024390243902439025,0.041666666666666664,0.11507936507936507,0.13293650793650794,0.08134920634920635,0.003968253968253968,0.2718253968253968,0.005952380952380952,0.007936507936507936,0.001984126984126984,0.013888888888888888,0.003968253968253968,0.00992063492063492,0.227,0.291666667,0.418859649,0.710526316,0.271523179,27.18253968,8.134920635,343,378,62,0.20105820105820105,0.6774193548387096,0.3064516129032258,0.016129032258064516,0.037037037037037035,0.0873015873015873,0.13756613756613756,0.07936507936507936,0.0026455026455026454,0.2671957671957672,0.005291005291005291,0.005291005291005291,0.0026455026455026454,0.007936507936507936,0.0026455026455026454,0.005291005291005291,0.222,0.286,0.405,0.692,0.27,26.7,7.9,,,,,,,,,
149,Chris Taylor,LAD,124,339.72167,384,67.18091452,0.20874751492187502,0.7159090909023249,0.2613636363162744,0.022727272721859933,0.03379721669270833,0.13121272364583333,0.11530815109374999,0.09741550695312501,0.0019880715703125,0.3081510934895833,0.011928429424479166,0.0059642147109375,0.0019880715703125,0.015904572565104167,0.003976143140625,0.011928429424479166,0.236,0.318091451,0.411235955,0.729327406,0.31884058,30.81510934,9.741550696,338,384,65,0.20833333333333334,0.7538461538461538,0.23076923076923078,0.015384615384615385,0.0390625,0.1328125,0.14583333333333334,0.10677083333333333,0.005208333333333333,0.3255208333333333,0.010416666666666666,0.0026041666666666665,0.0,0.041666666666666664,0.0078125,0.033854166666666664,0.237,0.326,0.42,0.746,0.327,32.6,10.7,,,,,,,,,
151,Michael Conforto,SFG,120,403.5258964,470,87.0717131,0.21513944212765956,0.7311827961496717,0.2473118280706022,0.02150537635396541,0.029880478085106382,0.12350597608510638,0.11155378485106383,0.1175298804680851,0.005976095617021277,0.21314741042553192,0.01792828685319149,0.007968127489361702,0.0,0.005976095617021277,0.0019920318723404256,0.003984063744680851,0.251,0.349900596,0.417633411,0.767534007,0.297124601,21.31474104,11.75298805,406,470,82,0.20638297872340425,0.8292682926829268,0.17073170731707318,0.0,0.031914893617021274,0.12340425531914893,0.12340425531914893,0.1127659574468085,0.00851063829787234,0.225531914893617,0.014893617021276596,0.00851063829787234,0.0,0.00851063829787234,0.0,0.00851063829787234,0.239,0.334,0.384,0.718,0.284,22.6,11.3,,,,,,,,,
152,Andrew McCutchen,PIT,119,411.7549801,473,85.74302788,0.21115537847780125,0.7252747253926345,0.2637362638003448,0.021978021975586896,0.029880478097251584,0.12151394422832981,0.11155378486257929,0.11155378486257929,0.0,0.22509960169133195,0.007968127490486258,0.007968127490486258,0.0,0.013944223107822411,0.0039840637441860465,0.009960159361522199,0.243,0.331337325,0.411899314,0.743236639,0.290734824,22.50996016,11.15537849,390,473,88,0.21141649048625794,0.7840909090909091,0.2159090909090909,0.0,0.02536997885835095,0.11627906976744186,0.09090909090909091,0.15856236786469344,0.0021141649048625794,0.21141649048625794,0.008456659619450317,0.008456659619450317,0.0,0.023255813953488372,0.006342494714587738,0.016913319238900635,0.256,0.378,0.397,0.776,0.312,21.1,15.9,,,,,,,,,
153,Byron Buxton,MIN,119,310.9840319,347,55.40918163999999,0.21357285429394812,0.6624999998826909,0.2999999999639049,0.03749999999097623,0.05389221556195966,0.14171656685878964,0.13972055887608067,0.0838323353314121,0.001996007982708934,0.30538922161383286,0.01397205588760807,0.005988023951008646,0.001996007982708934,0.01796407185590778,0.003992015968299712,0.01397205588760807,0.239,0.311377246,0.485523385,0.796900631,0.294117647,30.53892216,8.383233533,304,347,46,0.18155619596541786,0.6086956521739131,0.3695652173913043,0.021739130434782608,0.04899135446685879,0.14121037463976946,0.12103746397694524,0.10086455331412104,0.005763688760806916,0.31412103746397696,0.011527377521613832,0.011527377521613832,0.0,0.025936599423631124,0.0,0.025936599423631124,0.207,0.294,0.438,0.731,0.253,31.4,10.1,,,,,,,,,
154,Manuel Margot,TBR,123,306.432,336,69.888,0.23,0.7692307692307692,0.2019230769230769,0.019230769230769232,0.022000000000000002,0.11599999999999999,0.102,0.074,0.002,0.166,0.006,0.008,0.002,0.03,0.01,0.02,0.253,0.31,0.377192982,0.687192982,0.284153005,16.6,7.4,311,336,78,0.24404761904761904,0.717948717948718,0.2692307692307692,0.01282051282051282,0.011904761904761904,0.11607142857142858,0.1130952380952381,0.05357142857142857,0.0,0.1636904761904762,0.011904761904761904,0.008928571428571428,0.0,0.026785714285714284,0.008928571428571428,0.017857142857142856,0.264,0.31,0.376,0.686,0.306,16.4,5.4,,,,,,,,,
155,Lane Thomas,WSN,123,615.164,682,124.124,0.212,0.7142857142857143,0.26373626373626374,0.02197802197802198,0.030000000000000002,0.12000000000000001,0.104,0.08399999999999999,0.0,0.246,0.008,0.005999999999999999,0.0,0.018,0.005999999999999999,0.011999999999999999,0.236,0.304,0.396895787,0.700895787,0.287974684,24.6,8.4,628,682,140,0.24633431085043989,0.7214285714285714,0.2571428571428571,0.02142857142857143,0.04105571847507331,0.14809384164222875,0.12609970674486803,0.05278592375366569,0.0,0.25806451612903225,0.016129032258064516,0.010263929618768328,0.0,0.02932551319648094,0.007331378299120235,0.021994134897360705,0.268,0.315,0.468,0.783,0.325,25.8,5.3,,,,,,,,,
156,Elvis Andrus,CHW,126,370.9437751,406,83.971887554,0.22891566266009852,0.7864077669747983,0.21359223297756666,0.009708737861534053,0.022088353413793102,0.11445783133004926,0.09839357428571428,0.060240963866995074,0.0,0.15863453815270936,0.008032128514778325,0.006024096386699507,0.002008032128078818,0.022088353413793102,0.010040160642857144,0.01204819277093596,0.251,0.300813008,0.378021978,0.678834986,0.279891304,15.86345382,6.024096386,374,406,88,0.2315270935960591,0.7613636363636364,0.22727272727272727,0.011363636363636364,0.014778325123152709,0.0960591133004926,0.10837438423645321,0.06157635467980296,0.0024630541871921183,0.1748768472906404,0.009852216748768473,0.0049261083743842365,0.0024630541871921183,0.029556650246305417,0.009852216748768473,0.019704433497536946,0.251,0.304,0.358,0.662,0.294,17.5,6.2,,,,,,,,,
157,Trey Mancini,CHC,119,233.8366935,263,50.903225807999995,0.22379032258555132,0.7708333333922688,0.20833333333333334,0.010416666656844108,0.030241935482889736,0.11290322581749049,0.11491935482889734,0.08870967741444867,0.004032258064638783,0.21774193547528517,0.0141129032243346,0.006048387095057034,0.004032258064638783,0.0,0.0,0.0,0.251,0.327272727,0.401360544,0.728633271,0.299065421,21.77419355,8.870967742,235,263,51,0.20912547528517111,0.7647058823529411,0.23529411764705882,0.0,0.015209125475285171,0.11787072243346007,0.10646387832699619,0.07984790874524715,0.0038022813688212928,0.2965779467680608,0.0076045627376425855,0.011406844106463879,0.0,0.0,0.0,0.0,0.234,0.299,0.336,0.635,0.327,29.7,8.0,,,,,,,,,
158,Tyler Stephenson,CIN,126,460.6,517,108.62222227,0.2343434344294004,0.7692307689333376,0.2211538460361128,0.00961538460706361,0.02424242423597679,0.11313131313346228,0.10909090909090909,0.08484848485493231,0.0020202020193423598,0.2242424241779497,0.014141414141199226,0.008080808081237912,0.0020202020193423598,0.0020202020193423598,0.0,0.0020202020193423598,0.263,0.334008097,0.401360544,0.735368641,0.322981366,22.42424242,8.484848485,465,517,100,0.218568665377176,0.78,0.2,0.02,0.025145067698259187,0.11411992263056092,0.10831721470019343,0.09090909090909091,0.0038684719535783366,0.2611218568665377,0.007736943907156673,0.0019342359767891683,0.0,0.0,0.0019342359767891683,-0.0019342359767891683,0.243,0.317,0.378,0.696,0.314,26.1,9.1,,,,,,,,,
159,Ezequiel Tovar,COL,122,568.8438134,615,137.22109536,0.24746450308943088,0.7454545449563449,0.23636363632653634,0.027272727266764767,0.024340770796747967,0.12170385395121952,0.10750507099186991,0.05070993915447154,0.0020283975658536586,0.18052738341463415,0.008113590263414634,0.006085192697560976,0.008113590263414634,0.024340770796747967,0.0020283975658536586,0.022312373219512197,0.268,0.30942623,0.418859649,0.728285879,0.30726257,18.05273834,5.070993915,581,615,132,0.23902439024390243,0.6893939393939394,0.2803030303030303,0.030303030303030304,0.024390243902439025,0.12845528455284552,0.11869918699186992,0.04065040650406504,0.0,0.26991869918699185,0.0065040650406504065,0.004878048780487805,0.0032520325203252032,0.01788617886178862,0.008130081300813009,0.00975609756097561,0.253,0.287,0.408,0.695,0.328,27.0,4.1,,,,,,,,,
160,Joey Gallo,MIN,125,279.4726166,332,36.36511156,0.1602434077108434,0.7037037036935189,0.2777777778388864,0.018518518522592425,0.050709939156626506,0.12778904665662652,0.13184584177710845,0.14198782960843373,0.004056795132530121,0.3671399593373494,0.010141987828313253,0.004056795132530121,0.0,0.00608519269879518,0.0020283975662650604,0.004056795132530121,0.19,0.31300813,0.412048193,0.725056323,0.255924171,36.71399594,14.19878296,282,332,29,0.15060240963855423,0.6551724137931034,0.3103448275862069,0.034482758620689655,0.06325301204819277,0.11746987951807229,0.12048192771084337,0.14457831325301204,0.0030120481927710845,0.42771084337349397,0.006024096385542169,0.0,0.0,0.0030120481927710845,0.0030120481927710845,0.0,0.177,0.301,0.44,0.741,0.244,42.8,14.5,,,,,,,,,
161,Brandon Drury,LAA,123,476.2276423,523,93.54471546,0.21544715449330784,0.7386363635853428,0.24999999994654962,0.0113636363612068,0.036585365850860425,0.11788617885277247,0.11788617885277247,0.07113821137667305,0.0,0.24186991873804972,0.010162601625239007,0.006097560975143404,0.0,0.004065040650095602,0.002032520325047801,0.002032520325047801,0.237,0.297352342,0.410714286,0.708066628,0.280254777,24.18699187,7.113821138,485,523,101,0.24282982791587,0.6732673267326733,0.297029702970297,0.0297029702970297,0.0497131931166348,0.11663479923518165,0.1586998087954111,0.04780114722753346,0.0,0.26003824091778205,0.015296367112810707,0.009560229445506692,0.0,0.0,0.0038240917782026767,-0.0038240917782026767,0.262,0.306,0.497,0.803,0.308,26.0,4.8,,,,,,,,,
162,Charlie Blackmon,COL,114,374.3861789,413,88.979674793,0.23780487803874092,0.7452830188947486,0.216981132094662,0.03773584905554353,0.022357723576271187,0.11788617886198548,0.1056910569007264,0.0691056910653753,0.004065040651331719,0.18292682927360773,0.014227642276029056,0.0060975609757869245,0.002032520324455206,0.0060975609757869245,0.002032520324455206,0.004065040651331719,0.263,0.32244898,0.405829596,0.728278576,0.304597701,18.29268293,6.910569106,359,413,92,0.24213075060532688,0.6847826086956522,0.2608695652173913,0.05434782608695652,0.01937046004842615,0.13801452784503632,0.09685230024213075,0.09443099273607748,0.0,0.13317191283292978,0.026634382566585957,0.009685230024213076,0.0,0.009685230024213076,0.002421307506053269,0.007263922518159807,0.279,0.363,0.44,0.803,0.307,13.3,9.4,,,,,,,,,
164,Jorge Soler,MIA,117,506.7617108,580,88.59470469,0.19551934827586206,0.719999999923246,0.2666666666215172,0.013333333331075862,0.04276985743103448,0.11812627291379312,0.1364562118103448,0.10386965377586208,0.002036659877586207,0.2871690427586207,0.012219959267241379,0.00610997963275862,0.0,0.002036659877586207,0.0,0.002036659877586207,0.225,0.312883436,0.421911422,0.734794857,0.277777778,28.71690428,10.38696538,504,580,90,0.21724137931034482,0.7333333333333333,0.26666666666666666,0.0,0.06206896551724138,0.13275862068965516,0.12931034482758622,0.11379310344827587,0.006896551724137931,0.24310344827586206,0.010344827586206896,0.006896551724137931,0.0,0.0017241379310344827,0.0,0.0017241379310344827,0.25,0.341,0.512,0.853,0.272,24.3,11.4,,,,,,,,,
165,Joc Pederson,SFG,127,372.9591837,425,71.12244898,0.2102040816235294,0.7195121951493859,0.26829268288224795,0.02439024390861182,0.04285714284705882,0.12448979592941177,0.13061224489411766,0.09591836734117647,0.004081632654117647,0.2265306122352941,0.01836734693882353,0.008163265305882354,0.0,0.00612244897882353,0.0020408163270588236,0.004081632654117647,0.24,0.324489796,0.448837209,0.773327005,0.271523179,22.65306122,9.591836735,358,425,69,0.1976470588235294,0.7536231884057971,0.2028985507246377,0.043478260869565216,0.03529411764705882,0.1388235294117647,0.12,0.13411764705882354,0.01411764705882353,0.20941176470588235,0.01647058823529412,0.007058823529411765,0.0,0.0,0.0,0.0,0.235,0.348,0.416,0.764,0.268,20.9,13.4,,,,,,,,,
166,Alejandro Kirk,TOR,123,370.2208589,422,88.02453984,0.24130879336492891,0.7843137258711059,0.20588235306814642,0.0,0.03271983639810426,0.12474437627962084,0.12474437627962084,0.1042944785308057,0.0040899795497630325,0.12065439672985782,0.010224948874407582,0.008179959099526065,0.0,0.0,0.0,0.0,0.275,0.355828221,0.433566434,0.789394654,0.284916201,12.06543967,10.42944785,372,422,85,0.22037914691943128,0.8117647058823529,0.18823529411764706,0.0,0.018957345971563982,0.08056872037914692,0.1018957345971564,0.0995260663507109,0.002369668246445498,0.1066350710900474,0.014218009478672985,0.004739336492890996,0.0,0.0,0.0,0.0,0.25,0.334,0.358,0.692,0.265,10.7,10.0,,,,,,,,,
167,DJ LeMahieu,NYY,113,498.5297741,562,126.940451753,0.24024640658362992,0.8181818180550586,0.16363636361101172,0.018181818184253108,0.014373716631672596,0.11498973306049821,0.0924024640569395,0.09856262834519573,0.0,0.13963039014234874,0.004106776181494662,0.006160164270462633,0.002053388090747331,0.006160164270462633,0.002053388090747331,0.004106776181494662,0.27,0.344329897,0.37037037,0.714700267,0.305555556,13.96303901,9.856262834,497,562,106,0.21530249110320285,0.7641509433962265,0.20754716981132076,0.02830188679245283,0.026690391459074734,0.09786476868327403,0.07829181494661921,0.10676156583629894,0.0035587188612099642,0.22241992882562278,0.005338078291814947,0.0035587188612099642,0.0,0.0035587188612099642,0.0035587188612099642,0.0,0.243,0.327,0.39,0.718,0.295,22.2,10.7,,,,,,,,,
168,Triston Casas,BOS,122,437.9588477,502,87.79835394999999,0.20370370378486055,0.7411764701996444,0.24705882336191567,0.023529411749296243,0.028806584362549802,0.11522633745019921,0.10905349794820718,0.11111111111553786,0.0061728395059760955,0.23251028804780877,0.008230452675298804,0.0061728395059760955,0.0,0.004115226336653386,0.0020576131693227093,0.0020576131693227093,0.234,0.32371134,0.393867925,0.717579265,0.283333333,23.25102881,11.11111111,429,502,89,0.2250996015936255,0.7415730337078652,0.23595505617977527,0.02247191011235955,0.04780876494023904,0.13147410358565736,0.1294820717131474,0.1394422310756972,0.00398406374501992,0.250996015936255,0.00199203187250996,0.00398406374501992,0.0,0.0,0.0,0.0,0.263,0.367,0.49,0.856,0.317,25.1,13.9,,,,,,,,,
170,Adam Frazier,BAL,120,412.6086957,455,103.623188414,0.2298136646153846,0.7727272726842848,0.19999999997297904,0.018181818180239034,0.002070393375824176,0.09937888197802199,0.07660455485714286,0.07246376810989011,0.002070393375824176,0.12008281573626374,0.010351966874725275,0.006211180125274725,0.00414078674945055,0.0165631469978022,0.006211180125274725,0.010351966874725275,0.252,0.313929314,0.317351598,0.631280912,0.287958115,12.00828157,7.246376812,412,455,86,0.2175824175824176,0.7325581395348837,0.2441860465116279,0.023255813953488372,0.02857142857142857,0.12967032967032968,0.13186813186813187,0.07032967032967033,0.0,0.14945054945054945,0.008791208791208791,0.004395604395604396,0.008791208791208791,0.024175824175824177,0.008791208791208791,0.015384615384615385,0.24,0.3,0.396,0.696,0.258,14.9,7.0,,,,,,,,,
172,Brandon Marsh,PHI,125,425.8794179,472,92.241164287,0.21621621631355933,0.7340425528382294,0.22340425523991628,0.031914893602604855,0.020790020790254236,0.11850311849576271,0.09355509355932203,0.08108108108050847,0.004158004158898305,0.31392931398305085,0.008316008315677966,0.006237006237288135,0.0020790020783898306,0.02286902286016949,0.006237006237288135,0.016632016631355932,0.239,0.30625,0.368663594,0.674913594,0.34057971,31.39293139,8.108108108,404,472,100,0.23728813559322035,0.69,0.25,0.06,0.025423728813559324,0.1228813559322034,0.1271186440677966,0.125,0.00423728813559322,0.3050847457627119,0.00847457627118644,0.00847457627118644,0.00211864406779661,0.0211864406779661,0.00423728813559322,0.01694915254237288,0.277,0.372,0.458,0.829,0.397,30.5,12.5,,,,,,,,,
174,Brandon Crawford,SFG,120,279.832636,320,58.912133893,0.21338912134375,0.7500000000042436,0.23863636369943908,0.011363636364215038,0.029288702928125,0.1129707113125,0.11506276150000001,0.08786610878125,0.006276150628125,0.21338912134375,0.01255230125625,0.008368200837500001,0.0,0.008368200837500001,0.0041841004187500004,0.0041841004187500004,0.244,0.319148936,0.399521531,0.718670467,0.287581699,21.33891213,8.786610879,283,320,48,0.171875,0.75,0.22916666666666666,0.020833333333333332,0.021875,0.096875,0.11875,0.0875,0.003125,0.253125,0.0125,0.0125,0.003125,0.009375,0.0,0.009375,0.194,0.273,0.314,0.587,0.241,25.3,8.8,,,,,,,,,
175,Josh Rojas,ARI,115,306.7991632,350,72.489539744,0.22384937237142857,0.7373737374905079,0.22222222222528779,0.030303030309718832,0.016736401674285716,0.12133891214285715,0.09414225940000001,0.10460251045714285,0.004184100417142857,0.2008368200857143,0.006276150628571428,0.008368200837142858,0.004184100417142857,0.029288702942857143,0.008368200837142858,0.02092050209142857,0.254,0.336134454,0.377088305,0.713222759,0.310344828,20.08368201,10.46025105,314,350,73,0.22,0.7671232876712328,0.2328767123287671,0.0,0.011428571428571429,0.13428571428571429,0.11428571428571428,0.07714285714285714,0.0,0.23142857142857143,0.002857142857142857,0.011428571428571429,0.005714285714285714,0.03428571428571429,0.0,0.03428571428571429,0.245,0.303,0.338,0.641,0.313,23.1,7.7,,,,,,,,,
176,Eduardo Escobar,NYM,116,281.1446541,309,55.062893089999996,0.21174004194174756,0.7294117645499111,0.24705882340335272,0.023529411756159507,0.03354297692556634,0.10691823899676374,0.1257861635275081,0.07547169812297734,0.004192872116504855,0.23270440252427185,0.006289308174757281,0.008385744236245954,0.0,0.0020964360582524273,0.0,0.0020964360582524273,0.232,0.293501048,0.400921659,0.694422707,0.273311897,23.27044025,7.547169811,288,309,59,0.21035598705501618,0.8135593220338984,0.1016949152542373,0.0847457627118644,0.019417475728155338,0.10355987055016182,0.10032362459546926,0.05825242718446602,0.0,0.2524271844660194,0.0,0.006472491909385114,0.003236245954692557,0.006472491909385114,0.003236245954692557,0.003236245954692557,0.226,0.269,0.344,0.613,0.286,25.2,5.8,,,,,,,,,
177,Randal Grichuk,COL,117,437.3571429,471,94.00210083,0.2394957983014862,0.7263157895106374,0.24210526317021247,0.031578947372340335,0.03991596639065817,0.12394957983014862,0.13235294116772825,0.05252100840764331,0.0,0.2184873949044586,0.010504201681528661,0.006302521008492569,0.0,0.004201680673036093,0.0021008403354564756,0.0021008403354564756,0.258,0.303157895,0.452488688,0.755646583,0.295031056,21.8487395,5.25210084,434,471,100,0.24628450106157113,0.67,0.31,0.02,0.03397027600849257,0.13800424628450106,0.09341825902335456,0.06157112526539278,0.004246284501061571,0.20382165605095542,0.012738853503184714,0.004246284501061571,0.0,0.004246284501061571,0.004246284501061571,0.0,0.267,0.321,0.459,0.779,0.309,20.4,6.2,,,,,,,,,
178,TJ Friedl,CIN,112,495.1326316,556,104.17684215,0.22105263165467626,0.7415730333692017,0.23595505606329226,0.0337078651505276,0.033684210521582734,0.12421052631294965,0.11368421052158273,0.08210526316546762,0.002105263158273381,0.18736842104316548,0.01894736841726619,0.0063157894730215824,0.004210526316546762,0.02105263158273381,0.0063157894730215824,0.01473684210611511,0.249,0.32278481,0.427895981,0.750680791,0.277258567,18.73684211,8.210526316,488,556,118,0.2446043165467626,0.7457627118644068,0.1864406779661017,0.06779661016949153,0.03237410071942446,0.13129496402877697,0.11870503597122302,0.08453237410071943,0.0017985611510791368,0.1618705035971223,0.017985611510791366,0.00539568345323741,0.014388489208633094,0.048561151079136694,0.01079136690647482,0.03776978417266187,0.279,0.352,0.467,0.819,0.308,16.2,8.5,,,,,,,,,
179,Myles Straw,CLE,120,462.2658228,518,118.025316492,0.23206751061776063,0.7870370368063897,0.19444444439643213,0.02777777777212927,0.004219409281853282,0.11603375527027027,0.07805907173745173,0.09282700422779923,0.0,0.1582278481081081,0.004219409281853282,0.0063291139247104245,0.002109704640926641,0.035864978899613896,0.008438818565637066,0.027426160328185328,0.261,0.330508475,0.340425532,0.670934006,0.309455587,15.82278481,9.282700422,462,518,109,0.21235521235521235,0.8073394495412844,0.1651376146788991,0.027522935779816515,0.0019305019305019305,0.10038610038610038,0.055984555984555984,0.08108108108108109,0.0,0.18725868725868725,0.003861003861003861,0.011583011583011582,0.011583011583011582,0.03861003861003861,0.011583011583011582,0.02702702702702703,0.238,0.301,0.297,0.597,0.295,18.7,8.1,,,,,,,,,
180,Miguel Vargas,LAD,124,276.3636364,304,66.84143763600001,0.24735729388157895,0.7307692306978792,0.25000000001496075,0.01923076922731674,0.027484143763157894,0.1268498942763158,0.12262156447368422,0.07399577167763158,0.004228329809210526,0.17547568710526318,0.008456659618421052,0.00634249471381579,0.002114164904605263,0.01268498942763158,0.004228329809210526,0.008456659618421052,0.273,0.330508475,0.43255814,0.763066614,0.308605341,17.54756871,7.399577167,256,304,43,0.16447368421052633,0.5581395348837209,0.3488372093023256,0.09302325581395349,0.023026315789473683,0.11842105263157894,0.10526315789473684,0.125,0.003289473684210526,0.20065789473684212,0.013157894736842105,0.013157894736842105,0.003289473684210526,0.009868421052631578,0.006578947368421052,0.003289473684210526,0.195,0.305,0.367,0.672,0.224,20.1,12.5,,,,,,,,,
182,William Contreras,MIL,120,547.7040169,611,111.09090912999999,0.21775898527004908,0.7558139532528642,0.23255813947626844,0.011627906973813423,0.03594080338788871,0.11839323466448444,0.12262156448445172,0.08879492600654665,0.0021141649050736497,0.2579281183306056,0.008456659618657937,0.006342494715220949,0.0021141649050736497,0.0021141649050736497,0.0021141649050736497,0.0,0.243,0.315010571,0.41509434,0.73010491,0.298611111,25.79281184,8.8794926,540,611,139,0.2553191489361702,0.7194244604316546,0.2733812949640288,0.007194244604316547,0.027823240589198037,0.1407528641571195,0.1276595744680851,0.10310965630114566,0.0032733224222585926,0.20621931260229132,0.008183306055646482,0.0032733224222585926,0.0016366612111292963,0.009819967266775777,0.0016366612111292963,0.008183306055646482,0.289,0.367,0.457,0.825,0.348,20.6,10.3,,,,,,,,,
183,Bryan De La Cruz,MIA,122,575.7082452,626,131.02325580000002,0.2367864693290735,0.7474747475325674,0.2424242424450576,0.020202020205026837,0.02748414376996805,0.11205073995207668,0.11839323466453675,0.06553911204472843,0.0021141649041533546,0.2389006341853035,0.006342494714057508,0.006342494714057508,0.0,0.010570824523961662,0.004228329809904153,0.006342494714057508,0.258,0.309322034,0.413793103,0.723115137,0.317307692,23.89006342,6.553911205,579,626,130,0.2380191693290735,0.7538461538461538,0.24615384615384617,0.0,0.03035143769968051,0.09584664536741214,0.12460063897763578,0.06389776357827476,0.0,0.2268370607028754,0.001597444089456869,0.007987220447284345,0.0,0.006389776357827476,0.001597444089456869,0.004792332268370607,0.257,0.304,0.411,0.715,0.307,22.7,6.4,,,,,,,,,
185,Shea Langeliers,OAK,120,446.3983051,490,84.08898305000001,0.19915254236734695,0.7283950617357358,0.24691358019699583,0.024691358019699582,0.02754237287755102,0.09533898304081632,0.1080508474489796,0.06991525424489796,0.0021186440673469386,0.27754237285714284,0.008474576271428572,0.006355932204081633,0.004237288134693877,0.004237288134693877,0.0021186440673469386,0.0021186440673469386,0.219,0.278723404,0.365116279,0.643839683,0.280276817,27.75423729,6.991525424,448,490,70,0.18775510204081633,0.6714285714285714,0.2714285714285714,0.05714285714285714,0.044897959183673466,0.10612244897959183,0.12857142857142856,0.06938775510204082,0.004081632653061225,0.29183673469387755,0.01020408163265306,0.004081632653061225,0.0020408163265306124,0.006122448979591836,0.004081632653061225,0.0020408163265306124,0.205,0.268,0.413,0.681,0.246,29.2,6.9,,,,,,,,,
186,Wilmer Flores,SFG,116,403.663113,454,85.18550105999999,0.21748400852422908,0.7613636364516795,0.2386363636657114,0.011363636369505908,0.02985074627753304,0.10874200427312776,0.11513859275330396,0.0895522388105727,0.0,0.16417910447136563,0.010660980810572688,0.008528784647577092,0.0,0.0,0.0,0.0,0.245,0.318376068,0.402877698,0.721253766,0.266666667,16.41791045,8.955223881,405,454,92,0.2533039647577093,0.7608695652173914,0.2391304347826087,0.0,0.05066079295154185,0.11233480176211454,0.13215859030837004,0.09030837004405286,0.0022026431718061676,0.13876651982378854,0.011013215859030838,0.006607929515418502,0.0,0.0,0.0,0.0,0.284,0.355,0.509,0.863,0.286,13.9,9.0,,,,,,,,,
187,Joey Wendle,MIA,118,292.91258,318,70.515991473,0.23454157783018867,0.7596153845544328,0.21153846153764339,0.028846153851199072,0.012793176971698112,0.11087420044025156,0.09381663113207547,0.05543710022012578,0.0021321961635220126,0.17057569295597483,0.017057569295597486,0.0063965884874213836,0.0021321961635220126,0.025586353943396225,0.008528784647798743,0.017057569295597486,0.255,0.307036247,0.361111111,0.668147358,0.297994269,17.0575693,5.543710021,297,318,61,0.19811320754716982,0.6885245901639344,0.26229508196721313,0.04918032786885246,0.006289308176100629,0.10377358490566038,0.06289308176100629,0.040880503144654086,0.0,0.21069182389937108,0.006289308176100629,0.009433962264150943,0.009433962264150943,0.0220125786163522,0.0031446540880503146,0.018867924528301886,0.212,0.248,0.306,0.554,0.264,21.1,4.1,,,,,,,,,
188,Joey Votto,CIN,111,210.0085288,242,39.731343287,0.20469083157024792,0.7402597402143052,0.2597402596095114,0.012987012980475571,0.040511727078512395,0.11940298508264463,0.1321961620661157,0.11513859276859505,0.004264392322314049,0.24733475479338843,0.010660980809917356,0.006396588487603306,0.0,0.0021321961611570246,0.0,0.0021321961611570246,0.237,0.330490405,0.432432432,0.762922838,0.28,24.73347548,11.51385928,208,242,28,0.17355371900826447,0.7857142857142857,0.21428571428571427,0.0,0.05785123966942149,0.10743801652892562,0.15702479338842976,0.1115702479338843,0.0,0.256198347107438,0.028925619834710745,0.0,0.0,0.0,0.0,0.0,0.202,0.314,0.433,0.747,0.212,25.6,11.2,,,,,,,,,
189,Tyrone Taylor,MIL,118,222.4425163,243,42.169197396,0.21258134489711936,0.7125000001268699,0.26250000008418467,0.025000000002371396,0.03904555314403292,0.11713665942386832,0.12364425164609054,0.06290672452674897,0.0,0.25379609543209875,0.015184381777777778,0.006507592189300412,0.0021691973950617284,0.010845986983539094,0.0021691973950617284,0.008676789588477367,0.231,0.290672451,0.41943128,0.710103731,0.275862069,25.37960954,6.290672451,231,243,44,0.2222222222222222,0.5909090909090909,0.38636363636363635,0.022727272727272728,0.0411522633744856,0.14814814814814814,0.1440329218106996,0.03292181069958848,0.0,0.22633744855967078,0.012345679012345678,0.00411522633744856,0.0,0.037037037037037035,0.0,0.037037037037037035,0.234,0.267,0.446,0.713,0.263,22.6,3.3,,,,,,,,,
191,Luis Rengifo,LAA,113,408.8925439,445,90.75657898,0.23026315797752808,0.7741935480565423,0.20430107523208893,0.021505376336740364,0.026315789483146067,0.11842105262921347,0.10087719298876405,0.05701754386516854,0.0021929824561797754,0.175438596494382,0.010964912280898876,0.008771929824719102,0.004385964912359551,0.02192982456179775,0.006578947368539326,0.015350877193258427,0.249,0.299559471,0.391408115,0.690967586,0.280966767,17.54385965,5.701754386,394,445,88,0.23370786516853934,0.7840909090909091,0.17045454545454544,0.045454545454545456,0.035955056179775284,0.12359550561797752,0.1146067415730337,0.09213483146067415,0.0,0.1842696629213483,0.01348314606741573,0.008988764044943821,0.0,0.01348314606741573,0.008988764044943821,0.0044943820224719105,0.264,0.339,0.444,0.783,0.293,18.4,9.2,,,,,,,,,
192,Cal Raleigh,SEA,119,513.8546256,569,82.71806164,0.19162995588752196,0.6818181820489767,0.28787878799235367,0.01515151516067368,0.046255506608084355,0.11013215859402462,0.13215859031634447,0.08149779736379613,0.002202643172231986,0.2863436123022847,0.008810572687170474,0.006607929514938489,0.0,0.004405286344463972,0.002202643172231986,0.002202643172231986,0.212,0.281938326,0.414634146,0.696572472,0.251908397,28.63436123,8.149779736,513,569,89,0.20913884007029876,0.7303370786516854,0.25842696629213485,0.011235955056179775,0.05272407732864675,0.13708260105448156,0.13181019332161686,0.09490333919156414,0.0017574692442882249,0.27768014059753954,0.0017574692442882249,0.0017574692442882249,0.0,0.0,0.0,0.0,0.232,0.306,0.456,0.762,0.273,27.8,9.5,,,,,,,,,
193,Isaac Paredes,TBR,115,501.6732892,571,99.57836643,0.2075055187390543,0.7468354431409404,0.24050632912155112,0.012658227847974147,0.033112582784588444,0.11258278145359019,0.11920529802101576,0.1015452538704028,0.0,0.17439293598949213,0.011037527593695272,0.00883002207530648,0.0,0.0022075055183887918,0.0,0.0022075055183887918,0.236,0.3200883,0.40201005,0.72209835,0.256493506,17.4392936,10.15452539,492,571,92,0.21541155866900175,0.7391304347826086,0.2608695652173913,0.0,0.0542907180385289,0.1243432574430823,0.17162872154115585,0.10157618213660245,0.0,0.18213660245183888,0.03502626970227671,0.0017513134851138354,0.0,0.0017513134851138354,0.0,0.0017513134851138354,0.25,0.352,0.488,0.84,0.257,18.2,10.2,,,,,,,,,
194,Leody Taveras,TEX,116,507.3215078,554,106.86917962999999,0.21286031046931408,0.7586206894325348,0.21839080454069731,0.034482758609719104,0.019955654097472925,0.1130820399097473,0.08647450110108303,0.07095343680505416,0.002217294900722022,0.25498891353790615,0.00443458979963899,0.006651884700361011,0.00443458979963899,0.03547671841155235,0.006651884700361011,0.028824833700361013,0.233,0.288888889,0.360774818,0.649663707,0.297945205,25.49889135,7.095343681,511,554,122,0.24548736462093862,0.7213114754098361,0.2540983606557377,0.02459016393442623,0.02527075812274368,0.12093862815884476,0.12093862815884476,0.0631768953068592,0.0,0.2111913357400722,0.0018050541516245488,0.007220216606498195,0.005415162454873646,0.02527075812274368,0.007220216606498195,0.018050541516245487,0.266,0.312,0.421,0.733,0.318,21.1,6.3,,,,,,,,,
196,Dominic Smith,WSN,117,529.5022422,586,111.68161436,0.21748878924914675,0.7411764704902677,0.25882352942019204,0.011764705878665991,0.026905829590443686,0.10313901344709898,0.1076233183788396,0.07174887892491467,0.004484304933447099,0.21748878924914675,0.01569506726450512,0.006726457399317406,0.0,0.004484304933447099,0.0022421524658703075,0.0022421524658703075,0.241,0.305617978,0.392059553,0.697677531,0.286195286,21.74887892,7.174887892,527,586,122,0.22866894197952217,0.819672131147541,0.1721311475409836,0.00819672131147541,0.020477815699658702,0.09726962457337884,0.07849829351535836,0.08020477815699659,0.0017064846416382253,0.1552901023890785,0.017064846416382253,0.0034129692832764505,0.0,0.0017064846416382253,0.0017064846416382253,0.0,0.254,0.326,0.366,0.692,0.286,15.5,8.0,,,,,,,,,
197,Jose Siri,TBR,119,337.8247191,364,62.166292133000006,0.1977528089835165,0.7236842104681102,0.23684210534062414,0.039473684207351464,0.026966292134615384,0.11235955054945054,0.09887640450549451,0.05617977527472527,0.0,0.3415730337912088,0.008988764043956043,0.006741573032967033,0.002247191010989011,0.03370786516483516,0.006741573032967033,0.026966292134615384,0.214,0.262921348,0.358353511,0.621274859,0.301587302,34.15730337,5.617977528,338,364,50,0.20604395604395603,0.7,0.26,0.04,0.06868131868131869,0.15934065934065933,0.15384615384615385,0.054945054945054944,0.0,0.35714285714285715,0.005494505494505495,0.008241758241758242,0.0027472527472527475,0.03296703296703297,0.008241758241758242,0.024725274725274724,0.222,0.267,0.494,0.761,0.269,35.7,5.5,,,,,,,,,
198,Spencer Steer,CIN,111,597.752809,665,124.03370791,0.21573033714285714,0.7349397587641625,0.253012048085921,0.012048192762924875,0.02921348314285714,0.10786516854135338,0.11235955055639099,0.07640449437593985,0.002247191010526316,0.22022471909774435,0.013483146067669172,0.0067415730330827065,0.002247191010526316,0.0067415730330827065,0.002247191010526316,0.004494382022556391,0.239,0.306997743,0.395,0.701997743,0.284246575,22.02247191,7.640449438,582,665,135,0.23759398496240602,0.7037037037037037,0.2740740740740741,0.022222222222222223,0.03458646616541353,0.11127819548872181,0.1293233082706767,0.10225563909774436,0.0,0.20902255639097744,0.016541353383458645,0.006015037593984963,0.0,0.022556390977443608,0.004511278195488722,0.01804511278195489,0.271,0.356,0.464,0.82,0.318,20.9,10.2,,,,,,,,,
199,Keibert Ruiz,WSN,112,511.255079,562,115.44469529999999,0.2325056434163701,0.7472527470043052,0.24175824170588808,0.0,0.02708803612099644,0.10383747177935942,0.1128668171530249,0.06772009028469751,0.00225733634341637,0.12641083521352314,0.013544018058718861,0.009029345371886122,0.00225733634341637,0.00451467268683274,0.00225733634341637,0.00225733634341637,0.255,0.313769752,0.397022333,0.710792084,0.268436578,12.64108352,6.772009029,523,562,118,0.24199288256227758,0.7966101694915254,0.2033898305084746,0.0,0.03202846975088968,0.09786476868327403,0.11921708185053381,0.05516014234875445,0.0017793594306049821,0.10320284697508897,0.010676156583629894,0.0035587188612099642,0.0,0.0017793594306049821,0.0017793594306049821,0.0,0.26,0.308,0.409,0.717,0.263,10.3,5.5,,,,,,,,,
200,Jake Fraley,CIN,111,333.6794582,380,69.48081265,0.20993227992105265,0.7283950615969084,0.24691358024869042,0.02469135802486904,0.02708803610526316,0.12415349886842106,0.10383747178947368,0.10383747178947368,0.004514672686842105,0.23702031602631576,0.013544018057894737,0.006772009028947369,0.0,0.02708803610526316,0.00902934537368421,0.01805869074473684,0.239,0.326576577,0.393316195,0.719892772,0.294545455,23.7020316,10.38374718,336,380,71,0.22631578947368422,0.7464788732394366,0.2535211267605634,0.0,0.039473684210526314,0.10789473684210527,0.17105263157894737,0.09736842105263158,0.005263157894736842,0.1868421052631579,0.015789473684210527,0.002631578947368421,0.0,0.05526315789473684,0.013157894736842105,0.042105263157894736,0.256,0.339,0.443,0.783,0.283,18.7,9.7,,,,,,,,,
203,Ramon Urias,BAL,110,356.0366972,396,75.3853211,0.22018348623737374,0.7590361446374472,0.2168674698395627,0.012048192774760231,0.029816513762626264,0.11238532111111112,0.11009174313131312,0.0733944954040404,0.0,0.22935779815656565,0.01605504587121212,0.0068807339444444445,0.0022935779823232325,0.004587155962121212,0.0022935779823232325,0.0022935779823232325,0.244,0.311059908,0.392857143,0.703917051,0.294326241,22.93577982,7.339449541,360,396,91,0.2398989898989899,0.7252747252747253,0.24175824175824176,0.03296703296703297,0.010101010101010102,0.11363636363636363,0.10606060606060606,0.06818181818181818,0.0,0.255050505050505,0.020202020202020204,0.0025252525252525255,0.0,0.007575757575757576,0.0025252525252525255,0.005050505050505051,0.264,0.328,0.375,0.703,0.355,25.5,6.8,,,,,,,,,
205,Christopher Morel,CHC,107,385.1023256,429,74.8255814,0.2069767441958042,0.7199999998930846,0.23999999991981352,0.039999999999999994,0.03255813953379953,0.12325581396270395,0.1023255813986014,0.07906976743589744,0.002325581396270396,0.3,0.006976744186480186,0.00465116279020979,0.011627906976689976,0.025581395337995336,0.006976744186480186,0.01860465116317016,0.23,0.296470588,0.401554404,0.698024992,0.306122449,30.0,7.906976744,388,429,70,0.22377622377622378,0.7142857142857143,0.24285714285714285,0.04285714285714286,0.06060606060606061,0.1445221445221445,0.16317016317016317,0.08391608391608392,0.0,0.31002331002331,0.004662004662004662,0.004662004662004662,0.002331002331002331,0.013986013986013986,0.004662004662004662,0.009324009324009324,0.247,0.313,0.508,0.821,0.303,31.0,8.4,,,,,,,,,
206,Rodolfo Castro,PIT,106,233.7129412,256,45.176470585,0.207058823515625,0.7466666668112848,0.23999999999114585,0.026666666660763894,0.03058823529296875,0.1082352941015625,0.11529411765625,0.0705882353125,0.00235294117578125,0.2635294117578125,0.00941176470703125,0.00705882353125,0.0,0.01411764705859375,0.0047058823515625,0.00941176470703125,0.227,0.287058824,0.386597938,0.673656762,0.281954887,26.35294118,7.058823529,227,256,42,0.1875,0.8333333333333334,0.16666666666666666,0.0,0.0234375,0.08203125,0.09375,0.08984375,0.00390625,0.2890625,0.01953125,0.00390625,0.0,0.00390625,0.015625,-0.01171875,0.211,0.297,0.322,0.618,0.284,28.9,9.0,,,,,,,,,
207,Gio Urshela,LAA,107,209.1792453,228,48.396226411,0.24056603771929824,0.7777777777617068,0.2111111110860862,0.011111111110881526,0.02830188679385965,0.1132075471491228,0.1132075471491228,0.06839622640350877,0.002358490565789474,0.19103773583333333,0.0070754716973684215,0.0070754716973684215,0.0,0.002358490565789474,0.0,0.002358490565789474,0.261,0.316037736,0.40874036,0.724778096,0.301003344,19.10377358,6.839622642,214,228,62,0.2807017543859649,0.8548387096774194,0.12903225806451613,0.016129032258064516,0.008771929824561403,0.09649122807017543,0.10526315789473684,0.043859649122807015,0.0,0.15789473684210525,0.0043859649122807015,0.013157894736842105,0.0,0.013157894736842105,0.008771929824561403,0.0043859649122807015,0.299,0.329,0.374,0.703,0.346,15.8,4.4,,,,,,,,,
208,Santiago Espinal,TOR,110,233.0330189,254,54.514150947,0.22877358492125985,0.7802197802062744,0.20879120874625626,0.010989010992437865,0.014150943397637797,0.10613207547244095,0.089622641496063,0.06603773586614173,0.0023584905669291343,0.1533018868110236,0.007075471696850394,0.0047169811338582685,0.0023584905669291343,0.01650943396062992,0.007075471696850394,0.009433962263779528,0.249,0.303317536,0.349614396,0.652931931,0.284375,15.33018868,6.603773585,230,254,55,0.22440944881889763,0.7454545454545455,0.2545454545454545,0.0,0.007874015748031496,0.11811023622047244,0.0984251968503937,0.07086614173228346,0.003937007874015748,0.14173228346456693,0.011811023622047244,0.003937007874015748,0.007874015748031496,0.007874015748031496,0.003937007874015748,0.003937007874015748,0.248,0.31,0.335,0.644,0.285,14.2,7.1,,,,,,,,,
211,Kevin Newman,CIN,106,235.014218,253,57.554502371999995,0.24170616114624505,0.7812500000325778,0.19791666664712002,0.02083333333767704,0.01421800947826087,0.1042654028458498,0.09478672984189723,0.04976303316205534,0.0,0.12559241707509883,0.007109004739130435,0.007109004739130435,0.004739336494071146,0.01421800947826087,0.004739336494071146,0.009478672984189723,0.261,0.30071599,0.364795918,0.665511909,0.285714286,12.55924171,4.976303318,225,253,54,0.22529644268774704,0.7037037037037037,0.2962962962962963,0.0,0.011857707509881422,0.11067193675889328,0.11067193675889328,0.06719367588932806,0.0,0.13438735177865613,0.015810276679841896,0.019762845849802372,0.007905138339920948,0.03162055335968379,0.003952569169960474,0.02766798418972332,0.253,0.311,0.364,0.675,0.28,13.4,6.7,,,,,,,,,
212,David Peralta,LAD,107,381.0,422,83.0,0.22511848341232227,0.7469879518072289,0.24096385542168675,0.024096385542168676,0.02843601895734597,0.12085308056872038,0.11611374407582939,0.08056872037914692,0.0071090047393364926,0.20616113744075829,0.009478672985781991,0.0071090047393364926,0.0,0.004739336492890996,0.002369668246445498,0.002369668246445498,0.25,0.315165877,0.409448819,0.724614696,0.29122807,20.61611374,8.056872038,394,422,95,0.24170616113744076,0.7263157894736842,0.2631578947368421,0.010526315789473684,0.016587677725118485,0.11137440758293839,0.13033175355450238,0.04739336492890995,0.002369668246445498,0.17061611374407584,0.004739336492890996,0.014218009478672985,0.0,0.009478672985781991,0.002369668246445498,0.0071090047393364926,0.259,0.294,0.381,0.675,0.296,17.1,4.7,,,,,,,,,
214,Chas McCormick,HOU,110,405.8595238,457,80.51904762000001,0.20952380951859956,0.7702702702434173,0.2162162162195728,0.027027027024341743,0.03333333332603939,0.12380952380743983,0.11190476190371991,0.09761904761487965,0.0023809523807439823,0.2738095238512035,0.00952380952297593,0.007142857142231947,0.0,0.01428571428665208,0.004761904761487965,0.00952380952297593,0.237,0.315914489,0.404825737,0.720740227,0.299595142,27.38095238,9.761904762,403,457,88,0.24070021881838075,0.7840909090909091,0.19318181818181818,0.022727272727272728,0.04814004376367615,0.12910284463894967,0.15317286652078774,0.087527352297593,0.0,0.25601750547045954,0.024070021881838075,0.00437636761487965,0.002188183807439825,0.04157549234135667,0.01312910284463895,0.028446389496717725,0.273,0.353,0.489,0.842,0.331,25.6,8.8,,,,,,,,,
215,Marcell Ozuna,ATL,102,535.6190476,592,102.89523813,0.21666666672297297,0.7671232873796742,0.2191780820945946,0.013698630136986302,0.042857142854729725,0.1214285714358108,0.13095238094594594,0.08095238094594595,0.002380952381756757,0.24047619054054054,0.004761904761824324,0.00714285714358108,0.0,0.004761904761824324,0.002380952381756757,0.002380952381756757,0.241,0.303102625,0.428947368,0.732049994,0.276515152,24.04761905,8.095238095,530,592,105,0.24493243243243243,0.7142857142857143,0.2761904761904762,0.009523809523809525,0.06756756756756757,0.14189189189189189,0.16891891891891891,0.09628378378378379,0.0016891891891891893,0.22635135135135134,0.005067567567567568,0.0033783783783783786,0.0,0.0,0.0,0.0,0.274,0.346,0.558,0.905,0.293,22.6,9.6,,,,,,,,,
217,Nick Senzel,CIN,106,297.6315789,330,71.052631576,0.23444976075757573,0.7444444444456955,0.2333333333652346,0.022222222217218108,0.019138755981818183,0.1172248803939394,0.10047846890909091,0.0765550239090909,0.0,0.1842105263030303,0.009569377990909091,0.007177033493939394,0.002392344496969697,0.02153110047878788,0.007177033493939394,0.014354066984848484,0.26,0.322115385,0.389920424,0.712035809,0.305084746,18.42105263,7.655502392,301,330,58,0.21515151515151515,0.8275862068965517,0.1724137931034483,0.0,0.03939393939393939,0.1484848484848485,0.12727272727272726,0.07878787878787878,0.0,0.22424242424242424,0.0030303030303030303,0.006060606060606061,0.0,0.01818181818181818,0.006060606060606061,0.012121212121212121,0.236,0.297,0.399,0.696,0.269,22.4,7.9,,,,,,,,,
218,Jarred Kelenic,SEA,105,377.1866029,416,66.67942583,0.19856459329326923,0.731343283673863,0.25373134335521014,0.014925373135895223,0.038277511971153845,0.11483253588942308,0.11244019139423077,0.07894736841346153,0.0047846889951923075,0.2655502391826923,0.007177033492788461,0.0047846889951923075,0.0,0.021531100478365386,0.007177033492788461,0.014354066985576923,0.22,0.285371703,0.395778364,0.681150067,0.263779528,26.55502392,7.894736842,372,416,83,0.22596153846153846,0.6746987951807228,0.30120481927710846,0.024096385542168676,0.026442307692307692,0.10576923076923077,0.11778846153846154,0.0985576923076923,0.009615384615384616,0.3173076923076923,0.002403846153846154,0.004807692307692308,0.0,0.03125,0.01201923076923077,0.019230769230769232,0.253,0.327,0.419,0.746,0.359,31.7,9.9,,,,,,,,,
219,Harold Ramirez,TBR,104,402.8516746,434,102.789473704,0.2559808612903226,0.7676767675378154,0.20202020198875595,0.020202020198875598,0.01913875598156682,0.11244019138248848,0.11004784688940093,0.04784688995391705,0.0,0.16028708133640554,0.016746411483870967,0.007177033493087558,0.0,0.00956937799078341,0.0023923444976958527,0.007177033493087558,0.275,0.320574163,0.396907216,0.717481379,0.313291139,16.02870813,4.784688995,400,434,113,0.2880184331797235,0.8141592920353983,0.168141592920354,0.017699115044247787,0.027649769585253458,0.1336405529953917,0.15668202764976957,0.05069124423963134,0.0,0.18202764976958524,0.013824884792626729,0.013824884792626729,0.0,0.01152073732718894,0.0069124423963133645,0.004608294930875576,0.313,0.353,0.46,0.813,0.359,18.2,5.1,,,,,,,,,
220,Nicky Lopez,KCR,110,237.5550239,262,58.91866029,0.22488038278625955,0.7872340425206908,0.17021276588161202,0.03191489361341009,0.0,0.10287081339694656,0.062200956946564884,0.07177033492366412,0.002392344496183206,0.1387559808778626,0.007177033492366412,0.004784688996183207,0.011961722488549618,0.028708133969465647,0.007177033492366412,0.021531100477099236,0.247,0.306763285,0.303430079,0.610193364,0.291021672,13.87559809,7.177033493,225,262,51,0.1984732824427481,0.7843137254901961,0.1568627450980392,0.058823529411764705,0.003816793893129771,0.12213740458015267,0.09541984732824428,0.09923664122137404,0.0,0.15267175572519084,0.022900763358778626,0.003816793893129771,0.015267175572519083,0.022900763358778626,0.007633587786259542,0.015267175572519083,0.231,0.326,0.307,0.632,0.276,15.3,9.9,,,,,,,,,
222,Danny Jansen,TOR,110,265.460241,301,47.869879510000004,0.20722891564784054,0.7121212123142859,0.27272727284121795,0.01515151515784544,0.04819277109634551,0.1277108433887043,0.13493975903654487,0.08915662651162791,0.004819277109634551,0.2192771084385382,0.016867469880398674,0.004819277109634551,0.004819277109634551,0.004819277109634551,0.0024096385548172754,0.0024096385548172754,0.235,0.315533981,0.453551913,0.769085893,0.256809339,21.92771084,8.915662651,268,301,44,0.2026578073089701,0.6590909090909091,0.3409090909090909,0.0,0.05647840531561462,0.12624584717607973,0.1760797342192691,0.07641196013289037,0.0033222591362126247,0.2059800664451827,0.03322259136212625,0.0,0.0,0.0,0.0,0.0,0.228,0.312,0.474,0.786,0.233,20.6,7.6,,,,,,,,,
223,Adam Duvall,BOS,104,321.5277108,353,49.33493976000001,0.19036144577903685,0.7068965518080119,0.2758620688746534,0.017241379317334344,0.05060240963172804,0.11566265059490084,0.137349397592068,0.06987951807365439,0.0024096385552407934,0.3277108433427762,0.012048192770538245,0.007228915662889518,0.0,0.004819277107648725,0.0024096385552407934,0.0024096385552407934,0.21,0.272289157,0.423280423,0.69556958,0.258928571,32.77108434,6.987951807,320,353,58,0.2237960339943343,0.5517241379310345,0.41379310344827586,0.034482758620689655,0.059490084985835696,0.1274787535410765,0.1643059490084986,0.06232294617563739,0.0028328611898017,0.311614730878187,0.0169971671388102,0.014164305949008499,0.0,0.0113314447592068,0.0,0.0113314447592068,0.247,0.303,0.531,0.834,0.299,31.2,6.2,,,,,,,,,
224,Kyle Isbel,KCR,113,286.5386473,313,58.971014494,0.2101449275399361,0.7307692307783616,0.24358974359278723,0.03846153846023404,0.021739130434504792,0.11352657006389777,0.09178743961661343,0.06521739130990414,0.0024154589361022366,0.2439613526517572,0.012077294686900959,0.004830917875399361,0.0024154589361022366,0.02898550724600639,0.007246376811501597,0.021739130434504792,0.231,0.288135593,0.36939314,0.657528733,0.287822878,24.39613527,6.52173913,292,313,65,0.22364217252396165,0.6307692307692307,0.3384615384615385,0.03076923076923077,0.01597444089456869,0.14376996805111822,0.10862619808306709,0.054313099041533544,0.0,0.18849840255591055,0.003194888178913738,0.006389776357827476,0.003194888178913738,0.022364217252396165,0.003194888178913738,0.019169329073482427,0.24,0.282,0.38,0.662,0.283,18.8,5.4,,,,,,,,,
225,Jonah Heim,TEX,108,453.6900726,501,84.91525423,0.20823244550898204,0.7428571429479898,0.25714285716977475,0.014285714292443685,0.0387409200998004,0.10895883776447104,0.12106537530938123,0.07990314770459082,0.002421307506986028,0.19854721548902196,0.004842615011976048,0.007263922518962076,0.0,0.004842615011976048,0.002421307506986028,0.002421307506986028,0.23,0.29368932,0.414438503,0.708127823,0.250896057,19.85472155,7.99031477,457,501,100,0.23552894211576847,0.72,0.28,0.0,0.03592814371257485,0.1217564870259481,0.18962075848303392,0.07984031936127745,0.003992015968063872,0.19161676646706588,0.001996007984031936,0.005988023952095809,0.0,0.003992015968063872,0.0,0.003992015968063872,0.258,0.317,0.438,0.755,0.289,19.2,8.0,,,,,,,,,
226,Kerry Carpenter,DET,101,418.9903148,459,84.46489104,0.21549636803921568,0.7368421053254697,0.2368421053254697,0.026315789479292275,0.03147699758169935,0.10653753026143792,0.11380145278867103,0.06537530265795206,0.007263922518518519,0.23486682810457515,0.014527845037037038,0.007263922518518519,0.0,0.009685230023965142,0.002421307505446623,0.007263922518518519,0.236,0.295399516,0.397877984,0.6932775,0.281481481,23.48668281,6.537530266,418,459,96,0.25272331154684097,0.8020833333333334,0.17708333333333334,0.020833333333333332,0.04357298474945534,0.12418300653594772,0.1394335511982571,0.06971677559912855,0.006535947712418301,0.25054466230936817,0.017429193899782137,0.002178649237472767,0.0,0.013071895424836602,0.0,0.013071895424836602,0.278,0.34,0.471,0.811,0.338,25.1,7.0,,,,,,,,,
227,Michael Massey,KCR,104,423.895122,461,88.82682932,0.21951219522776572,0.7468354426004857,0.24050632892724308,0.02531645568366213,0.026829268286334057,0.10487804878524946,0.1073170731670282,0.05609756097613883,0.0024390243904555313,0.23170731713665943,0.014634146340563993,0.007317073171366595,0.004878048780911063,0.012195121952277656,0.0024390243904555313,0.009756097561822125,0.239,0.290953545,0.389920424,0.68087397,0.288321168,23.17073171,5.609756098,428,461,83,0.21258134490238612,0.7710843373493976,0.21686746987951808,0.012048192771084338,0.03253796095444685,0.0911062906724512,0.1193058568329718,0.052060737527114966,0.0,0.21475054229934923,0.008676789587852495,0.008676789587852495,0.0021691973969631237,0.013015184381778741,0.004338394793926247,0.008676789587852495,0.229,0.274,0.381,0.655,0.261,21.5,5.2,,,,,,,,,
229,Esteury Ruiz,OAK,112,433.6568627,497,91.36029412100001,0.19852941177062375,0.7199999999220668,0.24000000001050784,0.026666666667834203,0.014705882352112676,0.11029411764587525,0.05392156863179074,0.06617647058350101,0.0024509803923541246,0.24019607847082494,0.0171568627444668,0.004901960784708249,0.039215686277665994,0.05392156863179074,0.004901960784708249,0.0490196078470825,0.226,0.293367347,0.337078652,0.630445999,0.295275591,24.01960784,6.617647059,449,497,109,0.22937625754527163,0.7706422018348624,0.22018348623853212,0.009174311926605505,0.01006036217303823,0.09456740442655935,0.09456740442655935,0.04024144869215292,0.002012072434607646,0.19919517102615694,0.03219315895372234,0.002012072434607646,0.008048289738430584,0.13480885311871227,0.026156941649899398,0.10865191146881288,0.254,0.309,0.345,0.654,0.315,19.9,4.0,,,,,,,,,
230,Nick Maton,DET,109,259.9656863,293,49.551470591000005,0.18872549020477816,0.724637681217916,0.23188405798973313,0.02898550724871664,0.019607843136518772,0.0980392156996587,0.08823529412969283,0.09313725491467577,0.002450980392491468,0.2622549019453925,0.009803921569965872,0.007352941177474402,0.002450980392491468,0.009803921569965872,0.002450980392491468,0.007352941177474402,0.211,0.292383292,0.331491713,0.623875005,0.276,26.2254902,9.31372549,249,293,35,0.14675767918088736,0.7428571428571429,0.2571428571428571,0.0,0.027303754266211604,0.09897610921501707,0.10921501706484642,0.1296928327645051,0.0034129692832764505,0.24914675767918087,0.010238907849829351,0.006825938566552901,0.0034129692832764505,0.0034129692832764505,0.006825938566552901,-0.0034129692832764505,0.173,0.288,0.305,0.593,0.206,24.9,13.0,,,,,,,,,
231,Akil Baddoo,DET,106,316.6511057,357,63.154791156,0.19901719901960785,0.7222222221799979,0.2222222221483297,0.055555555560833594,0.022113022112044817,0.12039312039215687,0.08599508599439776,0.10073710072829133,0.002457002456582633,0.26044226044817925,0.004914004913165266,0.004914004913165266,0.0,0.03931203929971989,0.0073710073697478996,0.03194103193277311,0.223,0.305418719,0.36565097,0.671069689,0.290322581,26.04422604,10.07371007,312,357,57,0.19047619047619047,0.7543859649122807,0.22807017543859648,0.017543859649122806,0.03081232492997199,0.11204481792717087,0.09523809523809523,0.11764705882352941,0.0056022408963585435,0.24929971988795518,0.0,0.0028011204481792717,0.0056022408963585435,0.0392156862745098,0.008403361344537815,0.03081232492997199,0.218,0.31,0.372,0.682,0.268,24.9,11.8,,,,,,,,,
233,JJ Bleday,OAK,102,267.0888889,303,45.637037031999995,0.18024691356435643,0.7049180328565727,0.2622950819880475,0.03278688524302793,0.029629629630363037,0.09876543211221121,0.1061728395049505,0.10123456788778878,0.0,0.274074074059406,0.007407407405940594,0.007407407405940594,0.002469135801980198,0.007407407405940594,0.002469135801980198,0.004938271603960396,0.203,0.28960396,0.361344538,0.650948498,0.257383966,27.40740741,10.12345679,256,303,40,0.16501650165016502,0.725,0.275,0.0,0.033003300330033,0.11551155115511551,0.0891089108910891,0.13861386138613863,0.0,0.2376237623762376,0.006600660066006601,0.009900990099009901,0.0,0.0165016501650165,0.0033003300330033004,0.013201320132013201,0.195,0.31,0.355,0.666,0.226,23.8,13.9,,,,,,,,,
234,Brian Anderson,MIL,98,317.2153465,361,65.23019801999999,0.21287128711911357,0.7534246574712454,0.23287671233716734,0.01369863013026616,0.032178217811634345,0.11881188119113574,0.11138613861495844,0.09405940592797783,0.0024752475235457062,0.24752475246537398,0.0198019801966759,0.004950495049861496,0.0,0.004950495049861496,0.0024752475235457062,0.0024752475235457062,0.242,0.327543424,0.405633803,0.733177227,0.299180328,24.75247525,9.405940594,318,361,63,0.1994459833795014,0.7619047619047619,0.19047619047619047,0.047619047619047616,0.024930747922437674,0.10526315789473684,0.11080332409972299,0.0997229916897507,0.0,0.29916897506925205,0.0110803324099723,0.008310249307479225,0.0,0.002770083102493075,0.008310249307479225,-0.00554016620498615,0.226,0.31,0.368,0.678,0.309,29.9,10.0,,,,,,,,,
235,Aledmys Diaz,OAK,102,315.049505,344,68.118811885,0.22277227723837206,0.7374999999238463,0.2499999999816497,0.012500000006422603,0.024752475247093023,0.09900990098837209,0.11138613860465116,0.059405940581395346,0.0,0.17326732674418605,0.012376237625,0.007425742575581395,0.004950495049418605,0.004950495049418605,0.0024752475261627907,0.0024752475261627907,0.242,0.2960199,0.383783784,0.679803684,0.273037543,17.32673267,5.940594059,315,344,68,0.20930232558139536,0.6911764705882353,0.29411764705882354,0.014705882352941176,0.011627906976744186,0.07267441860465117,0.06976744186046512,0.04941860465116279,0.005813953488372093,0.19186046511627908,0.020348837209302327,0.011627906976744186,0.0029069767441860465,0.0029069767441860465,0.0,0.0029069767441860465,0.229,0.28,0.337,0.616,0.273,19.2,4.9,,,,,,,,,
236,Jace Peterson,OAK,107,377.7171216,430,75.756823821,0.1960297766744186,0.7323943662302764,0.23943661976720615,0.028169014081718284,0.019851116625581394,0.10669975186046511,0.08684863523255813,0.09925558311627908,0.0024813895790697675,0.2605459058139535,0.007444168734883721,0.004962779155813953,0.009925558311627907,0.024813895790697676,0.004962779155813953,0.019851116625581394,0.224,0.305764411,0.350282486,0.656046897,0.29218107,26.05459057,9.925558313,374,430,73,0.18372093023255814,0.8082191780821918,0.136986301369863,0.0547945205479452,0.013953488372093023,0.08139534883720931,0.08604651162790698,0.10930232558139535,0.004651162790697674,0.23488372093023255,0.009302325581395349,0.0069767441860465115,0.004651162790697674,0.03488372093023256,0.004651162790697674,0.030232558139534883,0.211,0.304,0.307,0.611,0.27,23.5,10.9,,,,,,,,,
238,Oscar Colas,CHW,98,242.6683292,263,48.533665830000004,0.21446384038022814,0.7837837838840207,0.20270270272720503,0.01351351351239977,0.02992518703422053,0.10473815460076046,0.10972568577946767,0.05985037406844106,0.0049875311711026615,0.26184538653992395,0.012468827931558934,0.0049875311711026615,0.0,0.0049875311711026615,0.0024937655855513307,0.0024937655855513307,0.233,0.286783042,0.375675676,0.662458718,0.290196078,26.18453865,5.985037406,245,263,48,0.20152091254752852,0.8125,0.1875,0.0,0.019011406844106463,0.12167300380228137,0.07224334600760456,0.045627376425855515,0.0038022813688212928,0.26996197718631176,0.0076045627376425855,0.0076045627376425855,0.0076045627376425855,0.015209125475285171,0.011406844106463879,0.0038022813688212928,0.216,0.257,0.314,0.571,0.281,27.0,4.6,,,,,,,,,
239,Jurickson Profar,,98,454.5725,521,97.6875,0.21,0.7600000000000001,0.22666666666666666,0.026666666666666665,0.0225,0.115,0.095,0.105,0.0025,0.16,0.0125,0.005,0.005,0.0125,0.005,0.007500000000000001,0.239,0.329145729,0.381088825,0.710234554,0.269784173,16.0,10.5,459,521,102,0.21305182341650672,0.7156862745098039,0.2647058823529412,0.0196078431372549,0.01727447216890595,0.10556621880998081,0.08829174664107485,0.09596928982725528,0.0,0.1727447216890595,0.011516314779270634,0.009596928982725527,0.0,0.0019193857965451055,0.0,0.0019193857965451055,0.242,0.321,0.368,0.689,0.279,17.3,9.6,,,,,,,,,
242,LaMonte Wade Jr.,SFG,102,449.1852792,519,86.9390863,0.19796954315992293,0.7272727272727272,0.2424242423859014,0.01515151514768105,0.030456852793834296,0.11675126903660886,0.1091370558381503,0.1091370558381503,0.002538071065510597,0.2030456853564547,0.015228426394990367,0.007614213198458574,0.002538071065510597,0.010152284263969172,0.002538071065510597,0.007614213198458574,0.228,0.323155216,0.384164223,0.707319439,0.261904762,20.30456853,10.91370558,429,519,93,0.2119460500963391,0.8279569892473119,0.15053763440860216,0.021505376344086023,0.03275529865125241,0.1233140655105973,0.08670520231213873,0.1464354527938343,0.005780346820809248,0.18304431599229287,0.011560693641618497,0.007707129094412331,0.007707129094412331,0.0038535645472061657,0.0,0.0038535645472061657,0.256,0.373,0.417,0.79,0.29,18.3,14.6,,,,,,,,,
243,Oswaldo Cabrera,NYY,97,302.3604061,330,59.46700507999999,0.21065989848484845,0.7464788731210138,0.23943661969936222,0.014084507045095673,0.03045685278787879,0.1116751269090909,0.10659898475757576,0.06852791878787878,0.002538071066666667,0.2538071066060606,0.005076142133333334,0.007614213196969697,0.002538071066666667,0.01776649746060606,0.005076142133333334,0.01269035533030303,0.23,0.284987277,0.382271468,0.667258745,0.281746032,25.38071066,6.852791878,298,330,58,0.19090909090909092,0.8103448275862069,0.1896551724137931,0.0,0.015151515151515152,0.10606060606060606,0.08787878787878788,0.07575757575757576,0.0030303030303030303,0.21818181818181817,0.006060606060606061,0.006060606060606061,0.00909090909090909,0.024242424242424242,0.0,0.024242424242424242,0.211,0.275,0.299,0.574,0.26,21.8,7.6,,,,,,,,,
245,Eddie Rosario,ATL,100,477.6307692,516,96.58461535,0.21538461531007752,0.7534246578122339,0.23287671238833585,0.02739726028219876,0.028205128197674418,0.11025641025193798,0.10769230769379845,0.061538461531007754,0.002564102563953488,0.21025641027131783,0.002564102563953488,0.007692307691860465,0.0,0.01538461538372093,0.005128205127906976,0.010256410255813952,0.234,0.280205656,0.385041551,0.665247207,0.269372694,21.02564103,6.153846154,478,516,101,0.2364341085271318,0.7326732673267327,0.2376237623762376,0.0297029702970297,0.040697674418604654,0.12403100775193798,0.1434108527131783,0.06589147286821706,0.001937984496124031,0.2364341085271318,0.001937984496124031,0.003875968992248062,0.001937984496124031,0.005813953488372093,0.007751937984496124,-0.001937984496124031,0.255,0.305,0.45,0.755,0.3,23.6,6.6,,,,,,,,,
248,Christian Vazquez,MIN,102,328.3979328,355,75.21963824,0.2299741601971831,0.7926829268941191,0.19512195117411668,0.012195121945058693,0.018087855295774648,0.10335917312676056,0.09560723515492958,0.059431524535211264,0.0,0.1653746770140845,0.0051679586563380285,0.007751937983098592,0.002583979326760563,0.012919896639436618,0.0051679586563380285,0.007751937983098592,0.248,0.295336788,0.357541899,0.652878687,0.282758621,16.5374677,5.943152455,327,355,67,0.2056338028169014,0.8059701492537313,0.19402985074626866,0.0,0.016901408450704224,0.09577464788732394,0.09014084507042254,0.07042253521126761,0.0028169014084507044,0.23098591549295774,0.0028169014084507044,0.0028169014084507044,0.0028169014084507044,0.0028169014084507044,0.0,0.0028169014084507044,0.223,0.28,0.318,0.598,0.279,23.1,7.0,,,,,,,,,
249,Jacob Stallings,MIA,104,248.1139896,276,50.051813476,0.19430051815217392,0.7999999999840165,0.19999999989610764,0.0,0.012953367876811594,0.08290155442028986,0.0854922279710145,0.08031088083333333,0.0,0.21761658032608697,0.010362694300724638,0.007772020724637682,0.0025906735760869567,0.0,0.0,0.0,0.217,0.285714286,0.299711816,0.585426101,0.268199234,21.76165803,8.031088083,241,276,43,0.16666666666666666,0.6744186046511628,0.32558139534883723,0.0,0.010869565217391304,0.07971014492753623,0.07246376811594203,0.09782608695652174,0.0,0.2427536231884058,0.010869565217391304,0.007246376811594203,0.010869565217391304,0.0,0.0,0.0,0.191,0.278,0.286,0.565,0.249,24.3,9.8,,,,,,,,,
250,Travis d'Arnaud,ATL,96,266.1458333,292,57.79166667,0.2291666666780822,0.7763157893712291,0.2105263158350093,0.013157894741851023,0.03125,0.11458333332191782,0.1171875,0.06510416667808219,0.0,0.2109375,0.010416666667808218,0.0078125,0.0,0.002604166667808219,0.0,0.002604166667808219,0.252,0.306282723,0.405714286,0.711997008,0.292307692,21.09375,6.510416667,267,292,49,0.2054794520547945,0.7346938775510204,0.2653061224489796,0.0,0.03767123287671233,0.10616438356164383,0.13356164383561644,0.07191780821917808,0.0,0.22945205479452055,0.010273972602739725,0.003424657534246575,0.0,0.0,0.0,0.0,0.225,0.288,0.397,0.685,0.258,22.9,7.2,,,,,,,,,
252,Aaron Hicks,NYY,97,269.5287958,312,49.821989533,0.18586387435897436,0.7540983606267821,0.22950819662523173,0.016393442627557386,0.026178010471153847,0.1151832460576923,0.09424083769230769,0.12041884817307692,0.0026178010480769234,0.24083769634615385,0.007853403141025641,0.005235602092948718,0.0026178010480769234,0.015706806282051282,0.005235602092948718,0.010471204189102565,0.215,0.31496063,0.354545455,0.669506084,0.265217391,24.08376963,12.04188482,269,312,60,0.21794871794871795,0.8333333333333334,0.15,0.016666666666666666,0.02564102564102564,0.14102564102564102,0.11538461538461539,0.1346153846153846,0.003205128205128205,0.22115384615384615,0.0,0.003205128205128205,0.0,0.019230769230769232,0.0,0.019230769230769232,0.253,0.353,0.383,0.735,0.311,22.1,13.5,,,,,,,,,
253,Robbie Grossman,TEX,95,362.8272251,420,70.366492142,0.19109947642857142,0.7343750000457426,0.2500000000639509,0.01562500000399693,0.023560209423809524,0.11256544502380952,0.09162303664285715,0.11780104711904762,0.002617801047619048,0.2513089004761905,0.010471204188095239,0.005235602095238096,0.002617801047619048,0.01832460733095238,0.005235602095238096,0.013089005235714284,0.223,0.320209974,0.357575758,0.677785731,0.281938326,25.13089005,11.78010471,353,420,74,0.2,0.6756756756756757,0.3108108108108108,0.013513513513513514,0.023809523809523808,0.13333333333333333,0.11666666666666667,0.1357142857142857,0.0,0.23333333333333334,0.004761904761904762,0.01904761904761905,0.0,0.002380952380952381,0.0,0.002380952380952381,0.238,0.34,0.394,0.734,0.292,23.3,13.6,,,,,,,,,
254,Kevin Kiermaier,TOR,99,371.3984169,408,81.815303428,0.21635883904411765,0.7368421052554383,0.2236842105719899,0.03947368420923972,0.01583113456372549,0.11873350924019609,0.08970976252450981,0.07124010553921568,0.002638522426470588,0.24274406333333334,0.010554089710784314,0.005277044855392157,0.0,0.02638522426470588,0.005277044855392157,0.021108179419117645,0.237,0.298941799,0.356521739,0.655463538,0.305220884,24.27440633,7.124010554,370,408,90,0.24019607843137256,0.7,0.23333333333333334,0.06666666666666667,0.0196078431372549,0.14215686274509803,0.08823529411764706,0.07107843137254902,0.0,0.2107843137254902,0.00980392156862745,0.00980392156862745,0.0024509803921568627,0.03431372549019608,0.0024509803921568627,0.031862745098039214,0.265,0.322,0.419,0.741,0.321,21.1,7.1,,,,,,,,,
255,Tommy Pham,NYM,89,419.9206349,481,89.07407407999999,0.21164021164241162,0.7714285713291358,0.21428571430175233,0.01428571427929908,0.026455026444906445,0.12433862434511435,0.10317460318087317,0.10846560846153845,0.0026455026444906445,0.24074074074844073,0.010582010582120582,0.005291005291060291,0.0,0.021164021164241164,0.007936507935550936,0.013227513226611226,0.243,0.331564987,0.384848485,0.716413472,0.303030303,24.07407407,10.84656085,426,481,93,0.22661122661122662,0.6774193548387096,0.2903225806451613,0.03225806451612903,0.033264033264033266,0.11434511434511435,0.14137214137214138,0.09771309771309772,0.002079002079002079,0.2203742203742204,0.004158004158004158,0.012474012474012475,0.0,0.04573804573804574,0.006237006237006237,0.0395010395010395,0.256,0.328,0.446,0.774,0.3,22.0,9.8,,,,,,,,,
257,Yasmani Grandal,CHW,95,340.766129,405,60.96774193,0.18279569891358025,0.8035714285802155,0.19642857141978456,0.0,0.032258064518518516,0.11021505375308642,0.10483870967901235,0.13709677419753086,0.0026881720419753086,0.22043010753086423,0.008064516128395061,0.008064516128395061,0.0,0.0,0.0,0.0,0.216,0.32972973,0.367412141,0.69714187,0.252252252,22.04301075,13.70967742,363,405,77,0.20987654320987653,0.8181818181818182,0.18181818181818182,0.0,0.019753086419753086,0.08148148148148149,0.08148148148148149,0.08888888888888889,0.0024691358024691358,0.2123456790123457,0.009876543209876543,0.0049382716049382715,0.0,0.0,0.0,0.0,0.234,0.309,0.339,0.647,0.284,21.2,8.9,,,,,,,,,
261,Drew Waters,KCR,96,308.7648649,337,64.667567564,0.21351351350148368,0.7183098591736604,0.2535211267035002,0.0281690140919122,0.02162162162017804,0.11081081080118695,0.09459459459940653,0.07027027026706231,0.0,0.3162162163204748,0.008108108106824925,0.00540540540652819,0.0,0.02162162162017804,0.00540540540652819,0.016216216216617212,0.232,0.291891892,0.368731563,0.660623455,0.328703704,31.62162162,7.027027027,302,337,61,0.20474777448071216,0.7377049180327869,0.18032786885245902,0.08196721311475409,0.02373887240356083,0.11869436201780416,0.09495548961424333,0.08011869436201781,0.0,0.31750741839762614,0.01483679525222552,0.008902077151335312,0.0,0.04747774480712166,0.01483679525222552,0.032640949554896145,0.228,0.3,0.377,0.677,0.321,31.8,8.0,,,,,,,,,
263,Jack Suwinski,PIT,94,473.3837838,534,85.15135138,0.19189189194756553,0.7118644065845946,0.27118644056450913,0.03389830506762769,0.03243243243445693,0.11351351352059925,0.11621621621722847,0.09729729730337078,0.002702702702247191,0.3,0.010810810810861424,0.005405405404494382,0.002702702702247191,0.010810810810861424,0.002702702702247191,0.008108108108614233,0.218,0.3,0.390243902,0.690243902,0.285024155,30.0,9.72972973,447,534,74,0.18726591760299627,0.6891891891891891,0.28378378378378377,0.02702702702702703,0.04868913857677903,0.11797752808988764,0.13857677902621723,0.1404494382022472,0.003745318352059925,0.32209737827715357,0.011235955056179775,0.011235955056179775,0.0,0.024344569288389514,0.003745318352059925,0.020599250936329586,0.224,0.339,0.454,0.793,0.29,32.2,14.0,,,,,,,,,
266,Evan Longoria,ARI,94,214.3978202,237,42.621253405000004,0.2179836512236287,0.742424242415355,0.24242424247401126,0.015151515157558514,0.03814713896624473,0.11444141687763712,0.13623978202531647,0.07629427793248945,0.0027247956413502107,0.25613079021097046,0.008174386919831224,0.008174386919831224,0.0,0.0027247956413502107,0.0,0.0027247956413502107,0.24,0.303278689,0.421686747,0.724965436,0.290748899,25.61307902,7.629427793,211,237,36,0.19831223628691982,0.75,0.25,0.0,0.046413502109704644,0.10548523206751055,0.11814345991561181,0.0970464135021097,0.0,0.3080168776371308,0.0,0.012658227848101266,0.0,0.0,0.0,0.0,0.223,0.295,0.422,0.717,0.277,30.8,9.7,,,,,,,,,
267,Elias Diaz,COL,97,481.2032967,526,102.59890106,0.22802197794676807,0.7605633805411443,0.22535211275293168,0.01408450704705823,0.032967032965779464,0.11538461538022814,0.12087912087452471,0.06868131868821294,0.0,0.19230769239543727,0.005494505494296579,0.005494505494296579,0.0,0.0,0.0,0.0,0.249,0.303867403,0.411411411,0.715278815,0.280632411,19.23076923,6.868131868,486,526,116,0.24714828897338403,0.7758620689655172,0.21551724137931033,0.008620689655172414,0.026615969581749048,0.09125475285171103,0.13688212927756654,0.06463878326996197,0.0,0.22433460076045628,0.0038022813688212928,0.0076045627376425855,0.0,0.0019011406844106464,0.0,0.0019011406844106464,0.267,0.316,0.409,0.725,0.324,22.4,6.5,,,,,,,,,
268,Miguel Rojas,LAD,92,389.2066116,423,96.719008219,0.2424242423167849,0.7951807232747407,0.1927710844365063,0.01204819277469684,0.013774104683215129,0.11570247933806146,0.09917355371158393,0.055096418723404254,0.0,0.1267217630969267,0.011019283747044917,0.005509641872340426,0.002754820936170213,0.016528925619385345,0.008264462810874704,0.008264462810874704,0.265,0.311111111,0.362275449,0.67338656,0.29122807,12.67217631,5.509641873,385,423,86,0.21513002364066194,0.8023255813953488,0.18604651162790697,0.011627906976744186,0.01182033096926714,0.11583924349881797,0.07328605200945626,0.061465721040189124,0.0,0.11347517730496454,0.01182033096926714,0.01182033096926714,0.004728132387706856,0.018912529550827423,0.0070921985815602835,0.01182033096926714,0.236,0.29,0.322,0.612,0.255,11.3,6.1,,,,,,,,,
269,Daniel Vogelbach,NYM,93,267.3184358,319,49.00837989,0.18715083799373042,0.7636363636994326,0.21818181817068835,0.0,0.03351955307210031,0.11452513965517241,0.12011173184952978,0.14525139664576803,0.005586592178683385,0.24022346369905956,0.008379888269592475,0.005586592178683385,0.0,0.0,0.0,0.0,0.222,0.341736695,0.38,0.721736695,0.269607843,24.02234637,14.52513966,275,319,51,0.2006269592476489,0.8431372549019608,0.1568627450980392,0.0,0.04075235109717868,0.10344827586206896,0.15047021943573669,0.13166144200626959,0.003134796238244514,0.25391849529780564,0.006269592476489028,0.0,0.0,0.0,0.0,0.0,0.233,0.339,0.404,0.742,0.282,25.4,13.2,,,,,,,,,
271,Brice Turang,MIL,89,406.5882353,448,90.352941175,0.21848739495535716,0.7638888888665999,0.22222222219762733,0.013888888891502098,0.016806722689732143,0.10924369747767858,0.08963585435267858,0.0840336134375,0.0028011204486607143,0.2128851540625,0.0028011204486607143,0.005602240897321429,0.0,0.025210084040178573,0.0028011204486607143,0.02240896359375,0.24,0.305322129,0.351851852,0.657173981,0.295081967,21.28851541,8.403361345,404,448,82,0.19642857142857142,0.8536585365853658,0.10975609756097561,0.036585365853658534,0.013392857142857142,0.10267857142857142,0.07589285714285714,0.08482142857142858,0.002232142857142857,0.20982142857142858,0.002232142857142857,0.004464285714285714,0.006696428571428571,0.05803571428571429,0.008928571428571428,0.049107142857142856,0.218,0.285,0.3,0.585,0.268,21.0,8.5,,,,,,,,,
272,Jorge Mateo,BAL,96,325.4213483,350,66.85393258100001,0.21348314605714286,0.7352941176712555,0.22058823528641866,0.04411764705728373,0.022471910111428572,0.12359550562857144,0.08707865168571428,0.05056179774285715,0.0,0.2752808988857143,0.008426966291428572,0.0056179775285714285,0.0028089887628571426,0.053370786514285715,0.011235955057142857,0.042134831457142856,0.23,0.274011299,0.365558912,0.639570212,0.299559471,27.52808989,5.056179775,318,350,62,0.19714285714285715,0.7419354838709677,0.22580645161290322,0.03225806451612903,0.02,0.1657142857142857,0.09714285714285714,0.06285714285714286,0.0,0.2342857142857143,0.002857142857142857,0.008571428571428572,0.014285714285714285,0.09142857142857143,0.014285714285714285,0.07714285714285714,0.217,0.267,0.34,0.607,0.267,23.4,6.3,,,,,,,,,
273,Brandon Belt,TOR,88,346.9378531,404,59.34463276999999,0.19491525423267325,0.7500000000421269,0.24999999995787325,0.019230769232713548,0.04802259886138614,0.12429378532178217,0.13841807908415843,0.1186440677970297,0.005649717514851485,0.2683615819306931,0.014124293784653467,0.008474576272277228,0.0,0.005649717514851485,0.0028248587574257423,0.0028248587574257423,0.226,0.327683616,0.447368421,0.775052037,0.266666667,26.83615819,11.86440678,339,404,67,0.21287128712871287,0.6567164179104478,0.34328358208955223,0.0,0.04702970297029703,0.1311881188118812,0.10643564356435643,0.15099009900990099,0.0024752475247524753,0.349009900990099,0.0049504950495049506,0.0049504950495049506,0.0,0.0,0.0,0.0,0.254,0.369,0.49,0.858,0.37,34.9,15.1,,,,,,,,,
274,Jon Berti,MIA,89,372.3512748,424,86.48158639799999,0.21813031160377358,0.7916666667620628,0.19444444442324535,0.027777777779704974,0.014164305948113206,0.13031161474056605,0.07365439094339622,0.09915014165094341,0.0,0.22096317280660377,0.014164305948113206,0.005665722379716981,0.0028328611886792453,0.06232294617924528,0.014164305948113206,0.04815864023584906,0.25,0.332386364,0.358064516,0.69045088,0.31441048,22.09631728,9.915014164,388,424,107,0.2688679245283019,0.822429906542056,0.14953271028037382,0.028037383177570093,0.01650943396226415,0.125,0.07783018867924528,0.06839622641509434,0.0047169811320754715,0.18160377358490565,0.0047169811320754715,0.007075471698113208,0.0047169811320754715,0.03773584905660377,0.014150943396226415,0.02358490566037736,0.294,0.344,0.405,0.748,0.349,18.2,6.8,,,,,,,,,
275,Nick Ahmed,ARI,92,192.1022727,210,41.164772725,0.2130681818095238,0.7536231883811525,0.2173913043509947,0.028985507243560277,0.017045454547619045,0.10227272728571428,0.09943181819047618,0.0653409090952381,0.0028409090904761903,0.2215909090952381,0.005681818180952381,0.005681818180952381,0.0028409090904761903,0.014204545452380953,0.005681818180952381,0.008522727271428571,0.233,0.286532951,0.347826087,0.634359038,0.2875,22.15909091,6.534090909,198,210,40,0.2,0.725,0.25,0.025,0.009523809523809525,0.06666666666666667,0.08095238095238096,0.05714285714285714,0.0,0.24761904761904763,0.0,0.0,0.0,0.023809523809523808,0.004761904761904762,0.01904761904761905,0.212,0.257,0.303,0.56,0.278,24.8,5.7,,,,,,,,,
277,Matt Vierling,DET,96,485.7060519,530,114.55331414999999,0.23631123924528302,0.7466666664746163,0.21333333331587423,0.03999999999127044,0.02017291066037736,0.11527377520754717,0.0979827089245283,0.06628242075471698,0.0028818443811320757,0.1959654179245283,0.008645533141509435,0.005763688760377359,0.0,0.02305475503773585,0.005763688760377359,0.01729106628301887,0.258,0.312138728,0.393081761,0.705220489,0.306122449,19.59654179,6.628242075,479,530,115,0.2358490566037736,0.7739130434782608,0.1826086956521739,0.043478260869565216,0.018867924528301886,0.11886792452830189,0.0830188679245283,0.0830188679245283,0.0018867924528301887,0.21132075471698114,0.009433962264150943,0.0018867924528301887,0.0018867924528301887,0.011320754716981131,0.011320754716981131,0.0,0.261,0.329,0.388,0.717,0.321,21.1,8.3,,,,,,,,,
278,Yuli Gurriel,,86,306.2449568,329,71.109510082,0.23631123917933128,0.7466666666494163,0.22666666668654212,0.013333333332020804,0.020172910662613983,0.1066282420668693,0.1066282420668693,0.05187319884498481,0.0,0.12391930835866262,0.00864553313981763,0.00864553313981763,0.0,0.00864553313981763,0.0028818443799392096,0.005763688759878419,0.253,0.296829971,0.374613003,0.671442974,0.27173913,12.39193084,5.187319885,298,329,69,0.22188449848024316,0.7246376811594203,0.2318840579710145,0.043478260869565216,0.0121580547112462,0.0972644376899696,0.08206686930091185,0.0790273556231003,0.00911854103343465,0.1337386018237082,0.00303951367781155,0.0121580547112462,0.0,0.0121580547112462,0.0,0.0121580547112462,0.245,0.304,0.359,0.663,0.272,13.4,7.9,,,,,,,,,
281,Mitch Garver,TEX,86,301.0,344,52.0,0.19186046511627908,0.7115384615384616,0.28846153846153844,0.0,0.040697674418604654,0.11627906976744186,0.12209302325581395,0.10465116279069768,0.0,0.2877906976744186,0.011627906976744186,0.005813953488372093,0.0,0.005813953488372093,0.0029069767441860465,0.0029069767441860465,0.22,0.309037901,0.408637874,0.717675775,0.273684211,28.77906977,10.46511628,296,344,61,0.23255813953488372,0.819672131147541,0.18032786885245902,0.0,0.055232558139534885,0.1308139534883721,0.14534883720930233,0.12790697674418605,0.0029069767441860465,0.23837209302325582,0.00872093023255814,0.0,0.0,0.0,0.0,0.0,0.27,0.37,0.5,0.87,0.313,23.8,12.8,,,,,,,,,
282,Nolan Gorman,STL,86,421.8181818,464,77.5601173,0.20527859237068966,0.7192982455687956,0.24561403506283763,0.017543859645503656,0.038123167155172416,0.11436950146551723,0.12903225806034482,0.07331378299568965,0.002932551318965517,0.31085043987068967,0.008797653959051724,0.005865102640086207,0.0,0.005865102640086207,0.002932551318965517,0.002932551318965517,0.226,0.288235294,0.4,0.688235294,0.295336788,31.08504399,7.331378299,406,464,69,0.20689655172413793,0.7536231884057971,0.2463768115942029,0.0,0.05818965517241379,0.1271551724137931,0.16379310344827586,0.11422413793103449,0.0021551724137931034,0.31896551724137934,0.00646551724137931,0.004310344827586207,0.0,0.015086206896551725,0.004310344827586207,0.010775862068965518,0.236,0.328,0.478,0.805,0.296,31.9,11.4,,,,,,,,,
284,Michael A. Taylor,MIN,92,353.6637168,388,74.39528023700001,0.21533923304123712,0.738461538487181,0.23076923072683767,0.015384615386269746,0.02359882005927835,0.11504424778350515,0.09734513273195876,0.07374631268041237,0.0,0.2654867257731959,0.005899705015463917,0.005899705015463917,0.0029498525077319587,0.017699115043814433,0.005899705015463917,0.011799410028350514,0.235,0.295857988,0.365695793,0.661553781,0.305164319,26.54867257,7.374631268,355,388,57,0.20103092783505155,0.7368421052631579,0.24561403508771928,0.017543859649122806,0.05412371134020619,0.12371134020618557,0.13144329896907217,0.06701030927835051,0.0,0.33505154639175255,0.007731958762886598,0.002577319587628866,0.007731958762886598,0.03350515463917526,0.002577319587628866,0.030927835051546393,0.22,0.278,0.442,0.72,0.278,33.5,6.7,,,,,,,,,
286,Isiah Kiner-Falefa,NYY,85,333.148368,361,84.62611275600001,0.24035608307479225,0.8101265822958319,0.164556961988221,0.025316455692313493,0.0059347180997229914,0.10682492581717452,0.07418397626038782,0.05341246290858726,0.0029673590498614957,0.14243323443213296,0.011869436202216066,0.0059347180997229914,0.0029673590498614957,0.0326409495567867,0.008902077152354571,0.02373887240443213,0.261,0.307462687,0.334405145,0.641867831,0.300380228,14.24332344,5.341246291,326,361,73,0.2188365650969529,0.821917808219178,0.1643835616438356,0.0136986301369863,0.01662049861495845,0.10803324099722991,0.10249307479224377,0.07756232686980609,0.0,0.19390581717451524,0.008310249307479225,0.008310249307479225,0.002770083102493075,0.038781163434903045,0.013850415512465374,0.024930747922437674,0.242,0.306,0.34,0.646,0.289,19.4,7.8,,,,,,,,,
287,Eric Haase,DET,89,267.5598802,293,47.371257480000004,0.2005988023890785,0.7407407408345622,0.2407407408345623,0.03703703704172811,0.038922155699658706,0.10479041914675769,0.1197604790443686,0.07185628744027305,0.0,0.3023952095904437,0.008982035928327645,0.00598802395221843,0.0,0.002994011976109215,0.0,0.002994011976109215,0.22,0.281437126,0.406557377,0.687994503,0.279792746,30.23952096,7.185628743,274,293,51,0.18771331058020477,0.8235294117647058,0.1568627450980392,0.0196078431372549,0.013651877133105802,0.07508532423208192,0.08873720136518772,0.05802047781569966,0.0034129692832764505,0.2764505119453925,0.0,0.0034129692832764505,0.0034129692832764505,0.013651877133105802,0.0034129692832764505,0.010238907849829351,0.201,0.247,0.281,0.528,0.268,27.6,5.8,,,,,,,,,
288,Bryce Harper,PHI,75,461.6181818,546,102.58181822999998,0.23636363644688643,0.7258064512276876,0.25806451598123525,0.016129032254919903,0.04848484847985348,0.15151515152014652,0.14545454545787545,0.13636363635531135,0.01515151515201465,0.2121212120879121,0.009090909091575092,0.009090909091575092,0.003030303031135531,0.02121212120879121,0.00606060606043956,0.01515151515201465,0.281,0.381818182,0.516129032,0.897947214,0.316326531,21.21212121,13.63636364,457,546,113,0.2454212454212454,0.7345132743362832,0.25663716814159293,0.008849557522123894,0.038461538461538464,0.15384615384615385,0.13186813186813187,0.14652014652014653,0.014652014652014652,0.21794871794871795,0.009157509157509158,0.007326007326007326,0.0,0.020146520146520148,0.005494505494505495,0.014652014652014652,0.293,0.401,0.499,0.9,0.352,21.8,14.7,,,,,,,,,
292,Gabriel Moreno,ARI,89,351.9384615,380,88.861538464,0.2492307692368421,0.7763157894002405,0.21052631580961143,0.013157894733880666,0.015384615384210527,0.10769230768421052,0.10769230768421052,0.05538461539473684,0.0030769230763157893,0.1723076923157895,0.012307692307894736,0.0061538461526315785,0.0030769230763157893,0.009230769231578949,0.0030769230763157893,0.0061538461526315785,0.271,0.316923077,0.378737542,0.695660618,0.314049587,17.23076923,5.538461538,341,380,90,0.25526315789473686,0.7777777777777778,0.2111111111111111,0.011111111111111112,0.018421052631578946,0.0868421052631579,0.13157894736842105,0.07631578947368421,0.0,0.19736842105263158,0.007894736842105263,0.018421052631578946,0.0,0.015789473684210527,0.005263157894736842,0.010526315789473684,0.284,0.339,0.408,0.747,0.338,19.7,7.6,,,,,,,,,
294,Gavin Sheets,CHW,88,312.1481481,344,61.58024691000001,0.2160493827034884,0.7586206896551724,0.2241379311156776,0.017241379310344827,0.03703703703488372,0.11111111110465116,0.12037037037790697,0.07407407406976745,0.0030864197529069767,0.21296296296511627,0.00925925925872093,0.0061728395058139535,0.0,0.0030864197529069767,0.0,0.0030864197529069767,0.237,0.300309598,0.411564626,0.711874223,0.269767442,21.2962963,7.407407407,311,344,53,0.18313953488372092,0.8113207547169812,0.18867924528301888,0.0,0.029069767441860465,0.06976744186046512,0.125,0.08139534883720931,0.005813953488372093,0.19186046511627908,0.0029069767441860465,0.011627906976744186,0.0,0.0029069767441860465,0.0,0.0029069767441860465,0.203,0.267,0.331,0.599,0.222,19.2,8.1,,,,,,,,,
295,Christian Arroyo,BOS,85,190.0557276,206,44.643962847000005,0.24148606810679613,0.7714285713844126,0.2142857142809144,0.01428571428987418,0.0247678018592233,0.11764705883495145,0.10835913310679612,0.05263157893203883,0.006191950466019417,0.19504643961165047,0.015479876160194176,0.006191950466019417,0.0030959752330097087,0.012383900927184464,0.0030959752330097087,0.009287925694174757,0.263,0.310559006,0.399328859,0.709887865,0.305676856,19.50464396,5.263157895,195,206,44,0.22815533980582525,0.6363636363636364,0.36363636363636365,0.0,0.014563106796116505,0.11165048543689321,0.11650485436893204,0.03398058252427184,0.0,0.21844660194174756,0.0048543689320388345,0.009708737864077669,0.0048543689320388345,0.0048543689320388345,0.014563106796116505,-0.009708737864077669,0.241,0.268,0.369,0.638,0.295,21.8,3.4,,,,,,,,,
296,Miguel Cabrera,DET,79,341.3622291,370,74.45820433,0.21671826624324325,0.8153846153866815,0.1846153846133184,0.0,0.015479876162162162,0.08668730651351352,0.09597523218918919,0.06191950464864865,0.003095975232432432,0.21981424148648648,0.006191950464864864,0.009287925697297297,0.0,0.0,0.0,0.0,0.235,0.284829721,0.325503356,0.610333077,0.288888889,21.98142415,6.191950464,334,370,82,0.23243243243243245,0.7560975609756098,0.24390243902439024,0.0,0.010810810810810811,0.05675675675675676,0.0918918918918919,0.08378378378378379,0.0,0.2,0.005405405405405406,0.008108108108108109,0.0,0.0,0.0,0.0,0.257,0.322,0.353,0.675,0.317,20.0,8.4,,,,,,,,,
298,Will Brennan,CLE,76,419.0031646,455,102.231012629,0.2373417720879121,0.7464788734602841,0.22535211270581496,0.014084507049004318,0.012658227848351649,0.11075949367032968,0.10126582279120878,0.06329113923076923,0.0031645569626373624,0.14556962026373627,0.009493670885714286,0.006329113923076924,0.0,0.01898734177142857,0.0031645569626373624,0.01582278481098901,0.259,0.310126582,0.357388316,0.667514898,0.29218107,14.55696203,6.329113924,432,455,110,0.25274725274725274,0.7818181818181819,0.21818181818181817,0.0,0.01098901098901099,0.09010989010989011,0.09010989010989011,0.035164835164835165,0.004395604395604396,0.12527472527472527,0.01098901098901099,0.004395604395604396,0.0,0.02857142857142857,0.01098901098901099,0.017582417582417582,0.266,0.299,0.356,0.655,0.296,12.5,3.5,,,,,,,,,
301,Elehuris Montero,COL,77,281.0844156,307,59.805194802,0.22727272726384365,0.7166666666984364,0.2666666667134853,0.016666666671682952,0.03246753246905537,0.11688311687296418,0.12012987013029316,0.061688311693811074,0.0,0.253246753257329,0.012987012986970683,0.006493506495114007,0.0,0.0032467532475570033,0.0,0.0032467532475570033,0.249,0.302931596,0.418439716,0.721371312,0.306122449,25.32467532,6.168831169,284,307,58,0.2247557003257329,0.7068965517241379,0.25862068965517243,0.034482758620689655,0.035830618892508145,0.13029315960912052,0.1270358306188925,0.048859934853420196,0.0,0.36156351791530944,0.016286644951140065,0.009771986970684038,0.0,0.0,0.0,0.0,0.243,0.29,0.426,0.716,0.352,36.2,4.9,,,,,,,,,
302,Nolan Jones,COL,79,375.3442623,424,80.62950819,0.21639344261792454,0.7241379311456768,0.2413793103405509,0.017241379306495806,0.02622950820754717,0.12131147540094339,0.10491803278301888,0.10163934426886793,0.0032786885235849056,0.2885245900943396,0.006557377049528302,0.0032786885235849056,0.0,0.009836065573113208,0.0032786885235849056,0.006557377049528302,0.244,0.325657895,0.388888889,0.714546784,0.331428571,28.85245902,10.16393443,367,424,89,0.25707547169811323,0.7078651685393258,0.24719101123595505,0.0449438202247191,0.04716981132075472,0.14150943396226415,0.14622641509433962,0.125,0.007075471698113208,0.2971698113207547,0.007075471698113208,0.0023584905660377358,0.0,0.04716981132075472,0.009433962264150943,0.03773584905660377,0.297,0.389,0.542,0.931,0.401,29.7,12.5,,,,,,,,,
305,Jesus Sanchez,MIA,75,364.7284768,402,73.21192053,0.2185430463681592,0.7454545454470951,0.23636363634128532,0.018181818184301632,0.03642384106965174,0.1125827814676617,0.12582781457711442,0.07615894039800995,0.0033112582786069653,0.2516556291044776,0.009933774833333334,0.0066225165572139305,0.0,0.0066225165572139305,0.0,0.0066225165572139305,0.24,0.304635762,0.416058394,0.720694156,0.291005291,25.16556291,7.61589404,360,402,77,0.2263681592039801,0.6623376623376623,0.2987012987012987,0.03896103896103896,0.03482587064676617,0.10696517412935323,0.12935323383084577,0.0945273631840796,0.0024875621890547263,0.26616915422885573,0.004975124378109453,0.0024875621890547263,0.0024875621890547263,0.007462686567164179,0.0024875621890547263,0.004975124378109453,0.253,0.327,0.45,0.777,0.321,26.6,9.5,,,,,,,,,
307,Gary Sanchez,,78,235.85,267,37.38,0.18333333333333335,0.7142857142857142,0.26190476190476186,0.0,0.043333333333333335,0.11333333333333334,0.13,0.09333333333333334,0.0,0.30666666666666664,0.013333333333333334,0.006666666666666667,0.0,0.0033333333333333335,0.0,0.0033333333333333335,0.207,0.2909699,0.39245283,0.68342273,0.259259259,30.66666667,9.333333333,240,267,33,0.1947565543071161,0.7272727272727273,0.2727272727272727,0.0,0.07116104868913857,0.12359550561797752,0.1760299625468165,0.07865168539325842,0.0,0.250936329588015,0.0149812734082397,0.00749063670411985,0.0,0.0,0.0,0.0,0.217,0.288,0.492,0.78,0.212,25.1,7.9,,,,,,,,,
309,Emmanuel Rivera,ARI,79,260.36,283,56.600000003000005,0.22666666667844523,0.7499999999602474,0.2499999999867491,0.01666666665989399,0.026666666667844525,0.11,0.11666666667844523,0.06333333332155476,0.0,0.22333333332155478,0.01,0.0066666666678445235,0.003333333332155477,0.0066666666678445235,0.003333333332155477,0.003333333332155477,0.247,0.3,0.398550725,0.698550725,0.295566502,22.33333333,6.333333333,257,283,63,0.23674911660777384,0.7936507936507936,0.20634920634920634,0.0,0.014134275618374558,0.11307420494699646,0.10247349823321555,0.07773851590106007,0.0,0.1978798586572438,0.0,0.014134275618374558,0.0,0.0035335689045936395,0.0,0.0035335689045936395,0.261,0.314,0.358,0.672,0.313,19.8,7.8,,,,,,,,,
313,Ji Hwan Bae,PIT,75,338.5218855,371,82.444444443,0.23569023568733155,0.7575757576143511,0.22727272730856407,0.03030303029972229,0.013468013469002695,0.11447811447439353,0.08754208754716981,0.07407407407008086,0.003367003366576819,0.19865319865229109,0.006734006733153638,0.006734006733153638,0.003367003366576819,0.03703703703504043,0.006734006733153638,0.030303030296495958,0.258,0.316498316,0.376383764,0.69288208,0.314285714,19.86531987,7.407407407,334,371,75,0.20754716981132076,0.7466666666666667,0.22666666666666666,0.02666666666666667,0.005390835579514825,0.14555256064690028,0.0862533692722372,0.08086253369272237,0.0,0.24797843665768193,0.005390835579514825,0.005390835579514825,0.008086253369272238,0.0646900269541779,0.02425876010781671,0.04043126684636118,0.231,0.296,0.311,0.608,0.31,24.8,8.1,,,,,,,,,
315,Yan Gomes,CHC,78,385.9965753,419,86.09589041,0.22945205479713604,0.7666666667324848,0.21666666668021747,0.016666666668602493,0.023972602744630072,0.09931506849642005,0.10958904109785202,0.047945205489260144,0.003424657534606205,0.18835616439140812,0.010273972603818616,0.00684931506921241,0.003424657534606205,0.003424657534606205,0.003424657534606205,0.0,0.249,0.291666667,0.382899628,0.674566295,0.28708134,18.83561644,4.794520548,382,419,92,0.24343675417661098,0.7608695652173914,0.21739130434782608,0.021739130434782608,0.02386634844868735,0.10501193317422435,0.15035799522673032,0.050119331742243436,0.002386634844868735,0.19331742243436753,0.021479713603818614,0.016706443914081145,0.0,0.002386634844868735,0.0,0.002386634844868735,0.267,0.315,0.408,0.723,0.309,19.3,5.0,,,,,,,,,
316,Connor Joe,PIT,72,410.5753425,472,88.904109589,0.20547945205508475,0.7636363636490432,0.21818181813723492,0.018181818179977587,0.01712328767161017,0.10958904110169491,0.09246575343220338,0.11301369862288137,0.0,0.2157534245762712,0.013698630137711864,0.00684931506779661,0.0,0.00684931506779661,0.003424657533898305,0.003424657533898305,0.236,0.33105802,0.350393701,0.681451721,0.292553191,21.57534247,11.30136986,413,472,91,0.21610169491525424,0.6153846153846154,0.34065934065934067,0.04395604395604396,0.023305084745762712,0.13347457627118645,0.08898305084745763,0.1059322033898305,0.0,0.2330508474576271,0.01694915254237288,0.00211864406779661,0.0,0.006355932203389831,0.01059322033898305,-0.00423728813559322,0.247,0.339,0.421,0.76,0.311,23.3,10.6,,,,,,,,,
319,Josh Lowe,TBR,72,450.5520833,501,86.97916667,0.1944444444510978,0.7199999999724072,0.2599999999517126,0.019999999995401196,0.020833333333333332,0.10416666666666667,0.09375,0.0868055555489022,0.003472222221556886,0.3298611111776447,0.00694444444510978,0.00694444444510978,0.003472222221556886,0.024305555548902198,0.00694444444510978,0.017361111111776444,0.217,0.288194444,0.343629344,0.631823788,0.3125,32.98611111,8.680555556,466,501,116,0.2714570858283433,0.6982758620689655,0.28448275862068967,0.017241379310344827,0.03992015968063872,0.14171656686626746,0.1656686626746507,0.06187624750499002,0.003992015968063872,0.24750499001996007,0.001996007984031936,0.005988023952095809,0.0,0.06387225548902195,0.005988023952095809,0.05788423153692615,0.292,0.335,0.5,0.835,0.357,24.8,6.2,,,,,,,,,
320,Orlando Arcia,ATL,76,486.4090909,533,104.36363639,0.22377622382739212,0.7857142855158039,0.19642857137895098,0.017857142856116226,0.027972027973733583,0.11538461538461539,0.11188811189493433,0.07342657343339587,0.003496503497185741,0.19580419587242026,0.003496503497185741,0.006993006992495309,0.0,0.010489510489681051,0.003496503497185741,0.006993006992495309,0.245,0.301754386,0.38697318,0.688727566,0.281407035,19.58041958,7.342657343,488,533,112,0.24202626641651032,0.7767857142857143,0.22321428571428573,0.0,0.03189493433395872,0.12382739212007504,0.12195121951219512,0.07317073170731707,0.0,0.19136960600375236,0.005628517823639775,0.005628517823639775,0.0,0.001876172607879925,0.0,0.001876172607879925,0.264,0.321,0.42,0.741,0.301,19.1,7.3,,,,,,,,,
321,Nick Fortes,MIA,76,292.1837456,323,61.63250883,0.22261484099071208,0.7592592592502453,0.2222222221681382,0.01851851851671572,0.03180212015479877,0.11307420495356038,0.11660777383900929,0.07067137808049535,0.0035335689040247678,0.1802120141486068,0.014134275619195048,0.0070671378080495355,0.0,0.010600706715170279,0.0035335689040247678,0.0070671378080495355,0.244,0.308510638,0.40625,0.714760638,0.272727273,18.02120141,7.067137809,294,323,54,0.18575851393188855,0.8148148148148148,0.18518518518518517,0.0,0.018575851393188854,0.1021671826625387,0.0804953560371517,0.05263157894736842,0.0,0.1826625386996904,0.021671826625386997,0.006191950464396285,0.009287925696594427,0.01238390092879257,0.006191950464396285,0.006191950464396285,0.204,0.263,0.299,0.562,0.234,18.3,5.3,,,,,,,,,
322,Taylor Walls,TBR,75,309.3971631,349,59.40425531499999,0.1914893616905444,0.708333333308784,0.2500000000210423,0.02083333332666995,0.021276595744985673,0.10992907802292264,0.09219858154727793,0.10283687942693409,0.0035460992893982806,0.2588652482234957,0.007092198581661891,0.007092198581661891,0.0035460992893982806,0.024822695034383953,0.007092198581661891,0.017730496452722063,0.215,0.300353357,0.34,0.640353357,0.277456647,25.88652482,10.28368794,303,349,53,0.17478510028653296,0.7358490566037735,0.22641509433962265,0.03773584905660377,0.022922636103151862,0.14326647564469913,0.10315186246418338,0.12607449856733524,0.0,0.2636103151862464,0.0028653295128939827,0.0,0.0028653295128939827,0.06303724928366762,0.0028653295128939827,0.06017191977077364,0.201,0.305,0.333,0.638,0.261,26.4,12.6,,,,,,,,,
323,Kyle Farmer,MIN,73,336.1708185,369,77.476868331,0.2277580071273713,0.7627118643663082,0.2203389830764428,0.016949152544341754,0.017793594306233063,0.10676156582655826,0.0960854092411924,0.05338078292682927,0.0,0.18149466192411925,0.02135231316802168,0.007117437723577235,0.0035587188617886177,0.007117437723577235,0.0035587188617886177,0.0035587188617886177,0.25,0.304659498,0.3671875,0.671846998,0.292079208,18.14946619,5.338078292,336,369,75,0.23306233062330622,0.7866666666666666,0.18666666666666668,0.02666666666666667,0.02981029810298103,0.13279132791327913,0.12466124661246612,0.06233062330623306,0.0,0.23306233062330622,0.02168021680216802,0.005420054200542005,0.0,0.005420054200542005,0.01084010840108401,-0.005420054200542005,0.256,0.317,0.408,0.725,0.311,23.3,6.2,,,,,,,,,
324,Josh H. Smith,TEX,72,203.7275986,232,43.240143368000005,0.2078853046551724,0.7500000000925066,0.21153846154379843,0.019230769239664096,0.021505376344827586,0.11469534051724138,0.08960573478448276,0.09318996413793103,0.0,0.2078853046551724,0.017921146952586207,0.007168458780172414,0.003584229392241379,0.021505376344827586,0.007168458780172414,0.014336917564655173,0.237,0.320143885,0.359183673,0.679327558,0.284153005,20.78853047,9.318996416,195,232,30,0.15517241379310345,0.7,0.26666666666666666,0.03333333333333333,0.02586206896551724,0.125,0.06465517241379311,0.10775862068965517,0.0,0.23706896551724138,0.03879310344827586,0.004310344827586207,0.008620689655172414,0.004310344827586207,0.0,0.004310344827586207,0.185,0.304,0.328,0.633,0.222,23.7,10.8,,,,,,,,,
325,Mauricio Dubon,HOU,79,456.3478261,492,99.82608693,0.22826086951219512,0.7678571430306589,0.19642857145898146,0.017857142865371455,0.025362318841463415,0.11594202898373984,0.1050724637601626,0.05434782607723577,0.003623188406504065,0.16304347825203253,0.00724637681097561,0.00724637681097561,0.003623188406504065,0.018115942028455286,0.00724637681097561,0.010869565217479674,0.246,0.290909091,0.375,0.665909091,0.27184466,16.30434783,5.434782609,467,492,120,0.26422764227642276,0.7583333333333333,0.21666666666666667,0.025,0.02032520325203252,0.15447154471544716,0.09349593495934959,0.03861788617886179,0.0,0.14227642276422764,0.006097560975609756,0.006097560975609756,0.0,0.014227642276422764,0.0040650406504065045,0.01016260162601626,0.278,0.309,0.411,0.72,0.308,14.2,3.9,,,,,,,,,
328,Austin Slater,SFG,77,179.7032967,207,41.703296701,0.22344322342995168,0.7818181817558365,0.20000000001918314,0.0363636363540448,0.021978021975845412,0.13186813188405797,0.08791208792270533,0.10989010990338165,0.003663003661835749,0.2564102564251208,0.014652014652173912,0.003663003661835749,0.003663003661835749,0.03663003662801932,0.010989010990338166,0.025641025642512076,0.259,0.349264706,0.400843882,0.750108588,0.339506173,25.64102564,10.98901099,185,207,45,0.24154589371980675,0.8,0.2,0.0,0.024154589371980676,0.11594202898550725,0.0966183574879227,0.0966183574879227,0.0,0.28019323671497587,0.00966183574879227,0.0,0.0,0.00966183574879227,0.00966183574879227,0.0,0.27,0.348,0.4,0.748,0.369,28.0,9.7,,,,,,,,,
330,Trevor Larnach,MIN,70,188.4444444,212,36.118518519,0.19999999999999998,0.7391304348752987,0.23913043477839555,0.02173913042936566,0.029629629627358493,0.10740740740566038,0.10740740740566038,0.09259259259433962,0.0037037037028301886,0.30740740740566036,0.011111111113207547,0.0037037037028301886,0.0,0.0037037037028301886,0.0,0.0037037037028301886,0.225,0.304832714,0.379166667,0.68399938,0.306666667,30.74074074,9.259259259,183,212,31,0.18396226415094338,0.6774193548387096,0.22580645161290322,0.0967741935483871,0.03773584905660377,0.12264150943396226,0.18867924528301888,0.12735849056603774,0.0047169811320754715,0.33962264150943394,0.0,0.009433962264150943,0.0,0.0047169811320754715,0.0047169811320754715,0.0,0.213,0.311,0.415,0.727,0.295,34.0,12.7,,,,,,,,,
331,Stuart Fairchild,CIN,78,229.3097015,255,45.671641793999996,0.21268656717647058,0.7291666667077207,0.2500000000328432,0.020833333325122553,0.03358208955294118,0.11940298505882353,0.11567164180392156,0.07462686568627451,0.003731343282352941,0.28358208956862746,0.018656716419607845,0.00746268656862745,0.0,0.014925373133333334,0.003731343282352941,0.011194029850980393,0.236,0.305970149,0.406639004,0.712609153,0.303797468,28.35820896,7.462686567,219,255,45,0.19607843137254902,0.6,0.35555555555555557,0.044444444444444446,0.0196078431372549,0.13333333333333333,0.10980392156862745,0.09803921568627451,0.0,0.27058823529411763,0.023529411764705882,0.00784313725490196,0.011764705882352941,0.0392156862745098,0.011764705882352941,0.027450980392156862,0.228,0.321,0.388,0.71,0.306,27.1,9.8,,,,,,,,,
334,Donovan Solano,MIN,68,412.6415094,450,101.886792462,0.2452830188888889,0.7666666666254444,0.23333333335492593,0.0,0.018867924528888892,0.10566037735555556,0.10566037735555556,0.060377358488888894,0.003773584906666667,0.18113207546666665,0.015094339622222223,0.007547169811111112,0.003773584906666667,0.0,0.0,0.0,0.267,0.320754717,0.386831276,0.707585993,0.3125,18.11320755,6.037735849,394,450,106,0.24666666666666667,0.7452830188679245,0.24528301886792453,0.009433962264150943,0.011111111111111112,0.09555555555555556,0.08444444444444445,0.08888888888888889,0.0022222222222222222,0.2222222222222222,0.03333333333333333,0.0022222222222222222,0.0,0.0,0.0,0.0,0.282,0.369,0.391,0.76,0.366,22.2,8.9,,,,,,,,,
337,Cavan Biggio,TOR,68,291.3793103,338,54.390804599999996,0.18773946360946744,0.7142857142069194,0.26190476193102685,0.02380952380689732,0.026819923372781065,0.11494252872781065,0.09961685822485207,0.11877394636094674,0.003831417624260355,0.27203065133136095,0.011494252872781066,0.00766283524852071,0.0,0.011494252872781066,0.003831417624260355,0.00766283524852071,0.217,0.318007663,0.368888889,0.686896552,0.281879195,27.20306513,11.87739464,289,338,59,0.20118343195266272,0.7966101694915254,0.2033898305084746,0.0,0.026627218934911243,0.15976331360946747,0.11834319526627218,0.11834319526627218,0.0,0.2603550295857988,0.020710059171597635,0.005917159763313609,0.0,0.014792899408284023,0.005917159763313609,0.008875739644970414,0.235,0.34,0.37,0.71,0.304,26.0,11.8,,,,,,,,,
338,James McCann,BAL,71,205.7743191,226,41.330739297,0.21011673150442478,0.8085106382896357,0.19148936171036426,0.02127659574828437,0.027237354084070797,0.10116731517699115,0.10505836575221239,0.07003891048672567,0.0,0.26848249026548676,0.011673151752212391,0.003891050584070796,0.0,0.007782101168141592,0.003891050584070796,0.003891050584070796,0.232,0.29296875,0.371794872,0.664763622,0.295597484,26.84824903,7.003891051,207,226,40,0.20353982300884957,0.65,0.35,0.0,0.02654867256637168,0.11061946902654868,0.11504424778761062,0.03982300884955752,0.0,0.252212389380531,0.022123893805309734,0.008849557522123894,0.01327433628318584,0.01327433628318584,0.004424778761061947,0.008849557522123894,0.222,0.269,0.377,0.646,0.274,25.2,4.0,,,,,,,,,
339,Victor Caratini,MIL,74,200.2980392,226,40.768627451,0.2039215686283186,0.7826086955796544,0.2173913043467596,0.0,0.023529411765486723,0.10196078429203541,0.10196078429203541,0.09019607845132743,0.003921568628318584,0.21960784314159293,0.015686274508849556,0.003921568628318584,0.0,0.0,0.0,0.0,0.231,0.311023622,0.353982301,0.665005923,0.278787879,21.96078431,9.019607843,201,226,45,0.23008849557522124,0.9111111111111111,0.08888888888888889,0.0,0.030973451327433628,0.10176991150442478,0.11061946902654868,0.084070796460177,0.0,0.19911504424778761,0.01327433628318584,0.01327433628318584,0.0,0.004424778761061947,0.004424778761061947,0.0,0.259,0.327,0.383,0.711,0.296,19.9,8.4,,,,,,,,,
343,Nick Pratto,KCR,62,306.2048193,345,54.036144579,0.18473895582608696,0.6923076922208558,0.25641025646719834,0.025641025646719835,0.028112449799999998,0.10441767069565216,0.10441767069565216,0.09638554217391306,0.004016064257971015,0.33734939768115946,0.012048192771014493,0.008032128513043479,0.0,0.012048192771014493,0.004016064257971015,0.008032128513043479,0.206,0.292,0.352941176,0.644941176,0.295454545,33.73493976,9.638554217,306,345,64,0.20579710144927535,0.75,0.25,0.0,0.020289855072463767,0.09565217391304348,0.10144927536231885,0.08405797101449275,0.0,0.4,0.017391304347826087,0.011594202898550725,0.0,0.002898550724637681,0.002898550724637681,0.0,0.232,0.307,0.353,0.66,0.388,40.0,8.4,,,,,,,,,
345,Ryan Jeffers,MIN,68,301.0931174,335,55.60728745,0.2024291497910448,0.7317073170775569,0.24390243908579648,0.0,0.03643724695522388,0.11336032388059702,0.11740890689552239,0.08502024292537314,0.0,0.2793522267164179,0.012145748988059701,0.004048582997014925,0.004048582997014925,0.0,0.0,0.0,0.223,0.299595142,0.387387387,0.686982529,0.282758621,27.93522267,8.502024291,286,335,65,0.23582089552238805,0.7384615384615385,0.23076923076923078,0.03076923076923077,0.041791044776119404,0.1373134328358209,0.12835820895522387,0.09850746268656717,0.0029850746268656717,0.27761194029850744,0.029850746268656716,0.005970149253731343,0.011940298507462687,0.008955223880597015,0.005970149253731343,0.0029850746268656717,0.276,0.369,0.49,0.858,0.359,27.8,9.9,,,,,,,,,
348,Anthony Volpe,NYY,58,541.1493776,601,109.72614109999999,0.20746887970049915,0.6818181817021907,0.27272727264442187,0.022727272726444217,0.024896265557404325,0.11618257261231281,0.09958506224625624,0.07468879667221298,0.004149377594009983,0.2199170124792013,0.012448132780366057,0.008298755186356073,0.0,0.029045643161397672,0.004149377594009983,0.024896265557404325,0.229,0.295833333,0.373271889,0.669105223,0.275,21.99170124,7.468879668,541,601,92,0.18801996672212978,0.7065217391304348,0.25,0.043478260869565216,0.03494176372712146,0.10316139767054909,0.09983361064891846,0.08652246256239601,0.0,0.2778702163061564,0.008319467554076539,0.0033277870216306157,0.0016638935108153079,0.03993344425956739,0.008319467554076539,0.03161397670549085,0.209,0.283,0.383,0.666,0.259,27.8,8.7,,,,,,,,,
350,Ezequiel Duran,TEX,62,409.7333333,439,82.312499997,0.20833333332574033,0.7333333333600607,0.24444444441285748,0.02222222222708175,0.020833333332574033,0.10416666667425968,0.09166666667425968,0.05416666667425968,0.004166666667425968,0.2625,0.008333333332574031,0.004166666667425968,0.0,0.020833333332574033,0.004166666667425968,0.01666666666742597,0.225,0.270833333,0.348214286,0.619047619,0.286624204,26.25,5.416666667,406,439,98,0.255125284738041,0.7551020408163265,0.22448979591836735,0.02040816326530612,0.03189066059225513,0.1252847380410023,0.10478359908883828,0.05239179954441914,0.002277904328018223,0.2733485193621868,0.015945330296127564,0.004555808656036446,0.002277904328018223,0.018223234624145785,0.009111617312072893,0.009111617312072893,0.276,0.324,0.443,0.768,0.358,27.3,5.2,,,,,,,,,
351,Mike Moustakas,COL,62,347.4,386,59.50833333,0.1875,0.7567567567431316,0.2432432432568684,0.0,0.03333333334196891,0.10416666665803109,0.11249999999999999,0.07916666665803108,0.004166666665803109,0.2375,0.0125,0.00833333333419689,0.0,0.004166666665803109,0.0,0.004166666665803109,0.211,0.279166667,0.361111111,0.640277778,0.241830065,23.75,7.916666667,352,386,75,0.22538860103626943,0.8,0.2,0.0,0.031088082901554404,0.11139896373056994,0.12435233160621761,0.05958549222797927,0.0025906735751295338,0.24611398963730569,0.007772020725388601,0.02072538860103627,0.0,0.0,0.0,0.0,0.247,0.293,0.392,0.685,0.296,24.6,6.0,,,,,,,,,
352,Bo Naylor,CLE,67,204.9790795,230,40.418410046,0.20502092052173912,0.7142857142857144,0.23809523806224986,0.023809523801276745,0.02928870293043478,0.11297071130434783,0.11297071130434783,0.09205020921739131,0.0,0.27615062760869563,0.008368200834782609,0.008368200834782609,0.0,0.016736401673913045,0.004184100417391304,0.01255230125652174,0.228,0.305439331,0.38028169,0.685721021,0.295774648,27.61506276,9.205020921,198,230,36,0.20434782608695654,0.6388888888888888,0.3611111111111111,0.0,0.04782608695652174,0.14347826086956522,0.1391304347826087,0.13043478260869565,0.004347826086956522,0.23043478260869565,0.004347826086956522,0.004347826086956522,0.0,0.021739130434782608,0.0,0.021739130434782608,0.237,0.339,0.47,0.809,0.267,23.0,13.0,,,,,,,,,
355,Jake Meyers,HOU,62,310.1336207,341,67.61206896899999,0.2198275862170088,0.7391304347292352,0.21739130430602757,0.021739130430602757,0.021551724137829912,0.11637931035190616,0.09913793102639297,0.06896551724340176,0.0043103448269794726,0.26293103448680355,0.012931034483870969,0.0043103448269794726,0.0043103448269794726,0.01724137931085044,0.0043103448269794726,0.012931034483870969,0.239,0.303030303,0.36492891,0.667959213,0.315068493,26.29310345,6.896551724,309,341,60,0.20527859237536658,0.7166666666666667,0.26666666666666666,0.016666666666666666,0.02932551319648094,0.12316715542521994,0.0967741935483871,0.07624633431085044,0.0,0.25806451612903225,0.01466275659824047,0.002932551319648094,0.0,0.01466275659824047,0.005865102639296188,0.008797653958944282,0.227,0.296,0.382,0.678,0.283,25.8,7.6,,,,,,,,,
361,Geraldo Perdomo,ARI,62,435.6,495,92.4,0.2,0.7857142857142856,0.16666666666666666,0.02380952380952381,0.013333333333333332,0.10666666666666666,0.07555555555555556,0.09333333333333334,0.0044444444444444444,0.21333333333333332,0.013333333333333332,0.0044444444444444444,0.008888888888888889,0.022222222222222223,0.0044444444444444444,0.017777777777777778,0.226,0.30941704,0.313131313,0.622548353,0.283783784,21.33333333,9.333333333,407,495,94,0.20202020202020202,0.7446808510638298,0.2127659574468085,0.0425531914893617,0.012121212121212121,0.14343434343434344,0.09494949494949495,0.1292929292929293,0.00202020202020202,0.17373737373737375,0.012121212121212121,0.00808080808080808,0.028282828282828285,0.03232323232323232,0.00808080808080808,0.024242424242424242,0.246,0.353,0.359,0.712,0.295,17.4,12.9,,,,,,,,,
362,Ildemaro Vargas,WSN,62,268.2044444,286,59.742222218,0.21777777776223778,0.7659574468626439,0.21276595744324708,0.02127659574432471,0.008888888888111887,0.08888888888111887,0.08444444444055943,0.048888888881118885,0.004444444444055944,0.13777777776223776,0.004444444444055944,0.008888888888111887,0.0,0.008888888888111887,0.004444444444055944,0.004444444444055944,0.232,0.271111111,0.317535545,0.588646656,0.261111111,13.77777778,4.888888889,262,286,62,0.23076923076923078,0.7580645161290323,0.20967741935483872,0.03225806451612903,0.013986013986013986,0.11188811188811189,0.10839160839160839,0.06643356643356643,0.0,0.06993006993006994,0.0034965034965034965,0.0034965034965034965,0.01048951048951049,0.0034965034965034965,0.0034965034965034965,0.0,0.252,0.304,0.363,0.666,0.259,7.0,6.6,,,,,,,,,
364,Kyle Higashioka,NYY,64,240.2678571,260,41.78571427999999,0.20535714284615383,0.7222222223551759,0.25000000000000006,0.0,0.04464285715384615,0.10714285715384615,0.12946428573076924,0.05803571426923077,0.0,0.2589285714230769,0.008928571426923078,0.008928571426923078,0.004464285715384615,0.0,0.0,0.0,0.221,0.272321429,0.405797101,0.67811853,0.255319149,25.89285714,5.803571429,242,260,47,0.21923076923076923,0.723404255319149,0.2765957446808511,0.0,0.038461538461538464,0.09230769230769231,0.13076923076923078,0.05384615384615385,0.0,0.2846153846153846,0.0,0.011538461538461539,0.0038461538461538464,0.0,0.0,0.0,0.236,0.274,0.413,0.687,0.292,28.5,5.4,,,,,,,,,
366,Royce Lewis,MIN,55,219.5339367,239,46.50226244700001,0.22171945702928872,0.7209302325496376,0.2558139534298603,0.023255813955988875,0.027149321267782425,0.11764705882845188,0.10407239820083682,0.06334841627615062,0.004524886878661088,0.21719457012552298,0.009049773757322176,0.004524886878661088,0.0,0.027149321267782425,0.004524886878661088,0.022624434389121338,0.244,0.295454545,0.39408867,0.689543215,0.286666667,21.71945701,6.334841629,217,239,52,0.2803347280334728,0.8653846153846154,0.1346153846153846,0.0,0.06276150627615062,0.1506276150627615,0.2175732217573222,0.08368200836820083,0.0,0.2301255230125523,0.008368200836820083,0.0,0.0,0.02510460251046025,0.0041841004184100415,0.02092050209205021,0.309,0.372,0.548,0.921,0.354,23.0,8.4,,,,,,,,,
372,Paul DeJong,STL,60,358.0952381,400,60.95238095,0.190476190475,0.7499999999589844,0.25000000004101564,0.031250000005126954,0.0380952381,0.11428571427499999,0.1238095238,0.0761904762,0.0,0.28571428574999996,0.014285714284999999,0.0047619047625,0.0,0.009523809525,0.0047619047625,0.0047619047625,0.214,0.283653846,0.39893617,0.682590016,0.26446281,28.57142857,7.619047619,372,400,63,0.1925,0.7936507936507936,0.20634920634920634,0.0,0.035,0.1025,0.095,0.0525,0.0,0.3025,0.0125,0.005,0.0,0.01,0.01,0.0,0.207,0.258,0.355,0.612,0.264,30.3,5.3,,,,,,,,,
373,Stone Garrett,WSN,56,252.9333333,271,47.747619047,0.2095238095202952,0.7297297296793522,0.24324324315663925,0.027027027017404358,0.033333333332103324,0.1047619047601476,0.10952380952029521,0.04761904760147602,0.004761904760147601,0.30476190476014764,0.00952380952398524,0.004761904760147601,0.0,0.01904761904797048,0.004761904760147601,0.014285714284132842,0.223,0.267942584,0.387755102,0.655697686,0.293650794,30.47619048,4.761904762,234,271,54,0.23247232472324722,0.6851851851851852,0.3148148148148148,0.0,0.033210332103321034,0.14760147601476015,0.14760147601476015,0.0959409594095941,0.0,0.3025830258302583,0.01107011070110701,0.01845018450184502,0.0,0.01107011070110701,0.0036900369003690036,0.007380073800738007,0.269,0.343,0.457,0.801,0.365,30.3,9.6,,,,,,,,,
375,Jake Burger,CHW,53,493.492823,540,98.18181813999999,0.2200956937037037,0.7631578951120858,0.2368421053971735,0.026315789480653027,0.03827751196296296,0.11483253588888889,0.1196172248888889,0.06220095694444444,0.004784688994444445,0.26315789481481483,0.014354066985185186,0.004784688994444445,0.0,0.0,0.0,0.0,0.241,0.298076923,0.429319372,0.727396295,0.294573643,26.31578947,6.220095694,492,540,89,0.22777777777777777,0.6741573033707865,0.3146067415730337,0.011235955056179775,0.06296296296296296,0.13148148148148148,0.14814814814814814,0.05925925925925926,0.0,0.2759259259259259,0.022222222222222223,0.007407407407407408,0.0,0.001851851851851852,0.001851851851851852,0.0,0.25,0.309,0.518,0.828,0.284,27.6,5.9,,,,,,,,,
376,Endy Rodriguez,PIT,54,187.3269231,204,42.173076926,0.23076923078431372,0.7209302324169715,0.27906976744075757,0.023255813957348433,0.024038461539215687,0.10576923078431373,0.11538461539215686,0.07211538460784314,0.00480769230882353,0.2019230769117647,0.00961538461764706,0.00480769230882353,0.0,0.00480769230882353,0.0,0.00480769230882353,0.254,0.311004785,0.408376963,0.719381748,0.296551724,20.19230769,7.211538462,186,204,38,0.20098039215686275,0.7631578947368421,0.18421052631578946,0.05263157894736842,0.014705882352941176,0.1323529411764706,0.06372549019607843,0.08333333333333333,0.0,0.24019607843137256,0.0,0.004901960784313725,0.0,0.0,0.0,0.0,0.22,0.284,0.328,0.612,0.281,24.0,8.3,,,,,,,,,
378,Edmundo Sosa,PHI,59,277.7227723,300,62.37623762100001,0.22772277226666668,0.7619047620146937,0.21428571423647388,0.023809523812959178,0.01980198019666667,0.11386138613333334,0.099009901,0.0396039604,0.0,0.23267326733333335,0.024752475246666666,0.00495049505,0.00495049505,0.01485148515,0.00495049505,0.0099009901,0.246,0.293532338,0.368983957,0.662516296,0.306569343,23.26732673,3.96039604,279,300,60,0.23333333333333334,0.7166666666666667,0.25,0.03333333333333333,0.03333333333333333,0.11333333333333333,0.1,0.02666666666666667,0.0,0.24666666666666667,0.03,0.0033333333333333335,0.006666666666666667,0.013333333333333334,0.006666666666666667,0.006666666666666667,0.251,0.293,0.427,0.719,0.306,24.7,2.7,,,,,,,,,
381,Rob Refsnyder,BOS,55,215.1940299,243,48.358208951,0.22388059699588478,0.7500000001395833,0.22499999991780092,0.02500000000465278,0.024875621888888887,0.11940298506172839,0.10945273633744856,0.08955223880658436,0.0,0.25373134329218106,0.014925373135802469,0.0049751243786008235,0.0,0.0049751243786008235,0.0,0.0049751243786008235,0.252,0.33,0.398876404,0.728876404,0.325203252,25.37313433,8.955223881,202,243,49,0.205761316872428,0.7959183673469388,0.1836734693877551,0.02040816326530612,0.00411522633744856,0.12757201646090535,0.11522633744855967,0.13580246913580246,0.0,0.1934156378600823,0.0205761316872428,0.00411522633744856,0.00411522633744856,0.02880658436213992,0.00823045267489712,0.0205761316872428,0.248,0.365,0.317,0.682,0.316,19.3,13.6,,,,,,,,,
382,Andrew Knizner,STL,58,217.0199005,241,41.965174124,0.19900497510373444,0.8000000000190635,0.2000000000285951,0.0,0.02487562189211618,0.09950248755186722,0.09950248755186722,0.07960199004149378,0.0,0.19900497510373444,0.014925373132780083,0.004975124377593361,0.0,0.0,0.0,0.0,0.222,0.293532338,0.342541436,0.636073775,0.255474453,19.90049751,7.960199005,224,241,44,0.22406639004149378,0.75,0.25,0.0,0.04149377593360996,0.12448132780082988,0.12863070539419086,0.04979253112033195,0.0,0.2572614107883817,0.012448132780082987,0.004149377593360996,0.004149377593360996,0.008298755186721992,0.0,0.008298755186721992,0.241,0.288,0.424,0.712,0.288,25.7,5.0,,,,,,,,,
392,Jarren Duran,BOS,47,331.1914894,362,75.09574468,0.22872340425414364,0.7179487179965203,0.2307692307180141,0.05128205128546573,0.021276595745856355,0.12765957447513812,0.0957446808563536,0.069148936160221,0.0,0.26595744679558014,0.010638297872928177,0.005319148936464089,0.0,0.03191489361878453,0.005319148936464089,0.026595744679558015,0.248,0.308510638,0.395348837,0.703859476,0.327731092,26.59574468,6.914893617,332,362,90,0.27071823204419887,0.6,0.37777777777777777,0.022222222222222223,0.022099447513812154,0.1270718232044199,0.11049723756906077,0.06629834254143646,0.0027624309392265192,0.24861878453038674,0.008287292817679558,0.0055248618784530384,0.0,0.06629834254143646,0.0055248618784530384,0.06077348066298342,0.295,0.346,0.482,0.828,0.381,24.9,6.6,,,,,,,,,
395,Elly De La Cruz,CIN,45,399.5989305,427,84.48663102,0.2245989304918033,0.7027027027027026,0.2432432432432432,0.02702702702702703,0.026737967915690865,0.11764705882903981,0.10695187166276346,0.05347593583138173,0.0053475935831381735,0.3155080213114754,0.0053475935831381735,0.0053475935831381735,0.0,0.026737967915690865,0.0053475935831381735,0.021390374332552694,0.242,0.28342246,0.382857143,0.666279603,0.330357143,31.55080214,5.347593583,388,427,78,0.21311475409836064,0.717948717948718,0.19230769230769232,0.08974358974358974,0.03044496487119438,0.15690866510538642,0.10304449648711944,0.08196721311475409,0.00702576112412178,0.3372365339578454,0.00468384074941452,0.00234192037470726,0.00234192037470726,0.08196721311475409,0.01873536299765808,0.06323185011709602,0.235,0.3,0.41,0.71,0.336,33.7,8.2,,,,,,,,,
