#,Name,Team,G,AB,PA,HIP,H,1B,2B,3B,HR,R,RBI,BB,IBB,SO,HBP,SF,SH,SB,CS,NSB,AVG,OBP,SLG,OPS,BABIP,K%,BB%,real_AB,real_PA,real_HIP,real_H,real_1B,real_2B,real_3B,real_HR,real_R,real_RBI,real_BB,real_IBB,real_SO,real_HBP,real_SF,real_SH,real_SB,real_CS,real_NSB,real_AVG,real_OBP,real_SLG,real_OPS,real_BABIP,real_K%,real_BB%,Unnamed: 54,Unnamed: 55,Unnamed: 56,Unnamed: 57,Unnamed: 58,Unnamed: 59,Unnamed: 60,Unnamed: 61,Unnamed: 62
1,Ronald Acuna Jr.,ATL,152,191.3117647,222,47.99117647,0.27499999999999997,0.7278911564469926,0.258503401302427,0.013605442167231788,0.05882352941441441,0.1911764705855856,0.1529411764864865,0.11764705882882882,0.00882352940990991,0.15588235292792793,0.01617647059009009,0.005882352941441442,0.0014705882342342343,0.07941176468468468,0.024999999999999998,0.05441176468468468,0.319,0.408223201,0.59556314,1.003786341,0.331081081,15.58823529,11.76470588,192,222,44,0.21621621621621623,0.7954545454545454,0.18181818181818182,0.022727272727272728,0.018018018018018018,0.17117117117117117,0.06756756756756757,0.12162162162162163,0.0,0.23873873873873874,0.013513513513513514,0.0,0.0,0.07207207207207207,0.013513513513513514,0.05855855855855856,0.25,0.351,0.365,0.716,0.326,23.9,12.2,,,,,,,,,
2,Marcus Semien,TEX,153,638.8088235,718,139.37647062000002,0.2352941176880223,0.7045454543595615,0.2651515150699832,0.030303030297812256,0.04117647058495822,0.13970588231197772,0.13235294116991644,0.08970588235376045,0.0,0.16470588231197772,0.005882352941504179,0.007352941176880222,0.0014705882353760447,0.026470588231197772,0.007352941176880222,0.019117647061281336,0.264,0.333333333,0.474380165,0.807713499,0.280851064,16.47058824,8.970588235,650,718,131,0.21448467966573817,0.7786259541984732,0.20610687022900764,0.015267175572519083,0.03203342618384401,0.14066852367688024,0.10306406685236769,0.08913649025069638,0.002785515320334262,0.14623955431754876,0.004178272980501393,0.001392757660167131,0.0,0.011142061281337047,0.004178272980501393,0.006963788300835654,0.237,0.308,0.391,0.699,0.25,14.6,8.9,,,,,,,,,
3,Freddie Freeman,LAD,153,556.0118168,638,144.18611524000002,0.26440177257053293,0.7254901959587603,0.254901960766635,0.019607843135895,0.03840472673981191,0.15066469719435738,0.14180206794670847,0.10930576070532914,0.011816838995297806,0.15509601181818183,0.013293943869905955,0.005908419498432602,0.0014771048746081506,0.022156573119122256,0.007385524371473355,0.014771048744514107,0.303,0.387001477,0.511864407,0.898865884,0.330453564,15.50960118,10.93057607,542,638,131,0.23981191222570533,0.7175572519083969,0.26717557251908397,0.015267175572519083,0.034482758620689655,0.12695924764890282,0.13949843260188088,0.12225705329153605,0.014106583072100314,0.15673981191222572,0.01567398119122257,0.012539184952978056,0.0,0.014106583072100314,0.003134796238244514,0.0109717868338558,0.282,0.378,0.476,0.854,0.306,15.7,12.2,,,,,,,,,
4,Trea Turner,PHI,153,492.1304348,539,119.59820085999999,0.2548725636363636,0.7297297299828295,0.23648648655767082,0.03378378379395297,0.03298350823747681,0.14242878560296846,0.12443778111317254,0.067466266864564,0.0,0.20089955027829312,0.007496251873840446,0.0059970014990723556,0.0014992503747680889,0.04947526237476809,0.008995502248608534,0.04047976011131726,0.279,0.331825038,0.461412151,0.793237189,0.323851204,20.08995502,6.746626687,505,539,128,0.2764378478664193,0.8046875,0.1953125,0.0,0.03896103896103896,0.16326530612244897,0.1150278293135436,0.05009276437847866,0.0,0.18181818181818182,0.011131725417439703,0.0018552875695732839,0.0,0.03525046382189239,0.0074211502782931356,0.027829313543599257,0.295,0.338,0.469,0.807,0.331,18.2,5.0,,,,,,,,,
5,Juan Soto,NYY,153,570.4,713,119.01203006,0.22105263155680224,0.7387387388121661,0.24324324327049462,0.018018018018169414,0.054135338345021045,0.1609022556802244,0.14436090224403927,0.18646616535764376,0.012030075187938288,0.1654135338008415,0.006015037594670407,0.006015037594670407,0.0015037593983169705,0.015037593983169706,0.006015037594670407,0.009022556391304348,0.276,0.414156627,0.537593985,0.951750611,0.284615385,16.54135338,18.64661654,576,713,125,0.23281907433380084,0.72,0.248,0.032,0.05750350631136045,0.17952314165497896,0.15287517531556802,0.18092566619915848,0.002805049088359046,0.16690042075736325,0.005610098176718092,0.005610098176718092,0.0,0.009817671809256662,0.005610098176718092,0.004207573632538569,0.288,0.419,0.569,0.989,0.298,16.7,18.1,,,,,,,,,
6,Austin Riley,ATL,153,416.1052632,469,90.97894740000001,0.25112781961620473,0.7209302322616231,0.2558139533937936,0.023255813948887254,0.05714285714285714,0.14887218044776118,0.16240601503198296,0.08872180452025585,0.007518796991471215,0.2330827068230277,0.015037593985074626,0.007518796991471215,0.0,0.0030075187974413645,0.0015037593987206823,0.0015037593987206823,0.282,0.355421687,0.542372881,0.897794568,0.320895522,23.30827068,8.872180451,425,469,90,0.232409381663113,0.6888888888888889,0.28888888888888886,0.022222222222222223,0.04051172707889126,0.13432835820895522,0.11940298507462686,0.07889125799573561,0.0,0.2515991471215352,0.010660980810234541,0.0042643923240938165,0.0,0.0,0.0,0.0,0.256,0.322,0.461,0.783,0.31,25.2,7.9,,,,,,,,,
7,Vladimir Guerrero Jr.,TOR,153,612.8974359,697,141.92307691,0.256410256384505,0.755555555408371,0.24444444445070762,0.00740740740610258,0.05279034690100431,0.14479638005738882,0.15535444949784794,0.10105580694404592,0.009049773756097562,0.14479638005738882,0.010558069381635582,0.00754147812912482,0.0015082956255380202,0.009049773756097562,0.004524886878048781,0.004524886878048781,0.291,0.36858006,0.533447684,0.902027745,0.295404814,14.47963801,10.10558069,616,697,169,0.2855093256814921,0.7337278106508875,0.2603550295857988,0.005917159763313609,0.043041606886657105,0.1406025824964132,0.14777618364418937,0.10329985652797705,0.01721664275466284,0.13773314203730272,0.007173601147776184,0.005738880918220947,0.0,0.0028694404591104736,0.0028694404591104736,0.0,0.323,0.396,0.544,0.94,0.342,13.8,10.3,,,,,,,,,
8,Matt Olson,ATL,153,582.7149321,685,112.61689295000001,0.2247360483211679,0.7339449538596065,0.24770642191651762,0.009174311925464997,0.060331825036496346,0.14932126700729928,0.16138763197080294,0.12971342382481751,0.00904977375620438,0.22322775270072992,0.010558069381021898,0.007541478129927007,0.0015082956262773722,0.0030165912525547444,0.0015082956262773722,0.0015082956262773722,0.264,0.365558912,0.526595745,0.892154657,0.286089239,22.32277526,12.97134238,600,685,119,0.21605839416058395,0.680672268907563,0.31092436974789917,0.008403361344537815,0.042335766423357665,0.11386861313868613,0.14306569343065692,0.10364963503649635,0.0072992700729927005,0.24817518248175183,0.013138686131386862,0.0072992700729927005,0.0,0.0,0.0,0.0,0.247,0.333,0.457,0.79,0.293,24.8,10.4,,,,,,,,,
9,Julio Rodriguez,SEA,151,550.9592145,613,126.85951662999999,0.25377643507340947,0.7372262772589125,0.23357664231390193,0.029197080285296374,0.04682779456769984,0.15407854985318106,0.13141993957585643,0.08006042295269168,0.009063444109298532,0.23413897275693313,0.01510574018107667,0.004531722053833605,0.0015105740179445352,0.051359516623164764,0.012084592145187601,0.03927492446982055,0.282,0.349470499,0.505882353,0.855352852,0.332524272,23.41389728,8.006042296,567,613,135,0.2528548123980424,0.8740740740740741,0.1259259259259259,0.0,0.03262642740619902,0.12398042414355628,0.11092985318107668,0.06199021207177814,0.0016313213703099511,0.2544861337683524,0.009787928221859706,0.0032626427406199023,0.0,0.03915171288743882,0.008156606851549755,0.03099510603588907,0.273,0.325,0.409,0.734,0.344,25.4,6.2,,,,,,,,,
10,Mookie Betts,LAD,149,442.6202723,516,102.26323747,0.24659606647286822,0.7022900766374495,0.274809160410595,0.022900763372438928,0.04841149773255814,0.15885022693798448,0.14977307110465116,0.12102874432170542,0.004538577912790698,0.15431164901162792,0.012102874432170544,0.007564296521317829,0.0015128593042635658,0.019667170949612404,0.007564296521317829,0.012102874432170544,0.287,0.38030303,0.530864198,0.911167228,0.299086758,15.4311649,12.10287443,450,516,111,0.25193798449612403,0.7387387387387387,0.21621621621621623,0.04504504504504504,0.03682170542635659,0.14534883720930233,0.14534883720930233,0.1182170542635659,0.003875968992248062,0.11046511627906977,0.001937984496124031,0.007751937984496124,0.0,0.031007751937984496,0.003875968992248062,0.027131782945736434,0.289,0.372,0.491,0.863,0.294,11.0,11.8,,,,,,,,,
11,Bobby Witt Jr.,KCR,152,650.7260274,709,154.31811264,0.264840182651622,0.699300699404925,0.2517482517468923,0.04195804195781538,0.047184170465444285,0.16286149167842032,0.13698630136812412,0.06392694063469676,0.004566210045133991,0.1826484018335684,0.00913242009167842,0.00761035007616361,0.0015220700155148096,0.07305936073342736,0.013698630136812414,0.05936073059238364,0.288,0.338414634,0.520729685,0.859144319,0.312910284,18.26484018,6.392694064,636,709,179,0.29760225669957685,0.6871508379888268,0.25139664804469275,0.061452513966480445,0.045133991537376586,0.1763046544428773,0.153737658674189,0.08039492242595205,0.012693935119887164,0.14950634696755993,0.011283497884344146,0.011283497884344146,0.0,0.04372355430183357,0.01692524682651622,0.02679830747531735,0.332,0.389,0.588,0.977,0.354,15.0,8.0,,,,,,,,,
12,Jose Ramirez,CLE,151,600.9085366,682,137.23170735000002,0.2423780488269795,0.7045454543781859,0.2727272726742767,0.030303030293093555,0.041158536583577716,0.14176829268328445,0.14176829268328445,0.10060975609970674,0.016768292683284457,0.10823170731671554,0.007621951219941349,0.00914634146334311,0.0015243902434017595,0.04420731706744868,0.013719512195014662,0.03048780488269795,0.276,0.351145038,0.493079585,0.844224623,0.271604938,10.82317073,10.06097561,620,682,134,0.2536656891495601,0.6940298507462687,0.291044776119403,0.014925373134328358,0.05718475073313783,0.16715542521994134,0.17302052785923755,0.07917888563049853,0.017595307917888565,0.12023460410557185,0.001466275659824047,0.008797653958944282,0.0,0.060117302052785926,0.010263929618768328,0.04985337243401759,0.279,0.335,0.537,0.872,0.265,12.0,7.9,,,,,,,,,
13,Francisco Lindor,NYM,153,606.6998469,689,124.50535987999999,0.22358346095790999,0.7372881356150015,0.2457627118984398,0.01694915254278128,0.042879019912917274,0.1362940275616836,0.12710566615384616,0.09341500766328012,0.0030627871364296085,0.1944869831640058,0.012251148545718434,0.0076569678403483315,0.0015313935674891148,0.03215926493468795,0.009188361409288824,0.02297090352685051,0.253,0.331278891,0.457391304,0.788670195,0.277647059,19.44869832,9.341500766,618,689,136,0.24528301886792453,0.7058823529411765,0.2867647058823529,0.007352941176470588,0.047895500725689405,0.15529753265602322,0.1320754716981132,0.08127721335268505,0.0,0.18432510885341075,0.01741654571843251,0.0043541364296081275,0.0,0.0420899854862119,0.005805515239477504,0.036284470246734396,0.273,0.344,0.5,0.844,0.295,18.4,8.1,,,,,,,,,
14,Alex Bregman,HOU,149,541.6226994,634,120.57668709000001,0.22699386498422713,0.7419354840395126,0.2500000000622011,0.008064516130503682,0.03680981594637224,0.1349693251577287,0.12883435583596214,0.12423312883280756,0.001533742331230284,0.11656441717665615,0.012269938649842271,0.009202453987381704,0.001533742331230284,0.003067484662460568,0.001533742331230284,0.001533742331230284,0.266,0.363496933,0.454219031,0.817715963,0.267818575,11.65644172,12.42331288,581,634,125,0.23817034700315456,0.744,0.24,0.016,0.04100946372239748,0.12460567823343849,0.11829652996845426,0.0694006309148265,0.0015772870662460567,0.13564668769716087,0.007886435331230283,0.006309148264984227,0.0,0.00473186119873817,0.0015772870662460567,0.0031545741324921135,0.26,0.315,0.453,0.768,0.264,13.6,6.9,,,,,,,,,
15,Fernando Tatis Jr.,SDP,148,385.9537037,438,84.49074074,0.25,0.712000000036927,0.2640000000549172,0.032000000003787395,0.05709876543378996,0.1651234567808219,0.15586419753424657,0.10030864198630136,0.006172839506849315,0.22530864198630138,0.009259259260273973,0.006172839506849315,0.0015432098767123288,0.04938271605022831,0.012345679011415525,0.03703703703196347,0.284,0.360681115,0.551663748,0.912344862,0.318877551,22.5308642,10.0308642,398,438,89,0.2511415525114155,0.7528089887640449,0.23595505617977527,0.011235955056179775,0.04794520547945205,0.1461187214611872,0.11187214611872145,0.0730593607305936,0.0,0.2191780821917808,0.01598173515981735,0.00228310502283105,0.0,0.02511415525114155,0.00684931506849315,0.0182648401826484,0.276,0.34,0.492,0.833,0.316,21.9,7.3,,,,,,,,,
16,Pete Alonso,NYM,152,603.8348765,695,108.3256173,0.21604938273381297,0.7623762374811779,0.2376237623341935,0.009900990095719491,0.06018518517985611,0.13117283951079137,0.15895061726618706,0.10030864197122304,0.010802469135251798,0.21296296302158274,0.02314814814388489,0.0077160493827338125,0.0015432098762589927,0.00617283950647482,0.0030864197525179854,0.0030864197525179854,0.249,0.339506173,0.504440497,0.84394667,0.25831202,21.2962963,10.0308642,608,695,112,0.21007194244604316,0.7232142857142857,0.2767857142857143,0.0,0.04892086330935252,0.13093525179856116,0.12661870503597122,0.10071942446043165,0.0057553956834532375,0.2474820143884892,0.01870503597122302,0.0057553956834532375,0.0,0.004316546762589928,0.0,0.004316546762589928,0.24,0.329,0.459,0.788,0.276,24.7,10.1,,,,,,,,,
17,Kyle Schwarber,PHI,148,574.5308642,692,85.43209875,0.18827160491329478,0.7125000001243679,0.2750000000438945,0.012500000007315751,0.06481481481213873,0.1419753086416185,0.16975308641618497,0.15277777774566476,0.006172839505780348,0.2916666666184971,0.01080246913583815,0.004629629630057803,0.0,0.004629629630057803,0.00154320987716763,0.003086419752890174,0.227,0.352395672,0.505576208,0.857971881,0.258064516,29.16666667,15.27777778,573,692,104,0.20520231213872833,0.7884615384615384,0.21153846153846154,0.0,0.05491329479768786,0.15895953757225434,0.15028901734104047,0.1531791907514451,0.005780346820809248,0.2846820809248555,0.0072254335260115606,0.011560693641618497,0.0,0.0072254335260115606,0.004335260115606936,0.002890173410404624,0.248,0.366,0.485,0.851,0.301,28.5,15.3,,,,,,,,,
18,Rafael Devers,BOS,149,533.9116279,601,116.4728682,0.24806201547420964,0.7280000000892912,0.25600000000686857,0.015999999998282863,0.05426356589018303,0.13953488372712147,0.15968992247920133,0.09302325580698835,0.010852713178036604,0.1813953489184692,0.012403100775374376,0.006201550387687188,0.0,0.006201550387687188,0.003100775193011647,0.003100775193011647,0.28,0.353488372,0.52530541,0.878793782,0.294117647,18.13953488,9.302325581,525,601,115,0.23793677204658903,0.6608695652173913,0.2956521739130435,0.043478260869565216,0.04658901830282862,0.1447587354409318,0.13810316139767054,0.11148086522462562,0.02329450915141431,0.24459234608985025,0.004991680532445923,0.009983361064891847,0.0,0.004991680532445923,0.0,0.004991680532445923,0.272,0.354,0.516,0.871,0.323,24.5,11.1,,,,,,,,,
19,Paul Goldschmidt,STL,147,570.855814,654,123.7023256,0.2294573643730887,0.762295081863845,0.22131147540851084,0.016393442622553253,0.040310077522935785,0.13333333333333333,0.13333333333333333,0.11317829457186544,0.003100775194189603,0.22480620152905198,0.006201550386850154,0.006201550386850154,0.0015503875963302754,0.012403100775229358,0.004651162790519878,0.00775193798470948,0.263,0.349378882,0.456483126,0.805862008,0.308080808,22.48062016,11.31782946,599,654,125,0.22477064220183487,0.728,0.264,0.008,0.03363914373088685,0.10703363914373089,0.09938837920489296,0.07186544342507645,0.0030581039755351682,0.26452599388379205,0.0030581039755351682,0.0030581039755351682,0.0,0.016819571865443424,0.0,0.016819571865443424,0.245,0.302,0.414,0.716,0.308,26.5,7.2,,,,,,,,,
20,Nathaniel Lowe,TEX,151,493.1705426,565,113.87596895,0.23100775185840708,0.7692307694739488,0.2153846154386553,0.015384615385966383,0.029457364336283185,0.1271317829380531,0.11472868217699114,0.11317829456637167,0.004651162791150442,0.22015503876106196,0.007751937984070797,0.00620155038761062,0.001550387596460177,0.004651162791150442,0.001550387596460177,0.003100775192920354,0.265,0.351937984,0.422735346,0.774673331,0.320197044,22.01550388,11.31782946,486,565,113,0.22831858407079647,0.8495575221238938,0.1415929203539823,0.008849557522123894,0.02831858407079646,0.10973451327433628,0.12212389380530973,0.1256637168141593,0.0017699115044247787,0.22123893805309736,0.007079646017699115,0.007079646017699115,0.0,0.0035398230088495575,0.0,0.0035398230088495575,0.265,0.361,0.401,0.762,0.324,22.1,12.6,,,,,,,,,
21,Dansby Swanson,CHC,151,527.6226708,593,115.10093171,0.23447204974704888,0.7359999997518699,0.24799999996455285,0.01599999999687231,0.040372670809443505,0.1335403726644182,0.1335403726644182,0.08850931676222597,0.0,0.24223602478920744,0.0077639751551433385,0.0077639751551433385,0.0015527950303541316,0.023291925463743677,0.006211180124789208,0.01708074534569983,0.264,0.3328125,0.460732984,0.793545484,0.315656566,24.22360248,8.850931677,534,593,113,0.2175379426644182,0.7433628318584071,0.23893805309734514,0.017699115044247787,0.026981450252951095,0.13827993254637436,0.11129848229342328,0.09106239460370995,0.003372681281618887,0.24283305227655985,0.003372681281618887,0.00505902192242833,0.0,0.03204047217537943,0.00505902192242833,0.026981450252951095,0.242,0.312,0.39,0.701,0.3,24.3,9.1,,,,,,,,,
22,Kyle Tucker,HOU,151,296.8227061,339,68.53810265,0.2472783825958702,0.7076923075576268,0.25384615385176557,0.03076923077035311,0.045101088643067846,0.15552099533923305,0.1415241057522124,0.10575427681415929,0.0077760497669616515,0.14307931569321533,0.004665629861356932,0.009331259719764012,0.00155520995280236,0.0357698289380531,0.012441679625368731,0.023328149300884955,0.282,0.359375,0.507992895,0.867367895,0.290178571,14.30793157,10.57542768,277,339,57,0.2359882005899705,0.7719298245614035,0.22807017543859648,0.0,0.06784660766961652,0.16519174041297935,0.14454277286135694,0.16519174041297935,0.008849557522123894,0.1592920353982301,0.0029498525073746312,0.0058997050147492625,0.0,0.032448377581120944,0.0,0.032448377581120944,0.289,0.408,0.585,0.993,0.282,15.9,16.5,,,,,,,,,
23,Ozzie Albies,ATL,148,395.7009346,435,90.11682246000001,0.24610591908045978,0.7067669171121814,0.2706766915891543,0.02255639096576286,0.03894080997701149,0.14018691588505747,0.13239875388505748,0.07165109034482758,0.0015576323977011496,0.17133956386206897,0.009345794393103448,0.009345794393103448,0.0015576323977011496,0.026479750781609194,0.007788161993103448,0.018691588783908045,0.27,0.327102804,0.470890411,0.797993215,0.292307692,17.13395639,7.165109034,399,435,90,0.22988505747126436,0.6666666666666666,0.32222222222222224,0.011111111111111112,0.022988505747126436,0.11954022988505747,0.12183908045977011,0.06206896551724138,0.0,0.14942528735632185,0.011494252873563218,0.009195402298850575,0.0,0.01839080459770115,0.0022988505747126436,0.016091954022988506,0.251,0.303,0.404,0.707,0.274,14.9,6.2,,,,,,,,,
24,Bryan Reynolds,PIT,148,612.2367601,692,143.35825548000003,0.23987538945086706,0.7368421054393818,0.2330827067343997,0.02255639097429675,0.032710280375722545,0.12616822429190752,0.13084112148843932,0.09345794393063583,0.004672897196531792,0.21183800621387283,0.014018691588150289,0.006230529595375723,0.0015576323988439307,0.012461059190751446,0.004672897196531792,0.007788161994219653,0.271,0.347893916,0.445422535,0.793316451,0.320481928,21.18380062,9.345794393,622,692,147,0.24710982658959538,0.782312925170068,0.19727891156462585,0.02040816326530612,0.03468208092485549,0.10549132947976879,0.12716763005780346,0.08236994219653179,0.004335260115606936,0.2254335260115607,0.014450867052023121,0.004335260115606936,0.0,0.014450867052023121,0.002890173410404624,0.011560693641618497,0.275,0.344,0.447,0.791,0.33,22.5,8.2,,,,,,,,,
25,Nico Hoerner,CHC,146,582.909375,641,157.2453125,0.2578125,0.8025477707006369,0.16560509554140126,0.03184713375796178,0.012499999999999999,0.128125,0.09062500000000001,0.06562499999999999,0.0015624999999999999,0.11875000000000001,0.015625,0.0062499999999999995,0.0031249999999999997,0.051562500000000004,0.014062499999999999,0.037500000000000006,0.283,0.340125392,0.386597938,0.72672333,0.312749004,11.875,6.5625,582,641,152,0.24804992199687986,0.7631578947368421,0.23026315789473684,0.006578947368421052,0.0109204368174727,0.13416536661466458,0.0748829953198128,0.0686427457098284,0.0015600624024961,0.1029641185647426,0.0187207488299532,0.0046801872074883,0.0,0.0483619344773791,0.0093603744149766,0.0390015600624025,0.273,0.335,0.373,0.708,0.297,10.3,6.9,,,,,,,,,
26,Bo Bichette,TOR,146,312.8275862,336,78.9968652,0.26645768023809524,0.7733333333586507,0.21333333338396823,0.013333333333333332,0.03134796238095238,0.13009404389880952,0.12382445139880953,0.05642633229166666,0.0,0.1927899686607143,0.006269592476190476,0.006269592476190476,0.001567398119047619,0.021943573666666667,0.007836990595238095,0.014106583071428572,0.286,0.329153605,0.447811448,0.776965053,0.32967033,19.27899687,5.642633229,311,336,66,0.20833333333333334,0.7424242424242424,0.24242424242424243,0.015151515151515152,0.011904761904761904,0.08630952380952381,0.09226190476190477,0.05952380952380952,0.002976190476190476,0.19047619047619047,0.008928571428571428,0.005952380952380952,0.0,0.01488095238095238,0.002976190476190476,0.011904761904761904,0.225,0.277,0.322,0.598,0.269,19.0,6.0,,,,,,,,,
27,Brandon Nimmo,NYM,145,567.244898,663,130.1020408,0.22605965460030167,0.7440000001137569,0.21600000005534117,0.032000000003074514,0.029827315535444945,0.13029827315233786,0.10832025117647058,0.11773940345399699,0.001569858713423831,0.19937205656108598,0.018838304555052792,0.004709576138763198,0.003139717425339367,0.007849293564102565,0.003139717425339367,0.004709576138763198,0.263,0.363779528,0.431192661,0.794972188,0.310945274,19.93720565,11.77394035,571,663,105,0.19306184012066366,0.7333333333333333,0.23809523809523808,0.02857142857142857,0.03469079939668175,0.13273001508295626,0.13574660633484162,0.11613876319758673,0.0015082956259426848,0.2383107088989442,0.01809954751131222,0.004524886877828055,0.0,0.02262443438914027,0.0,0.02262443438914027,0.224,0.327,0.399,0.727,0.267,23.8,11.6,,,,,,,,,
28,Randy Arozarena,TBR,148,566.6185243,648,120.03767661,0.22605965462962962,0.7457627118262831,0.23728813556215664,0.025423728817371684,0.04081632652777778,0.14442700157407407,0.11773940345679013,0.09576138148148147,0.0015698587129629631,0.23390894814814814,0.02197802197530864,0.0062794348503086425,0.0015698587129629631,0.04866562009259259,0.01569858712962963,0.03296703296296297,0.258,0.344339623,0.461400359,0.805739982,0.305699482,23.39089482,9.576138148,549,648,100,0.18518518518518517,0.67,0.33,0.0,0.030864197530864196,0.11882716049382716,0.09259259259259259,0.11265432098765432,0.0,0.26080246913580246,0.033950617283950615,0.006172839506172839,0.0,0.030864197530864196,0.015432098765432098,0.015432098765432098,0.219,0.332,0.388,0.72,0.275,26.1,11.3,,,,,,,,,
29,Ian Happ,CHC,149,566.9858268,657,122.08818898000001,0.21574803150684932,0.7372881355848906,0.24576271186163023,0.025423728813836973,0.029921259847793,0.12598425196347032,0.1149606299238965,0.11811023622526635,0.003149606299847793,0.22834645662100456,0.00944881889802131,0.006299212598173515,0.0015748031491628616,0.018897637792998478,0.004724409449010655,0.014173228347031965,0.251,0.344391785,0.419708029,0.764099814,0.304123711,22.83464567,11.81102362,569,657,113,0.2100456621004566,0.6814159292035398,0.3008849557522124,0.017699115044247787,0.0380517503805175,0.1354642313546423,0.1308980213089802,0.121765601217656,0.0015220700152207,0.2557077625570776,0.0091324200913242,0.0030441400304414,0.0,0.0197869101978691,0.0030441400304414,0.0167427701674277,0.243,0.341,0.441,0.782,0.299,25.6,12.2,,,,,,,,,
30,Xander Bogaerts,SDP,148,411.1498423,463,99.31861199,0.2429022082073434,0.7573529411342713,0.22058823528671428,0.014705882349091417,0.02839116719222462,0.1261829652915767,0.11987381704103672,0.08517350157667387,0.0,0.17665615142548596,0.009463722397408206,0.009463722397408206,0.0015772870669546436,0.01419558359611231,0.006309148265658747,0.007886435330453564,0.273,0.340222576,0.428063943,0.768286519,0.309794989,17.66561514,8.517350158,428,463,102,0.24406047516198703,0.8431372549019608,0.14705882352941177,0.00980392156862745,0.023758099352051837,0.1079913606911447,0.09503239740820735,0.06047516198704104,0.0,0.17062634989200864,0.0021598272138228943,0.012958963282937365,0.0,0.028077753779697623,0.0064794816414686825,0.02159827213822894,0.264,0.307,0.381,0.688,0.297,17.1,6.0,,,,,,,,,
31,Corbin Carroll,ARI,148,599.7156398,684,144.79620857,0.24486571885964914,0.701492537015536,0.2388059700698833,0.05970149252092396,0.03317535545321637,0.1595576619883041,0.1184834123245614,0.09636650868421053,0.004739336492690059,0.20695102690058478,0.015797788304093566,0.006319115324561404,0.004739336492690059,0.0679304897368421,0.00789889415497076,0.06003159557017544,0.279,0.358730159,0.479279279,0.838009438,0.329238329,20.69510269,9.636650869,589,684,114,0.19883040935672514,0.6842105263157895,0.19298245614035087,0.12280701754385964,0.03216374269005848,0.17690058479532164,0.10818713450292397,0.1067251461988304,0.0,0.19005847953216373,0.014619883040935672,0.013157894736842105,0.0043859649122807015,0.05116959064327485,0.011695906432748537,0.039473684210526314,0.231,0.322,0.428,0.749,0.256,19.0,10.7,,,,,,,,,
32,Bryce Harper,PHI,147,531.1582278,631,121.80696202,0.23575949366085577,0.721311475411182,0.25409836069072994,0.024590163939136718,0.04272151898573692,0.14715189873217116,0.14082278481774962,0.14082278481774962,0.012658227847860538,0.2104430380348653,0.009493670885895403,0.007911392405705231,0.0015822784817749603,0.02056962025356577,0.007911392405705231,0.012658227847860538,0.281,0.386075949,0.501879699,0.887955649,0.323607427,21.0443038,14.08227848,550,631,127,0.24881141045958796,0.6692913385826772,0.33070866141732286,0.0,0.04754358161648178,0.1347068145800317,0.13787638668779714,0.12044374009508717,0.017432646592709985,0.21870047543581617,0.003169572107765452,0.003169572107765452,0.001584786053882726,0.011093502377179081,0.006339144215530904,0.004754358161648178,0.285,0.373,0.525,0.898,0.331,21.9,12.0,,,,,,,,,
33,Christian Yelich,MIL,145,269.1455696,315,62.302215194,0.22468354431746032,0.7599999998805821,0.22399999994452846,0.024000000005521473,0.02689873417777778,0.13607594936507936,0.10601265822222224,0.12974683542857143,0.007911392406349206,0.22468354431746032,0.007911392406349206,0.004746835444444444,0.0015822784825396826,0.037974683555555555,0.011075949368253969,0.02689873417777778,0.264,0.363492063,0.422222222,0.785714286,0.325520833,22.46835443,12.97468354,270,315,74,0.2698412698412698,0.7972972972972973,0.16216216216216217,0.04054054054054054,0.03492063492063492,0.13968253968253969,0.13333333333333333,0.12698412698412698,0.009523809523809525,0.18412698412698414,0.006349206349206349,0.0031746031746031746,0.0031746031746031746,0.06666666666666667,0.0031746031746031746,0.06349206349206349,0.315,0.406,0.504,0.909,0.366,18.4,12.7,,,,,,,,,
34,Adolis Garcia,TEX,147,573.5015823,637,106.83860764,0.21835443045525904,0.7169811317469916,0.26415094330969136,0.018867924522120813,0.050632911397174254,0.13765822784929357,0.1392405063265306,0.08227848102040816,0.003164556962323391,0.27689873422291994,0.01107594936734694,0.006329113924646782,0.001582278480376766,0.025316455698587127,0.009493670885400315,0.01582278480376766,0.242,0.311708861,0.467486819,0.77919568,0.289617486,27.68987342,8.227848101,580,637,105,0.20408163265306123,0.7428571428571429,0.2571428571428571,0.0,0.03924646781789639,0.10675039246467818,0.13343799058084774,0.0706436420722135,0.0031397174254317113,0.2778649921507064,0.009419152276295133,0.009419152276295133,0.0,0.01726844583987441,0.007849293563579277,0.009419152276295133,0.224,0.284,0.4,0.684,0.273,27.8,7.1,,,,,,,,,
35,Christian Walker,ARI,149,488.9142857,552,99.88571427,0.22539682536231884,0.7368421053790798,0.2543859649570687,0.008771929824034486,0.0444444444384058,0.12698412699275363,0.1444444444384058,0.09523809523550725,0.0031746031739130435,0.20317460326086959,0.011111111110507247,0.007936507936594204,0.0015873015869565217,0.007936507936594204,0.0031746031739130435,0.0047619047626811595,0.254,0.331746032,0.460573477,0.792319508,0.28009828,20.31746032,9.523809524,479,552,94,0.21739130434782608,0.723404255319149,0.2765957446808511,0.0,0.04710144927536232,0.13043478260869565,0.15217391304347827,0.09963768115942029,0.007246376811594203,0.24094202898550723,0.018115942028985508,0.014492753623188406,0.0,0.0036231884057971015,0.0036231884057971015,0.0,0.251,0.335,0.468,0.803,0.287,24.1,10.0,,,,,,,,,
36,Spencer Torkelson,DET,148,334.2850318,381,66.12898089000001,0.2165605095538058,0.6972477063679121,0.2844036697206086,0.01834862385099127,0.042993630577427826,0.12420382165354331,0.1353503184776903,0.10191082803149606,0.001592356687664042,0.23726114650918634,0.011146496816272966,0.00796178343832021,0.001592356687664042,0.004777070062992126,0.001592356687664042,0.003184713375328084,0.247,0.330143541,0.457350272,0.787493813,0.286842105,23.72611465,10.1910828,342,381,65,0.1968503937007874,0.6615384615384615,0.3230769230769231,0.015384615384615385,0.026246719160104987,0.11811023622047244,0.09711286089238845,0.08661417322834646,0.0,0.2755905511811024,0.010498687664041995,0.0026246719160104987,0.0,0.0,0.0,0.0,0.219,0.295,0.374,0.669,0.285,27.6,8.7,,,,,,,,,
37,J.P. Crawford,SEA,145,388.9424,451,86.592,0.2112,0.775,0.20833333333333331,0.016666666666666666,0.019200000000000002,0.112,0.0896,0.1168,0.0016,0.1696,0.0112,0.0064,0.0032,0.0048000000000000004,0.0016,0.0032,0.244,0.340288925,0.365491651,0.705780576,0.282352941,16.96,11.68,392,451,70,0.17516629711751663,0.7428571428571429,0.22857142857142856,0.02857142857142857,0.019955654101995565,0.12195121951219512,0.082039911308204,0.11529933481152993,0.0,0.2261640798226164,0.013303769401330377,0.0022172949002217295,0.0,0.011086474501108648,0.0,0.011086474501108648,0.202,0.304,0.321,0.625,0.248,22.6,11.5,,,,,,,,,
38,Gleyber Torres,NYY,146,594.437299,665,133.64147908,0.2411575562406015,0.7760000002538133,0.2160000000652492,0.008000000002693772,0.04019292604511278,0.136655948556391,0.12861736333834586,0.08842443729323309,0.0016077170421052631,0.1720257234586466,0.006430868166917293,0.009646302251127819,0.0016077170421052631,0.022508038586466165,0.009646302251127819,0.012861736333834585,0.27,0.336553945,0.456834532,0.793388478,0.290697674,17.20257235,8.84244373,587,665,136,0.22706766917293233,0.8088235294117647,0.19117647058823528,0.0,0.022556390977443608,0.12030075187969924,0.09473684210526316,0.09774436090225563,0.0,0.20451127819548873,0.004511278195488722,0.012030075187969926,0.0030075187969924814,0.006015037593984963,0.004511278195488722,0.0015037593984962407,0.257,0.33,0.378,0.709,0.306,20.5,9.8,,,,,,,,,
39,Willy Adames,MIL,145,610.0711974,688,120.23300966000001,0.22006472485465117,0.7222222225456681,0.2592592594009594,0.01851851852745179,0.04530744337209302,0.12621359223837209,0.1407766990261628,0.09870550161337209,0.003236245954941861,0.25889967630813954,0.006472491909883722,0.006472491909883722,0.0,0.011326860841569768,0.003236245954941861,0.008090614886627906,0.248,0.325769854,0.459854015,0.785623869,0.296703297,25.88996764,9.870550162,610,688,121,0.22238372093023256,0.7272727272727273,0.2727272727272727,0.0,0.046511627906976744,0.13517441860465115,0.16279069767441862,0.10755813953488372,0.00436046511627907,0.251453488372093,0.0014534883720930232,0.00436046511627907,0.0,0.030523255813953487,0.005813953488372093,0.024709302325581394,0.251,0.331,0.462,0.794,0.297,25.1,10.8,,,,,,,,,
40,Ketel Marte,ARI,143,514.0226904,583,119.05672607,0.23987034030874785,0.706349206516527,0.2698412698759339,0.023809523817523198,0.035656401938250426,0.13452188006861063,0.13614262560891938,0.10210696921097771,0.003241491085763293,0.17017828200686105,0.00972447325728988,0.006482982171526586,0.0016207455437392796,0.01134521880102916,0.003241491085763293,0.008103727715265865,0.272,0.351701783,0.466911765,0.818613548,0.299287411,17.0178282,10.21069692,504,583,111,0.2521440823327616,0.7747747747747747,0.2072072072072072,0.018018018018018018,0.06174957118353345,0.1595197255574614,0.16295025728987994,0.11149228130360206,0.012006861063464836,0.18181818181818182,0.008576329331046312,0.015437392795883362,0.0,0.012006861063464836,0.0017152658662092624,0.010291595197255575,0.292,0.372,0.56,0.932,0.299,18.2,11.1,,,,,,,,,
41,Nolan Arenado,STL,145,575.3079417,635,119.38411665000001,0.2252836303937008,0.7672413795926847,0.22413793108214114,0.00862068966022709,0.037277147480314965,0.113452188,0.12965964343307088,0.07617504051968503,0.004862236628346457,0.14748784440944882,0.006482982171653543,0.009724473258267717,0.0016207455433070866,0.006482982171653543,0.0032414910866141733,0.0032414910866141733,0.249,0.308441558,0.422182469,0.730624027,0.257206208,14.74878444,7.617504052,578,635,141,0.247244094488189,0.8368794326241135,0.16312056737588654,0.0,0.025196850393700787,0.11023622047244094,0.11181102362204724,0.06929133858267716,0.0031496062992125984,0.14488188976377953,0.007874015748031496,0.011023622047244094,0.0,0.0031496062992125984,0.0031496062992125984,0.0,0.272,0.325,0.394,0.719,0.296,14.5,6.9,,,,,,,,,
42,Nick Castellanos,PHI,144,606.5795455,659,130.51623373,0.23863636358118362,0.7295081969417475,0.2540983607342405,0.008196721315243549,0.04058441558421851,0.12175324675265553,0.13961038960546282,0.06168831168437026,0.0016233766236722308,0.253246753262519,0.008116883116843703,0.006493506493171472,0.0016233766236722308,0.011363636364188164,0.0032467532473444615,0.008116883116843703,0.259,0.309446254,0.447971781,0.757418035,0.312820513,25.32467532,6.168831169,606,659,131,0.2336874051593323,0.7404580152671756,0.22900763358778625,0.030534351145038167,0.03490136570561457,0.12139605462822459,0.13050075872534142,0.0622154779969651,0.0030349013657056147,0.2109256449165402,0.015174506828528073,0.0030349013657056147,0.0,0.009104704097116844,0.0030349013657056147,0.006069802731411229,0.254,0.311,0.431,0.742,0.294,21.1,6.2,,,,,,,,,
43,Jose Altuve,HOU,139,604.3739837,682,137.50894304,0.23902439017595306,0.76612903256303,0.2258064516645128,0.016129032264867595,0.0373983739882698,0.14146341463343107,0.1252032520381232,0.09756097561583578,0.001626016259530792,0.16097560982404693,0.009756097561583578,0.004878048780058651,0.001626016259530792,0.019512195117302053,0.00813008130058651,0.01138211382111437,0.27,0.346905537,0.456880734,0.803786271,0.291079812,16.09756098,9.756097561,628,682,165,0.27126099706744866,0.8121212121212121,0.18787878787878787,0.0,0.02932551319648094,0.1378299120234604,0.09530791788856305,0.0689149560117302,0.002932551319648094,0.1744868035190616,0.010263929618768328,0.0,0.0,0.03225806451612903,0.010263929618768328,0.021994134897360705,0.295,0.35,0.439,0.79,0.337,17.4,6.9,,,,,,,,,
44,Luis Arraez,MIA,143,609.7170732,672,183.570731666,0.28130081294642856,0.8035714286327129,0.172619047668529,0.02380952381315547,0.008130081300595239,0.11382113821428572,0.10731707316964285,0.07479674796130953,0.008130081300595239,0.0552845528422619,0.006504065040178571,0.009756097561011904,0.0016260162604166666,0.008130081300595239,0.0032520325208333332,0.0048780487797619055,0.311,0.363192182,0.403225806,0.766417989,0.32,5.528455285,7.479674797,637,672,196,0.2976190476190476,0.8214285714285714,0.16326530612244897,0.015306122448979591,0.005952380952380952,0.12351190476190477,0.06845238095238096,0.03571428571428571,0.004464285714285714,0.043154761904761904,0.011904761904761904,0.001488095238095238,0.002976190476190476,0.013392857142857142,0.004464285714285714,0.008928571428571428,0.314,0.346,0.392,0.739,0.324,4.3,3.6,,,,,,,,,
45,Steven Kwan,CLE,140,479.4146341,540,128.19512193900002,0.2406504064814815,0.7876712332942585,0.17808219177686818,0.03424657534230546,0.0032520325203703702,0.11219512194444445,0.081300813,0.09105691057407407,0.0032520325203703702,0.09430894309259259,0.0081300813,0.0081300813,0.00487804877962963,0.029268292685185184,0.0081300813,0.021138211388888887,0.27,0.341503268,0.347985348,0.689488616,0.297352342,9.430894309,9.105691057,480,540,126,0.25925925925925924,0.8492063492063492,0.12698412698412698,0.023809523809523808,0.025925925925925925,0.1537037037037037,0.08148148148148149,0.09814814814814815,0.0,0.09444444444444444,0.009259259259259259,0.0,0.003703703703703704,0.022222222222222223,0.009259259259259259,0.012962962962962963,0.292,0.368,0.425,0.793,0.304,9.4,9.8,,,,,,,,,
46,CJ Abrams,WSN,147,552.8972268,602,123.7389886,0.23327895598006645,0.74603174589064,0.2222222222042633,0.03174603174346618,0.027732463289036547,0.12724306687707643,0.09951060358803987,0.05220228385382059,0.003262642740863787,0.18597063621262458,0.017944535066445184,0.006525285481727574,0.004893964111295682,0.057096247956810633,0.013050570961794019,0.04404567699335548,0.254,0.304918033,0.408525755,0.713443788,0.288990826,18.59706362,5.220228385,541,602,113,0.22093023255813954,0.6902654867256637,0.25663716814159293,0.05309734513274336,0.03322259136212625,0.13122923588039867,0.1079734219269103,0.0664451827242525,0.0049833887043189366,0.21262458471760798,0.026578073089700997,0.006644518272425249,0.0016611295681063123,0.05149501661129568,0.019933554817275746,0.03156146179401993,0.246,0.314,0.433,0.747,0.285,21.3,6.6,,,,,,,,,
47,Aaron Judge,NYY,140,580.9150327,704,109.28104572000001,0.23039215681818181,0.726315789687522,0.2631578947705553,0.010526315788992066,0.07516339869318182,0.16830065355113635,0.18300653593750002,0.16013071889204544,0.016339869275568183,0.2712418301136364,0.008169934640625,0.004901960784090909,0.0,0.01143790849715909,0.004901960784090909,0.006535947713068182,0.279,0.399345336,0.605940594,1.00528593,0.320945946,27.12418301,16.0130719,559,704,122,0.2556818181818182,0.6967213114754098,0.29508196721311475,0.00819672131147541,0.08238636363636363,0.17329545454545456,0.20454545454545456,0.18892045454545456,0.028409090909090908,0.24289772727272727,0.01278409090909091,0.002840909090909091,0.0,0.014204545454545454,0.0,0.014204545454545454,0.322,0.458,0.701,1.159,0.367,24.3,18.9,,,,,,,,,
48,Anthony Santander,BAL,140,597.630719,665,111.91993467999998,0.21732026150375938,0.7281553395559935,0.26213592220084386,0.009708737858959588,0.04901960784962406,0.12254901960902256,0.1421568627518797,0.08169934640601503,0.0032679738556390977,0.21078431368421052,0.01307189542556391,0.006535947712781955,0.0016339869278195489,0.0032679738556390977,0.0016339869278195489,0.0016339869278195489,0.242,0.312091503,0.458181818,0.770273321,0.260759494,21.07843137,8.169934641,595,665,96,0.21052631578947367,0.71875,0.2604166666666667,0.020833333333333332,0.06616541353383458,0.1368421052631579,0.15338345864661654,0.08721804511278196,0.004511278195488722,0.19398496240601504,0.010526315789473684,0.007518796992481203,0.0,0.0030075187969924814,0.0,0.0030075187969924814,0.235,0.308,0.506,0.814,0.225,19.4,8.7,,,,,,,,,
49,Gunnar Henderson,BAL,143,637.8036007,719,137.68085102999999,0.2324058919332406,0.7094017096009811,0.2564102564437788,0.034188034194924895,0.040916530278164116,0.13911620292072321,0.1309328968845619,0.09819967267037553,0.0032733224228094575,0.2536824877607789,0.008183306055632824,0.0065466448442280945,0.0016366612114047288,0.019639934534075105,0.004909983632823366,0.01472995090403338,0.261,0.338788871,0.470479705,0.809268576,0.319672131,25.36824877,9.819967267,630,719,140,0.24617524339360222,0.7285714285714285,0.22142857142857142,0.05,0.05146036161335188,0.16411682892906815,0.12795549374130738,0.10848400556328233,0.0013908205841446453,0.2211404728789986,0.009735744089012517,0.005563282336578581,0.0,0.02920723226703755,0.005563282336578581,0.02364394993045897,0.281,0.364,0.529,0.893,0.32,22.1,10.8,,,,,,,,,
50,Ezequiel Tovar,COL,145,646.0883797,695,156.97217679,0.25368248776978414,0.7391304349127896,0.23188405795439568,0.02898550724111418,0.027823240589928057,0.12602291325179857,0.11456628477697842,0.05073649753956835,0.0016366612115107913,0.23731587568345325,0.008183306056115107,0.006546644844604317,0.004909983633093525,0.02454991817266187,0.008183306056115107,0.016366612115107912,0.273,0.314144737,0.433098592,0.747243328,0.336585366,23.73158756,5.073649755,655,695,150,0.25323741007194245,0.6733333333333333,0.3,0.02666666666666667,0.03741007194244604,0.11942446043165468,0.11223021582733812,0.033093525179856115,0.0014388489208633094,0.28776978417266186,0.0057553956834532375,0.010071942446043165,0.007194244604316547,0.008633093525179856,0.007194244604316547,0.0014388489208633094,0.269,0.295,0.469,0.763,0.344,28.8,3.3,,,,,,,,,
51,Shohei Ohtani,LAD,139,621.0479339,731,134.11735535,0.24793388426812585,0.7027027028236134,0.27027027028236134,0.027027027028236134,0.06446280991792065,0.17685950410396717,0.17024793392612858,0.1338842975239398,0.018181818180574554,0.22644628098495212,0.008264462809849521,0.00661157024760602,0.001652892562243502,0.039669421491108074,0.01322314049521204,0.026446280984952122,0.293,0.390728477,0.589494163,0.98022264,0.324561404,22.6446281,13.38842975,636,731,143,0.2694938440492476,0.6853146853146853,0.26573426573426573,0.04895104895104895,0.07387140902872777,0.18331053351573187,0.17783857729138167,0.11080711354309165,0.013679890560875513,0.2216142270861833,0.008207934336525308,0.006839945280437756,0.0,0.08071135430916553,0.005471956224350205,0.07523939808481532,0.31,0.39,0.646,1.036,0.336,22.2,11.1,,,,,,,,,
52,Ty France,SEA,144,476.4427861,535,107.3548922,0.2238805970093458,0.7851239669914177,0.20661157023638652,0.0,0.02321724710280374,0.10613598672897195,0.10613598672897195,0.06467661691588784,0.0016583747925233644,0.16583747927102804,0.03648424543925234,0.006633499170093458,0.0016583747925233644,0.0,0.0,0.0,0.251,0.325581395,0.374301676,0.699883071,0.283372365,16.58374793,6.467661692,479,535,99,0.20934579439252338,0.7575757575757576,0.24242424242424243,0.0,0.024299065420560748,0.08598130841121496,0.09532710280373832,0.07102803738317758,0.0,0.2130841121495327,0.024299065420560748,0.009345794392523364,0.0,0.001869158878504673,0.001869158878504673,0.0,0.234,0.305,0.365,0.67,0.277,21.3,7.1,,,,,,,,,
53,Adley Rutschman,BAL,143,548.9767442,638,130.35548174,0.23421926912225705,0.7479674796068151,0.22764227636538517,0.016260162600815226,0.02990033222570533,0.1279069767398119,0.11794019934169278,0.12292358804075235,0.0049833887037617555,0.1561461794043887,0.008305647840125392,0.0066445182727272725,0.001661129567398119,0.0049833887037617555,0.001661129567398119,0.0033222591363636362,0.271,0.366056572,0.436293436,0.802350009,0.3,15.61461794,12.2923588,571,638,124,0.22413793103448276,0.8225806451612904,0.1693548387096774,0.008064516129032258,0.029780564263322883,0.10658307210031348,0.1238244514106583,0.09090909090909091,0.004702194357366771,0.1614420062695925,0.003134796238244514,0.0109717868338558,0.0,0.001567398119122257,0.0,0.001567398119122257,0.25,0.318,0.391,0.709,0.272,16.1,9.1,,,,,,,,,
54,Michael Harris II,ATL,147,432.5249169,470,105.39867106,0.25913621255319147,0.7333333335483898,0.23703703707779938,0.029629629639468816,0.03488372093617021,0.14950166112765959,0.1229235880425532,0.06312292359574469,0.00498338870425532,0.20431893687234043,0.00996677740851064,0.00498338870425532,0.0016611295680851064,0.04318936876595745,0.008305647840425532,0.03488372093617021,0.281,0.332778702,0.467509025,0.800287727,0.326876513,20.43189369,6.312292359,440,470,100,0.24680851063829787,0.83,0.14,0.03,0.03404255319148936,0.12340425531914893,0.10212765957446808,0.04893617021276596,0.002127659574468085,0.2,0.00851063829787234,0.006382978723404255,0.0,0.02127659574468085,0.01276595744680851,0.00851063829787234,0.264,0.304,0.418,0.722,0.3,20.0,4.9,,,,,,,,,
55,Luis Robert Jr.,CHW,143,389.7009967,425,83.30564783999999,0.24252491694117648,0.7288135592752387,0.2542372880969363,0.016949152543797086,0.046511627905882355,0.13953488371764705,0.13122923588235294,0.059800664447058824,0.004983388703529412,0.26079734211764705,0.014950166112941178,0.006644518272941177,0.0016611295670588234,0.031561461788235295,0.009966777409411764,0.021594684385882353,0.265,0.317803661,0.47826087,0.79606453,0.318059299,26.07973422,5.980066445,393,425,74,0.20705882352941177,0.7432432432432432,0.25675675675675674,0.0,0.03294117647058824,0.11058823529411765,0.08235294117647059,0.06588235294117648,0.004705882352941176,0.33176470588235296,0.004705882352941176,0.002352941176470588,0.0,0.05411764705882353,0.01411764705882353,0.04,0.224,0.278,0.379,0.657,0.31,33.2,6.6,,,,,,,,,
56,Lane Thomas,WSN,141,479.7607973,528,100.86378737,0.2225913621212121,0.7217391304468522,0.25217391308830844,0.026086956524325484,0.03156146179924243,0.12292358804924242,0.11129568106060606,0.07308970100378788,0.0,0.24584717613636364,0.011627906977272727,0.004983388704545454,0.0016611295681818181,0.02657807308712121,0.0066445182727272725,0.01993355481060606,0.245,0.3078203,0.413162706,0.720983005,0.300261097,24.58471761,7.3089701,472,528,97,0.21212121212121213,0.7010309278350515,0.26804123711340205,0.030927835051546393,0.028409090909090908,0.12310606060606061,0.11931818181818182,0.08333333333333333,0.001893939393939394,0.25946969696969696,0.013257575757575758,0.00946969696969697,0.0,0.06060606060606061,0.026515151515151516,0.03409090909090909,0.237,0.309,0.4,0.709,0.298,25.9,8.3,,,,,,,,,
57,Ha-Seong Kim,SDP,145,414.4758735,470,89.15141435000001,0.2146422629787234,0.7456140347817151,0.22807017531068474,0.026315789458925164,0.024958402659574466,0.12645590682978725,0.09650582361702129,0.09650582361702129,0.0,0.18968386023404257,0.009983361063829787,0.006655574042553191,0.004991680531914893,0.039933444255319146,0.011647254576595744,0.028286189680851063,0.242,0.322742475,0.388679245,0.71142172,0.281481481,18.96838602,9.650582363,403,470,83,0.2,0.7710843373493976,0.1927710843373494,0.03614457831325301,0.023404255319148935,0.1276595744680851,0.1,0.12340425531914893,0.00851063829787234,0.16382978723404254,0.00425531914893617,0.006382978723404255,0.00851063829787234,0.04680851063829787,0.010638297872340425,0.036170212765957444,0.233,0.33,0.37,0.7,0.261,16.4,12.3,,,,,,,,,
58,Manny Machado,SDP,140,573.3416667,643,121.09833337,0.236666666718507,0.7787610617386319,0.21238938046666528,0.017699115036136193,0.0483333333281493,0.13,0.1466666666718507,0.0933333333281493,0.00833333333281493,0.183333333281493,0.005,0.00833333333281493,0.0,0.01166666666718507,0.005,0.006666666667185071,0.266,0.335559265,0.482242991,0.817802256,0.281795511,18.33333333,9.333333333,593,643,134,0.2534992223950233,0.7761194029850746,0.22388059701492538,0.0,0.04510108864696734,0.11975116640746501,0.16329704510108864,0.06998444790046657,0.00933125972006221,0.19284603421461896,0.0015552099533437014,0.006220839813374806,0.0,0.017107309486780714,0.003110419906687403,0.013996889580093312,0.275,0.325,0.472,0.797,0.302,19.3,7.0,,,,,,,,,
59,Cody Bellinger,CHC,136,511.0550918,569,110.19031717000001,0.23205342231985943,0.7241379311659167,0.250000000068064,0.025862068974748915,0.03839732887521968,0.1318864774692443,0.1285475792970123,0.08514190316344464,0.0033388981634446396,0.19699499173989457,0.006677796326889279,0.010016694490333919,0.0016694490826010546,0.033388981634446396,0.008347245409490334,0.025041736221441124,0.259,0.323873122,0.451672862,0.775545984,0.287841191,19.69949917,8.514190317,516,569,119,0.24077328646748683,0.7815126050420168,0.19327731092436976,0.025210084033613446,0.03163444639718805,0.1265377855887522,0.13708260105448156,0.07908611599297012,0.012302284710017574,0.15641476274165203,0.005272407732864675,0.008787346221441126,0.0,0.015817223198594025,0.0035149384885764497,0.012302284710017574,0.266,0.325,0.426,0.751,0.287,15.6,7.9,,,,,,,,,
60,Yordan Alvarez,HOU,139,538.3695652,635,118.92976592,0.2525083612598425,0.7053571426889764,0.27678571420163106,0.008928571428571428,0.0652173913070866,0.1622073577952756,0.17892976582677164,0.12876254181102365,0.010033444815748032,0.19397993307086614,0.013377926422047243,0.008361204012598425,0.0,0.0,0.0,0.0,0.298,0.395309883,0.591715976,0.987025859,0.31372549,19.39799331,12.87625418,552,635,135,0.2677165354330709,0.7333333333333333,0.2518518518518518,0.014814814814814815,0.05511811023622047,0.13858267716535433,0.13543307086614173,0.10866141732283464,0.025196850393700787,0.14960629921259844,0.015748031496062992,0.006299212598425197,0.0,0.009448818897637795,0.0,0.009448818897637795,0.308,0.392,0.567,0.959,0.317,15.0,10.9,,,,,,,,,
61,Jeremy Pena,HOU,144,595.561139,650,141.54103852999998,0.24120603015384615,0.7769230771660074,0.2000000000282604,0.023076923074205738,0.02345058626153846,0.12730318258461537,0.1038525963076923,0.060301507538461536,0.0,0.21273031830769232,0.013400335007692308,0.005025125627692308,0.0016750418753846154,0.028475711892307694,0.006700167504615385,0.021775544384615386,0.263,0.316498316,0.398537477,0.715035794,0.317848411,21.27303183,6.030150754,602,650,145,0.24615384615384617,0.7931034482758621,0.19310344827586207,0.013793103448275862,0.023076923076923078,0.12,0.1076923076923077,0.038461538461538464,0.0015384615384615385,0.17076923076923076,0.021538461538461538,0.009230769230769232,0.004615384615384616,0.03076923076923077,0.009230769230769232,0.021538461538461538,0.266,0.308,0.394,0.701,0.301,17.1,3.8,,,,,,,,,
62,Ryan McMahon,COL,143,568.2914573,645,116.68341708,0.21775544387596898,0.7314814814814815,0.25925925925925924,0.009259259259259259,0.036850921271317824,0.12395309882170544,0.12395309882170544,0.10552763818604652,0.0033500837519379848,0.2830820770542636,0.0067001675038759695,0.0067001675038759695,0.0,0.011725293131782945,0.0050251256279069765,0.0067001675038759695,0.247,0.32998325,0.429657795,0.759641044,0.318584071,28.30820771,10.55276382,567,645,117,0.2124031007751938,0.7606837606837606,0.23931623931623933,0.0,0.031007751937984496,0.10542635658914729,0.10077519379844961,0.10697674418604651,0.006201550387596899,0.2868217054263566,0.004651162790697674,0.006201550387596899,0.0,0.006201550387596899,0.009302325581395349,-0.0031007751937984496,0.242,0.325,0.397,0.722,0.32,28.7,10.7,,,,,,,,,
63,Andrew Vaughn,CHW,143,561.9731993,619,124.42211052999998,0.237855946365105,0.7583333335054625,0.23333333341102588,0.008333333332663572,0.03685092127625202,0.11557788945072699,0.12395309882067852,0.06867671691437803,0.0016750418756058159,0.1943048576736672,0.01507537688368336,0.006700167504038772,0.0016750418756058159,0.0,0.0,0.0,0.261,0.322147651,0.439114391,0.761262042,0.294117647,19.43048576,6.867671692,570,619,121,0.22617124394184168,0.743801652892562,0.24793388429752067,0.008264462809917356,0.030694668820678513,0.0888529886914378,0.11308562197092084,0.061389337641357025,0.0,0.21324717285945072,0.009693053311793215,0.008077544426494346,0.0,0.0032310177705977385,0.0,0.0032310177705977385,0.246,0.297,0.402,0.699,0.285,21.3,6.1,,,,,,,,,
64,Alec Bohm,PHI,141,557.112605,606,134.44033618,0.24873949587458744,0.7803030301824406,0.20454545444740496,0.015151515147007124,0.026890756303630362,0.11428571429042905,0.1226890756270627,0.06554621848184819,0.0,0.16638655462046203,0.0067226890759075906,0.008403361344884489,0.0016806722689768976,0.0067226890759075906,0.0033613445379537953,0.0033613445379537953,0.271,0.321008403,0.414990859,0.735999263,0.302059497,16.63865546,6.554621849,554,606,140,0.25577557755775576,0.6714285714285714,0.3142857142857143,0.014285714285714285,0.024752475247524754,0.10231023102310231,0.16006600660066006,0.066006600660066,0.0033003300330033004,0.1419141914191419,0.009900990099009901,0.009900990099009901,0.0,0.00825082508250825,0.0033003300330033004,0.0049504950495049506,0.28,0.332,0.448,0.779,0.305,14.2,6.6,,,,,,,,,
65,Yandy Diaz,TBR,137,538.4090909,621,133.81818184000002,0.2474747475040258,0.7890624999392832,0.2031249999532948,0.01562499999813179,0.03198653198067633,0.12794612793880836,0.12289562289855073,0.11616161616747182,0.0033670033671497584,0.14309764309178744,0.010101010101449275,0.005050505049919485,0.0016835016827697262,0.0033670033671497584,0.0016835016827697262,0.0016835016827697262,0.287,0.374367622,0.45631068,0.830678302,0.309178744,14.30976431,11.61616162,563,621,144,0.25442834138486314,0.7777777777777778,0.2152777777777778,0.006944444444444444,0.02254428341384863,0.08856682769726248,0.10466988727858294,0.08051529790660225,0.0,0.1529790660225443,0.00644122383252818,0.00644122383252818,0.0,0.0,0.0,0.0,0.281,0.341,0.414,0.755,0.314,15.3,8.1,,,,,,,,,
66,Eugenio Suarez,ARI,141,558.1144781,640,105.58922554,0.20538720531250002,0.7346938779337125,0.2551020409728824,0.010204081633232899,0.04040404040625,0.12121212121875,0.139730639734375,0.104377104375,0.0016835016828125001,0.29797979796875,0.0151515151515625,0.0084175084171875,0.0,0.0016835016828125001,0.0,0.0016835016828125001,0.236,0.324915825,0.426640927,0.751556752,0.304347826,29.7979798,10.43771044,571,640,116,0.228125,0.7413793103448276,0.2413793103448276,0.017241379310344827,0.046875,0.140625,0.1578125,0.0765625,0.0,0.275,0.0140625,0.0171875,0.0,0.003125,0.0015625,0.0015625,0.256,0.319,0.469,0.788,0.309,27.5,7.7,,,,,,,,,
67,Andres Gimenez,CLE,143,568.8445946,633,131.51858109,0.23479729731437596,0.756097560936665,0.2113821138396833,0.04065040650295233,0.027027027030015797,0.1334459459399684,0.1064189189257504,0.05743243243285941,0.0050675675671406,0.19256756761453397,0.030405405402843602,0.0067567567567140595,0.0067567567567140595,0.054054054060031595,0.01013513513586098,0.043918918925750394,0.262,0.324829932,0.421052632,0.745882564,0.302955665,19.25675676,5.743243243,583,633,138,0.23222748815165878,0.8333333333333334,0.15942028985507245,0.007246376811594203,0.014218009478672985,0.10110584518167456,0.0995260663507109,0.04107424960505529,0.001579778830963665,0.15323854660347552,0.023696682464454975,0.009478672985781991,0.004739336492890996,0.04739336492890995,0.007898894154818325,0.03949447077409163,0.252,0.298,0.34,0.638,0.286,15.3,4.1,,,,,,,,,
68,Josh Bell,MIA,141,527.625,603,113.06249996,0.21959459452736316,0.7657657660199503,0.22522522533120184,0.00900900901147914,0.03209459459369817,0.11486486485903813,0.1216216216252073,0.10810810810945272,0.0033783783781094526,0.19256756749585405,0.008445945945273632,0.008445945945273632,0.0016891891890547263,0.0,0.0,0.0,0.252,0.336148649,0.413127413,0.749276062,0.284615385,19.25675676,10.81081081,538,603,115,0.2222222222222222,0.782608695652174,0.2,0.017391304347826087,0.03150912106135987,0.10281923714759536,0.11774461028192372,0.0845771144278607,0.001658374792703151,0.19900497512437812,0.009950248756218905,0.004975124378109453,0.0,0.0,0.001658374792703151,-0.001658374792703151,0.249,0.319,0.405,0.725,0.286,19.9,8.5,,,,,,,,,
69,Zack Gelof,OAK,136,491.278438,547,99.37011881,0.21052631572212066,0.7289719628745205,0.25233644872603933,0.028037383182836915,0.02886247877513711,0.11884550084095064,0.10186757215722121,0.08488964345521023,0.0016977928683729433,0.30560271645338205,0.008488964345521023,0.005093378606946983,0.00339558573857404,0.033955857385740404,0.008488964345521023,0.025466893034734917,0.235,0.304940375,0.395085066,0.700025441,0.319402985,30.56027165,8.488964346,497,547,88,0.19195612431444242,0.75,0.22727272727272727,0.022727272727272728,0.031078610603290677,0.10968921389396709,0.08957952468007313,0.06946983546617916,0.0,0.3436928702010969,0.007312614259597806,0.009140767824497258,0.005484460694698354,0.04570383912248629,0.005484460694698354,0.04021937842778794,0.211,0.27,0.362,0.632,0.296,34.4,6.9,,,,,,,,,
70,Riley Greene,DET,137,520.4353741,584,121.17006806,0.23639455787671232,0.7295081964980783,0.22950819666313557,0.03278688523994875,0.028911564623287676,0.12755102041095892,0.11394557823630136,0.09523809523972604,0.003401360544520548,0.258503401369863,0.00850340136130137,0.005102040816780822,0.001700680272260274,0.015306122448630135,0.003401360544520548,0.011904761904109589,0.265,0.340136054,0.429389313,0.769525367,0.340782123,25.85034014,9.523809524,512,584,110,0.22945205479452055,0.7,0.24545454545454545,0.05454545454545454,0.0410958904109589,0.1404109589041096,0.1267123287671233,0.1095890410958904,0.005136986301369863,0.2671232876712329,0.008561643835616438,0.003424657534246575,0.0,0.00684931506849315,0.003424657534246575,0.003424657534246575,0.262,0.348,0.479,0.827,0.329,26.7,11.0,,,,,,,,,
71,Bryson Stott,PHI,141,518.5612245,571,127.21258508000001,0.2431972789842382,0.755725190550463,0.2061068701930037,0.03816793891851631,0.02040816325744308,0.12585034014010507,0.10204081632224168,0.07482993197898423,0.00170068027145359,0.1751700679509632,0.006802721087565675,0.006802721087565675,0.00170068027145359,0.037414965989492115,0.006802721087565675,0.03061224490367776,0.267,0.325938567,0.404494382,0.730432949,0.309692671,17.5170068,7.482993197,506,571,113,0.2171628721541156,0.8141592920353983,0.168141592920354,0.017699115044247787,0.01926444833625219,0.1138353765323993,0.09982486865148861,0.09281961471103327,0.0017513134851138354,0.1628721541155867,0.005253940455341506,0.01576182136602452,0.0,0.05604203152364273,0.005253940455341506,0.050788091068301226,0.245,0.315,0.356,0.671,0.275,16.3,9.3,,,,,,,,,
72,Jake Cronenworth,SDP,141,577.9047619,656,126.06802716,0.2193877550304878,0.7256637171286404,0.23893805319702444,0.026548672580972592,0.027210884359756098,0.1173469387804878,0.11394557823170731,0.09183673469512195,0.003401360544207317,0.1802721088414634,0.018707482987804877,0.006802721088414634,0.0017006802728658536,0.010204081632621952,0.003401360544207317,0.006802721088414634,0.249,0.330494037,0.403474903,0.733968941,0.2825,18.02721088,9.183673469,577,656,122,0.21189024390243902,0.7377049180327869,0.23770491803278687,0.02459016393442623,0.025914634146341462,0.10975609756097561,0.12652439024390244,0.09298780487804878,0.0,0.1798780487804878,0.01676829268292683,0.004573170731707317,0.001524390243902439,0.007621951219512195,0.003048780487804878,0.004573170731707317,0.241,0.324,0.39,0.714,0.274,18.0,9.3,,,,,,,,,
74,William Contreras,MIL,141,602.2636986,679,134.86986298,0.23630136980854197,0.7586206898955062,0.2327586207650791,0.008620689658240506,0.037671232871870394,0.1232876712371134,0.13184931506627393,0.09589041095729013,0.00171232876730486,0.22602739720176732,0.008561643835051546,0.005136986301914581,0.00171232876730486,0.005136986301914581,0.00171232876730486,0.00342465753460972,0.266,0.341924399,0.44980695,0.791731348,0.316076294,22.60273973,9.589041096,595,679,144,0.24594992636229748,0.7291666666666666,0.2569444444444444,0.013888888888888888,0.033873343151693665,0.14580265095729014,0.13549337260677466,0.11487481590574374,0.007363770250368188,0.20471281296023564,0.004418262150220913,0.004418262150220913,0.0,0.013254786450662739,0.0029455081001472753,0.010309278350515464,0.281,0.365,0.466,0.831,0.33,20.5,11.5,,,,,,,,,
75,George Springer,TOR,133,544.609589,614,117.75342461000001,0.22945205472312705,0.758928571767506,0.22321428584394526,0.01785714286411869,0.037671232882736154,0.13184931506514658,0.12157534245928339,0.09075342465798046,0.001712328767100977,0.1849315068403909,0.011986301369706841,0.006849315068403908,0.001712328767100977,0.023972602736156354,0.008561643835504886,0.015410958903908796,0.258,0.333333333,0.442084942,0.775418275,0.285714286,18.49315068,9.075342466,545,614,101,0.19543973941368079,0.7821782178217822,0.18811881188118812,0.0297029702970297,0.030944625407166124,0.12052117263843648,0.09120521172638436,0.09771986970684039,0.0,0.18729641693811075,0.009771986970684038,0.003257328990228013,0.0,0.026058631921824105,0.0016286644951140066,0.024429967426710098,0.22,0.303,0.371,0.674,0.245,18.7,9.8,,,,,,,,,
76,Ke'Bryan Hayes,PIT,137,361.4178082,396,85.43835616,0.24143835616161616,0.7460317461004858,0.23015873015129884,0.02380952380673706,0.025684931515151516,0.12157534247474747,0.11472602739898989,0.0736301369949495,0.0017123287676767676,0.1986301369949495,0.006849315068181818,0.006849315068181818,0.0017123287676767676,0.027397260277777776,0.010273972603535355,0.017123287671717172,0.264,0.321917808,0.414634146,0.736551955,0.310344828,19.8630137,7.363013699,365,396,81,0.21464646464646464,0.8888888888888888,0.1111111111111111,0.0,0.010101010101010102,0.09595959595959595,0.06313131313131314,0.05808080808080808,0.0025252525252525255,0.1893939393939394,0.010101010101010102,0.010101010101010102,0.0,0.027777777777777776,0.005050505050505051,0.022727272727272728,0.233,0.283,0.29,0.573,0.279,18.9,5.8,,,,,,,,,
78,Seiya Suzuki,CHC,135,511.6237113,585,117.60309274,0.23883161504273503,0.7264957267653572,0.25641025654543514,0.017094017097360224,0.03780068728205128,0.1357388316068376,0.13058419244444444,0.10652920962393163,0.005154639176068376,0.22164948461538464,0.01030927835042735,0.006872852234188034,0.0017182130581196579,0.0206185567008547,0.006872852234188034,0.013745704466666666,0.272,0.356282272,0.469548134,0.825830406,0.32320442,22.16494845,10.65292096,512,585,124,0.24786324786324787,0.7338709677419355,0.21774193548387097,0.04838709677419355,0.035897435897435895,0.1264957264957265,0.12478632478632479,0.1076923076923077,0.005128205128205128,0.27350427350427353,0.010256410256410256,0.006837606837606838,0.0,0.02735042735042735,0.010256410256410256,0.017094017094017096,0.283,0.366,0.482,0.848,0.37,27.4,10.8,,,,,,,,,
81,Triston Casas,BOS,142,209.0637931,243,40.220689660000005,0.2086206896707819,0.7395833331416822,0.2604166666096893,0.010416666659415008,0.043103448271604936,0.12413793102880659,0.13448275860082304,0.12413793102880659,0.0051724137942386825,0.23620689654320987,0.008620689654320987,0.006896551724279835,0.0,0.0017241379300411523,0.0,0.0017241379300411523,0.243,0.34137931,0.448897796,0.790277106,0.281524927,23.62068966,12.4137931,212,243,38,0.20987654320987653,0.7894736842105263,0.21052631578947367,0.0,0.053497942386831275,0.11522633744855967,0.13168724279835392,0.12345679012345678,0.01646090534979424,0.3168724279835391,0.00411522633744856,0.0,0.0,0.0,0.00411522633744856,-0.00411522633744856,0.241,0.337,0.462,0.8,0.311,31.7,12.3,,,,,,,,,
82,Jake Burger,MIA,141,525.9083045,579,105.18166088999999,0.23010380621761656,0.7238095238828665,0.2571428571401408,0.019047619053051825,0.04844290658031088,0.12456747404145078,0.14705882352331606,0.06747404844559586,0.0034602076131260793,0.26816608998272884,0.017301038065630398,0.005190311417962003,0.0017301038065630396,0.0017301038065630396,0.0,0.0017301038065630396,0.254,0.31542461,0.472380952,0.787805562,0.304347826,26.816609,6.747404844,535,579,105,0.231433506044905,0.7714285714285715,0.21904761904761905,0.009523809523809525,0.05008635578583765,0.11744386873920552,0.13126079447322972,0.0535405872193437,0.0034542314335060447,0.25906735751295334,0.015544041450777202,0.0069084628670120895,0.0,0.0017271157167530224,0.0017271157167530224,0.0,0.25,0.301,0.46,0.76,0.292,25.9,5.4,,,,,,,,,
83,Nolan Jones,COL,139,258.4619377,297,56.52249135000001,0.22837370242424246,0.7090909091713274,0.2545454544972034,0.036363636366853094,0.038062283737373734,0.14186851212121213,0.12283737023569023,0.11591695501683502,0.006920415225589225,0.2871972318181818,0.008650519030303032,0.005190311417508418,0.001730103804713805,0.025951557094276094,0.005190311417508418,0.020761245673400673,0.262,0.352941176,0.465208748,0.818149924,0.34591195,28.71972318,11.5916955,256,297,55,0.19528619528619529,0.7454545454545455,0.23636363636363636,0.01818181818181818,0.010101010101010102,0.09427609427609428,0.09427609427609428,0.12121212121212122,0.006734006734006734,0.3063973063973064,0.003367003367003367,0.010101010101010102,0.003367003367003367,0.016835016835016835,0.013468013468013467,0.003367003367003367,0.227,0.321,0.32,0.641,0.333,30.6,12.1,,,,,,,,,
84,Anthony Volpe,NYY,142,618.5476603,689,125.38128246,0.2131715770682148,0.7142857145249845,0.2666666667783261,0.028571428579404243,0.031195840551523947,0.131715771233672,0.10745233969521044,0.08318890814223512,0.0,0.2512998267053701,0.012131715770682148,0.00693240901161103,0.0017331022525399128,0.03986135181422351,0.010398613518142235,0.029462738301886792,0.238,0.308492201,0.409266409,0.71775861,0.292479109,25.12998267,8.318890815,637,689,143,0.22496371552975328,0.7622377622377622,0.1888111888111888,0.04895104895104895,0.01741654571843251,0.13062409288824384,0.08708272859216255,0.06095791001451379,0.001451378809869376,0.22641509433962265,0.005805515239477504,0.0043541364296081275,0.002902757619738752,0.040638606676342524,0.010159651669085631,0.030478955007256895,0.243,0.293,0.364,0.657,0.303,22.6,6.1,,,,,,,,,
85,Carlos Correa,MIN,135,322.96,367,69.57043478,0.22782608694822887,0.752293577947365,0.23853211011943598,0.009174311933199047,0.0382608695640327,0.1217391304359673,0.1269565217438692,0.10086956520435966,0.0034782608692098095,0.2121739130517711,0.006956521738419619,0.006956521738419619,0.0,0.0,0.0,0.0,0.259,0.337412587,0.444664032,0.782076619,0.297814208,21.2173913,10.08695652,319,367,85,0.26975476839237056,0.7411764705882353,0.23529411764705882,0.023529411764705882,0.03814713896457766,0.14986376021798364,0.14713896457765668,0.10899182561307902,0.010899182561307902,0.16621253405994552,0.008174386920980926,0.010899182561307902,0.0,0.0,0.0,0.0,0.31,0.388,0.517,0.905,0.343,16.6,10.9,,,,,,,,,
86,Spencer Steer,CIN,136,581.8434783,656,125.49565215999999,0.22434782606707315,0.7181818182441166,0.26363636365519805,0.01818181818036938,0.03304347826219512,0.12347826086890244,0.12521739131097562,0.09043478260670731,0.0,0.20869565213414637,0.015652173917682928,0.006956521739329268,0.0017391304344512195,0.013913043478658536,0.003478260868902439,0.010434782608231708,0.253,0.330434783,0.429411765,0.759846547,0.293333333,20.86956522,9.043478261,574,656,109,0.19664634146341464,0.6513761467889908,0.3119266055045872,0.03669724770642202,0.03048780487804878,0.11280487804878049,0.1402439024390244,0.10975609756097561,0.001524390243902439,0.20884146341463414,0.012195121951219513,0.003048780487804878,0.0,0.038109756097560975,0.004573170731707317,0.03353658536585366,0.225,0.319,0.402,0.721,0.26,20.9,11.0,,,,,,,,,
87,Andrew Benintendi,CHW,135,463.6963351,522,114.78534035599999,0.23734729501915708,0.7698412695901455,0.20634920623608977,0.023809523799152483,0.017452006980842913,0.11518324607279694,0.09424083770114942,0.09249563699233716,0.005235602093869731,0.14659685863984676,0.006980802793103449,0.008726003490421456,0.0017452006973180077,0.020942408371647507,0.006980802793103449,0.013961605584291189,0.268,0.338003503,0.388998035,0.727001538,0.3,14.65968586,9.2495637,477,522,89,0.20881226053639848,0.7752808988764045,0.2247191011235955,0.0,0.038314176245210725,0.09578544061302682,0.12260536398467432,0.07854406130268199,0.0019157088122605363,0.1839080459770115,0.0019157088122605363,0.005747126436781609,0.0,0.005747126436781609,0.0038314176245210726,0.0019157088122605363,0.229,0.289,0.396,0.685,0.245,18.4,7.9,,,,,,,,,
88,Masataka Yoshida,BOS,135,377.6509599,421,95.51483419,0.2530541011876485,0.7538461539572925,0.23076923084171247,0.015384615389447498,0.026178010475059382,0.12216404885985747,0.12041884817102137,0.08202443280285036,0.0034904013966745844,0.12739965095011876,0.01396160558432304,0.006980802793349169,0.0017452006983372922,0.005235602095011877,0.0017452006983372922,0.0034904013966745844,0.282,0.34904014,0.435797665,0.784837805,0.302325581,12.7399651,8.202443281,378,421,96,0.2517814726840855,0.78125,0.21875,0.0,0.023752969121140142,0.10688836104513064,0.1330166270783848,0.06413301662707839,0.0,0.12351543942992874,0.0332541567695962,0.004750593824228029,0.0,0.004750593824228029,0.0,0.004750593824228029,0.28,0.349,0.415,0.765,0.302,12.4,6.4,,,,,,,,,
89,Joey Meneses,WSN,134,289.9772329,313,65.77933449700001,0.23642732047923323,0.7750000000733512,0.21666666665121093,0.008333333336247115,0.026269702277955272,0.09982486865814696,0.11558669003194888,0.059544658498402556,0.0017513134856230032,0.2066549912460064,0.005253940456869009,0.007005253939297125,0.0017513134856230032,0.0,0.0,0.0,0.255,0.301754386,0.393194707,0.694949093,0.3,20.66549912,5.954465849,281,313,62,0.20766773162939298,0.8225806451612904,0.1774193548387097,0.0,0.009584664536741214,0.06070287539936102,0.134185303514377,0.0670926517571885,0.003194888178913738,0.2012779552715655,0.01597444089456869,0.019169329073482427,0.0,0.006389776357827476,0.0,0.006389776357827476,0.231,0.291,0.302,0.593,0.281,20.1,6.7,,,,,,,,,
90,Rhys Hoskins,MIL,133,440.8105263,517,81.63157892,0.2052631578336557,0.7111111113860592,0.2777777779138907,0.011111111116555628,0.04736842104448743,0.12982456141199225,0.14210526315280464,0.12456140350096713,0.0017543859651837524,0.2333333332688588,0.014035087719535783,0.007017543858800774,0.0017543859651837524,0.007017543858800774,0.0035087719303675048,0.0035087719303675048,0.241,0.344463972,0.462962963,0.807426935,0.272727273,23.33333333,12.45614035,449,517,70,0.18568665377176016,0.8,0.2,0.0,0.05029013539651837,0.11411992263056092,0.15860735009671179,0.10251450676982592,0.0019342359767891683,0.28820116054158607,0.013539651837524178,0.01160541586073501,0.0,0.005802707930367505,0.0,0.005802707930367505,0.214,0.303,0.419,0.722,0.25,28.8,10.3,,,,,,,,,
91,Thairo Estrada,SFG,133,351.4859155,381,82.505281693,0.23591549296587927,0.7886178862112816,0.1869918698951481,0.0325203252075878,0.019366197183727035,0.125,0.0915492957742782,0.05281690141732283,0.0,0.19894366196850397,0.017605633803149605,0.005281690141732283,0.0017605633805774278,0.04225352112860892,0.012323943661417322,0.02992957745406824,0.256,0.306878307,0.379770992,0.686649299,0.305210918,19.8943662,5.281690141,364,381,70,0.2073490813648294,0.7571428571428571,0.21428571428571427,0.02857142857142857,0.023622047244094488,0.11286089238845144,0.12335958005249344,0.026246719160104987,0.0,0.1994750656167979,0.013123359580052493,0.005249343832020997,0.0,0.005249343832020997,0.005249343832020997,0.0,0.217,0.247,0.343,0.59,0.249,19.9,2.6,,,,,,,,,
92,Cedric Mullins,BAL,138,448.8359788,499,89.76719572,0.21693121683366734,0.7450980395848328,0.23529411775190517,0.029411764718988147,0.03703703703406813,0.1375661375751503,0.11111111110220441,0.08112874779559119,0.0017636684308617234,0.19753086418837676,0.010582010581162324,0.0070546737214428855,0.003527336859719439,0.05467372134268537,0.012345679012024048,0.0423280423246493,0.242,0.309187279,0.425490196,0.734677475,0.267716535,19.75308642,8.11287478,444,499,86,0.20841683366733466,0.7790697674418605,0.18604651162790697,0.03488372093023256,0.036072144288577156,0.13827655310621242,0.10821643286573146,0.08216432865731463,0.0,0.1963927855711423,0.01002004008016032,0.004008016032064128,0.004008016032064128,0.06412825651302605,0.012024048096192385,0.052104208416833664,0.234,0.305,0.405,0.71,0.261,19.6,8.2,,,,,,,,,
93,Corey Seager,TEX,129,468.9646643,533,109.23674908,0.2614840988742964,0.7241379312933321,0.26724137944292625,0.008620689657382104,0.05653710247654784,0.1466431095497186,0.16607773851782365,0.09893992932457786,0.008833922260787993,0.16254416960600374,0.010600706712945591,0.007067137808630394,0.0017667844521575984,0.003533568904315197,0.0017667844521575984,0.0017667844521575984,0.298,0.372340426,0.5562249,0.928565325,0.306878307,16.25441696,9.893992933,475,533,102,0.24765478424015008,0.7941176470588235,0.20588235294117646,0.0,0.05628517823639775,0.1275797373358349,0.13883677298311445,0.09943714821763602,0.020637898686679174,0.1801125703564728,0.005628517823639775,0.00375234521575985,0.0,0.001876172607879925,0.001876172607879925,0.0,0.278,0.353,0.512,0.864,0.291,18.0,9.9,,,,,,,,,
94,Oneil Cruz,PIT,132,537.6183746,599,109.00530031,0.22438162537562603,0.7184466022044943,0.2524271845657741,0.029126213605860207,0.042402826861435726,0.13957597173622704,0.1307420494657763,0.0901060070617696,0.0035335689048414027,0.28445229682804674,0.007067137809682805,0.005300353357262103,0.0017667844524207014,0.04593639575959933,0.008833922262103505,0.03710247350584307,0.249,0.32155477,0.454724409,0.77627918,0.31595092,28.44522968,9.010600707,541,599,119,0.2337228714524207,0.6890756302521008,0.2857142857142857,0.025210084033613446,0.035058430717863104,0.12020033388981637,0.12687813021702837,0.08514190317195326,0.008347245409015025,0.3021702838063439,0.005008347245409015,0.00667779632721202,0.0,0.03672787979966611,0.001669449081803005,0.035058430717863104,0.259,0.324,0.449,0.773,0.347,30.2,8.5,,,,,,,,,
95,Elly De La Cruz,CIN,133,634.1882771,696,137.22202489,0.2309058614942529,0.7117117115731844,0.25225225220038655,0.03603603602966771,0.03374777975574712,0.1420959147413793,0.113676731795977,0.07637655418103448,0.005328596803160919,0.3161634103448276,0.005328596803160919,0.005328596803160919,0.001776198933908046,0.06571936057471264,0.008880994670977011,0.0568383658908046,0.253,0.31316726,0.434697856,0.747865116,0.347962382,31.61634103,7.637655417,618,696,135,0.22988505747126436,0.6592592592592592,0.26666666666666666,0.07407407407407407,0.035919540229885055,0.15086206896551724,0.10919540229885058,0.09913793103448276,0.0028735632183908046,0.3132183908045977,0.008620689655172414,0.0014367816091954023,0.0028735632183908046,0.09626436781609195,0.022988505747126436,0.07327586206896551,0.259,0.339,0.471,0.809,0.359,31.3,9.9,,,,,,,,,
96,Bryan De La Cruz,MIA,138,571.088968,622,137.23843415,0.2491103202572347,0.7419354842588024,0.2419354839309058,0.01612903226206039,0.028469750884244374,0.1156583629903537,0.1227758007073955,0.06939501779742765,0.003558718861736335,0.2206405694533762,0.005338078292604502,0.00889679715273312,0.0017793594308681674,0.007117437721864952,0.0017793594308681674,0.005338078292604502,0.271,0.323268206,0.430232558,0.753500764,0.325459318,22.06405694,6.939501779,584,622,115,0.21864951768488747,0.782608695652174,0.21739130434782608,0.0,0.03376205787781351,0.09807073954983923,0.10932475884244373,0.04662379421221865,0.001607717041800643,0.2733118971061093,0.00482315112540193,0.008038585209003215,0.0,0.008038585209003215,0.003215434083601286,0.00482315112540193,0.233,0.271,0.384,0.654,0.289,27.3,4.7,,,,,,,,,
97,Vinnie Pasquantino,KCR,132,485.8609626,554,114.55258463,0.2388591799638989,0.715517241664528,0.2672413793968884,0.017241379313957084,0.03208556149819495,0.12477718359205775,0.1283422459927798,0.10160427806859205,0.005347593583032491,0.12477718359205775,0.010695187166064981,0.00713012477797834,0.0,0.0035650623880866426,0.0017825311949458485,0.0017825311949458485,0.273,0.352415027,0.453252033,0.805667059,0.284313725,12.47771836,10.16042781,496,554,111,0.23465703971119134,0.7117117117117117,0.2702702702702703,0.018018018018018018,0.03429602888086643,0.11552346570397112,0.17509025270758122,0.07220216606498195,0.0018050541516245488,0.12815884476534295,0.007220216606498195,0.023465703971119134,0.0018050541516245488,0.0018050541516245488,0.0,0.0018050541516245488,0.262,0.315,0.446,0.76,0.265,12.8,7.2,,,,,,,,,
99,Josh Naylor,CLE,133,571.9607143,633,132.2517857,0.2464285714060032,0.7606837606579099,0.23076923081576206,0.008547008549011977,0.0375,0.12142857142180095,0.14107142857819907,0.07678571428120064,0.008928571428120063,0.13749999999999998,0.010714285714060032,0.008928571428120063,0.0017857142859399682,0.012499999999999999,0.005357142857819905,0.007142857142180096,0.272,0.333928571,0.454545455,0.788474026,0.283292978,13.75,7.678571429,563,633,106,0.21642969984202212,0.7452830188679245,0.25471698113207547,0.0,0.04897314375987362,0.13270142180094788,0.17061611374407584,0.09162717219589257,0.011058451816745656,0.16587677725118483,0.011058451816745656,0.00631911532385466,0.0,0.009478672985781991,0.00315955766192733,0.00631911532385466,0.243,0.32,0.456,0.776,0.246,16.6,9.2,,,,,,,,,
100,Royce Lewis,MIN,131,295.9302326,325,63.37209303,0.23792486584615385,0.7339449540980388,0.24770642201400556,0.018348623856395924,0.042933810369230774,0.13416815741538463,0.12880143113846154,0.07334525938461539,0.0017889087661538462,0.22540250446153848,0.008944543827692308,0.007155635061538461,0.0017889087661538462,0.02862254024923077,0.008944543827692308,0.019677996421538464,0.262,0.320214669,0.463654224,0.783868893,0.300275482,22.54025045,7.334525939,292,325,52,0.20923076923076922,0.6923076923076923,0.3076923076923077,0.0,0.04923076923076923,0.12307692307692308,0.14461538461538462,0.08615384615384615,0.006153846153846154,0.2276923076923077,0.0,0.015384615384615385,0.0,0.0,0.0,0.0,0.233,0.295,0.452,0.747,0.251,22.8,8.6,,,,,,,,,
101,Jeff McNeil,NYM,134,425.5599284,472,108.078711938,0.24150268326271188,0.7734375003280306,0.2109375000978743,0.015625000008963375,0.01252236136016949,0.10554561718220339,0.09302325580508473,0.0661896243220339,0.0017889087648305085,0.10912343470338984,0.023255813961864408,0.0071556350635593215,0.0017889087648305085,0.0071556350635593215,0.0017889087648305085,0.005366726296610169,0.267,0.331541219,0.371031746,0.702572965,0.290909091,10.91234347,6.618962433,424,472,89,0.21398305084745764,0.7078651685393258,0.29213483146067415,0.0,0.025423728813559324,0.12076271186440678,0.09322033898305085,0.07415254237288135,0.00211864406779661,0.1440677966101695,0.019067796610169493,0.006355932203389831,0.00211864406779661,0.01059322033898305,0.00211864406779661,0.00847457627118644,0.238,0.308,0.384,0.692,0.256,14.4,7.4,,,,,,,,,
102,Teoscar Hernandez,LAD,132,598.1543986,652,127.59066432,0.2459605027607362,0.7247706419027131,0.25688073382703114,0.01834862384702724,0.05026929981595092,0.14542190305214722,0.15260323159509204,0.0682226211809816,0.003590664273006135,0.28366247760736196,0.008976660682515337,0.005385996409509202,0.0,0.016157989233128837,0.005385996409509202,0.010771992819018405,0.269,0.323159785,0.495107632,0.818267417,0.332317073,28.36624776,6.822262118,589,652,127,0.24539877300613497,0.7322834645669292,0.25196850393700787,0.015748031496062992,0.05061349693251534,0.12883435582822086,0.15184049079754602,0.08128834355828221,0.004601226993865031,0.2883435582822086,0.012269938650306749,0.0015337423312883436,0.0,0.018404907975460124,0.004601226993865031,0.013803680981595092,0.272,0.339,0.501,0.84,0.344,28.8,8.1,,,,,,,,,
103,Jorge Soler,SFG,130,495.6804309,574,92.74685821,0.21543985644599303,0.7444444440766571,0.2555555554920613,0.011111111102725084,0.05385996409407665,0.13464991022648082,0.14901256731707316,0.11310592459930313,0.005385996409407665,0.24416517055749126,0.01077199281881533,0.0071813285452961674,0.0017953321358885018,0.0017953321358885018,0.0,0.0017953321358885018,0.25,0.341155235,0.490644491,0.831799725,0.282131661,24.41651706,11.31059246,493,574,98,0.2073170731707317,0.6428571428571429,0.3469387755102041,0.01020408163265306,0.036585365853658534,0.14634146341463414,0.11149825783972125,0.11846689895470383,0.0,0.2456445993031359,0.010452961672473868,0.006968641114982578,0.0,0.0017421602787456446,0.0,0.0017421602787456446,0.241,0.338,0.442,0.78,0.293,24.6,11.8,,,,,,,,,
104,MJ Melendez,KCR,131,394.0144404,451,76.5234657,0.20758122742793791,0.6808510638325675,0.29787234048392036,0.03191489361674323,0.037906137184035474,0.12635379062084257,0.12635379062084257,0.11191335740576497,0.0036101083037694015,0.25992779778270514,0.0054151624545454545,0.007220216607538803,0.0,0.010830324909090909,0.0036101083037694015,0.007220216607538803,0.238,0.325497288,0.440082645,0.765579932,0.291021672,25.99277978,11.19133574,412,451,68,0.188470066518847,0.6176470588235294,0.3382352941176471,0.04411764705882353,0.037694013303769404,0.0975609756097561,0.0975609756097561,0.07760532150776053,0.0022172949002217295,0.25055432372505543,0.0066518847006651885,0.0,0.0,0.008869179600886918,0.008869179600886918,0.0,0.206,0.273,0.4,0.674,0.241,25.1,7.8,,,,,,,,,
105,Austin Hays,BAL,134,233.366426,255,50.631768951000005,0.22743682309803923,0.7545454545933942,0.2272727273490358,0.018181818176072596,0.02888086642745098,0.11371841156862744,0.1155234656862745,0.06317689529411764,0.0,0.21841155235294119,0.012635379062745098,0.007220216607843138,0.0018050541529411766,0.009025270756862745,0.003610108301960784,0.005415162454901961,0.25,0.303797468,0.400394477,0.704191946,0.294117647,21.84115523,6.317689531,235,255,55,0.23529411764705882,0.6727272727272727,0.32727272727272727,0.0,0.0196078431372549,0.10196078431372549,0.0784313725490196,0.03529411764705882,0.00392156862745098,0.23137254901960785,0.03137254901960784,0.00784313725490196,0.00392156862745098,0.00784313725490196,0.00784313725490196,0.0,0.255,0.303,0.396,0.699,0.318,23.1,3.5,,,,,,,,,
106,Daulton Varsho,TOR,139,459.0978261,513,84.5706522,0.20652173918128655,0.7252747250304403,0.25274725266928944,0.021978021969186138,0.041666666666666664,0.13043478261208577,0.11956521738791423,0.08333333333333333,0.0018115942027290448,0.23913043469785575,0.010869565218323588,0.007246376810916179,0.0036231884054580897,0.03260869565302144,0.007246376810916179,0.025362318849902536,0.23,0.301818182,0.425101215,0.726919396,0.265306122,23.91304348,8.333333333,459,513,80,0.19103313840155944,0.65,0.2625,0.0875,0.03508771929824561,0.14230019493177387,0.11306042884990253,0.0935672514619883,0.001949317738791423,0.26705653021442494,0.007797270955165692,0.001949317738791423,0.001949317738791423,0.01949317738791423,0.003898635477582846,0.015594541910331383,0.214,0.293,0.407,0.7,0.262,26.7,9.4,,,,,,,,,
107,Matt Chapman,SFG,125,563.6297641,647,102.15789472,0.21052631576506955,0.6896551725454351,0.3103448276503402,0.01149425287412579,0.05263157894899537,0.13611615245749611,0.14700544465224114,0.10707803992272025,0.0,0.27586206893353943,0.012704174228748068,0.007259528131375579,0.0,0.007259528131375579,0.001814882032457496,0.005444646097372489,0.243,0.330909091,0.485416667,0.816325758,0.287128713,27.5862069,10.70780399,575,647,115,0.21947449768160743,0.6434782608695652,0.3391304347826087,0.017391304347826087,0.04173106646058733,0.15146831530139104,0.1205564142194745,0.09891808346213292,0.00463678516228748,0.24420401854714066,0.00927357032457496,0.0030911901081916537,0.0,0.023183925811437404,0.0030911901081916537,0.02009273570324575,0.247,0.328,0.463,0.79,0.293,24.4,9.9,,,,,,,,,
108,Sal Frelick,MIL,133,470.6472727,524,115.280000045,0.2363636364503817,0.7603305782077128,0.21487603296608762,0.03305785122755375,0.016363636364503817,0.11818181818702289,0.09636363635496183,0.08363636364503818,0.00181818181870229,0.1418181818129771,0.009090909091603053,0.007272727272900763,0.00181818181870229,0.027272727270992364,0.007272727272900763,0.02,0.264,0.329690346,0.388663968,0.718354314,0.294403893,14.18181818,8.363636364,475,524,121,0.23473282442748092,0.7851239669421488,0.18181818181818182,0.03305785123966942,0.003816793893129771,0.12595419847328243,0.061068702290076333,0.07442748091603053,0.0,0.14885496183206107,0.007633587786259542,0.0019083969465648854,0.003816793893129771,0.03435114503816794,0.0057251908396946565,0.02862595419847328,0.259,0.32,0.335,0.655,0.306,14.9,7.4,,,,,,,,,
109,Jeimer Candelario,CIN,131,413.1514599,463,87.02372258,0.2244525546436285,0.7184466023333381,0.2621359225242189,0.019417475739981153,0.036496350367170624,0.1204379561987041,0.1313868613174946,0.08759124088552916,0.0018248175183585313,0.21897810215982721,0.01459854014686825,0.007299270073434125,0.0,0.005474452555075594,0.0018248175183585313,0.0036496350367170626,0.252,0.326047359,0.437627812,0.763675171,0.291784703,21.89781022,8.759124088,427,463,76,0.20734341252699784,0.6710526315789473,0.3026315789473684,0.02631578947368421,0.04319654427645788,0.10151187904967603,0.12095032397408208,0.058315334773218146,0.0021598272138228943,0.24622030237580994,0.012958963282937365,0.0064794816414686825,0.0,0.008639308855291577,0.0064794816414686825,0.0021598272138228943,0.225,0.279,0.429,0.707,0.257,24.6,5.8,,,,,,,,,
110,Max Muncy,LAD,129,243.7202925,293,40.70932358,0.19012797075085325,0.7105263157506877,0.27631578937671947,0.026315789474977074,0.05118829982935154,0.14076782450511946,0.14442413163822526,0.14808043877133106,0.003656307129692833,0.25228519194539245,0.012797074955631399,0.007312614259385666,0.0,0.003656307129692833,0.0,0.003656307129692833,0.229,0.351005484,0.47032967,0.821335155,0.259385666,25.2285192,14.80804388,237,293,40,0.18771331058020477,0.575,0.425,0.0,0.051194539249146756,0.16040955631399317,0.16382252559726962,0.15358361774744028,0.010238907849829351,0.2627986348122867,0.017064846416382253,0.020477815699658702,0.0,0.0034129692832764505,0.0,0.0034129692832764505,0.232,0.358,0.494,0.852,0.265,26.3,15.4,,,,,,,,,
111,Josh Lowe,TBR,134,350.7853211,387,73.13944954,0.22018348622739017,0.708737864121475,0.26213592227699994,0.029126213587852497,0.03119266054263566,0.12477064219638243,0.11009174312661499,0.07889908255813953,0.0036697247700258396,0.2825688072351421,0.00550458715503876,0.007339449540051679,0.0018348623850129198,0.042201834857881135,0.009174311927648579,0.03302752294573643,0.242,0.305147059,0.412955466,0.718102524,0.314984709,28.25688073,7.889908257,353,387,75,0.21963824289405684,0.72,0.25333333333333335,0.02666666666666667,0.025839793281653745,0.09560723514211886,0.08785529715762273,0.082687338501292,0.0103359173126615,0.3178294573643411,0.0,0.00516795865633075,0.0,0.06459948320413436,0.002583979328165375,0.06201550387596899,0.241,0.302,0.391,0.693,0.338,31.8,8.3,,,,,,,,,
112,TJ Friedl,CIN,130,301.5816514,341,64.445871559,0.21651376146627566,0.7669902912981411,0.2038834951277038,0.038834951463240557,0.02752293578005865,0.12660550457478006,0.10091743120234604,0.0825688073313783,0.0,0.17431192659824046,0.020183486237536657,0.007339449542521994,0.007339449542521994,0.04036697246334311,0.009174311926686217,0.031192660557184747,0.246,0.32103321,0.400414938,0.721448148,0.27393617,17.43119266,8.256880734,297,341,54,0.19648093841642228,0.8888888888888888,0.09259259259259259,0.018518518518518517,0.03812316715542522,0.10263929618768329,0.16129032258064516,0.07624633431085044,0.0,0.15249266862170088,0.03519061583577713,0.011730205278592375,0.005865102639296188,0.026392961876832845,0.002932551319648094,0.02346041055718475,0.226,0.31,0.38,0.69,0.229,15.2,7.6,,,,,,,,,
113,Edouard Julien,MIN,131,255.0753676,301,54.777573527,0.2095588235215947,0.7474747474861803,0.2323232323119839,0.0202020202018358,0.027573529411960132,0.12867647059800663,0.1011029411627907,0.13602941176079733,0.003676470588039867,0.295955882358804,0.009191176471760798,0.00551470588372093,0.0018382352956810633,0.014705882352159468,0.00551470588372093,0.009191176471760798,0.246,0.355432781,0.403470716,0.758903497,0.34375,29.59558824,13.60294118,266,301,45,0.1760797342192691,0.8,0.2,0.0,0.026578073089700997,0.11960132890365449,0.06976744186046512,0.10963455149501661,0.0,0.3388704318936877,0.006644518272425249,0.0,0.0,0.019933554817275746,0.0,0.019933554817275746,0.199,0.292,0.323,0.616,0.288,33.9,11.0,,,,,,,,,
114,Jazz Chisholm Jr.,MIA,130,555.9319853,621,108.44669118,0.21875,0.7263157894717429,0.23157894737715687,0.04210526316032135,0.0441176470531401,0.14889705882447665,0.12316176470209339,0.08455882352657004,0.0018382352946859906,0.2830882352657005,0.011029411764895329,0.007352941177133656,0.0018382352946859906,0.0643382352979066,0.01286764705958132,0.05147058822866345,0.245,0.314917127,0.453798768,0.768715895,0.303514377,28.30882353,8.455882353,562,621,120,0.2318840579710145,0.7916666666666666,0.175,0.03333333333333333,0.03864734299516908,0.11916264090177134,0.11755233494363929,0.0853462157809984,0.008051529790660225,0.24476650563607086,0.00644122383252818,0.00322061191626409,0.0,0.0644122383252818,0.01610305958132045,0.04830917874396135,0.256,0.324,0.436,0.76,0.309,24.5,8.5,,,,,,,,,
116,Marcell Ozuna,ATL,130,617.1764706,688,120.14705883,0.22977941177325584,0.7578947368061844,0.24210526311058428,0.010526315785969206,0.05514705882267442,0.13602941175872094,0.15441176468023257,0.09007352941860465,0.0036764705886627906,0.2334558824127907,0.005514705882267442,0.005514705882267442,0.001838235293604651,0.001838235293604651,0.001838235293604651,0.0,0.257,0.325966851,0.493852459,0.81981931,0.284431138,23.34558824,9.007352941,606,688,144,0.26598837209302323,0.7847222222222222,0.2152777777777778,0.0,0.056686046511627904,0.13953488372093023,0.1511627906976744,0.10755813953488372,0.0029069767441860465,0.24709302325581395,0.00436046511627907,0.005813953488372093,0.0,0.0014534883720930232,0.0,0.0014534883720930232,0.302,0.378,0.546,0.925,0.359,24.7,10.8,,,,,,,,,
118,Maikel Garcia,KCR,131,570.5608856,626,144.372693701,0.24538745383386582,0.7680000002606587,0.21600000007331027,0.024000000001219067,0.014760147602236422,0.12361623616613418,0.09225092250798722,0.07564575645367412,0.0,0.20110701102236422,0.0036900369009584665,0.007380073800319489,0.0036900369009584665,0.03690036900958466,0.011070110701277955,0.025830258306709264,0.269,0.325323475,0.386639676,0.711963151,0.32808399,20.11070111,7.564575646,575,626,126,0.2124600638977636,0.746031746031746,0.21428571428571427,0.03968253968253968,0.011182108626198083,0.134185303514377,0.0926517571884984,0.0670926517571885,0.0,0.1645367412140575,0.0,0.007987220447284345,0.006389776357827476,0.05910543130990415,0.003194888178913738,0.05591054313099041,0.231,0.281,0.332,0.614,0.268,16.5,6.7,,,,,,,,,
119,Isaac Paredes,TBR,132,560.4306839,641,107.82070245,0.20702402964118566,0.7472527469143752,0.24175824167059115,0.010989010988399474,0.03881700553822153,0.11460258780031202,0.12384473198127925,0.09981515711388456,0.0,0.17375231060842433,0.018484288361934477,0.009242144177847115,0.0018484288361934479,0.0,0.0,0.0,0.236,0.324723247,0.420718816,0.745442063,0.250688705,17.37523105,9.981515712,542,641,110,0.20124804992199688,0.7636363636363637,0.22727272727272727,0.00909090909090909,0.029641185647425898,0.0998439937597504,0.12480499219968799,0.11856474258970359,0.0031201248049922,0.16380655226209048,0.0265210608424337,0.0093603744149766,0.0,0.0015600624024961,0.0015600624024961,0.0,0.238,0.346,0.393,0.739,0.259,16.4,11.9,,,,,,,,,
121,Taylor Ward,LAA,127,581.9666667,663,131.37222227,0.23703703710407242,0.7383177567070015,0.24299065410032053,0.018691588781632018,0.03888888888386124,0.13703703704374057,0.1296296296229261,0.09999999999999999,0.001851851852187029,0.20555555550527904,0.01296296296229261,0.0074074074072398195,0.001851851852187029,0.011111111111613876,0.003703703704374058,0.0074074074072398195,0.271,0.350649351,0.466244726,0.816894076,0.309248555,20.55555556,10.0,585,663,119,0.2171945701357466,0.7647058823529411,0.2184873949579832,0.01680672268907563,0.03770739064856712,0.11010558069381599,0.11312217194570136,0.09502262443438914,0.0,0.2458521870286576,0.010558069381598794,0.012066365007541479,0.0,0.00904977375565611,0.006033182503770739,0.0030165912518853697,0.246,0.323,0.426,0.748,0.294,24.6,9.5,,,,,,,,,
122,Lourdes Gurriel Jr.,ARI,130,508.9648148,553,130.05740735999998,0.2611111110307414,0.7480314963584402,0.22047244099392144,0.015748031500664235,0.025925925931283907,0.12407407406871611,0.1259259259312839,0.05925925925858951,0.0,0.17407407406871608,0.009259259258589512,0.00740740740687161,0.0018518518517179024,0.009259259258589512,0.003703703703435805,0.005555555555153707,0.283,0.330855019,0.428571429,0.759426447,0.323155216,17.40740741,5.925925926,513,553,125,0.2585895117540687,0.808,0.176,0.016,0.0325497287522604,0.1301989150090416,0.13562386980108498,0.05244122965641953,0.0018083182640144665,0.18264014466546113,0.0108499095840868,0.009041591320072333,0.0,0.012658227848101266,0.0018083182640144665,0.0108499095840868,0.279,0.322,0.435,0.757,0.313,18.3,5.2,,,,,,,,,
124,Salvador Perez,KCR,131,600.0814815,652,119.53333330999999,0.229629629601227,0.7676767678018332,0.24242424249015534,0.0,0.04629629630368098,0.10925925926380368,0.14814814814417177,0.04444444444785276,0.00370370370398773,0.2333333332822086,0.01851851851226994,0.009259259259202453,0.0,0.0,0.0,0.0,0.25,0.294776119,0.450704225,0.745480345,0.282051282,23.33333333,4.444444444,590,652,133,0.24539877300613497,0.7894736842105263,0.21052631578947367,0.0,0.04141104294478527,0.08895705521472393,0.15950920245398773,0.06748466257668712,0.013803680981595092,0.19785276073619631,0.01687116564417178,0.009202453987730062,0.0,0.0,0.0,0.0,0.271,0.33,0.456,0.786,0.302,19.8,6.7,,,,,,,,,
125,Tim Anderson,MIA,125,224.903525,241,60.808905379,0.2615955473029046,0.8014705883331175,0.17647058819950215,0.014705882360921818,0.009276437846473029,0.11502782929460581,0.09276437846473029,0.04823747680497925,0.0,0.2133580704979253,0.007421150278008298,0.005565862709543568,0.00185528756846473,0.03339517625311204,0.011131725419087137,0.0222634508340249,0.281,0.319029851,0.363817097,0.682846948,0.352331606,21.33580705,4.823747681,234,241,50,0.2074688796680498,0.94,0.06,0.0,0.0,0.06639004149377593,0.03734439834024896,0.029045643153526972,0.0,0.2821576763485477,0.0,0.0,0.0,0.016597510373443983,0.016597510373443983,0.0,0.214,0.237,0.226,0.463,0.301,28.2,2.9,,,,,,,,,
126,Javier Baez,DET,132,267.5528757,289,58.979591834000004,0.23005565861591695,0.7545454545574771,0.20909090901661526,0.027272727277043093,0.025974025972318338,0.11688311688581315,0.10946196660899654,0.05009276439446367,0.0,0.23933209647058823,0.012987012986159169,0.007421150276816608,0.001855287570934256,0.025974025972318338,0.009276437847750865,0.016697588124567474,0.248,0.294227188,0.388777555,0.683004743,0.305555556,23.93320965,5.009276438,272,289,44,0.17301038062283736,0.7272727272727273,0.2727272727272727,0.0,0.020761245674740483,0.08650519031141868,0.12802768166089964,0.04152249134948097,0.0034602076124567475,0.23875432525951557,0.006920415224913495,0.010380622837370242,0.0,0.02768166089965398,0.0034602076124567475,0.02422145328719723,0.184,0.221,0.294,0.516,0.22,23.9,4.2,,,,,,,,,
127,Jorge Polanco,SEA,125,413.7719626,469,80.65046729000001,0.21308411215351813,0.739130434739481,0.24999999996900202,0.02173913043424351,0.04112149533049041,0.1233644859914712,0.12523364486140726,0.100934579445629,0.0018691588784648186,0.23551401876332623,0.007476635513859274,0.007476635513859274,0.0,0.013084112149253733,0.003738317756929637,0.009345794392324094,0.242,0.322097378,0.440677966,0.762775344,0.280487805,23.55140187,10.09345794,417,469,73,0.18976545842217485,0.8493150684931506,0.1506849315068493,0.0,0.03411513859275053,0.09168443496801706,0.09594882729211088,0.09808102345415778,0.006396588486140725,0.2921108742004264,0.008528784648187633,0.0042643923240938165,0.0,0.008528784648187633,0.0042643923240938165,0.0042643923240938165,0.213,0.296,0.355,0.651,0.274,29.2,9.8,,,,,,,,,
128,Zach Neto,LAA,132,539.9962547,602,114.98876407000002,0.22471910116279073,0.7450980390383457,0.23529411763682762,0.01960784313350347,0.03370786516611295,0.12359550561461795,0.11797752808970098,0.0674157303322259,0.0018726591760797342,0.23033707857142857,0.0262172284717608,0.005617977528239203,0.0037453183521594683,0.01310861423255814,0.005617977528239203,0.007490636704318937,0.251,0.319548872,0.4217119,0.741260772,0.299120235,23.03370787,6.741573034,542,602,112,0.22425249169435216,0.6875,0.30357142857142855,0.008928571428571428,0.03820598006644518,0.11627906976744186,0.12790697674418605,0.06478405315614617,0.0016611295681063123,0.23255813953488372,0.026578073089700997,0.0016611295681063123,0.006644518272425249,0.04983388704318937,0.016611295681063124,0.03322259136212625,0.249,0.318,0.443,0.761,0.295,23.3,6.5,,,,,,,,,
129,Kerry Carpenter,DET,129,267.7303371,296,57.09363295,0.22846441945945944,0.7184466020216708,0.24271844659343927,0.038834951454950285,0.03558052435810811,0.1217228464527027,0.1254681647972973,0.07490636702702703,0.005617977527027027,0.24157303371621622,0.014981273408783784,0.0074906367027027035,0.0,0.011235955057432433,0.0037453183513513517,0.0074906367027027035,0.253,0.317757009,0.438923395,0.756680405,0.303834808,24.15730337,7.490636704,264,296,57,0.2533783783783784,0.631578947368421,0.2807017543859649,0.08771929824561403,0.060810810810810814,0.125,0.19256756756756757,0.07432432432432433,0.0033783783783783786,0.2533783783783784,0.013513513513513514,0.010135135135135136,0.0,0.0,0.006756756756756757,-0.006756756756756757,0.284,0.345,0.587,0.932,0.328,25.3,7.4,,,,,,,,,
130,Christopher Morel,CHC,129,549.097561,611,103.17073171,0.21575984991816693,0.7111111111068033,0.2555555555630943,0.022222222223299185,0.04690431520458265,0.13508442777414076,0.13508442777414076,0.08442776734860884,0.0018761726072013092,0.3076923076923077,0.00750469043207856,0.00562851782324059,0.00562851782324059,0.02626641651391162,0.00750469043207856,0.018761726072013096,0.24,0.308851224,0.450939457,0.759790681,0.307167235,30.76923077,8.442776735,535,611,84,0.1718494271685761,0.8333333333333334,0.13095238095238096,0.03571428571428571,0.03436988543371522,0.09165302782324058,0.09819967266775777,0.09983633387888707,0.004909983633387889,0.2602291325695581,0.016366612111292964,0.008183306055646482,0.0,0.01309328968903437,0.011456628477905073,0.0016366612111292963,0.196,0.288,0.346,0.634,0.233,26.0,10.0,,,,,,,,,
132,Alex Verdugo,NYY,125,562.5254237,621,133.32203393999998,0.24105461400966183,0.7543859647780589,0.2368421052157855,0.017543859644780335,0.026365348405797105,0.12052730697262479,0.11487758945249597,0.07721280602254428,0.0037664783429951693,0.1487758945410628,0.009416195856682769,0.007532956685990339,0.0,0.009416195856682769,0.0037664783429951693,0.0056497175136876005,0.267,0.327683616,0.41995842,0.747642036,0.290816327,14.87758945,7.721280603,559,621,117,0.20933977455716588,0.7521367521367521,0.23931623931623933,0.008547008547008548,0.020933977455716585,0.11916264090177134,0.09822866344605476,0.07890499194847021,0.0,0.1497584541062802,0.001610305958132045,0.01610305958132045,0.00322061191626409,0.00322061191626409,0.001610305958132045,0.001610305958132045,0.233,0.291,0.356,0.647,0.253,15.0,7.9,,,,,,,,,
133,Luis Rengifo,LAA,132,276.519774,304,60.11299435000001,0.22787193973684214,0.7714285714998657,0.19999999999999996,0.028571428566675616,0.03013182674342105,0.12429378529605263,0.10922787194078946,0.07156308851973685,0.0018832391710526316,0.17890772128289473,0.00941619585526316,0.007532956684210526,0.0018832391710526316,0.022598870055921053,0.007532956684210526,0.015065913371710525,0.25,0.309433962,0.405797101,0.715231064,0.279255319,17.89077213,7.156308851,283,304,79,0.27960526315789475,0.8227848101265823,0.16455696202531644,0.012658227848101266,0.019736842105263157,0.13486842105263158,0.09868421052631579,0.05263157894736842,0.0,0.14473684210526316,0.013157894736842105,0.0,0.003289473684210526,0.07894736842105263,0.023026315789473683,0.05592105263157895,0.3,0.347,0.417,0.763,0.339,14.5,5.3,,,,,,,,,
134,Jonathan India,CIN,123,554.8064516,637,122.08159395999999,0.22201138524332809,0.7425742572602958,0.23762376234623012,0.009900990098442192,0.030360531302982732,0.1271347248508634,0.11954459202511773,0.09297912712715856,0.0018975332072213502,0.20872865274725275,0.02656546489795918,0.007590132827315542,0.0018975332072213502,0.020872865274725275,0.007590132827315542,0.013282732447409731,0.255,0.342205323,0.413943355,0.756148678,0.299703264,20.87286528,9.297912713,533,637,117,0.20722135007849293,0.7435897435897436,0.23931623931623933,0.017094017094017096,0.023547880690737835,0.13186813186813187,0.09105180533751962,0.12558869701726844,0.0,0.19623233908948196,0.023547880690737835,0.01098901098901099,0.0031397174254317113,0.02040816326530612,0.0031397174254317113,0.01726844583987441,0.248,0.357,0.392,0.75,0.293,19.6,12.6,,,,,,,,,
135,Nolan Gorman,STL,129,356.1444867,402,62.669201519999994,0.20342205323383084,0.7195121950869241,0.26829268288401836,0.01219512194927356,0.04752851711442786,0.12357414447761193,0.14258555131840794,0.09695817490049752,0.003802281368159204,0.3098859315920398,0.009505703422885573,0.005703422052238807,0.0,0.009505703422885573,0.003802281368159204,0.005703422052238807,0.23,0.31047619,0.442060086,0.752536276,0.291814947,30.98859316,9.69581749,365,402,55,0.18407960199004975,0.7272727272727273,0.2727272727272727,0.0,0.0472636815920398,0.1044776119402985,0.12437810945273632,0.0845771144278607,0.0024875621890547263,0.3756218905472637,0.0024875621890547263,0.004975124378109453,0.0,0.014925373134328358,0.0024875621890547263,0.012437810945273632,0.203,0.271,0.4,0.671,0.279,37.6,8.5,,,,,,,,,
136,Brandon Drury,LAA,127,329.8859316,360,66.38783269999999,0.22623574144444444,0.7319587628291412,0.24742268036112594,0.010309278344614497,0.04182509505555555,0.12167300380555557,0.13117870722222222,0.06463878327777778,0.0,0.24524714827777777,0.011406844105555555,0.0057034220527777775,0.0,0.003802281369444445,0.0019011406833333334,0.0019011406833333334,0.246,0.302857143,0.435684647,0.73854179,0.290419162,24.52471483,6.463878327,325,360,51,0.1527777777777778,0.8627450980392157,0.13725490196078433,0.0,0.011111111111111112,0.07777777777777778,0.041666666666666664,0.075,0.0,0.225,0.013888888888888888,0.008333333333333333,0.0,0.002777777777777778,0.0,0.002777777777777778,0.169,0.242,0.228,0.469,0.21,22.5,7.5,,,,,,,,,
137,J.T. Realmuto,PHI,133,368.9466667,413,79.45333333,0.23238095237288137,0.7227722772999988,0.24752475252758535,0.029702970298275837,0.04,0.13714285714285715,0.13142857142857142,0.07428571428571429,0.003809523808716707,0.24190476191283294,0.015238095237288135,0.007619047619854721,0.0,0.032380952372881355,0.009523809523002422,0.022857142857142857,0.261,0.325,0.460554371,0.785554371,0.310769231,24.19047619,7.428571429,380,413,87,0.24455205811138014,0.7816091954022989,0.20689655172413793,0.011494252873563218,0.03389830508474576,0.12106537530266344,0.11380145278450363,0.06537530266343826,0.002421307506053269,0.2469733656174334,0.012106537530266344,0.002421307506053269,0.0,0.004842615012106538,0.004842615012106538,0.0,0.266,0.322,0.429,0.751,0.328,24.7,6.5,,,,,,,,,
139,Jarren Duran,BOS,129,668.8218391,735,154.88505744,0.23946360149659865,0.7090909091895159,0.2545454546205836,0.045454545463349635,0.02873563219047619,0.13984674326530613,0.1072796934829932,0.0727969348707483,0.001915708812244898,0.2490421455782313,0.011494252873469387,0.0057471264367346935,0.001915708812244898,0.05555555555102041,0.009578544061224489,0.045977011496598635,0.263,0.323754789,0.44,0.763754789,0.33033033,24.90421456,7.279693487,671,735,170,0.2598639455782313,0.6352941176470588,0.2823529411764706,0.08235294117647059,0.02857142857142857,0.1510204081632653,0.10204081632653061,0.07346938775510205,0.0013605442176870747,0.21768707482993196,0.00816326530612245,0.004081632653061225,0.0013605442176870747,0.04625850340136054,0.009523809523809525,0.036734693877551024,0.285,0.342,0.492,0.834,0.345,21.8,7.3,,,,,,,,,
140,Ryan Mountcastle,BAL,125,458.3435701,507,103.15163152,0.24376199625246547,0.7735849053878349,0.21698113195291902,0.018867924523546114,0.04030710173570019,0.12476007678500986,0.13435700575936885,0.07869481765285996,0.0057581573905325445,0.23416506725838265,0.00767754318540434,0.00959692898224852,0.0,0.00767754318540434,0.0019193857968441816,0.0057581573905325445,0.27,0.330134357,0.462845011,0.792979368,0.318318318,23.41650672,7.869481766,473,507,115,0.252465483234714,0.7217391304347827,0.2608695652173913,0.017391304347826087,0.02564102564102564,0.10650887573964497,0.1242603550295858,0.05325443786982249,0.0,0.22485207100591717,0.0019723865877712033,0.011834319526627219,0.0,0.005917159763313609,0.0,0.005917159763313609,0.271,0.308,0.425,0.733,0.327,22.5,5.3,,,,,,,,,
141,Eloy Jimenez,CHW,125,318.1861804,349,71.00575814999999,0.24568138194842404,0.7830188680268321,0.2169811321140017,0.00943396226521384,0.04222648753581661,0.12092130518624641,0.1305182341547278,0.07293666025787965,0.0019193857965616045,0.1996161228366762,0.007677543186246418,0.007677543186246418,0.0,0.0,0.0,0.0,0.269,0.326295585,0.463157895,0.78945348,0.300283286,19.96161228,7.293666027,324,349,71,0.22063037249283668,0.8028169014084507,0.19718309859154928,0.0,0.017191977077363897,0.07163323782234957,0.0659025787965616,0.06303724928366762,0.0028653295128939827,0.20057306590257878,0.0057306590257879654,0.0028653295128939827,0.0,0.008595988538681949,0.0,0.008595988538681949,0.238,0.289,0.336,0.626,0.285,20.1,6.3,,,,,,,,,
142,Jack Suwinski,PIT,128,239.105973,277,41.09633911,0.19267822736462095,0.7012987013966655,0.27272727285999854,0.02597402598666653,0.044315992310469315,0.12716763007220216,0.1348747591696751,0.11946050097472925,0.0038535645487364624,0.3082851637906137,0.009633911368231047,0.005780346819494585,0.0019267822743682312,0.01734104046209386,0.0038535645487364624,0.01348747591696751,0.223,0.322393822,0.433035714,0.755429537,0.287313433,30.82851638,11.9460501,247,277,36,0.1624548736462094,0.7777777777777778,0.2222222222222222,0.0,0.032490974729241874,0.10469314079422383,0.09386281588447654,0.09747292418772563,0.007220216606498195,0.2851985559566787,0.0036101083032490976,0.0036101083032490976,0.0036101083032490976,0.032490974729241874,0.0036101083032490976,0.02888086642599278,0.182,0.264,0.324,0.588,0.225,28.5,9.7,,,,,,,,,
143,Brent Rooker,OAK,128,541.6949807,614,94.82625482,0.19691119690553746,0.7250000000580009,0.2624999999973636,0.012499999997363597,0.042471042475570035,0.11003861003257329,0.1293436293485342,0.09266409267100977,0.003861003861563518,0.3262548262214984,0.017374517377850163,0.007722007721498371,0.0019305019299674267,0.005791505791530945,0.0019305019299674267,0.003861003861563518,0.224,0.306949807,0.417943107,0.724892914,0.296296296,32.62548263,9.266409266,546,614,121,0.26058631921824105,0.768595041322314,0.21487603305785125,0.01652892561983471,0.06351791530944625,0.13355048859934854,0.18241042345276873,0.09609120521172639,0.006514657980456026,0.28827361563517917,0.008143322475570033,0.006514657980456026,0.0,0.017915309446254073,0.004885993485342019,0.013029315960912053,0.293,0.365,0.562,0.927,0.362,28.8,9.6,,,,,,,,,
144,Chas McCormick,HOU,130,236.0135397,267,49.578336556,0.2205029013483146,0.7812500001134569,0.19791666666582627,0.020833333341737544,0.034816247580524345,0.13346228239700375,0.11411992262172285,0.09477756284644194,0.0019342359775280898,0.25531914895131086,0.01353965183895131,0.007736943906367041,0.0019342359775280898,0.029013539651685395,0.009671179883895131,0.019342359767790262,0.248,0.328820116,0.417943107,0.746763223,0.308681672,25.53191489,9.477756286,242,267,46,0.19101123595505617,0.8478260869565217,0.13043478260869565,0.021739130434782608,0.018726591760299626,0.1198501872659176,0.10112359550561797,0.06367041198501873,0.0,0.2696629213483146,0.0149812734082397,0.011235955056179775,0.003745318352059925,0.0299625468164794,0.00749063670411985,0.02247191011235955,0.211,0.271,0.306,0.576,0.274,27.0,6.4,,,,,,,,,
145,Will Smith,LAD,125,468.0930233,544,103.31782948,0.23449612408088236,0.734693877349542,0.25510204078669735,0.020408163262935784,0.044573643419117646,0.14147286821691174,0.14534883720588238,0.10658914727941177,0.0038759689926470588,0.16666666667279412,0.02131782944852941,0.011627906976102942,0.0,0.0038759689926470588,0.0019379844963235294,0.0019379844963235294,0.273,0.362403101,0.495495495,0.857898596,0.287390029,16.66666667,10.65891473,476,544,98,0.21691176470588236,0.7346938775510204,0.24489795918367346,0.02040816326530612,0.03676470588235294,0.14154411764705882,0.13786764705882354,0.09375,0.011029411764705883,0.19301470588235295,0.016544117647058824,0.014705882352941176,0.0,0.001838235294117647,0.001838235294117647,0.0,0.248,0.327,0.433,0.76,0.273,19.3,9.4,,,,,,,,,
146,Max Kepler,MIN,126,349.5116279,399,71.13953488,0.21705426355889726,0.728260869534659,0.2608695651623861,0.021739130437227284,0.03875968992481203,0.1240310077443609,0.1240310077443609,0.10465116278195488,0.0019379844962406014,0.1957364341102757,0.011627906977443609,0.0077519379849624055,0.0,0.0077519379849624055,0.0019379844962406014,0.0058139534887218045,0.248,0.333333333,0.444690265,0.778023599,0.274626866,19.57364341,10.46511628,368,399,85,0.23308270676691728,0.7411764705882353,0.24705882352941178,0.011764705882352941,0.020050125313283207,0.10776942355889724,0.10526315789473684,0.05513784461152882,0.0,0.20050125313283207,0.012531328320802004,0.007518796992481203,0.0,0.002506265664160401,0.0,0.002506265664160401,0.253,0.302,0.38,0.682,0.3,20.1,5.5,,,,,,,,,
148,Jackson Chourio,MIL,126,536.1403509,573,121.74853796000001,0.23781676404886562,0.7431192663662604,0.22935779827741595,0.027522935791647184,0.025341130610820245,0.11695906432809773,0.11111111111692844,0.05263157895287958,0.0038986354781849913,0.22222222216404888,0.0058479532164048866,0.0058479532164048866,0.0019493177382198953,0.03313840155322862,0.0058479532164048866,0.027290448342059338,0.255,0.296296296,0.4,0.696296296,0.306179775,22.22222222,5.263157895,528,573,124,0.2530541012216405,0.7338709677419355,0.23387096774193547,0.03225806451612903,0.03664921465968586,0.13961605584642234,0.13787085514834205,0.06806282722513089,0.006980802792321117,0.2111692844677138,0.005235602094240838,0.0034904013961605585,0.0017452006980802793,0.038394415357766144,0.012216404886561954,0.02617801047120419,0.275,0.327,0.464,0.791,0.32,21.1,6.8,,,,,,,,,
149,Lars Nootbaar,STL,122,347.2558594,405,74.35546875,0.21875,0.7553191490034147,0.2234042553863935,0.02127659574468085,0.03515625,0.1328125,0.11914062501234567,0.12890625,0.00390625,0.19726562501234568,0.005859375,0.005859375,0.001953125,0.015625,0.00390625,0.01171875,0.256,0.354207436,0.435079727,0.789287163,0.291021672,19.7265625,12.890625,348,405,73,0.20987654320987653,0.7123287671232876,0.2465753424657534,0.0410958904109589,0.02962962962962963,0.0962962962962963,0.1111111111111111,0.12839506172839507,0.0049382716049382715,0.19506172839506172,0.0024691358024691358,0.007407407407407408,0.0024691358024691358,0.01728395061728395,0.007407407407407408,0.009876543209876543,0.244,0.342,0.417,0.758,0.281,19.5,12.8,,,,,,,,,
150,Justin Turner,TOR,120,483.0958904,539,104.42465751,0.22113502931354362,0.7575757577411661,0.23232323235225136,0.0,0.027397260278293138,0.10763209393320965,0.11741682974025974,0.07632093933209647,0.0,0.18003913894248608,0.0156555772987013,0.009784735812615955,0.0019569471632653063,0.003913894324675325,0.0019569471632653063,0.0019569471632653063,0.247,0.31372549,0.386462882,0.700188372,0.277310924,18.00391389,7.632093933,460,539,108,0.22077922077922077,0.7777777777777778,0.2222222222222222,0.0,0.02040816326530612,0.10946196660482375,0.10204081632653061,0.10946196660482375,0.0037105751391465678,0.17625231910946196,0.02411873840445269,0.012987012987012988,0.0,0.0,0.0037105751391465678,-0.0037105751391465678,0.259,0.354,0.383,0.737,0.299,17.6,10.9,,,,,,,,,
151,Brendan Rodgers,COL,122,491.4411765,539,124.70980388000001,0.2627450979591837,0.7542372883571244,0.237288135650302,0.008474576273225072,0.031372549016697594,0.1235294117625232,0.1294117647124304,0.0686274509833024,0.0019607843135435996,0.18627450983302413,0.011764705883116882,0.007843137254174399,0.0,0.0,0.0,0.0,0.287,0.343137255,0.455913978,0.799051233,0.329608939,18.62745098,6.862745098,501,539,121,0.24860853432282004,0.7520661157024794,0.2396694214876033,0.008264462809917356,0.02411873840445269,0.12430426716141002,0.10018552875695733,0.0575139146567718,0.0018552875695732839,0.24489795918367346,0.0074211502782931356,0.0037105751391465678,0.0018552875695732839,0.0018552875695732839,0.0,0.0018552875695732839,0.267,0.314,0.407,0.721,0.338,24.5,5.8,,,,,,,,,
152,Mark Canha,DET,127,398.5882353,462,90.588235318,0.2176470588744589,0.7499999997957792,0.22999999996533765,0.019999999996025974,0.02156862745021645,0.12156862744588745,0.1,0.09607843136363636,0.0,0.17058823530303033,0.035294117640692645,0.007843137255411255,0.0019607843138528137,0.011764705883116882,0.003921568627705627,0.007843137255411255,0.252,0.348336595,0.388636364,0.736972959,0.289017341,17.05882353,9.607843137,393,462,88,0.20562770562770563,0.7727272727272727,0.22727272727272727,0.0,0.015151515151515152,0.09956709956709957,0.09090909090909091,0.11038961038961038,0.004329004329004329,0.2077922077922078,0.02813852813852814,0.010822510822510822,0.0,0.015151515151515152,0.0,0.015151515151515152,0.242,0.344,0.346,0.69,0.298,20.8,11.0,,,,,,,,,
153,Parker Meadows,DET,123,269.9529412,298,53.172549018999995,0.20392156862416105,0.7252747252387652,0.23076923086037093,0.05494505493720161,0.025490196077181206,0.11372549020134229,0.09803921567114093,0.07843137255033557,0.001960784312080537,0.25294117647651004,0.007843137255033559,0.005882352939597315,0.003921568627516779,0.02352941176510067,0.005882352939597315,0.01764705882214765,0.226,0.290766208,0.378787879,0.669554087,0.281733746,25.29411765,7.843137255,270,298,57,0.2214765100671141,0.6842105263157895,0.21052631578947367,0.10526315789473684,0.030201342281879196,0.13087248322147652,0.09395973154362416,0.08389261744966443,0.0,0.2550335570469799,0.003355704697986577,0.003355704697986577,0.003355704697986577,0.030201342281879196,0.013422818791946308,0.016778523489932886,0.244,0.31,0.433,0.743,0.306,25.5,8.4,,,,,,,,,
154,Jarred Kelenic,ATL,126,401.4588235,449,82.75686274,0.21764705881959912,0.702127659582181,0.2765957447168447,0.021276595749308607,0.03333333334075724,0.1352941176391982,0.11568627449888641,0.09019607844097996,0.005882352942093542,0.2764705881959911,0.00784313725389755,0.005882352942093542,0.0,0.03137254902004454,0.00784313725389755,0.02352941175946548,0.243,0.316306483,0.421052632,0.737359115,0.312292359,27.64705882,9.019607843,412,449,80,0.21158129175946547,0.75,0.225,0.025,0.0334075723830735,0.1091314031180401,0.10022271714922049,0.07126948775055679,0.0022271714922048997,0.2962138084632517,0.0022271714922048997,0.0066815144766146995,0.0022271714922048997,0.015590200445434299,0.004454342984409799,0.011135857461024499,0.231,0.286,0.393,0.679,0.3,29.6,7.1,,,,,,,,,
156,DJ LeMahieu,NYY,119,202.4675835,228,47.033398825,0.22396856583333333,0.8095238094883737,0.18095238093820665,0.009523809530896687,0.01768172888157895,0.11394891942982456,0.09626719057017545,0.09823182710526317,0.0,0.18664047149122806,0.005893909627192982,0.005893909627192982,0.0019646365438596492,0.003929273083333333,0.0019646365438596492,0.0019646365438596492,0.252,0.328740157,0.35840708,0.687147237,0.299145299,18.66404715,9.823182711,201,228,39,0.17982456140350878,0.8717948717948718,0.1282051282051282,0.0,0.008771929824561403,0.08333333333333333,0.11403508771929824,0.08333333333333333,0.0,0.15350877192982457,0.0043859649122807015,0.02631578947368421,0.0043859649122807015,0.0,0.0043859649122807015,-0.0043859649122807015,0.204,0.269,0.259,0.527,0.229,15.4,8.3,,,,,,,,,
157,Anthony Rizzo,NYY,120,324.1650295,375,61.88605108,0.20432220040000001,0.7499999999999999,0.22619047613661375,0.01190476189937566,0.03929273085333333,0.12377210216,0.12377210216,0.09233791749333334,0.003929273085333334,0.19646365421333334,0.03339882122666667,0.007858546168,0.0019646365413333333,0.009823182712,0.0058939096266666675,0.003929273085333334,0.235,0.330708661,0.418181818,0.74889048,0.259259259,19.64636542,9.233791749,337,375,69,0.20533333333333334,0.8260869565217391,0.17391304347826086,0.0,0.021333333333333333,0.10133333333333333,0.09333333333333334,0.072,0.0,0.17333333333333334,0.024,0.005333333333333333,0.0,0.0,0.0,0.0,0.228,0.301,0.335,0.637,0.259,17.3,7.2,,,,,,,,,
158,Tyler O'Neill,BOS,125,420.7554241,473,84.89743591,0.2248520710359408,0.7362637361187649,0.2417582416948168,0.0219780219743977,0.04536489152219873,0.13806706114164904,0.13214990137420718,0.09072978304439747,0.0,0.26627218942917547,0.011834319526427061,0.0059171597632135305,0.0,0.029585798816067654,0.007889546350951375,0.02169625247357294,0.252,0.328063241,0.463414634,0.791477875,0.307432432,26.62721893,9.072978304,411,473,68,0.20930232558139536,0.7352941176470589,0.2647058823529412,0.0,0.06553911205073996,0.15644820295983086,0.12896405919661733,0.11205073995771671,0.010570824524312896,0.3361522198731501,0.014799154334038054,0.004228329809725159,0.0,0.008456659619450317,0.0,0.008456659619450317,0.241,0.336,0.511,0.847,0.305,33.6,11.2,,,,,,,,,
159,Orlando Arcia,ATL,128,550.9428008,602,118.73767256000001,0.22287968438538208,0.7900000001482259,0.2000000000673754,0.01000000000336877,0.025641025647840533,0.11439842209302326,0.11242603549833888,0.07100591715946844,0.0,0.1952662722591362,0.005917159764119601,0.005917159764119601,0.0019723865880398673,0.0039447731760797345,0.0019723865880398673,0.0019723865880398673,0.245,0.300395257,0.375,0.675395257,0.281690141,19.52662722,7.100591716,551,602,103,0.19933554817275748,0.7669902912621359,0.23300970873786409,0.0,0.02823920265780731,0.08305647840531562,0.07641196013289037,0.0681063122923588,0.0016611295681063123,0.21262458471760798,0.0033222591362126247,0.011627906976744186,0.0016611295681063123,0.0033222591362126247,0.0,0.0033222591362126247,0.218,0.271,0.354,0.625,0.249,21.3,6.8,,,,,,,,,
160,Cal Raleigh,SEA,128,560.9802372,628,91.8418972,0.19762845843949045,0.7027027029881521,0.2972972974473789,0.013513513514396346,0.05138339920382166,0.11660079050955413,0.14031620554140126,0.0909090909076433,0.0019762845843949045,0.27667984187898087,0.007905138339171974,0.007905138339171974,0.0,0.0019762845843949045,0.0,0.0019762845843949045,0.222,0.296442688,0.449115044,0.745557732,0.255172414,27.66798419,9.090909091,546,628,86,0.1910828025477707,0.813953488372093,0.18604651162790697,0.0,0.054140127388535034,0.11624203821656051,0.1592356687898089,0.11146496815286625,0.006369426751592357,0.2802547770700637,0.009554140127388535,0.009554140127388535,0.0,0.009554140127388535,0.0015923566878980893,0.007961783439490446,0.22,0.312,0.436,0.748,0.251,28.0,11.1,,,,,,,,,
161,Keibert Ruiz,WSN,124,441.35,485,100.88,0.236,0.75,0.2403846153846154,0.0,0.028,0.104,0.12000000000000001,0.064,0.002,0.106,0.014,0.008,0.002,0.002,0.002,0.0,0.259,0.315261044,0.404395604,0.719656649,0.265306122,10.6,6.4,459,485,92,0.21649484536082475,0.7717391304347826,0.22826086956521738,0.0,0.026804123711340205,0.09484536082474226,0.11752577319587629,0.032989690721649485,0.0,0.11134020618556702,0.010309278350515464,0.010309278350515464,0.0,0.006185567010309278,0.002061855670103093,0.004123711340206186,0.229,0.26,0.359,0.619,0.232,11.1,3.3,,,,,,,,,
163,Jackson Holliday,BAL,118,185.8813906,208,44.237218811000005,0.2310838445673077,0.7500000000395595,0.221153846171887,0.028846153856369745,0.01840490797596154,0.11860940697115385,0.09611451942307693,0.09406952966346155,0.004089979548076923,0.21472392639423077,0.006134969326923077,0.004089979548076923,0.0020449897740384615,0.02249488752403846,0.004089979548076923,0.01840490797596154,0.258,0.331967213,0.386727689,0.718694902,0.32,21.47239264,9.406952965,190,208,31,0.17307692307692307,0.8064516129032258,0.12903225806451613,0.06451612903225806,0.02403846153846154,0.1346153846153846,0.11057692307692307,0.07211538461538461,0.0,0.3317307692307692,0.009615384615384616,0.004807692307692308,0.0,0.019230769230769232,0.0,0.019230769230769232,0.189,0.255,0.311,0.565,0.265,33.2,7.2,,,,,,,,,
164,Colt Keith,DET,119,507.1083845,556,110.29038851,0.22494887517985612,0.7216494847398558,0.23711340211326634,0.04123711341888717,0.026584867068345324,0.11042944785971223,0.11247443762589927,0.07361963190647482,0.002044989775179856,0.23517382410071944,0.006134969325539569,0.006134969325539569,0.002044989775179856,0.006134969325539569,0.002044989775179856,0.004089979550359712,0.246,0.305327869,0.403587444,0.708915313,0.302180685,23.51738241,7.36196319,516,556,121,0.24100719424460432,0.8429752066115702,0.12396694214876033,0.03305785123966942,0.023381294964028777,0.09712230215827339,0.10971223021582734,0.06474820143884892,0.0035971223021582736,0.19784172661870503,0.0035971223021582736,0.0035971223021582736,0.0,0.012589928057553957,0.0017985611510791368,0.01079136690647482,0.26,0.309,0.38,0.689,0.306,19.8,6.5,,,,,,,,,
165,Brandon Marsh,PHI,125,419.1934156,476,91.08641978,0.21604938277310926,0.7311827955348362,0.22580645149603443,0.032258064507275336,0.024691358025210084,0.12551440329831934,0.10288065844537815,0.10288065844537815,0.0041152263382352935,0.30658436218487395,0.008230452674369748,0.006172839506302521,0.0041152263382352935,0.02674897119747899,0.006172839506302521,0.02057613168697479,0.246,0.327835052,0.390186916,0.718021967,0.344444444,30.65843621,10.28806584,418,476,88,0.2184873949579832,0.7727272727272727,0.19318181818181818,0.03409090909090909,0.03361344537815126,0.11554621848739496,0.12605042016806722,0.10504201680672269,0.0,0.3235294117647059,0.004201680672268907,0.01050420168067227,0.0021008403361344537,0.03991596638655462,0.0063025210084033615,0.03361344537815126,0.249,0.328,0.419,0.747,0.348,32.4,10.5,,,,,,,,,
166,Masyn Winn,STL,121,587.1934156,637,131.06995882,0.22633744850863424,0.7500000001907378,0.22000000007324333,0.030000000003051804,0.02057613167974882,0.11728395061224489,0.09670781893249607,0.061728395054945054,0.0,0.20576131679748821,0.006172839505494506,0.006172839505494506,0.004115226337519623,0.03086419753532182,0.006172839505494506,0.024691358021978024,0.245,0.295454545,0.375,0.670454545,0.293255132,20.57613169,6.172839506,587,637,142,0.24646781789638933,0.7394366197183099,0.22535211267605634,0.035211267605633804,0.023547880690737835,0.13343799058084774,0.08948194662480377,0.06436420722135008,0.0015698587127158557,0.17111459968602827,0.0015698587127158557,0.007849293563579277,0.004709576138147566,0.01726844583987441,0.007849293563579277,0.009419152276295133,0.267,0.314,0.416,0.73,0.303,17.1,6.4,,,,,,,,,
167,Noelvi Marte,CIN,120,220.5884774,242,51.786008234,0.24279835392561983,0.7499999998937937,0.23076923067713578,0.01923076923596814,0.028806584363636364,0.12345679012396694,0.1193415638016529,0.0720164609090909,0.004115226338842975,0.20781893004132232,0.008230452673553719,0.006172839504132231,0.0020576131694214875,0.028806584363636364,0.006172839504132231,0.0226337448553719,0.266,0.32371134,0.424379233,0.748090573,0.314199396,20.781893,7.201646091,229,242,44,0.19834710743801653,0.7954545454545454,0.20454545454545456,0.0,0.01652892561983471,0.09917355371900827,0.0743801652892562,0.0371900826446281,0.0,0.30991735537190085,0.012396694214876033,0.004132231404958678,0.0,0.0371900826446281,0.012396694214876033,0.024793388429752067,0.21,0.248,0.301,0.549,0.291,31.0,3.7,,,,,,,,,
168,J.D. Martinez,,108,446.1111111,495,92.68518521,0.23045267494949495,0.714285714054517,0.2747252746197539,0.010989010991263681,0.043209876545454544,0.12139917694949495,0.1440329218181818,0.08024691357575757,0.004115226337373738,0.27572016464646465,0.008230452674747476,0.008230452674747476,0.0,0.0,0.0,0.0,0.255,0.319587629,0.461187215,0.780774843,0.317073171,27.57201646,8.024691358,434,495,86,0.20606060606060606,0.7093023255813954,0.27906976744186046,0.011627906976744186,0.03232323232323232,0.09292929292929293,0.1393939393939394,0.09898989898989899,0.0,0.28484848484848485,0.012121212121212121,0.00404040404040404,0.0,0.0,0.0,0.0,0.235,0.32,0.406,0.725,0.308,28.5,9.9,,,,,,,,,
169,Leody Taveras,TEX,123,484.1880165,529,107.11157021,0.2293388429111531,0.7551020410906923,0.22448979604030772,0.030612244910343752,0.026859504139886577,0.12809917355387523,0.10330578512287335,0.07024793387523628,0.0020661157032136105,0.2293388429111531,0.0041322314045368624,0.0061983471077504725,0.0041322314045368624,0.039256198355387524,0.008264462809073725,0.03099173553875236,0.252,0.304979253,0.404063205,0.709042459,0.304347826,22.9338843,7.024793388,480,529,98,0.20793950850661624,0.7959183673469388,0.17346938775510204,0.030612244897959183,0.022684310018903593,0.11153119092627599,0.0831758034026465,0.07939508506616257,0.0,0.21172022684310018,0.0,0.007561436672967864,0.005671077504725898,0.043478260869565216,0.011342155009451797,0.03213610586011342,0.229,0.289,0.352,0.641,0.272,21.2,7.9,,,,,,,,,
171,Carlos Santana,MIN,115,519.1363636,594,99.40909092000001,0.19628099175084177,0.740740740696032,0.23456790122711643,0.012345679008247385,0.028925619831649832,0.10950413223905724,0.10743801653198654,0.11157024792929293,0.002066115702020202,0.17355371902356903,0.004132231405723905,0.00826446280976431,0.002066115702020202,0.004132231405723905,0.002066115702020202,0.002066115702020202,0.224,0.3126294,0.371158392,0.683787792,0.246200608,17.3553719,11.15702479,521,594,101,0.20875420875420875,0.7425742574257426,0.25742574257425743,0.0,0.03872053872053872,0.10606060606060606,0.11952861952861953,0.10942760942760943,0.005050505050505051,0.16666666666666666,0.010101010101010102,0.003367003367003367,0.0,0.006734006734006734,0.0,0.006734006734006734,0.238,0.328,0.42,0.749,0.252,16.7,10.9,,,,,,,,,
173,Tommy Pham,,118,422.3492723,478,93.41372138999999,0.22453222447698745,0.7446808512164339,0.23404255322109913,0.02127659575515815,0.029106029100418408,0.13305613305439332,0.11018711018828452,0.09979209979079498,0.0,0.2328482328451883,0.008316008315899582,0.006237006236401674,0.0020790020794979078,0.03118503119246862,0.01039501039539749,0.02079002079079498,0.253,0.333333333,0.414117647,0.74745098,0.311258278,23.28482328,9.979209979,440,478,100,0.2280334728033473,0.77,0.2,0.03,0.01882845188284519,0.10251046025104603,0.08158995815899582,0.07322175732217573,0.0,0.2217573221757322,0.0041841004184100415,0.0020920502092050207,0.0,0.014644351464435146,0.006276150627615063,0.008368200836820083,0.248,0.305,0.368,0.674,0.307,22.2,7.3,,,,,,,,,
174,Brenton Doyle,COL,125,559.1226611,603,115.33471935,0.22037422039800994,0.7391304347072137,0.21739130429504963,0.04347826086768034,0.02910602910447761,0.1268191268159204,0.10187110187396352,0.056133056135986736,0.00207900207960199,0.3367983368159204,0.008316008316749585,0.004158004157545605,0.004158004157545605,0.03950103950248757,0.008316008316749585,0.0311850311774461,0.239,0.286012526,0.394618834,0.68063136,0.338235294,33.67983368,5.613305613,542,603,118,0.23383084577114427,0.7627118644067796,0.2033898305084746,0.03389830508474576,0.03814262023217247,0.13598673300165837,0.11940298507462686,0.07628524046434494,0.001658374792703151,0.2537313432835821,0.004975124378109453,0.013266998341625208,0.006633499170812604,0.04975124378109453,0.008291873963515755,0.04145936981757877,0.26,0.317,0.446,0.764,0.316,25.4,7.6,,,,,,,,,
175,Willson Contreras,STL,119,306.5375,358,64.8875,0.22291666667597765,0.7586206896551724,0.22988505752263533,0.022988505752263532,0.041666666675977654,0.1375,0.13333333332402234,0.10208333332402235,0.0041666666675977656,0.22291666667597765,0.029166666675977653,0.0062499999999999995,0.002083333332402235,0.012499999999999999,0.0041666666675977656,0.008333333332402234,0.261,0.35639413,0.467153285,0.823547415,0.303135889,22.29166667,10.20833333,301,358,64,0.2206703910614525,0.734375,0.265625,0.0,0.04189944134078212,0.1340782122905028,0.1005586592178771,0.12569832402234637,0.00558659217877095,0.2681564245810056,0.0335195530726257,0.0,0.0,0.0111731843575419,0.002793296089385475,0.008379888268156424,0.262,0.38,0.468,0.848,0.337,26.8,12.6,,,,,,,,,
176,Hunter Renfroe,KCR,116,383.3666667,424,74.19999999999999,0.2145833333254717,0.7261904761455527,0.2619047618598383,0.011904761900269544,0.0395833333254717,0.1145833333254717,0.13125,0.07708333332547171,0.0,0.2125,0.008333333332547169,0.008333333332547169,0.00208333333254717,0.00208333333254717,0.0,0.00208333333254717,0.238,0.300626305,0.423963134,0.724589438,0.264984227,21.25,7.708333333,385,424,73,0.20754716981132076,0.7534246575342466,0.2465753424657534,0.0,0.03537735849056604,0.10377358490566038,0.12264150943396226,0.08490566037735849,0.0,0.19811320754716982,0.0047169811320754715,0.0023584905660377358,0.0,0.0023584905660377358,0.0023584905660377358,0.0,0.229,0.297,0.392,0.689,0.254,19.8,8.5,,,,,,,,,
177,Jonah Heim,TEX,123,443.8475992,491,87.12943634,0.2150313152749491,0.7294117646073136,0.2588235294212165,0.01176470587965243,0.03757828810590631,0.11482254696537678,0.12734864301425664,0.08141962421588594,0.00208768267209776,0.1941544885132383,0.006263048016293279,0.00835073068839104,0.00208768267209776,0.00417536534419552,0.00208768267209776,0.00208768267209776,0.238,0.302713987,0.418013857,0.720727844,0.260736196,19.41544885,8.141962422,459,491,88,0.20570264765784113,0.8522727272727273,0.13636363636363635,0.011363636363636364,0.026476578411405296,0.09164969450101833,0.12016293279022404,0.05295315682281059,0.0,0.18329938900203666,0.008146639511201629,0.004073319755600814,0.0,0.002036659877800407,0.002036659877800407,0.0,0.22,0.267,0.336,0.602,0.246,18.3,5.3,,,,,,,,,
178,Nolan Schanuel,LAA,115,522.0960334,607,131.79123172599998,0.23173277660626027,0.798076923043508,0.18269230771025569,0.01923076923106107,0.014613778705107083,0.12108559499176277,0.08977035490939045,0.11899791232289951,0.002087682672158155,0.14405010438220758,0.01252609603294893,0.006263048016474465,0.002087682672158155,0.006263048016474465,0.002087682672158155,0.00417536534431631,0.27,0.364016736,0.376213592,0.740230329,0.306784661,14.40501044,11.89979123,519,607,117,0.214168039538715,0.8376068376068376,0.1623931623931624,0.0,0.0214168039538715,0.10214168039538715,0.08896210873146623,0.11202635914332784,0.0,0.1696869851729819,0.014827018121911038,0.011532125205930808,0.004942339373970346,0.016474464579901153,0.0016474464579901153,0.014827018121911038,0.25,0.343,0.362,0.706,0.285,17.0,11.2,,,,,,,,,
179,Brandon Lowe,TBR,114,369.874477,425,67.57322175,0.20292887028235293,0.7105263158478898,0.2763157895457308,0.026315789479136386,0.043933054400000005,0.12343096235294118,0.13179916317647059,0.10878661087058823,0.0020920502094117647,0.25941422588235297,0.014644351463529413,0.006276150628235295,0.0,0.010460251047058824,0.004184100418823529,0.006276150628235295,0.234,0.326359833,0.447115385,0.773475217,0.277372263,25.94142259,10.87866109,385,425,73,0.2211764705882353,0.6986301369863014,0.2602739726027397,0.0410958904109589,0.04941176470588235,0.13176470588235295,0.13647058823529412,0.07764705882352942,0.004705882352941176,0.2635294117647059,0.011764705882352941,0.004705882352941176,0.0,0.011764705882352941,0.002352941176470588,0.009411764705882352,0.244,0.311,0.473,0.783,0.287,26.4,7.8,,,,,,,,,
180,LaMonte Wade Jr.,SFG,117,341.0610526,401,67.53684211,0.2021052631670823,0.7625000000166576,0.22499999992966802,0.012499999994447477,0.03368421052369078,0.12,0.11157894735660848,0.1221052631670823,0.004210526316708229,0.18736842104738155,0.014736842104738154,0.00631578947381546,0.00631578947381546,0.00631578947381546,0.0021052631571072318,0.004210526316708229,0.239,0.341101695,0.405940594,0.747042289,0.264900662,18.73684211,12.21052632,331,401,78,0.2144638403990025,0.7948717948717948,0.20512820512820512,0.0,0.0199501246882793,0.11221945137157108,0.08478802992518704,0.1546134663341646,0.012468827930174564,0.22443890274314215,0.00997506234413965,0.007481296758104738,0.0024937655860349127,0.004987531172069825,0.0024937655860349127,0.0024937655860349127,0.26,0.38,0.381,0.761,0.331,22.4,15.5,,,,,,,,,
181,Sean Murphy,ATL,118,229.3953488,264,47.44186046,0.22621564481060608,0.7176470589450403,0.28235294126574395,0.0,0.046511627916666666,0.13742071882575757,0.14376321352272728,0.09936575053030303,0.0021141649053030304,0.22410147992424242,0.023255813954545453,0.006342494715909091,0.0,0.0,0.0,0.0,0.26,0.349576271,0.479318735,0.828895006,0.297202797,22.41014799,9.936575053,233,264,35,0.17045454545454544,0.8285714285714286,0.14285714285714285,0.02857142857142857,0.03787878787878788,0.07196969696969698,0.0946969696969697,0.10227272727272728,0.003787878787878788,0.2537878787878788,0.011363636363636364,0.003787878787878788,0.0,0.0,0.0,0.0,0.193,0.284,0.352,0.636,0.223,25.4,10.2,,,,,,,,,
182,Mike Yastrzemski,SFG,118,411.8689218,474,77.16279069999999,0.1987315010548523,0.6883116882914916,0.2857142857327995,0.012987012987854523,0.03594080337552742,0.12050739957805907,0.11839323466244726,0.10782241014767932,0.004228329810126582,0.25158562362869197,0.010570824525316456,0.006342494715189874,0.002114164905063291,0.008456659620253165,0.002114164905063291,0.006342494715189874,0.229,0.319148936,0.408759124,0.72790806,0.276978417,25.15856237,10.78224101,428,474,81,0.2088607594936709,0.691358024691358,0.19753086419753085,0.1111111111111111,0.0379746835443038,0.12658227848101267,0.12025316455696203,0.08016877637130802,0.002109704641350211,0.2616033755274262,0.012658227848101266,0.002109704641350211,0.002109704641350211,0.006329113924050633,0.004219409282700422,0.002109704641350211,0.231,0.302,0.437,0.739,0.282,26.2,8.0,,,,,,,,,
183,Michael Conforto,SFG,116,420.7966102,488,89.94915253,0.21398305081967214,0.7586206898085157,0.21839080466542776,0.011494252874202146,0.02966101694672131,0.11864406778688524,0.11440677965163934,0.11440677965163934,0.004237288135245901,0.21398305081967214,0.016949152543032784,0.006355932202868853,0.0,0.004237288135245901,0.0021186440676229505,0.0021186440676229505,0.248,0.345338983,0.4004914,0.745830384,0.294915254,21.39830508,11.44067797,438,488,84,0.21311475409836064,0.6428571428571429,0.32142857142857145,0.03571428571428571,0.040983606557377046,0.11475409836065574,0.13524590163934427,0.0860655737704918,0.0020491803278688526,0.24180327868852458,0.010245901639344262,0.006147540983606557,0.0,0.0,0.0020491803278688526,-0.0020491803278688526,0.237,0.309,0.45,0.759,0.277,24.2,8.6,,,,,,,,,
184,Francisco Alvarez,NYM,124,304.2420382,342,53.00636943000001,0.2016985138011696,0.7534246574412103,0.23287671222797796,0.013698630142154972,0.046709129502923975,0.11677282377192982,0.1358811040350877,0.09129511678362573,0.002123142251461988,0.26539278131578947,0.014861995754385965,0.006369426751461988,0.0,0.0042462845,0.002123142251461988,0.002123142251461988,0.227,0.30720339,0.429594272,0.736797662,0.265454545,26.53927813,9.129511677,308,342,62,0.2134502923976608,0.7419354838709677,0.22580645161290322,0.03225806451612903,0.03216374269005848,0.11403508771929824,0.13742690058479531,0.08771929824561403,0.0,0.25146198830409355,0.005847953216374269,0.005847953216374269,0.0,0.0029239766081871343,0.0029239766081871343,0.0,0.237,0.307,0.403,0.71,0.291,25.1,8.8,,,,,,,,,
185,Starling Marte,NYM,112,338.5106383,370,80.297872337,0.23617021275675676,0.7843137254706609,0.19607843136766523,0.01960784313676652,0.019148936170270272,0.12978723405405407,0.08723404254054054,0.055319148945945945,0.0,0.2,0.02340425531891892,0.0042553191486486485,0.0021276595756756756,0.05957446808108108,0.019148936170270272,0.04042553191891892,0.259,0.315565032,0.376744186,0.692309218,0.310030395,20.0,5.531914894,335,370,83,0.24324324324324326,0.8072289156626506,0.1566265060240964,0.03614457831325301,0.01891891891891892,0.12432432432432433,0.10810810810810811,0.07297297297297298,0.002702702702702703,0.21891891891891893,0.008108108108108109,0.005405405405405406,0.008108108108108109,0.043243243243243246,0.002702702702702703,0.04054054054054054,0.269,0.327,0.388,0.715,0.333,21.9,7.3,,,,,,,,,
186,Charlie Blackmon,COL,108,445.8017058,499,108.52452025,0.23880597014028057,0.7352941176443486,0.2254901960739145,0.039215686272522365,0.021321961623246493,0.11727078891783567,0.10447761194388777,0.07675906184368737,0.002132196162324649,0.15991471214428857,0.017057569296593186,0.006396588486973948,0.004264392324649298,0.006396588486973948,0.002132196162324649,0.004264392324649298,0.267,0.334763948,0.412887828,0.747651777,0.302670623,15.99147122,7.675906183,449,499,103,0.23046092184368738,0.7184466019417476,0.23300970873786409,0.04854368932038835,0.02404809619238477,0.11823647294589178,0.10420841683366733,0.08617234468937876,0.004008016032064128,0.17234468937875752,0.012024048096192385,0.002004008016032064,0.0,0.012024048096192385,0.004008016032064128,0.008016032064128256,0.256,0.329,0.412,0.741,0.293,17.2,8.6,,,,,,,,,
187,Gabriel Moreno,ARI,124,321.0,351,83.25,0.25427350427350426,0.7747747747747747,0.2072072072072072,0.018018018018018018,0.017094017094017096,0.11752136752136752,0.10897435897435898,0.06623931623931624,0.0,0.19230769230769232,0.010683760683760684,0.00641025641025641,0.002136752136752137,0.010683760683760684,0.004273504273504274,0.00641025641025641,0.279,0.331905782,0.397196262,0.729102043,0.333333333,19.23076923,6.623931624,305,351,76,0.23076923076923078,0.75,0.23684210526315788,0.013157894736842105,0.014245014245014245,0.1111111111111111,0.1282051282051282,0.1168091168091168,0.002849002849002849,0.14814814814814814,0.005698005698005698,0.008547008547008548,0.0,0.008547008547008548,0.002849002849002849,0.005698005698005698,0.266,0.353,0.38,0.734,0.303,14.8,11.7,,,,,,,,,
188,Brendan Donovan,STL,113,566.8351178,652,142.40685222,0.2355460384969325,0.77450980399179,0.19607843144277037,0.019607843144277038,0.017130620981595093,0.12205567452453987,0.10064239828220858,0.10064239828220858,0.004282655246932516,0.15417558880368099,0.021413276226993863,0.006423982869631901,0.0021413276226993866,0.012847965739263802,0.004282655246932516,0.008565310492331288,0.271,0.358369099,0.386699507,0.745068606,0.310030395,15.41755889,10.06423983,587,652,149,0.25,0.7516778523489933,0.22818791946308725,0.020134228187919462,0.02147239263803681,0.09969325153374232,0.11196319018404909,0.07208588957055215,0.0,0.12423312883435583,0.019938650306748466,0.007668711656441718,0.0,0.007668711656441718,0.007668711656441718,0.0,0.278,0.342,0.417,0.759,0.3,12.4,7.2,,,,,,,,,
189,Luis Garcia Jr.,WSN,115,489.5588865,528,124.36830833,0.2548179871212121,0.763636363759166,0.21818181821690458,0.018181818184742047,0.019271948617424244,0.11134903640151515,0.10706638115530304,0.05781584583333333,0.004282655246212121,0.15203426125,0.004282655246212121,0.008565310492424242,0.0021413276231060604,0.019271948617424244,0.006423982869318182,0.012847965738636363,0.274,0.317596567,0.401847575,0.719444142,0.308123249,15.20342612,5.781584582,500,528,123,0.26704545454545453,0.7886178861788617,0.2032520325203252,0.008130081300813009,0.03409090909090909,0.10984848484848485,0.13257575757575757,0.05113636363636364,0.003787878787878788,0.16287878787878787,0.0,0.001893939393939394,0.0,0.041666666666666664,0.00946969696969697,0.032196969696969696,0.282,0.318,0.444,0.762,0.31,16.3,5.1,,,,,,,,,
190,Wilmer Flores,SFG,115,215.3434125,242,44.42764578800001,0.21814254859504134,0.7647058822814435,0.22352941176285218,0.0,0.03455723542148761,0.11231101512396693,0.12095032396694215,0.08855291578512396,0.0,0.1468682505371901,0.010799136070247933,0.008639308855371902,0.0,0.0,0.0,0.0,0.245,0.318181818,0.405339806,0.723521624,0.256024096,14.68682505,8.855291577,214,242,40,0.18181818181818182,0.7,0.3,0.0,0.01652892561983471,0.07851239669421488,0.10743801652892562,0.08264462809917356,0.004132231404958678,0.13636363636363635,0.012396694214876033,0.02066115702479339,0.0,0.0,0.0,0.0,0.206,0.277,0.318,0.595,0.22,13.6,8.3,,,,,,,,,
191,JJ Bleday,OAK,116,557.2337662,642,98.66233766,0.18614718613707165,0.7042253521240963,0.26760563378283125,0.02816901408293674,0.03246753246105919,0.10606060605919003,0.10822510822429907,0.11471861471962617,0.0021645021651090345,0.24891774890965734,0.00649350649376947,0.008658008657320873,0.0021645021651090345,0.010822510822429906,0.0021645021651090345,0.008658008657320873,0.214,0.30802603,0.3840399,0.692065931,0.258181818,24.89177489,11.47186147,572,642,119,0.21651090342679127,0.6050420168067226,0.36134453781512604,0.03361344537815126,0.03115264797507788,0.11526479750778816,0.09345794392523364,0.1043613707165109,0.003115264797507788,0.19470404984423675,0.003115264797507788,0.0,0.001557632398753894,0.003115264797507788,0.004672897196261682,-0.001557632398753894,0.243,0.324,0.437,0.762,0.279,19.5,10.4,,,,,,,,,
192,Shea Langeliers,OAK,120,485.3492408,534,84.55965291000001,0.1995661604868914,0.7123287672917672,0.2602739726642995,0.027397260280452584,0.04121475054307116,0.10629067245318352,0.12581344902621722,0.07375271149812734,0.0021691973970037453,0.2885032537453183,0.008676789588014981,0.006507592191011236,0.0021691973970037453,0.006507592191011236,0.0021691973970037453,0.004338394794007491,0.219,0.282608696,0.410501193,0.693109889,0.27037037,28.85032538,7.37527115,482,534,79,0.20224719101123595,0.7468354430379747,0.22784810126582278,0.02531645569620253,0.054307116104868915,0.10861423220973783,0.149812734082397,0.07677902621722846,0.003745318352059925,0.27153558052434457,0.009363295880149813,0.011235955056179775,0.0,0.00749063670411985,0.003745318352059925,0.003745318352059925,0.224,0.288,0.45,0.739,0.252,27.2,7.7,,,,,,,,,
194,Seth Brown,OAK,118,359.1304348,400,65.2173913,0.208695652175,0.6933333333128889,0.280000000092,0.013333333328222221,0.045652173925000004,0.11739130435,0.1347826087,0.0847826087,0.0043478260875,0.26739130425,0.006521739130000001,0.006521739130000001,0.0021739130425,0.015217391305000001,0.0043478260875,0.010869565217499998,0.233,0.301310044,0.438256659,0.739566702,0.275735294,26.73913043,8.47826087,372,400,72,0.215,0.8333333333333334,0.1527777777777778,0.013888888888888888,0.035,0.08,0.11,0.0625,0.0,0.28,0.005,0.0025,0.0,0.01,0.005,0.005,0.231,0.283,0.379,0.662,0.291,28.0,6.3,,,,,,,,,
195,Matt Wallner,MIN,117,227.9475983,261,40.46069869,0.19650655022988506,0.6901408451678914,0.2816901407789308,0.014084507051304209,0.041484716168582375,0.12227074237547893,0.12445414846743294,0.09825327509578545,0.0043668122260536405,0.3384279475862069,0.021834061134099615,0.0043668122260536405,0.0,0.006550218340996168,0.0021834061149425287,0.0043668122260536405,0.224,0.317286652,0.42,0.737286652,0.311403509,33.84279476,9.825327511,220,261,44,0.21839080459770116,0.5909090909090909,0.38636363636363635,0.022727272727272728,0.04980842911877394,0.09961685823754789,0.1417624521072797,0.09195402298850575,0.0,0.36398467432950193,0.06130268199233716,0.0038314176245210726,0.0,0.011494252873563218,0.0,0.011494252873563218,0.259,0.372,0.523,0.894,0.389,36.4,9.2,,,,,,,,,
196,Andrew McCutchen,PIT,108,444.1593886,515,95.57860262,0.21179039300970876,0.7294117647563491,0.24705882355156786,0.023529411765321327,0.026200873359223303,0.12227074234951457,0.1091703056699029,0.12227074234951457,0.0,0.21615720524271845,0.006550218339805826,0.008733624454368932,0.0,0.017467248908737864,0.004366812227184466,0.013100436681553399,0.245,0.340611354,0.4,0.740611354,0.295138889,21.61572052,12.22707424,448,515,84,0.20194174757281552,0.7738095238095238,0.21428571428571427,0.011904761904761904,0.038834951456310676,0.12815533980582525,0.0970873786407767,0.11262135922330097,0.001941747572815534,0.258252427184466,0.013592233009708738,0.003883495145631068,0.0,0.005825242718446602,0.003883495145631068,0.001941747572815534,0.232,0.328,0.411,0.739,0.283,25.8,11.3,,,,,,,,,
197,Jose Siri,TBR,118,413.6892779,448,73.52297593,0.20350109408482142,0.7200000000054405,0.23999999995647617,0.03999999999727976,0.039387308526785715,0.12472647703124999,0.11378555799107141,0.06126914660714285,0.002188183808035714,0.34573304151785716,0.006564551421875,0.006564551421875,0.002188183808035714,0.04376367613839286,0.008752735229910715,0.03501094091517857,0.22,0.271929825,0.40521327,0.677143095,0.301204819,34.57330416,6.126914661,402,448,57,0.16741071428571427,0.7017543859649122,0.2807017543859649,0.017543859649122806,0.04017857142857143,0.11160714285714286,0.10491071428571429,0.06919642857142858,0.0,0.3794642857142857,0.015625,0.008928571428571428,0.004464285714285714,0.03125,0.015625,0.015625,0.187,0.255,0.366,0.62,0.261,37.9,6.9,,,,,,,,,
198,Brice Turang,MIL,118,559.2719298,619,122.17105264000001,0.21710526316639744,0.7555555554718841,0.2111111111238437,0.03333333333060492,0.01973684210016155,0.11842105263327948,0.08991228069466882,0.0833333333279483,0.0021929824555735056,0.21052631583198705,0.0021929824555735056,0.0065789473683360265,0.00438596491276252,0.0438596491276252,0.0065789473683360265,0.037280701760904686,0.239,0.303964758,0.366504854,0.670469612,0.290322581,21.05263158,8.333333333,559,619,135,0.2294022617124394,0.7925925925925926,0.17777777777777778,0.02962962962962963,0.011308562197092083,0.11631663974151858,0.09208400646203554,0.08077544426494346,0.0016155088852988692,0.16962843295638125,0.0032310177705977385,0.004846526655896607,0.008077544426494346,0.08077544426494346,0.009693053311793215,0.07108239095315025,0.254,0.316,0.349,0.665,0.3,17.0,8.1,,,,,,,,,
199,Jurickson Profar,SDP,112,587.2527473,668,124.79120879000001,0.20659340658682637,0.7529411764743591,0.2352941176282038,0.011764705881410188,0.019780219775449102,0.10769230769461079,0.09890109890718563,0.10109890109281437,0.00219780219760479,0.1648351648203593,0.010989010989520959,0.006593406592814372,0.00219780219760479,0.008791208791916168,0.00439560439520958,0.00439560439520958,0.236,0.31938326,0.3575,0.67688326,0.26645768,16.48351648,10.10989011,564,668,134,0.23652694610778444,0.7835820895522388,0.21641791044776118,0.0,0.03592814371257485,0.1407185628742515,0.12724550898203593,0.11377245508982035,0.005988023952095809,0.15119760479041916,0.02694610778443114,0.0074850299401197605,0.0074850299401197605,0.014970059880239521,0.004491017964071856,0.010479041916167664,0.28,0.38,0.459,0.839,0.302,15.1,11.4,,,,,,,,,
201,Ramon Laureano,CLE,108,274.2119205,309,55.933774830000004,0.21412803530744337,0.7317073171691029,0.24390243911596193,0.012195121946858954,0.03311258278317152,0.1258278145631068,0.12141280352750808,0.07947019867313915,0.0,0.26048565122977346,0.024282560705501617,0.006622516556634304,0.0,0.026490066226537216,0.008830022074433657,0.017660044148867314,0.24,0.318584071,0.405472637,0.724056708,0.301470588,26.04856512,7.947019868,286,309,63,0.23948220064724918,0.7301587301587301,0.25396825396825395,0.015873015873015872,0.03559870550161812,0.11326860841423948,0.10679611650485436,0.04854368932038835,0.0,0.3106796116504854,0.022653721682847898,0.003236245954692557,0.0,0.025889967637540454,0.009708737864077669,0.016181229773462782,0.259,0.311,0.437,0.748,0.35,31.1,4.9,,,,,,,,,
202,Geraldo Perdomo,ARI,119,332.3267108,388,71.947019872,0.1986754967010309,0.7976190476283137,0.17857142857142858,0.03571428571428571,0.01324503311340206,0.1169977925,0.07064017659793814,0.1037527593814433,0.002207505518041237,0.19205298012886596,0.01324503311340206,0.00662251655670103,0.019867549670103093,0.03311258278350515,0.008830022074742268,0.024282560706185567,0.232,0.322072072,0.335051546,0.657123618,0.281879195,19.20529801,10.37527594,337,388,89,0.23711340206185566,0.7415730337078652,0.23595505617977527,0.02247191011235955,0.007731958762886598,0.15721649484536082,0.09536082474226804,0.09278350515463918,0.0,0.14948453608247422,0.007731958762886598,0.01288659793814433,0.01804123711340206,0.023195876288659795,0.002577319587628866,0.020618556701030927,0.273,0.344,0.374,0.718,0.317,14.9,9.3,,,,,,,,,
203,Yainer Diaz,HOU,117,580.6548673,619,132.8384956,0.25663716817447496,0.7628865980623166,0.22680412363838906,0.01030927835199001,0.04203539822294022,0.12610619468497578,0.1438053097415186,0.04424778760904685,0.002212389381260097,0.1969026549273021,0.00884955752180937,0.006637168142164782,0.002212389381260097,0.002212389381260097,0.0,0.002212389381260097,0.274,0.310421286,0.464622642,0.775043928,0.304075235,19.69026549,4.424778761,585,619,159,0.2827140549273021,0.7987421383647799,0.18238993710691823,0.018867924528301886,0.025848142164781908,0.11308562197092084,0.13570274636510501,0.03877221324717286,0.0016155088852988692,0.172859450726979,0.0032310177705977385,0.012924071082390954,0.0,0.0032310177705977385,0.0,0.0032310177705977385,0.299,0.325,0.441,0.766,0.338,17.3,3.9,,,,,,,,,
204,Mitch Haniger,SEA,110,379.0154867,423,71.12389381,0.21017699115839245,0.7368421052705579,0.23684210520025803,0.013157894736472105,0.042035398226950356,0.11504424777777777,0.12831858406619384,0.08407079645390071,0.002212389380614657,0.2566371680851064,0.013274336283687944,0.006637168141843972,0.002212389380614657,0.002212389380614657,0.0,0.002212389380614657,0.234,0.307522124,0.422222222,0.729744346,0.278388278,25.66371681,8.407079646,380,423,67,0.1867612293144208,0.8208955223880597,0.1791044776119403,0.0,0.028368794326241134,0.09929078014184398,0.10401891252955082,0.09456264775413711,0.0,0.2978723404255319,0.004728132387706856,0.002364066193853428,0.0,0.0,0.0,0.0,0.208,0.286,0.334,0.62,0.276,29.8,9.5,,,,,,,,,
205,Jesus Sanchez,MIA,117,482.1066667,537,97.85333337,0.217777777839851,0.7317073167989923,0.24390243896706204,0.024390243896706205,0.03555555554934823,0.11777777778398511,0.12444444445065175,0.08666666666666667,0.004444444445065177,0.2555555554934823,0.008888888888268156,0.006666666666666667,0.0022222222216014896,0.006666666666666667,0.0022222222216014896,0.004444444445065177,0.243,0.313333333,0.420792079,0.734125413,0.297101449,25.55555556,8.666666667,489,537,105,0.22905027932960895,0.7523809523809524,0.23809523809523808,0.009523809523809525,0.0335195530726257,0.11173184357541899,0.1191806331471136,0.07635009310986965,0.0037243947858473,0.260707635009311,0.0074487895716946,0.0037243947858473,0.00186219739292365,0.0297951582867784,0.0037243947858473,0.0260707635009311,0.252,0.313,0.417,0.731,0.315,26.1,7.6,,,,,,,,,
208,Logan O'Hoppe,LAA,112,469.3318386,522,95.97309416,0.2309417040229885,0.731707317187532,0.2439024390625107,0.01219512194791574,0.04708520180076629,0.13004484304597702,0.13901345291187742,0.08071748879310345,0.0022421524655172414,0.21748878927203066,0.011210762331417625,0.0067264573984674335,0.0,0.0067264573984674335,0.0022421524655172414,0.004484304932950192,0.257,0.323595506,0.466334165,0.78992967,0.286713287,21.74887892,8.071748879,479,522,97,0.22413793103448276,0.8144329896907216,0.17525773195876287,0.010309278350515464,0.038314176245210725,0.12260536398467432,0.10727969348659004,0.06321839080459771,0.0,0.29693486590038315,0.01532567049808429,0.0019157088122605363,0.0019157088122605363,0.0038314176245210726,0.005747126436781609,-0.0019157088122605363,0.244,0.303,0.409,0.712,0.318,29.7,6.3,,,,,,,,,
209,Gavin Lux,LAD,112,434.4696629,487,100.68314605,0.23146067412731006,0.7282608697347117,0.23913043478044954,0.03260869565368533,0.024719101129363447,0.1325842696714579,0.11011235954825462,0.09662921349075976,0.0022471910102669405,0.2,0.00449438202258727,0.00674157303285421,0.0022471910102669405,0.020224719100616018,0.00449438202258727,0.015730337078028747,0.259,0.33258427,0.413098237,0.745682506,0.306666667,20.0,9.662921348,439,487,100,0.22587268993839835,0.74,0.24,0.02,0.02053388090349076,0.12114989733059549,0.1026694045174538,0.09034907597535935,0.0,0.22587268993839835,0.004106776180698152,0.004106776180698152,0.0,0.01026694045174538,0.004106776180698152,0.006160164271047228,0.251,0.32,0.383,0.703,0.312,22.6,9.0,,,,,,,,,
210,Michael Massey,KCR,111,322.4,356,67.2,0.22022471910112362,0.7142857142857143,0.2619047619047619,0.023809523809523808,0.031460674157303366,0.11235955056179775,0.11685393258426967,0.0696629213483146,0.006741573033707865,0.2157303370786517,0.01348314606741573,0.006741573033707865,0.0044943820224719105,0.015730337078651683,0.0044943820224719105,0.011235955056179775,0.243,0.304740406,0.41191067,0.716651076,0.283783784,21.57303371,6.966292135,332,356,72,0.24157303370786518,0.7361111111111112,0.2361111111111111,0.027777777777777776,0.03932584269662921,0.12640449438202248,0.12640449438202248,0.042134831460674156,0.0028089887640449437,0.15730337078651685,0.008426966292134831,0.011235955056179775,0.0056179775280898875,0.0028089887640449437,0.0,0.0028089887640449437,0.259,0.294,0.449,0.743,0.271,15.7,4.2,,,,,,,,,
211,Byron Buxton,MIN,106,345.1801802,388,60.2972973,0.20945945945876288,0.6521739129425292,0.31884057977504077,0.028985507249261074,0.054054054046391756,0.13963963963917525,0.14414414414948454,0.09234234234536082,0.00225225225257732,0.30180180180412375,0.013513513512886599,0.006756756757731959,0.0,0.024774774775773195,0.00450450450515464,0.02027027027061856,0.236,0.314606742,0.483544304,0.798151045,0.2875,30.18018018,9.234234234,355,388,81,0.2551546391752577,0.6296296296296297,0.3333333333333333,0.037037037037037035,0.04639175257731959,0.15979381443298968,0.14432989690721648,0.05154639175257732,0.002577319587628866,0.2551546391752577,0.028350515463917526,0.005154639175257732,0.0,0.01804123711340206,0.005154639175257732,0.01288659793814433,0.279,0.335,0.524,0.859,0.338,25.5,5.2,,,,,,,,,
212,Luis Campusano,SDP,113,274.7020316,299,60.744920994000005,0.23250564334448162,0.788888888911936,0.2111111111868376,0.011111111117696023,0.029345372461538465,0.10383747177257525,0.11963882618729096,0.060948081270903016,0.0022573363444816055,0.17832957110367892,0.011286681715719064,0.006772009030100334,0.0022573363444816055,0.0,0.0,0.0,0.254,0.305429864,0.402948403,0.708378267,0.283018868,17.83295711,6.094808126,277,299,55,0.21070234113712374,0.7636363636363637,0.23636363636363636,0.0,0.026755852842809364,0.12374581939799331,0.13377926421404682,0.06688963210702341,0.0,0.13712374581939799,0.0033444816053511705,0.0033444816053511705,0.0,0.0,0.0,0.0,0.227,0.281,0.361,0.642,0.24,13.7,6.7,,,,,,,,,
213,Elias Diaz,COL,115,320.0993228,351,70.51693001999999,0.23250564333333332,0.7640449438839596,0.22471910115068283,0.0,0.031602708803418804,0.11060948082621082,0.12415349886039886,0.06772009028490028,0.0,0.21218961623931623,0.006772009028490029,0.006772009028490029,0.0,0.0,0.0,0.0,0.256,0.309090909,0.405940594,0.715031503,0.297658863,21.21896163,6.772009029,325,351,80,0.245014245014245,0.75,0.25,0.0,0.017094017094017096,0.07692307692307693,0.1111111111111111,0.05698005698005698,0.005698005698005698,0.19658119658119658,0.011396011396011397,0.005698005698005698,0.0,0.0,0.0,0.0,0.265,0.313,0.382,0.695,0.317,19.7,5.7,,,,,,,,,
214,Whit Merrifield,PHI,101,309.9886878,335,75.791855206,0.24208144797014924,0.7599999999134472,0.20999999995698748,0.02999999999762508,0.01583710407164179,0.12443438913432835,0.09954751131343284,0.058823529402985075,0.0,0.16968325791044775,0.00452488687761194,0.00904977375522388,0.00226244343880597,0.04751131220895522,0.01357466063283582,0.033936651582089555,0.262,0.306122449,0.378973105,0.685095554,0.302114804,16.96832579,5.882352941,293,335,61,0.19402985074626866,0.8032786885245902,0.14754098360655737,0.04918032786885246,0.011940298507462687,0.13134328358208955,0.04477611940298507,0.1044776119402985,0.0,0.15522388059701492,0.008955223880597015,0.0,0.011940298507462687,0.050746268656716415,0.008955223880597015,0.041791044776119404,0.222,0.311,0.314,0.625,0.257,15.5,10.4,,,,,,,,,
215,Bo Naylor,CLE,116,342.1431818,389,64.53863636,0.19999999999999998,0.7260273972730092,0.24657534242330248,0.027397260272699075,0.03409090910025707,0.11590909089974294,0.12272727272493573,0.10227272727506427,0.0045454545449871465,0.25,0.009090909089974293,0.00681818181748072,0.0022727272724935733,0.015909090910025705,0.0045454545449871465,0.011363636362467866,0.227,0.312072893,0.400516796,0.712589689,0.275471698,25.0,10.22727273,354,389,58,0.18251928020565553,0.7931034482758621,0.1724137931034483,0.034482758620689655,0.033419023136246784,0.10025706940874037,0.10025706940874037,0.07455012853470437,0.002570694087403599,0.31362467866323906,0.005141388174807198,0.005141388174807198,0.005141388174807198,0.015424164524421594,0.007712082262210797,0.007712082262210797,0.201,0.264,0.35,0.614,0.262,31.4,7.5,,,,,,,,,
216,Willi Castro,MIN,112,575.423341,635,123.51258580999999,0.21967963385826772,0.7647058824053293,0.21176470590807076,0.03529411765134513,0.025171624708661418,0.12585812357480314,0.0938215102992126,0.06636155606299213,0.0022883295196850393,0.23798627007874018,0.018306636157480315,0.006864988559055119,0.004576659039370079,0.05034324943307087,0.011441647596850393,0.03890160182677165,0.243,0.305045872,0.388888889,0.69393476,0.299295775,23.798627,6.636155606,558,635,126,0.2173228346456693,0.7142857142857143,0.24603174603174602,0.03968253968253968,0.01889763779527559,0.14015748031496064,0.09448818897637795,0.08031496062992126,0.0,0.23622047244094488,0.03307086614173228,0.006299212598425197,0.0015748031496062992,0.02204724409448819,0.014173228346456693,0.007874015748031496,0.247,0.331,0.385,0.717,0.315,23.6,8.0,,,,,,,,,
218,Giancarlo Stanton,NYY,104,406.2413793,459,65.42068966,0.2045977011546841,0.7903225806500923,0.225806451548802,0.0,0.06206896551198257,0.13103448276688454,0.1563218390849673,0.10114942529411765,0.006896551723311547,0.2919540230936819,0.006896551723311547,0.006896551723311547,0.0,0.0,0.0,0.0,0.232,0.312643678,0.480519481,0.793163159,0.264957265,29.1954023,10.11494253,417,459,70,0.2113289760348584,0.7142857142857143,0.2857142857142857,0.0,0.058823529411764705,0.10675381263616558,0.1568627450980392,0.08278867102396514,0.004357298474945534,0.3115468409586057,0.004357298474945534,0.004357298474945534,0.0,0.0,0.0,0.0,0.233,0.298,0.475,0.773,0.281,31.2,8.3,,,,,,,,,
219,Anthony Rendon,LAA,103,205.0967742,238,46.064516131999994,0.22350230415966385,0.7500000000217087,0.23809523817793787,0.011904761908896893,0.029953917050420168,0.1244239631512605,0.11290322579831934,0.11290322579831934,0.0023041474663865547,0.1612903225630252,0.013824884794117646,0.009216589861344538,0.0,0.004608294932773109,0.0023041474663865547,0.0023041474663865547,0.26,0.351039261,0.422459893,0.773499154,0.284745763,16.12903226,11.29032258,206,238,45,0.18907563025210083,0.7777777777777778,0.2222222222222222,0.0,0.0,0.08823529411764706,0.058823529411764705,0.09663865546218488,0.0,0.14705882352941177,0.02100840336134454,0.01680672268907563,0.0,0.025210084033613446,0.004201680672268907,0.02100840336134454,0.218,0.307,0.267,0.574,0.257,14.7,9.7,,,,,,,,,
220,Joc Pederson,ARI,111,387.9608295,449,79.66129036,0.22350230423162584,0.7272727269189567,0.25974025962287967,0.025974025962287966,0.046082949309576834,0.1336405529844098,0.14746543779510024,0.11059907835189309,0.0069124423964365255,0.20967741935412026,0.018433179723830736,0.0069124423964365255,0.0,0.004608294930957684,0.002304147465478842,0.002304147465478842,0.259,0.352534562,0.485333333,0.837867896,0.288389513,20.96774194,11.05990783,367,449,78,0.22494432071269488,0.7692307692307693,0.21794871794871795,0.01282051282051282,0.051224944320712694,0.13808463251670378,0.14253897550111358,0.12249443207126949,0.004454342984409799,0.23385300668151449,0.0400890868596882,0.0066815144766146995,0.0022271714922048997,0.015590200445434299,0.008908685968819599,0.0066815144766146995,0.275,0.393,0.515,0.908,0.322,23.4,12.2,,,,,,,,,
221,Wilyer Abreu,BOS,111,395.3833718,447,81.55427251,0.21247113163310963,0.7088607595992152,0.2658227847883968,0.025316455698220292,0.03002309469798658,0.12240184758389262,0.11085450346756151,0.1016166281655481,0.0023094688232662194,0.2609699769574944,0.006928406467561521,0.006928406467561521,0.0,0.020785219400447426,0.006928406467561521,0.013856812932885905,0.239,0.321016166,0.407310705,0.728326871,0.303846154,26.09699769,10.16166282,399,447,86,0.22595078299776286,0.5930232558139535,0.38372093023255816,0.023255813953488372,0.03355704697986577,0.1319910514541387,0.1297539149888143,0.0894854586129754,0.0,0.2796420581655481,0.006711409395973154,0.011185682326621925,0.0,0.017897091722595078,0.006711409395973154,0.011185682326621925,0.253,0.322,0.459,0.781,0.326,28.0,8.9,,,,,,,,,
223,Wyatt Langford,TEX,104,498.9791667,557,101.85879627,0.2152777777378815,0.7594936710712417,0.24050632922328366,0.012658227852823613,0.03240740741472172,0.12268518518850986,0.11342592592459605,0.08333333333931776,0.00462962963016158,0.22685185188509874,0.011574074073608618,0.00462962963016158,0.00231481481508079,0.0231481481508079,0.00462962963016158,0.018518518509874324,0.242,0.311627907,0.405684755,0.717312661,0.285198556,22.68518519,8.333333333,499,557,110,0.22621184919210055,0.7363636363636363,0.22727272727272727,0.03636363636363636,0.02872531418312388,0.13285457809694792,0.13285457809694792,0.09156193895870736,0.005385996409335727,0.20646319569120286,0.00718132854578097,0.005385996409335727,0.0,0.03411131059245961,0.005385996409335727,0.02872531418312388,0.253,0.325,0.415,0.74,0.296,20.6,9.2,,,,,,,,,
224,Jordan Westburg,BAL,110,407.5893271,447,89.19257536,0.22737819015659957,0.73255813991556,0.24418604667589228,0.023255813969132597,0.027842227382550336,0.11832946635346757,0.10904872389261745,0.071925754049217,0.0,0.2575406033557047,0.009280742458612976,0.006960556845637584,0.0,0.01392111368903803,0.004640371230425056,0.009280742458612976,0.249,0.308584687,0.404580153,0.713164839,0.315018315,25.75406032,7.192575406,416,447,92,0.24608501118568232,0.6630434782608695,0.2826086956521739,0.05434782608695652,0.040268456375838924,0.12751677852348994,0.14093959731543623,0.049217002237136466,0.0,0.21700223713646533,0.015659955257270694,0.0022371364653243847,0.0022371364653243847,0.013422818791946308,0.006711409395973154,0.006711409395973154,0.264,0.312,0.481,0.792,0.305,21.7,4.9,,,,,,,,,
225,Chris Taylor,LAD,109,217.6376471,246,41.675294119,0.20705882353658536,0.7083333333103381,0.2638888889085515,0.027777777781110423,0.03764705882520326,0.1364705882520325,0.1223529411788618,0.09647058825203252,0.002352941174796748,0.3129411764634146,0.01176470588211382,0.004705882353658537,0.002352941174796748,0.02588235294308943,0.007058823528455284,0.01882352941056911,0.234,0.316037736,0.42287234,0.738910076,0.31441048,31.29411765,9.647058824,213,246,39,0.17479674796747968,0.7948717948717948,0.1794871794871795,0.02564102564102564,0.016260162601626018,0.11382113821138211,0.09349593495934959,0.11382113821138211,0.0,0.3089430894308943,0.008130081300813009,0.008130081300813009,0.0040650406504065045,0.02032520325203252,0.0040650406504065045,0.016260162601626018,0.202,0.298,0.3,0.598,0.289,30.9,11.4,,,,,,,,,
226,Tyler Stephenson,CIN,112,460.212766,515,103.48699762,0.22931442077669903,0.7647058824779925,0.22352941182950517,0.01176470588576343,0.028368794330097088,0.11111111110679611,0.11820330968932038,0.08510638297087379,0.0,0.24822695029126213,0.014184397163106797,0.007092198582524272,0.0,0.002364066194174757,0.0,0.002364066194174757,0.256,0.328605201,0.407407407,0.736012608,0.321969697,24.82269504,8.510638298,457,515,99,0.229126213592233,0.7272727272727273,0.26262626262626265,0.010101010101010102,0.036893203883495145,0.13398058252427184,0.12815533980582525,0.09320388349514563,0.003883495145631068,0.22718446601941747,0.015533980582524271,0.003883495145631068,0.0,0.001941747572815534,0.0,0.001941747572815534,0.258,0.338,0.444,0.782,0.307,22.7,9.3,,,,,,,,,
227,Amed Rosario,TBR,97,323.7571429,346,82.38095238300001,0.25476190476878613,0.7699999999403988,0.20000000004127166,0.02999999999405202,0.01666666666763006,0.11666666667630057,0.1,0.05,0.0,0.17857142858381503,0.00476190476300578,0.007142857141618497,0.00238095238150289,0.030952380953757228,0.007142857141618497,0.023809523809248553,0.272,0.31026253,0.391857506,0.702120036,0.318471338,17.85714286,5.0,332,346,90,0.26878612716763006,0.7666666666666667,0.2,0.03333333333333333,0.008670520231213872,0.0838150289017341,0.09248554913294797,0.02601156069364162,0.0,0.21098265895953758,0.011560693641618497,0.002890173410404624,0.0,0.03757225433526012,0.014450867052023121,0.023121387283236993,0.28,0.306,0.38,0.686,0.35,21.1,2.6,,,,,,,,,
228,Mitch Garver,SEA,103,372.5298329,430,64.65393795,0.19570405727906978,0.746031745928633,0.23809523809523808,0.0,0.045346062046511634,0.11933174223255814,0.1312649164651163,0.11217183769767441,0.0023866348441860465,0.255369928372093,0.011933174223255814,0.0071599045348837214,0.0,0.0023866348441860465,0.0,0.0023866348441860465,0.225,0.320574163,0.421487603,0.742061766,0.2625,25.53699284,11.21718377,367,430,48,0.14651162790697675,0.6458333333333334,0.3541666666666667,0.0,0.03488372093023256,0.08604651162790698,0.1186046511627907,0.12325581395348838,0.0,0.30930232558139537,0.01627906976744186,0.0069767441860465115,0.0,0.0,0.0,0.0,0.172,0.286,0.341,0.627,0.216,30.9,12.3,,,,,,,,,
229,Rowdy Tellez,PIT,107,372.6555024,421,68.48803828000001,0.21052631579572448,0.7499999999999999,0.2647058823014079,0.0,0.04784688995249406,0.11244019137767222,0.15071770334916865,0.09330143541567695,0.00717703349168646,0.21052631579572448,0.011961722486935868,0.00717703349168646,0.0,0.0,0.0,0.0,0.239,0.316546763,0.451351351,0.767898114,0.256603774,21.05263158,9.330143541,383,421,80,0.2209026128266033,0.775,0.225,0.0,0.030878859857482184,0.09026128266033254,0.1330166270783848,0.07363420427553444,0.0,0.21140142517814728,0.004750593824228029,0.011876484560570071,0.0,0.0023752969121140144,0.0,0.0023752969121140144,0.243,0.299,0.392,0.691,0.28,21.1,7.4,,,,,,,,,
230,Harrison Bader,NYM,107,401.1111111,437,83.38888889,0.21980676329519452,0.7594936708359827,0.21518987336155643,0.02531645569453276,0.028985507254004575,0.12801932366132723,0.09903381643020595,0.05797101448512586,0.0,0.19323671496567504,0.014492753622425629,0.007246376812356979,0.002415458938215103,0.055555555560640735,0.014492753622425629,0.0410628019221968,0.24,0.292978208,0.389473684,0.682451892,0.271477663,19.3236715,5.797101449,402,437,83,0.21739130434782608,0.7710843373493976,0.2289156626506024,0.0,0.02745995423340961,0.13043478260869565,0.11670480549199085,0.04805491990846682,0.002288329519450801,0.21739130434782608,0.018306636155606407,0.013729977116704805,0.0,0.038901601830663615,0.018306636155606407,0.020594965675057208,0.236,0.284,0.373,0.657,0.276,21.7,4.8,,,,,,,,,
231,Matt Vierling,DET,103,513.4576271,567,122.1864407,0.2372881356261023,0.7528089886490981,0.2134831460067238,0.03370786516412537,0.02179176754850088,0.12106537530864198,0.09927360774250442,0.075060532680776,0.0,0.19612590793650794,0.009685230024691358,0.007263922518518519,0.0024213075061728395,0.024213075061728397,0.007263922518518519,0.01694915254320988,0.262,0.322815534,0.401069519,0.723885053,0.31010453,19.6125908,7.506053269,518,567,117,0.2345679012345679,0.717948717948718,0.23931623931623933,0.042735042735042736,0.02821869488536155,0.14109347442680775,0.10052910052910052,0.07231040564373897,0.001763668430335097,0.21340388007054673,0.005291005291005291,0.008818342151675485,0.0,0.010582010582010581,0.001763668430335097,0.008818342151675485,0.257,0.312,0.423,0.735,0.303,21.3,7.2,,,,,,,,,
232,Nelson Velazquez,KCR,105,208.7864078,230,39.0776699,0.213592233,0.7142857143588288,0.2714285715382432,0.014285714282058564,0.043689320391304354,0.1262135922173913,0.1334951456521739,0.07524271843478261,0.004854368930434783,0.30825242717391305,0.009708737865217391,0.007281553400000001,0.0024271844652173913,0.019417475726086958,0.007281553400000001,0.012135922330434782,0.235,0.298543689,0.435828877,0.734372566,0.301724138,30.82524272,7.524271845,205,230,33,0.1782608695652174,0.7272727272727273,0.24242424242424243,0.030303030303030304,0.034782608695652174,0.13478260869565217,0.11739130434782609,0.08260869565217391,0.0,0.26521739130434785,0.013043478260869565,0.013043478260869565,0.0,0.008695652173913044,0.0,0.008695652173913044,0.2,0.274,0.366,0.64,0.237,26.5,8.3,,,,,,,,,
233,Joey Gallo,WSN,109,218.7804878,260,27.902439029999996,0.15853658538461537,0.7045454545698905,0.2727272726881755,0.022727272706095043,0.05121951219230769,0.11951219511538462,0.13902439023076923,0.14390243903846153,0.004878048780769231,0.38536585384615385,0.012195121949999999,0.004878048780769231,0.0,0.004878048780769231,0.0024390243884615387,0.0024390243884615387,0.188,0.313868613,0.411594203,0.725462816,0.261904762,38.53658537,14.3902439,223,260,26,0.13846153846153847,0.6538461538461539,0.34615384615384615,0.0,0.038461538461538464,0.09230769230769231,0.10384615384615385,0.12307692307692308,0.0,0.3923076923076923,0.015384615384615385,0.0038461538461538464,0.0,0.011538461538461539,0.0038461538461538464,0.007692307692307693,0.161,0.277,0.336,0.613,0.232,39.2,12.3,,,,,,,,,
234,Will Benson,CIN,108,335.8239609,388,60.71393643,0.19070904644329897,0.7031249999613969,0.26562499993051436,0.03124999999279408,0.034229828840206186,0.12958435208762886,0.10757946211340207,0.11491442543814434,0.0024449877757731957,0.3080684595360825,0.009779951100515464,0.004889975548969072,0.0024449877757731957,0.03911980440721649,0.007334963324742268,0.03178484108247423,0.22,0.316953317,0.398305085,0.715258402,0.296296296,30.80684597,11.49144254,343,388,50,0.16494845360824742,0.58,0.38,0.04,0.03608247422680412,0.1056701030927835,0.11082474226804123,0.10309278350515463,0.0,0.39690721649484534,0.005154639175257732,0.005154639175257732,0.002577319587628866,0.041237113402061855,0.01804123711340206,0.023195876288659795,0.187,0.274,0.376,0.65,0.282,39.7,10.3,,,,,,,,,
235,Brayan Rocchio,CLE,100,405.1666667,442,95.3333333,0.23039215678733033,0.7500000002622377,0.22727272738715829,0.022727272738715828,0.014705882352941176,0.10784313726244343,0.09803921567873304,0.061274509796380085,0.0,0.17892156861990952,0.012254901961538462,0.007352941176470588,0.0024509803914027147,0.026960784321266966,0.007352941176470588,0.01960784313800905,0.251,0.304668305,0.363636364,0.668304668,0.295302013,17.89215686,6.12745098,383,442,71,0.17873303167420815,0.7464788732394366,0.2535211267605634,0.0,0.01809954751131222,0.11312217194570136,0.08144796380090498,0.09954751131221719,0.0022624434389140274,0.20361990950226244,0.01809954751131222,0.011312217194570135,0.004524886877828055,0.02262443438914027,0.013574660633484163,0.00904977375565611,0.206,0.298,0.316,0.614,0.245,20.4,10.0,,,,,,,,,
237,Patrick Bailey,SFG,105,406.0689655,448,83.862068967,0.20935960591517858,0.736842105270689,0.24999999997913241,0.013157894738254197,0.022167487685267856,0.10344827587053572,0.10344827587053572,0.07635467979910715,0.0024630541875,0.25862068973214286,0.0073891625625,0.0073891625625,0.0024630541875,0.004926108375,0.0024630541875,0.0024630541875,0.23,0.29382716,0.361413043,0.655240204,0.295719844,25.86206897,7.63546798,401,448,86,0.20982142857142858,0.8023255813953488,0.18604651162790697,0.011627906976744186,0.017857142857142856,0.10267857142857142,0.10267857142857142,0.08705357142857142,0.0,0.22321428571428573,0.0,0.015625,0.002232142857142857,0.008928571428571428,0.0,0.008928571428571428,0.234,0.298,0.339,0.637,0.287,22.3,8.7,,,,,,,,,
238,Davis Schneider,TOR,99,396.6881188,454,74.16831683000001,0.20544554455947137,0.6969696970268968,0.28787878790534494,0.015151515148655152,0.042079207929515416,0.12871287127753306,0.12871287127753306,0.10643564356828193,0.0,0.2772277226872247,0.012376237623348017,0.007425742574889868,0.002475247524229075,0.012376237623348017,0.00495049504845815,0.007425742574889868,0.235,0.324257426,0.439093484,0.76335091,0.290748899,27.72277228,10.64356436,397,454,63,0.16740088105726872,0.6825396825396826,0.30158730158730157,0.015873015873015872,0.028634361233480177,0.10572687224669604,0.1013215859030837,0.10352422907488987,0.0,0.31718061674008813,0.011013215859030838,0.011013215859030838,0.0,0.013215859030837005,0.0,0.013215859030837005,0.191,0.282,0.343,0.625,0.257,31.7,10.4,,,,,,,,,
239,Luke Raley,SEA,105,400.9405941,455,70.9529703,0.19801980197802196,0.7460317460451686,0.2380952381355062,0.015873015875700416,0.04207920791208791,0.12623762375824177,0.11881188118681318,0.07425742573626373,0.0024752475252747255,0.31188118813186816,0.03465346534065934,0.004950495050549451,0.0024752475252747255,0.022277227714285714,0.004950495050549451,0.017326732672527472,0.224,0.308457711,0.415730337,0.724188049,0.293023256,31.18811881,7.425742574,404,455,76,0.2153846153846154,0.7236842105263158,0.25,0.02631578947368421,0.04835164835164835,0.12747252747252746,0.12747252747252746,0.05934065934065934,0.0,0.2967032967032967,0.04395604395604396,0.004395604395604396,0.004395604395604396,0.024175824175824177,0.004395604395604396,0.01978021978021978,0.243,0.32,0.463,0.783,0.305,29.7,5.9,,,,,,,,,
240,Nicky Lopez,CHW,109,396.4143921,445,93.858560798,0.21339950373033706,0.800000000017047,0.16470588232511457,0.023529411768340888,0.0024813895775280897,0.10669975186516853,0.054590570719101124,0.08188585608988765,0.0024813895775280897,0.15632754341573035,0.00992555831235955,0.0049627791573033705,0.014888337469662921,0.03473945408988764,0.00992555831235955,0.024813895775280898,0.239,0.309045226,0.295264624,0.60430985,0.286195286,15.63275434,8.188585608,398,445,95,0.2157303370786517,0.8421052631578947,0.12631578947368421,0.031578947368421054,0.0022471910112359553,0.0898876404494382,0.04719101123595506,0.08314606741573034,0.0,0.15056179775280898,0.008988764044943821,0.0,0.01348314606741573,0.011235955056179775,0.015730337078651686,-0.0044943820224719105,0.241,0.312,0.294,0.606,0.288,15.1,8.3,,,,,,,,,
243,Kevin Kiermaier,TOR,107,256.3508772,281,57.045112780000004,0.21804511277580071,0.7530864197898777,0.22222222224169996,0.03703703704028333,0.015037593985765124,0.11528822053380784,0.08521303259786477,0.07268170427046264,0.002506265665480427,0.23057644110320283,0.010025062658362989,0.005012531327402135,0.002506265665480427,0.03007518797153025,0.007518796992882562,0.022556390978647686,0.24,0.30075188,0.357142857,0.657894737,0.302238806,23.05764411,7.268170426,259,281,46,0.18149466192170818,0.7391304347826086,0.1956521739130435,0.06521739130434782,0.017793594306049824,0.1103202846975089,0.09252669039145907,0.042704626334519574,0.0,0.30604982206405695,0.0071174377224199285,0.0035587188612099642,0.02491103202846975,0.021352313167259787,0.0071174377224199285,0.014234875444839857,0.197,0.237,0.313,0.55,0.272,30.6,4.3,,,,,,,,,
244,Elehuris Montero,COL,99,227.040404,247,48.027777778,0.22979797979757086,0.7272727272840844,0.2597402596402094,0.012987012992421111,0.035353535352226725,0.11363636364372469,0.12626262627530366,0.060606060607287446,0.0,0.2803030302834008,0.012626262627530364,0.007575757574898785,0.0,0.002525252526315789,0.0,0.002525252526315789,0.249,0.303030303,0.425824176,0.728854479,0.318181818,28.03030303,6.060606061,224,247,42,0.1862348178137652,0.7619047619047619,0.23809523809523808,0.0,0.016194331983805668,0.0931174089068826,0.11336032388663968,0.08097165991902834,0.0,0.22672064777327935,0.0,0.012145748987854251,0.0,0.0,0.0,0.0,0.205,0.267,0.304,0.571,0.251,22.7,8.1,,,,,,,,,
245,Michael Busch,CHC,101,506.7113924,567,101.91645568000001,0.20759493668430337,0.7323943662676632,0.2535211267660912,0.01408450704474106,0.027848101269841267,0.10632911391534391,0.11392405063492063,0.08354430379188713,0.0,0.27088607601410936,0.015189873417989419,0.0050632911393298065,0.0025316455696649033,0.0050632911393298065,0.0025316455696649033,0.0025316455696649033,0.234,0.307106599,0.382436261,0.68954286,0.299578059,27.08860759,8.35443038,496,567,102,0.21693121693121692,0.7058823529411765,0.27450980392156865,0.0196078431372549,0.037037037037037035,0.12874779541446207,0.1146384479717813,0.1111111111111111,0.001763668430335097,0.2857142857142857,0.007054673721340388,0.007054673721340388,0.0,0.003527336860670194,0.001763668430335097,0.001763668430335097,0.248,0.335,0.44,0.775,0.322,28.6,11.1,,,,,,,,,
246,Ryan O'Hearn,BAL,105,452.6243655,494,96.5431472,0.23350253805668017,0.7532467532817284,0.2467532468218521,0.012987012992259279,0.03807106599190284,0.11928934010121457,0.12944162437246964,0.0659898477125506,0.005076142131578948,0.23350253805668017,0.007614213198380567,0.007614213198380567,0.0025380710668016196,0.010152284263157896,0.0025380710668016196,0.007614213198380567,0.256,0.307888041,0.440443213,0.748331254,0.299610895,23.35025381,6.598984772,443,494,102,0.23684210526315788,0.7647058823529411,0.20588235294117646,0.029411764705882353,0.030364372469635626,0.1214574898785425,0.1194331983805668,0.0931174089068826,0.004048582995951417,0.1396761133603239,0.004048582995951417,0.006072874493927126,0.0,0.006072874493927126,0.0020242914979757085,0.004048582995951417,0.264,0.334,0.427,0.761,0.282,14.0,9.3,,,,,,,,,
247,Dominic Fletcher,CHW,98,220.1501272,241,46.605597963,0.21374045800829874,0.7631578948571122,0.21052631580415457,0.026315789467473073,0.020356234095435684,0.10178117049792532,0.0916030534439834,0.06361323153526971,0.0025445292614107887,0.24173027991701246,0.012722646311203319,0.0076335877842323655,0.0025445292614107887,0.010178117049792532,0.0025445292614107887,0.0076335877842323655,0.234,0.290816327,0.356545961,0.647362288,0.293436293,24.17302799,6.361323155,223,241,45,0.1908713692946058,0.8222222222222222,0.17777777777777778,0.0,0.004149377593360996,0.058091286307053944,0.07053941908713693,0.04564315352697095,0.004149377593360996,0.24066390041493776,0.012448132780082987,0.004149377593360996,0.008298755186721992,0.0,0.0,0.0,0.206,0.252,0.256,0.508,0.273,24.1,4.6,,,,,,,,,
249,Mark Vientos,NYM,99,416.7487179,454,79.15897436,0.21282051281938327,0.75,0.23529411769907627,0.0,0.03846153845814978,0.10512820513215859,0.12820512821585903,0.0666666666740088,0.005128205127753304,0.2923076922907489,0.007692307691629955,0.007692307691629955,0.0,0.002564102563876652,0.0,0.002564102563876652,0.232,0.287179487,0.399441341,0.686620828,0.293103448,29.23076923,6.666666667,413,454,83,0.2422907488986784,0.7349397590361446,0.26506024096385544,0.0,0.05947136563876652,0.1277533039647577,0.15638766519823788,0.07268722466960352,0.0,0.2973568281938326,0.006607929515418502,0.011013215859030838,0.0,0.0,0.0,0.0,0.266,0.322,0.516,0.837,0.324,29.7,7.3,,,,,,,,,
250,Ryan Jeffers,MIN,103,410.6493506,465,74.88311689,0.20259740260215053,0.7580645161096472,0.2419354838903528,0.016129032259356853,0.0415584415483871,0.11688311688172043,0.1220779220860215,0.0909090909032258,0.0025974025978494626,0.2883116883870968,0.015584415584946236,0.005194805195698925,0.005194805195698925,0.00779220779139785,0.0025974025978494626,0.005194805195698925,0.229,0.310704961,0.423529412,0.734234373,0.288372093,28.83116883,9.090909091,412,465,72,0.2,0.6944444444444444,0.3055555555555556,0.0,0.04516129032258064,0.12043010752688173,0.13763440860215054,0.06881720430107527,0.0,0.2021505376344086,0.030107526881720432,0.012903225806451613,0.002150537634408602,0.0064516129032258064,0.0,0.0064516129032258064,0.226,0.3,0.432,0.732,0.238,20.2,6.9,,,,,,,,,
251,Jake Fraley,CIN,99,335.3662338,382,73.42337662999999,0.2207792207853403,0.7432432431567402,0.24324324322483834,0.027027027018928864,0.028571428560209423,0.12987012986910995,0.10909090908376964,0.09870129869109948,0.005194805193717278,0.2,0.012987012986910995,0.007792207793193718,0.002597402596858639,0.04155844157068063,0.010389610390052356,0.031168831178010472,0.251,0.333333333,0.417159763,0.750493097,0.292490119,20.0,9.87012987,350,382,92,0.25392670157068065,0.7717391304347826,0.20652173913043478,0.021739130434782608,0.013089005235602094,0.11518324607329843,0.06806282722513089,0.06806282722513089,0.0,0.18324607329842932,0.007853403141361256,0.007853403141361256,0.0,0.05235602094240838,0.013089005235602094,0.03926701570680628,0.277,0.33,0.386,0.716,0.331,18.3,6.8,,,,,,,,,
252,Robbie Grossman,,96,211.2727273,245,41.999999996,0.19740259738775512,0.7272727274502164,0.24242424240404042,0.030303030312409815,0.025974025975510205,0.11948051946938776,0.10389610387755102,0.11948051946938776,0.0,0.23896103897959184,0.010389610387755103,0.007792207791836734,0.0025974025959183676,0.015584415583673468,0.005194805195918368,0.010389610387755103,0.229,0.327272727,0.379518072,0.7067908,0.283261803,23.8961039,11.94805195,208,245,41,0.17959183673469387,0.8048780487804879,0.1951219512195122,0.0,0.012244897959183673,0.08571428571428572,0.0653061224489796,0.13877551020408163,0.0,0.23673469387755103,0.004081632653061225,0.00816326530612245,0.0,0.012244897959183673,0.0,0.012244897959183673,0.212,0.322,0.293,0.616,0.275,23.7,13.9,,,,,,,,,
253,Adam Duvall,,91,299.0625,330,48.125,0.1953125,0.7142857142857143,0.26785714285714285,0.017857142857142856,0.049479166666666664,0.1171875,0.140625,0.0703125,0.0,0.3020833333333333,0.013020833333333334,0.0078125,0.0,0.0078125,0.0026041666666666665,0.005208333333333333,0.216,0.279373368,0.42816092,0.707534288,0.259259259,30.20833333,7.03125,303,330,44,0.16666666666666666,0.7727272727272727,0.22727272727272727,0.0,0.03333333333333333,0.08787878787878788,0.09090909090909091,0.06363636363636363,0.0,0.3,0.015151515151515152,0.0030303030303030303,0.0,0.0,0.0,0.0,0.182,0.245,0.323,0.569,0.227,30.0,6.4,,,,,,,,,
254,Mickey Moniak,LAA,95,389.4750656,418,73.50656168,0.21522309710526316,0.701492537285006,0.26865671647070294,0.02985074627149939,0.03937007873205742,0.1207349081339713,0.1207349081339713,0.04986876641148325,0.002624671916267943,0.3123359578947369,0.007874015748803828,0.005249343832535886,0.002624671916267943,0.01574803149521531,0.005249343832535886,0.010498687665071772,0.231,0.274406332,0.41971831,0.694124642,0.30044843,31.2335958,4.98687664,392,418,72,0.20574162679425836,0.7361111111111112,0.2361111111111111,0.027777777777777776,0.03349282296650718,0.11483253588516747,0.11722488038277512,0.050239234449760764,0.0,0.2727272727272727,0.009569377990430622,0.0023923444976076554,0.0,0.019138755980861243,0.009569377990430622,0.009569377990430622,0.219,0.266,0.38,0.646,0.272,27.3,5.0,,,,,,,,,
255,Michael A. Taylor,,97,272.9442971,300,51.72413793,0.20689655173333332,0.7538461538550769,0.21538461530430772,0.030769230763282054,0.03448275863333333,0.12466843500000001,0.11405835543333334,0.07161803713333334,0.0,0.3076923077,0.007957559683333332,0.005305039786666667,0.005305039786666667,0.02917771883333333,0.005305039786666667,0.023872679046666668,0.227,0.288,0.393586006,0.681586006,0.300925926,30.76923077,7.161803714,269,300,47,0.17333333333333334,0.7872340425531915,0.19148936170212766,0.02127659574468085,0.016666666666666666,0.11666666666666667,0.07,0.07666666666666666,0.0,0.35,0.0,0.013333333333333334,0.013333333333333334,0.04,0.0033333333333333335,0.03666666666666667,0.193,0.253,0.29,0.543,0.288,35.0,7.7,,,,,,,,,
257,Nick Senzel,WSN,98,240.0159574,267,51.837765953,0.2180851063670412,0.7671232877986061,0.21917808225573163,0.027397260277143717,0.023936170213483144,0.11170212767790262,0.1010638297752809,0.07446808509363297,0.0,0.2101063829962547,0.007978723404494382,0.005319148936329588,0.002659574468164794,0.023936170213483144,0.007978723404494382,0.015957446808988765,0.242,0.30458221,0.384615385,0.689197595,0.28968254,21.0106383,7.446808511,236,267,39,0.17228464419475656,0.717948717948718,0.28205128205128205,0.0,0.026217228464419477,0.09363295880149813,0.06741573033707865,0.10486891385767791,0.003745318352059925,0.22846441947565543,0.003745318352059925,0.0,0.003745318352059925,0.003745318352059925,0.011235955056179775,-0.00749063670411985,0.195,0.283,0.331,0.614,0.232,22.8,10.5,,,,,,,,,
258,Kyle Isbel,KCR,100,388.310992,426,84.5147453,0.22252010723004695,0.7162162162961638,0.24324324325923277,0.04054054053926138,0.02412868633802817,0.12332439678403756,0.10187667561032863,0.06970509382629109,0.002680965147887324,0.201072386056338,0.010723860589201878,0.005361930295774648,0.002680965147887324,0.03217158176056338,0.008042895441314554,0.02412868633802817,0.243,0.303763441,0.394117647,0.697881088,0.286821705,20.10723861,6.970509383,384,426,80,0.20657276995305165,0.7375,0.1625,0.1,0.018779342723004695,0.14553990610328638,0.09859154929577464,0.06338028169014084,0.0,0.20657276995305165,0.011737089201877934,0.004694835680751174,0.018779342723004695,0.025821596244131457,0.004694835680751174,0.02112676056338028,0.229,0.287,0.367,0.654,0.276,20.7,6.3,,,,,,,,,
259,Dylan Carlson,STL,94,233.655914,265,52.002688166999995,0.22043010750943395,0.726027397252108,0.24657534258271263,0.027397260280558146,0.024193548388679247,0.11827956988679245,0.11290322581132076,0.09408602150943396,0.002688172041509434,0.19623655913207547,0.016129032256603774,0.008064516128301887,0.0,0.008064516128301887,0.002688172041509434,0.0053763440867924525,0.251,0.330645161,0.399390244,0.730035405,0.293172691,19.62365591,9.408602151,235,265,46,0.18490566037735848,0.8478260869565217,0.15217391304347827,0.0,0.011320754716981131,0.07169811320754717,0.09433962264150944,0.0830188679245283,0.0,0.2830188679245283,0.018867924528301886,0.011320754716981131,0.0,0.007547169811320755,0.0037735849056603774,0.0037735849056603774,0.209,0.287,0.277,0.563,0.288,28.3,8.3,,,,,,,,,
261,Connor Joe,PIT,91,362.8695652,416,75.73913044,0.20652173913461538,0.7462686566592697,0.23880597010984117,0.014925373138466681,0.024456521730769232,0.11413043478365384,0.10597826086538462,0.10597826086538462,0.0,0.22554347826923077,0.013586956521634616,0.005434782608173077,0.0,0.010869565216346154,0.0027173913052884616,0.008152173913461538,0.238,0.326975477,0.37694704,0.703922517,0.29004329,22.55434783,10.59782609,364,416,74,0.19951923076923078,0.6891891891891891,0.2972972972972973,0.013513513513513514,0.021634615384615384,0.11778846153846154,0.08653846153846154,0.10576923076923077,0.002403846153846154,0.21875,0.014423076923076924,0.004807692307692308,0.0,0.004807692307692308,0.004807692307692308,0.0,0.228,0.32,0.368,0.688,0.278,21.9,10.6,,,,,,,,,
262,Eddie Rosario,,94,292.9237057,319,60.84468664800001,0.22070844686520377,0.7428571428346029,0.2285714286024208,0.028571428579411424,0.029972752043887146,0.1117166212539185,0.11989100818181818,0.0681198910031348,0.0027247956394984324,0.223433242507837,0.0027247956394984324,0.008174386921630094,0.0027247956394984324,0.01362397820062696,0.0027247956394984324,0.010899182561128528,0.24,0.292349727,0.397626113,0.68997584,0.28340081,22.34332425,6.811989101,297,319,42,0.16300940438871472,0.7142857142857143,0.2857142857142857,0.0,0.03134796238244514,0.10344827586206896,0.109717868338558,0.050156739811912224,0.0,0.2413793103448276,0.0,0.012539184952978056,0.006269592476489028,0.02821316614420063,0.003134796238244514,0.025078369905956112,0.175,0.215,0.316,0.531,0.196,24.1,5.0,,,,,,,,,
263,Trent Grisham,NYY,94,179.2246575,209,30.347945204000002,0.18904109588516746,0.6981132075857164,0.24528301886543763,0.018867924538249405,0.043835616440191384,0.13972602741626794,0.11780821918660286,0.12054794521531101,0.002739726028708134,0.279452054784689,0.010958904110047846,0.005479452052631579,0.008219178081339713,0.027397260272727274,0.005479452052631579,0.021917808220095692,0.219,0.32231405,0.415335463,0.737649513,0.269035533,27.94520548,12.05479452,179,209,25,0.16267942583732056,0.68,0.32,0.0,0.0430622009569378,0.10047846889952153,0.14832535885167464,0.10526315789473684,0.004784688995215311,0.2727272727272727,0.019138755980861243,0.009569377990430622,0.004784688995215311,0.004784688995215311,0.004784688995215311,0.0,0.19,0.29,0.385,0.675,0.217,27.3,10.5,,,,,,,,,
264,Alejandro Kirk,TOR,96,340.2754821,386,77.62534435,0.22865013774611398,0.8082191780963094,0.19178082190369053,0.0,0.02754820937823834,0.11294765839378239,0.11570247932642487,0.09917355373056994,0.002754820937823834,0.1184573002849741,0.01101928374611399,0.00826446281088083,0.0,0.0,0.0,0.0,0.26,0.338842975,0.396875,0.735717975,0.27037037,11.84573003,9.917355372,340,386,81,0.22279792746113988,0.7530864197530864,0.2345679012345679,0.012345679012345678,0.012953367875647668,0.05958549222797927,0.13989637305699482,0.09067357512953368,0.0025906735751295338,0.13212435233160622,0.0051813471502590676,0.023316062176165803,0.0,0.0,0.0,0.0,0.253,0.319,0.359,0.677,0.276,13.2,9.1,,,,,,,,,
266,Zach McKinstry,DET,93,290.0826446,325,61.77685950000001,0.21487603304615385,0.724637681201648,0.23188405797805242,0.04347826086886142,0.02479338843076923,0.1212121212,0.09917355372307692,0.08539944904615385,0.0027548209353846155,0.22038567492307695,0.011019283747692307,0.0055096418738461534,0.0027548209353846155,0.027548209366153847,0.0055096418738461534,0.022038567492307693,0.24,0.313019391,0.391975309,0.704994699,0.291139241,22.03856749,8.539944904,297,325,60,0.19692307692307692,0.6833333333333333,0.23333333333333334,0.08333333333333333,0.012307692307692308,0.09846153846153846,0.07076923076923076,0.07384615384615385,0.0,0.2123076923076923,0.006153846153846154,0.006153846153846154,0.0,0.04923076923076923,0.0,0.04923076923076923,0.215,0.277,0.337,0.614,0.265,21.2,7.4,,,,,,,,,
267,Connor Wong,BOS,101,449.4352617,487,87.20385675,0.21487603305954828,0.7230769230857441,0.2461538461714883,0.030769230765702347,0.03581267217659137,0.11845730026694044,0.11570247934291582,0.05785123967145791,0.0,0.3112947659137577,0.011019283747433266,0.0055096418726899386,0.0027548209363449693,0.016528925620123203,0.0055096418726899386,0.011019283747433266,0.232,0.284530387,0.408955224,0.693485611,0.308056872,31.12947658,5.785123967,447,487,112,0.25667351129363447,0.7767857142857143,0.21428571428571427,0.008928571428571428,0.026694045174537988,0.11088295687885011,0.10677618069815195,0.057494866529774126,0.002053388090349076,0.23408624229979466,0.018480492813141684,0.004106776180698152,0.002053388090349076,0.01642710472279261,0.014373716632443531,0.002053388090349076,0.28,0.333,0.425,0.758,0.348,23.4,5.7,,,,,,,,,
268,Pete Crow-Armstrong,CHC,109,372.6243094,410,83.81215469,0.2292817679512195,0.7297297297297297,0.21621621621621623,0.04054054054054054,0.024861878463414634,0.12430939226829268,0.10220994475609756,0.06629834253658537,0.00276243093902439,0.2679558012195122,0.013812154695121951,0.00552486187804878,0.00552486187804878,0.04143646409756098,0.00552486187804878,0.035911602219512194,0.251,0.311111111,0.398176292,0.709287403,0.328888889,26.79558011,6.629834254,372,410,78,0.2146341463414634,0.7564102564102564,0.16666666666666666,0.07692307692307693,0.024390243902439025,0.11219512195121951,0.11463414634146342,0.05121951219512195,0.004878048780487805,0.23902439024390243,0.014634146341463415,0.007317073170731708,0.01951219512195122,0.06585365853658537,0.007317073170731708,0.05853658536585366,0.237,0.286,0.384,0.67,0.292,23.9,5.1,,,,,,,,,
269,Victor Robles,WSN,97,259.9585635,295,55.41436464,0.20718232044067797,0.7647058824060172,0.20588235296240687,0.029411764703759308,0.019337016576271186,0.1215469613220339,0.07734806630508474,0.06906077349152542,0.0027624309389830508,0.22099447515254236,0.027624309393220338,0.0055248618779661016,0.013812154694915254,0.05248618783050848,0.011049723755932203,0.041436464101694916,0.235,0.308988764,0.357366771,0.666355535,0.290598291,22.09944751,6.906077348,254,295,74,0.26440677966101694,0.7297297297297297,0.2702702702702703,0.0,0.013559322033898305,0.14915254237288136,0.09491525423728814,0.0711864406779661,0.0,0.17966101694915254,0.03728813559322034,0.010169491525423728,0.020338983050847456,0.1152542372881356,0.006779661016949152,0.10847457627118644,0.307,0.381,0.433,0.814,0.37,18.0,7.1,,,,,,,,,
270,Jake Rogers,DET,97,300.5927978,337,52.27700831,0.1911357340652819,0.732142857200927,0.2500000000478222,0.017857142866024116,0.0360110803264095,0.1108033240949555,0.11911357341246291,0.08587257617210682,0.0027700831038575667,0.31578947359050447,0.011080332409495549,0.005540166204747774,0.005540166204747774,0.005540166204747774,0.0027700831038575667,0.0027700831038575667,0.216,0.289693593,0.385093168,0.674786761,0.284263959,31.57894737,8.587257618,310,337,51,0.18100890207715134,0.6666666666666666,0.3137254901960784,0.0196078431372549,0.02967359050445104,0.12759643916913946,0.10682492581602374,0.06528189910979229,0.002967359050445104,0.29376854599406527,0.008902077151335312,0.005934718100890208,0.0,0.002967359050445104,0.0,0.002967359050445104,0.197,0.255,0.352,0.607,0.251,29.4,6.5,,,,,,,,,
271,Cavan Biggio,TOR,96,192.2666667,224,37.333333338,0.19444444446428572,0.7166666666961309,0.2666666666452381,0.016666666658630952,0.027777777776785716,0.11944444446428572,0.10277777776785714,0.11944444446428572,0.0027777777767857142,0.2638888888839286,0.011111111111607144,0.00833333333482143,0.0027777777767857142,0.016666666665178572,0.0027777777767857142,0.013888888888392858,0.225,0.325905292,0.381877023,0.707782315,0.289855072,26.38888889,11.94444444,188,224,32,0.16517857142857142,0.84375,0.15625,0.0,0.022321428571428572,0.12053571428571429,0.08482142857142858,0.10714285714285714,0.0,0.32142857142857145,0.03571428571428571,0.0,0.008928571428571428,0.008928571428571428,0.0,0.008928571428571428,0.197,0.314,0.303,0.617,0.288,32.1,10.7,,,,,,,,,
273,Danny Jansen,TOR,95,288.8022284,324,52.34540390000001,0.21169916435185185,0.706896551809776,0.2758620689523421,0.01724137931429735,0.05013927577160494,0.12534818941358025,0.14484679666666667,0.08356545959876543,0.0,0.217270195,0.01671309192283951,0.005571030641975308,0.002785515320987654,0.002785515320987654,0.0,0.002785515320987654,0.236,0.312849162,0.4625,0.775349162,0.256637168,21.7270195,8.356545961,278,324,48,0.17592592592592593,0.7291666666666666,0.2708333333333333,0.0,0.027777777777777776,0.10802469135802469,0.07407407407407407,0.12345679012345678,0.0,0.1882716049382716,0.009259259259259259,0.009259259259259259,0.0,0.0,0.0,0.0,0.205,0.309,0.349,0.658,0.227,18.8,12.3,,,,,,,,,
274,Jake Meyers,HOU,96,465.7122905,513,97.44134076,0.21787709493177387,0.7500000002052517,0.2352941176832797,0.014705882357770627,0.02793296089668616,0.12011173185185185,0.10614525140350876,0.07262569832358674,0.0,0.2541899440545809,0.013966480446393762,0.005586592179337232,0.002793296089668616,0.019553072631578947,0.005586592179337232,0.013966480446393762,0.239,0.304469274,0.387692308,0.692161581,0.300884956,25.41899441,7.262569832,461,513,88,0.1968810916179337,0.7386363636363636,0.22727272727272727,0.03409090909090909,0.025341130604288498,0.09941520467836257,0.1189083820662768,0.0682261208576998,0.0,0.22807017543859648,0.01949317738791423,0.007797270955165692,0.005847953216374269,0.021442495126705652,0.005847953216374269,0.015594541910331383,0.219,0.286,0.36,0.646,0.263,22.8,6.8,,,,,,,,,
275,Jason Heyward,LAD,97,229.8151261,258,46.252100837,0.21568627449612401,0.7500000000486464,0.2500000000162155,0.015625000009121207,0.03641456582558139,0.12605042015503876,0.12324929972868218,0.08683473387596899,0.002801120449612403,0.1820728291472868,0.011204481794573644,0.005602240895348837,0.0,0.00840336134496124,0.002801120449612403,0.005602240895348837,0.242,0.315492958,0.424528302,0.74002126,0.26446281,18.20728291,8.683473389,228,258,38,0.18604651162790697,0.631578947368421,0.3157894736842105,0.05263157894736842,0.03875968992248062,0.12790697674418605,0.1434108527131783,0.08527131782945736,0.007751937984496124,0.2054263565891473,0.015503875968992248,0.011627906976744186,0.0,0.01937984496124031,0.0,0.01937984496124031,0.211,0.288,0.412,0.7,0.226,20.5,8.5,,,,,,,,,
276,Mike Tauchman,CHC,89,302.8089888,350,67.83707865599999,0.2106741573142857,0.7536231884224612,0.21739130431578002,0.028985507247017737,0.016853932582857143,0.11516853931428571,0.09269662919999999,0.11516853931428571,0.0028089887628571426,0.23033707865714287,0.008426966291428572,0.0056179775285714285,0.0028089887628571426,0.016853932582857143,0.0056179775285714285,0.011235955057142857,0.242,0.336158192,0.363636364,0.699794556,0.310810811,23.03370787,11.51685393,298,350,67,0.21142857142857144,0.8059701492537313,0.1791044776119403,0.014925373134328358,0.02,0.14285714285714285,0.08285714285714285,0.13428571428571429,0.0,0.2,0.011428571428571429,0.002857142857142857,0.0,0.017142857142857144,0.005714285714285714,0.011428571428571429,0.248,0.357,0.366,0.723,0.302,20.0,13.4,,,,,,,,,
277,Isiah Kiner-Falefa,TOR,93,455.5955056,496,110.067415719,0.23033707862903227,0.8227848101858095,0.17721518991412927,0.012658227849711327,0.00842696629233871,0.11235955056451613,0.0758426966330645,0.06179775280241936,0.0,0.16292134830645164,0.011235955056451611,0.005617977528225806,0.002808988764112903,0.042134831451612904,0.014044943820564516,0.028089887641129033,0.252,0.304225352,0.330275229,0.634500581,0.294776119,16.29213483,6.179775281,465,496,117,0.25201612903225806,0.811965811965812,0.15384615384615385,0.03418803418803419,0.016129032258064516,0.10685483870967742,0.08669354838709678,0.03225806451612903,0.0,0.15725806451612903,0.020161290322580645,0.004032258064516129,0.006048387096774193,0.02217741935483871,0.004032258064516129,0.018145161290322582,0.269,0.306,0.376,0.683,0.307,15.7,3.2,,,,,,,,,
278,Paul DeJong,CHW,93,437.1943662,482,73.31830984999999,0.18873239435684647,0.7592592593021974,0.24074074083419425,0.018518518522559754,0.03661971831950207,0.10422535211618257,0.10985915493775933,0.0676056337966805,0.0,0.292957746473029,0.014084507041493777,0.005633802817427386,0.0,0.011267605632780084,0.005633802817427386,0.005633802817427386,0.208,0.271954674,0.378881988,0.650836662,0.260869565,29.29577465,6.76056338,445,482,77,0.2095435684647303,0.7792207792207793,0.22077922077922077,0.0,0.04979253112033195,0.11203319502074689,0.11618257261410789,0.04771784232365145,0.0,0.3236514522821577,0.01867219917012448,0.01037344398340249,0.0,0.004149377593360996,0.004149377593360996,0.0,0.227,0.276,0.427,0.703,0.285,32.4,4.8,,,,,,,,,
282,Austin Wells,NYY,89,372.6,414,72.15428571000001,0.21142857142512078,0.7213114755120759,0.262295082042189,0.016393442625904416,0.03714285714975845,0.11714285714975844,0.12285714285024155,0.07999999999999999,0.002857142857487923,0.24857142850241545,0.011428571427536232,0.008571428572463768,0.0,0.008571428572463768,0.002857142857487923,0.005714285714975846,0.236,0.302857143,0.415873016,0.718730159,0.279816514,24.85714286,8.0,354,414,68,0.1956521739130435,0.7205882352941176,0.2647058823529412,0.014705882352941176,0.03140096618357488,0.10144927536231885,0.13285024154589373,0.11352657004830918,0.0,0.21014492753623187,0.012077294685990338,0.016908212560386472,0.0024154589371980675,0.0024154589371980675,0.004830917874396135,-0.0024154589371980675,0.229,0.322,0.395,0.718,0.261,21.0,11.4,,,,,,,,,
285,Enrique Hernandez,LAD,81,355.0789474,393,71.24561403999999,0.21052631580152673,0.7419354837804133,0.24193548392077277,0.0161290322567062,0.029239766081424937,0.1081871345038168,0.11403508770992365,0.07309941521628499,0.0,0.1900584795419847,0.011695906432569974,0.00877192982442748,0.0,0.005847953216284987,0.0029239766081424934,0.0029239766081424934,0.232,0.296187683,0.385113269,0.681300952,0.261603376,19.00584795,7.30994152,362,393,71,0.21119592875318066,0.7746478873239436,0.22535211267605634,0.0,0.030534351145038167,0.11195928753180662,0.10687022900763359,0.06870229007633588,0.0,0.19592875318066158,0.0,0.007633587786259542,0.002544529262086514,0.0,0.0,0.0,0.229,0.281,0.373,0.654,0.257,19.6,6.9,,,,,,,,,
286,Garrett Mitchell,MIL,85,200.8731563,224,40.306784664999995,0.20648967553571426,0.7540983606760737,0.21311475406419647,0.03278688523492029,0.026548672566964283,0.1209439528125,0.0973451327232143,0.08554572272321428,0.0029498525089285714,0.3067846607589286,0.008849557522321428,0.005899705013392857,0.0029498525089285714,0.035398230089285714,0.005899705013392857,0.029498525075892856,0.231,0.301775148,0.375,0.676775148,0.316062176,30.67846608,8.554572271,196,224,42,0.22321428571428573,0.6428571428571429,0.2857142857142857,0.07142857142857142,0.03571428571428571,0.14732142857142858,0.09375,0.11160714285714286,0.0,0.3169642857142857,0.004464285714285714,0.0,0.008928571428571428,0.049107142857142856,0.017857142857142856,0.03125,0.255,0.342,0.469,0.812,0.359,31.7,11.2,,,,,,,,,
288,Abraham Toro,OAK,95,328.25,364,66.083333333,0.20535714285714285,0.7213114754639158,0.24590163934550266,0.032786885251111154,0.02380952381043956,0.10119047618131868,0.10416666667582417,0.0744047618956044,0.002976190475274725,0.2023809523901099,0.014880952381868132,0.008928571428571428,0.002976190475274725,0.014880952381868132,0.002976190475274725,0.011904761903846152,0.228,0.294642857,0.369636964,0.664279821,0.265217391,20.23809524,7.44047619,337,364,75,0.22252747252747251,0.76,0.22666666666666666,0.013333333333333334,0.016483516483516484,0.09340659340659341,0.07142857142857142,0.054945054945054944,0.0027472527472527475,0.17032967032967034,0.013736263736263736,0.0,0.005494505494505495,0.01098901098901099,0.005494505494505495,0.005494505494505495,0.24,0.293,0.35,0.643,0.279,17.0,5.5,,,,,,,,,
289,Mauricio Dubon,HOU,86,398.2598187,428,94.392749283,0.2416918429906542,0.7808219174655819,0.2054794519423236,0.01369863013655093,0.021148036254672896,0.11480362537383178,0.10574018126168223,0.051359516612149526,0.0,0.14501510574766355,0.006042296072429907,0.009063444109813084,0.0030211480373831777,0.018126888217289718,0.006042296072429907,0.012084592144859813,0.259,0.3,0.383116883,0.683116883,0.28515625,14.50151057,5.135951662,402,428,104,0.2523364485981308,0.7596153846153846,0.2403846153846154,0.0,0.009345794392523364,0.10514018691588785,0.10981308411214953,0.037383177570093455,0.0,0.12850467289719625,0.004672897196261682,0.011682242990654205,0.007009345794392523,0.007009345794392523,0.004672897196261682,0.002336448598130841,0.269,0.296,0.361,0.657,0.299,12.9,3.7,,,,,,,,,
292,Joey Ortiz,MIL,93,473.4954128,511,110.951070343,0.23241590215264188,0.7464788732002111,0.2253521126268023,0.02816901408285678,0.01529051987671233,0.1039755351663405,0.09785932722113504,0.05810397553816047,0.003058103974559687,0.20795107025440315,0.006116207951076321,0.006116207951076321,0.003058103974559687,0.01529051987671233,0.003058103974559687,0.012232415902152642,0.252,0.297546012,0.366336634,0.663882646,0.306034483,20.79510703,5.810397554,440,511,94,0.2054794520547945,0.6702127659574468,0.26595744680851063,0.06382978723404255,0.021526418786692758,0.11350293542074363,0.11741682974559686,0.1095890410958904,0.0,0.20156555772994128,0.011741682974559686,0.011741682974559686,0.005870841487279843,0.021526418786692758,0.011741682974559686,0.009784735812133072,0.239,0.329,0.398,0.726,0.283,20.2,11.0,,,,,,,,,
293,Adam Frazier,KCR,85,265.9569231,294,65.132307696,0.2307692307823129,0.7499999999692932,0.20833333333333334,0.02777777777265999,0.009230769231292518,0.11076923078231292,0.08615384615646259,0.07384615384353742,0.0030769230782312926,0.12923076921768709,0.012307692306122449,0.006153846153061224,0.006153846153061224,0.021538461537414965,0.009230769231292518,0.012307692306122449,0.254,0.317901235,0.346938776,0.66484001,0.28685259,12.92307692,7.384615385,262,294,49,0.18027210884353742,0.7755102040816326,0.20408163265306123,0.02040816326530612,0.013605442176870748,0.11904761904761904,0.07482993197278912,0.07482993197278912,0.0,0.20068027210884354,0.023809523809523808,0.0,0.01020408163265306,0.01020408163265306,0.0,0.01020408163265306,0.202,0.282,0.294,0.576,0.246,20.1,7.5,,,,,,,,,
296,Gio Urshela,DET,82,426.6397516,461,104.51242237,0.248447204989154,0.7671232875663755,0.20547945204037663,0.013698630139214523,0.02173913043383948,0.10559006210412147,0.11490683229934924,0.0590062111713666,0.0,0.17701863353579175,0.006211180123644252,0.006211180123644252,0.0,0.006211180123644252,0.0031055900629067246,0.0031055900629067246,0.268,0.314641745,0.39261745,0.707259194,0.309322034,17.70186335,5.900621118,432,461,99,0.23427331887201736,0.797979797979798,0.1919191919191919,0.010101010101010102,0.019522776572668113,0.0737527114967462,0.11279826464208242,0.049891540130151846,0.0021691973969631237,0.1561822125813449,0.0021691973969631237,0.010845986984815618,0.0,0.0,0.0,0.0,0.25,0.286,0.361,0.647,0.278,15.6,5.0,,,,,,,,,
298,Travis d'Arnaud,ATL,81,308.0685358,341,65.86292835,0.22429906542521993,0.7580645161216856,0.22580645155902787,0.01612903225855429,0.03115264797653959,0.11838006231671554,0.12149532709677419,0.068535825542522,0.0,0.22429906542521993,0.012461059190615834,0.006230529595307917,0.0,0.0,0.0,0.0,0.249,0.308176101,0.406896552,0.715072652,0.295238095,22.42990654,6.853582555,307,341,58,0.21407624633431085,0.7241379310344828,0.27586206896551724,0.0,0.04398826979472141,0.11730205278592376,0.14076246334310852,0.07038123167155426,0.0,0.26099706744868034,0.017595307917888565,0.011730205278592375,0.0,0.002932551319648094,0.0,0.002932551319648094,0.238,0.302,0.436,0.739,0.28,26.1,7.0,,,,,,,,,
301,Nick Fortes,MIA,90,304.4496855,335,63.20754717500001,0.21698113208955225,0.7499999999802238,0.2166666665941542,0.01666666665743781,0.028301886791044777,0.11006289307462687,0.10691823898507463,0.06289308176119404,0.0,0.18867924528358207,0.01572327043880597,0.006289308176119403,0.0031446540865671642,0.01572327043880597,0.006289308176119403,0.009433962262686568,0.237,0.297468354,0.380622837,0.678091192,0.27027027,18.86792453,6.289308176,308,335,66,0.208955223880597,0.7575757575757576,0.24242424242424243,0.0,0.011940298507462687,0.08358208955223881,0.08656716417910448,0.03283582089552239,0.0,0.12238805970149254,0.011940298507462687,0.014925373134328358,0.020895522388059702,0.0,0.0029850746268656717,-0.0029850746268656717,0.227,0.259,0.318,0.577,0.246,12.2,3.3,,,,,,,,,
302,Johan Rojas,PHI,90,335.6037736,363,78.76415094400001,0.22955974842975208,0.7681159420230974,0.20289855078057423,0.028985507247112817,0.01257861635261708,0.11949685534435261,0.07861635220385675,0.04402515724517907,0.0,0.2138364779889807,0.00943396226446281,0.00628930817630854,0.01257861635261708,0.053459119504132235,0.00943396226446281,0.04402515724517907,0.248,0.287539936,0.350340136,0.637880072,0.308035714,21.3836478,4.402515723,338,363,79,0.22589531680440772,0.810126582278481,0.1518987341772152,0.0379746835443038,0.008264462809917356,0.12947658402203857,0.0881542699724518,0.03581267217630854,0.0,0.19008264462809918,0.011019283746556474,0.0,0.02203856749311295,0.06887052341597796,0.011019283746556474,0.05785123966942149,0.243,0.279,0.322,0.601,0.297,19.0,3.6,,,,,,,,,
305,Hunter Goodman,COL,78,206.9333333,224,43.377777777,0.23174603174107142,0.7049180328507543,0.27868852462077565,0.016393442620683284,0.03809523809375,0.120634920625,0.1333333333482143,0.05714285714285715,0.0,0.2698412698214286,0.009523809522321429,0.006349206348214286,0.0,0.003174603174107143,0.0,0.003174603174107143,0.252,0.299363057,0.439862543,0.7392256,0.31122449,26.98412698,5.714285714,211,224,27,0.17857142857142858,0.6666666666666666,0.3333333333333333,0.0,0.05803571428571429,0.10714285714285714,0.16071428571428573,0.03571428571428571,0.0,0.2857142857142857,0.013392857142857142,0.008928571428571428,0.0,0.004464285714285714,0.004464285714285714,0.0,0.19,0.228,0.417,0.645,0.199,28.6,3.6,,,,,,,,,
306,Ezequiel Duran,TEX,82,265.0318471,285,55.366242037000006,0.2292993630526316,0.7377049179661663,0.24590163932205544,0.032786885242940725,0.035031847133333335,0.12738853501754388,0.11783439491228069,0.05414012740350877,0.0,0.2611464968070175,0.009554140126315789,0.006369426750877193,0.0031847133754385965,0.02229299363157895,0.006369426750877193,0.015923566880701755,0.248,0.292993631,0.428082192,0.721075822,0.303482587,26.11464968,5.414012739,268,285,63,0.23157894736842105,0.8253968253968254,0.1746031746031746,0.0,0.010526315789473684,0.0912280701754386,0.07017543859649122,0.04912280701754386,0.0,0.22105263157894736,0.007017543859649123,0.0035087719298245615,0.0,0.0035087719298245615,0.007017543859649123,-0.0035087719298245615,0.246,0.288,0.321,0.609,0.31,22.1,4.9,,,,,,,,,
307,Harold Ramirez,TBR,79,227.1373802,246,57.373801916000005,0.2555910543089431,0.7808219177385008,0.2054794520547945,0.0136986301369863,0.02236421725203252,0.11501597443089431,0.1118210862601626,0.05111821085365854,0.0,0.16932907349593496,0.015974440894308942,0.006389776357723577,0.0,0.012779552715447154,0.0031948881788617886,0.009584664536585366,0.276,0.323717949,0.408304498,0.732022447,0.316017316,16.93290735,5.111821086,238,246,60,0.25203252032520324,0.8666666666666667,0.11666666666666667,0.016666666666666666,0.008130081300813009,0.11382113821138211,0.11788617886178862,0.02032520325203252,0.0,0.2032520325203252,0.008130081300813009,0.0040650406504065045,0.0,0.024390243902439025,0.008130081300813009,0.016260162601626018,0.261,0.28,0.324,0.604,0.321,20.3,2.0,,,,,,,,,
308,Tyrone Taylor,NYM,85,317.3557692,345,61.92307692000001,0.217948717942029,0.7142857143087843,0.2678571428456078,0.017857142861756874,0.03846153846376812,0.11858974359420289,0.12179487179710145,0.05769230768115942,0.0,0.23717948718840579,0.016025641026086956,0.006410256411594203,0.0,0.02243589743478261,0.006410256411594203,0.016025641026086956,0.236,0.291666667,0.421602787,0.713269454,0.275862069,23.71794872,5.769230769,319,345,72,0.2289855072463768,0.6527777777777778,0.3055555555555556,0.041666666666666664,0.020289855072463767,0.13623188405797101,0.10144927536231885,0.05507246376811594,0.002898550724637681,0.2318840579710145,0.014492753623188406,0.002898550724637681,0.002898550724637681,0.03188405797101449,0.005797101449275362,0.02608695652173913,0.248,0.299,0.401,0.701,0.309,23.2,5.5,,,,,,,,,
310,Josh Rojas,SEA,82,422.4308682,476,88.77170418099999,0.20257234726890755,0.7586206896815866,0.2068965517723049,0.017241379312481268,0.016077170418067225,0.10932475884453782,0.08038585207983194,0.09324758842436975,0.0032154340840336135,0.2282958199579832,0.006430868168067227,0.006430868168067227,0.006430868168067227,0.02893890674369748,0.00964630225,0.01929260450210084,0.227,0.30420712,0.329710145,0.633917265,0.287128713,22.82958199,9.324758842,422,476,87,0.19957983193277312,0.7586206896551724,0.21839080459770116,0.022988505747126436,0.01680672268907563,0.10084033613445378,0.06512605042016807,0.09663865546218488,0.0021008403361344537,0.226890756302521,0.0063025210084033615,0.004201680672268907,0.0021008403361344537,0.02100840336134454,0.008403361344537815,0.012605042016806723,0.225,0.304,0.336,0.641,0.282,22.7,9.7,,,,,,,,,
311,Manuel Margot,MIN,79,316.2727273,343,75.727272728,0.2402597402623907,0.7500000000528211,0.22058823523197515,0.014705882357601863,0.019480519481049563,0.12012987011661806,0.09740259740524783,0.0649350649271137,0.0,0.1590909090962099,0.0064935064927113696,0.0064935064927113696,0.003246753247813411,0.032467532478134116,0.009740259740524781,0.02272727272594752,0.259,0.311688312,0.38028169,0.691970002,0.294372294,15.90909091,6.493506494,315,343,71,0.21865889212827988,0.7464788732394366,0.23943661971830985,0.014084507042253521,0.011661807580174927,0.10787172011661808,0.09037900874635568,0.061224489795918366,0.0,0.15743440233236153,0.008746355685131196,0.008746355685131196,0.0029154518950437317,0.014577259475218658,0.0,0.014577259475218658,0.238,0.289,0.337,0.626,0.273,15.7,6.1,,,,,,,,,
312,Lawrence Butler,OAK,80,414.2736156,451,80.7980456,0.2052117263858093,0.7454545454995511,0.23636363637488778,0.018181818187443882,0.02605863192904656,0.100977198691796,0.100977198691796,0.06840390880266076,0.00325732899113082,0.283387622172949,0.00325732899113082,0.006514657980044345,0.00325732899113082,0.019543973942350332,0.006514657980044345,0.01302931596008869,0.225,0.277777778,0.361702128,0.639479905,0.291005291,28.33876221,6.840390879,412,451,86,0.2394678492239468,0.6976744186046512,0.27906976744186046,0.023255813953488372,0.04878048780487805,0.13968957871396895,0.12638580931263857,0.07760532150776053,0.0,0.2394678492239468,0.0,0.008869179600886918,0.0,0.03991130820399113,0.0,0.03991130820399113,0.262,0.317,0.49,0.807,0.301,23.9,7.8,,,,,,,,,
313,Tyler Soderstrom,OAK,81,195.5980392,213,34.803921568,0.1928104575117371,0.7599999999517296,0.23999999999080562,0.019999999989656337,0.029411764704225355,0.08823529413145541,0.10784313727699531,0.06209150328638497,0.003267973854460094,0.3039215686384977,0.006535947713615024,0.006535947713615024,0.003267973854460094,0.003267973854460094,0.0,0.003267973854460094,0.209,0.263157895,0.359430605,0.6225885,0.276243094,30.39215686,6.209150327,189,213,35,0.20657276995305165,0.7142857142857143,0.2857142857142857,0.0,0.04225352112676056,0.08450704225352113,0.12206572769953052,0.09389671361502347,0.004694835680751174,0.24882629107981222,0.014084507042253521,0.004694835680751174,0.0,0.0,0.0,0.0,0.233,0.315,0.429,0.743,0.273,24.9,9.4,,,,,,,,,
314,Jonny DeLuca,TBR,94,328.7672131,362,64.09180328000001,0.2098360655801105,0.722222222204886,0.2592592592130292,0.018518518519674263,0.03278688524861878,0.11147540983425415,0.11475409837016574,0.06885245900552486,0.006557377049723756,0.2098360655801105,0.013114754099447512,0.006557377049723756,0.003278688524861878,0.01967213114640884,0.003278688524861878,0.01639344262430939,0.232,0.292763158,0.397111913,0.689875071,0.263414634,20.98360656,6.885245902,332,362,66,0.19889502762430938,0.7575757575757576,0.18181818181818182,0.06060606060606061,0.016574585635359115,0.08011049723756906,0.0856353591160221,0.06629834254143646,0.0027624309392265192,0.212707182320442,0.011049723756906077,0.0,0.0055248618784530384,0.04419889502762431,0.016574585635359115,0.027624309392265192,0.217,0.278,0.331,0.609,0.265,21.3,6.6,,,,,,,,,
315,Yasmani Grandal,PIT,80,210.1188119,243,40.900990102,0.1881188118930041,0.8039215685977282,0.1960784313533731,0.0,0.019801980197530863,0.0924092409053498,0.09900990098765433,0.11221122111111112,0.0033003300329218104,0.2145214521399177,0.006600660065843621,0.006600660065843621,0.0,0.0,0.0,0.0,0.216,0.31,0.324427481,0.634427481,0.264248705,21.45214521,11.22112211,215,243,40,0.20164609053497942,0.75,0.25,0.0,0.037037037037037035,0.10699588477366255,0.1111111111111111,0.09876543209876543,0.0,0.18930041152263374,0.0,0.00411522633744856,0.012345679012345678,0.00411522633744856,0.0,0.00411522633744856,0.228,0.304,0.4,0.704,0.248,18.9,9.9,,,,,,,,,
316,Donovan Solano,,79,278.2026578,309,66.727574751,0.23588039867313915,0.7846153846497378,0.2153846153352758,0.0,0.019933554818770228,0.10963455148867314,0.10631229236245955,0.07308970100323624,0.0,0.20598006644012945,0.019933554818770228,0.006644518271844661,0.0033222591359223304,0.0,0.0,0.0,0.263,0.328903654,0.380073801,0.708977455,0.317073171,20.59800664,7.3089701,283,309,73,0.2621359223300971,0.821917808219178,0.1780821917808219,0.0,0.025889967637540454,0.10032362459546926,0.11326860841423948,0.07119741100323625,0.0,0.21035598705501618,0.009708737864077669,0.003236245954692557,0.0,0.006472491909385114,0.003236245954692557,0.003236245954692557,0.286,0.343,0.417,0.76,0.346,21.0,7.1,,,,,,,,,
317,Gavin Sheets,CHW,78,454.3953488,501,88.2159468,0.21262458463073852,0.7547169815106491,0.22641509448720218,0.01886792453493227,0.036544850499001996,0.10631229235528941,0.11627906976047904,0.07973421926147704,0.0033222591357285427,0.20265780738522954,0.006644518271457085,0.006644518271457085,0.0,0.0,0.0,0.0,0.234,0.299003322,0.406593407,0.705596729,0.261083744,20.26578073,7.973421927,451,501,95,0.20958083832335328,0.7368421052631579,0.25263157894736843,0.010526315789473684,0.01996007984031936,0.06986027944111776,0.08982035928143713,0.08582834331337326,0.003992015968063872,0.21157684630738524,0.007984031936127744,0.005988023952095809,0.0,0.003992015968063872,0.003992015968063872,0.0,0.233,0.303,0.357,0.66,0.281,21.2,8.6,,,,,,,,,
318,Jesse Winker,,76,430.1066667,508,88.0533333,0.20333333326771655,0.7884615387978731,0.21153846165639703,0.0,0.03,0.11,0.10666666667322836,0.13,0.0033333333326771653,0.19,0.016666666667322836,0.006666666667322835,0.0,0.0,0.0,0.0,0.24,0.35,0.38976378,0.73976378,0.273684211,19.0,13.0,430,508,95,0.21456692913385828,0.7578947368421053,0.24210526315789474,0.0,0.027559055118110236,0.12401574803149606,0.1141732283464567,0.12401574803149606,0.003937007874015748,0.20866141732283464,0.01968503937007874,0.005905511811023622,0.003937007874015748,0.027559055118110236,0.007874015748031496,0.01968503937007874,0.253,0.36,0.405,0.764,0.304,20.9,12.4,,,,,,,,,
319,Will Brennan,CLE,78,328.29,353,83.54333333,0.24666666665722378,0.7746478873947511,0.19718309855951735,0.02816901408164103,0.01,0.1066666666572238,0.0966666666572238,0.049999999999999996,0.0033333333342776207,0.13,0.01,0.00666666666572238,0.0,0.026666666665722382,0.00666666666572238,0.02,0.265,0.307692308,0.362007168,0.669699476,0.29707113,13.0,5.0,330,353,79,0.24645892351274787,0.810126582278481,0.16455696202531644,0.02531645569620253,0.0226628895184136,0.1048158640226629,0.08498583569405099,0.053824362606232294,0.0056657223796034,0.1359773371104816,0.0084985835694051,0.0028328611898017,0.0,0.0113314447592068,0.0056657223796034,0.0056657223796034,0.264,0.309,0.388,0.697,0.287,13.6,5.4,,,,,,,,,
320,Ramon Urias,BAL,78,272.812709,301,58.387959867999996,0.21739130435215948,0.7758620688651188,0.2241379309978668,0.01724137930621077,0.0234113712358804,0.10702341136212624,0.10367892976744185,0.07357859531561463,0.0,0.24080267558139534,0.01337792642192691,0.0066889632093023255,0.0033444816046511627,0.0033444816046511627,0.0033444816046511627,0.0,0.242,0.304347826,0.376383764,0.68073159,0.298969072,24.08026756,7.357859532,272,301,58,0.2292358803986711,0.8103448275862069,0.15517241379310345,0.034482758620689655,0.036544850498338874,0.12956810631229235,0.12292358803986711,0.07641196013289037,0.0,0.18272425249169436,0.016611295681063124,0.0033222591362126247,0.0,0.0033222591362126247,0.0033222591362126247,0.0,0.254,0.322,0.423,0.745,0.28,18.3,7.6,,,,,,,,,
321,Jose Caballero,TBR,86,422.8282828,483,82.93939394,0.1952861952795031,0.7450980392345992,0.23529411770379763,0.019607843133945136,0.023569023561076607,0.12457912457556936,0.08754208753623188,0.09090909091097309,0.0,0.22558922567287787,0.023569023561076607,0.006734006734989648,0.0033670033664596273,0.05723905724637681,0.013468013467908902,0.04377104376811594,0.224,0.310810811,0.357692308,0.668503119,0.271276596,22.55892256,9.090909091,441,483,91,0.2070393374741201,0.7252747252747253,0.26373626373626374,0.01098901098901099,0.018633540372670808,0.10973084886128365,0.09109730848861283,0.055900621118012424,0.002070393374741201,0.2753623188405797,0.018633540372670808,0.006211180124223602,0.006211180124223602,0.09109730848861283,0.033126293995859216,0.057971014492753624,0.227,0.283,0.347,0.63,0.301,27.5,5.6,,,,,,,,,
329,Taylor Walls,TBR,74,221.0526316,252,41.557894731999994,0.18596491226190476,0.7234042552894545,0.2340425532073606,0.042553191503185026,0.02105263157936508,0.11228070174603175,0.08771929825396825,0.1052631578968254,0.0,0.25614035087301584,0.007017543861111111,0.007017543861111111,0.003508771928571429,0.03508771929761905,0.01052631578968254,0.024561403507936508,0.21,0.299295775,0.344,0.643295775,0.271676301,25.61403509,10.52631579,218,252,39,0.15873015873015872,0.7948717948717948,0.1282051282051282,0.07692307692307693,0.003968253968253968,0.10714285714285714,0.05555555555555555,0.12301587301587301,0.0,0.26587301587301587,0.0,0.011904761904761904,0.0,0.06349206349206349,0.015873015873015872,0.047619047619047616,0.183,0.282,0.248,0.529,0.255,26.6,12.3,,,,,,,,,
330,Santiago Espinal,TOR,79,359.445614,391,85.059649122,0.2315789473657289,0.7741935484068172,0.20967741936507822,0.016129032263373883,0.014035087718670076,0.1052631579028133,0.09122807017902813,0.0631578947314578,0.0,0.15087719299232738,0.007017543859335038,0.007017543859335038,0.0035087719309462918,0.017543859649616366,0.007017543859335038,0.01052631579028133,0.251,0.302816901,0.354961832,0.657778733,0.285714286,15.0877193,6.315789474,357,391,79,0.22506393861892582,0.8481012658227848,0.1518987341772152,0.0,0.023017902813299233,0.08184143222506395,0.11508951406649616,0.061381074168797956,0.0025575447570332483,0.13810741687979539,0.005115089514066497,0.010230179028132993,0.010230179028132993,0.028132992327365727,0.0025575447570332483,0.02557544757033248,0.246,0.295,0.356,0.65,0.265,13.8,6.1,,,,,,,,,
331,Randal Grichuk,ARI,72,258.4421053,279,55.799999996,0.2350877192831541,0.736842105249953,0.24561403514305477,0.017543859642834687,0.03508771929749104,0.11578947369175628,0.13333333333333333,0.05614035086021506,0.0,0.22105263157706093,0.010526315788530466,0.007017543860215054,0.0,0.0035087719283154123,0.0,0.0035087719283154123,0.254,0.301754386,0.428030303,0.729784689,0.295336788,22.10526316,5.614035088,254,279,62,0.26523297491039427,0.6451612903225806,0.3225806451612903,0.03225806451612903,0.043010752688172046,0.14336917562724014,0.16487455197132617,0.07168458781362007,0.0,0.16487455197132617,0.010752688172043012,0.007168458781362007,0.0,0.0,0.0,0.0,0.291,0.348,0.528,0.875,0.313,16.5,7.2,,,,,,,,,
332,Ceddanne Rafaela,BOS,74,534.6819788,571,123.07773849,0.2402826854640981,0.7377049181593229,0.2295081967426228,0.03278688525242823,0.024734982329246934,0.12367491166374782,0.10247349823117338,0.04240282684763573,0.0,0.23321554763572677,0.010600706714535902,0.00706713780910683,0.003533568905429072,0.03533568905429072,0.010600706714535902,0.024734982329246934,0.256,0.294326241,0.403773585,0.698099826,0.31443299,23.32155477,4.240282686,544,571,119,0.23467600700525393,0.7647058823529411,0.19327731092436976,0.04201680672268908,0.02626970227670753,0.12259194395796848,0.13134851138353765,0.02626970227670753,0.0017513134851138354,0.26444833625218916,0.012259194395796848,0.005253940455341506,0.0035026269702276708,0.03327495621716287,0.017513134851138354,0.01576182136602452,0.246,0.274,0.39,0.664,0.312,26.4,2.6,,,,,,,,,
334,Christian Vazquez,MIN,75,289.125,315,63.0,0.21428571428571427,0.7857142857142857,0.19642857142857142,0.0,0.014285714285714285,0.09642857142857143,0.09285714285714286,0.060714285714285714,0.0,0.2,0.0035714285714285713,0.007142857142857143,0.0035714285714285713,0.010714285714285714,0.007142857142857143,0.0035714285714285713,0.234,0.281588448,0.319066148,0.600654596,0.281407035,20.0,6.071428571,294,315,58,0.20634920634920634,0.8275862068965517,0.1724137931034483,0.0,0.022222222222222223,0.09206349206349207,0.08571428571428572,0.03492063492063492,0.0,0.20634920634920634,0.0031746031746031746,0.012698412698412698,0.015873015873015872,0.009523809523809525,0.0031746031746031746,0.006349206349206349,0.221,0.248,0.327,0.575,0.257,20.6,3.5,,,,,,,,,
335,Kyle Farmer,MIN,73,221.1827957,242,48.573476705000004,0.22222222223140498,0.7857142856334067,0.21428571426365636,0.01785714286559838,0.021505376342975207,0.10394265231404959,0.09677419355371901,0.057347670247933885,0.0,0.20788530466942148,0.021505376342975207,0.007168458780991736,0.0035842293925619838,0.007168458780991736,0.0035842293925619838,0.0035842293925619838,0.244,0.301075269,0.37254902,0.673624288,0.29015544,20.78853047,5.734767025,215,242,41,0.19008264462809918,0.6585365853658537,0.3170731707317073,0.024390243902439025,0.02066115702479339,0.10743801652892562,0.10330578512396695,0.07851239669421488,0.004132231404958678,0.2024793388429752,0.024793388429752067,0.008264462809917356,0.0,0.012396694214876033,0.02066115702479339,-0.008264462809917356,0.214,0.293,0.353,0.647,0.252,20.2,7.9,,,,,,,,,
338,Jo Adell,LAA,69,412.5814815,451,73.49629630000001,0.2037037037028825,0.7272727272108811,0.2499999999319693,0.022727272721088123,0.04074074073170732,0.1222222222172949,0.1185185185144124,0.06666666667405766,0.0037037037028824836,0.3333333332594235,0.011111111110864744,0.0037037037028824836,0.0,0.018518518518847005,0.0037037037028824836,0.014814814813747227,0.223,0.282527881,0.408906883,0.691434764,0.299319728,33.33333333,6.666666667,405,451,64,0.18625277161862527,0.734375,0.234375,0.03125,0.04434589800443459,0.1197339246119734,0.13747228381374724,0.07760532150776053,0.0022172949002217295,0.2793791574279379,0.015521064301552107,0.0066518847006651885,0.0,0.03325942350332594,0.022172949002217297,0.011086474501108648,0.207,0.28,0.402,0.682,0.244,27.9,7.8,,,,,,,,,
340,Gary Sanchez,MIL,69,247.6119403,280,38.65671642,0.19029850746428573,0.7297297295898988,0.2702702701514139,0.0,0.05223880596428572,0.11567164178571428,0.14925373135714284,0.09328358210714287,0.0,0.2835820895357143,0.014925373135714286,0.003731343282142857,0.0,0.0,0.0,0.0,0.217,0.299625468,0.434599156,0.734224624,0.25,28.35820896,9.328358209,245,280,43,0.19285714285714287,0.813953488372093,0.16279069767441862,0.023255813953488372,0.039285714285714285,0.10714285714285714,0.13214285714285715,0.09642857142857143,0.0,0.2714285714285714,0.017857142857142856,0.010714285714285714,0.0,0.0,0.0,0.0,0.22,0.307,0.392,0.699,0.267,27.1,9.6,,,,,,,,,
341,Miguel Rojas,LAD,69,308.0783582,337,75.44776119400001,0.23880597014836796,0.7833333333514474,0.200000000015905,0.016666666672410155,0.014925373133531157,0.11940298507418398,0.10074626866468842,0.05597014925816024,0.0,0.12686567163204748,0.011194029851632047,0.0074626865667655785,0.003731343284866469,0.018656716418397626,0.0074626865667655785,0.011194029851632047,0.262,0.309433962,0.367346939,0.676780901,0.28708134,12.68656716,5.597014925,307,337,81,0.258160237388724,0.7407407407407407,0.25925925925925924,0.0,0.017804154302670624,0.12166172106824925,0.10682492581602374,0.06824925816023739,0.0,0.10089020771513353,0.008902077151335312,0.005934718100890208,0.005934718100890208,0.02373887240356083,0.005934718100890208,0.017804154302670624,0.283,0.337,0.41,0.748,0.301,10.1,6.8,,,,,,,,,
342,Andy Ibanez,DET,69,223.8195489,244,49.533834585,0.2330827067622951,0.740740740695878,0.22222222228951627,0.01851851851739695,0.030075187971311475,0.10902255639344262,0.11654135340163935,0.06766917295081967,0.0,0.17669172930327867,0.007518796991803279,0.007518796991803279,0.0037593984959016394,0.007518796991803279,0.0037593984959016394,0.0037593984959016394,0.253,0.308270677,0.405737705,0.714008382,0.282722513,17.66917293,6.766917293,224,244,49,0.22131147540983606,0.7959183673469388,0.1836734693877551,0.02040816326530612,0.020491803278688523,0.12295081967213115,0.13114754098360656,0.06147540983606557,0.0,0.2581967213114754,0.012295081967213115,0.00819672131147541,0.0,0.00819672131147541,0.012295081967213115,-0.004098360655737705,0.241,0.295,0.357,0.652,0.31,25.8,6.1,,,,,,,,,
343,Carson Kelly,DET,74,277.4318182,313,53.352272725999995,0.19318181817891372,0.7555555555622199,0.2222222223013608,0.022222222230136084,0.022727272728434507,0.09848484849840256,0.10227272728434504,0.0909090908945687,0.0,0.21969696971246008,0.011363636364217253,0.007575757575079872,0.0,0.0037878787891373806,0.0,0.0037878787891373806,0.218,0.296577947,0.346153846,0.642731793,0.261627907,21.96969697,9.090909091,281,313,58,0.21405750798722045,0.8275862068965517,0.15517241379310345,0.017241379310344827,0.02875399361022364,0.10223642172523961,0.1182108626198083,0.07987220447284345,0.0,0.1757188498402556,0.019169329073482427,0.003194888178913738,0.0,0.0,0.0,0.0,0.238,0.313,0.374,0.687,0.266,17.6,8.0,,,,,,,,,
344,Jared Triolo,PIT,65,401.9087452,446,93.269961938,0.22433460067264574,0.745454545764886,0.23636363650126227,0.018181818184157435,0.015209125475336323,0.11406844105381167,0.09505703421524664,0.08745247147982063,0.0,0.2585551331838565,0.007604562737668161,0.007604562737668161,0.0,0.022813688206278025,0.007604562737668161,0.015209125475336323,0.25,0.318181818,0.362869198,0.681051016,0.329341317,25.85551331,8.745247148,394,446,76,0.1905829596412556,0.8552631578947368,0.13157894736842105,0.013157894736842105,0.020179372197309416,0.09192825112107623,0.1031390134529148,0.09417040358744394,0.0,0.2645739910313901,0.011210762331838564,0.011210762331838564,0.0,0.017937219730941704,0.002242152466367713,0.01569506726457399,0.216,0.296,0.315,0.611,0.279,26.5,9.4,,,,,,,,,
348,Jose Trevino,NYY,72,218.5813953,234,45.348837205,0.21705426354700855,0.7800000000022052,0.20000000002205126,0.0,0.023255813952991453,0.09689922478632479,0.10465116277777778,0.04651162790598291,0.0,0.17441860465811967,0.007751937982905983,0.007751937982905983,0.0038759689914529914,0.0038759689914529914,0.0038759689914529914,0.0,0.23,0.272373541,0.34439834,0.616771881,0.260416667,17.44186047,4.651162791,209,234,37,0.19230769230769232,0.8648648648648649,0.13513513513513514,0.0,0.03418803418803419,0.1111111111111111,0.11965811965811966,0.08547008547008547,0.0,0.1752136752136752,0.008547008547008548,0.008547008547008548,0.004273504273504274,0.004273504273504274,0.0,0.004273504273504274,0.215,0.288,0.354,0.642,0.228,17.5,8.5,,,,,,,,,
351,David Peralta,CHC,67,237.7431907,260,55.642023349000006,0.23735408561538462,0.7272727272367832,0.23636363630253146,0.018181818185412583,0.023346303503846155,0.11284046692307692,0.1167315175,0.0700389105,0.0038910505846153844,0.19066147861538463,0.007782101169230769,0.007782101169230769,0.0038910505846153844,0.007782101169230769,0.0,0.007782101169230769,0.26,0.315175097,0.395744681,0.710919778,0.302197802,19.06614786,7.003891051,236,260,55,0.2423076923076923,0.8,0.2,0.0,0.03076923076923077,0.1346153846153846,0.1076923076923077,0.08461538461538462,0.0,0.2076923076923077,0.007692307692307693,0.0,0.0,0.007692307692307693,0.0,0.007692307692307693,0.267,0.335,0.415,0.75,0.316,20.8,8.5,,,,,,,,,
353,Miguel Amaya,CHC,70,320.1259843,363,61.45275589999999,0.2007874015702479,0.7441860465040593,0.23255813951217771,0.0,0.03149606300275482,0.10629921258953168,0.11417322834710743,0.0866141732231405,0.003937007873278236,0.2637795275482094,0.019685039369146007,0.007874015749311295,0.003937007873278236,0.003937007873278236,0.0,0.003937007873278236,0.227,0.308300395,0.375,0.683300395,0.284768212,26.37795276,8.661417323,328,363,68,0.209366391184573,0.7794117647058824,0.19117647058823528,0.029411764705882353,0.02203856749311295,0.0881542699724518,0.12947658402203857,0.06336088154269973,0.0,0.17079889807162535,0.011019283746556474,0.008264462809917356,0.013774104683195593,0.0,0.0,0.0,0.232,0.288,0.357,0.644,0.261,17.1,6.3,,,,,,,,,
355,Victor Caratini,HOU,68,243.312,274,49.32,0.208,0.8,0.17777777777777778,0.0,0.028,0.108,0.108,0.088,0.004,0.22,0.016,0.008,0.004,0.004,0.0,0.004,0.232,0.312,0.36036036,0.67236036,0.277777778,22.0,8.8,245,274,58,0.24087591240875914,0.8448275862068966,0.13793103448275862,0.017241379310344827,0.029197080291970802,0.10948905109489052,0.10948905109489052,0.08394160583941605,0.0036496350364963502,0.19343065693430658,0.010948905109489052,0.010948905109489052,0.0,0.0,0.0036496350364963502,-0.0036496350364963502,0.269,0.336,0.408,0.744,0.31,19.3,8.4,,,,,,,,,
356,Nick Gordon,MIA,69,251.9,275,56.1,0.228,0.7058823529411765,0.2549019607843137,0.0196078431372549,0.023999999999999997,0.11599999999999999,0.108,0.056,0.0,0.216,0.011999999999999999,0.008,0.004,0.028,0.008,0.02,0.249,0.298387097,0.388646288,0.687033385,0.298245614,21.6,5.6,260,275,51,0.21454545454545454,0.7647058823529411,0.21568627450980393,0.0196078431372549,0.02909090909090909,0.10545454545454545,0.11636363636363636,0.04,0.0,0.24363636363636362,0.0036363636363636364,0.01090909090909091,0.0,0.01818181818181818,0.01818181818181818,0.0,0.227,0.258,0.369,0.627,0.271,24.4,4.0,,,,,,,,,
359,Austin Slater,SFG,73,186.0408163,212,42.399999994999995,0.2244897958962264,0.7755102041008858,0.2040816326655757,0.020408163257123607,0.02448979591981132,0.13469387754716983,0.09795918367924528,0.10204081632075471,0.0,0.2653061224528302,0.01224489795754717,0.004081632650943396,0.0,0.028571428570754714,0.008163265306603775,0.020408163264150944,0.258,0.340163934,0.395348837,0.735512772,0.337931034,26.53061224,10.20408163,177,212,35,0.17452830188679244,0.8857142857142857,0.11428571428571428,0.0,0.009433962264150943,0.11320754716981132,0.08490566037735849,0.12264150943396226,0.0,0.2830188679245283,0.02358490566037736,0.018867924528301886,0.0,0.014150943396226415,0.009433962264150943,0.0047169811320754715,0.209,0.321,0.266,0.586,0.294,28.3,12.3,,,,,,,,,
363,Lenyn Sosa,CHW,63,347.475,369,73.8,0.22916666666666666,0.7708333333333334,0.22916666666666669,0.020833333333333336,0.029166666666666664,0.09999999999999999,0.1125,0.041666666666666664,0.0,0.22916666666666666,0.004166666666666667,0.008333333333333333,0.004166666666666667,0.004166666666666667,0.0,0.004166666666666667,0.245,0.276150628,0.398230088,0.674380716,0.289156627,22.91666667,4.166666667,351,369,81,0.24119241192411925,0.8395061728395061,0.16049382716049382,0.0,0.02168021680216802,0.07588075880758807,0.0948509485094851,0.032520325203252036,0.0027100271002710027,0.2086720867208672,0.008130081300813009,0.0027100271002710027,0.005420054200542005,0.008130081300813009,0.0027100271002710027,0.005420054200542005,0.254,0.283,0.359,0.642,0.303,20.9,3.3,,,,,,,,,
364,Jake McCarthy,ARI,63,447.1638655,495,110.231092402,0.23529411757575758,0.7358490568540197,0.18867924536346736,0.056603773599968356,0.012605042016161616,0.13865546218181818,0.08403361345454546,0.07142857143434345,0.0,0.20588235292929294,0.016806722688888887,0.0042016806727272725,0.008403361345454545,0.07142857143434345,0.008403361345454545,0.06302521008080808,0.26,0.324894515,0.372093023,0.696987538,0.323170732,20.58823529,7.142857143,442,495,118,0.2545454545454545,0.8305084745762712,0.11016949152542373,0.059322033898305086,0.01616161616161616,0.13333333333333333,0.11313131313131314,0.06262626262626263,0.00202020202020202,0.15757575757575756,0.028282828282828285,0.006060606060606061,0.010101010101010102,0.050505050505050504,0.012121212121212121,0.03838383838383838,0.285,0.349,0.4,0.749,0.329,15.8,6.3,,,,,,,,,
365,Jake Bauers,MIL,66,300.9327731,346,52.336134460000004,0.18907563026011562,0.7222222221797615,0.2777777778202383,0.027777777782023835,0.03781512604046243,0.12184873950867053,0.12184873950867053,0.113445378150289,0.004201680673410405,0.28991596647398843,0.008403361343930636,0.004201680673410405,0.0,0.021008403361271678,0.008403361343930636,0.01260504201734104,0.219,0.312236287,0.410628019,0.722864306,0.276923077,28.99159664,11.34453782,302,346,48,0.17341040462427745,0.7708333333333334,0.1875,0.041666666666666664,0.03468208092485549,0.13005780346820808,0.12427745664739884,0.11271676300578035,0.002890173410404624,0.34104046242774566,0.014450867052023121,0.0,0.0,0.03757225433526012,0.002890173410404624,0.03468208092485549,0.199,0.301,0.361,0.662,0.279,34.1,11.3,,,,,,,,,
367,Trevor Larnach,MIN,60,353.6480687,400,66.9527897,0.2017167382,0.7179487179755261,0.25641025634515124,0.025641025634515122,0.03433476395,0.115879828325,0.120171673825,0.10300429185,0.0042918454925,0.3175965665,0.0085836909875,0.0085836909875,0.0,0.0042918454925,0.0,0.0042918454925,0.229,0.311965812,0.402912621,0.714878433,0.30952381,31.75965665,10.30042918,355,400,77,0.23,0.7792207792207793,0.22077922077922077,0.0,0.0375,0.1475,0.13,0.1,0.0025,0.2225,0.0075,0.005,0.0,0.01,0.0025,0.0075,0.259,0.338,0.434,0.771,0.304,22.3,10.0,,,,,,,,,
369,Emmanuel Rivera,ARI,60,275.6244541,302,64.62008733500001,0.24017467248344374,0.7346938775225967,0.22448979594836999,0.020408163272254108,0.026200873360927152,0.11790393013245035,0.12663755456953643,0.06986899562913908,0.0,0.20524017466887418,0.008733624453642385,0.008733624453642385,0.0,0.004366812228476821,0.004366812228476821,0.0,0.263,0.318777293,0.406698565,0.725475857,0.310126582,20.52401747,6.986899563,265,302,58,0.20860927152317882,0.8103448275862069,0.15517241379310345,0.034482758620689655,0.016556291390728478,0.07947019867549669,0.09602649006622517,0.08609271523178808,0.0,0.22847682119205298,0.016556291390728478,0.016556291390728478,0.0033112582781456954,0.006622516556291391,0.0,0.006622516556291391,0.238,0.312,0.343,0.656,0.296,22.8,8.6,,,,,,,,,
371,Dominic Smith,,58,274.6842105,307,63.285087722,0.2324561403583062,0.765957446767494,0.23404255320090303,0.021276595742663638,0.026315789472312702,0.10964912280130291,0.11842105263843648,0.07894736843648209,0.004385964912052118,0.17543859648208468,0.01754385964820847,0.008771929824104236,0.0,0.0,0.0,0.0,0.258,0.328947368,0.416666667,0.745614035,0.29375,17.54385965,7.894736842,275,307,58,0.20846905537459284,0.6206896551724138,0.3793103448275862,0.0,0.019543973941368076,0.10749185667752444,0.11074918566775244,0.09120521172638436,0.0,0.247557003257329,0.013029315960912053,0.0,0.0,0.003257328990228013,0.003257328990228013,0.0,0.233,0.313,0.378,0.691,0.301,24.8,9.1,,,,,,,,,
373,Alec Burleson,STL,60,547.6106195,595,126.37168142000002,0.2389380531092437,0.7708333332706874,0.20833333333992762,0.02083333333399276,0.026548672571428573,0.11061946902521008,0.11946902655462185,0.06194690265546218,0.0,0.15929203539495798,0.008849557522689075,0.008849557522689075,0.0,0.004424778761344538,0.0,0.004424778761344538,0.258,0.309734513,0.403846154,0.713580667,0.285714286,15.92920354,6.194690265,547,595,126,0.24705882352941178,0.8412698412698413,0.15873015873015872,0.0,0.03529411764705882,0.11932773109243698,0.13109243697478992,0.058823529411764705,0.0,0.12773109243697478,0.0067226890756302525,0.010084033613445379,0.0016806722689075631,0.015126050420168067,0.0067226890756302525,0.008403361344537815,0.269,0.314,0.42,0.735,0.276,12.8,5.9,,,,,,,,,
374,Miguel Andujar,OAK,59,295.0044248,319,67.752212386,0.23451327432601882,0.7708333334188164,0.22916666664022228,0.020833333337638236,0.022123893805642635,0.0973451327586207,0.10619469025078371,0.057522123887147336,0.008849557523510972,0.15044247786833856,0.004424778761755486,0.008849557523510972,0.004424778761755486,0.008849557523510972,0.004424778761755486,0.004424778761755486,0.256,0.297777778,0.392344498,0.690122275,0.279069767,15.04424779,5.752212389,302,319,82,0.26959247648902823,0.8170731707317073,0.17073170731707318,0.012195121951219513,0.012539184952978056,0.09717868338557993,0.09404388714733543,0.04075235109717868,0.0,0.13166144200626959,0.009404388714733543,0.003134796238244514,0.0,0.009404388714733543,0.006269592476489028,0.003134796238244514,0.285,0.32,0.377,0.697,0.319,13.2,4.1,,,,,,,,,
375,Rob Refsnyder,BOS,63,267.4311111,307,62.764444448,0.22666666667752444,0.7826086956078397,0.21739130426469952,0.021739130426469955,0.02222222222149837,0.12444444442996744,0.10222222221498371,0.10222222221498371,0.0,0.2177777777850163,0.013333333332247559,0.004444444442996743,0.0,0.013333333332247559,0.004444444442996743,0.008888888889250813,0.262,0.34529148,0.403061224,0.748352704,0.321678322,21.77777778,10.22222222,272,307,66,0.250814332247557,0.7424242424242424,0.24242424242424243,0.015151515151515152,0.035830618892508145,0.10423452768729642,0.13029315960912052,0.09120521172638436,0.006514657980456026,0.254071661237785,0.016286644951140065,0.003257328990228013,0.0,0.006514657980456026,0.006514657980456026,0.0,0.283,0.359,0.471,0.83,0.359,25.4,9.1,,,,,,,,,
377,Ildemaro Vargas,WSN,60,281.2600897,303,63.860986550999996,0.2197309417161716,0.7659574468198385,0.2127659574934524,0.021276595749345237,0.008968609864686469,0.08968609864686469,0.08520179372937293,0.053811659207920796,0.0,0.11659192825082508,0.0044843049339934,0.008968609864686469,0.0044843049339934,0.008968609864686469,0.0044843049339934,0.0044843049339934,0.239,0.279279279,0.323671498,0.602950777,0.259668508,11.65919283,5.381165919,272,303,66,0.22112211221122113,0.7575757575757576,0.24242424242424243,0.0,0.0033003300330033004,0.06930693069306931,0.09900990099009901,0.0627062706270627,0.0,0.10231023102310231,0.006600660066006601,0.0165016501650165,0.0165016501650165,0.0297029702970297,0.013201320132013201,0.0165016501650165,0.246,0.295,0.316,0.611,0.269,10.2,6.3,,,,,,,,,
378,Nick Gonzales,PIT,56,350.3918919,387,73.216216217,0.2072072072093023,0.7142857143149818,0.26190476196102064,0.02380952380594667,0.018018018018087854,0.10360360359173126,0.09909909909560724,0.07207207206718347,0.0,0.3018018018087855,0.013513513514211886,0.004504504503875969,0.0,0.009009009007751938,0.004504504503875969,0.004504504503875969,0.231,0.294117647,0.353233831,0.647351478,0.320610687,30.18018018,7.207207207,359,387,90,0.25064599483204136,0.7555555555555555,0.2111111111111111,0.03333333333333333,0.01808785529715762,0.10852713178294573,0.12661498708010335,0.046511627906976744,0.002583979328165375,0.19121447028423771,0.012919896640826873,0.0103359173126615,0.002583979328165375,0.012919896640826873,0.007751937984496124,0.00516795865633075,0.27,0.311,0.398,0.709,0.319,19.1,4.7,,,,,,,,,
379,Kyle Higashioka,SDP,63,242.6772727,263,43.036363636000004,0.2,0.7500000000697085,0.25000000002323614,0.0,0.03636363636501901,0.1,0.12727272726235742,0.05909090908745247,0.0,0.26818181817490494,0.004545454543726236,0.009090909091254753,0.004545454543726236,0.0,0.0,0.0,0.219,0.264840183,0.379310345,0.644150527,0.260869565,26.81818182,5.909090909,246,263,37,0.20532319391634982,0.7027027027027027,0.2702702702702703,0.02702702702702703,0.06463878326996197,0.11026615969581749,0.17110266159695817,0.057034220532319393,0.0,0.2813688212927757,0.0,0.0038022813688212928,0.0038022813688212928,0.0076045627376425855,0.0,0.0076045627376425855,0.22,0.263,0.476,0.739,0.237,28.1,5.7,,,,,,,,,
380,Jorge Mateo,BAL,60,191.8538813,208,40.840182653,0.21917808221153848,0.7441860463316866,0.23255813950925916,0.046511627901851836,0.02283105022596154,0.14155251139423078,0.08219178081730769,0.054794520528846154,0.0,0.2511415525,0.009132420091346153,0.0045662100432692304,0.0045662100432692304,0.09132420091346154,0.013698630134615385,0.07762557076923077,0.239,0.285714286,0.386138614,0.6718529,0.300699301,25.11415525,5.479452055,192,208,39,0.21153846153846154,0.5897435897435898,0.358974358974359,0.05128205128205128,0.02403846153846154,0.14423076923076922,0.08653846153846154,0.04807692307692308,0.0,0.23076923076923078,0.004807692307692308,0.014423076923076924,0.009615384615384616,0.0625,0.009615384615384616,0.052884615384615384,0.229,0.267,0.401,0.668,0.275,23.1,4.8,,,,,,,,,
381,Edmundo Sosa,PHI,62,253.9817352,274,55.050228315,0.22831050229927008,0.7499999998864674,0.22727272734291112,0.022727272734291114,0.027397260273722628,0.11872146120437957,0.10958904109489051,0.041095890401459854,0.0,0.23744292237226275,0.027397260273722628,0.004566210047445255,0.004566210047445255,0.022831050229927007,0.004566210047445255,0.018264840182481753,0.248,0.296803653,0.39408867,0.690892323,0.301369863,23.74429224,4.109589041,249,274,57,0.23357664233576642,0.7192982456140351,0.21052631578947367,0.07017543859649122,0.025547445255474453,0.14233576642335766,0.11313868613138686,0.04744525547445255,0.0,0.24087591240875914,0.029197080291970802,0.0072992700729927005,0.0036496350364963502,0.025547445255474453,0.0036496350364963502,0.021897810218978103,0.257,0.313,0.422,0.734,0.32,24.1,4.7,,,,,,,,,
383,Garrett Hampson,KCR,63,208.8493151,231,47.465753428,0.2191780822077922,0.7555555555312106,0.19999999998735932,0.04444444443929453,0.013698630138528138,0.11872146116883117,0.07762557077922079,0.07762557077922079,0.0,0.2420091324242424,0.009132420090909091,0.004566210047619048,0.009132420090909091,0.04109589041125541,0.009132420090909091,0.03196347032034632,0.242,0.30733945,0.353535354,0.660874803,0.314685315,24.20091324,7.762557078,213,231,49,0.21212121212121213,0.7142857142857143,0.2653061224489796,0.02040816326530612,0.0,0.06926406926406926,0.06926406926406926,0.06060606060606061,0.0,0.2554112554112554,0.0,0.008658008658008658,0.008658008658008658,0.030303030303030304,0.008658008658008658,0.021645021645021644,0.23,0.275,0.3,0.576,0.314,25.5,6.1,,,,,,,,,
389,Dylan Moore,SEA,63,385.0985915,441,64.18309859,0.18309859154195013,0.7096774192995533,0.2580645161089285,0.03225806451361606,0.03755868544217687,0.140845070430839,0.09859154929705215,0.09389671360544219,0.0,0.3098591548752835,0.023474178412698412,0.004694835680272109,0.0,0.06572769952380952,0.01877934272335601,0.046948356802721095,0.21,0.301886792,0.392473118,0.694359911,0.274336283,30.98591549,9.389671362,368,441,64,0.16780045351473924,0.578125,0.359375,0.0625,0.022675736961451247,0.12018140589569161,0.09523809523809523,0.12018140589569161,0.0022675736961451248,0.2789115646258503,0.031746031746031744,0.011337868480725623,0.0022675736961451248,0.07256235827664399,0.013605442176870748,0.05895691609977324,0.201,0.32,0.367,0.687,0.267,27.9,12.0,,,,,,,,,
390,James McCann,BAL,58,211.9190476,233,43.271428572999994,0.21428571429184548,0.8205128203729758,0.17948717948836462,0.0,0.02857142857081545,0.10952380952789699,0.10952380952789699,0.05714285712446352,0.0,0.261904761888412,0.014285714287553649,0.004761904763948498,0.004761904763948498,0.00952380952360515,0.004761904763948498,0.004761904763948498,0.237,0.289855072,0.366492147,0.656347219,0.297709924,26.19047619,5.714285714,214,233,42,0.2145922746781116,0.7857142857142857,0.21428571428571427,0.0,0.034334763948497854,0.11587982832618025,0.13304721030042918,0.055793991416309016,0.0,0.24034334763948498,0.008583690987124463,0.017167381974248927,0.0,0.004291845493562232,0.0,0.004291845493562232,0.234,0.279,0.388,0.667,0.273,24.0,5.6,,,,,,,,,
391,Jackson Merrill,SDP,51,553.277512,593,130.5167464,0.23923444974704888,0.7391304348359086,0.23913043483590857,0.02173913043544886,0.019138755986509277,0.11004784689713322,0.1052631578920742,0.0526315789544688,0.0,0.1722488038785835,0.004784688994940978,0.004784688994940978,0.004784688994940978,0.019138755986509277,0.004784688994940978,0.014354066984822935,0.256,0.298076923,0.384615385,0.682692308,0.294871795,17.22488038,5.263157895,554,593,138,0.27318718381112983,0.7318840579710145,0.2246376811594203,0.043478260869565216,0.04047217537942664,0.12984822934232715,0.15177065767284992,0.048903878583473864,0.0016863406408094434,0.1703204047217538,0.0016863406408094434,0.008431703204047217,0.006745362563237774,0.026981450252951095,0.00505902192242833,0.021922428330522766,0.292,0.326,0.5,0.826,0.318,17.0,4.9,,,,,,,,,
392,Stuart Fairchild,CIN,62,207.3588517,233,41.248803825,0.20574162678111588,0.7297297298050799,0.24324324318754953,0.02702702703161356,0.028708133969957084,0.11961722489270386,0.10526315789699571,0.07655502390557939,0.0,0.2775119617167382,0.019138755982832618,0.004784688995708154,0.004784688995708154,0.028708133969957084,0.004784688995708154,0.023923444974248927,0.23,0.304347826,0.387096774,0.6914446,0.300813008,27.75119617,7.655502392,209,233,37,0.19313304721030042,0.7837837837837838,0.21621621621621623,0.0,0.034334763948497854,0.14163090128755365,0.12875536480686695,0.07296137339055794,0.0,0.2575107296137339,0.017167381974248927,0.004291845493562232,0.008583690987124463,0.055793991416309016,0.004291845493562232,0.05150214592274678,0.215,0.286,0.368,0.654,0.261,25.8,7.3,,,,,,,,,
393,Miguel Vargas,LAD,53,211.9326923,237,46.716346152,0.23076923075949368,0.7073170731822177,0.2682926830197617,0.024390243905049486,0.03365384615189873,0.1298076923206751,0.125,0.08653846151898734,0.004807692308016877,0.19711538459915612,0.009615384616033755,0.009615384616033755,0.0,0.014423076924050633,0.004807692308016877,0.009615384616033755,0.257,0.326923077,0.440860215,0.767783292,0.292857143,19.71153846,8.653846154,206,237,26,0.1308016877637131,0.7307692307692307,0.2692307692307692,0.0,0.02109704641350211,0.09282700421940929,0.06751054852320675,0.10548523206751055,0.0,0.24050632911392406,0.012658227848101266,0.012658227848101266,0.0,0.012658227848101266,0.004219409282700422,0.008438818565400843,0.15,0.249,0.257,0.506,0.177,24.1,10.5,,,,,,,,,
397,Freddy Fermin,KCR,54,336.72,368,73.6,0.23,0.7500000000000001,0.225,0.025,0.03,0.10999999999999999,0.12,0.07,0.0,0.205,0.005,0.005,0.005,0.0,0.0,0.0,0.253,0.306532663,0.409836066,0.716368729,0.291970803,20.5,7.0,339,368,86,0.25,0.8372093023255814,0.16279069767441862,0.0,0.016304347826086956,0.10869565217391304,0.09782608695652174,0.0625,0.002717391304347826,0.1793478260869565,0.005434782608695652,0.008152173913043478,0.002717391304347826,0.005434782608695652,0.0,0.005434782608695652,0.271,0.319,0.366,0.685,0.319,17.9,6.3,,,,,,,,,
