Unnamed: 0,#,Name,Team,G,AB,PA,HIP,H,1B,2B,3B,HR,R,RBI,BB,IBB,SO,HBP,SF,SH,SB,CS,NSB,AVG,OBP,SLG,OPS,BABIP,K%,BB%,real_AB,real_PA,real_HIP,real_H,real_1B,real_2B,real_3B,real_HR,real_R,real_RBI,real_BB,real_IBB,real_SO,real_HBP,real_SF,real_SH,real_SB,real_CS,real_NSB,real_AVG,real_OBP,real_SLG,real_OPS,real_BABIP,real_K%,real_BB%
0,1,Aaron Judge,NYY,146,553.6134585289515,679.0,104.1345852895149,0.2284820031298905,0.724489795918367,0.2653061224489795,0.010204081632653059,0.07511737089201878,0.16431924882629106,0.18466353677621283,0.16588419405320814,0.017214397496087643,0.26134585289514867,0.009389671361502348,0.00782472613458529,0.0,0.009389671361502348,0.003129890453834116,0.006259780907668232,0.281,0.4043887147335423,0.6103646833013435,1.0147533980348855,0.315112540192926,26.134585289514867,16.588419405320813,541,679,126,0.26362297496318116,0.746031746031746,0.23809523809523808,0.015873015873015872,0.0780559646539028,0.20176730486008837,0.16789396170839468,0.18262150220913106,0.053019145802650956,0.23564064801178203,0.010309278350515464,0.010309278350515464,0.0,0.017673048600883652,0.007363770250368188,0.010309278350515464,0.331,0.457,0.688,1.144,0.376,23.6,18.3
1,2,Bobby Witt Jr.,KCR,153,624.1709145427286,686.9999999999999,152.43778110944527,0.2698650674662669,0.7027027027027026,0.24324324324324326,0.0472972972972973,0.047976011994003004,0.1634182908545727,0.1469265367316342,0.0719640179910045,0.0074962518740629685,0.16641679160419795,0.008995502248875563,0.008995502248875563,0.0014992503748125939,0.05847076461769116,0.013493253373313347,0.044977511244377814,0.297,0.3513513513513513,0.5363036303630363,0.8876549817143877,0.3155650319829424,16.64167916041979,7.196401799,623,687,161,0.2678311499272198,0.6708074534161491,0.2919254658385093,0.037267080745341616,0.033478893740902474,0.14410480349344978,0.12809315866084425,0.07132459970887918,0.011644832605531296,0.1819505094614265,0.011644832605531296,0.010189228529839884,0.0,0.055312954876273655,0.013100436681222707,0.042212518195050945,0.295,0.351,0.501,0.852,0.334,18.2,7.1
2,3,Gunnar Henderson,BAL,152,570.6054216867469,651.0,123.53313253012047,0.23644578313253012,0.7063492063492065,0.253968253968254,0.039682539684685346,0.04668674698795181,0.1490963855453149,0.13855421686635946,0.10692771084337348,0.004518072289156626,0.23042168674698796,0.009036144578313253,0.006024096385542169,0.0,0.024096385542168676,0.006024096385542169,0.018072289156626505,0.27,0.3529411764705882,0.5017182130584192,0.8546593895290076,0.3134328358208955,23.042168674698797,10.692771084337348,577,651,141,0.24270353302611367,0.723404255319149,0.24113475177304963,0.03546099290780142,0.026113671274961597,0.130568356374808,0.10445468509984639,0.09523809523809523,0.009216589861751152,0.21044546850998463,0.010752688172043012,0.007680491551459293,0.0,0.04608294930875576,0.007680491551459293,0.03840245775729647,0.274,0.349,0.438,0.787,0.329,21.0,9.5
3,4,Juan Soto,NYM,153,570.727003,715.0,118.81305637982194,0.21661721068249257,0.7321428571428571,0.25000000000000006,0.01785714285714286,0.05044510385756677,0.1543026706231454,0.1394658753709199,0.1884272997032641,0.010385756676557863,0.17359050445103855,0.005934718100890207,0.005934718100890207,0.0014836795252225518,0.011869436201780414,0.004451038575667656,0.00741839762611276,0.271,0.4115898959881129,0.5204460966542751,0.932035993,0.2864450127877238,17.359050445103858,18.84272997032641,577,715,109,0.2125874125874126,0.8073394495412844,0.1834862385321101,0.009174311926605505,0.06013986013986014,0.16783216783216784,0.14685314685314685,0.17762237762237762,0.01818181818181818,0.1916083916083916,0.004195804195804196,0.008391608391608392,0.0013986013986013986,0.05314685314685315,0.005594405594405594,0.04755244755244755,0.263,0.396,0.525,0.921,0.27,19.2,17.8
4,5,Shohei Ohtani,LAD,145,624.1119751166408,727.0,132.2846034214619,0.24727838258164853,0.7008547008547008,0.26495726496855126,0.03418803418803419,0.06531881804043546,0.18040435458786938,0.17107309486780714,0.12597200622083984,0.017107309486780714,0.22395023328149302,0.007776049766718507,0.006220839813374806,0.0015552099533437014,0.05132192846034215,0.013996889580093314,0.03732503888024884,0.288,0.381619937694704,0.5869565217391305,0.9685764594338344,0.3162162162162162,22.39502333,12.597200622083982,611,727,117,0.23658872077028886,0.7094017094017094,0.21367521367521367,0.07692307692307693,0.07565337001375516,0.20082530949105915,0.14030261348005502,0.1499312242090784,0.027510316368638238,0.25722145804676755,0.0041265474552957355,0.002751031636863824,0.0,0.027510316368638238,0.008253094910591471,0.01925722145804677,0.282,0.392,0.622,1.014,0.315,25.7,15.0
5,6,Mookie Betts,LAD,148,573.5153374233129,663.0,131.17638036809817,0.2392638036809816,0.7286821705426357,0.24806201549919907,0.023255813953488372,0.04141104294478528,0.14570552147239263,0.13650306748466257,0.11349693251533742,0.004601226993865031,0.1334355828220859,0.010736196319018404,0.007668711656441719,0.0015337423312883436,0.019938650306748466,0.006134969325153374,0.013803680981595096,0.276,0.3646153846153846,0.4875886524822695,0.8522040370976541,0.2835164835164835,13.34355828220859,11.349693251533742,589,663,132,0.22926093514328807,0.8106060606060606,0.17424242424242425,0.015151515151515152,0.030165912518853696,0.14328808446455504,0.12368024132730016,0.09200603318250378,0.0030165912518853697,0.10256410256410256,0.004524886877828055,0.015082956259426848,0.0,0.012066365007541479,0.0030165912518853697,0.00904977375565611,0.258,0.326,0.406,0.732,0.258,10.3,9.2
6,7,Corey Seager,TEX,127,391.5027322404372,445.0,85.10928961748635,0.24954462659380694,0.7333333333333333,0.2571428571428571,0.009523809523809523,0.05828779599271403,0.14025500910746813,0.16029143898876405,0.10018214936247724,0.012750455373406194,0.1748633879781421,0.009107468123861567,0.007285974499089254,0.0,0.0018214936247723135,0.0,0.0018214936247723135,0.284,0.360146252,0.5424430641821946,0.9025893164673866,0.2924791086350975,17.48633879781421,10.018214936247723,380,445,82,0.23146067415730337,0.7682926829268293,0.23170731707317074,0.0,0.04719101123595506,0.13707865168539327,0.11235955056179775,0.1303370786516854,0.02247191011235955,0.19550561797752808,0.011235955056179775,0.0044943820224719105,0.0,0.006741573033707865,0.0,0.006741573033707865,0.271,0.373,0.487,0.86,0.299,19.6,13.0
7,9,Vladimir Guerrero Jr.,TOR,154,598.4407796101949,680.0,145.78710644677662,0.2638680659670165,0.7622377622377622,0.23076923076923078,0.006993006993006991,0.049475262368815595,0.1454272863568216,0.15442278860569714,0.10044977511244378,0.010494752623688156,0.13793103448275862,0.010494752623688156,0.005997001499250375,0.0014992503748125934,0.008995502248875561,0.0029985007496251873,0.005997001499250375,0.3,0.3759398496240601,0.5281090289608177,0.9040488785848778,0.3068669527896995,13.79310344827586,10.044977511244378,589,680,149,0.2529411764705882,0.7718120805369127,0.22818791946308725,0.0,0.033823529411764704,0.1411764705882353,0.12352941176470589,0.11911764705882352,0.011764705882352941,0.13823529411764707,0.008823529411764706,0.0058823529411764705,0.0,0.008823529411764706,0.004411764705882353,0.004411764705882353,0.292,0.381,0.467,0.848,0.313,13.8,11.9
8,10,Jose Ramirez,CLE,153,601.7291981845688,673.0,134.3963691376702,0.24205748865355523,0.712121212121212,0.25757575757575757,0.0303030303030303,0.04236006051437216,0.14069591527987899,0.13464447806354007,0.08925869894099848,0.015128593040847202,0.11497730711043873,0.006051437216338881,0.00907715582450832,0.0015128593040847202,0.04689863842662632,0.013615733736998514,0.03328290468986384,0.271,0.3378787878787879,0.4839255499153976,0.8218043377941855,0.2677484787018255,11.497730711043872,8.925869894099849,593,673,138,0.24962852897473997,0.7318840579710145,0.2463768115942029,0.021739130434782608,0.04457652303120357,0.15304606240713226,0.1263001485884101,0.09806835066864784,0.03268945022288262,0.1099554234769688,0.01188707280832095,0.007429420505200594,0.0,0.06537890044576523,0.010401188707280832,0.0549777117384844,0.283,0.36,0.503,0.863,0.279,11.0,9.8
9,11,William Contreras,MIL,148,582.3473344103392,658.9999999999999,127.75444264943454,0.23263327948303716,0.7666666666666669,0.23333333333333336,0.008333333333333337,0.038772213247172865,0.1211631664036419,0.1421647819063005,0.10177705977382875,0.0032310177705977385,0.21809369951534738,0.008077544426494346,0.004846526655896608,0.0016155088852988697,0.008077544426494346,0.0032310177705977385,0.004846526655896608,0.264,0.343042071,0.4515539305301645,0.7945960017275755,0.3069053708439898,21.809369951534737,10.177705977382876,566,659,130,0.22306525037936267,0.7846153846153846,0.2153846153846154,0.0,0.025796661608497723,0.13505311077389984,0.11532625189681335,0.1274658573596358,0.006069802731411229,0.18209408194233687,0.004552352048558422,0.009104704097116844,0.0,0.009104704097116844,0.006069802731411229,0.0030349013657056147,0.26,0.355,0.399,0.754,0.299,18.2,12.7
10,12,Julio Rodriguez,SEA,147,643.5413416536662,710.0,146.2090483619345,0.2480499219968799,0.765151515151515,0.19696969696969696,0.0303030303030303,0.0421216848673947,0.14040561622464898,0.1310452418028169,0.0733229329173167,0.0046801872074883,0.24024960998439937,0.014040561622464903,0.0046801872074883,0.0,0.045241809676056344,0.0109204368174727,0.0343213728549142,0.274,0.3359375,0.4698795180722891,0.8058170180722892,0.3275434243176178,24.024960998439937,7.332293291731669,652,710,142,0.24507042253521127,0.7535211267605634,0.21830985915492956,0.028169014084507043,0.04507042253521127,0.14929577464788732,0.13380281690140844,0.061971830985915494,0.007042253521126761,0.2140845070422535,0.016901408450704224,0.0028169014084507044,0.0,0.04225352112676056,0.008450704225352112,0.03380281690140845,0.267,0.324,0.474,0.798,0.302,21.4,6.2
11,13,Ronald Acuna Jr.,ATL,116,355.74615384615385,412.0,86.36153846153846,0.25769230769230766,0.7522935779816513,0.23853211009174313,0.009174311926605505,0.04807692307692307,0.1769230769230769,0.1346153846153846,0.11346153846153846,0.0057692307692307696,0.17884615384615385,0.015384615384615384,0.0057692307692307696,0.0,0.07115384615384615,0.023076923076923078,0.04807692307692307,0.299,0.3872832369942196,0.5278396436525612,0.9151228806467808,0.3263473053892216,17.884615384615383,11.346153846153848,338,412,77,0.23786407766990292,0.8311688311688312,0.15584415584415584,0.012987012987012988,0.050970873786407765,0.1796116504854369,0.10194174757281553,0.17233009708737865,0.009708737864077669,0.24757281553398058,0.007281553398058253,0.0,0.0,0.021844660194174758,0.0024271844660194173,0.019417475728155338,0.29,0.417,0.518,0.935,0.358,24.8,17.2
12,14,Francisco Lindor,NYM,153,644.7272727272726,732.0,132.0,0.22354694485842025,0.7355371900826445,0.256198347107438,0.01652892561983471,0.04321907600596125,0.13859910581222054,0.12667660208643813,0.08941877794336811,0.002980625931445603,0.19523099850968703,0.014903129657228016,0.007451564828614008,0.0014903129657228016,0.03278688524590164,0.010432190760059612,0.022354694485842028,0.254,0.3303303303303303,0.4619289340101523,0.7922592643404827,0.2775229357798165,19.523099850968705,8.941877794336811,644,732,141,0.23497267759562843,0.75177304964539,0.24822695035460993,0.0,0.04234972677595628,0.1598360655737705,0.11748633879781421,0.08879781420765027,0.00273224043715847,0.17896174863387979,0.02185792349726776,0.009562841530054645,0.0,0.04234972677595628,0.00819672131147541,0.03415300546448088,0.267,0.346,0.466,0.811,0.288,17.9,8.9
13,15,Cal Raleigh,SEA,142,622.4213286713286,705.0,98.60139860139861,0.18706293706293708,0.7124999999645388,0.27499999999999997,0.012499999999999999,0.0472027972027972,0.11013986014184397,0.14160839160839161,0.10139860139860139,0.0034965034965034965,0.28321678321678323,0.008741258741258742,0.0069930069929078015,0.0,0.005244755244755244,0.0017482517482517483,0.0034965034965034965,0.213,0.2972027972027972,0.4198019801980198,0.717004777,0.25,28.321678321678323,10.13986013986014,596,705,87,0.20851063829787234,0.7241379310344828,0.27586206896551724,0.0,0.0851063829787234,0.15602836879432624,0.1773049645390071,0.1375886524822695,0.024113475177304965,0.26666666666666666,0.01276595744680851,0.00425531914893617,0.0,0.019858156028368795,0.005673758865248227,0.014184397163120567,0.247,0.359,0.589,0.948,0.248,26.700000000000003,13.8
14,16,Fernando Tatis Jr.,SDP,146,615.5585443037975,691.0,134.48259495822785,0.24367088610709117,0.7235772356565758,0.2520325202848747,0.024390243898536265,0.04905063291139241,0.15506329113924053,0.14240506329113925,0.09018987341772153,0.0031645569620253164,0.2246835443037975,0.011075949367088608,0.006329113924050633,0.0015822784810126582,0.03955696202531646,0.011075949367088608,0.02848101265822785,0.273,0.3454833597464342,0.5044404973357016,0.8499238570821359,0.3121827411167512,22.468354430379748,9.018987341772153,594,691,134,0.2301013024602026,0.7835820895522388,0.20149253731343283,0.014925373134328358,0.0361794500723589,0.16063675832127353,0.10274963820549927,0.1287988422575977,0.010130246020260492,0.18668596237337193,0.008683068017366137,0.002894356005788712,0.0,0.04630969609261939,0.010130246020260492,0.0361794500723589,0.268,0.368,0.446,0.814,0.303,18.7,12.9
15,17,Adley Rutschman,BAL,146,319.7471451876019,364.99999999999994,70.85644371941271,0.2234910277324633,0.7647058823529412,0.21848739495798325,0.016806722689075633,0.029363784665579123,0.1174551386623165,0.11582381729200654,0.10766721044045678,0.0048939641109298545,0.15986949429037522,0.008156606851549756,0.008156606851549756,0.0016313213703099511,0.0032626427406199023,0.0016313213703099511,0.0016313213703099511,0.255,0.3393148450244698,0.4115456238361266,0.7508604688605964,0.2793427230046948,15.98694942903752,10.766721044045676,322,365,62,0.19452054794520549,0.7096774193548387,0.25806451612903225,0.03225806451612903,0.024657534246575342,0.10136986301369863,0.07945205479452055,0.1095890410958904,0.0,0.15616438356164383,0.0027397260273972603,0.005479452054794521,0.0,0.0,0.0,0.0,0.22,0.307,0.366,0.673,0.24,15.6,11.0
16,18,Austin Riley,ATL,150,398.0986132511556,447.0,85.40523882896764,0.24191063174114022,0.7258064516129032,0.25,0.024193548387096777,0.05084745762711865,0.14175654853620956,0.15100154083204928,0.0847457627118644,0.004622496147919877,0.23882896764252698,0.015408320493066254,0.007704160246533127,0.0,0.0030816640986132513,0.0015408320493066256,0.0015408320493066256,0.272,0.3425925925925926,0.5069204152249135,0.8495130078175062,0.3139240506329114,23.882896764252695,8.474576271,416,447,92,0.24161073825503357,0.7717391304347826,0.21739130434782608,0.010869565217391304,0.035794183445190156,0.12080536912751678,0.12080536912751678,0.06040268456375839,0.0022371364653243847,0.28635346756152125,0.006711409395973154,0.0022371364653243847,0.0,0.0044742729306487695,0.0022371364653243847,0.0022371364653243847,0.26,0.309,0.428,0.737,0.337,28.6,6.0
17,19,Ketel Marte,ARI,141,487.1791530944625,556.0,110.47557003257327,0.24104234527687293,0.7213114754098362,0.26229508196721313,0.024590163934426233,0.04234527687296417,0.13680781758957655,0.14983713355048858,0.10586319218241041,0.0065146579804560255,0.18078175895765472,0.009771986970684038,0.0065146579804560255,0.0016286644951140064,0.009771986970684038,0.0032573289902280127,0.0065146579804560255,0.275,0.3572593800978793,0.4925650557620817,0.849824436,0.3012345679012346,18.078175895765472,10.586319218241044,480,556,108,0.2446043165467626,0.7407407407407407,0.25925925925925924,0.0,0.050359712230215826,0.1564748201438849,0.12949640287769784,0.11510791366906475,0.01079136690647482,0.14928057553956833,0.01618705035971223,0.00539568345323741,0.0,0.007194244604316547,0.0035971223021582736,0.0035971223021582736,0.283,0.376,0.517,0.893,0.29,14.9,11.5
18,20,Matt Chapman,SFG,148,471.5544871794871,535.0,89.16666666666669,0.21474358974358976,0.6923076923076921,0.2884615384615384,0.019230769230769225,0.04807692307692307,0.1346153846153846,0.1362179487179487,0.10096153846153845,0.0016025641025641025,0.25641025641025644,0.011217948717948718,0.008012820512820514,0.0,0.011217948717948718,0.003205128205128205,0.008012820512820514,0.244,0.3264,0.4690909090909091,0.7954909090909091,0.284931506849315,25.64102564102564,10.096153846153848,454,535,84,0.19626168224299065,0.7023809523809523,0.27380952380952384,0.023809523809523808,0.03925233644859813,0.14205607476635515,0.11401869158878504,0.13271028037383178,0.001869158878504673,0.23551401869158878,0.011214953271028037,0.007476635514018692,0.0,0.016822429906542057,0.007476635514018692,0.009345794392523364,0.231,0.34,0.43,0.77,0.27,23.6,13.3
19,21,Kyle Tucker,CHC,148,513.9796875000001,597.0,113.80312500000002,0.23281250000000003,0.7377049180327867,0.23770491803278687,0.02459016393442623,0.0421875,0.140625,0.140625,0.1234375,0.009375000000000001,0.1546875,0.004687500000000001,0.009375000000000001,0.0,0.03125,0.010937500000000001,0.0203125,0.271,0.3615023474178404,0.4809437386569873,0.8424460860748277,0.2830626450116009,15.46875,12.34375,500,597,111,0.22278056951423786,0.7387387387387387,0.22522522522522523,0.036036036036036036,0.03685092127303183,0.152428810720268,0.12227805695142378,0.1457286432160804,0.011725293132328308,0.1474036850921273,0.006700167504187605,0.005025125628140704,0.0016750418760469012,0.04187604690117253,0.005025125628140704,0.03685092127303183,0.266,0.377,0.464,0.841,0.282,14.7,14.6
20,22,Will Smith,LAD,123,378.79125248508944,436.0,81.47912524850895,0.2286282306163022,0.7340425531914893,0.24468085106382978,0.010638297872340425,0.041749502982107355,0.13121272365805167,0.14115308151376146,0.09741550695825049,0.003976143141153082,0.18489065606361826,0.019880715705765408,0.011928429424311927,0.0,0.003976143141153082,0.0019880715705765406,0.0019880715705765406,0.262,0.3466135458167331,0.4622425629290618,0.8088561087457948,0.2857142857142857,18.48906560636183,9.741550696,362,436,90,0.24541284403669725,0.7666666666666667,0.2222222222222222,0.011111111111111112,0.0389908256880734,0.14678899082568808,0.13990825688073394,0.14678899082568808,0.0022935779816513763,0.20412844036697247,0.011467889908256881,0.011467889908256881,0.0,0.0045871559633027525,0.006880733944954129,-0.0022935779816513763,0.296,0.404,0.497,0.901,0.345,20.4,14.7
21,23,Jackson Merrill,SDP,152,446.2583201267829,483.0,104.86687797147384,0.2535657686212361,0.7299270072992702,0.24087591240875914,0.029197080291970805,0.03645007923930269,0.13153724247226625,0.12995245641838352,0.05863708399366086,0.004754358161648178,0.17591125198098256,0.004754358161648178,0.00792393026941363,0.004754358161648178,0.02377179080824089,0.006339144215530904,0.017432646592709985,0.275,0.3184713375796178,0.4631217838765009,0.7815931214561187,0.3017621145374449,17.591125198098258,5.863708399366086,440,483,100,0.2401656314699793,0.69,0.25,0.06,0.033126293995859216,0.12215320910973085,0.13871635610766045,0.06832298136645963,0.002070393374741201,0.2236024844720497,0.008281573498964804,0.010351966873706004,0.002070393374741201,0.002070393374741201,0.004140786749482402,-0.002070393374741201,0.264,0.317,0.457,0.774,0.312,22.4,6.800000000000001
22,24,Francisco Alvarez,NYM,123,247.81075268817204,277.0,44.677419354838705,0.19999999999999998,0.7733333332346571,0.22666666666666668,0.013333333333333334,0.03870967741935484,0.10967741935483871,0.12043010752688173,0.08602150537634409,0.002150537634408602,0.25591397849462366,0.012903225806451613,0.0064516129032258064,0.002150537634408602,0.002150537634408602,0.002150537634408602,0.0,0.223,0.2989247311827957,0.4014423076923077,0.7003670388751034,0.2659574468085106,25.591397849462368,8.602150538,246,277,52,0.22743682310469315,0.75,0.23076923076923078,0.019230769230769232,0.039711191335740074,0.11552346570397112,0.11552346570397112,0.09747292418772563,0.0,0.26353790613718414,0.01444043321299639,0.0,0.0,0.0,0.0,0.0,0.256,0.339,0.447,0.787,0.321,26.4,9.7
23,25,Corbin Carroll,ARI,150,559.4150076569679,642.0,122.89433384379785,0.222052067381317,0.6960000000000001,0.248,0.048,0.03062787136294028,0.15007656967840735,0.11026033690658499,0.10260336906584994,0.0030627871362940273,0.1975497702909648,0.013782542113323124,0.0061255742725880545,0.004594180704441041,0.06278713629283489,0.010719754976635515,0.05206738131699847,0.254,0.3405238828967643,0.4340949033391915,0.7746187862359558,0.294811321,19.754977029096477,10.260336906584993,564,642,115,0.22741433021806853,0.5739130434782609,0.2782608695652174,0.14782608695652175,0.048286604361370715,0.16666666666666666,0.1308411214953271,0.1043613707165109,0.006230529595015576,0.2383177570093458,0.010903426791277258,0.006230529595015576,0.0,0.04984423676012461,0.009345794392523364,0.040498442367601244,0.259,0.343,0.541,0.883,0.299,23.8,10.4
24,26,Rafael Devers,BOS,145,643.2352941,728.9999999999999,134.44197138314783,0.23529411764705882,0.7241379310344829,0.25862068965517243,0.01724137931034483,0.05087440381558029,0.13354531001589826,0.15580286168521462,0.1001589825119237,0.014308426073131958,0.21144674085850557,0.011128775834658187,0.006359300476947536,0.0,0.004769475357710652,0.0015898251192368843,0.0031796502384737685,0.266,0.3465818759936407,0.5009009009009009,0.8474827768945417,0.2944162436548223,21.144674085850557,10.01589825119237,607,729,118,0.20987654320987653,0.7203389830508474,0.2796610169491525,0.0,0.04801097393689986,0.13580246913580246,0.149519890260631,0.15363511659807957,0.013717421124828532,0.26337448559670784,0.00823045267489712,0.0054869684499314125,0.0,0.0013717421124828531,0.0013717421124828531,0.0,0.252,0.372,0.479,0.851,0.307,26.3,15.4
25,27,Elly De La Cruz,CIN,150,625.6481481481482,699.0,131.60185185185188,0.22685185185185186,0.6967213114754096,0.2622950819672131,0.040983606557377046,0.038580246913580245,0.15277777777777782,0.11728395061728394,0.09104938271604938,0.004629629629629629,0.3117283950617284,0.00771604938271605,0.004629629629629629,0.0015432098765432096,0.07716049382716049,0.01388888888888889,0.06327160493827161,0.253,0.3261205564142195,0.4551724137931034,0.78129297,0.3426966292134831,31.17283950617284,9.104938271604938,629,699,144,0.2374821173104435,0.7361111111111112,0.2152777777777778,0.04861111111111111,0.031473533619456366,0.1459227467811159,0.12303290414878398,0.09585121602288985,0.01430615164520744,0.25894134477825465,0.002861230329041488,0.001430615164520744,0.0,0.05293276108726753,0.011444921316165951,0.04148783977110158,0.264,0.336,0.44,0.777,0.337,25.9,9.6
26,28,Patrick Bailey,SFG,113,407.8511627906977,452.0,83.04186046539535,0.20465116279069764,0.7721518987315823,0.22784810126505708,0.012658227848058727,0.020930232557522122,0.09767441860465115,0.09534883720930232,0.08139534882743363,0.002325581395348837,0.23488372093023258,0.0069767441860465115,0.009302325581395349,0.002325581395348837,0.004651162790697674,0.002325581395348837,0.002325581395348837,0.228,0.2930232558139535,0.3505154639175257,0.6435387197314792,0.2801418439716312,23.488372093023255,8.139534884,409,452,85,0.2013274336283186,0.7529411764705882,0.21176470588235294,0.03529411764705882,0.01327433628318584,0.10398230088495575,0.12168141592920353,0.06637168141592921,0.0,0.2942477876106195,0.00663716814159292,0.01327433628318584,0.008849557522123894,0.0022123893805309734,0.0,0.0022123893805309734,0.222,0.277,0.325,0.602,0.308,29.4,6.6000000000000005
27,29,Austin Wells,NYY,122,396.3076923076923,448.0,73.70940170940172,0.20085470085470086,0.7272727272727272,0.24675324675324672,0.012987012987012984,0.03632478632478632,0.11324786324786326,0.11752136752136753,0.09615384615384616,0.004273504273504273,0.2307692307692308,0.010683760683760684,0.00641025641025641,0.0021367521367521365,0.008547008547008546,0.0021367521367521365,0.00641025641025641,0.227,0.3083511777301927,0.3985507246376811,0.7069019023678739,0.2636986301369863,23.076923076923077,9.615384615384617,401,448,67,0.19642857142857142,0.6567164179104478,0.3283582089552239,0.014925373134328358,0.046875,0.11383928571428571,0.15848214285714285,0.06696428571428571,0.0,0.26339285714285715,0.011160714285714286,0.024553571428571428,0.0,0.011160714285714286,0.002232142857142857,0.008928571428571428,0.219,0.275,0.436,0.712,0.245,26.3,6.7
28,30,Trea Turner,PHI,146,583.7405660377359,639.0,140.66037735849056,0.25,0.7500000000000001,0.2285714285714286,0.028571428571428574,0.02987421383647799,0.1336477987421384,0.12106918238993712,0.06289308176100629,0.0,0.19339622641509435,0.009433962264150945,0.006289308176100629,0.0015723270440251573,0.03773584905660378,0.009433962264150945,0.02830188679245283,0.274,0.3248811410459588,0.4423407917383821,0.7672219327843408,0.3160270880361174,19.339622641509436,6.289308176100629,589,639,164,0.28012519561815336,0.7682926829268293,0.18902439024390244,0.042682926829268296,0.023474178403755867,0.14710485133020346,0.107981220657277,0.06729264475743349,0.001564945226917058,0.1674491392801252,0.00782472613458529,0.003129890453834116,0.0,0.056338028169014086,0.010954616588419406,0.04538341158059468,0.304,0.355,0.457,0.812,0.35,16.7,6.7
29,31,Jarren Duran,BOS,148,630.2786377708978,696.0,148.6811145510836,0.24458204334365327,0.6956521739130435,0.2608695652173913,0.043478260869565216,0.030959752321981424,0.1455108359133127,0.11455108359133127,0.07894736842105263,0.0030959752321981426,0.22755417956656346,0.010835913312693499,0.0046439628482972135,0.0015479876160990713,0.05108359133126935,0.009287925696594427,0.04179566563467492,0.269,0.3343653250773993,0.4547008547008547,0.7890661797782541,0.3277909738717339,22.755417956656345,7.894736842105263,620,696,143,0.22844827586206898,0.6223776223776224,0.2867132867132867,0.09090909090909091,0.022988505747126436,0.1235632183908046,0.1206896551724138,0.08620689655172414,0.0014367816091954023,0.24281609195402298,0.017241379310344827,0.004310344827586207,0.0014367816091954023,0.034482758620689655,0.008620689655172414,0.02586206896551724,0.256,0.332,0.442,0.774,0.326,24.3,8.6
30,32,Manny Machado,SDP,149,614.9053627760253,678.0,127.25867507886436,0.23501577287066247,0.7815126050420168,0.2184873949579832,0.008403361344537813,0.0473186119873817,0.12776025236593058,0.14037854889589907,0.0804416403785489,0.006309148264984227,0.19242902208201892,0.0031545741324921135,0.007886435331230283,0.0015772870662460565,0.011041009463722398,0.00473186119873817,0.006309148264984227,0.26,0.3191153238546603,0.4660869565217391,0.7852022803763995,0.2780373831775701,19.242902208201897,8.044164038,615,678,142,0.24926253687315633,0.7676056338028169,0.2323943661971831,0.0,0.03982300884955752,0.13421828908554573,0.140117994100295,0.08112094395280237,0.0058997050147492625,0.19321533923303835,0.004424778761061947,0.007374631268436578,0.0,0.02064896755162242,0.004424778761061947,0.016224188790560472,0.275,0.335,0.46,0.795,0.307,19.3,8.1
31,33,Alex Bregman,BOS,145,435.5687203791469,495.0,95.40284360189574,0.22906793048973143,0.7459016393363139,0.23770491803278687,0.016393442622950817,0.036334913112164295,0.1232227488080808,0.12796208530805686,0.09636650868878356,0.0,0.13112164296998421,0.011058451816745656,0.011058451816745656,0.001579778830963665,0.00315955766192733,0.001579778830963665,0.001579778830963665,0.26,0.3370253164556962,0.4434470377019748,0.780472354,0.2663755458515284,13.112164296998422,9.636650868878355,433,495,100,0.2383838383838384,0.72,0.28,0.0,0.03636363636363636,0.1292929292929293,0.12525252525252525,0.10303030303030303,0.006060606060606061,0.1414141414141414,0.01818181818181818,0.00404040404040404,0.0,0.00202020202020202,0.00202020202020202,0.0,0.273,0.36,0.462,0.821,0.288,14.099999999999998,10.3
32,34,Bryce Harper,PHI,144,497.27564102564105,580.0,111.53846153846153,0.23237179487179488,0.7333333332896552,0.24166666666666667,0.025,0.04006410256410257,0.13782051282051283,0.13621794871794873,0.1266025641025641,0.014423076923076922,0.21474358974358976,0.008012820512820514,0.008012820512820514,0.0016025641025641027,0.016025641025641028,0.00641025641025641,0.009615384615384614,0.271,0.3669871794871794,0.4766355140186916,0.843622694,0.3149606299212598,21.474358974358974,12.660256410256409,501,580,104,0.22586206896551725,0.6923076923076923,0.3076923076923077,0.0,0.04655172413793104,0.12413793103448276,0.12931034482758622,0.1206896551724138,0.010344827586206896,0.20862068965517241,0.010344827586206896,0.005172413793103448,0.0,0.020689655172413793,0.0034482758620689655,0.017241379310344827,0.261,0.357,0.487,0.844,0.292,20.9,12.1
33,35,Wyatt Langford,TEX,140,510.1922428330523,573.0,110.15514333895447,0.23271500843170323,0.7192982456140351,0.23684210522718224,0.043859649122807015,0.04047217537942664,0.14165261382799324,0.11804384485666104,0.09106239460732984,0.0033726812816188873,0.20236087689713322,0.01011804384485666,0.0067453625632377745,0.0016863406408094436,0.030354131534569985,0.0067453625632377745,0.023608768971332208,0.261,0.3344594594594595,0.4678030303030303,0.8022624897624897,0.2938144329896907,20.23608768971332,9.106239460370997,489,573,96,0.20593368237347295,0.7291666666666666,0.2604166666666667,0.010416666666666666,0.038394415357766144,0.1273996509598604,0.1082024432809773,0.12914485165794065,0.005235602094240838,0.26352530541012215,0.008726003490401396,0.008726003490401396,0.0,0.038394415357766144,0.010471204188481676,0.027923211169284468,0.241,0.344,0.431,0.775,0.299,26.4,12.9
34,36,Michael Harris II,ATL,141,588.1228956228956,641.0,139.20707070707073,0.25084175084175087,0.7441860465116278,0.2403100775193798,0.02325581395348837,0.033670033670033676,0.1414141414141414,0.11952861952861954,0.06565656565656566,0.005050505050505051,0.1986531986531987,0.010101010101010102,0.005050505050505051,0.0016835016835016836,0.03535353535353535,0.008417508417508419,0.02693602693602694,0.274,0.327150084,0.4532110091743119,0.780361093,0.3146341463414634,19.865319865319865,6.565656565656567,611,641,132,0.23712948517940718,0.7575757575757576,0.19696969696969696,0.045454545454545456,0.031201248049921998,0.08580343213728549,0.13416536661466458,0.0249609984399376,0.0015600624024961,0.1996879875195008,0.0046801872074883,0.0109204368174727,0.0062402496099844,0.031201248049921998,0.0093603744149766,0.0218408736349454,0.249,0.268,0.409,0.678,0.281,20.0,2.5
35,37,Dansby Swanson,CHC,149,575.6340288924558,645.0,120.09630818619583,0.21990369181380418,0.7586206896447474,0.23275862068965514,0.008620689655172414,0.033707865168539325,0.1219903691813804,0.1219903691813804,0.08507223113964688,0.0,0.24879614767255215,0.006420545746388443,0.006420545746388443,0.0016051364365971107,0.024077046548956663,0.008025682182985553,0.01605136436597111,0.247,0.3144246353322528,0.4118705035971223,0.7262951389293751,0.3020833333333333,24.879614767255216,8.507223113964688,590,645,120,0.22325581395348837,0.775,0.2,0.025,0.037209302325581395,0.13023255813953488,0.11937984496124031,0.07286821705426356,0.0015503875968992248,0.26046511627906976,0.0031007751937984496,0.007751937984496124,0.0015503875968992248,0.031007751937984496,0.004651162790697674,0.02635658914728682,0.244,0.3,0.417,0.717,0.298,26.0,7.3
36,38,Willy Adames,SFG,150,607.9968847352025,686.0,119.67601246105919,0.21339563862928349,0.7232142857142857,0.25892857142857145,0.017857142857142856,0.03894080996884735,0.12461059190031153,0.12305295950155765,0.09813084112244896,0.003115264797507788,0.2461059190031153,0.004672897196261682,0.00778816199376947,0.0,0.017133956386292833,0.006230529595015576,0.010903426791277258,0.241,0.3171875,0.4305799648506151,0.7477674648506152,0.2864450127877238,24.61059190031153,9.813084112149532,591,686,103,0.19387755102040816,0.7669902912621359,0.21359223300970873,0.019417475728155338,0.043731778425655975,0.13702623906705538,0.12682215743440234,0.11661807580174927,0.0029154518950437317,0.260932944606414,0.007288629737609329,0.013119533527696793,0.0,0.01749271137026239,0.0058309037900874635,0.011661807580174927,0.225,0.318,0.421,0.74,0.263,26.1,11.7
37,39,Freddie Freeman,LAD,146,545.3029827315542,627.0,132.8806907378336,0.24489795918367346,0.7481481481481481,0.22962962962962963,0.02222222222222222,0.03296703296703297,0.13657770800637958,0.12872841444976077,0.10832025117739405,0.014128728414442699,0.15698587127158556,0.012558869701726845,0.007849293563579279,0.0015698587127158557,0.018838304552590262,0.006279434850863423,0.012558869701726845,0.281,0.3663522012578616,0.4620938628158845,0.8284460640737461,0.3082191780821918,15.698587127158556,10.832025117739404,556,627,140,0.26156299840510366,0.7071428571428572,0.2785714285714286,0.014285714285714285,0.03827751196172249,0.1291866028708134,0.14354066985645933,0.09569377990430622,0.011164274322169059,0.20414673046251994,0.009569377990430622,0.007974481658692184,0.0,0.009569377990430622,0.003189792663476874,0.006379585326953748,0.295,0.367,0.502,0.869,0.342,20.4,9.6
38,40,Jazz Chisholm Jr.,NYY,141,477.9,531.0,92.925,0.21833333333333335,0.7523809523809525,0.22857142857142856,0.02857142857142857,0.043333333333333335,0.14500000000000002,0.11833333333333333,0.08499999999999999,0.0033333333333333335,0.25666666666666665,0.008333333333333333,0.006666666666666667,0.0016666666666666668,0.058333333333333334,0.013333333333333334,0.045,0.244,0.3116666666666666,0.4444444444444444,0.7561111111111111,0.2884615384615384,25.666666666666664,8.5,462,531,81,0.21092278719397364,0.8024691358024691,0.18518518518518517,0.012345679012345678,0.0583804143126177,0.14124293785310735,0.15065913370998116,0.10922787193973635,0.0018832391713747645,0.2787193973634652,0.011299435028248588,0.007532956685499058,0.0018832391713747645,0.0583804143126177,0.015065913370998116,0.04331450094161959,0.242,0.332,0.481,0.813,0.282,27.9,10.9
39,41,Sean Murphy,ATL,110,294.6790697674419,337.0,56.42790697674419,0.20697674418604653,0.7361111111111112,0.2638888888888889,0.0,0.03953488372093023,0.12325581395348839,0.12790697673590506,0.09534883720930233,0.002325581395348837,0.24186046511627907,0.020930232558139535,0.0069767441860465115,0.0,0.0,0.0,0.0,0.237,0.324009324009324,0.4228723404255319,0.7468816644348559,0.2790697674418604,24.186046511627907,9.534883720930234,291,337,42,0.17210682492581603,0.6904761904761905,0.30952380952380953,0.0,0.04747774480712166,0.10089020771513353,0.13353115727002968,0.10385756676557864,0.002967359050445104,0.3115727002967359,0.02373887240356083,0.008902077151335312,0.0,0.0,0.0,0.0,0.199,0.3,0.409,0.709,0.243,31.2,10.4
40,42,Carlos Correa,MIN,120,513.8294573643411,584.0,116.57364341085272,0.23449612403100778,0.7669902912348716,0.2233009708737864,0.009708737864077667,0.03488372093023256,0.12209302325581396,0.12209302325581396,0.09689922480620156,0.003875968992248061,0.19186046511627908,0.007751937984496124,0.007751937984496124,0.0,0.0,0.0,0.0,0.267,0.341796875,0.4405286343612334,0.7823255093612335,0.3020527859237537,19.186046511627907,9.689922480620156,537,584,135,0.2534246575342466,0.7851851851851852,0.21481481481481482,0.0,0.02226027397260274,0.10787671232876712,0.08904109589041095,0.07705479452054795,0.0,0.1934931506849315,0.0017123287671232876,0.0017123287671232876,0.0,0.0,0.0,0.0,0.276,0.332,0.402,0.734,0.328,19.3,7.7
41,43,Mike Trout,LAA,107,477.9438444924406,556.0,91.26565874730021,0.22462203023758098,0.7105263157894737,0.2631578947368421,0.026315789473684213,0.06047516198704104,0.1468682505399568,0.1555075593884892,0.11879049676258993,0.008639308855291577,0.2613390928725702,0.01511879049676026,0.0064794816414686825,0.0,0.012958963282937365,0.004319654427645789,0.008639308855291577,0.261,0.3585313174946004,0.5326633165829145,0.891194634,0.3015873015873015,26.13390928725702,11.879049676025918,456,556,80,0.1906474820143885,0.8125,0.175,0.0125,0.046762589928057555,0.13129496402877697,0.11510791366906475,0.1564748201438849,0.017985611510791366,0.32014388489208634,0.01079136690647482,0.01079136690647482,0.0,0.0035971223021582736,0.0,0.0035971223021582736,0.232,0.359,0.439,0.797,0.31,32.0,15.6
42,44,Jordan Westburg,BAL,136,321.1768826619965,352.0,70.89316987260945,0.23642732049036777,0.7217391304836356,0.24347826088604577,0.03478260869800653,0.035026269715909095,0.12784588441331002,0.12259194394886364,0.06654991243432574,0.0017513134851138354,0.23117338003502627,0.012259194395796848,0.007005253940455341,0.0017513134851138354,0.01576182136647727,0.005253940455341507,0.01050788091068301,0.26,0.3157894736842105,0.4433781190019193,0.7591675926861299,0.3083109919571045,23.117338003502628,6.654991243432574,328,352,70,0.2471590909090909,0.8428571428571429,0.14285714285714285,0.014285714285714285,0.048295454545454544,0.16761363636363635,0.11647727272727272,0.048295454545454544,0.0,0.22727272727272727,0.017045454545454544,0.002840909090909091,0.0,0.002840909090909091,0.005681818181818182,-0.002840909090909091,0.265,0.313,0.457,0.77,0.302,22.7,4.8
43,45,Alejandro Kirk,TOR,108,449.64164648910406,505.99999999999994,101.69007263922518,0.225181598062954,0.7951807228915662,0.20481927710843373,0.0,0.02421307506053269,0.10895883777239711,0.10895883777239711,0.09200968523002422,0.002421307506053269,0.12832929782082325,0.012106537530266344,0.007263922518159807,0.0,0.0,0.0,0.0,0.252,0.3292978208232445,0.3814713896457766,0.7107692104690211,0.2703583061889251,12.832929782082324,9.20096852300242,451,506,112,0.2509881422924901,0.8392857142857143,0.16071428571428573,0.0,0.029644268774703556,0.08893280632411067,0.15019762845849802,0.09486166007905138,0.003952569169960474,0.116600790513834,0.001976284584980237,0.011857707509881422,0.0,0.001976284584980237,0.0,0.001976284584980237,0.282,0.348,0.421,0.769,0.292,11.7,9.5
44,46,Marcus Semien,TEX,149,474.5762195121951,534.0,100.93902439024392,0.21951219512195125,0.725806451612903,0.23387096774193544,0.032258064516129024,0.030487804878048783,0.125,0.10975609756097561,0.08841463414634146,0.0,0.16310975609756095,0.0060975609756097554,0.0060975609756097554,0.0015243902439024389,0.019817073170731708,0.0060975609756097554,0.013719512195121951,0.247,0.3174114021571648,0.411663808,0.7290752100473878,0.2695652173913043,16.31097561,8.841463414634147,470,534,93,0.20224719101123595,0.8172043010752689,0.17204301075268819,0.010752688172043012,0.028089887640449437,0.11610486891385768,0.11610486891385768,0.09363295880149813,0.0,0.17415730337078653,0.009363295880149813,0.016853932584269662,0.0,0.020599250936329586,0.0018726591760299626,0.018726591760299626,0.23,0.305,0.364,0.669,0.251,17.4,9.4
45,47,Yainer Diaz,HOU,134,531.4972375690609,567.0000000000001,128.4364640883978,0.25782688766114176,0.780487804878049,0.2113821138211382,0.008130081300813009,0.031307550644567216,0.11602209944751381,0.12523020257826886,0.047882136279926324,0.0018416206261510127,0.17679558011049726,0.007366482504604051,0.007366482504604051,0.0018416206261510127,0.0018416206261510127,0.0,0.0018416206261510127,0.276,0.3130755064456721,0.4302554027504912,0.7433309091961633,0.3075,17.67955801104972,4.788213627992634,542,567,119,0.24514991181657847,0.7815126050420168,0.21008403361344538,0.008403361344537815,0.03527336860670194,0.09876543209876543,0.12345679012345678,0.03527336860670194,0.003527336860670194,0.1675485008818342,0.003527336860670194,0.005291005291005291,0.0,0.001763668430335097,0.001763668430335097,0.0,0.256,0.284,0.417,0.701,0.277,16.8,3.5000000000000004
46,48,Oneil Cruz,PIT,144,488.9787928,544.0,97.61827079934746,0.22512234910277323,0.7090909090909092,0.272727272691845,0.018181818181818184,0.04567699836867863,0.1402936378466558,0.13539967373572595,0.08809135399673736,0.0065252854812398045,0.2920065252854812,0.0065252854812398045,0.0065252854812398045,0.0,0.03752039151712888,0.008156606851549756,0.029363784665579123,0.251,0.3197389885807504,0.4646098003629764,0.7843487889437268,0.3160919540229885,29.20065252854813,8.809135399673735,471,544,74,0.17279411764705882,0.7162162162162162,0.24324324324324326,0.04054054054054054,0.03676470588235294,0.11397058823529412,0.11213235294117647,0.11764705882352941,0.007352941176470588,0.31985294117647056,0.007352941176470588,0.009191176470588236,0.0,0.06985294117647059,0.009191176470588236,0.06066176470588235,0.2,0.298,0.378,0.676,0.262,32.0,11.8
47,49,Brent Rooker,ATH,142,617.7209302325581,699.0,113.7906976744186,0.2209302325581395,0.7244897959183674,0.25510204081632654,0.020408163265306124,0.05813953488372092,0.1378737541528239,0.1461794019933555,0.09136212624584718,0.006644518272425249,0.29568106312292364,0.01661129568106312,0.006644518272425249,0.0,0.011627906976744186,0.0033222591362126247,0.00830564784053156,0.249,0.3294509151414309,0.5018796992481203,0.8313306143895511,0.3034055727554179,29.56810631229236,9.13621262458472,626,699,134,0.23462088698140202,0.6791044776119403,0.29850746268656714,0.022388059701492536,0.04291845493562232,0.13161659513590845,0.12732474964234622,0.09298998569384835,0.005722460658082976,0.2217453505007153,0.00715307582260372,0.002861230329041488,0.0,0.008583690987124463,0.001430615164520744,0.00715307582260372,0.262,0.335,0.479,0.814,0.302,22.2,9.3
48,50,Riley Greene,DET,142,576.4860426929392,655.0,126.91297208538589,0.22824302134646962,0.7288135593244921,0.2457627118644067,0.033898305084745756,0.03448275862068965,0.12807881773399016,0.11986863711001641,0.10509031198686371,0.004926108374384236,0.25779967159277506,0.008210180623973728,0.006568144499178982,0.0,0.009852216748768471,0.003284072249589491,0.006568144499178982,0.26,0.3415435139573071,0.4477611940298507,0.7893047079871578,0.3259668508287293,25.779967159277504,10.50903119868637,600,655,119,0.2366412213740458,0.7310924369747899,0.2605042016806723,0.008403361344537815,0.0549618320610687,0.1282442748091603,0.16946564885496182,0.07022900763358779,0.0015267175572519084,0.3068702290076336,0.0061068702290076335,0.007633587786259542,0.0,0.0030534351145038168,0.0015267175572519084,0.0015267175572519084,0.258,0.313,0.493,0.806,0.323,30.7,7.000000000000001
49,51,Yandy Diaz,TBR,141,578.9022801302932,651.0,139.9543973941368,0.247557003257329,0.8030303030303031,0.19696969696969696,0.007575757575757578,0.03257328990228013,0.12214983713355049,0.1237785016286645,0.09446254071661238,0.0016286644951140068,0.1482084690553746,0.009771986970684038,0.004885993485342019,0.0016286644951140068,0.003257328990228013,0.0016286644951140068,0.0016286644951140068,0.278,0.3523654159869494,0.4413919413919414,0.7937573573788907,0.3013698630136986,14.82084690553746,9.446254071661238,583,651,150,0.26881720430107525,0.8,0.19333333333333333,0.006666666666666667,0.03840245775729647,0.12135176651305683,0.12749615975422426,0.08755760368663594,0.006144393241167435,0.141321044546851,0.009216589861751152,0.007680491551459293,0.0,0.004608294930875576,0.0015360983102918587,0.0030721966205837174,0.3,0.366,0.482,0.848,0.318,14.099999999999998,8.8
50,52,Bo Bichette,TOR,140,585.2292358803986,628.0,145.0033222591362,0.2541528239202658,0.79136690647482,0.20143884892086328,0.014388489208633093,0.02325581395348837,0.11794019933554817,0.11129568106312292,0.05315614617940199,0.0,0.1877076411960133,0.0066445182724252485,0.0066445182724252485,0.0016611295681063121,0.018272425249169433,0.0066445182724252485,0.011627906976744186,0.273,0.3144758735440932,0.4064171122994652,0.7208929858435584,0.317351598,18.77076411960133,5.3156146179401995,582,628,163,0.28821656050955413,0.7239263803680982,0.26993865030674846,0.006134969325153374,0.028662420382165606,0.12420382165605096,0.14968152866242038,0.06369426751592357,0.0031847133757961785,0.1449044585987261,0.004777070063694267,0.004777070063694267,0.0,0.006369426751592357,0.004777070063694267,0.0015923566878980893,0.311,0.357,0.483,0.84,0.342,14.499999999999998,6.4
51,53,Xander Bogaerts,SDP,145,493.60661157024794,552.0,116.78677685950414,0.23801652892561986,0.7812499999872622,0.20312499999999997,0.015624999999999998,0.026446280991735537,0.12396694215579711,0.11239669421487604,0.07438016528925619,0.0,0.18181818181818182,0.009917355371900827,0.008264462809782607,0.001652892561594203,0.019834710743801654,0.006611570247933884,0.013223140495867768,0.265,0.3266331658291457,0.410351201478743,0.7369843673078889,0.3047619047619048,18.181818181818183,7.438016529,491,552,118,0.23369565217391305,0.7457627118644068,0.2542372881355932,0.0,0.019927536231884056,0.11413043478260869,0.09601449275362318,0.08695652173913043,0.005434782608695652,0.17028985507246377,0.007246376811594203,0.014492753623188406,0.0018115942028985507,0.036231884057971016,0.0036231884057971015,0.03260869565217391,0.263,0.328,0.391,0.72,0.299,17.0,8.7
52,54,Bo Naylor,CLE,109,368.9316455696203,414.0,63.934177215189884,0.18734177215189876,0.7377049180327866,0.24590163934426226,0.016393442622950817,0.03291139240506329,0.10632911392405063,0.11392405063291138,0.09113924050632911,0.002531645569620253,0.2810126582278481,0.007594936708860759,0.005063291139240506,0.002531645569620253,0.015189873417721518,0.005063291139240506,0.010126582278481013,0.209,0.2875318066157761,0.3693181818181818,0.6568499884339579,0.2652173913043478,28.10126582278481,9.113924050632912,359,414,56,0.16908212560386474,0.5892857142857143,0.39285714285714285,0.017857142857142856,0.033816425120772944,0.1111111111111111,0.11352657004830918,0.10869565217391304,0.0,0.2391304347826087,0.0024154589371980675,0.014492753623188406,0.007246376811594203,0.0024154589371980675,0.004830917874396135,-0.0024154589371980675,0.195,0.282,0.379,0.661,0.222,23.9,10.9
53,55,Logan O'Hoppe,LAA,126,407.4426559356137,451.0,78.9476861167002,0.2193158953722334,0.735632183908046,0.25287356321839083,0.011494252873563218,0.04426559356136821,0.12072434607645874,0.13078470824949698,0.07645875251509054,0.0020120724346076456,0.2696177062374246,0.012072434607645875,0.006036217303822937,0.0020120724346076456,0.008048289738430582,0.0020120724346076456,0.006036217303822937,0.243,0.3084677419354839,0.443207126948775,0.7516748688842589,0.2939189189189189,26.961770623742453,7.645875251509055,423,451,71,0.19955654101995565,0.8732394366197183,0.11267605633802817,0.014084507042253521,0.04212860310421286,0.07760532150776053,0.09534368070953436,0.05321507760532151,0.0,0.3082039911308204,0.004434589800443459,0.0022172949002217295,0.0022172949002217295,0.004434589800443459,0.0022172949002217295,0.0022172949002217295,0.213,0.258,0.371,0.629,0.267,30.8,5.3
54,56,Randy Arozarena,SEA,146,614.0854838709678,709.0,118.92903225806452,0.20322580645161292,0.75,0.23076923076923075,0.01923076923076923,0.035483870967741936,0.13225806451612904,0.10967741935483871,0.1032258064516129,0.0,0.2532258064516129,0.024193548387096774,0.0064516129032258064,0.0016129032258064516,0.043548387096774194,0.012903225806451613,0.03064516129032258,0.235,0.3306451612903225,0.409683426,0.7403285877335255,0.287292818,25.322580645161292,10.32258064516129,613,709,119,0.2059238363892807,0.7226890756302521,0.2689075630252101,0.008403361344537815,0.0380818053596615,0.13399153737658676,0.1071932299012694,0.09026798307475317,0.0028208744710860366,0.2693935119887165,0.0380818053596615,0.007052186177715092,0.0,0.04372355430183357,0.00846262341325811,0.03526093088857546,0.238,0.334,0.426,0.76,0.298,26.899999999999995,9.0
55,57,Junior Caminero,TBR,131,603.9373881932022,653.0,132.00178890876563,0.24329159212880141,0.7964601769911505,0.1946902654867257,0.01769911504424779,0.04114490161001789,0.11806797853309482,0.1341681574272588,0.057245080500894455,0.0035778175313059034,0.20035778175313057,0.00894454382826476,0.007155635062787137,0.001788908765652952,0.00894454382826476,0.0035778175313059034,0.005366726296958855,0.263,0.3100358422939068,0.448742746615087,0.7587785889089939,0.2927461139896373,20.03577817531306,5.724508050089446,602,653,114,0.2434915773353752,0.7543859649122807,0.24561403508771928,0.0,0.06891271056661562,0.14241960183767227,0.16845329249617153,0.06278713629402756,0.0015313935681470138,0.19142419601837674,0.004594180704441042,0.010719754977029096,0.0,0.010719754977029096,0.0015313935681470138,0.009188361408882083,0.264,0.311,0.535,0.846,0.26,19.1,6.3
56,58,CJ Abrams,WSN,139,575.2352941176471,635.0,123.7983193277311,0.22352941176470587,0.7327586206896552,0.23275862068965517,0.03448275862048602,0.02857142857142857,0.12773109243697478,0.10588235294117647,0.06386554621848739,0.003361344537815126,0.20168067226890757,0.018487394957983194,0.006722689075590551,0.005042016806722689,0.05546218487394958,0.015126050420168067,0.04033613445378152,0.247,0.3074324324324324,0.4063079777365491,0.7137404101689816,0.2857142857142857,20.168067226890756,6.386554621848739,580,635,130,0.2346456692913386,0.6923076923076923,0.2692307692307692,0.038461538461538464,0.029921259842519685,0.14488188976377953,0.09448818897637795,0.05826771653543307,0.0015748031496062992,0.1968503937007874,0.02204724409448819,0.004724409448818898,0.0015748031496062992,0.048818897637795275,0.004724409448818898,0.04409448818897638,0.257,0.315,0.433,0.748,0.296,19.7,5.8
57,59,Shea Langeliers,ATH,128,475.0756972111554,523.0,81.26294820717132,0.20916334661354583,0.717948717948718,0.2692307692307692,0.01282051282051282,0.05378486055776892,0.12350597609561753,0.13545816733067728,0.07370517928286852,0.00199203187250996,0.2729083665338645,0.009960159362549799,0.00796812749003984,0.00199203187250996,0.00796812749003984,0.00199203187250996,0.00597609561752988,0.23,0.2928286852589641,0.4583333333333333,0.7511620185922975,0.2635135135135135,27.290836653386453,7.370517928286853,481,523,102,0.25430210325047803,0.6862745098039216,0.3137254901960784,0.0,0.05927342256214149,0.13957934990439771,0.13766730401529637,0.06883365200764818,0.0019120458891013384,0.19694072657743786,0.0019120458891013384,0.009560229445506692,0.0,0.01338432122370937,0.0019120458891013384,0.011472275334608031,0.277,0.325,0.536,0.861,0.29,19.7,6.9
58,60,Jung Hoo Lee,SFG,121,558.7475915,617.0,148.60308285163777,0.26011560693641617,0.7200000000000001,0.24799999999999997,0.032,0.01926782273603083,0.1233140655105973,0.10789980732177262,0.07707129094412332,0.0038535645472061657,0.1001926782273603,0.007707129094412331,0.007707129094412331,0.0019267822736030828,0.015414258188824663,0.0038535645472061657,0.011560693641618497,0.286,0.3455598455598455,0.4340425531914894,0.779602399,0.3033980582524271,10.01926782273603,7.707129094412331,560,617,141,0.24149108589951376,0.6950354609929078,0.2198581560283688,0.0851063829787234,0.012965964343598054,0.11831442463533225,0.08914100486223663,0.07617504051863858,0.0,0.11507293354943274,0.009724473257698542,0.006482982171799027,0.0,0.01620745542949757,0.004862236628849271,0.011345218800648298,0.266,0.327,0.407,0.735,0.291,11.5,7.6
59,61,Brandon Lowe,TBR,115,488.7510373443983,553.0,92.93153526970954,0.21161825726141079,0.7037037037037037,0.2716049382716049,0.024691358024691357,0.043568464730290454,0.12448132780082986,0.13485477178423236,0.0975103734439834,0.002074688796680498,0.2551867219917012,0.012448132780082987,0.006224066390041493,0.0,0.010373443983402487,0.002074688796680498,0.008298755186721992,0.239,0.3215767634854772,0.448356807511737,0.7699335709972143,0.2842105263157894,25.518672199170123,9.75103734439834,507,553,99,0.23508137432188064,0.8080808080808081,0.1919191919191919,0.0,0.05605786618444846,0.14285714285714285,0.15009041591320071,0.06871609403254973,0.0018083182640144665,0.2694394213381555,0.003616636528028933,0.0108499095840868,0.0,0.0054249547920434,0.003616636528028933,0.0018083182640144665,0.256,0.307,0.477,0.785,0.297,26.899999999999995,6.9
60,62,Danny Jansen,TBR,98,297.0323450134771,337.0,54.50134770889487,0.1994609164420485,0.7166666666666668,0.25000000000000006,0.01666666666666667,0.03773584905660378,0.11051212938005388,0.12398921832884098,0.09433962264150944,0.0,0.2021563342433234,0.016172506738544475,0.008086253369272238,0.0,0.0026954177897574125,0.0,0.0026954177897574125,0.226,0.3099730458221024,0.4036697247706422,0.7136427705927446,0.2489626556016597,20.21563342318059,9.433962264150944,288,337,48,0.18397626112759644,0.7708333333333334,0.22916666666666666,0.0,0.04154302670623145,0.11275964391691394,0.10682492581602374,0.12462908011869436,0.0,0.2551928783382789,0.011869436201780416,0.005934718100890208,0.002967359050445104,0.0,0.0,0.0,0.215,0.321,0.399,0.721,0.253,25.5,12.5
61,63,Jeremy Pena,HOU,152,501.8895899053627,543.0,120.76182965299685,0.24290220820189276,0.7730496453900708,0.20567375886524822,0.02127659574468085,0.02050473186119874,0.12145110410094638,0.09779179810725552,0.04889589905362776,0.0,0.1892744479495268,0.015772870662983426,0.007886435331230285,0.0031545741324921135,0.02996845425867508,0.007886435331230285,0.022082018927444796,0.263,0.3085443037974683,0.3890784982935154,0.6976228020909837,0.3078602620087336,18.92744479495268,4.889589905362776,493,543,133,0.27624309392265195,0.7593984962406015,0.22556390977443608,0.015037593984962405,0.03130755064456722,0.1252302025782689,0.1141804788213628,0.06445672191528545,0.003683241252302026,0.1712707182320442,0.022099447513812154,0.003683241252302026,0.001841620626151013,0.03683241252302026,0.003683241252302026,0.03314917127071823,0.304,0.363,0.477,0.84,0.345,17.1,6.4
62,64,Jackson Chourio,MIL,148,542.2539682539683,589.0,127.14920634761904,0.24761904761904763,0.7426470588328005,0.22058823529687144,0.03676470588281191,0.03174603174872665,0.12857142857142856,0.12698412697792869,0.06507936507936507,0.003174603174603175,0.2142857142857143,0.007936507936507938,0.00634920634920635,0.001587301587301587,0.03968253968253968,0.009523809523809523,0.030158730158730156,0.27,0.3206349206349206,0.4413793103448276,0.7620142309797482,0.317016317,21.428571428571427,6.507936507936509,549,589,127,0.25127334465195245,0.6929133858267716,0.2755905511811024,0.031496062992125984,0.035653650254668934,0.1494057724957555,0.13242784380305603,0.050933786078098474,0.001697792869269949,0.20543293718166383,0.0050933786078098476,0.010186757215619695,0.001697792869269949,0.035653650254668934,0.011884550084889643,0.023769100169779286,0.27,0.308,0.463,0.77,0.308,20.5,5.1
63,65,Ozzie Albies,ATL,145,606.0721153846154,667.0,135.75160256410254,0.23557692307692304,0.7165354330708661,0.2598425196850394,0.02362204724409449,0.03205128205128205,0.1282051282051282,0.12179487179487179,0.07051282051282051,0.0016025641025641025,0.15865384615384617,0.009615384615384616,0.009615384615384616,0.0016025641025641025,0.019230769230769232,0.00641025641025641,0.01282051282051282,0.259,0.3162118780096308,0.4338624338624338,0.7500743118720646,0.2797356828193832,15.865384615384617,7.051282051282051,603,667,129,0.21739130434782608,0.8062015503875969,0.17829457364341086,0.015503875968992248,0.0239880059970015,0.11094452773613193,0.11094452773613193,0.08245877061469266,0.0029985007496251873,0.1409295352323838,0.005997001499250375,0.0074962518740629685,0.0,0.020989505247376312,0.004497751124437781,0.01649175412293853,0.24,0.306,0.365,0.671,0.259,14.099999999999998,8.2
64,66,Pete Alonso,NYM,153,619.7025796661608,709.0,109.73899848254932,0.2094081942336874,0.7450980392156862,0.24509803921568624,0.0,0.05462822458270106,0.12746585735963584,0.1471927162367223,0.09711684370257966,0.004552352048558421,0.2352048558421851,0.021244309559939303,0.007587253414264035,0.0015174506828528076,0.004552352048558421,0.0015174506828528076,0.003034901365705615,0.239,0.3277693474962064,0.46875,0.7965193474962065,0.2615384615384615,23.520485584218513,9.711684370257966,624,709,132,0.2397743300423131,0.6818181818181818,0.3106060606060606,0.007575757575757576,0.0535966149506347,0.1227080394922426,0.1777150916784203,0.08603667136812412,0.007052186177715092,0.22849083215796898,0.021156558533145273,0.012693935119887164,0.0,0.0014104372355430183,0.0028208744710860366,-0.0014104372355430183,0.272,0.347,0.524,0.871,0.305,22.8,8.6
65,67,Matt McLain,CIN,126,515.1404805914972,577.0,108.78743068391867,0.22735674676524953,0.7254901960991607,0.2549019607843137,0.0196078431372549,0.038817005545286505,0.13493530499075784,0.1275415896487985,0.08687615526863085,0.0018484288354898336,0.2698706099815157,0.014787430683918669,0.005545286506469501,0.0018484288354898336,0.033271719038817,0.009242144176776431,0.024029574861367836,0.255,0.3290203327171904,0.4472049689440994,0.7762253016612898,0.3197492163009404,26.98706099815157,8.687615526802219,510,577,97,0.19410745233968804,0.8144329896907216,0.18556701030927836,0.0,0.025996533795493933,0.1265164644714038,0.08665511265164645,0.09532062391681109,0.0,0.28942807625649913,0.008665511265164644,0.006932409012131715,0.005199306759098787,0.03119584055459272,0.0034662045060658577,0.02772963604852686,0.22,0.3,0.343,0.643,0.292,28.9,9.5
66,68,Ian Happ,CHC,150,573.7105263157895,663.0,115.97368421052633,0.20743034055727558,0.7168141592920354,0.25663716814159293,0.017699115044247787,0.032507739938080496,0.1238390092879257,0.11919504643962849,0.11764705882352941,0.0030959752321981426,0.24613003095975236,0.009287925696594429,0.006191950464396285,0.0,0.017027863777089786,0.004643962848297214,0.01238390092879257,0.239,0.3348837209302325,0.4096601073345259,0.7445438282647585,0.2950391644908616,24.61300309597523,11.76470588235294,569,663,115,0.2081447963800905,0.7217391304347827,0.2782608695652174,0.0,0.03469079939668175,0.13122171945701358,0.1191553544494721,0.13122171945701358,0.0030165912518853697,0.2277526395173454,0.0030165912518853697,0.007541478129713424,0.0,0.00904977375565611,0.004524886877828055,0.004524886877828055,0.243,0.342,0.42,0.762,0.288,22.8,13.1
67,69,Taylor Ward,LAA,149,585.1830985915493,663.0000000000001,124.50704225352115,0.22535211267605634,0.7416666666666666,0.24166666666666664,0.016666666666666666,0.037558685446009384,0.12519561815336464,0.12363067292644757,0.09702660406885759,0.0015649452269170582,0.2300469483568075,0.012519561815336462,0.00782472613458529,0.0015649452269170582,0.010954616588419404,0.0031298904538341154,0.00782472613458529,0.255,0.3348982785602504,0.4414893617021276,0.77638764,0.3015075376884422,23.004694835680752,9.70266040688576,579,663,96,0.19909502262443438,0.65625,0.3229166666666667,0.020833333333333332,0.05429864253393665,0.1297134238310709,0.15535444947209653,0.11312217194570136,0.0015082956259426848,0.26395173453996984,0.004524886877828055,0.00904977375565611,0.0,0.006033182503770739,0.0015082956259426848,0.004524886877828055,0.228,0.317,0.475,0.792,0.257,26.4,11.3
68,70,Isaac Paredes,HOU,141,380.4848484848485,438.0,73.0,0.2003367003367003,0.7777777777777778,0.2222222222222222,0.0101010101010101,0.03367003367003367,0.11447811447811447,0.1111111111111111,0.1026936026936027,0.0,0.1616161616161616,0.0202020202020202,0.008417508417508417,0.0,0.0016835016835016834,0.0,0.0016835016835016834,0.231,0.3232323232323232,0.3953488372093023,0.7185811604416256,0.2444444444444444,16.161616161616163,10.26936026936027,378,438,76,0.2191780821917808,0.7894736842105263,0.19736842105263158,0.013157894736842105,0.045662100456621,0.12100456621004566,0.12100456621004566,0.1141552511415525,0.0,0.1735159817351598,0.0182648401826484,0.0045662100456621,0.0,0.0,0.00228310502283105,-0.00228310502283105,0.254,0.352,0.458,0.809,0.268,17.4,11.4
69,71,J.T. Realmuto,PHI,115,490.8991228070176,550.0,106.14035087719299,0.2280701754385965,0.7272727272727273,0.25,0.022727272727272728,0.03508771929824562,0.1293859649090909,0.12719298245614036,0.06798245614035088,0.002192982456140351,0.2456140350877193,0.015350877192982457,0.006578947368421053,0.0,0.02192982456140351,0.006578947368421053,0.015350877192982457,0.256,0.3169642857142857,0.4373464373464373,0.7543107230607231,0.3120567375886525,24.561403508771928,6.798245614035088,502,550,117,0.23454545454545456,0.7692307692307693,0.2222222222222222,0.008547008547008548,0.02181818181818182,0.10363636363636364,0.09454545454545454,0.06363636363636363,0.0018181818181818182,0.23454545454545456,0.016363636363636365,0.005454545454545455,0.0,0.014545454545454545,0.0036363636363636364,0.01090909090909091,0.257,0.315,0.384,0.7,0.321,23.5,6.4
70,72,Ivan Herrera,STL,97,400.6918918918919,452.0,91.62162162162161,0.22702702702702704,0.7733333333333333,0.21333333333333335,0.013333333333333334,0.02432432432432433,0.11891891891891891,0.1054054054054054,0.0918918918918919,0.0,0.22162162162162158,0.01081081081081081,0.005405405405405405,0.0027027027027027024,0.01081081081081081,0.0027027027027027024,0.008108108108108109,0.256,0.3315217391304347,0.3932926829268293,0.7248144220572641,0.3138075313807531,22.162162162162165,9.189189189,388,452,91,0.24336283185840707,0.8571428571428571,0.14285714285714285,0.0,0.0420353982300885,0.11946902654867257,0.14601769911504425,0.09513274336283185,0.0022123893805309734,0.18584070796460178,0.033185840707964605,0.008849557522123894,0.0,0.017699115044247787,0.004424778761061947,0.01327433628318584,0.284,0.373,0.464,0.837,0.315,18.6,9.5
71,73,J.P. Crawford,SEA,132,565.6216216216216,654.0,117.83783783783784,0.2018018018018018,0.77,0.21,0.01,0.02162162162162162,0.1045045045045045,0.09729729729729729,0.1135135135135135,0.0018018018018018018,0.1981981981981982,0.010810810810397553,0.005405405405405405,0.0036036036036036037,0.005405405405405405,0.0018018018018018018,0.0036036036036036037,0.234,0.3278985507246377,0.3541666666666667,0.6820652173913044,0.2770083102493075,19.81981981981982,11.351351351351353,570,654,139,0.2308868501529052,0.8273381294964028,0.17266187050359713,0.0,0.01834862385321101,0.10550458715596331,0.08868501529051988,0.11314984709480122,0.0015290519877675841,0.18654434250764526,0.0045871559633027525,0.0015290519877675841,0.009174311926605505,0.012232415902140673,0.0015290519877675841,0.010703363914373088,0.265,0.352,0.37,0.722,0.318,18.7,11.3
72,74,Matt Olson,ATL,155,624.9263157894736,723.9999999999999,117.58195488721802,0.21203007518796993,0.7407407407407409,0.2592592592592593,0.00925925925925926,0.049624060150375945,0.1323308270676692,0.1443609022556391,0.11879699248120303,0.009022556390977444,0.23609022556390977,0.009022556390977444,0.007518796992481204,0.0015037593984962407,0.0015037593984962407,0.0,0.0015037593984962407,0.246,0.3403614457831325,0.4721254355400697,0.8124868813232022,0.2776349614395887,23.609022556390975,11.879699248120302,624,724,141,0.23480662983425415,0.6950354609929078,0.2907801418439716,0.014184397163120567,0.04005524861878453,0.13535911602209943,0.13121546961325967,0.12569060773480664,0.0027624309392265192,0.2430939226519337,0.0055248618784530384,0.006906077348066298,0.0,0.0013812154696132596,0.0,0.0013812154696132596,0.272,0.366,0.484,0.85,0.333,24.3,12.6
73,75,Gleyber Torres,DET,146,560.7859424920127,628.0,124.39616613418528,0.2252396166134185,0.774193548387097,0.20967741935483875,0.00806451612903226,0.027156549520766772,0.1134185303514377,0.11022364217252395,0.08945686900958465,0.0,0.18370607028753994,0.006389776357827476,0.009584664536741214,0.001597444089456869,0.01437699680511182,0.006389776357827476,0.007987220447284345,0.252,0.3216,0.3917710196779964,0.7133710196779964,0.2863741339491917,18.37060702875399,8.945686900958465,532,628,120,0.21656050955414013,0.8166666666666667,0.18333333333333332,0.0,0.025477707006369428,0.12579617834394904,0.1178343949044586,0.13535031847133758,0.0,0.160828025477707,0.006369426751592357,0.011146496815286623,0.0,0.006369426751592357,0.0015923566878980893,0.004777070063694267,0.256,0.358,0.387,0.745,0.284,16.1,13.5
74,76,Gabriel Moreno,ARI,119,276.79822616407984,309.0,70.56984478887361,0.2483370288248337,0.7669902912673895,0.21359223301117178,0.019417475728288343,0.019955654103559872,0.1197339246119734,0.11529933481152994,0.08425720620842572,0.0022172949002217295,0.17294900221729492,0.011086474501108648,0.006651884700665188,0.0022172949002217295,0.011086474501108648,0.004434589800443459,0.006651884700665188,0.277,0.3444444444444444,0.4084158415841584,0.7528602860286029,0.321875,17.29490022172949,8.425720620842572,277,309,70,0.255663430420712,0.8142857142857143,0.17142857142857143,0.014285714285714285,0.02912621359223301,0.1423948220064725,0.12944983818770225,0.09385113268608414,0.009708737864077669,0.1715210355987055,0.003236245954692557,0.006472491909385114,0.0,0.006472491909385114,0.006472491909385114,0.0,0.285,0.353,0.433,0.786,0.323,17.2,9.4
75,77,Lawrence Butler,ATH,145,572.5337837837839,630.0,112.80405405405408,0.22128378378378383,0.7264150943396226,0.24528301886792447,0.018867924528301883,0.04222972972972973,0.1283783783783784,0.11993243243243244,0.0793918918918919,0.0033783783783783786,0.2516891891891892,0.0033783783783783786,0.006756756756756757,0.0016891891891891893,0.025337837837837843,0.006756756756756757,0.018581081081081082,0.244,0.3045685279187817,0.4368029739776952,0.7413715018964769,0.2880434782608695,25.16891891891892,7.939189189189189,569,630,112,0.2111111111111111,0.7142857142857143,0.26785714285714285,0.017857142857142856,0.03333333333333333,0.13174603174603175,0.1,0.09365079365079365,0.0,0.2841269841269841,0.0,0.0,0.0031746031746031746,0.03492063492063492,0.011111111111111112,0.023809523809523808,0.234,0.306,0.404,0.71,0.304,28.4,9.4
76,78,Max Muncy,LAD,125,326.18809980806145,388.0,52.13051823257198,0.18042226487113402,0.7142857143075426,0.2714285714368662,0.014285714285009467,0.04606525911708253,0.12859884836852206,0.1381957773512476,0.1381957773512476,0.005758157389635316,0.2610364683301344,0.011516314779270632,0.007677543186180423,0.0,0.0038387715930902114,0.0,0.0038387715930902114,0.215,0.3307692307692307,0.4269406392694064,0.7577098700386371,0.2482269503546099,26.103646833013432,13.81957773512476,313,388,57,0.1958762886597938,0.7894736842105263,0.17543859649122806,0.03508771929824561,0.04896907216494845,0.12371134020618557,0.17268041237113402,0.16494845360824742,0.005154639175257732,0.21391752577319587,0.015463917525773196,0.01288659793814433,0.0,0.010309278350515464,0.0,0.010309278350515464,0.243,0.376,0.47,0.846,0.264,21.4,16.5
77,79,Teoscar Hernandez,LAD,146,496.6042003231018,546.0,103.20193861066238,0.23424878836833604,0.752136752136752,0.2307692307692307,0.01709401709401709,0.045234248788368334,0.13893376413919414,0.14054927302100162,0.07431340871794873,0.0032310177705977385,0.2859450726978998,0.011308562197092083,0.00646203554029304,0.0016155088852988692,0.01615508885298869,0.004846526655896606,0.011308562197092083,0.258,0.3193548387096774,0.4618117229129662,0.7811665616226436,0.3232044198895027,28.594507269789982,7.431340872374798,511,546,101,0.23076923076923078,0.7029702970297029,0.2871287128712871,0.009900990099009901,0.045787545787545784,0.11904761904761904,0.163003663003663,0.047619047619047616,0.0,0.2454212454212454,0.005494505494505495,0.009157509157509158,0.0,0.009157509157509158,0.003663003663003663,0.005494505494505495,0.247,0.284,0.454,0.738,0.283,24.5,4.8
78,80,Zach Neto,LAA,122,498.3775100401607,554.0,102.34538152610442,0.21887550200803213,0.7282608695652174,0.23913043478260873,0.02173913043478261,0.03413654618473896,0.13052208835341364,0.10843373493975904,0.06425702811244981,0.0,0.2349397590361446,0.02610441767068273,0.006024096385542169,0.004016064257028113,0.03614457831325301,0.010040160642570281,0.02610441767068273,0.243,0.3104838709677419,0.4129464285714285,0.7234302995391705,0.2902208201892745,23.49397590361446,6.425702811244979,502,554,103,0.2328519855595668,0.7087378640776699,0.2815533980582524,0.009708737864077669,0.04693140794223827,0.148014440433213,0.11191335740072202,0.05956678700361011,0.010830324909747292,0.26895306859205775,0.02527075812274368,0.005415162454873646,0.0036101083032490976,0.04693140794223827,0.016245487364620937,0.030685920577617327,0.257,0.319,0.474,0.793,0.312,26.899999999999995,6.0
79,81,Andres Gimenez,TOR,143,335.56711409395973,369.0,78.62919463087249,0.23154362416107382,0.7716535432524593,0.19685039370078738,0.031496062992125984,0.018456375838926176,0.12583892617449666,0.08892617449664429,0.05201342281879195,0.003355704697986577,0.174496644295302,0.026845637583892617,0.006711409395973154,0.006711409395973154,0.04865771812080537,0.010067114093959733,0.03859060402684564,0.256,0.311973018549747,0.3763837638376384,0.6883567823873855,0.2946635730858468,17.449664429530202,5.201342281879195,329,369,62,0.18699186991869918,0.8064516129032258,0.1774193548387097,0.016129032258064516,0.018970189701897018,0.10569105691056911,0.0948509485094851,0.06775067750677506,0.0,0.17886178861788618,0.02981029810298103,0.008130081300813009,0.0027100271002710027,0.032520325203252036,0.005420054200542005,0.02710027100271003,0.21,0.285,0.313,0.598,0.239,17.9,6.800000000000001
80,82,Tyler Stephenson,CIN,119,304.8102345415778,342.0,66.35820895385928,0.23027718549707604,0.7692307692465878,0.21978021978473938,0.010989010989236969,0.03624733475479744,0.11727078891257994,0.130063965877193,0.08528784648187633,0.0021321961620469083,0.23880597014925373,0.014925373134328358,0.008528784648187633,0.0,0.0021321961620469083,0.0,0.0021321961620469083,0.258,0.3304904051172708,0.4330143540669856,0.7635047591842564,0.310580205,23.88059701492537,8.528784648187633,299,342,56,0.20175438596491227,0.6785714285714286,0.32142857142857145,0.0,0.038011695906432746,0.11695906432748537,0.14619883040935672,0.10818713450292397,0.0029239766081871343,0.3391812865497076,0.005847953216374269,0.011695906432748537,0.0,0.0,0.0029239766081871343,-0.0029239766081871343,0.231,0.316,0.421,0.737,0.322,33.9,10.8
81,83,Pete Crow-Armstrong,CHC,136,590.1607476635514,647.0,124.5626168224299,0.2205607476635514,0.7475728155482362,0.1941747572815534,0.04854368932038835,0.028037383177570097,0.12897196261682245,0.10280373831775702,0.061682242990654224,0.003738317757009346,0.26728971962616827,0.01308411214953271,0.005607476635514019,0.007476635514018692,0.05420560747663552,0.007476635514018692,0.04672897196261683,0.241,0.2975517890772128,0.3934426229508196,0.6909944120280325,0.3093093093093093,26.72897196261682,6.168224299,591,647,115,0.22565687789799072,0.6434782608695652,0.3217391304347826,0.034782608695652174,0.04791344667697063,0.14064914992272023,0.14683153013910355,0.04482225656877898,0.0015455950540958269,0.23956723338485317,0.013910355486862442,0.01854714064914992,0.00927357032457496,0.05409582689335394,0.012364760432766615,0.04173106646058733,0.247,0.287,0.481,0.768,0.276,24.0,4.5
82,84,Jose Altuve,HOU,142,591.216,654.0,134.9856,0.23360000000000003,0.7751937984496123,0.21705426356589147,0.015503875968992248,0.0272,0.12639999999999998,0.1056,0.08,0.0,0.176,0.0096,0.0048000000000000004,0.0016,0.024,0.008,0.016,0.258,0.3237179487179487,0.4070796460176991,0.7307975947356479,0.2925170068027211,17.599999999999998,8.0,588,654,130,0.23853211009174313,0.8076923076923077,0.18461538461538463,0.007692307692307693,0.039755351681957186,0.12232415902140673,0.11773700305810397,0.08409785932721713,0.00764525993883792,0.16666666666666666,0.0061162079510703364,0.009174311926605505,0.0015290519877675841,0.01529051987767584,0.009174311926605505,0.0061162079510703364,0.265,0.329,0.442,0.771,0.283,16.7,8.4
83,85,Colton Cowser,BAL,136,315.81227436823104,360.0,61.73285198555957,0.20938628158844766,0.7263157894736842,0.25263157894736843,0.021052631578947368,0.03790613718411552,0.12815884476534298,0.12093862815884475,0.1010830325,0.005415162454873647,0.3032490974729242,0.01444043321299639,0.005415162454873647,0.0018050541516245488,0.01624548736462094,0.0036101083032490976,0.01263537906137184,0.239,0.325497288,0.4259259259259259,0.7514232134485299,0.3166666666666666,30.324909747292416,10.108303249097473,327,360,48,0.17777777777777778,0.7083333333333334,0.2916666666666667,0.0,0.044444444444444446,0.1,0.1111111111111111,0.075,0.002777777777777778,0.35555555555555557,0.016666666666666666,0.0,0.0,0.03888888888888889,0.0,0.03888888888888889,0.196,0.269,0.385,0.655,0.262,35.6,7.5
85,88,Ezequiel Tovar,COL,149,364.4859813084112,390.0,82.61682242990653,0.24610591900311524,0.7279411764705882,0.23529411764705882,0.029411764705882353,0.03426791277258567,0.11993769470404983,0.12305295950155762,0.04672897196261682,0.001557632398753894,0.26479750778816197,0.0077881619937694695,0.0077881619937694695,0.004672897196261682,0.018691588785046728,0.006230529595015576,0.012461059190031152,0.263,0.3015625,0.4383333333333333,0.7398958333333334,0.3292978208232445,26.479750778816197,4.672897196261682,360,390,82,0.23333333333333334,0.7317073170731707,0.21951219512195122,0.04878048780487805,0.023076923076923078,0.11282051282051282,0.08461538461538462,0.05384615384615385,0.0,0.2512820512820513,0.002564102564102564,0.005128205128205128,0.015384615384615385,0.01282051282051282,0.007692307692307693,0.005128205128205128,0.253,0.294,0.4,0.694,0.322,25.1,5.4
86,89,Jacob Wilson,ATH,125,484.6537678207739,523.0,124.62525458248471,0.2505091649694501,0.7777777777777778,0.19658119658070633,0.017094017094017096,0.012219959266802442,0.10386965376782077,0.08757637474541752,0.04887983706720977,0.002036659877800407,0.11812627291242361,0.010183299389002037,0.006109979633401221,0.006109979633401221,0.008146639511201629,0.002036659877800407,0.006109979633401221,0.269,0.3121149897330595,0.367032967,0.6791479567660266,0.2969543147208122,11.812627291242364,4.887983706720977,486,523,138,0.2887189292543021,0.8115942028985508,0.18840579710144928,0.0,0.0248565965583174,0.11854684512428298,0.12045889101338432,0.05162523900573614,0.0019120458891013384,0.0745697896749522,0.01338432122370937,0.0019120458891013384,0.0038240917782026767,0.009560229445506692,0.0038240917782026767,0.0057361376673040155,0.311,0.355,0.444,0.8,0.317,7.5,5.2
87,90,Ryan Jeffers,MIN,106,413.1970802919708,464.0,77.89781021936739,0.2068126520689655,0.7536231884020309,0.23188405796985567,0.01449275362311598,0.038929440389294405,0.11435523114355231,0.12165450121654499,0.07785888077858881,0.0024330900243309003,0.23357664233576642,0.0194647201946472,0.0072992700729927005,0.004866180048661801,0.004866180048661801,0.0024330900243309003,0.0024330900243309003,0.233,0.3056234718826406,0.412568306,0.7181917778935696,0.2684824902723735,23.35766423357664,7.785888077858881,406,464,99,0.23275862068965517,0.7373737373737373,0.26262626262626265,0.0,0.01939655172413793,0.10129310344827586,0.10129310344827586,0.10775862068965517,0.0021551724137931034,0.1961206896551724,0.015086206896551725,0.0021551724137931034,0.0,0.0021551724137931034,0.0021551724137931034,0.0,0.266,0.356,0.397,0.752,0.322,19.6,10.8
88,91,Alec Bohm,PHI,144,461.1764705882353,504.0,111.17647058823529,0.24673202614379083,0.7777777777777778,0.21481481481481482,0.007407407407407408,0.026143790849673196,0.11274509803571428,0.11928104575163398,0.065359477124183,0.001633986928104575,0.15196078431372548,0.008169934640522875,0.00980392156862745,0.0,0.0065359477124183,0.00326797385620915,0.00326797385620915,0.27,0.320785597381342,0.4107142857142857,0.7314998830956277,0.2954048140043763,15.196078431372548,6.535947712418301,464,504,122,0.2638888888888889,0.8278688524590164,0.14754098360655737,0.02459016393442623,0.021825396825396824,0.10515873015873016,0.11706349206349206,0.057539682539682536,0.0,0.1626984126984127,0.00992063492063492,0.011904761904761904,0.0,0.003968253968253968,0.0,0.003968253968253968,0.287,0.331,0.409,0.741,0.324,16.3,5.8
89,92,Jackson Holliday,BAL,120,573.9550321199143,649.0,122.29550321199144,0.21413276231263384,0.7272727272727273,0.22727272727272727,0.03409090909090909,0.02569593147751606,0.12419700214132763,0.10278372591006424,0.10278372591006424,0.004282655246252677,0.26124197002141336,0.006423982869379015,0.004282655246252677,0.0021413276231263384,0.019271948608137048,0.004282655246252677,0.014989293361884369,0.242,0.3240343347639485,0.3898305084745763,0.7138648432385248,0.3131672597864768,26.12419700214133,10.278372591006423,586,649,125,0.21879815100154082,0.808,0.168,0.024,0.026194144838212634,0.10785824345146379,0.0847457627118644,0.08628659476117104,0.0015408320493066256,0.21571648690292758,0.009244992295839754,0.0015408320493066256,0.0,0.026194144838212634,0.01694915254237288,0.009244992295839754,0.242,0.314,0.375,0.69,0.291,21.6,8.6
90,93,JJ Bleday,ATH,143,301.3601340033501,344.0,56.46901172529314,0.20100502512562815,0.683673469387755,0.28571428571428564,0.02040816326530612,0.03685092127303182,0.11725293132328309,0.11222780569514237,0.10887772194304858,0.001675041875,0.21105527638190955,0.006700167504187605,0.008375209380813953,0.001675041875,0.008375209380813953,0.001675041875,0.006700167504187605,0.229,0.3165829145728643,0.4149139579349904,0.7314968725078548,0.2578947368421053,21.105527638190953,10.887772194304858,307,344,51,0.18895348837209303,0.6666666666666666,0.3333333333333333,0.0,0.040697674418604654,0.13953488372093023,0.11337209302325581,0.10465116279069768,0.005813953488372093,0.26453488372093026,0.0,0.0029069767441860465,0.0,0.0029069767441860465,0.005813953488372093,-0.0029069767441860465,0.212,0.294,0.404,0.698,0.251,26.5,10.5
91,94,Byron Buxton,MIN,104,488.1755196304849,542.0,92.6281755196305,0.21939953810623558,0.6486486486486485,0.31081081081081074,0.027027027027027018,0.04849884526558891,0.13394919168591224,0.13625866050808313,0.07390300230627306,0.0023094688221709007,0.27713625866050806,0.018475750577367205,0.0069284064665127015,0.0,0.018475750577367205,0.004618937644341801,0.013856812933025403,0.243,0.3117782909930716,0.4717948717948718,0.7835731627879434,0.2936507936507936,27.713625866050805,7.390300230946882,488,542,94,0.23800738007380073,0.7021276595744681,0.22340425531914893,0.07446808510638298,0.06457564575645756,0.17896678966789667,0.15313653136531366,0.07564575645756458,0.00922509225092251,0.2730627306273063,0.012915129151291513,0.01107011070110701,0.0,0.04428044280442804,0.0,0.04428044280442804,0.264,0.327,0.551,0.878,0.302,27.3,7.6
92,95,Royce Lewis,MIN,122,365.71456692913387,403.0,73.77755905511813,0.22440944881889768,0.7419354838709675,0.2473118279569892,0.010752688172043008,0.04133858267716535,0.1220472440944882,0.12598425196850394,0.07677165354330709,0.001968503937007874,0.22440944881889768,0.007874015748031496,0.007874015748031496,0.001968503937007874,0.01377952755905512,0.005905511811414393,0.007874015748031496,0.248,0.3090551181102362,0.4381778741865509,0.7472329922967872,0.2818181818181818,22.440944881889763,7.677165354330709,376,403,76,0.22084367245657568,0.7631578947368421,0.23684210526315788,0.0,0.03225806451612903,0.08933002481389578,0.12903225806451613,0.062034739454094295,0.0,0.19851116625310175,0.0,0.004962779156327543,0.0,0.02977667493796526,0.004962779156327543,0.02481389578163772,0.237,0.283,0.388,0.671,0.267,19.9,6.2
93,96,Seiya Suzuki,CHC,129,570.6440072,651.0,123.44543827788908,0.22719141323792486,0.7358490566321386,0.24528301887737955,0.018867924529029197,0.0375670840860215,0.13237924865831843,0.13237924865831843,0.1037567084078712,0.0035778175313059034,0.24865831842576028,0.010733452594470045,0.007155635062611807,0.0,0.023255813953488372,0.007155635062611807,0.016100178890876563,0.26,0.3422939068100358,0.4489795918367347,0.7912734986467705,0.3173652694610778,24.86583184257603,10.37567084078712,571,651,108,0.21505376344086022,0.6851851851851852,0.28703703703703703,0.027777777777777776,0.04915514592933948,0.1152073732718894,0.15821812596006143,0.10906298003072197,0.0015360983102918587,0.2519201228878648,0.0015360983102918587,0.01228878648233487,0.0,0.007680491551459293,0.0030721966205837174,0.004608294930875576,0.245,0.326,0.478,0.804,0.282,25.2,10.9
94,97,Anthony Volpe,NYY,146,541.2852459016393,596.0,117.24590163934427,0.21639344262295082,0.7499999999999999,0.21666666666666665,0.03333333333333333,0.019672131147540982,0.11967213114754097,0.0901639344262295,0.07049180327868852,0.0,0.22950819672131145,0.011475409836065573,0.008196721311475409,0.001639344262295082,0.040983606557377046,0.009836065573770491,0.03114754098360656,0.239,0.2988505747126437,0.3646209386281588,0.6634715133408026,0.2948402948402948,22.950819672131143,7.049180327868852,539,596,95,0.1912751677852349,0.6210526315789474,0.3368421052631579,0.042105263157894736,0.031879194630872486,0.10906040268456375,0.12080536912751678,0.07214765100671142,0.0,0.2516778523489933,0.006711409395973154,0.01174496644295302,0.0050335570469798654,0.030201342281879196,0.013422818791946308,0.016778523489932886,0.212,0.272,0.391,0.663,0.252,25.2,7.200000000000001
95,98,Brandon Nimmo,NYM,139,559.6333333333333,652.0,118.44666666666667,0.20833333333333334,0.7431192660550457,0.2201834862385321,0.027522935779816512,0.02666666666666667,0.12166666666666667,0.1,0.11666666666666665,0.0033333333333333335,0.22333333333333336,0.016666666666666666,0.005,0.0033333333333333335,0.01,0.0033333333333333335,0.006666666666666667,0.242,0.342809365,0.3922330097087378,0.7350423742572328,0.296195652,22.333333333333332,11.666666666666666,587,652,129,0.2361963190184049,0.7906976744186046,0.20930232558139536,0.0,0.03834355828220859,0.12423312883435583,0.1411042944785276,0.07668711656441718,0.0015337423312883436,0.21625766871165644,0.010736196319018405,0.010736196319018405,0.0015337423312883436,0.019938650306748466,0.0015337423312883436,0.018404907975460124,0.262,0.324,0.436,0.76,0.301,21.6,7.7
96,99,Anthony Santander,TOR,148,196.9858267716535,221.0,34.803149606299215,0.2094488188976378,0.74,0.25999999999999995,0.009999999999999998,0.05196850393700787,0.12283464566929132,0.14488188976377953,0.08818897637795274,0.0031496062992125984,0.20629921259842518,0.012598425196850394,0.007874015748031496,0.0,0.0031496062992125984,0.0015748031496062992,0.0015748031496062992,0.236,0.3102362204724409,0.4611307420494699,0.7713669625219108,0.2457002457002457,20.62992125984252,8.818897637795276,194,221,28,0.15384615384615385,0.8214285714285714,0.17857142857142858,0.0,0.027149321266968326,0.07239819004524888,0.08144796380090498,0.11312217194570136,0.004524886877828055,0.27601809954751133,0.004524886877828055,0.004524886877828055,0.0,0.0,0.0,0.0,0.175,0.271,0.294,0.565,0.219,27.6,11.3
97,100,Bryan Reynolds,PIT,148,580.5507692307692,654.0,134.82461538461538,0.2353846153846154,0.7537313432835822,0.22388059701492538,0.02238805970149254,0.02923076923076923,0.12153846153846155,0.12000000000000001,0.09076923076923077,0.004615384615384616,0.21846153846153846,0.013846153846153848,0.006153846153846154,0.0015384615384615385,0.013846153846153848,0.004615384615384616,0.009230769230769232,0.265,0.3405238828967643,0.4263431542461005,0.7668670371428647,0.319047619,21.846153846153847,9.076923076923077,587,654,128,0.22018348623853212,0.6796875,0.296875,0.0234375,0.024464831804281346,0.10397553516819572,0.11162079510703364,0.0871559633027523,0.0015290519877675841,0.26452599388379205,0.010703363914373088,0.0045871559633027525,0.0,0.0045871559633027525,0.0030581039755351682,0.0015290519877675841,0.245,0.318,0.402,0.72,0.319,26.5,8.7
98,101,Jake Cronenworth,SDP,142,454.5134228187919,515.0,97.64261744966443,0.21644295302013422,0.7345132743362831,0.23893805309734512,0.02654867256637168,0.026845637583892613,0.11744966442953018,0.10906040268456374,0.09060402684563758,0.003355704697986577,0.1845637583883495,0.015100671140939596,0.008389261744966443,0.0016778523489932886,0.008389261744966443,0.0016778523489932886,0.006711409395973154,0.245,0.3232323232323232,0.3992395437262357,0.722471867,0.2790123456790123,18.456375838926174,9.060402684563758,419,515,92,0.2,0.7717391304347826,0.21739130434782608,0.010869565217391304,0.021359223300970873,0.11844660194174757,0.1145631067961165,0.13398058252427184,0.001941747572815534,0.20776699029126214,0.02912621359223301,0.013592233009708738,0.007766990291262136,0.005825242718446602,0.005825242718446602,0.0,0.246,0.367,0.377,0.744,0.299,20.8,13.4
99,102,Cedric Mullins,BAL,131,447.3397312859885,498.0,84.11516314779271,0.2053742802303263,0.7386363636363635,0.22727272727272724,0.03409090909090909,0.036468330134357005,0.1343570057581574,0.10364683301343569,0.08061420345489442,0.0019193857965451055,0.2015355086372361,0.009596928982725527,0.007677543186180422,0.003838771593090211,0.053742802303262956,0.011516314779270634,0.04222648752399232,0.229,0.2967244701348747,0.405982906,0.7027073761177807,0.2528735632183908,20.15355086372361,8.061420345489443,435,498,77,0.18875502008032127,0.6883116883116883,0.2987012987012987,0.012987012987012988,0.03413654618473896,0.11646586345381527,0.11847389558232932,0.10040160642570281,0.0,0.24096385542168675,0.008032128514056224,0.012048192771084338,0.006024096385542169,0.04417670682730924,0.008032128514056224,0.03614457831325301,0.216,0.299,0.391,0.69,0.253,24.1,10.0
100,103,Daulton Varsho,TOR,136,241.98185117967333,271.0,42.29764065335753,0.19600725952813067,0.7093023255813954,0.2558139534883721,0.03488372093023256,0.039927404718693285,0.12704174228675136,0.11615245009074411,0.08892921960072597,0.0018148820326678765,0.25226860254083483,0.009074410163339383,0.0054446460980036296,0.0036297640653357535,0.02722323049001815,0.0054446460980036296,0.021778584392014518,0.219,0.2950819672131147,0.4105691056910569,0.7056510729041716,0.2574850299401197,25.226860254083483,8.892921960072595,248,271,39,0.2177121771217712,0.6153846153846154,0.3333333333333333,0.05128205128205128,0.07380073800738007,0.15867158671586715,0.2029520295202952,0.06273062730627306,0.0036900369003690036,0.28413284132841327,0.0036900369003690036,0.01845018450184502,0.0,0.007380073800738007,0.0,0.007380073800738007,0.238,0.284,0.548,0.833,0.25,28.4,6.3
101,104,Joey Ortiz,MIL,140,458.07285974499086,506.0,100.46265938069217,0.2204007285974499,0.7614678898765275,0.20183486238532108,0.03669724770642201,0.02185792349726776,0.1111111111111111,0.10382513661202186,0.07832422586520947,0.0,0.20765027322404372,0.009107468123861566,0.00546448087431694,0.0036429872495446266,0.02185792349726776,0.00546448087431694,0.01639344262295082,0.244,0.3083941605839416,0.3762575452716298,0.6846517058555714,0.2914438502673797,20.76502732240437,7.832422586520947,470,506,101,0.2134387351778656,0.8118811881188119,0.1782178217821782,0.009900990099009901,0.01383399209486166,0.1225296442687747,0.08893280632411067,0.0533596837944664,0.0,0.14624505928853754,0.005928853754940711,0.0,0.011857707509881422,0.02766798418972332,0.005928853754940711,0.021739130434782608,0.23,0.276,0.317,0.593,0.26,14.6,5.3
102,105,Evan Carter,TEX,115,194.31718061674007,220.0,40.70484581497797,0.21365638766519823,0.7142857142857143,0.24999999999999994,0.04761904761904762,0.028634361233480173,0.13215859030837004,0.09691629954545454,0.09691629954545454,0.004405286343612334,0.23788546255506607,0.011013215859030836,0.006607929515418502,0.002202643171806167,0.030837004405286344,0.006607929515418502,0.024229074889867842,0.242,0.3222958057395143,0.4139650872817955,0.7362608930213098,0.2968197879858657,23.788546255506606,9.691629955947135,194,220,43,0.21818181818181817,0.7441860465116279,0.20930232558139536,0.046511627906976744,0.022727272727272728,0.1409090909090909,0.11363636363636363,0.08636363636363636,0.004545454545454545,0.18636363636363637,0.031818181818181815,0.0,0.0,0.06363636363636363,0.00909090909090909,0.05454545454545454,0.247,0.336,0.392,0.728,0.291,18.6,8.6
103,106,Luis Robert Jr.,CHW,135,394.9581881533101,431.0,79.59233449477351,0.22299651567944248,0.7264150943396228,0.2547169811320755,0.018867924528301886,0.038327526132404185,0.132404181184669,0.11846689895470383,0.06271777003484322,0.0034843205574912888,0.2909407665505227,0.013937282229965159,0.006968641114982579,0.0,0.04355400696864112,0.010452961672473868,0.033101045296167246,0.244,0.2996515679442508,0.4277566539923954,0.7274082219366462,0.3108504398826979,29.094076655052262,6.2717770034843205,382,431,71,0.19721577726218098,0.8309859154929577,0.16901408450704225,0.0,0.03248259860788863,0.12064965197215777,0.12296983758700696,0.09280742459396751,0.0069605568445475635,0.25986078886310904,0.004640371229698376,0.0069605568445475635,0.002320185614849188,0.0765661252900232,0.018561484918793503,0.058004640371229696,0.223,0.297,0.364,0.661,0.274,26.0,9.3
104,107,Bryson Stott,PHI,141,505.3658536585366,560.0,118.04878048780488,0.22996515679442509,0.7603305785041322,0.2066115702479339,0.03305785123966942,0.01916376306620209,0.12369337979094076,0.09581881533101044,0.08013937282142858,0.003484320557491289,0.17073170731707318,0.005226480836236933,0.008710801393728223,0.0017421602785714285,0.04355400696864112,0.010452961672473867,0.033101045296167246,0.255,0.3164335664335664,0.3822393822393822,0.6986729486729487,0.2922705314009662,17.073170731707318,8.013937282229964,499,560,115,0.22857142857142856,0.782608695652174,0.19130434782608696,0.02608695652173913,0.023214285714285715,0.11785714285714285,0.11785714285714285,0.09642857142857143,0.0017857142857142857,0.1625,0.0017857142857142857,0.007142857142857143,0.0035714285714285713,0.04285714285714286,0.008928571428571428,0.033928571428571426,0.257,0.328,0.391,0.719,0.288,16.3,9.6
105,108,Jonathan India,KCR,138,487.23559322033896,567.0,108.59491525423728,0.21694915254237288,0.7433628318584071,0.23893805309734514,0.01769911504424779,0.025423728813559324,0.1271186440677966,0.10508474576271186,0.10508474576271186,0.0,0.2,0.027118644067796606,0.006779661016949153,0.0016949152542372883,0.022033898305084745,0.006779661016949153,0.015254237288135594,0.252,0.3497453310696095,0.4023668639053254,0.752112195,0.2989417989417989,20.0,10.508474576271183,497,567,107,0.20458553791887124,0.7289719626168224,0.27102803738317754,0.0,0.015873015873015872,0.1111111111111111,0.07936507936507936,0.09523809523809523,0.0,0.18694885361552027,0.02292768959435626,0.003527336860670194,0.001763668430335097,0.0,0.007054673721340388,-0.007054673721340388,0.233,0.323,0.346,0.669,0.279,18.7,9.5
106,109,Jorge Soler,LAA,129,272.88461538461536,315.0,48.46153845923078,0.20695970695238097,0.7261904762250564,0.2738095238225623,0.0,0.05311355311355311,0.1282051282051282,0.14285714285714282,0.1117216117216117,0.0018315018315018313,0.25274725274725274,0.010989010989010988,0.005494505494505494,0.0,0.0018315018315018313,0.0,0.0018315018315018313,0.238,0.3314917127071823,0.4714587737843552,0.8029504864915376,0.2718446601941747,25.274725274725274,11.172161172161172,279,315,48,0.19047619047619047,0.75,0.25,0.0,0.0380952380952381,0.09841269841269841,0.10793650793650794,0.08888888888888889,0.0,0.2984126984126984,0.012698412698412698,0.009523809523809525,0.0,0.0,0.0,0.0,0.215,0.293,0.387,0.68,0.273,29.799999999999997,8.9
107,110,Masyn Winn,STL,143,494.21463414634144,537.0,113.51219512195121,0.23089430894308943,0.7615384615384616,0.20000000000000004,0.03076923076923077,0.019512195121951216,0.1138211382122905,0.0959349593495935,0.061788617886178863,0.0,0.17886178861788618,0.004878048780487805,0.008130081300813009,0.004878048780487805,0.026016260162601623,0.0065040650406504065,0.019512195121951216,0.251,0.2990196078431372,0.3727915194346289,0.6718111272777663,0.289532294,17.88617886178862,6.178861788617886,491,537,115,0.2309124767225326,0.7652173913043478,0.23478260869565218,0.0,0.01675977653631285,0.1340782122905028,0.09497206703910614,0.0633147113594041,0.0,0.18994413407821228,0.0148975791433892,0.0037243947858473,0.0037243947858473,0.01675977653631285,0.00931098696461825,0.0074487895716946,0.253,0.31,0.363,0.673,0.301,19.0,6.3
108,111,Xavier Edwards,MIA,134,555.5954861111111,619.0,151.52604166666666,0.24826388888888884,0.8014184397163121,0.1702127659574468,0.028368794326241134,0.003472222222222222,0.11805555555555555,0.06944444444444443,0.0798611111111111,0.003472222222222222,0.14583333333333331,0.003472222222222222,0.006944444444444444,0.012152777777777776,0.05381944444444444,0.010416666666666666,0.043402777777777776,0.277,0.335676626,0.3500967117988394,0.6857733374578905,0.3241379310344827,14.583333333333334,7.986111111111111,561,619,156,0.2568659127625202,0.8397435897435898,0.1282051282051282,0.03205128205128205,0.004846526655896607,0.12116316639741519,0.06946688206785137,0.0791599353796446,0.0032310177705977385,0.1421647819063005,0.004846526655896607,0.004846526655896607,0.004846526655896607,0.04361873990306947,0.011308562197092083,0.03231017770597738,0.283,0.343,0.353,0.695,0.33,14.2,7.9
109,112,Eugenio Suarez,ARI,144,580.8576158940397,657.0,109.86258278198676,0.2052980132450331,0.7326732673231994,0.257425742573016,0.009900990098962153,0.0380794701978691,0.1142384105936073,0.13741721854304637,0.08940397350993377,0.0016556291390728477,0.2880794701986754,0.014900662251655627,0.008278145695364239,0.0016556291390728477,0.0016556291390728477,0.0016556291390728477,0.0,0.232,0.3106312292358804,0.4138576779026217,0.7244889071385021,0.2953216374269006,28.807947019867548,8.940397350993377,588,657,85,0.2039573820395738,0.6705882352941176,0.32941176470588235,0.0,0.0745814307458143,0.1385083713850837,0.1796042617960426,0.0700152207001522,0.0030441400304414,0.2983257229832572,0.0243531202435312,0.0106544901065449,0.0,0.0060882800608828,0.0015220700152207,0.0045662100456621,0.228,0.298,0.526,0.824,0.243,29.799999999999997,7.000000000000001
110,113,Christian Walker,HOU,146,565.9163987138263,640.0,102.89389067524115,0.20739549839228294,0.76,0.24,0.01,0.04662379421221864,0.1237942122186495,0.13344051446945338,0.09485530546623794,0.003215434083601286,0.22347266881028935,0.012861736334405145,0.008038585209003215,0.001607717041800643,0.008038585209003215,0.003215434083601286,0.004823151125401929,0.235,0.315112540192926,0.4418181818181818,0.7569307220111079,0.2583979328165374,22.347266881028936,9.485530546623794,585,640,112,0.2171875,0.7767857142857143,0.21428571428571427,0.008928571428571428,0.0421875,0.1125,0.1375,0.0625,0.0015625,0.2765625,0.0171875,0.00625,0.0,0.003125,0.0015625,0.0015625,0.238,0.297,0.421,0.717,0.291,27.699999999999996,6.3
111,114,Lars Nootbaar,STL,121,504.7926829268293,583.0,105.46138211382114,0.21341463414634146,0.752808988764045,0.2247191011235955,0.011235955056179775,0.032520325203252036,0.12398373983739837,0.11382113821138212,0.12195121951219515,0.0040650406504065045,0.20528455284552846,0.0040650406504065045,0.006097560975609756,0.0020325203252032522,0.014227642276422765,0.0040650406504065045,0.010162601626016262,0.246,0.340122199592668,0.4084507042253521,0.7485729038180202,0.2852564102564102,20.528455284552845,12.195121951219512,509,583,106,0.20411663807890223,0.7641509433962265,0.22641509433962265,0.009433962264150943,0.022298456260720412,0.11663807890222985,0.0823327615780446,0.1097770154373928,0.005145797598627788,0.20411663807890223,0.010291595197255575,0.005145797598627788,0.0017152658662092624,0.00686106346483705,0.008576329331046312,-0.0017152658662092624,0.234,0.325,0.361,0.686,0.279,20.4,11.0
112,115,Kyle Schwarber,PHI,149,603.8843226788432,724.0,93.66818873668188,0.1811263318112633,0.7294117647058823,0.2588235294117647,0.0,0.0517503805175038,0.1324200913242009,0.14459665144596653,0.1506849315068493,0.0045662100456621,0.2876712328767123,0.0091324200913242,0.0045662100456621,0.0,0.0060882800608828,0.0030441400304414,0.0030441400304414,0.217,0.3414634146341463,0.4416058394160584,0.7830692540502048,0.2591463414634146,28.767123287671232,15.068493150684931,604,724,89,0.20027624309392264,0.7191011235955056,0.25842696629213485,0.02247191011235955,0.07734806629834254,0.15331491712707182,0.18232044198895028,0.14917127071823205,0.008287292817679558,0.27209944751381215,0.015193370165745856,0.0013812154696132596,0.0,0.013812154696132596,0.0027624309392265192,0.011049723756906077,0.24,0.365,0.563,0.928,0.253,27.200000000000003,14.9
113,116,Brenton Doyle,COL,143,491.06040268456377,538.0,105.61409395973155,0.23154362416107385,0.7435897435897435,0.2222222222222222,0.042735042735042736,0.03523489932885906,0.1342281879194631,0.11073825503355704,0.06711409395973154,0.0016778523489932886,0.28859060402684567,0.008389261744966443,0.006711409395973154,0.0050335570469798654,0.0436241610738255,0.010067114093959731,0.033557046979865765,0.254,0.3086003372681282,0.4375,0.7461003372681282,0.3295774647887324,28.85906040268457,6.7114093959731544,502,538,102,0.2174721189591078,0.7549019607843137,0.22549019607843138,0.0196078431372549,0.027881040892193308,0.10594795539033457,0.10594795539033457,0.055762081784386616,0.0,0.25650557620817843,0.0,0.007434944237918215,0.0037174721189591076,0.03345724907063197,0.0037174721189591076,0.02973977695167286,0.233,0.274,0.376,0.651,0.289,25.7,5.6
114,117,Luis Garcia Jr.,WSN,136,489.0378378378378,526.0,117.52072072072072,0.25045045045045045,0.7741935483870968,0.20967741935483872,0.01612903225806452,0.027027027027027025,0.11531531531531532,0.12072072072243346,0.055855855855855854,0.003603603603603604,0.16396396396396395,0.003603603603603604,0.009009009009009009,0.0018018018018018016,0.025225225225225224,0.009009009009009009,0.016216216216216214,0.27,0.3104693140794224,0.4147286821705426,0.7251979962499651,0.2987951807228916,16.396396396396394,5.585585585585585,488,526,107,0.2338403041825095,0.7289719626168224,0.2616822429906542,0.009345794392523364,0.030418250950570342,0.12737642585551331,0.12547528517110265,0.051330798479087454,0.0019011406844106464,0.1596958174904943,0.0038022813688212928,0.017110266159695818,0.0,0.026615969581749048,0.009505703422053232,0.017110266159695818,0.252,0.289,0.412,0.701,0.27,16.0,5.1
115,118,Tyler O'Neill,BAL,115,183.58700209643604,209.0,32.423480083857434,0.20545073375262052,0.7432432432432434,0.24324324324324328,0.013513513513513516,0.050314465408805034,0.1320754716981132,0.14046121593291402,0.10062893081761007,0.004192872117400419,0.30607966457023056,0.014675052410901467,0.006289308176100628,0.0,0.014675052410901467,0.004192872117400419,0.010482180293501047,0.234,0.320754716981132,0.4534606205250596,0.7742153375061918,0.2936507936507936,30.60796645702306,10.062893081761008,181,209,27,0.1722488038277512,0.7407407407407407,0.2222222222222222,0.037037037037037035,0.0430622009569378,0.10526315789473684,0.12440191387559808,0.10526315789473684,0.004784688995215311,0.24401913875598086,0.014354066985645933,0.014354066985645933,0.0,0.019138755980861243,0.0,0.019138755980861243,0.199,0.292,0.392,0.684,0.218,24.4,10.5
116,119,Salvador Perez,KCR,143,581.8307692307693,641.0000000000001,119.43418803162395,0.22735042735042732,0.7522935779978022,0.2385321100968641,0.0,0.04102564102964118,0.10769230769230768,0.147008547008547,0.05299145299145299,0.005128205128205128,0.21880341880341878,0.01709401709401709,0.010256410256410256,0.0,0.0,0.0,0.0,0.25,0.301038062283737,0.4331450094161959,0.7341830716999329,0.2831168831168831,21.88034188034188,5.299145299145299,597,641,111,0.21996879875195008,0.6846846846846847,0.3153153153153153,0.0,0.046801872074883,0.0842433697347894,0.15600624024961,0.0436817472698908,0.0078003120124804995,0.19500780031201248,0.0187207488299532,0.0015600624024961,0.0,0.0,0.0,0.0,0.236,0.284,0.446,0.729,0.251,19.5,4.4
117,120,Christian Yelich,MIL,120,555.1724137931035,644.0,128.3065134099617,0.22796934865900384,0.7596153846153845,0.22115384615384615,0.01923076923076923,0.028735632183908046,0.13218390804347827,0.11685823754789272,0.12260536398467432,0.007662835249042145,0.2164750957854406,0.00574712643678161,0.00574712643678161,0.0019157088122605363,0.040229885057471264,0.009578544061302681,0.03065134099616858,0.263,0.3576923076923077,0.4244444444444444,0.7821367521367522,0.32,21.64750957854406,12.260536398467432,573,644,122,0.234472049689441,0.8278688524590164,0.1721311475409836,0.0,0.04503105590062112,0.13664596273291926,0.15993788819875776,0.09937888198757763,0.009316770186335404,0.2593167701863354,0.009316770186335404,0.0015527950310559005,0.0,0.024844720496894408,0.009316770186335404,0.015527950310559006,0.264,0.343,0.452,0.795,0.323,25.9,9.9
118,121,Brendan Donovan,STL,135,456.1687170474517,515.0,112.23198594024605,0.23725834797891038,0.7741935483870968,0.1935483870967742,0.024193548387096774,0.019332161687170477,0.11599297012302284,0.10369068541300527,0.08611599297012303,0.0035149384885764497,0.13884007029876977,0.019332161687170477,0.007029876977152899,0.0017574692442882253,0.008787346221441126,0.0035149384885764497,0.005272407732864675,0.267,0.3433098591549295,0.3908730158730158,0.7341828750279454,0.2966507177033493,13.884007029876976,8.611599297012303,460,515,122,0.2563106796116505,0.7377049180327869,0.26229508196721313,0.0,0.019417475728155338,0.12427184466019417,0.0970873786407767,0.08155339805825243,0.005825242718446602,0.13009708737864079,0.013592233009708738,0.007766990291262136,0.003883495145631068,0.005825242718446602,0.005825242718446602,0.0,0.287,0.353,0.422,0.775,0.315,13.0,8.2
119,123,Willson Contreras,STL,132,479.4060822898032,563.0,97.69409660107337,0.2093023255813954,0.7628865979381443,0.22680412371134018,0.010309278350515464,0.03577817531305903,0.1270125223613596,0.11985688730017761,0.10554561717352415,0.0035778175313059034,0.24686940966010734,0.030411449016100184,0.0053667262969588556,0.0017889087656529521,0.010733452593917711,0.0035778175313059034,0.007155635062611807,0.246,0.3477477477477477,0.4222689075630252,0.770016655,0.3021806853582554,24.686940966010734,10.554561717352415,490,563,106,0.22380106571936056,0.6981132075471698,0.29245283018867924,0.009433962264150943,0.035523978685612786,0.12433392539964476,0.14209591474245115,0.07815275310834814,0.0017761989342806395,0.2522202486678508,0.04085257548845471,0.007104795737122558,0.0017761989342806395,0.008880994671403197,0.0017761989342806395,0.007104795737122558,0.257,0.344,0.447,0.791,0.319,25.2,7.8
120,124,Jonah Heim,TEX,102,396.0775194,433.0,73.84496124031008,0.20155038759689925,0.7727272727272727,0.22727272727272724,0.01515151515151515,0.0310077519379845,0.10077519379844962,0.10852713178294573,0.06976744186046512,0.002583979328165375,0.1937984496124031,0.00516795865633075,0.007751937984496125,0.0,0.002583979328165375,0.0,0.002583979328165375,0.221,0.2772020725388601,0.3728813559322034,0.6500834284710635,0.2444444444444444,19.379844961240313,6.976744186046512,395,433,73,0.19399538106235567,0.8082191780821918,0.1917808219178082,0.0,0.025404157043879907,0.08775981524249422,0.09930715935334873,0.07390300230946882,0.0,0.20323325635103925,0.0023094688221709007,0.009237875288683603,0.0023094688221709007,0.006928406466512702,0.0,0.006928406466512702,0.213,0.271,0.332,0.602,0.243,20.3,7.400000000000001
121,125,Marcell Ozuna,ATL,148,524.8562300319488,592.0,105.91693290734824,0.2268370607028754,0.7499999999999999,0.25,0.0,0.04792332268370607,0.13099041533546324,0.14376996805111822,0.09904153354632586,0.003194888178913738,0.24440894568690094,0.006389776357827476,0.006389776357827476,0.0,0.001597444089456869,0.001597444089456869,0.0,0.256,0.3328,0.4684684684684684,0.8012684684684684,0.2978723404255319,24.440894568690094,9.904153354632587,487,592,92,0.19087837837837837,0.7934782608695652,0.20652173913043478,0.0,0.03547297297297297,0.10304054054054054,0.11486486486486487,0.15878378378378377,0.0033783783783783786,0.24324324324324326,0.005067567567567568,0.011824324324324325,0.0,0.0,0.0,0.0,0.232,0.355,0.4,0.756,0.28,24.3,15.9
122,126,Parker Meadows,DET,131,192.09444444444443,213.0,37.86666666666667,0.2074074074074074,0.71875,0.22916666666666666,0.05208333333333333,0.029629629629629627,0.12222222222222222,0.1,0.08148148148148147,0.0018518518518518515,0.24259259259259258,0.007407407407407406,0.007407407407407406,0.0018518518518518515,0.031481481481481485,0.007407407407407406,0.02407407407407407,0.229,0.2968460111317254,0.3942505133470226,0.691096524,0.2790697674418604,24.25925925925926,8.148148148148149,191,213,37,0.19248826291079812,0.7837837837837838,0.16216216216216217,0.05405405405405406,0.018779342723004695,0.10328638497652583,0.07511737089201878,0.09859154929577464,0.0,0.26291079812206575,0.0,0.004694835680751174,0.0,0.018779342723004695,0.0,0.018779342723004695,0.215,0.291,0.33,0.621,0.28,26.3,9.9
123,127,Mark Vientos,NYM,145,421.7425742574257,463.0,77.16666666666669,0.21122112211221125,0.7524752475247523,0.24752475252699777,0.0,0.04455445544554455,0.11221122112211221,0.13366336633663367,0.0726072607260726,0.0016501650172786177,0.2953795379537954,0.008250825082073433,0.006600660066006601,0.0016501650172786177,0.0016501650172786177,0.0,0.0016501650172786177,0.232,0.2925619834710743,0.4239130434782608,0.7164750269493352,0.2885714285714286,29.53795379537954,7.260726072607261,424,463,82,0.21382289416846653,0.7195121951219512,0.25609756097560976,0.024390243902439025,0.0367170626349892,0.09503239740820735,0.13174946004319654,0.06479481641468683,0.0,0.24838012958963282,0.01079913606911447,0.008639308855291577,0.0,0.0021598272138228943,0.0,0.0021598272138228943,0.233,0.289,0.413,0.702,0.277,24.8,6.5
124,128,Christopher Morel,TBR,126,272.61583011583014,305.0,48.87065637065638,0.2065637065637066,0.7228915662650601,0.2530120481927711,0.012048192771084336,0.04633204633204634,0.12934362934362936,0.13320463320463322,0.0868725868852459,0.0019305019305019305,0.27413127413127414,0.009652509652509652,0.007722007722007722,0.0019305019305019305,0.021235521235521238,0.007722007722007722,0.013513513513513514,0.231,0.3036750483558994,0.4341252699784017,0.7378003183343012,0.2757475083056478,27.413127413127413,8.687258687258687,278,305,50,0.2,0.68,0.32,0.0,0.036065573770491806,0.12131147540983607,0.10819672131147541,0.08196721311475409,0.0,0.35737704918032787,0.006557377049180328,0.0,0.0,0.022950819672131147,0.006557377049180328,0.01639344262295082,0.219,0.289,0.396,0.684,0.316,35.7,8.2
125,129,Keibert Ruiz,WSN,124,247.1814432989691,267.0,50.647422680412376,0.21649484536082475,0.7826086956521738,0.22826086956521743,0.0,0.026804123711340208,0.0907216494845361,0.11546391752577322,0.05154639175257732,0.002061855670103093,0.11546391752577322,0.012371134020618558,0.008247422680412371,0.002061855670103093,0.004123711340206186,0.002061855670103093,0.002061855670103093,0.235,0.2809917355371901,0.3697104677060133,0.6507022032432035,0.2395833333333333,11.54639175257732,5.154639175257731,255,267,61,0.23595505617977527,0.8032786885245902,0.19672131147540983,0.0,0.00749063670411985,0.07116104868913857,0.09363295880149813,0.0299625468164794,0.0,0.09737827715355805,0.011235955056179775,0.003745318352059925,0.0,0.0,0.00749063670411985,-0.00749063670411985,0.247,0.277,0.318,0.595,0.268,9.7,3.0
126,130,Andrew Vaughn,CHW,142,406.77,447.0,85.675,0.23333333333333334,0.7478260869565216,0.25217391304347825,0.0,0.041666666666666664,0.115,0.135,0.06666666666666667,0.0,0.2,0.015,0.008333333333333333,0.0016666666666666666,0.0016666666666666666,0.0,0.0016666666666666666,0.256,0.315,0.4468864468864469,0.7618864468864469,0.2832512315270936,20.0,6.666666666666667,406,447,89,0.23042505592841164,0.7528089887640449,0.24719101123595505,0.0,0.03131991051454139,0.07829977628635347,0.14541387024608501,0.06935123042505593,0.0,0.1789709172259508,0.006711409395973154,0.013422818791946308,0.0022371364653243847,0.0,0.0,0.0,0.254,0.307,0.411,0.719,0.28,17.9,6.9
127,131,Steven Kwan,CLE,147,615.0375,693.0,160.25625,0.23750000000000002,0.804054054054054,0.17567567567567569,0.02702702702702703,0.0062499999999999995,0.109375,0.08125,0.09218749999999999,0.0031249999999999997,0.09218749999999999,0.0078125,0.0078125,0.0031249999999999997,0.024999999999999998,0.0078125,0.017187499999999998,0.267,0.3390894819466248,0.3503521126760563,0.6894415946226811,0.2901960784313726,9.21875,9.21875,625,693,159,0.2453102453102453,0.8113207547169812,0.18238993710691823,0.006289308176100629,0.015873015873015872,0.11688311688311688,0.08080808080808081,0.07936507936507936,0.002886002886002886,0.08658008658008658,0.004329004329004329,0.010101010101010102,0.004329004329004329,0.030303030303030304,0.007215007215007215,0.023088023088023088,0.272,0.33,0.374,0.705,0.283,8.7,7.9
128,132,Tommy Edman,LAD,131,343.7560975609756,377.0,75.6829268287805,0.22514071294429708,0.7570093457992716,0.2149532710294228,0.028037383177750803,0.024390243902439025,0.13133208255159473,0.09943714821763601,0.06754221388367729,0.001876172607879925,0.1782363977453581,0.009380863039399624,0.0075046904315197,0.003752345215759849,0.0450281425891182,0.01125703564727955,0.033771106941838644,0.246,0.3032015065913371,0.3868312757201646,0.6900327823115018,0.2801047120418848,17.823639774859288,6.754221388,346,377,65,0.20689655172413793,0.7846153846153846,0.2,0.015384615384615385,0.034482758620689655,0.129973474801061,0.129973474801061,0.050397877984084884,0.0,0.16180371352785147,0.015915119363395226,0.013262599469496022,0.002652519893899204,0.007957559681697613,0.002652519893899204,0.005305039787798408,0.225,0.274,0.382,0.655,0.235,16.2,5.0
129,133,Jo Adell,LAA,122,520.5765957446808,573.0,90.21702127659574,0.20425531914893616,0.7297297296943541,0.25675675675675674,0.02702702702702703,0.04680851063829787,0.1276595744680851,0.125531914893617,0.0723404255319149,0.002127659574468085,0.3,0.01276595744680851,0.00425531914893617,0.0,0.02765957446808511,0.00851063829787234,0.01914893617021277,0.225,0.2899786780383795,0.4355971896955503,0.7255758677339299,0.2781954887218045,30.0,7.234042553191489,526,573,87,0.2164048865619546,0.7816091954022989,0.20689655172413793,0.011494252873563218,0.06457242582897033,0.1099476439790576,0.17102966841186737,0.05759162303664921,0.0,0.26352530541012215,0.017452006980802792,0.0017452006980802793,0.0,0.008726003490401396,0.0017452006980802793,0.006980802792321117,0.236,0.293,0.485,0.778,0.257,26.4,5.8
130,134,Josh Lowe,TBR,126,393.8976377952756,435.0,79.63582677165353,0.21653543307086612,0.7096774193548389,0.25806451612903236,0.032258064516129045,0.03346456692913386,0.1279527559055118,0.11220472440944881,0.08070866141732284,0.005905511811023623,0.29133858267716534,0.003937007874015748,0.007874015748031496,0.001968503937007874,0.04330708661417323,0.00984251968503937,0.03346456692913386,0.239,0.301775147928994,0.4152173913043478,0.7169925392333418,0.3110367892976589,29.133858267716533,8.070866141732283,396,435,76,0.2,0.6973684210526315,0.27631578947368424,0.02631578947368421,0.02528735632183908,0.12873563218390804,0.09195402298850575,0.07586206896551724,0.0022988505747126436,0.25057471264367814,0.006896551724137931,0.004597701149425287,0.0022988505747126436,0.041379310344827586,0.009195402298850575,0.03218390804597701,0.22,0.283,0.366,0.65,0.273,25.1,7.6
131,135,Nico Hoerner,CHC,125,592.3510436432638,649.0,155.16888045540796,0.24667931688804554,0.8015873015873015,0.17460317460317465,0.02380952380952381,0.0075901328273244775,0.1176470588235294,0.08538899430740038,0.06072106261859582,0.0,0.113851992403698,0.017077798861480073,0.0075901328273244775,0.0018975332068311191,0.04554079696394687,0.013282732447817837,0.03225806451612903,0.27,0.3250950570342205,0.3534303534303534,0.6785254104645739,0.2992874109263658,11.385199240986717,6.072106261859583,599,649,171,0.27426810477657937,0.8070175438596491,0.1695906432748538,0.023391812865497075,0.01078582434514638,0.13713405238828968,0.09399075500770417,0.060092449922958396,0.0015408320493066256,0.07550077041602465,0.01078582434514638,0.0061633281972265025,0.0,0.04468412942989214,0.009244992295839754,0.03543913713405239,0.297,0.345,0.394,0.739,0.313,7.6,6.0
132,136,Nick Gonzales,PIT,113,372.10300429184554,408.0,87.55364806866956,0.23819742489270393,0.7199999999999998,0.24999999999999992,0.029999999999999992,0.023605150214592276,0.11373390557939915,0.11158798283261802,0.06008583690987125,0.0,0.22532188841201717,0.015021459227467813,0.008583690987124463,0.002145922746781116,0.010729613733905581,0.002145922746781116,0.008583690987124463,0.261,0.3146551724137931,0.4117647058823529,0.726419878,0.3194888178913738,22.532188841201716,6.008583690987124,381,408,94,0.2426470588235294,0.776595744680851,0.19148936170212766,0.031914893617021274,0.012254901960784314,0.09558823529411764,0.07352941176470588,0.051470588235294115,0.0,0.17892156862745098,0.004901960784313725,0.00980392156862745,0.0,0.0,0.004901960784313725,-0.004901960784313725,0.26,0.299,0.362,0.661,0.306,17.9,5.1
133,137,Jake Meyers,HOU,112,346.03764705882355,381.0,71.71764705882353,0.21882352941176472,0.75,0.2375,0.025,0.03058823529411765,0.12,0.10823529411764705,0.06823529411764706,0.0,0.23764705882352946,0.01411764705882353,0.007058823529411765,0.0023529411764705885,0.018823529411764708,0.004705882352941177,0.01411764705882353,0.24,0.3018867924528302,0.4041450777202072,0.7060318701730375,0.2909090909090909,23.764705882352946,6.8235294117647065,343,381,97,0.26246719160104987,0.8247422680412371,0.15463917525773196,0.020618556701030927,0.007874015748031496,0.13910761154855644,0.06299212598425197,0.08136482939632546,0.0,0.17585301837270342,0.007874015748031496,0.005249343832020997,0.005249343832020997,0.04199475065616798,0.013123359580052493,0.028871391076115485,0.292,0.354,0.373,0.727,0.353,17.6,8.1
134,138,Kyle Higashioka,TEX,81,300.7944251,327.0,48.99303135888501,0.18815331010452963,0.744186046511628,0.23255813953488377,0.0,0.038327526132404185,0.10104529616724739,0.11846689895470383,0.0627177700348432,0.0,0.289198606271777,0.003484320557491289,0.006968641114982578,0.003484320557491289,0.003484320557491289,0.003484320557491289,0.0,0.206,0.256140351,0.3636363636363636,0.6197767145135566,0.25,28.91986063,6.2717770034843205,303,327,62,0.22324159021406728,0.7580645161290323,0.22580645161290322,0.016129032258064516,0.03363914373088685,0.10091743119266056,0.1437308868501529,0.06116207951070336,0.0,0.22018348623853212,0.0061162079510703364,0.0061162079510703364,0.0,0.009174311926605505,0.0030581039755351682,0.0061162079510703364,0.241,0.291,0.403,0.693,0.279,22.0,6.1
135,139,Cody Bellinger,NYY,134,590.9704347826087,656.0,123.21391304347824,0.2208695652173913,0.7314814814638382,0.24074074074074076,0.02777777777777778,0.03304347826086956,0.11826086955792683,0.11478260869565217,0.0817391304347826,0.005217391304347826,0.17217391304347826,0.006956521739130434,0.010434782608695651,0.0,0.024347826086956518,0.005217391304347826,0.019130434782608695,0.245,0.3095652173913043,0.416988417,0.7265536343797213,0.2660098522167488,17.217391304347824,8.173913043,588,656,131,0.24390243902439024,0.7709923664122137,0.19083969465648856,0.03816793893129771,0.04420731707317073,0.13567073170731708,0.14939024390243902,0.08689024390243902,0.001524390243902439,0.13719512195121952,0.003048780487804878,0.013719512195121951,0.0,0.019817073170731708,0.003048780487804878,0.01676829268292683,0.272,0.334,0.48,0.813,0.274,13.699999999999998,8.7
136,140,Trevor Story,BOS,112,583.8283261802575,654.0,116.48497854077252,0.20815450643776823,0.7349397590361447,0.24096385542168677,0.024096385542168672,0.03004291845493562,0.12660944206008584,0.10729613733905578,0.07725321888412018,0.004291845493562231,0.285407725382263,0.01072961373390558,0.008583690987124463,0.0021459227467811154,0.0407725321888412,0.012875536480686695,0.02789699570815451,0.234,0.2993492407809111,0.3918269230769231,0.6911761638578342,0.304029304,28.54077253218884,7.725321888412018,612,654,136,0.24617737003058104,0.7867647058823529,0.21323529411764705,0.0,0.0382262996941896,0.13914373088685014,0.14678899082568808,0.05045871559633028,0.0015290519877675841,0.2691131498470948,0.010703363914373088,0.0015290519877675841,0.0015290519877675841,0.047400611620795105,0.0015290519877675841,0.045871559633027525,0.263,0.308,0.433,0.741,0.33,26.899999999999995,5.0
137,141,Joey Bart,PIT,97,299.4332425,332.0,59.70572207084469,0.20980926430517713,0.7727272727272727,0.2121212121212121,0.015151515151515152,0.02997275204359673,0.10626702997275204,0.11444141689373298,0.07084468664850138,0.0,0.28065395095367845,0.01907356948228883,0.005449591280653952,0.0,0.002724795640326976,0.0,0.002724795640326976,0.233,0.3005464480874317,0.3806646525679758,0.6812111006554076,0.3013698630136986,28.065395095367844,7.084468664850137,285,332,67,0.21385542168674698,0.8059701492537313,0.1791044776119403,0.014925373134328358,0.012048192771084338,0.06325301204819277,0.09036144578313253,0.12048192771084337,0.0,0.28012048192771083,0.02108433734939759,0.0,0.0,0.0030120481927710845,0.0030120481927710845,0.0,0.249,0.355,0.34,0.696,0.356,28.000000000000004,12.0
138,142,Connor Norby,MIA,133,306.9216757741348,337.00000000000006,65.68123861566485,0.22404371584699453,0.7289719626168225,0.24299065420560745,0.02803738317757009,0.02914389799635701,0.11293260473588342,0.11293260473588342,0.07285974499089251,0.0,0.28779599271402545,0.009107468123861566,0.005464480874316939,0.0,0.020036429872495445,0.003642987249544626,0.016393442622950817,0.245,0.3065693430656934,0.406,0.7125693430656934,0.3252279635258359,28.77959927140255,7.285974499089254,311,337,70,0.2314540059347181,0.7428571428571429,0.24285714285714285,0.014285714285714285,0.02373887240356083,0.12462908011869436,0.10089020771513353,0.05341246290801187,0.0,0.26706231454005935,0.01483679525222552,0.008902077151335312,0.0,0.02373887240356083,0.005934718100890208,0.017804154302670624,0.251,0.3,0.389,0.689,0.324,26.700000000000003,5.3
139,143,George Springer,TOR,137,520.6689189,586.0,109.87500000000001,0.21790540540540543,0.7837837837837837,0.2072072072072072,0.018018018018018014,0.030405405405405407,0.125,0.10979729729729731,0.08952702702702703,0.0,0.18918918918918923,0.011824324324324325,0.006756756756756758,0.001689189189189189,0.02364864864864865,0.006756756756756758,0.01689189189249147,0.246,0.3203389830508474,0.4011406844106464,0.7214796674614938,0.2775,18.91891891891892,8.952702702702704,498,586,122,0.2627986348122867,0.7704918032786885,0.22131147540983606,0.00819672131147541,0.05460750853242321,0.18088737201365188,0.14334470989761092,0.11774744027303755,0.005119453924914676,0.189419795221843,0.013651877133105802,0.006825938566552901,0.0,0.030716723549488054,0.0017064846416382253,0.02901023890784983,0.309,0.399,0.56,0.959,0.34,18.9,11.8
140,144,James Wood,WSN,137,609.1839863713799,689.0,136.15672913117547,0.22657580919931858,0.7413793103448275,0.24137931034482757,0.025862068966180374,0.02896081771720613,0.1260647359454855,0.11243611584327085,0.10221465076923077,0.0034071550255536623,0.2776831345826235,0.006814310051107325,0.006814310051107325,0.0,0.02896081771720613,0.008517887563884156,0.020442930153321975,0.257,0.3356047700170357,0.4219653179190751,0.7575700879361109,0.3381924198250728,27.76831345826235,10.221465076660987,598,689,122,0.2220609579100145,0.6885245901639344,0.3114754098360656,0.0,0.04499274310595065,0.1262699564586357,0.13642960812772134,0.12336719883889695,0.011611030478955007,0.32075471698113206,0.0043541364296081275,0.0043541364296081275,0.0,0.02177068214804064,0.010159651669085631,0.011611030478955007,0.256,0.35,0.475,0.825,0.35,32.1,12.3
141,145,Dylan Moore,SEA,104,209.65963060686016,243.00000000000003,34.62269129287599,0.17678100263852242,0.7222222222222221,0.25925925925925924,0.03703703703703704,0.03430079155672823,0.13192612135802467,0.09498680738786279,0.10290237467018468,0.0,0.29551451187335087,0.023746701846965697,0.005277044854881267,0.002638522427440633,0.06068601583113456,0.01846965699208443,0.04221635883905014,0.206,0.3050397877984085,0.382262997,0.6873027847403046,0.2647058823529412,29.551451187335093,10.29023746701847,219,243,33,0.18106995884773663,0.8484848484848485,0.15151515151515152,0.0,0.04526748971193416,0.1440329218106996,0.102880658436214,0.0823045267489712,0.0,0.3374485596707819,0.00411522633744856,0.012345679012345678,0.0,0.05761316872427984,0.0205761316872428,0.037037037037037035,0.201,0.267,0.374,0.642,0.256,33.7,8.2
142,146,Maikel Garcia,KCR,130,607.6007462686567,666.0,150.34701490597016,0.23880597012012014,0.7685950414215048,0.2066115702745981,0.02479338843295177,0.013059701492537315,0.12126865671641791,0.08955223880597016,0.07089552238805971,0.0,0.1791044776119403,0.00373134328358209,0.00746268656716418,0.005597014925373135,0.04291044776119403,0.013059701492537315,0.02985074626865672,0.262,0.3151969981238274,0.3680981595092024,0.6832951576330298,0.3102564102564102,17.91044776119403,7.089552239,595,666,154,0.2552552552552553,0.7142857142857143,0.2532467532467532,0.032467532467532464,0.024024024024024024,0.12162162162162163,0.1111111111111111,0.09309309309309309,0.0,0.12612612612612611,0.0015015015015015015,0.0075075075075075074,0.0045045045045045045,0.03453453453453453,0.013513513513513514,0.021021021021021023,0.286,0.351,0.449,0.8,0.308,12.6,9.3
143,147,Travis d'Arnaud,LAA,72,207.0444444444444,231.0,40.21111111111111,0.2074074074074074,0.7872340425531915,0.2127659574468085,0.0,0.03333333333333333,0.1074074074074074,0.11851851851851851,0.06666666666666667,0.0,0.25555555555555554,0.014814814814814814,0.007407407407407407,0.0,0.0037037037037037034,0.0,0.0037037037037037034,0.233,0.2932330827067669,0.384297521,0.6775306033679239,0.2831325301204819,25.555555555555554,6.666666666666667,213,231,36,0.18181818181818182,0.6388888888888888,0.3611111111111111,0.0,0.025974025974025976,0.06926406926406926,0.09090909090909091,0.05627705627705628,0.0,0.3203463203463203,0.017316017316017316,0.004329004329004329,0.0,0.0,0.0,0.0,0.197,0.255,0.343,0.598,0.269,32.0,5.6
145,149,Geraldo Perdomo,ARI,129,623.3463035019455,720.0,134.47470817102337,0.2003891050583658,0.7812500000010624,0.18750000000025496,0.03125000000004249,0.013618677043055557,0.11284046692607003,0.07392996108949415,0.09338521401388888,0.0019455252918287936,0.17704280155642022,0.011673151750972761,0.007782101167315174,0.023346303501945522,0.02723735408560311,0.007782101167315174,0.019455252918287938,0.232,0.3121272365805169,0.3325842696629214,0.6447115062434383,0.2735042735042735,17.704280155642024,9.338521401,597,720,153,0.24027777777777778,0.7516339869281046,0.21568627450980393,0.032679738562091505,0.027777777777777776,0.1361111111111111,0.1388888888888889,0.13055555555555556,0.001388888888888889,0.11527777777777778,0.013888888888888888,0.015277777777777777,0.011111111111111112,0.0375,0.008333333333333333,0.029166666666666667,0.29,0.389,0.462,0.851,0.303,11.5,13.1
146,150,Matt Shaw,CHC,115,398.1144068,437.0,85.17796610169492,0.22245762711864409,0.7826086956521738,0.19565217391304346,0.021739130434782608,0.027542372881355925,0.11652542372881355,0.11016949152542373,0.06779661016949153,0.00211864406779661,0.21822033898305085,0.010593220338983052,0.006355932203389831,0.00211864406779661,0.03177966101694915,0.00423728813559322,0.027542372881355925,0.244,0.3021276595744681,0.386046512,0.688174171,0.2902208201892745,21.822033898305087,6.779661016949152,393,437,76,0.2036613272311213,0.6842105263157895,0.27631578947368424,0.039473684210526314,0.029748283752860413,0.13043478260869565,0.10068649885583524,0.08695652173913043,0.0,0.2151029748283753,0.004576659038901602,0.009153318077803204,0.0,0.038901601830663615,0.011441647597254004,0.02745995423340961,0.226,0.295,0.394,0.69,0.262,21.5,8.7
147,151,Brandon Marsh,PHI,126,373.0651731160896,425.0,77.0366598778004,0.20773930753564152,0.7415730337078652,0.22471910112359553,0.033707865168539325,0.026476578411405292,0.12423625254582482,0.09979633401221998,0.10590631364705883,0.004073319755600814,0.3095723014256619,0.008146639511201629,0.006109979633401222,0.004073319755600814,0.0285132382892057,0.008146639511201629,0.020366598778004074,0.237,0.3224489795918367,0.3874709976798144,0.7099199772716511,0.3308550185873606,30.95723014256619,10.590631364562118,379,425,95,0.24941176470588236,0.7157894736842105,0.2631578947368421,0.021052631578947368,0.02588235294117647,0.1388235294117647,0.1011764705882353,0.08941176470588236,0.002352941176470588,0.25882352941176473,0.0,0.009411764705882352,0.007058823529411765,0.01647058823529412,0.002352941176470588,0.01411764705882353,0.28,0.342,0.443,0.785,0.363,25.9,8.9
148,152,Wilyer Abreu,BOS,118,368.365010799136,417.0,71.1511879049676,0.20950323974082072,0.6962025316455697,0.2784810126582279,0.02531645569620253,0.038876889848812095,0.12958963282937364,0.12526997840172785,0.10151187904967603,0.0021598272138228943,0.265658747300216,0.008639308855291577,0.004319654427645789,0.0,0.019438444924406047,0.006479481641468682,0.012958963282937363,0.238,0.3203463203463203,0.432762836185819,0.7531091565321394,0.2925925925925925,26.5658747300216,10.151187904967603,373,417,70,0.22062350119904076,0.7571428571428571,0.24285714285714285,0.0,0.05275779376498801,0.12709832134292565,0.16546762589928057,0.09592326139088729,0.011990407673860911,0.2422062350119904,0.0,0.007194244604316547,0.002398081534772182,0.014388489208633094,0.007194244604316547,0.007194244604316547,0.247,0.317,0.469,0.786,0.277,24.2,9.6
149,153,Jorge Polanco,SEA,115,462.9406779661017,524.0,85.48305084745762,0.19491525423728812,0.7532467532467533,0.22077922082680682,0.012987012987012988,0.03177966101694915,0.10381355932203389,0.11652542372881355,0.09745762711864406,0.00423728813559322,0.2711864406779661,0.00847457627118644,0.00847457627118644,0.0,0.00847457627118644,0.00211864406779661,0.00635593220338983,0.221,0.3014861995753715,0.3717026378896882,0.6731888374650599,0.276978417266187,27.11864406779661,9.745762711864408,471,524,99,0.2385496183206107,0.696969696969697,0.30303030303030304,0.0,0.04961832061068702,0.12213740458015267,0.14885496183206107,0.08015267175572519,0.0019083969465648854,0.15648854961832062,0.0057251908396946565,0.009541984732824428,0.0057251908396946565,0.011450381679389313,0.0057251908396946565,0.0057251908396946565,0.265,0.326,0.495,0.821,0.269,15.6,8.0
150,154,Brayan Rocchio,CLE,139,346.8400770712909,383.0,74.53371868978805,0.20809248554913293,0.7722772277227723,0.20792079207920797,0.019801980198019802,0.013487475915221578,0.10211946050096339,0.08477842003853563,0.07129094412331408,0.0019267822736030826,0.19267822736030826,0.011560693641618497,0.0077071290944123304,0.0038535645472061652,0.025048169556840076,0.009633911368015413,0.015414258188824661,0.231,0.2920696324951644,0.3276595744680851,0.6197292069632495,0.2752043596730245,19.26782273603083,7.129094412331407,344,383,75,0.20887728459530025,0.7333333333333333,0.24,0.02666666666666667,0.013054830287206266,0.08877284595300261,0.11488250652741515,0.057441253263707574,0.0,0.2010443864229765,0.020887728459530026,0.013054830287206266,0.010443864229765013,0.020887728459530026,0.010443864229765013,0.010443864229765013,0.233,0.29,0.34,0.63,0.281,20.1,5.7
151,155,Willi Castro,MIN,130,405.8100558659218,454.0,88.77094972067039,0.21787709497206703,0.7619047619047619,0.20952380952380953,0.02857142857142857,0.022346368715083796,0.12290502793296088,0.08938547486033518,0.07448789571694599,0.0018621973920704845,0.23277467411545621,0.022346368715083796,0.0074487895716946,0.0037243947858473,0.0335195530726257,0.009310986964618248,0.02420856610800745,0.244,0.3152985074626865,0.3770833333333333,0.6923818407960198,0.3025936599423631,23.277467411545626,7.448789572,402,454,80,0.20044052863436124,0.75,0.2125,0.0375,0.024229074889867842,0.1277533039647577,0.07268722466960352,0.0881057268722467,0.0022026431718061676,0.2444933920704846,0.024229074889867842,0.0,0.0022026431718061676,0.022026431718061675,0.00881057268722467,0.013215859030837005,0.226,0.313,0.366,0.679,0.286,24.4,8.8
152,157,Vinnie Pasquantino,KCR,139,607.6208053691275,682.0,136.1711409395973,0.23154362416107382,0.7142857142857143,0.2689075630252101,0.008403361344537815,0.031879194630872486,0.11577181208053691,0.12919463087248323,0.08892617449664429,0.0050335570469798654,0.1325503355718475,0.010067114093959731,0.010067114093959731,0.0016778523489932886,0.0016778523489932886,0.0,0.0016778523489932886,0.26,0.3305369127516778,0.4293785310734463,0.7599154438251241,0.2710706150341685,13.25503355704698,8.89261745,621,682,132,0.2404692082111437,0.7424242424242424,0.25,0.007575757575757576,0.0469208211143695,0.10557184750733138,0.1656891495601173,0.0718475073313783,0.007331378299120235,0.15689149560117302,0.010263929618768328,0.007331378299120235,0.0,0.001466275659824047,0.0,0.001466275659824047,0.264,0.323,0.475,0.798,0.271,15.7,7.200000000000001
153,159,Heliot Ramos,SFG,135,632.3763250883393,695.0,135.07067137809187,0.2314487632508834,0.7454545454545455,0.2272727272727273,0.018181818181818184,0.037102473498233215,0.1254416961130742,0.12190812720863309,0.0706713780918728,0.00176678445229682,0.2667844522968198,0.0088339222614841,0.00706713780918728,0.00176678445229682,0.014134275618374562,0.00530035335689046,0.0088339222614841,0.254,0.3120567375886525,0.4310679611650485,0.743124699,0.3170028818443804,26.67844522968198,7.067137809,620,695,138,0.22877697841726619,0.8188405797101449,0.17391304347826086,0.007246376811594203,0.030215827338129497,0.1223021582733813,0.09928057553956834,0.07482014388489208,0.0028776978417266188,0.2273381294964029,0.02446043165467626,0.008633093525179856,0.0,0.008633093525179856,0.0057553956834532375,0.0028776978417266188,0.256,0.328,0.4,0.728,0.309,22.7,7.5
154,160,Joc Pederson,TEX,110,261.7762237762238,306.0,47.79020979020979,0.20512820512820515,0.746268656716418,0.2388059701492537,0.014925373134328358,0.04895104895104895,0.13286713286713286,0.13286713286713286,0.11421911421911422,0.006993006993464053,0.22843822843137254,0.020979020980392157,0.009324009324009324,0.002331002331002331,0.009324009324009324,0.002331002331002331,0.006993006993464053,0.24,0.3403263403263403,0.4604904632152589,0.8008168035415992,0.2658730158730158,22.84382284382285,11.421911421911425,265,306,39,0.1568627450980392,0.717948717948718,0.2564102564102564,0.02564102564102564,0.029411764705882353,0.0915032679738562,0.08496732026143791,0.1111111111111111,0.0,0.21241830065359477,0.016339869281045753,0.0032679738562091504,0.0,0.006535947712418301,0.0,0.006535947712418301,0.181,0.285,0.328,0.614,0.203,21.2,11.1
155,161,Jake Burger,TEX,141,343.1080617495712,376.0,63.84905659891939,0.2195540308747856,0.7373737374297971,0.242424242442673,0.020202020203556083,0.04974271013297872,0.12521440823327615,0.13893653515957446,0.0634648370497427,0.0017152658662092624,0.26758147512864494,0.015437392795883362,0.00686106346483705,0.0017152658662092624,0.003430531732418525,0.0017152658662092624,0.0017152658662092624,0.241,0.2989690721649484,0.4567669172932331,0.7557359894581815,0.282051282051282,26.758147512864493,6.346483705,356,376,68,0.22340425531914893,0.7647058823529411,0.22058823529411764,0.014705882352941176,0.0425531914893617,0.11436170212765957,0.14095744680851063,0.031914893617021274,0.0,0.2473404255319149,0.013297872340425532,0.007978723404255319,0.0,0.0026595744680851063,0.0026595744680851063,0.0,0.236,0.269,0.419,0.687,0.272,24.7,3.2
156,162,Victor Caratini,HOU,63,344.2251082251082,386.0,70.18181818181819,0.2077922077922078,0.8333333333333331,0.19047619047619047,0.0,0.025974025974025976,0.1038961038961039,0.1038961038961039,0.08225108225108224,0.004329004329004329,0.2077922077922078,0.012987012987012988,0.008658008658008658,0.004329004329004329,0.0,0.0,0.0,0.235,0.3043478260869565,0.3640776699029126,0.6684254959898692,0.2727272727272727,20.77922077922078,8.225108225108226,344,386,77,0.23056994818652848,0.8181818181818182,0.18181818181818182,0.0,0.031088082901554404,0.09067357512953368,0.11917098445595854,0.05958549222797927,0.0,0.16839378238341968,0.03367875647668394,0.015544041450777202,0.0,0.0025906735751295338,0.0,0.0025906735751295338,0.259,0.324,0.404,0.728,0.282,16.8,6.0
157,163,Luis Rengifo,LAA,129,494.4841121495327,541.0,110.22242990654203,0.22803738317757005,0.7889908256762029,0.1926605504587156,0.01834862385321101,0.024299065420560748,0.11962616822429906,0.09532710280373831,0.06542056074766356,0.0018691588785046728,0.1644859813084112,0.011214953271028035,0.007476635514018691,0.0018691588785046728,0.03551401869158878,0.011214953271028035,0.024299065420560748,0.249,0.3052434456928839,0.3803680981595092,0.6856115438523931,0.2780612244897959,16.448598130841123,6.5420560747663545,501,541,110,0.2199630314232902,0.8272727272727273,0.14545454545454545,0.02727272727272727,0.0166358595194085,0.10166358595194085,0.07948243992606285,0.06099815157116451,0.0,0.1922365988909427,0.005545286506469501,0.005545286506469501,0.0018484288354898336,0.018484288354898338,0.012939001848428836,0.005545286506469501,0.238,0.287,0.335,0.622,0.281,19.2,6.1
158,164,Trevor Larnach,MIN,117,498.3821656050955,567.0,102.32484076433119,0.2165605095541401,0.7411764705882353,0.25882352941176473,0.011764705882352944,0.036093418259023353,0.12101910828025479,0.12101910828025479,0.10403397027600848,0.004246284501061571,0.25902335456475584,0.010615711252653927,0.006369426751592356,0.0,0.006369426751592356,0.0021231422505307855,0.004246284501061571,0.247,0.3312101910828025,0.429951690821256,0.7611618819040586,0.3057553956834532,25.902335456475583,10.40339702760085,503,567,109,0.2222222222222222,0.7706422018348624,0.22018348623853212,0.009174311926605505,0.029982363315696647,0.10934744268077601,0.10582010582010581,0.09347442680776014,0.003527336860670194,0.21516754850088182,0.007054673721340388,0.010582010582010581,0.0,0.007054673721340388,0.007054673721340388,0.0,0.25,0.323,0.404,0.727,0.295,21.5,9.3
159,165,Josh Jung,TEX,122,470.5247524752475,511.0,96.12871287128712,0.22178217821782176,0.7578947368421053,0.22105263157894742,0.02105263157894737,0.033663366336633666,0.11485148514851486,0.1168316831702544,0.0594059405940594,0.0019801980198019802,0.2732673267326733,0.011881188118811881,0.005940594059405941,0.0,0.007920792079207921,0.0039603960396039604,0.0039603960396039604,0.242,0.2936507936507936,0.4043010752688172,0.6979518689196109,0.3035143769968051,27.32673267326733,5.9405940594059405,482,511,107,0.23679060665362034,0.7757009345794392,0.21495327102803738,0.009345794392523364,0.0273972602739726,0.10371819960861056,0.11937377690802348,0.05283757338551859,0.0,0.25244618395303325,0.003913894324853229,0.0,0.0,0.007827788649706457,0.0019569471624266144,0.005870841487279843,0.251,0.294,0.39,0.684,0.316,25.2,5.3
160,166,Josh Smith,TEX,96,492.9973544973545,563.0,102.76984126984127,0.20899470899470898,0.7391304347826086,0.2318840579710145,0.028985507246376812,0.02645502645502645,0.11904761904761904,0.09788359788359788,0.0873015873015873,0.0026455026455026454,0.20634920634920634,0.023809523809523808,0.007936507936507936,0.005291005291005291,0.018518518518518517,0.005291005291005291,0.013227513227513225,0.237,0.3218085106382978,0.3897280966767371,0.711536607,0.2804878048780488,20.634920634920633,8.73015873,495,563,114,0.2202486678507993,0.7807017543859649,0.20175438596491227,0.017543859649122806,0.017761989342806393,0.12433392539964476,0.06216696269982238,0.09769094138543517,0.003552397868561279,0.17761989342806395,0.014209591474245116,0.0017761989342806395,0.0053285968028419185,0.021314387211367674,0.0053285968028419185,0.015985790408525755,0.251,0.335,0.366,0.7,0.295,17.8,9.8
161,167,Ryan McMahon,COL,147,515.3408360128617,586.0,105.51768488745981,0.21061093247588425,0.7500000000000001,0.24107142857142858,0.008928571428571428,0.03054662379421222,0.11254019292604503,0.11414790996784566,0.10610932475884244,0.004823151125401929,0.28617363344051444,0.006430868167202571,0.006430868167202571,0.0,0.011254019292604502,0.0032154340836012857,0.008038585209003215,0.239,0.323671497584541,0.396709324,0.7203808211677221,0.3163841807909605,28.617363344051448,10.610932475884244,509,586,89,0.18600682593856654,0.7303370786516854,0.25842696629213485,0.011235955056179775,0.034129692832764506,0.10580204778156997,0.09044368600682594,0.11945392491467577,0.0017064846416382253,0.3225255972696246,0.006825938566552901,0.005119453924914676,0.0,0.005119453924914676,0.0017064846416382253,0.0034129692832764505,0.214,0.312,0.381,0.693,0.294,32.3,11.9
162,168,Nolan Arenado,STL,144,398.24183006535947,436.0,85.49019607843137,0.2222222222222222,0.7833333333165138,0.20833333333333334,0.008333333333333335,0.026143790849673203,0.09967320261437908,0.1111111111111111,0.06862745098039216,0.0016339869281045752,0.14869281045751637,0.008169934640522876,0.00980392156862745,0.0016339869281045752,0.004901960784313725,0.0016339869281045752,0.0032679738562091504,0.243,0.2990196078431372,0.3774597495527728,0.676479357,0.2620087336244541,14.869281045751634,6.862745098039216,401,436,83,0.21788990825688073,0.7710843373493976,0.21686746987951808,0.012048192771084338,0.027522935779816515,0.11009174311926606,0.11926605504587157,0.06422018348623854,0.009174311926605505,0.11238532110091744,0.006880733944954129,0.009174311926605505,0.0,0.006880733944954129,0.0,0.006880733944954129,0.237,0.289,0.377,0.666,0.241,11.2,6.4
163,169,Ryan Mountcastle,BAL,124,326.6170212765957,357.0,73.19535783315281,0.23984526112044818,0.7735849056656923,0.21698113207696249,0.01886792452843152,0.03481624758220503,0.11798839458413928,0.1276595744680851,0.06769825918762089,0.0019342359775910362,0.22823984526610644,0.007736943907156673,0.009671179883945842,0.0,0.005802707930367504,0.0019342359775910362,0.0038684719535783366,0.263,0.3152804642166344,0.4355179704016913,0.7507984346183257,0.3099415204678362,22.823984526112184,6.769825918762089,332,357,76,0.23249299719887956,0.7631578947368421,0.23684210526315788,0.0,0.0196078431372549,0.09523809523809523,0.09803921568627451,0.04201680672268908,0.0,0.27450980392156865,0.011204481792717087,0.01680672268907563,0.0,0.008403361344537815,0.0,0.008403361344537815,0.25,0.286,0.367,0.653,0.326,27.500000000000004,4.2
164,170,Matt Wallner,MIN,126,341.7435897435897,392.0,57.98816568047337,0.1932938856015779,0.7066666666666666,0.27999999999999997,0.026666666666666665,0.045364891518737675,0.12426035502958578,0.1282051282051282,0.09664694280078895,0.005917159763313609,0.3431952662721893,0.025641025641025644,0.005917159763313609,0.0,0.005917159763313609,0.001972386587771203,0.003944773175542406,0.221,0.3155818540433925,0.4366515837104072,0.7522334377537998,0.3024193548387097,34.319526627218934,9.664694280078894,336,392,46,0.17346938775510204,0.5869565217391305,0.34782608695652173,0.06521739130434782,0.05612244897959184,0.11989795918367346,0.10204081632653061,0.11734693877551021,0.0,0.29081632653061223,0.02040816326530612,0.00510204081632653,0.0,0.01020408163265306,0.007653061224489796,0.002551020408163265,0.202,0.311,0.464,0.776,0.228,29.100000000000005,11.7
165,171,Dylan Crews,WSN,134,293.39024390243907,322.00000000000006,63.390243903658536,0.22299651568322978,0.7610619468880137,0.22123893804884112,0.026548672565860937,0.02613240418118467,0.12020905923344946,0.10278745644599302,0.06620209059233449,0.0,0.22299651568322978,0.013937282229965155,0.005226480836236933,0.0017421602787456444,0.04006968641114982,0.010452961672473867,0.02961672473867596,0.246,0.3041958041958042,0.3919694072657744,0.6961652114615786,0.2950391644908616,22.299651567944252,6.620209059233449,293,322,51,0.18944099378881987,0.803921568627451,0.1568627450980392,0.0392156862745098,0.031055900621118012,0.13354037267080746,0.08385093167701864,0.07453416149068323,0.0,0.2360248447204969,0.015527950310559006,0.0,0.0,0.052795031055900624,0.015527950310559006,0.037267080745341616,0.208,0.28,0.352,0.631,0.246,23.6,7.5
166,172,Jurickson Profar,ATL,142,321.9421487603306,371.0,69.90743801652893,0.21487603305785125,0.7719298245614036,0.2192982456140351,0.017543859649122806,0.026446280991735537,0.12231404958677687,0.10413223140495868,0.10578512396694215,0.003305785123966942,0.16363636363636364,0.014876033056603774,0.006611570247933884,0.0049586776859504135,0.009917355371900827,0.003305785123966942,0.006611570247933884,0.248,0.3372093023255814,0.3961904761904762,0.7333997785160575,0.2753623188405797,16.363636363636363,10.578512396694215,318,371,64,0.21024258760107817,0.734375,0.25,0.015625,0.03773584905660377,0.1509433962264151,0.11590296495956873,0.1293800539083558,0.0,0.15902964959568733,0.013477088948787063,0.0,0.0,0.02425876010781671,0.005390835579514825,0.018867924528301886,0.245,0.353,0.434,0.787,0.261,15.9,12.9
167,173,Carson Kelly,CHC,81,377.2046979865772,421.0,73.46308724832215,0.20134228187919465,0.7884615384615384,0.21153846153846154,0.0,0.026845637583892617,0.09731543624161074,0.11409395973154363,0.08389261744966443,0.0,0.2080536912751678,0.013422818791946308,0.006711409395973154,0.0,0.003355704697986577,0.0,0.003355704697986577,0.226,0.2986577181208054,0.3558052434456928,0.6544629615664983,0.2613065326633166,20.80536912751678,8.389261744966444,369,421,75,0.21852731591448932,0.8133333333333334,0.17333333333333334,0.013333333333333334,0.040380047505938245,0.11401425178147269,0.1187648456057007,0.10688836104513064,0.0,0.19002375296912113,0.007125890736342043,0.009501187648456057,0.0,0.004750593824228029,0.0,0.004750593824228029,0.249,0.333,0.428,0.761,0.272,19.0,10.7
169,175,Andy Pages,LAD,81,560.64,624.0,113.28,0.22153846153846155,0.711864406779661,0.2711864406779661,0.01694915254237288,0.04,0.12615384615384614,0.13538461538461538,0.07384615384615384,0.003076923076923077,0.24615384615384614,0.015384615384615384,0.006153846153846154,0.0,0.00923076923076923,0.003076923076923077,0.006153846153846154,0.245,0.3126934984520124,0.4417808219178082,0.7544743203698205,0.2935323383084577,24.615384615384617,7.384615384615385,581,624,131,0.2532051282051282,0.7862595419847328,0.20610687022900764,0.007633587786259542,0.04326923076923077,0.11858974358974358,0.13782051282051283,0.046474358974358976,0.0,0.21634615384615385,0.01282051282051282,0.009615384615384616,0.0,0.022435897435897436,0.011217948717948718,0.011217948717948718,0.272,0.313,0.461,0.774,0.308,21.6,4.6
170,176,Jake McCarthy,ARI,128,200.1496062992126,222.0,49.381889763779526,0.234251968503937,0.7699115044247788,0.1769911504424779,0.044247787610619475,0.011811023622047244,0.12992125984251968,0.08070866141732284,0.06692913385826771,0.0019685039370078736,0.1830708661417323,0.015748031496062992,0.005905511811023622,0.00984251968503937,0.06299212598425195,0.00984251968503937,0.053149606299212594,0.259,0.320079522862823,0.3624454148471616,0.6825249377099847,0.3121546961325966,18.30708661417323,6.692913385826772,206,222,38,0.1891891891891892,0.6842105263157895,0.18421052631578946,0.13157894736842105,0.018018018018018018,0.08108108108108109,0.09009009009009009,0.04504504504504504,0.0,0.18018018018018017,0.009009009009009009,0.0045045045045045045,0.013513513513513514,0.02702702702702703,0.0,0.02702702702702703,0.204,0.247,0.345,0.591,0.233,18.0,4.5
171,177,Otto Lopez,MIA,115,549.0971922246221,594.0,137.27429805615552,0.24622030237580994,0.7757009345794391,0.20560747663551399,0.028037383177570093,0.01511879049676026,0.11447084233261338,0.09287257019438447,0.05615550755939525,0.0021598272138228943,0.1792656587473002,0.008639308855291577,0.0064794816414686825,0.004319654427645789,0.0345572354211663,0.008639308855291577,0.02591792656587473,0.267,0.3123644251626898,0.3831775700934579,0.6955419952561477,0.313782991202346,17.92656587473002,5.615550755939525,544,594,119,0.2255892255892256,0.8235294117647058,0.17647058823529413,0.0,0.025252525252525252,0.1111111111111111,0.12962962962962962,0.07407407407407407,0.003367003367003367,0.13804713804713806,0.005050505050505051,0.005050505050505051,0.0,0.025252525252525252,0.010101010101010102,0.015151515151515152,0.246,0.305,0.368,0.672,0.264,13.8,7.400000000000001
172,180,Jasson Dominguez,NYY,129,386.2643678,429.0,81.36206896310344,0.21839080459207458,0.7575757575982329,0.21212121212750523,0.020202020202619544,0.028735632183908046,0.12452107279693486,0.10344827586206896,0.08620689655172414,0.003831417624521073,0.24521072796934867,0.00574712643678161,0.00574712643678161,0.0019157088122605365,0.03639846743295019,0.007662835249042146,0.028735632183908046,0.242,0.3109404990403071,0.3893617021276596,0.7003022011679667,0.3,24.521072796934863,8.620689655172415,381,429,88,0.22843822843822845,0.7840909090909091,0.20454545454545456,0.011363636363636364,0.023310023310023312,0.1351981351981352,0.10955710955710955,0.09557109557109557,0.002331002331002331,0.2680652680652681,0.006993006993006993,0.009324009324009324,0.0,0.053613053613053616,0.011655011655011656,0.04195804195804196,0.257,0.331,0.388,0.719,0.338,26.8,9.6
173,181,Paul Goldschmidt,NYY,142,479.4563426688632,534.0,96.77100494233936,0.2191103789126853,0.7636363636363637,0.2272727272727273,0.009090909090909092,0.03789126853377265,0.11861614497528829,0.1202635914332784,0.0873146622734761,0.0016474464579901151,0.25370675453047775,0.004942339373970346,0.0065897858319604605,0.0016474464579901151,0.011532125205930808,0.004942339373970346,0.0065897858319604605,0.243,0.312396694214876,0.4201834862385321,0.7325801804534082,0.2956989247311828,25.370675453047777,8.731466227347612,489,534,124,0.250936329588015,0.7419354838709677,0.25,0.008064516129032258,0.018726591760299626,0.14232209737827714,0.08426966292134831,0.06741573033707865,0.009363295880149813,0.18726591760299627,0.00749063670411985,0.003745318352059925,0.0,0.009363295880149813,0.0018726591760299626,0.00749063670411985,0.274,0.328,0.403,0.731,0.325,18.7,6.7
174,182,Kerry Carpenter,DET,121,417.8881988,464.0,85.49896480331262,0.22567287784679085,0.7191011236386092,0.24719101123595508,0.03370786516853933,0.041407867494824016,0.12422360248447205,0.13250517599137931,0.07867494824016562,0.004140786749482402,0.24637681159420288,0.014492753622844827,0.008281573498964804,0.0,0.008281573498964804,0.002070393374741201,0.006211180124223603,0.25,0.3181818181818182,0.4528735632183908,0.771055381,0.2966666666666667,24.637681159420293,7.867494824016563,433,464,83,0.2349137931034483,0.7228915662650602,0.21686746987951808,0.060240963855421686,0.05603448275862069,0.14224137931034483,0.1336206896551724,0.03879310344827586,0.0,0.22844827586206898,0.015086206896551725,0.004310344827586207,0.0,0.0021551724137931034,0.0021551724137931034,0.0,0.252,0.291,0.497,0.788,0.274,22.8,3.9
175,183,Brice Turang,MIL,139,595.0758377425044,659.0,138.30864197530866,0.22045855379188714,0.773109243697479,0.18487394957983191,0.03361344537815126,0.010582010582010581,0.1146384479717813,0.07936507936507937,0.07936507936507937,0.001763668430335097,0.18694885361552027,0.003527336860670194,0.007054673721340388,0.005291005291005291,0.0599647266313933,0.010582010582010581,0.04938271604938271,0.243,0.305506217,0.3359375,0.641443717,0.2945544554455445,18.69488536155203,7.936507936507936,584,659,150,0.2549317147192716,0.8,0.18666666666666668,0.013333333333333334,0.027314112291350532,0.1471927162367223,0.12291350531107739,0.10015174506828528,0.0015174506828528073,0.2276176024279211,0.0030349013657056147,0.007587253414264037,0.0030349013657056147,0.036418816388467376,0.012139605462822459,0.024279210925644917,0.288,0.359,0.435,0.794,0.356,22.8,10.0
176,184,Christian Vazquez,MIN,80,196.58983050847456,214.0,41.34915254237288,0.21016949152542372,0.7894736842105263,0.1929824561403509,0.0,0.01694915254237288,0.09152542372881356,0.09152542372881356,0.05084745762711864,0.0,0.20338983050847456,0.006779661016949152,0.006779661016949152,0.006779661016949152,0.010169491525423728,0.006779661016949152,0.003389830508474576,0.228,0.2724137931034482,0.3210332103321033,0.5934470034355516,0.2740384615384615,20.33898305084746,5.084745762711865,190,214,33,0.16822429906542055,0.7878787878787878,0.21212121212121213,0.0,0.014018691588785047,0.06542056074766354,0.06542056074766354,0.08411214953271028,0.0,0.16355140186915887,0.018691588785046728,0.009345794392523364,0.0,0.004672897196261682,0.004672897196261682,0.0,0.189,0.271,0.274,0.545,0.214,16.4,8.4
177,185,Spencer Steer,CIN,136,500.0,568.0,104.0,0.21654929577464788,0.7211538461538461,0.25961538461538464,0.019230769230769232,0.03345070422535211,0.12323943661971831,0.11795774647887323,0.09507042253521127,0.0,0.20422535211267606,0.014084507042253521,0.008802816901408451,0.0,0.022887323943661973,0.007042253521126761,0.01584507042253521,0.245,0.3262786596119929,0.422,0.7482786596119929,0.2810810810810811,20.422535211267608,9.507042253521126,509,568,100,0.2130281690140845,0.77,0.21,0.02,0.03697183098591549,0.11619718309859155,0.13204225352112675,0.0897887323943662,0.0,0.22711267605633803,0.008802816901408451,0.0035211267605633804,0.0017605633802816902,0.01232394366197183,0.0017605633802816902,0.01056338028169014,0.238,0.312,0.411,0.723,0.277,22.7,9.0
178,186,Isiah Kiner-Falefa,PIT,124,424.3408163265306,459.0,105.85102040816327,0.24285714285714285,0.8141592920662464,0.168141592920354,0.017699115044247787,0.012244897959183675,0.11020408163265306,0.08775510204081632,0.04693877551020408,0.0,0.15714285714285714,0.014285714285714285,0.006122448979591837,0.006122448979591837,0.0326530612244898,0.01020408163265306,0.022448979591836733,0.262,0.3065843621399177,0.3532008830022075,0.6597852451421252,0.3029490616621983,15.714285714285714,4.6938775510204085,431,459,111,0.24618736383442266,0.7927927927927928,0.1891891891891892,0.018018018018018018,0.004357298474945534,0.09803921568627451,0.08714596949891068,0.037037037037037035,0.0,0.16775599128540306,0.010893246187363835,0.002178649237472767,0.010893246187363835,0.032679738562091505,0.008714596949891068,0.023965141612200435,0.262,0.297,0.334,0.631,0.314,16.8,3.7000000000000006
180,189,Josh Naylor,ARI,140,541.1677852348993,604.0,119.58389261744966,0.23154362416107382,0.7542372881355932,0.23728813559322032,0.00847457627118644,0.03355704697986577,0.11912751677852348,0.13422818791390728,0.08389261744966443,0.008389261744966443,0.15268456375827816,0.011744966442953019,0.008389261744966443,0.0016778523489932886,0.011744966442953019,0.005033557046979865,0.006711409395973154,0.258,0.3271812080536913,0.4269662921348314,0.7541475001885227,0.2757009345794392,15.268456375838928,8.389261744966444,543,604,140,0.26490066225165565,0.7857142857142857,0.20714285714285716,0.007142857142857143,0.033112582781456956,0.13410596026490065,0.152317880794702,0.07947019867549669,0.006622516556291391,0.13741721854304637,0.006622516556291391,0.008278145695364239,0.0,0.04966887417218543,0.0033112582781456954,0.046357615894039736,0.295,0.353,0.462,0.816,0.315,13.699999999999998,7.9
181,190,Adolis Garcia,TEX,143,493.8319605,547.0,87.41186161449752,0.2042833607907743,0.7422680412201512,0.2371134020618557,0.02061855670103093,0.04448105436573312,0.12520593080724876,0.12355848434925865,0.07907742998352554,0.003294892915980231,0.28171334431630973,0.009884678747940693,0.008237232289950578,0.0,0.019769357495881386,0.006589785831960462,0.013179571663920923,0.226,0.2932454695222405,0.4233576642335766,0.7166031337558172,0.2732394366197183,28.171334431630974,7.907742998352553,507,547,96,0.21023765996343693,0.7083333333333334,0.2916666666666667,0.0,0.03473491773308958,0.10603290676416818,0.13711151736745886,0.051188299817184646,0.0018281535648994515,0.24680073126142596,0.009140767824497258,0.012797074954296161,0.0,0.02376599634369287,0.007312614259597806,0.016453382084095063,0.227,0.271,0.394,0.665,0.267,24.7,5.1
182,191,Michael Massey,KCR,117,253.76774193548388,277.0,53.01720430131183,0.22150537634408604,0.7191011235395651,0.2696629213471114,0.022471910112259283,0.030107526880866427,0.10967741935483871,0.12043010752688173,0.05806451612903227,0.002150537634408602,0.1956989247311828,0.010752688172043012,0.008602150537634409,0.004301075268817204,0.010752688172043012,0.004301075268817204,0.0064516129032258064,0.243,0.2922077922077922,0.4084507042253521,0.7006584964331444,0.2738461538461538,19.56989247311828,5.806451612903226,262,277,61,0.23104693140794225,0.8524590163934426,0.14754098360655737,0.0,0.010830324909747292,0.07220216606498195,0.07220216606498195,0.032490974729241874,0.0,0.1552346570397112,0.0036101083032490976,0.01444043321299639,0.0036101083032490976,0.007220216606498195,0.0036101083032490976,0.0036101083032490976,0.244,0.268,0.313,0.581,0.277,15.5,3.2
183,192,Tyler Fitzgerald,SFG,133,222.4454887218045,243.0,44.30639097744361,0.2105263157894737,0.7216494845360825,0.22680412371134018,0.041237113402061855,0.02819548872180451,0.12030075187969926,0.09774436090225565,0.06203007518796993,0.0,0.31203007518796994,0.013157894736842106,0.005639097744360902,0.0037593984962406017,0.03383458646616541,0.0075187969924812035,0.026315789473684213,0.229,0.2867924528301886,0.3819301848049281,0.6687226376351167,0.313915858,31.20300751879699,6.203007518796992,217,243,43,0.1934156378600823,0.7441860465116279,0.23255813953488372,0.023255813953488372,0.01646090534979424,0.07818930041152264,0.05761316872427984,0.06995884773662552,0.0,0.2880658436213992,0.00823045267489712,0.00411522633744856,0.024691358024691357,0.037037037037037035,0.01646090534979424,0.0205761316872428,0.217,0.278,0.327,0.606,0.299,28.800000000000004,7.000000000000001
184,193,Yoan Moncada,LAA,110,259.8408071748879,289.0,52.48654708520178,0.21300448430493268,0.7407407407407409,0.24691358024691362,0.012345679016532107,0.03139013452914799,0.11210762331838565,0.10986547085201794,0.08520179372197309,0.002242152467128028,0.2713004484304933,0.008968609865470852,0.0067264573991031385,0.002242152467128028,0.0067264573991031385,0.002242152467128028,0.004484304932735426,0.237,0.3071748878923767,0.3965087281795511,0.7036836160719278,0.3011152416356877,27.13004484304933,8.520179372197308,248,289,46,0.20069204152249134,0.6739130434782609,0.2826086956521739,0.043478260869565216,0.04152249134948097,0.13494809688581316,0.12110726643598616,0.11072664359861592,0.0034602076124567475,0.25951557093425603,0.02422145328719723,0.006920415224913495,0.0,0.0,0.0,0.0,0.234,0.336,0.448,0.783,0.282,26.0,11.1
185,194,Ke'Bryan Hayes,PIT,125,525.2298850574713,570.0000000000001,120.11494252873563,0.23180076628352483,0.7818181818430622,0.20000000000000004,0.018181818181818184,0.021072796934865898,0.1111111111111111,0.10153256704980843,0.0632183908045977,0.0,0.19157088122605362,0.005747126436781609,0.007662835249042145,0.0019157088122605365,0.02490421455938697,0.009578544061302681,0.01532567049808429,0.251,0.3013435700575815,0.3742203742203742,0.6755639442779557,0.2941176470588235,19.15708812260537,6.321839080459771,527,570,119,0.21754385964912282,0.8403361344537815,0.13445378151260504,0.025210084033613446,0.008771929824561403,0.08771929824561403,0.08596491228070176,0.06315789473684211,0.0017543859649122807,0.19473684210526315,0.008771929824561403,0.0017543859649122807,0.0017543859649122807,0.021052631578947368,0.005263157894736842,0.015789473684210527,0.235,0.29,0.306,0.595,0.289,19.5,6.3
186,197,Lourdes Gurriel Jr.,ARI,133,504.075,546.0,120.9,0.25,0.7741935483870966,0.21774193548387094,0.016129032258064516,0.02857142857142857,0.11964285714285715,0.1285714285714286,0.05714285714285714,0.0,0.1767857142857143,0.008928571428571428,0.008928571428571428,0.0,0.010714285714285714,0.0035714285714285713,0.007142857142857143,0.271,0.3166368515205724,0.425531915,0.7421687664141895,0.3046683046683047,17.67857142857143,5.714285714285714,500,546,105,0.2271062271062271,0.7523809523809524,0.22857142857142856,0.01904761904761905,0.0347985347985348,0.09523809523809523,0.14652014652014653,0.056776556776556776,0.0,0.1391941391941392,0.01098901098901099,0.016483516483516484,0.0,0.018315018315018316,0.007326007326007326,0.01098901098901099,0.248,0.295,0.418,0.713,0.254,13.900000000000002,5.7
187,198,Ryan O'Hearn,BAL,103,490.6934673366834,544.0,110.71356783919597,0.23618090452261306,0.7407407407407407,0.2345679012345679,0.024691358024691357,0.032663316582914576,0.12060301507537688,0.12311557788944721,0.08040201005025126,0.002512562814070352,0.17839195979899497,0.007537688442211055,0.007537688442211055,0.002512562814070352,0.007537688442211055,0.002512562814070352,0.005025125628140704,0.261,0.3249370277078086,0.4345403899721448,0.7594774176799535,0.2913669064748201,17.839195979899497,8.040201005025125,474,544,116,0.24448529411764705,0.8103448275862069,0.1810344827586207,0.008620689655172414,0.03125,0.12316176470588236,0.11580882352941177,0.10661764705882353,0.007352941176470588,0.20036764705882354,0.014705882352941176,0.007352941176470588,0.0,0.0055147058823529415,0.001838235294117647,0.003676470588235294,0.281,0.366,0.437,0.803,0.33,20.0,10.7
188,199,Alex Verdugo,,99,192.57534246575344,213.0,44.73972602739726,0.23515981735159816,0.75,0.2282608695652174,0.010869565217391304,0.02511415525114155,0.10958904109589042,0.11187214611872147,0.0776255707762557,0.00228310502283105,0.15068493150234744,0.006849315068493151,0.0091324200913242,0.00228310502283105,0.006849315068493151,0.00228310502283105,0.0045662100456621,0.259,0.3203661327231121,0.398989899,0.7193560317130112,0.2848297213622291,15.068493150684931,7.762557078,197,213,47,0.22065727699530516,0.7872340425531915,0.2127659574468085,0.0,0.0,0.09859154929577464,0.056338028169014086,0.06572769953051644,0.0,0.14553990610328638,0.009389671361502348,0.0,0.0,0.004694835680751174,0.0,0.004694835680751174,0.239,0.296,0.289,0.585,0.283,14.6,6.6000000000000005
189,200,Jesus Sanchez,MIA,134,445.9065420560748,497.0,92.89719626168225,0.2224299065420561,0.75,0.23,0.019999999999999997,0.03551401869158879,0.1177570093457944,0.12149532710280374,0.08598130841121496,0.005607476635514019,0.2560747663551402,0.009345794392523366,0.005607476635514019,0.0018691588785046728,0.016822429906542057,0.003738317757009346,0.013084112149532711,0.247,0.3183520599250936,0.4229166666666666,0.7412687265917604,0.3058103975535168,25.607476635514026,8.598130841121495,451,497,93,0.2152917505030181,0.7311827956989247,0.22580645161290322,0.043010752688172046,0.028169014084507043,0.1227364185110664,0.096579476861167,0.08450704225352113,0.002012072434607646,0.22132796780684105,0.004024144869215292,0.004024144869215292,0.0,0.026156941649899398,0.006036217303822937,0.02012072434607646,0.237,0.304,0.395,0.699,0.283,22.1,8.5
190,201,Miguel Vargas,CHW,104,505.1471321695761,569.0,102.16458852867831,0.2094763092269327,0.7222222222222223,0.26388888888888884,0.01388888888888889,0.02992518703241896,0.11471321695957822,0.10972568578553617,0.09226932668329177,0.0,0.2119700748129676,0.009975062344139652,0.00748129675810474,0.002493765586034913,0.019950124688279305,0.004987531172069826,0.01496259351620948,0.236,0.3125,0.3960674157303371,0.7085674157303371,0.2748091603053435,21.19700748129676,9.226932668329177,504,569,102,0.20738137082601055,0.6666666666666666,0.3137254901960784,0.0196078431372549,0.028119507908611598,0.140597539543058,0.1054481546572935,0.0984182776801406,0.0,0.1757469244288225,0.01054481546572935,0.005272407732864675,0.0,0.01054481546572935,0.0,0.01054481546572935,0.234,0.316,0.401,0.717,0.261,17.6,9.8
192,204,Ramon Urias,BAL,79,354.1380471380471,390.99999999999994,73.72390572390572,0.2154882154882155,0.7857142857142857,0.21428571428571427,0.017857142857142856,0.02693602693602694,0.10774410774410775,0.10774410774410775,0.0707070707070707,0.0,0.22222222222222224,0.01346801346801347,0.006734006734006735,0.0033670033670033673,0.0033670033670033673,0.0033670033670033673,0.0,0.24,0.3006756756756756,0.3828996282527881,0.6835753039284638,0.2842639593908629,22.22222222222222,7.070707071,352,391,74,0.21739130434782608,0.7702702702702703,0.22972972972972974,0.0,0.028132992327365727,0.08439897698209718,0.11253196930946291,0.06905370843989769,0.0,0.22506393861892582,0.005115089514066497,0.02557544757033248,0.0,0.0076726342710997444,0.0,0.0076726342710997444,0.241,0.292,0.384,0.675,0.281,22.5,6.9
193,206,Alek Thomas,ARI,85,429.79099678456595,469.0,99.53054662404824,0.23151125401929262,0.7272727272708711,0.2272727272721472,0.030303030302952963,0.019292604501066096,0.11575562700964631,0.10932475884244373,0.06752411575562701,0.003215434083601286,0.1993569131769723,0.006430868167202572,0.006430868167202572,0.003215434083601286,0.022508038585209004,0.006430868167202572,0.01607717041800643,0.251,0.3064516129032258,0.3789473684210526,0.6853989813242785,0.3013698630136986,19.935691318327976,6.752411575562702,433,469,99,0.2302771855010661,0.7777777777777778,0.1919191919191919,0.030303030303030304,0.019189765458422176,0.10874200426439233,0.08102345415778252,0.04477611940298507,0.0,0.2601279317697228,0.010660980810234541,0.008528784648187633,0.01279317697228145,0.014925373134328358,0.008528784648187633,0.006396588486140725,0.249,0.289,0.37,0.659,0.324,26.0,4.5
194,207,Ernie Clement,TOR,89,552.4712990936556,588.0,129.6797583081571,0.24169184290030213,0.7671232876712331,0.21917808219178084,0.013698630136986302,0.021148036253776436,0.10876132930513596,0.10271903323129251,0.03625377643504532,0.0,0.10271903323129251,0.006042296072507553,0.00906344410876133,0.006042296072507553,0.021148036253776436,0.006042296072507553,0.015105740181268883,0.256,0.2865853658536585,0.382636655948553,0.6692220218022116,0.2673992673992674,10.27190332326284,3.625377643504532,545,588,142,0.2568027210884354,0.7394366197183099,0.24647887323943662,0.014084507042253521,0.015306122448979591,0.141156462585034,0.08503401360544217,0.04591836734693878,0.0017006802721088435,0.10374149659863946,0.006802721088435374,0.008503401360544218,0.011904761904761904,0.01020408163265306,0.008503401360544218,0.0017006802721088435,0.277,0.313,0.398,0.711,0.296,10.4,4.6
195,208,Luis Arraez,SDP,147,623.5614307931571,675.0000000000001,185.80870917573878,0.27682737169517885,0.8079096045197738,0.1694915254237288,0.016949152542372878,0.001555209953343701,0.10575427682962961,0.09486780715396578,0.057542768273716946,0.0077760497667185065,0.04665629860031104,0.0077760497667185065,0.0077760497667185065,0.0031104199066874024,0.010886469674074072,0.004665629860031104,0.006220839813374805,0.299,0.3432137285491419,0.3636363636363636,0.7068500921855057,0.3116197183098591,4.665629860031104,5.7542768273716955,620,675,173,0.26814814814814814,0.8034682080924855,0.17341040462427745,0.023121387283236993,0.011851851851851851,0.09777777777777778,0.09037037037037036,0.05037037037037037,0.0,0.03111111111111111,0.002962962962962963,0.01037037037037037,0.017777777777777778,0.016296296296296295,0.005925925925925926,0.01037037037037037,0.292,0.327,0.392,0.719,0.289,3.1,5.0
196,209,Michael Busch,CHC,134,521.0889292196008,592.0,98.84573502722324,0.20145190562613433,0.7282608695652174,0.25,0.021739130434782608,0.03448275862068966,0.11252268602540837,0.1252268602540835,0.09800362976406533,0.0018148820326678767,0.279491833030853,0.012704174228675136,0.007259528130671507,0.0,0.0054446460980036296,0.0018148820326678767,0.0036297640653357535,0.229,0.3127272727272727,0.4020618556701031,0.7147891283973759,0.2911392405063291,27.949183303085302,9.800362976406534,524,592,103,0.23141891891891891,0.7087378640776699,0.24271844660194175,0.04854368932038835,0.057432432432432436,0.13175675675675674,0.15202702702702703,0.0945945945945946,0.0033783783783783786,0.23479729729729729,0.016891891891891893,0.0033783783783783786,0.0,0.006756756756756757,0.0,0.006756756756756757,0.261,0.343,0.523,0.866,0.292,23.5,9.5
197,210,Luke Raley,SEA,118,193.91629955947135,219.0,34.24889867841409,0.19603524229074887,0.7464788732394367,0.22535211267579913,0.02816901408450704,0.03964757709251101,0.11894273127753305,0.11674008810572688,0.07268722466960352,0.002202643171806167,0.3105726872246696,0.033039647575342466,0.006607929515418502,0.004405286343612334,0.02422907488986784,0.004405286343612334,0.019823788546255505,0.221,0.3024282560706401,0.4054726368159204,0.7079008928865606,0.2886178861788618,31.05726872246696,7.268722466960352,183,219,33,0.1689497716894977,0.7575757575757576,0.24242424242424243,0.0,0.0182648401826484,0.1050228310502283,0.0867579908675799,0.0867579908675799,0.0,0.2922374429223744,0.0593607305936073,0.0045662100456621,0.0136986301369863,0.0091324200913242,0.0045662100456621,0.0045662100456621,0.202,0.319,0.311,0.631,0.284,29.2,8.7
198,211,Kristian Campbell,BOS,70,235.69896193771623,263.0,54.60207612456747,0.23183391003460205,0.7666666666666667,0.21666666666666667,0.016666666666666666,0.02422145328719723,0.12110726643598616,0.10726643598615916,0.08304498269896193,0.0034602076124567466,0.23183391003460205,0.013840830449826988,0.006920415224913494,0.0034602076124567466,0.020761245674740483,0.0034602076124567466,0.017301038062283735,0.258,0.328719723,0.3976833976833976,0.7264031208667887,0.320855614973262,23.18339100346021,8.304498269896193,229,263,45,0.19391634980988592,0.7777777777777778,0.2222222222222222,0.0,0.022813688212927757,0.09125475285171103,0.07984790874524715,0.11026615969581749,0.0,0.2737642585551331,0.015209125475285171,0.0038022813688212928,0.0,0.0076045627376425855,0.0038022813688212928,0.0038022813688212928,0.223,0.319,0.345,0.664,0.296,27.399999999999995,11.0
199,212,Kyle Isbel,KCR,122,371.8181818181818,409.0,77.08425720809313,0.21064301552567238,0.7411764705701135,0.2235294117592406,0.03529411764619588,0.02217294900221729,0.11751662971175166,0.09312638580931264,0.0665188470066519,0.002217294900221729,0.21507760532150777,0.011086474501108647,0.0066518847006651885,0.008869179600886918,0.03104212860310421,0.008869179600886918,0.02217294900221729,0.231,0.2901785714285714,0.3658536585365853,0.6560322299651569,0.2777777777777778,21.507760532150776,6.651884700665188,368,409,90,0.22982885085574573,0.7777777777777778,0.17777777777777778,0.044444444444444446,0.009779951100244499,0.10268948655256724,0.08068459657701711,0.05623471882640587,0.0,0.18092909535452323,0.004889975550122249,0.007334963325183374,0.03178484107579462,0.009779951100244499,0.012224938875305624,-0.0024449877750611247,0.255,0.301,0.353,0.654,0.307,18.1,5.6
200,213,LaMonte Wade Jr.,SFG,108,204.17011494252873,241.99999999999997,40.61149425287356,0.19540229885057472,0.7671232876712328,0.2191780821917808,0.0136986301369863,0.027586206896551724,0.11264367816091955,0.10114942528735633,0.12873563218390804,0.006896551724137931,0.20459770114942527,0.013793103448275862,0.006896551724137931,0.006896551724137931,0.004597701149425288,0.0022988505747126436,0.0022988505747126436,0.232,0.3402777777777778,0.3787465940054496,0.7190243717832274,0.2713754646840148,20.45977011494253,12.873563218390805,209,242,33,0.1446280991735537,0.696969696969697,0.24242424242424243,0.06060606060606061,0.008264462809917356,0.07851239669421488,0.0743801652892562,0.1115702479338843,0.004132231404958678,0.2396694214876033,0.012396694214876033,0.004132231404958678,0.008264462809917356,0.004132231404958678,0.0,0.004132231404958678,0.167,0.271,0.254,0.524,0.22,24.0,11.2
201,214,Jordan Walker,STL,127,361.1953125,396.0,78.890625,0.2265625,0.7352941176470589,0.24509803921568626,0.0196078431372549,0.02734375,0.115234375,0.11328125,0.0703125,0.001953125,0.240234375,0.01171875,0.005859375,0.0,0.015625,0.00390625,0.01171875,0.248,0.30859375,0.4004282655246253,0.7090220155246253,0.3063063063063063,24.0234375,7.03125,363,396,72,0.19696969696969696,0.8055555555555556,0.18055555555555555,0.013888888888888888,0.015151515151515152,0.10101010101010101,0.10353535353535354,0.07323232323232323,0.0025252525252525255,0.3181818181818182,0.007575757575757576,0.0025252525252525255,0.0,0.025252525252525252,0.007575757575757576,0.017676767676767676,0.215,0.278,0.306,0.584,0.31,31.8,7.3
202,215,Edouard Julien,MIN,81,178.37974683544303,208.0,35.54430379746835,0.1962025316455696,0.7777777777777778,0.2222222222222222,0.018518518518518517,0.02531645569620253,0.11708860759493668,0.09493670886075949,0.12658227848101264,0.0031645569620253164,0.31329113924050633,0.009493670886075948,0.006329113924050633,0.0,0.012658227848101266,0.0031645569620253164,0.009493670886075948,0.23,0.3322784810126582,0.3726937269372694,0.7049722079499277,0.3253012048192771,31.329113924050635,12.658227848101266,182,208,37,0.19230769230769232,0.7297297297297297,0.2702702702702703,0.0,0.014423076923076924,0.0625,0.057692307692307696,0.10576923076923077,0.0,0.2932692307692308,0.009615384615384616,0.004807692307692308,0.004807692307692308,0.0,0.014423076923076924,-0.014423076923076924,0.22,0.309,0.324,0.633,0.311,29.299999999999997,10.6
206,219,Jose Caballero,TBR,82,333.961039,370.0,64.87012987022078,0.19805194805194806,0.7407407407397026,0.2222222222219108,0.018518518518492566,0.022727272727027025,0.1266233766233766,0.08116883116883117,0.06493506493506493,0.0,0.25324675324324325,0.022727272727027025,0.006493506493506494,0.003246753246753247,0.07142857142857144,0.01948051948051948,0.05194805194805195,0.219,0.2866449511400651,0.3417266187050359,0.6283715698451011,0.2769230769230769,25.32467532467532,6.493506493506493,314,370,69,0.2,0.7246376811594203,0.2608695652173913,0.014492753623188406,0.013513513513513514,0.14054054054054055,0.0972972972972973,0.12702702702702703,0.0,0.2648648648648649,0.008108108108108109,0.005405405405405406,0.010810810810810811,0.13243243243243244,0.02972972972972973,0.10270270270270271,0.236,0.339,0.347,0.686,0.324,26.5,12.7
207,220,Nathaniel Lowe,WSN,141,531.7157360406092,609.0,120.56345177664974,0.21827411167512692,0.7948717948717949,0.18803418803418803,0.017094017094017096,0.020304568527918784,0.10659898477157362,0.10321489001692048,0.11336717428087986,0.0033840947546531306,0.21658206429780036,0.006768189509306261,0.006768189509306261,0.0016920473773265657,0.0033840947546531306,0.0016920473773265657,0.0016920473773265657,0.25,0.338409475,0.3701550387596899,0.708564514,0.3078947368421053,21.658206429780034,11.336717428087988,540,609,105,0.2019704433497537,0.7523809523809524,0.21904761904761905,0.02857142857142857,0.029556650246305417,0.10509031198686371,0.13793103448275862,0.10180623973727422,0.003284072249589491,0.26108374384236455,0.003284072249589491,0.008210180623973728,0.0,0.0016420361247947454,0.0,0.0016420361247947454,0.228,0.307,0.381,0.689,0.285,26.1,10.2
208,221,Jeff McNeil,NYM,121,419.3100616016427,462.0,93.91786447638603,0.2197125256673511,0.7575757575757576,0.2222222222222222,0.0202020202020202,0.016427104722792605,0.10061601642710472,0.0944558521560575,0.06570841889117042,0.002053388090349076,0.135523613963039,0.018480492813141684,0.006160164271047227,0.002053388090349076,0.006160164271047227,0.002053388090349076,0.004106776180698151,0.242,0.3045267489711934,0.3552036199095023,0.6597303688806957,0.2668463611859838,13.552361396303905,6.570841889117044,399,462,85,0.20995670995670995,0.6941176470588235,0.24705882352941178,0.058823529411764705,0.025974025974025976,0.09090909090909091,0.11688311688311688,0.10606060606060606,0.008658008658008658,0.11904761904761904,0.017316017316017316,0.008658008658008658,0.004329004329004329,0.006493506493506494,0.0,0.006493506493506494,0.243,0.335,0.411,0.746,0.253,11.9,10.6
209,222,Trent Grisham,NYY,61,497.6278027,581.0,78.1614349775785,0.1793721973094171,0.7333333333333333,0.2666666666666666,0.033333333333333326,0.044843049327354265,0.12556053811659193,0.11210762331838565,0.11659192825112108,0.004484304932735426,0.27802690582959644,0.013452914798206279,0.004484304932735426,0.008968609865470852,0.022421524663677132,0.004484304932735426,0.017937219730941704,0.21,0.3122171945701357,0.4240837696335078,0.7363009642036435,0.25,27.802690582959645,11.659192825112108,494,581,82,0.19965576592082615,0.8780487804878049,0.10975609756097561,0.012195121951219513,0.058519793459552494,0.14974182444061962,0.12736660929432014,0.14113597246127366,0.0,0.23580034423407917,0.0068846815834767644,0.0017211703958691911,0.0,0.0051635111876075735,0.0034423407917383822,0.0017211703958691911,0.235,0.348,0.464,0.811,0.253,23.6,14.099999999999998
210,223,Dillon Dingler,DET,65,430.2396694214876,469.0,83.33471074380164,0.20247933884297517,0.7209302325581397,0.2325581395348838,0.023255813954380925,0.024793388429752067,0.09917355371900827,0.10743801652892561,0.061983471066098084,0.0,0.28099173553719015,0.016528925620469082,0.008264462810234541,0.0,0.0041322314051172706,0.0,0.0041322314051172706,0.222,0.279835390946502,0.3513513513513513,0.6311867422978534,0.2866666666666667,28.09917355371901,6.198347107438017,435,469,108,0.2579957356076759,0.7870370370370371,0.19444444444444445,0.018518518518518517,0.02771855010660981,0.11513859275053305,0.12153518123667377,0.04904051172707889,0.0042643923240938165,0.2345415778251599,0.019189765458422176,0.0021321961620469083,0.0,0.0,0.0,0.0,0.278,0.327,0.425,0.752,0.345,23.5,4.9
211,224,Andrew Benintendi,CHW,113,422.89978678038375,470.0,95.20255863539445,0.22601279317697226,0.7684210526315789,0.21052631578947364,0.021052631578947368,0.02345415778251599,0.10660980810234541,0.10234541577825158,0.08528784648187632,0.0042643923240938165,0.16417910447761194,0.0042643923240938165,0.008528784648187633,0.0021321961620469083,0.012793176972281448,0.0042643923240938165,0.008528784648187633,0.251,0.3162393162393162,0.3862559241706161,0.7024952404099323,0.2810650887573964,16.417910447761194,8.528784648187633,420,470,81,0.2148936170212766,0.7777777777777778,0.19753086419753085,0.024691358024691357,0.0425531914893617,0.12127659574468085,0.13404255319148936,0.0851063829787234,0.00425531914893617,0.17446808510638298,0.006382978723404255,0.01276595744680851,0.0,0.002127659574468085,0.0,0.002127659574468085,0.24,0.307,0.431,0.738,0.25,17.4,8.5
212,225,Jonathan Aranda,TBR,104,374.525,422.0,74.905,0.215,0.7464788732394366,0.23943661971830985,0.01408450704225352,0.0375,0.11499999999999999,0.1275,0.09,0.0025,0.2525,0.015,0.0075,0.0,0.0,0.0,0.0,0.241,0.32,0.4225352112676056,0.7425352112676056,0.2933884297520661,25.25,9.0,370,422,103,0.2772511848341232,0.7864077669902912,0.21359223300970873,0.0,0.03317535545023697,0.13270142180094788,0.13981042654028436,0.0971563981042654,0.0071090047393364926,0.25355450236966826,0.018957345971563982,0.0071090047393364926,0.0,0.0,0.004739336492890996,-0.004739336492890996,0.316,0.393,0.489,0.883,0.409,25.4,9.7
214,227,Michael Conforto,LAD,116,425.1210191082803,486.0,81.51592356687897,0.2038216560509554,0.7594936708860761,0.22784810126582283,0.012658227848101267,0.036093418259023353,0.12101910828025478,0.12738853503184713,0.09978768577494693,0.004246284501061571,0.22929936305732485,0.014861995753715499,0.008492569002123142,0.0,0.0021231422505307855,0.0,0.0021231422505307855,0.234,0.3191489361702128,0.4053398058252427,0.7244887419954555,0.2714776632302405,22.92993630573249,9.978768577494693,418,486,71,0.17078189300411523,0.7183098591549296,0.28169014084507044,0.0,0.024691358024691357,0.1111111111111111,0.07407407407407407,0.11522633744855967,0.0,0.24897119341563786,0.018518518518518517,0.006172839506172839,0.0,0.00205761316872428,0.0,0.00205761316872428,0.199,0.305,0.333,0.637,0.247,24.9,11.5
215,229,Tyler Soderstrom,ATH,135,564.9090909,624.0,104.0,0.20643939393939392,0.75,0.25,0.011363636363636366,0.03977272727272728,0.10984848484848485,0.11931818181818181,0.07765151515151517,0.003787878787878789,0.27462121212121215,0.00946969696969697,0.007575757575757576,0.0,0.003787878787878789,0.0,0.003787878787878789,0.229,0.2935606060606061,0.4121338912133891,0.7056944972739951,0.2784810126582278,27.46212121212121,7.765151515151516,561,624,130,0.2483974358974359,0.7307692307692307,0.26153846153846155,0.007692307692307693,0.04006410256410257,0.1201923076923077,0.14903846153846154,0.08814102564102565,0.003205128205128205,0.22596153846153846,0.009615384615384616,0.003205128205128205,0.0,0.01282051282051282,0.004807692307692308,0.008012820512820512,0.276,0.346,0.474,0.82,0.327,22.6,8.8
216,230,Josh Rojas,CHW,101,186.7780612244898,210.99999999999997,38.755102040816325,0.20408163265306126,0.7777777777777777,0.20833333333333331,0.027777777777777783,0.020408163265306124,0.10969387755102042,0.08673469387755103,0.09438775510204082,0.0025510204081632655,0.21683673469387757,0.005102040816326532,0.007653061224489797,0.007653061224489797,0.02806122448979592,0.007653061224489797,0.020408163265306124,0.232,0.3059125964010283,0.3573487031700288,0.6632612995710572,0.2801556420233463,21.683673469387756,9.43877551020408,189,211,32,0.16113744075829384,0.71875,0.28125,0.0,0.009478672985781991,0.06635071090047394,0.052132701421800945,0.09004739336492891,0.0,0.22748815165876776,0.0,0.009478672985781991,0.004739336492890996,0.018957345971563982,0.004739336492890996,0.014218009478672985,0.18,0.252,0.259,0.512,0.227,22.7,9.0
217,231,Chase Meidroth,CHW,60,444.9795081967213,505.0,103.48360655737706,0.21721311475409838,0.7799999999540593,0.19999999999999998,0.019999999999999997,0.012295081967213115,0.10655737704918032,0.0819672131147541,0.09836065573770492,0.0,0.1721311475409836,0.012295081967213115,0.004098360655737705,0.0,0.01639344262295082,0.004098360655737705,0.012295081967213115,0.248,0.3292181069958848,0.3441860465116279,0.6734041535075127,0.2923976608187134,17.21311475409836,9.836065573770492,450,505,109,0.22574257425742575,0.8623853211009175,0.13761467889908258,0.0,0.009900990099009901,0.10693069306930693,0.04554455445544554,0.0891089108910891,0.0,0.14257425742574256,0.011881188118811881,0.0019801980198019802,0.005940594059405941,0.027722772277227723,0.007920792079207921,0.019801980198019802,0.253,0.329,0.32,0.649,0.291,14.3,8.9
218,233,Giancarlo Stanton,NYY,91,251.5759162303665,281.0,39.72251309246073,0.20157068064056938,0.7592592591932106,0.22222222220289095,0.0,0.060209424083769635,0.12303664921465969,0.1544502617801047,0.09162303664921466,0.005235602094240836,0.3010471204188482,0.005235602094240836,0.005235602094240836,0.0,0.0,0.0,0.0,0.224,0.2992125984251969,0.4590643274853801,0.758276926,0.2621359223300971,30.104712041884817,9.162303664921463,249,281,44,0.24199288256227758,0.8181818181818182,0.18181818181818182,0.0,0.08540925266903915,0.12811387900355872,0.23487544483985764,0.10320284697508897,0.010676156583629894,0.3416370106761566,0.0035587188612099642,0.0035587188612099642,0.0,0.0,0.0,0.0,0.273,0.35,0.594,0.944,0.338,34.2,10.3
219,235,Ceddanne Rafaela,BOS,109,553.108545,587.0,117.94226327944574,0.2240184757505774,0.7471264367816092,0.2183908045977011,0.034482758620689655,0.023094688221709007,0.11778290993071593,0.09930715935334873,0.03695150115843271,0.0,0.25635103926097,0.011547344110854504,0.006928406466512702,0.0023094688221709007,0.03695150115843271,0.009237875288683603,0.02771362586605081,0.237,0.2731481481481481,0.3725490196078431,0.6456971677559913,0.3,25.635103926096996,3.695150115473441,546,587,120,0.23168654173764908,0.6833333333333333,0.2833333333333333,0.03333333333333333,0.027257240204429302,0.14310051107325383,0.10732538330494037,0.04770017035775128,0.0,0.19931856899488926,0.013628620102214651,0.0034071550255536627,0.005110732538330494,0.034071550255536626,0.008517887563884156,0.02555366269165247,0.249,0.295,0.414,0.708,0.289,19.9,4.8
220,236,Mitch Garver,SEA,80,251.33333333333331,290.0,39.58730158730158,0.1746031746031746,0.744186046511628,0.23255813953488375,0.0,0.03809523809523809,0.10476190476190475,0.12380952380952381,0.1111111111111111,0.0,0.29206349206896554,0.012698412698412698,0.006349206349206349,0.0,0.0031746031746031746,0.0,0.0031746031746031746,0.202,0.2993630573248407,0.3663003663003663,0.665663424,0.2514619883040935,29.20634920634921,11.11111111111111,254,290,44,0.18275862068965518,0.8636363636363636,0.11363636363636363,0.022727272727272728,0.03103448275862069,0.1,0.10344827586206896,0.10344827586206896,0.0034482758620689655,0.27586206896551724,0.010344827586206896,0.010344827586206896,0.0,0.010344827586206896,0.0,0.010344827586206896,0.209,0.297,0.343,0.639,0.262,27.6,10.3
221,237,Gavin Lux,CIN,113,450.41363636363633,502.99999999999994,101.7431818181818,0.22727272727272727,0.7415730337078652,0.22471910112359553,0.022471910112359553,0.025,0.1159090909090909,0.1090909090909091,0.09318181818181819,0.0022727272727272726,0.2204545454545455,0.004545454545454545,0.006818181818181819,0.0,0.01590909090909091,0.004545454545454545,0.0113636363638171,0.253,0.325,0.3959390862944162,0.7209390862944163,0.3079584775086505,22.045454545454547,9.318181818181818,446,503,115,0.23856858846918488,0.7391304347826086,0.24347826086956523,0.017391304347826087,0.009940357852882704,0.09741550695825049,0.10536779324055666,0.11133200795228629,0.0,0.22664015904572565,0.0,0.0019880715705765406,0.0,0.0019880715705765406,0.0,0.0019880715705765406,0.269,0.35,0.374,0.724,0.351,22.7,11.1
222,238,Elias Diaz,SDP,88,259.9154078549849,283.0,51.29909365566767,0.20543806646525678,0.7999999999116136,0.19999999999969376,0.0,0.024169184289752652,0.09365558912386707,0.10574018126888217,0.060422960725075525,0.0,0.22356495468277945,0.006042296072507553,0.006042296072507553,0.0,0.0,0.0,0.0,0.224,0.274390243902439,0.3421052631578947,0.6164955070603337,0.2678571428571428,22.356495468277945,6.042296072507553,255,283,43,0.18374558303886926,0.8372093023255814,0.16279069767441862,0.0,0.03180212014134275,0.12014134275618374,0.10247349823321555,0.07420494699646643,0.0,0.26148409893992935,0.007067137809187279,0.0,0.0176678445229682,0.0,0.0,0.0,0.204,0.27,0.337,0.607,0.25,26.1,7.400000000000001
223,239,Tyrone Taylor,NYM,82,314.3231292517007,341.0,62.63265306122449,0.21428571428571427,0.7037037037037038,0.2592592592592593,0.01851851851851852,0.030612244897959176,0.11564625850340136,0.10884353741935483,0.054421768709677416,0.0,0.23809523809523808,0.017006802721088437,0.006802721088435375,0.0034013605442176874,0.023809523809384163,0.006802721088435375,0.017006802721088437,0.231,0.2857142857142857,0.3874538745387454,0.6731681602530311,0.2783505154639175,23.809523809523807,5.442176870748299,310,341,67,0.20234604105571846,0.6865671641791045,0.26865671641791045,0.04477611940298507,0.005865102639296188,0.09970674486803519,0.07917888563049853,0.0469208211143695,0.002932551319648094,0.22287390029325513,0.026392961876832845,0.005865102639296188,0.008797653958944282,0.03519061583577713,0.005865102639296188,0.02932551319648094,0.223,0.279,0.319,0.598,0.286,22.3,4.7
224,240,Tyler Freeman,CLE,42,384.1025641025641,428.0,93.28205128182053,0.2371794871794872,0.7647058823548328,0.23529411764764088,0.02941176470595511,0.01923076923130841,0.1217948717948718,0.10256410257009345,0.06410256410256411,0.0,0.14743589742990654,0.032051282051282055,0.00641025641025641,0.00641025641025641,0.032051282051282055,0.00641025641025641,0.02564102564102564,0.265,0.3333333333333333,0.4071428571428571,0.7404761904761905,0.2956521739130435,14.743589743589745,6.41025641,377,428,104,0.24766355140186916,0.7884615384615384,0.19230769230769232,0.019230769230769232,0.004672897196261682,0.11682242990654206,0.07242990654205607,0.0794392523364486,0.0,0.1191588785046729,0.02570093457943925,0.009345794392523364,0.004672897196261682,0.04205607476635514,0.02102803738317757,0.02102803738317757,0.281,0.354,0.361,0.715,0.317,11.9,7.9
225,241,Brooks Lee,MIN,104,487.2506082725061,527.0,107.70802919708031,0.22384428223844285,0.7738095237774464,0.21428571428571427,0.011904761904761902,0.019464720194647202,0.0997566909975669,0.09732360097323602,0.06082725060827251,0.004866180048661801,0.1727493917267552,0.004866180048661801,0.007299270072992701,0.0024330900243309,0.007299270072992701,0.0024330900243309,0.004866180048661801,0.242,0.2902439024390243,0.3578947368421052,0.6481386392811297,0.2763157894736842,17.27493917274939,6.082725060827251,487,527,99,0.21821631878557876,0.8383838383838383,0.15151515151515152,0.010101010101010102,0.030360531309297913,0.09487666034155598,0.12144212523719165,0.058823529411764705,0.0,0.174573055028463,0.007590132827324478,0.009487666034155597,0.0,0.0056925996204933585,0.0018975332068311196,0.003795066413662239,0.236,0.285,0.37,0.654,0.258,17.5,5.9
226,242,Jacob Young,WSN,129,331.77464788732397,364.0,79.83098591549296,0.2233400402414487,0.8165137614484826,0.14678899082568808,0.03669724770642202,0.004024144869215292,0.10865191146881288,0.060362173038229376,0.056338028169014086,0.0,0.19315895372233402,0.014084507042253521,0.006036217303822938,0.012072434607645876,0.05231388329979879,0.012072434607645876,0.04024144869215292,0.244,0.2973523421588595,0.3112582781456953,0.6086106203045548,0.3044692737430167,19.31589537,5.633802816901409,324,364,73,0.20604395604395603,0.8493150684931506,0.136986301369863,0.0136986301369863,0.005494505494505495,0.09340659340659341,0.08516483516483517,0.07417582417582418,0.0,0.17857142857142858,0.008241758241758242,0.0027472527472527475,0.024725274725274724,0.04120879120879121,0.03021978021978022,0.01098901098901099,0.231,0.296,0.287,0.583,0.283,17.9,7.400000000000001
227,243,Ramon Laureano,BAL,70,439.0185873605949,488.0,85.2639405204461,0.20817843866171004,0.7659574468085107,0.23404255319148937,0.021276595744680854,0.033457249070631974,0.12267657992565055,0.11524163568773234,0.06691449814126395,0.0,0.28624535315985133,0.022304832713754646,0.007434944237918217,0.0,0.022304832713754646,0.007434944237918217,0.014869888475836432,0.232,0.2985074626865671,0.4008264462809917,0.6993339089675589,0.2974683544303797,28.624535315985128,6.691449814126393,441,488,100,0.2540983606557377,0.72,0.26,0.02,0.04918032786885246,0.14754098360655737,0.1557377049180328,0.07172131147540983,0.0020491803278688526,0.24385245901639344,0.01639344262295082,0.00819672131147541,0.0,0.014344262295081968,0.00819672131147541,0.006147540983606557,0.281,0.342,0.512,0.855,0.331,24.4,7.200000000000001
229,246,Colson Montgomery,CHW,104,254.0335731414868,284.0,46.99280575539568,0.1870503597122302,0.7536231884057972,0.2318840579710145,0.014492753623188406,0.02158273381294964,0.09592326139088729,0.09112709832134293,0.08393285371702638,0.004796163069544364,0.2853717026378897,0.016786570743405275,0.004796163069544364,0.0,0.009592326139088728,0.002398081534772182,0.007194244604316545,0.21,0.2877697841726618,0.3297587131367292,0.6175284973093911,0.2793522267206478,28.53717026378897,8.393285371702639,255,284,40,0.2147887323943662,0.75,0.225,0.025,0.07394366197183098,0.15140845070422534,0.1936619718309859,0.0880281690140845,0.0035211267605633804,0.29225352112676056,0.007042253521126761,0.0035211267605633804,0.0,0.0,0.0,0.0,0.239,0.311,0.529,0.84,0.263,29.2,8.8
230,247,Nolan Gorman,STL,112,358.63820224719103,402.0,58.71910112359551,0.18876404494382024,0.7384615384615385,0.24615384615384617,0.015384615392843474,0.04269662921348315,0.11235955057213931,0.13258426966292136,0.0898876404494382,0.0044943820224719105,0.3348314606741573,0.008988764044943821,0.006741573033707865,0.0,0.01123595505721393,0.0044943820224719105,0.006741573033707865,0.212,0.2882882882882883,0.4005037783375315,0.6887920666258198,0.2801724137931034,33.48314606741573,8.988764045,351,402,58,0.1791044776119403,0.7413793103448276,0.2413793103448276,0.017241379310344827,0.03482587064676617,0.11940298507462686,0.11442786069651742,0.11691542288557213,0.004975124378109453,0.3383084577114428,0.0,0.009950248756218905,0.0,0.0024875621890547263,0.0024875621890547263,0.0,0.205,0.296,0.37,0.666,0.283,33.8,11.7
231,252,Luis Urias,ATH,63,291.2608695652174,330.0,53.08695652173913,0.19130434782608696,0.7567567567567567,0.24324324324324323,0.0,0.03043478260869565,0.10434782608695652,0.10434782608695652,0.08695652173913043,0.0,0.23043478260869565,0.021739130434782608,0.004347826086956522,0.0,0.004347826086956522,0.004347826086956522,0.0,0.217,0.3013100436681222,0.3645320197044335,0.6658420633725557,0.2569444444444444,23.043478260869566,8.695652173913043,287,330,58,0.2,0.8793103448275862,0.1206896551724138,0.0,0.024242424242424242,0.08181818181818182,0.07575757575757576,0.09393939393939393,0.0,0.13636363636363635,0.01818181818181818,0.00909090909090909,0.0,0.006060606060606061,0.0030303030303030303,0.0030303030303030303,0.23,0.315,0.338,0.653,0.245,13.6,9.4
232,254,Orlando Arcia,ATL,125,195.8790322580645,214.0,39.69354838693549,0.20967741935483872,0.7826086956553538,0.20652173912721056,0.01086956521743547,0.024193548387850466,0.1028225806451613,0.10685483870967742,0.06653225806451613,0.0,0.20967741935483872,0.006048387096774194,0.006048387096774194,0.0020161290322580645,0.0020161290322580645,0.0020161290322580645,0.0,0.229,0.2839756592292089,0.3546255506607929,0.6386012098900018,0.2697947214076246,20.967741935483872,6.653225806451612,203,214,38,0.19158878504672897,0.7894736842105263,0.18421052631578946,0.02631578947368421,0.014018691588785047,0.06074766355140187,0.06074766355140187,0.04672897196261682,0.0,0.21962616822429906,0.0,0.004672897196261682,0.0,0.0,0.004672897196261682,-0.004672897196261682,0.202,0.238,0.291,0.529,0.247,22.0,4.7
233,255,Edgar Quero,CHW,48,362.7,403.0,80.6,0.22777777777777777,0.7500000000000001,0.25,0.0,0.02777777777777778,0.11111111111111112,0.11111111111111112,0.07777777777777778,0.0,0.18333333333333335,0.016666666666666666,0.005555555555555556,0.0,0.005555555555555556,0.0,0.005555555555555556,0.254,0.3222222222222222,0.4012345679012346,0.7234567901234568,0.288,18.333333333333332,7.777777777777778,365,403,93,0.24317617866004962,0.8172043010752689,0.1827956989247312,0.0,0.01240694789081886,0.07692307692307693,0.08933002481389578,0.0794044665012407,0.0,0.1761786600496278,0.009925558312655087,0.004962779156327543,0.0,0.0,0.0024813895781637717,-0.0024813895781637717,0.268,0.333,0.356,0.689,0.32,17.6,7.9
234,256,Mickey Moniak,LAA,84,426.9569230769231,461.0,76.59692307692308,0.20615384615384616,0.7037037037037036,0.25925925925925924,0.037037037037037035,0.04,0.11692307692307692,0.11692307692307692,0.055384615384615386,0.003076923076923077,0.28923076923076924,0.009230769230769232,0.006153846153846154,0.003076923076923077,0.018461538461538463,0.006153846153846154,0.012307692307692308,0.221,0.2716049382716049,0.4119601328903654,0.6835650711619703,0.2755102040816326,28.923076923076923,5.538461538461538,434,461,93,0.25379609544468545,0.6989247311827957,0.21505376344086022,0.08602150537634409,0.052060737527114966,0.13449023861171366,0.1475054229934924,0.04772234273318872,0.0021691973969631237,0.2386117136659436,0.004338394793926247,0.006507592190889371,0.0,0.019522776572668113,0.006507592190889371,0.013015184381778741,0.27,0.306,0.518,0.824,0.307,23.9,4.8
235,257,Javier Baez,DET,83,403.6920731707317,437.0,81.27134146341464,0.21341463414634146,0.7704918032786884,0.21311475409836064,0.016393442622950817,0.027439024390243903,0.10670731707317073,0.10670731707317073,0.04573170731707317,0.0,0.24085365853658536,0.012195121951219513,0.006097560975609756,0.0,0.021341463414634148,0.006097560975609756,0.01524390243902439,0.232,0.2746913580246913,0.3696369636963696,0.6443283217210609,0.2811059907834101,24.085365853658537,4.573170731707317,417,437,95,0.2448512585812357,0.7894736842105263,0.17894736842105263,0.031578947368421054,0.02745995423340961,0.12585812356979406,0.13043478260869565,0.02288329519450801,0.0,0.2494279176201373,0.013729977116704805,0.006864988558352402,0.0,0.011441647597254004,0.002288329519450801,0.009153318077803204,0.257,0.282,0.398,0.68,0.318,24.9,2.3
236,258,Nolan Schanuel,LAA,133,485.4428571428571,564.0,114.81428571428572,0.2142857142857143,0.7982456140350878,0.17543859649122806,0.017543859649122806,0.010714285714285714,0.11071428571428571,0.07857142857142857,0.1125,0.0035714285714285713,0.1607142857142857,0.014285714285714285,0.008928571428571428,0.0035714285714285713,0.010714285714285714,0.0035714285714285713,0.007142857142857143,0.248,0.3422939068100358,0.3340248962655601,0.676318803,0.2915601023017903,16.071428571428573,11.25,488,564,117,0.22872340425531915,0.7948717948717948,0.19658119658119658,0.008547008547008548,0.02127659574468085,0.11347517730496454,0.09397163120567376,0.10460992907801418,0.0070921985815602835,0.12588652482269502,0.01773049645390071,0.0070921985815602835,0.005319148936170213,0.008865248226950355,0.0017730496453900709,0.0070921985815602835,0.264,0.353,0.389,0.742,0.286,12.6,10.5
237,259,Spencer Horwitz,PIT,101,361.3623188405797,411.0,83.39130434782606,0.22222222222222218,0.7500000000000002,0.23809523809523817,0.011904761904761908,0.01932367149758454,0.10869565217391304,0.10628019323671496,0.10144927536231883,0.0024154589371980675,0.17874396135265702,0.012077294685990338,0.007246376811594203,0.0,0.004830917874396135,0.0024154589371980675,0.0024154589371980675,0.253,0.3357487922705314,0.3791208791208791,0.7148696713914104,0.2947368421052631,17.874396135265698,10.144927536231885,364,411,88,0.24087591240875914,0.7045454545454546,0.29545454545454547,0.0,0.0267639902676399,0.13381995133819952,0.12408759124087591,0.1070559610705596,0.0024330900243309003,0.17761557177615572,0.004866180048661801,0.0024330900243309003,0.0,0.0,0.0024330900243309003,-0.0024330900243309003,0.272,0.353,0.434,0.787,0.313,17.8,10.7
238,260,Harrison Bader,MIN,87,464.3414634146341,501.0,96.22865853658537,0.21646341463414634,0.7619047618971581,0.23809523809523808,0.015873015873015872,0.024390243902439022,0.11890243902439022,0.0945121951219512,0.051829268292682924,0.0,0.2073170731707317,0.01524390243902439,0.0060975609756097554,0.0030487804878048777,0.04268292682926829,0.01524390243902439,0.027439024390243903,0.235,0.2835365853658536,0.3717105263157895,0.6552471116816432,0.2739130434782608,20.73170731707317,5.182926829268292,448,501,107,0.24750499001996007,0.7663551401869159,0.22429906542056074,0.009345794392523364,0.033932135728542916,0.1217564870259481,0.10778443113772455,0.07784431137724551,0.0,0.2714570858283433,0.021956087824351298,0.005988023952095809,0.0,0.021956087824351298,0.013972055888223553,0.007984031936127744,0.277,0.347,0.449,0.796,0.359,27.1,7.8
239,261,Trey Sweeney,DET,72,295.9261992619926,326.0,55.335793357933575,0.19557195571955718,0.7173913043478262,0.23913043478260873,0.043478260869565216,0.025830258302583023,0.1070110701107011,0.09594095940959409,0.07380073800738007,0.0036900369003690036,0.2767527675276752,0.01107011070110701,0.0036900369003690036,0.0,0.02214022140184049,0.007380073800738007,0.014760147601476014,0.214,0.2814814814814815,0.3617886178861789,0.6432700993676603,0.2787878787878788,27.67527675276753,7.380073800738007,296,326,52,0.17791411042944785,0.8461538461538461,0.11538461538461539,0.038461538461538464,0.018404907975460124,0.11042944785276074,0.09815950920245399,0.07975460122699386,0.0,0.2822085889570552,0.0,0.012269938650306749,0.0,0.009202453987730062,0.003067484662576687,0.006134969325153374,0.196,0.258,0.291,0.548,0.257,28.199999999999996,8.0
240,263,Alec Burleson,STL,118,499.65217391304344,546.0,114.17391304347827,0.23809523809523808,0.7821782178217821,0.198019801980198,0.0099009900990099,0.02898550724637681,0.10973084886128363,0.12008281573498965,0.06832298136645962,0.0020703933747412005,0.14078674948717948,0.006211180124223602,0.008281573498964802,0.0020703933747412005,0.010351966873706002,0.004140786749482401,0.006211180124223602,0.26,0.3132780082987552,0.4027149321266968,0.71599294,0.2774725274725275,14.078674948240169,6.832298136645963,497,546,126,0.26373626373626374,0.7777777777777778,0.20634920634920634,0.015873015873015872,0.03296703296703297,0.0989010989010989,0.12637362637362637,0.07142857142857142,0.0018315018315018315,0.1446886446886447,0.005494505494505495,0.007326007326007326,0.0018315018315018315,0.009157509157509158,0.0018315018315018315,0.007326007326007326,0.29,0.343,0.459,0.801,0.312,14.499999999999998,7.1
241,265,Rhys Hoskins,MIL,129,284.4710280373832,328.0,47.20747663551402,0.1869158878504673,0.7272727272727273,0.25974025974025977,0.0,0.04299065420560748,0.11028037383177572,0.14392523364485982,0.10841121493902439,0.0,0.27102803738317754,0.01308411214953271,0.007476635514018692,0.0,0.00560747663551402,0.001869158878504673,0.003738317757009347,0.216,0.3095684803001876,0.4051724137931034,0.7147408940932911,0.2566666666666666,27.102803738317753,10.841121495327103,279,328,54,0.20121951219512196,0.7592592592592593,0.2222222222222222,0.018518518518518517,0.036585365853658534,0.09146341463414634,0.13109756097560976,0.11585365853658537,0.006097560975609756,0.2774390243902439,0.01524390243902439,0.018292682926829267,0.0,0.006097560975609756,0.003048780487804878,0.003048780487804878,0.237,0.332,0.416,0.748,0.297,27.699999999999996,11.6
242,266,Austin Hays,CIN,110,382.95327102803736,416.0,80.67289719626166,0.2289719626168224,0.7349397590361447,0.2409638554216868,0.012048192771084341,0.03504672897196262,0.11214953271028037,0.12850467289719625,0.056074766355140186,0.0,0.22663551401442308,0.014018691588785047,0.007009345794392523,0.0023364485981308414,0.007009345794392523,0.0023364485981308414,0.004672897196261683,0.248,0.2997658079625293,0.416243654822335,0.7160094627848643,0.2912280701754386,22.66355140186916,5.607476635514018,380,416,86,0.24278846153846154,0.7558139534883721,0.18604651162790697,0.05813953488372093,0.036057692307692304,0.14423076923076922,0.15384615384615385,0.06971153846153846,0.004807692307692308,0.25721153846153844,0.002403846153846154,0.014423076923076924,0.0,0.016826923076923076,0.0,0.016826923076923076,0.266,0.315,0.453,0.768,0.326,25.7,7.000000000000001
243,267,Colt Keith,DET,130,427.5,468.0,96.3,0.23076923076923078,0.7476635514018691,0.21495327102803738,0.03738317757009346,0.024999999999999998,0.11153846153846154,0.10769230769230768,0.07307692307692308,0.0038461538461538464,0.20384615384615387,0.0057692307692307696,0.007692307692307693,0.0,0.009615384615384616,0.0019230769230769232,0.007692307692307693,0.252,0.3096153846153846,0.4,0.7096153846153846,0.2972222222222222,20.384615384615383,7.307692307692308,414,468,93,0.2264957264957265,0.7419354838709677,0.23655913978494625,0.021505376344086023,0.027777777777777776,0.1388888888888889,0.09615384615384616,0.10256410256410256,0.002136752136752137,0.21794871794871795,0.004273504273504274,0.008547008547008548,0.0,0.002136752136752137,0.002136752136752137,0.0,0.256,0.333,0.413,0.746,0.307,21.8,10.3
245,269,Max Kepler,PHI,111,424.16107382550337,474.0,84.83221476510066,0.21252796420581654,0.7375000000000002,0.25000000000000006,0.012500000000000002,0.03355704697986577,0.11185682326621924,0.12527964205816555,0.08501118568232663,0.0022371364653243847,0.2013422818791946,0.011185682326621925,0.006711409395973154,0.0,0.0022371364653243847,0.0,0.0022371364653243847,0.238,0.3094170403587444,0.405,0.7144170403587444,0.2684563758389262,20.13422818791946,8.501118568232663,417,474,72,0.189873417721519,0.7361111111111112,0.2638888888888889,0.0,0.0379746835443038,0.12236286919831224,0.10970464135021098,0.10126582278481013,0.006329113924050633,0.1962025316455696,0.008438818565400843,0.008438818565400843,0.002109704641350211,0.006329113924050633,0.0,0.006329113924050633,0.216,0.3,0.391,0.691,0.232,19.6,10.1
246,270,Zach McKinstry,DET,66,461.8242677824268,510.99999999999994,96.21338912133889,0.2133891213389121,0.7111111110919767,0.24444444444444446,0.04444444444444445,0.025104602510460254,0.11715481171548117,0.09623430962343096,0.0794979079497908,0.004184100418410042,0.21757322175732222,0.008368200836820085,0.008368200836820085,0.004184100418410042,0.029288702928870293,0.008368200836820085,0.020920502092050212,0.234,0.30125523,0.3888888888888889,0.690144119,0.28125,21.75732217573222,7.949790794979079,452,511,105,0.22896281800391388,0.6761904761904762,0.21904761904761905,0.10476190476190476,0.023483365949119372,0.13307240704500978,0.0958904109589041,0.09001956947162426,0.0019569471624266144,0.2172211350293542,0.0136986301369863,0.009784735812133072,0.0019569471624266144,0.03718199608610567,0.009784735812133072,0.0273972602739726,0.259,0.333,0.438,0.771,0.314,21.7,9.0
248,274,Randal Grichuk,ARI,72,270.46153846153845,293.0,57.956043956043956,0.23809523809523808,0.7222222222222222,0.25925925925925924,0.018518518518518517,0.04029304029304029,0.12087912087912088,0.1465201465201465,0.062271062271062265,0.0,0.20146520146520147,0.010989010989761093,0.007326007326007326,0.0,0.003663003663003663,0.0,0.003663003663003663,0.258,0.3102189781021898,0.4523809523809524,0.7625999304831421,0.2872340425531915,20.146520146520142,6.227106227106227,272,293,53,0.21160409556313994,0.6415094339622641,0.33962264150943394,0.018867924528301886,0.030716723549488054,0.11945392491467577,0.09215017064846416,0.05802047781569966,0.0034129692832764505,0.20819112627986347,0.0034129692832764505,0.010238907849829351,0.0,0.0,0.0034129692832764505,-0.0034129692832764505,0.228,0.273,0.401,0.674,0.259,20.8,5.8
250,276,Roman Anthony,BOS,92,270.0477453580902,303.0,58.671087532819634,0.21750663129973477,0.7260273972644425,0.24657534246716914,0.027397260274129906,0.02387267904620462,0.1193633952254642,0.10344827586206896,0.09549071618037135,0.002652519893899204,0.2493368700265252,0.005305039787798408,0.005305039787798408,0.002652519893899204,0.01856763925729443,0.005305039787798408,0.01326259946949602,0.243,0.3191489361702128,0.3898809523809524,0.7090298885511652,0.3106382978723404,24.93368700265252,9.549071618037134,257,303,67,0.24752475247524752,0.7164179104477612,0.26865671641791045,0.014925373134328358,0.026402640264026403,0.15841584158415842,0.10561056105610561,0.132013201320132,0.0,0.27722772277227725,0.0165016501650165,0.0033003300330033004,0.0,0.013201320132013201,0.0033003300330033004,0.009900990099009901,0.292,0.396,0.463,0.859,0.404,27.699999999999996,13.2
251,278,Ty France,MIN,100,439.1062801932366,489.99999999999994,98.2367149758454,0.22463768115942032,0.7831325301204819,0.20481927714039833,0.0,0.024154589371980676,0.10628019323671499,0.10869565217391305,0.06280193236714975,0.002415458937198068,0.1811594202898551,0.03140096618357487,0.007246376811594203,0.0,0.0,0.0,0.0,0.251,0.3196125907990315,0.3746630727762803,0.6942756635753118,0.28719723183391,18.115942028985508,6.280193236714976,444,490,107,0.23265306122448978,0.7663551401869159,0.2336448598130841,0.0,0.014285714285714285,0.10204081632653061,0.10612244897959183,0.044897959183673466,0.0020408163265306124,0.16938775510204082,0.04285714285714286,0.006122448979591836,0.0,0.0020408163265306124,0.0,0.0020408163265306124,0.257,0.32,0.36,0.681,0.3,16.9,4.5
252,281,Kyle Teel,CHW,48,266.9840425531915,297.0,55.29255319148936,0.2074468085106383,0.7714285714285715,0.22857142857142854,0.02857142857142857,0.02127659574468085,0.10106382978723404,0.09042553191489361,0.0851063829787234,0.0,0.25531914893617025,0.005319148936170213,0.005319148936170213,0.0,0.010638297872340425,0.0,0.010638297872340425,0.232,0.2994652406417112,0.3668639053254438,0.666329146,0.2966101694915254,25.53191489361702,8.510638298,253,297,61,0.23232323232323232,0.819672131147541,0.18032786885245902,0.0,0.026936026936026935,0.12794612794612795,0.11784511784511785,0.12457912457912458,0.0,0.25925925925925924,0.016835016835016835,0.003367003367003367,0.003367003367003367,0.010101010101010102,0.003367003367003367,0.006734006734006734,0.273,0.375,0.411,0.786,0.361,25.9,12.5
253,282,Wenceel Perez,DET,90,346.4741144414169,383.0,74.09536784803814,0.21525885558746735,0.7323943661909885,0.2253521126741503,0.04225352112640319,0.021798365122615803,0.11444141689373298,0.09264305177111716,0.07629427792915532,0.0027247956403269754,0.19346049046321526,0.005449591280653951,0.008174386920980927,0.0027247956403269754,0.027247956403269755,0.008174386920980927,0.01907356948228883,0.238,0.2986301369863013,0.3765060240963855,0.6751361610826869,0.27734375,19.346049046321525,7.629427792915531,344,383,71,0.2193211488250653,0.704225352112676,0.23943661971830985,0.056338028169014086,0.033942558746736295,0.1227154046997389,0.1122715404699739,0.08093994778067885,0.0,0.22715404699738903,0.007832898172323759,0.013054830287206266,0.0,0.020887728459530026,0.007832898172323759,0.013054830287206266,0.244,0.308,0.43,0.738,0.285,22.7,8.1
254,283,Caleb Durbin,MIL,66,456.9104478,506.0,101.95522388059702,0.2164179104477612,0.7592592592592593,0.22222222222222224,0.018518518518518517,0.014925373134328358,0.1082089552238806,0.09701492537313433,0.06716417910447761,0.003731343283582089,0.12686567164179105,0.01865671641791045,0.007462686567164178,0.003731343283582089,0.041044776119402986,0.003731343283582089,0.0373134328358209,0.24,0.3033707865168539,0.3471074380165289,0.6504782245333829,0.2621359223300971,12.686567164179104,6.7164179104477615,445,506,103,0.22529644268774704,0.7572815533980582,0.24271844660194175,0.0,0.021739130434782608,0.11857707509881422,0.10474308300395258,0.05928853754940711,0.0,0.09881422924901186,0.04743083003952569,0.007905138339920948,0.005928853754940711,0.03557312252964427,0.011857707509881422,0.023715415019762844,0.256,0.334,0.387,0.721,0.265,9.9,5.9
256,285,Freddy Fermin,KCR,78,319.3840830449827,347.0,69.6401384083045,0.2179930795847751,0.7758620689655172,0.20689655172413793,0.017241379310344824,0.017301038062283735,0.09688581314878894,0.10034602076124567,0.062283737024221436,0.0,0.1972318339100346,0.006920415224913493,0.006920415224913493,0.0034602076124567466,0.0034602076124567466,0.0,0.0034602076124567466,0.238,0.2881944444444444,0.3458646616541353,0.6340591060985797,0.2815533980582524,19.72318339100346,6.228373702422145,319,347,75,0.23054755043227665,0.8266666666666667,0.17333333333333334,0.0,0.01440922190201729,0.09221902017291066,0.07492795389048991,0.05475504322766571,0.002881844380403458,0.1873198847262248,0.005763688760806916,0.0,0.020172910662824207,0.002881844380403458,0.005763688760806916,-0.002881844380403458,0.251,0.297,0.339,0.636,0.301,18.7,5.5
257,286,Mike Tauchman,CHW,97,333.5994764397906,385.0,70.54973822002617,0.20418848167539266,0.7714285714271404,0.199999999999629,0.014285714285687784,0.020942408376623374,0.112565445026178,0.08900523560209424,0.11518324607329843,0.002617801047120419,0.21204188481675396,0.010471204188481676,0.005235602094240838,0.002617801047120419,0.015706806282722516,0.005235602094240838,0.010471204188481676,0.235,0.3307086614173228,0.3534743202416918,0.6841829816590147,0.2868852459016393,21.20418848167539,11.518324607329845,335,385,79,0.22857142857142856,0.7721518987341772,0.21518987341772153,0.012658227848101266,0.023376623376623377,0.11428571428571428,0.1038961038961039,0.11688311688311688,0.0,0.22337662337662337,0.01038961038961039,0.0025974025974025974,0.0,0.0,0.0,0.0,0.263,0.356,0.4,0.756,0.328,22.3,11.7
258,287,Javier Sanoja,MIA,49,320.37931034482756,342.0,84.51724137931035,0.25862068965517243,0.7441860465116279,0.20930232558139533,0.023255813953488372,0.01149425287356322,0.10919540230994153,0.09770114942528736,0.05172413793103448,0.00574712643678161,0.07471264367816091,0.00574712643678161,0.00574712643678161,0.00574712643678161,0.040229885057471264,0.00574712643678161,0.03448275862068965,0.274,0.3160919540229885,0.3742331288343558,0.6903250828573444,0.2885906040268456,7.471264367816093,5.172413793103448,313,342,70,0.2222222222222222,0.6285714285714286,0.3142857142857143,0.05714285714285714,0.017543859649122806,0.11695906432748537,0.1111111111111111,0.05555555555555555,0.0,0.11988304093567251,0.005847953216374269,0.011695906432748537,0.011695906432748537,0.017543859649122806,0.014619883040935672,0.0029239766081871343,0.243,0.287,0.396,0.683,0.259,12.0,5.6
259,288,Masataka Yoshida,BOS,95,185.0767263,205.0,44.56521739130435,0.24296675191815859,0.7647058823529411,0.2235294117647058,0.011764705882352941,0.025575447570332484,0.11508951406649617,0.11764705882352941,0.07672634271099744,0.0025575447570332483,0.13299232736572889,0.017902813299232736,0.005115089514066497,0.0,0.005115089514066497,0.0025575447570332483,0.0025575447570332483,0.269,0.336734694,0.4135977337110481,0.7503324275885992,0.2901023890784983,13.299232736572892,7.672634271099745,188,205,46,0.24390243902439024,0.7608695652173914,0.2391304347826087,0.0,0.01951219512195122,0.07804878048780488,0.12682926829268293,0.04878048780487805,0.0,0.11707317073170732,0.014634146341463415,0.01951219512195122,0.0,0.014634146341463415,0.0,0.014634146341463415,0.266,0.307,0.388,0.696,0.28,11.7,4.9
260,289,Taylor Walls,TBR,61,280.53097345132744,317.0,51.89823008849558,0.18141592920353983,0.7027027027027026,0.2432432432432432,0.027027027027027025,0.017699115044247787,0.11061946902654868,0.07964601769911504,0.10176991150442478,0.0,0.24778761061946905,0.004424778761061947,0.008849557522123894,0.004424778761061947,0.04424778761061947,0.01327433628318584,0.03097345132743363,0.203,0.2876106194690265,0.315,0.6026106194690266,0.2605633802816901,24.778761061946906,10.17699115044248,282,317,58,0.19558359621451105,0.7413793103448276,0.2413793103448276,0.017241379310344827,0.012618296529968454,0.11356466876971609,0.11987381703470032,0.08201892744479496,0.0,0.22082018927444794,0.0,0.01892744479495268,0.00946372239747634,0.04416403785488959,0.01892744479495268,0.025236593059936908,0.22,0.28,0.319,0.599,0.271,22.1,8.2
261,290,Lenyn Sosa,CHW,96,511.16010498687666,544.0,112.79790026246718,0.23359580052493437,0.7721518987341772,0.21518987341772153,0.012658227848101267,0.026246719160104987,0.09973753280839895,0.11023622047244094,0.04199475065616798,0.0,0.21259842519685035,0.005249343832020997,0.007874015748031496,0.005249343832020997,0.007874015748031496,0.0026246719160104987,0.005249343832020997,0.247,0.2823218997361477,0.3854748603351955,0.6677967600713433,0.2925925925925925,21.25984251968504,4.199475065616798,518,544,115,0.25183823529411764,0.8173913043478261,0.17391304347826086,0.008695652173913044,0.04044117647058824,0.10477941176470588,0.13786764705882354,0.03308823529411765,0.0,0.23345588235294118,0.007352941176470588,0.0055147058823529415,0.001838235294117647,0.003676470588235294,0.001838235294117647,0.001838235294117647,0.264,0.293,0.434,0.727,0.309,23.3,3.3000000000000003
262,291,Angel Martinez,CLE,46,436.9081081081081,484.0,96.8,0.2216216216216216,0.7567567567567568,0.21621621621621623,0.02702702702702703,0.02162162162162162,0.1081081081081081,0.09729729729729729,0.07027027027027027,0.0,0.19459459459459458,0.01081081081081081,0.005405405405405405,0.005405405405405405,0.016216216216216217,0.005405405405405405,0.01081081081081081,0.245,0.3060109289617486,0.3772455089820359,0.6832564379437845,0.2890625,19.45945945945946,7.027027027027027,446,484,89,0.2066115702479339,0.7191011235955056,0.25842696629213485,0.02247191011235955,0.022727272727272728,0.11570247933884298,0.09297520661157024,0.047520661157024795,0.0,0.22727272727272727,0.012396694214876033,0.008264462809917356,0.010330578512396695,0.01652892561983471,0.004132231404958678,0.012396694214876033,0.224,0.269,0.359,0.628,0.271,22.7,4.8
263,292,Luis Torrens,NYM,47,259.4166666666667,283.0,50.794871794871796,0.20512820512820512,0.7857142857142857,0.21428571428571425,0.0,0.02564102564102564,0.09615384615384615,0.10256410256410256,0.0641025641025641,0.0,0.25641025641025644,0.00641025641025641,0.00641025641025641,0.0,0.00641025641025641,0.0,0.00641025641025641,0.225,0.2774193548387096,0.3496503496503496,0.6270697044890593,0.28,25.64102564102564,6.41025641,261,283,54,0.20848056537102475,0.7222222222222222,0.25925925925925924,0.018518518518518517,0.0176678445229682,0.0706713780918728,0.10247349823321555,0.06713780918727916,0.0,0.1978798586572438,0.007067137809187279,0.0,0.0035335689045936395,0.0035335689045936395,0.0,0.0035335689045936395,0.226,0.284,0.345,0.629,0.27,19.8,6.7
264,293,Pedro Pages,STL,56,354.5073891625616,389.0,70.90147783268965,0.20689655172413793,0.7837837837818233,0.21621621621567544,0.0,0.024630541871465298,0.0935960591133005,0.10344827586206896,0.06896551724137931,0.0,0.25615763546798026,0.009852216748768473,0.0049261083743842365,0.0,0.0049261083743842365,0.0,0.0049261083743842365,0.225,0.2871287128712871,0.3513513513513513,0.6384800642226385,0.2868217054263566,25.615763546798032,6.896551724137931,361,389,72,0.2133676092544987,0.7916666666666666,0.20833333333333334,0.0,0.028277634961439587,0.09768637532133675,0.11568123393316196,0.04884318766066838,0.002570694087403599,0.2750642673521851,0.007712082262210797,0.007712082262210797,0.007712082262210797,0.0,0.0,0.0,0.23,0.272,0.363,0.635,0.293,27.500000000000004,4.9
266,296,Agustin Ramirez,MIA,62,534.0248962655601,585.0,111.65975103734439,0.21991701244813275,0.7391304347651431,0.23913043478260873,0.0,0.029045643153526972,0.10788381742738588,0.11618257261410789,0.07468879668049791,0.004149377593360996,0.20746887966804978,0.008298755186721992,0.004149377593360996,0.0,0.016597510372649574,0.0,0.016597510372649574,0.24,0.3029045643153527,0.3818181818181818,0.6847227461335346,0.2804878048780488,20.74688796680498,7.468879668049793,537,585,103,0.21196581196581196,0.6699029126213593,0.32038834951456313,0.009708737864077669,0.035897435897435895,0.12307692307692308,0.11452991452991453,0.06153846153846154,0.003418803418803419,0.19316239316239317,0.013675213675213675,0.006837606837606838,0.0,0.02735042735042735,0.005128205128205128,0.022222222222222223,0.231,0.287,0.413,0.701,0.253,19.3,6.2
268,298,Victor Scott II,STL,68,424.41666666666663,463.0,90.02777777777777,0.21031746031746032,0.7551020408163265,0.20408163265306126,0.04081632653061225,0.015873015873015872,0.11904761904761904,0.07539682539682539,0.05555555555555555,0.0,0.2142857142857143,0.011904761904761904,0.007936507936507936,0.011904761904761904,0.05952380952380952,0.007936507936507936,0.051587301587301584,0.229,0.28,0.341991342,0.6219913419913421,0.28,21.428571428571427,5.555555555555555,398,463,81,0.1857451403887689,0.8024691358024691,0.18518518518518517,0.012345679012345678,0.01079913606911447,0.11663066954643629,0.07991360691144708,0.09071274298056156,0.0,0.23974082073434125,0.02159827213822894,0.0064794816414686825,0.02159827213822894,0.0734341252699784,0.008639308855291577,0.06479481641468683,0.216,0.305,0.296,0.601,0.284,24.0,9.1
269,299,Nick Castellanos,PHI,148,540.8605769230769,589.0,117.04487179487178,0.23076923076923073,0.75,0.24193548387096778,0.01612903225806452,0.03205128205128205,0.11378205129032258,0.125,0.0625,0.0016025641025641025,0.23237179487179488,0.009615384615384616,0.008012820512820512,0.0016025641025641025,0.009615384615384616,0.003205128205128205,0.00641025641025641,0.252,0.3033707865168539,0.4171029668411867,0.7204737533580408,0.3002421307506053,23.23717948717949,6.25,547,589,120,0.23259762308998302,0.7583333333333333,0.225,0.016666666666666666,0.028862478777589132,0.12224108658743633,0.12224108658743633,0.05432937181663837,0.0,0.22580645161290322,0.006791171477079796,0.010186757215619695,0.0,0.006791171477079796,0.0,0.006791171477079796,0.25,0.294,0.4,0.694,0.298,22.6,5.4
270,300,Nolan Jones,COL,122,352.11201629327905,403.0,73.04887984,0.20977596741935484,0.7415730336780924,0.23595505617030207,0.03370786516718602,0.028513238287841188,0.12219959266802445,0.10386965376782077,0.10997963340122201,0.006109979633401223,0.3014256619144603,0.00814663951120163,0.004073319755600815,0.0020366598778004076,0.022403258655804476,0.006109979633401223,0.01629327902240326,0.241,0.3292433537832311,0.4032634032634032,0.7325067570466344,0.3308550185873606,30.14256619144603,10.99796334,355,403,70,0.18610421836228289,0.7714285714285715,0.2,0.02857142857142857,0.01240694789081886,0.08436724565756824,0.08436724565756824,0.0967741935483871,0.0024813895781637717,0.2803970223325062,0.01240694789081886,0.007444168734491315,0.0024813895781637717,0.019851116625310174,0.007444168734491315,0.01240694789081886,0.211,0.296,0.304,0.6,0.292,28.000000000000004,9.7
272,302,Nick Fortes,MIA,100,222.23098591549297,242.0,44.309859154929576,0.2028169014084507,0.7846153846153846,0.2,0.015384615384615385,0.019718309859154928,0.09014084507042253,0.09014084507042253,0.05070422535211268,0.0,0.16338028169014085,0.016901408450704224,0.005633802816901408,0.008450704225352112,0.011267605633802816,0.002816901408450704,0.008450704225352112,0.221,0.2727272727272727,0.3312883435582822,0.6040156162855549,0.247148288973384,16.338028169014084,5.070422535211268,218,242,45,0.2066115702479339,0.7777777777777778,0.2,0.022222222222222223,0.02066115702479339,0.07851239669421488,0.08677685950413223,0.05785123966942149,0.0,0.19421487603305784,0.028925619834710745,0.004132231404958678,0.008264462809917356,0.004132231404958678,0.0,0.004132231404958678,0.229,0.296,0.349,0.644,0.269,19.4,5.8
275,305,Brooks Baldwin,CHW,47,300.967033,328.0,63.07692307692307,0.21978021978021978,0.7714285714285715,0.2285714285714286,0.028571428571428577,0.02747252747252748,0.10989010989010992,0.0989010989010989,0.06043956043956044,0.0,0.22527472527439027,0.005494505494505495,0.005494505494505495,0.005494505494505495,0.02197802197802198,0.005494505494505495,0.016483516483516484,0.238,0.2888888888888888,0.3952095808383233,0.6840984697272122,0.2868852459016393,22.52747252747253,6.043956043956044,300,328,61,0.21951219512195122,0.7377049180327869,0.2459016393442623,0.01639344262295082,0.03353658536585366,0.0975609756097561,0.11585365853658537,0.06402439024390244,0.0,0.2621951219512195,0.003048780487804878,0.006097560975609756,0.012195121951219513,0.01524390243902439,0.0,0.01524390243902439,0.24,0.29,0.407,0.697,0.298,26.200000000000003,6.4
276,307,Mike Yastrzemski,SFG,121,492.3529411764706,558.0,87.92016806722691,0.18907563025210086,0.7066666666666666,0.2666666666666666,0.02666666666666666,0.031512605042016806,0.1092436974789916,0.1092436974789916,0.09663865546218488,0.004201680672268907,0.2647058823529412,0.01050420168067227,0.0063025210084033615,0.004201680672268907,0.008403361344537815,0.0021008403361344537,0.0063025210084033615,0.214,0.2974683544303797,0.3785714285714285,0.6760397830018083,0.2659574468085106,26.47058823529412,9.663865546218489,477,558,94,0.1989247311827957,0.6914893617021277,0.2978723404255319,0.010638297872340425,0.03046594982078853,0.12186379928315412,0.08243727598566308,0.12903225806451613,0.007168458781362007,0.1935483870967742,0.0035842293906810036,0.008960573476702509,0.0035842293906810036,0.012544802867383513,0.0035842293906810036,0.008960573476702509,0.233,0.333,0.403,0.735,0.263,19.4,12.9
277,308,Sal Frelick,MIL,113,540.6067415730338,594.0,126.80898876404494,0.2247191011235955,0.7789473684210526,0.18947368421052635,0.031578947368421054,0.011235955056179777,0.10561797752808989,0.08764044943820225,0.07191011235955058,0.0022471910112359553,0.150561797752809,0.008988764044943821,0.0067415730337078645,0.0022471910112359553,0.029213483146067417,0.0067415730337078645,0.022471910112359557,0.246,0.3063063063063063,0.3432098765432099,0.6495161828495162,0.2827380952380952,15.056179775280896,7.191011235955057,528,594,140,0.2558922558922559,0.8357142857142857,0.14285714285714285,0.02142857142857143,0.020202020202020204,0.12794612794612795,0.10606060606060606,0.07912457912457913,0.0,0.13468013468013468,0.011784511784511785,0.008417508417508417,0.005050505050505051,0.03198653198653199,0.010101010101010102,0.021885521885521887,0.288,0.351,0.405,0.756,0.317,13.5,7.9
278,309,Edmundo Sosa,PHI,55,240.01507537688445,261.0,49.83919597989949,0.22110552763819094,0.736842105263158,0.2368421052631579,0.026315789473684213,0.030150753768844223,0.11557788944723618,0.11055276381909547,0.04522613065326633,0.0,0.2412060301507538,0.025125628140703515,0.005025125628140704,0.005025125628140704,0.020100502512562814,0.005025125628140704,0.015075376884422112,0.24,0.2929292929292929,0.3989071038251366,0.6918363967544295,0.2923076923076923,24.120603015075375,4.522613065326634,243,261,56,0.2567049808429119,0.7678571428571429,0.21428571428571427,0.017857142857142856,0.0421455938697318,0.11494252873563218,0.14942528735632185,0.038314176245210725,0.0,0.21455938697318008,0.007662835249042145,0.007662835249042145,0.011494252873563218,0.0038314176245210726,0.0038314176245210726,0.0,0.276,0.307,0.469,0.777,0.315,21.5,3.8
280,312,TJ Friedl,CIN,120,604.8115079,685.0,125.03968253968254,0.20634920634920637,0.782608695652174,0.18478260869565216,0.03260869565217391,0.02380952380952381,0.1150793650793651,0.09325396825396826,0.07936507936507937,0.001984126984126984,0.16666666666666669,0.019841269841269844,0.007936507936507936,0.009920634920634922,0.031746031746031744,0.007936507936507936,0.02380952380952381,0.234,0.3086172344689378,0.3662921348314606,0.6749093693003985,0.2606232294617563,16.666666666666664,7.936507936507936,579,685,137,0.22043795620437956,0.8248175182481752,0.16058394160583941,0.014598540145985401,0.020437956204379562,0.11970802919708029,0.07737226277372262,0.11824817518248175,0.0,0.1678832116788321,0.02335766423357664,0.0072992700729927005,0.00583941605839416,0.017518248175182483,0.004379562043795621,0.013138686131386862,0.261,0.364,0.378,0.742,0.301,16.8,11.8
281,314,Kyle Manzardo,CLE,113,473.72359550561794,531.0,91.88089887640449,0.2089887640449438,0.7142857142857143,0.2727272727272727,0.012987012987012986,0.03595505617977528,0.10561797752808988,0.13033707865168537,0.08764044943820225,0.00449438202247191,0.2179775280898876,0.00898876404494382,0.00898876404494382,0.0,0.002247191011235955,0.0,0.002247191011235955,0.233,0.3063063063063063,0.4130982367758186,0.719404543,0.2673611111111111,21.79775280898876,8.764044943820224,470,531,83,0.2071563088512241,0.7469879518072289,0.2289156626506024,0.024096385542168676,0.05084745762711865,0.08851224105461393,0.1318267419962335,0.0903954802259887,0.003766478342749529,0.2542372881355932,0.015065913370998116,0.009416195856873822,0.0,0.003766478342749529,0.0,0.003766478342749529,0.234,0.313,0.455,0.768,0.265,25.4,9.0
285,318,Dane Myers,MIA,70,304.57317073170736,333.0,66.32926829268293,0.22357723577235772,0.7959183673469389,0.20408163265306126,0.020408163265306124,0.02439024390243903,0.10975609756097562,0.09756097560975611,0.06097560975609756,0.0,0.2764227642276423,0.012195121951219514,0.0040650406504065045,0.0040650406504065045,0.02439024390243903,0.0040650406504065045,0.02032520325203252,0.245,0.2991803278688524,0.3822222222222222,0.6814025500910748,0.3223684210526316,27.64227642276423,6.097560975609756,307,333,66,0.21621621621621623,0.8484848484848485,0.15151515151515152,0.0,0.018018018018018018,0.08708708708708708,0.09309309309309309,0.06906906906906907,0.0,0.23123123123123124,0.006006006006006006,0.003003003003003003,0.0,0.05405405405405406,0.015015015015015015,0.03903903903903904,0.235,0.291,0.326,0.617,0.293,23.1,6.9
286,319,Ezequiel Duran,TEX,62,204.71739130434784,219.0,41.89565217391305,0.22173913043478263,0.7727272727272726,0.22727272727272727,0.022727272727272728,0.030434782608695653,0.1173913043478261,0.10434782608695653,0.052173913043478265,0.0,0.24782608695652175,0.008695652173913045,0.004347826086956523,0.0,0.02173913043478261,0.004347826086956523,0.01739130434782609,0.24,0.2826086956521739,0.3953488372093023,0.6779575328614762,0.2894736842105263,24.782608695652176,5.217391304347826,205,219,46,0.2100456621004566,0.6956521739130435,0.30434782608695654,0.0,0.0,0.0730593607305936,0.0639269406392694,0.0365296803652968,0.0,0.2511415525114155,0.0182648401826484,0.0045662100456621,0.0045662100456621,0.0502283105022831,0.0091324200913242,0.0410958904109589,0.224,0.266,0.293,0.559,0.305,25.1,3.7000000000000006
288,322,Thomas Saggese,STL,61,273.0043859649123,295.0,59.517543859649116,0.22368421052631576,0.7391304347826088,0.2391304347826087,0.021739130434782608,0.021929824561403504,0.10526315789473684,0.10526315789473684,0.05263157894736842,0.0,0.2543859649122807,0.013157894736842105,0.008771929824561403,0.0043859649122807015,0.013157894736842105,0.0043859649122807015,0.008771929824561403,0.241,0.2894736842105263,0.3744075829383886,0.6638812671489149,0.3066666666666666,25.438596491228072,5.263157894736842,275,295,69,0.24067796610169492,0.7536231884057971,0.2463768115942029,0.0,0.006779661016949152,0.0847457627118644,0.0847457627118644,0.05423728813559322,0.0,0.28135593220338984,0.003389830508474576,0.006779661016949152,0.003389830508474576,0.010169491525423728,0.0,0.010169491525423728,0.258,0.299,0.342,0.641,0.359,28.1,5.4
289,323,Enrique Hernandez,LAD,73,233.8194945848375,256.0,47.13357400722022,0.21299638989169675,0.7450980392156863,0.23529411764705885,0.019607843145067402,0.02888086642599278,0.10830324909747292,0.11913357400722022,0.06859205776173286,0.0,0.19494584837545126,0.007220216606498195,0.007220216606498195,0.0,0.0036101083046875,0.0,0.0036101083046875,0.231,0.2898550724637681,0.383399209,0.6732542819499341,0.2642487046632124,19.494584837545126,6.859205776173286,232,256,37,0.18359375,0.7837837837837838,0.21621621621621623,0.0,0.0390625,0.1171875,0.13671875,0.0703125,0.0,0.265625,0.0,0.01953125,0.00390625,0.0,0.0,0.0,0.203,0.255,0.366,0.621,0.233,26.6,7.000000000000001
292,327,Cole Young,SEA,33,230.1492537313433,257.0,49.865671641791046,0.20895522388059704,0.7692307692307692,0.23076923076923075,0.0,0.014925373134328358,0.10447761194029852,0.08955223880597014,0.08208955223880597,0.0,0.1865671641791045,0.007462686567164179,0.007462686567164179,0.0,0.022388059701492536,0.007462686567164179,0.014925373134328358,0.236,0.3007518796992481,0.3333333333333333,0.6340852130325814,0.2765957446808511,18.65671641791045,8.208955223880597,223,257,43,0.1828793774319066,0.813953488372093,0.16279069767441862,0.023255813953488372,0.01556420233463035,0.0933852140077821,0.0933852140077821,0.10894941634241245,0.0038910505836575876,0.1828793774319066,0.007782101167315175,0.007782101167315175,0.007782101167315175,0.0038910505836575876,0.0,0.0038910505836575876,0.211,0.302,0.305,0.607,0.247,18.3,10.9
293,328,Tommy Pham,PIT,113,404.75890985324946,449.0,89.42348008385743,0.22222222222222218,0.7578947368421053,0.22105263157894744,0.010526315789473684,0.023060796645702306,0.11530398322851153,0.10482180293501048,0.08385744234800838,0.0,0.2243186582809224,0.008385744234800837,0.006289308176100629,0.0020964360587002093,0.023060796645702306,0.008385744234800837,0.014675052410901467,0.246,0.3144654088050314,0.3744186046511628,0.6888840134561942,0.3015873015873015,22.43186582809224,8.385744234800839,392,449,86,0.21380846325167038,0.7906976744186046,0.19767441860465115,0.011627906976744186,0.022271714922048998,0.09799554565701558,0.11581291759465479,0.111358574610245,0.0066815144766146995,0.20935412026726058,0.004454342984409799,0.011135857461024499,0.0,0.011135857461024499,0.0066815144766146995,0.004454342984409799,0.245,0.33,0.37,0.7,0.294,20.9,11.1
297,333,Max Schuemann,ATH,40,187.6092715231788,213.00000000000003,36.675496688741724,0.1920529801324503,0.7692307692307693,0.1923076923076923,0.038461538461538464,0.019867549668874173,0.11258278145695363,0.07947019867549669,0.07947019867549669,0.0,0.2582781456953642,0.019867549668874173,0.006622516556291391,0.006622516556291391,0.026490066225165563,0.006622516556291391,0.019867549668874173,0.22,0.2953020134228188,0.3383458646616541,0.633647878,0.2826086956521739,25.82781456953642,7.947019867549669,183,213,34,0.16901408450704225,0.8235294117647058,0.11764705882352941,0.058823529411764705,0.009389671361502348,0.09389671361502347,0.06103286384976526,0.10328638497652583,0.0,0.1643192488262911,0.018779342723004695,0.004694835680751174,0.014084507042253521,0.03286384976525822,0.004694835680751174,0.028169014084507043,0.197,0.295,0.273,0.568,0.231,16.4,10.3
300,338,Coby Mayo,BAL,46,265.83233532934133,294.0,52.814371257485035,0.2095808383233533,0.7,0.26666666666666666,0.03333333333333333,0.029940119760479042,0.10778443113772457,0.11377245508982035,0.07784431137724551,0.005988023952095809,0.28742514970059885,0.011976047904191617,0.005988023952095809,0.0,0.005988023952095809,0.0,0.005988023952095809,0.23,0.2994011976047904,0.3973509933774834,0.6967521909822738,0.303030303030303,28.74251497005988,7.784431137724551,263,294,46,0.19387755102040816,0.7391304347826086,0.2608695652173913,0.0,0.03741496598639456,0.10204081632653061,0.09523809523809523,0.09183673469387756,0.0,0.2857142857142857,0.013605442176870748,0.0,0.0,0.01020408163265306,0.0,0.01020408163265306,0.217,0.299,0.388,0.687,0.274,28.6,9.2
301,340,Jose Trevino,CIN,68,278.38683127572017,302.0,55.92592592592592,0.2098765432098765,0.8222222222222223,0.17777777777284773,0.0,0.024691358024691353,0.09053497942386832,0.10699588477366254,0.06172839506172839,0.0,0.17695473251028804,0.008230452675496689,0.008230452675496689,0.004115226337448559,0.004115226337448559,0.0,0.004115226337448559,0.229,0.279835390946502,0.34375,0.6235853909465021,0.2542372881355932,17.695473251028808,6.172839506172839,282,302,63,0.22185430463576158,0.6825396825396826,0.31746031746031744,0.0,0.013245033112582781,0.09933774834437085,0.0728476821192053,0.04966887417218543,0.0,0.1291390728476821,0.0,0.013245033112582781,0.0033112582781456954,0.0,0.0,0.0,0.238,0.272,0.351,0.623,0.259,12.9,5.0
302,341,Davis Schneider,TOR,61,198.625,227.0,34.24568965517241,0.1896551724137931,0.7142857142857142,0.28571428572536184,0.0,0.03879310344827586,0.11637931034482758,0.12068965517241378,0.10344827586206896,0.0,0.2974137931034483,0.01293103448275862,0.008620689655172414,0.0,0.01293103448275862,0.004310344828193833,0.008620689655172414,0.215,0.3060344827586206,0.3990147783251231,0.7050492610837438,0.2755905511811024,29.74137931034483,10.344827586206897,188,227,33,0.19383259911894274,0.8484848484848485,0.15151515151515152,0.0,0.048458149779735685,0.14537444933920704,0.13656387665198239,0.15859030837004406,0.0,0.2643171806167401,0.00881057268722467,0.004405286343612335,0.0,0.013215859030837005,0.004405286343612335,0.00881057268722467,0.234,0.361,0.436,0.797,0.28,26.4,15.9
303,343,Michael A. Taylor,CHW,53,295.45454545454544,325.0,52.13903743336898,0.19251336898461538,0.7333333333303248,0.2333333333323761,0.03333333333319658,0.0320855614973262,0.11229946524064172,0.10160427807486631,0.07486631016042782,0.0,0.32085561497326204,0.005347593582887701,0.005347593582887701,0.005347593582887701,0.026737967914438502,0.005347593582887701,0.021390374331550804,0.213,0.2741935483870967,0.3705882352941176,0.6447817836812144,0.2857142857142857,32.0855615,7.4866310160427805,295,325,50,0.18153846153846154,0.58,0.4,0.02,0.027692307692307693,0.10153846153846154,0.1076923076923077,0.07076923076923076,0.003076923076923077,0.3384615384615385,0.003076923076923077,0.006153846153846154,0.012307692307692308,0.024615384615384615,0.009230769230769232,0.015384615384615385,0.2,0.259,0.366,0.625,0.281,33.8,7.1
306,348,Rob Refsnyder,BOS,62,183.991453,209.0,40.1923076923077,0.22222222222222224,0.7777777777777777,0.19999999999999996,0.02222222222222222,0.029914529914529916,0.11965811965811966,0.11111111111111112,0.09401709401709402,0.0,0.2435897435897436,0.017094017094017096,0.008547008547008548,0.0,0.012820512820512822,0.004273504273504274,0.008547008547008548,0.252,0.3333333333333333,0.4077669902912621,0.7411003236245954,0.3125,24.35897435897436,9.401709401709402,182,209,40,0.23444976076555024,0.7,0.3,0.0,0.0430622009569378,0.13875598086124402,0.14354066985645933,0.11483253588516747,0.004784688995215311,0.2583732057416268,0.004784688995215311,0.009569377990430622,0.0,0.014354066985645933,0.0,0.014354066985645933,0.269,0.354,0.484,0.838,0.331,25.8,11.5
307,350,Pavin Smith,ARI,90,254.8363636363636,288.0,52.36363636363636,0.21515151515151515,0.7333333333333334,0.23333333333333328,0.016666666666666666,0.03333333333333333,0.11515151515151516,0.13030303030303025,0.10303030303030303,0.0030303030303030303,0.2090909090909091,0.006060606060606061,0.006060606060606061,0.0,0.0030303030303030303,0.0,0.0030303030303030303,0.241,0.3242424242424242,0.4075342465753425,0.7317766708177667,0.2803738317757009,20.909090909090907,10.303030303030305,244,288,55,0.21875,0.6727272727272727,0.3090909090909091,0.01818181818181818,0.027777777777777776,0.125,0.09722222222222222,0.1423611111111111,0.003472222222222222,0.3194444444444444,0.0,0.006944444444444444,0.0,0.006944444444444444,0.006944444444444444,0.0,0.258,0.362,0.434,0.797,0.377,31.9,14.2
308,352,Jared Triolo,PIT,66,337.51181102362204,376.0,72.53543307086615,0.2125984251968504,0.7755102040816326,0.22448979591836732,0.02040816326530612,0.01968503937007874,0.11023622047244094,0.09448818897637795,0.08661417322834646,0.0,0.25984251968085104,0.007874015748031496,0.007874015748031496,0.0,0.01968503937007874,0.003937007874015748,0.015748031496062992,0.238,0.3070866141732283,0.3640350877192982,0.6711217018925266,0.3081761006289308,25.984251968503933,8.661417322834646,331,376,68,0.19946808510638298,0.7058823529411765,0.2647058823529412,0.029411764705882353,0.018617021276595744,0.10904255319148937,0.06382978723404255,0.10372340425531915,0.0026595744680851063,0.20212765957446807,0.005319148936170213,0.0026595744680851063,0.007978723404255319,0.034574468085106384,0.005319148936170213,0.02925531914893617,0.227,0.311,0.356,0.667,0.273,20.2,10.4
310,356,Oswald Peraza,NYY,51,241.77835051546393,265.0,49.17525773195877,0.20618556701030932,0.7499999999999999,0.1944444444444444,0.027777777777777773,0.020618556701030927,0.1134020618556701,0.08762886597938145,0.06185567010309278,0.0,0.23711340206185566,0.015463917525773195,0.005154639175257732,0.0,0.03608247422680412,0.010309278350515464,0.025773195876288662,0.225,0.2849740932642487,0.3389830508474576,0.6239571441117063,0.28125,23.711340206185564,6.185567010309279,244,265,35,0.1509433962264151,0.8285714285714286,0.17142857142857143,0.0,0.018867924528301886,0.09056603773584905,0.07547169811320754,0.06415094339622641,0.0,0.3018867924528302,0.007547169811320755,0.0037735849056603774,0.0,0.033962264150943396,0.0,0.033962264150943396,0.164,0.223,0.25,0.473,0.219,30.2,6.4
313,360,Riley Adams,WSN,33,257.4,286.0,47.666666666666664,0.19166666666666665,0.75,0.25,0.0,0.025,0.09166666666666666,0.10833333333333334,0.075,0.0,0.3,0.025,0.008333333333333333,0.0,0.0,0.0,0.0,0.211,0.2892561983471074,0.3425925925925926,0.631848791,0.2857142857142857,30.0,7.5,263,286,41,0.17132867132867133,0.8048780487804879,0.1951219512195122,0.0,0.027972027972027972,0.10139860139860139,0.08391608391608392,0.06293706293706294,0.0,0.38461538461538464,0.017482517482517484,0.0,0.0,0.0034965034965034965,0.0,0.0034965034965034965,0.186,0.252,0.308,0.56,0.283,38.5,6.3
314,361,Drake Baldwin,ATL,33,403.8582677165354,446.0,84.28346456692913,0.21259842519685038,0.7916666666806802,0.20833333333333337,0.0,0.023622047244094484,0.10236220472440945,0.10236220472440945,0.07874015748031496,0.0,0.2204724409448819,0.007874015748031496,0.007874015748031496,0.0,0.0,0.0,0.0,0.234,0.2992125984251969,0.3565217391304348,0.6557343375556317,0.2823529411764706,22.04724409448819,7.874015748031496,405,446,92,0.24887892376681614,0.782608695652174,0.1956521739130435,0.021739130434782608,0.042600896860986545,0.12556053811659193,0.17937219730941703,0.08520179372197309,0.0,0.15246636771300448,0.006726457399103139,0.0,0.0,0.0,0.0,0.0,0.274,0.341,0.469,0.81,0.289,15.2,8.5
315,362,Noelvi Marte,CIN,51,332.8643216080402,360.0,70.55276382321607,0.22613065327777776,0.7692307691302872,0.23076923075575287,0.02564102563952809,0.030150753768844223,0.11557788944723618,0.11557788944723618,0.06030150753768845,0.0,0.25125628140703515,0.010050251256281405,0.005025125628140703,0.0,0.030150753768844223,0.010050251256281405,0.020100502512562814,0.244,0.2964824120603015,0.4076086956521739,0.7040911077124754,0.3023255813953488,25.125628140703515,6.030150753768844,339,360,75,0.24722222222222223,0.7466666666666667,0.22666666666666666,0.02666666666666667,0.03888888888888889,0.125,0.14166666666666666,0.044444444444444446,0.0,0.2361111111111111,0.008333333333333333,0.005555555555555556,0.0,0.027777777777777776,0.008333333333333333,0.019444444444444445,0.263,0.3,0.448,0.748,0.31,23.6,4.4
316,364,Carlos Narvaez,BOS,56,399.29842931937173,446.0,74.72251308900523,0.18848167539267016,0.75,0.21875,0.0,0.02094240837696335,0.09947643979057591,0.09424083769633507,0.08900523560209422,0.005235602094240837,0.29842931937172773,0.010471204188481674,0.005235602094240837,0.0,0.010471204188481674,0.0,0.010471204188481674,0.208,0.2879581151832461,0.3157894736842105,0.6037475888674566,0.2882882882882883,29.84293193717277,8.900523560209423,403,446,82,0.21748878923766815,0.6707317073170732,0.32926829268292684,0.0,0.033632286995515695,0.11434977578475336,0.11210762331838565,0.08520179372197309,0.0,0.24887892376681614,0.002242152466367713,0.004484304932735426,0.004484304932735426,0.002242152466367713,0.002242152466367713,0.0,0.241,0.306,0.419,0.726,0.294,24.9,8.5
317,365,Gabriel Arias,CLE,45,436.5365853658537,471.0,89.03048780487806,0.2134146341463415,0.7741935483870968,0.22580645161290322,0.0,0.024390243902439022,0.10975609756097561,0.10365853658536586,0.06097560975609756,0.0,0.2926829268292684,0.012195121951219513,0.006097560975609756,0.0,0.01829268292682927,0.006097560975609756,0.012195121951219513,0.232,0.2848484848484848,0.3552631578947368,0.6401116427432216,0.3069306930693069,29.268292682926827,6.097560975609756,432,471,84,0.20169851380042464,0.6785714285714286,0.2976190476190476,0.023809523809523808,0.02335456475583864,0.09341825902335456,0.11464968152866242,0.05732484076433121,0.0021231422505307855,0.34394904458598724,0.014861995753715499,0.008492569002123142,0.0021231422505307855,0.016985138004246284,0.008492569002123142,0.008492569002123142,0.22,0.274,0.363,0.638,0.319,34.4,5.7
318,366,Dylan Carlson,BAL,37,212.6470588235294,241.0,44.30147058823529,0.20588235294117646,0.72,0.24000000000000007,0.04,0.022058823529411766,0.11029411764705883,0.10294117647058823,0.08823529411764708,0.0,0.22794117647058823,0.014705882352941176,0.007352941176470588,0.0,0.007352941176470588,0.0,0.007352941176470588,0.233,0.3111111111111111,0.375,0.6861111111111111,0.2873563218390804,22.794117647058822,8.823529411764707,217,241,38,0.1825726141078838,0.7368421052631579,0.23684210526315788,0.02631578947368421,0.024896265560165973,0.07053941908713693,0.08298755186721991,0.08713692946058091,0.0,0.22406639004149378,0.008298755186721992,0.004149377593360996,0.0,0.012448132780082987,0.012448132780082987,0.0,0.203,0.278,0.336,0.614,0.241,22.4,8.7
319,367,Brett Baty,NYM,40,387.9745222929936,432.0,77.04458598726114,0.2038216560509554,0.7857142857142857,0.2142857142857143,0.0,0.025477707006369425,0.1019108280254777,0.1019108280254777,0.08280254777070063,0.0,0.2611464968152866,0.006369426751592356,0.006369426751592356,0.0,0.006369426751592356,0.0,0.006369426751592356,0.226,0.2948717948717949,0.3546099290780142,0.6494817239498091,0.2886597938144329,26.11464968152866,8.280254777070063,393,432,82,0.23148148148148148,0.8170731707317073,0.15853658536585366,0.024390243902439025,0.041666666666666664,0.12268518518518519,0.11574074074074074,0.0763888888888889,0.0,0.25,0.004629629629629629,0.006944444444444444,0.0,0.018518518518518517,0.0,0.018518518518518517,0.254,0.313,0.435,0.748,0.304,25.0,7.6
320,368,Chandler Simpson,TBR,19,406.1842105263158,441.0,110.25,0.25,0.7894736842105262,0.15789473684210523,0.0,0.0,0.11842105263157894,0.06578947368421052,0.06578947368421052,0.0,0.11842105263157894,0.0,0.0,0.013157894736842105,0.07894736842105261,0.013157894736842105,0.06578947368421052,0.271,0.32,0.3,0.62,0.3114754098360656,11.842105263157894,6.578947368421052,414,441,122,0.2766439909297052,0.8524590163934426,0.12295081967213115,0.02459016393442623,0.0,0.12018140589569161,0.05895691609977324,0.045351473922902494,0.0,0.09750566893424037,0.0,0.0045351473922902496,0.006802721088435374,0.09977324263038549,0.027210884353741496,0.07256235827664399,0.295,0.326,0.345,0.671,0.327,9.8,4.5
321,369,Mauricio Dubon,HOU,96,374.0109589041096,398.0,85.05205479452053,0.23013698630136983,0.7948717948476358,0.19230769230769235,0.012820512820512824,0.016438356164383564,0.09863013698630137,0.09315068493150684,0.04109589041095891,0.0,0.14246575342465753,0.005479452054794521,0.008219178082191782,0.005479452054794521,0.010958904109589041,0.0027397260273972603,0.008219178082191782,0.245,0.2782369146005509,0.3469387755102041,0.62517569,0.2708333333333333,14.246575342465754,4.109589041,369,398,82,0.2236180904522613,0.7439024390243902,0.25609756097560976,0.0,0.017587939698492462,0.10804020100502512,0.0829145728643216,0.06030150753768844,0.0,0.10552763819095477,0.002512562814070352,0.002512562814070352,0.007537688442211055,0.007537688442211055,0.0,0.007537688442211055,0.241,0.289,0.355,0.644,0.255,10.6,6.0
322,370,Santiago Espinal,CIN,65,303.0886075949367,328.0,71.9662447257384,0.2320675105485232,0.7884615384615384,0.1923076923076923,0.01923076923076923,0.012658227848101266,0.10126582278481013,0.0970464135021097,0.059071729957805914,0.0,0.1476793248945148,0.008438818565400843,0.008438818565400843,0.004219409282700422,0.016877637130801686,0.008438818565400843,0.008438818565400843,0.253,0.2995780590717299,0.3470319634703196,0.6466100225420496,0.2841530054644808,14.767932489451477,5.9071729957805905,301,328,73,0.2225609756097561,0.8356164383561644,0.1643835616438356,0.0,0.0,0.07621951219512195,0.04878048780487805,0.06402439024390244,0.0,0.11585365853658537,0.003048780487804878,0.006097560975609756,0.009146341463414634,0.006097560975609756,0.003048780487804878,0.003048780487804878,0.243,0.292,0.282,0.575,0.275,11.6,6.4
325,376,Miguel Rojas,LAD,52,287.58762886597935,317.0,68.62886597938143,0.22680412371134018,0.8095238095238096,0.19047619047619052,0.023809523809523815,0.010309278350515464,0.10824742268041238,0.08762886597938144,0.056701030927835044,0.0,0.12371134020618557,0.010309278350515464,0.005154639175257732,0.005154639175257732,0.020618556701030927,0.005154639175257732,0.015463917525773196,0.251,0.3,0.3465909090909091,0.6465909090909091,0.2781456953642384,12.371134020618555,5.670103092783505,290,317,69,0.23974763406940064,0.7391304347826086,0.2608695652173913,0.0,0.022082018927444796,0.11041009463722397,0.08517350157728706,0.07570977917981073,0.0031545741324921135,0.14511041009463724,0.0,0.0,0.00946372239747634,0.015772870662460567,0.0,0.015772870662460567,0.262,0.318,0.397,0.715,0.291,14.499999999999998,7.6
326,377,Will Benson,CIN,58,220.47142857142856,253.0,36.14285714285714,0.18095238095238095,0.7,0.26666666666666666,0.03333333333333333,0.03809523809523809,0.12857142857142856,0.10952380952380952,0.11428571428571427,0.0047619047619047615,0.3476190476190476,0.009523809523809523,0.0047619047619047615,0.0047619047619047615,0.04285714285714285,0.009523809523809523,0.03333333333333333,0.206,0.3047619047619048,0.3934426229508196,0.6982045277127245,0.2912621359223301,34.76190476190476,11.428571428571429,230,253,40,0.20553359683794467,0.75,0.2,0.05,0.04743083003952569,0.1225296442687747,0.16205533596837945,0.06324110671936758,0.003952569169960474,0.2648221343873518,0.003952569169960474,0.023715415019762844,0.0,0.007905138339920948,0.007905138339920948,0.0,0.226,0.273,0.435,0.708,0.255,26.5,6.3
327,378,Addison Barger,TOR,41,455.7631578947369,502.0,92.47368421052632,0.2105263157894737,0.6785714285714286,0.25,0.03571428571428572,0.026315789473684213,0.11184210526315791,0.11184210526315791,0.07236842105263158,0.0,0.26973684210526316,0.013157894736842106,0.006578947368421053,0.0,0.006578947368421053,0.0,0.006578947368421053,0.228,0.2960526315789473,0.3768115942028985,0.6728642257818459,0.2978723404255319,26.973684210526315,7.236842105263158,460,502,91,0.22310756972111553,0.6373626373626373,0.3516483516483517,0.01098901098901099,0.04183266932270916,0.12151394422310757,0.14741035856573706,0.07171314741035857,0.00796812749003984,0.2410358565737052,0.00597609561752988,0.00398406374501992,0.0,0.00796812749003984,0.00199203187250996,0.00597609561752988,0.243,0.301,0.454,0.756,0.284,24.1,7.200000000000001
328,380,Alex Call,WSN,61,283.3047210300429,322.0,53.896995708154506,0.19313304721030042,0.7692307692307693,0.23076923076923075,0.02564102564102564,0.02575107296137339,0.11158798282608695,0.09871244635193133,0.09871244635193133,0.0,0.2017167381974249,0.012875536480686695,0.008583690987124463,0.004291845493562232,0.02575107296137339,0.008583690987124463,0.017167381974248927,0.222,0.3047210300429184,0.3658536585365853,0.6705746885795039,0.2532467532467532,20.171673819742487,9.871244635193133,270,322,67,0.2236024844720497,0.7761194029850746,0.19402985074626866,0.029850746268656716,0.015527950310559006,0.13354037267080746,0.09627329192546584,0.11180124223602485,0.0,0.17080745341614906,0.018633540372670808,0.012422360248447204,0.018633540372670808,0.006211180124223602,0.003105590062111801,0.003105590062111801,0.267,0.361,0.385,0.746,0.313,17.1,11.2
330,382,Spencer Torkelson,DET,63,575.7665369649806,649.0,106.06225680933852,0.19844357976653698,0.6904761904761905,0.26190476190476186,0.0,0.03501945525291829,0.10894941634241244,0.12062256808936825,0.0933852140077821,0.0,0.2645914396887159,0.011673151750972763,0.007782101167315175,0.0,0.0038910505836575876,0.0,0.0038910505836575876,0.222,0.3035019455252918,0.3815789473684211,0.6850808928937129,0.2745098039215686,26.459143968871597,9.338521401,563,649,104,0.20801232665639446,0.7307692307692307,0.25961538461538464,0.009615384615384616,0.04776579352850539,0.1263482280431433,0.12018489984591679,0.11093990755007704,0.009244992295839754,0.26040061633281975,0.01386748844375963,0.007704160246533128,0.0,0.0030816640986132513,0.0015408320493066256,0.0015408320493066256,0.24,0.333,0.456,0.789,0.283,26.0,11.1
331,384,Jose Iglesias,SDP,66,318.5968379,343.0,81.34387351778655,0.24505928853754938,0.8000000000000002,0.18333333333333335,0.01666666666666667,0.007905138339920948,0.10276679841897232,0.0909090909090909,0.03557312252964427,0.0,0.16205533596837945,0.015810276679841896,0.003952569169960474,0.0,0.011857707509881424,0.003952569169960474,0.007905138339920948,0.265,0.3012048192771084,0.3446808510638298,0.6458856703409382,0.310880829015544,16.205533596837945,3.557312252964427,306,343,67,0.20408163265306123,0.835820895522388,0.16417910447761194,0.0,0.008746355685131196,0.08454810495626822,0.10495626822157435,0.06997084548104957,0.0,0.16326530612244897,0.02040816326530612,0.0058309037900874635,0.011661807580174927,0.014577259475218658,0.0029154518950437317,0.011661807580174927,0.229,0.298,0.294,0.592,0.269,16.3,7.000000000000001
333,386,Josh Bell,WSN,133,472.4972972972973,533.0,97.95675675675675,0.2144144144144144,0.7843137254901961,0.21568627450980393,0.009803921568627453,0.030630630630630633,0.1027027027027027,0.12072072072072071,0.09369369369369368,0.0018018018018018018,0.2018018018018018,0.007207207207207207,0.009009009009009007,0.0,0.0018018018018018018,0.0,0.0018018018018018018,0.241,0.3164556962025316,0.3963414634146341,0.7127971596171658,0.2771739130434782,20.18018018018018,9.369369369,468,533,89,0.20825515947467166,0.8089887640449438,0.1797752808988764,0.011235955056179775,0.04127579737335835,0.10131332082551595,0.11819887429643527,0.10694183864915573,0.001876172607879925,0.1651031894934334,0.009380863039399626,0.005628517823639775,0.0,0.0,0.005628517823639775,-0.005628517823639775,0.237,0.325,0.417,0.741,0.247,16.5,10.7
334,387,Abraham Toro,BOS,26,257.64948453608247,284.0,55.62886597938144,0.21649484536082472,0.7368421052631579,0.26315789473684215,0.052631578947368425,0.020618556701030927,0.1134020618556701,0.1134020618556701,0.07216494845360824,0.0,0.17525773195876287,0.010309278350515464,0.010309278350515464,0.0,0.010309278350515464,0.0,0.010309278350515464,0.243,0.2989690721649484,0.3977272727272727,0.6966963448922212,0.2714285714285714,17.525773195876287,7.216494845360824,259,284,55,0.21830985915492956,0.7636363636363637,0.23636363636363636,0.0,0.02464788732394366,0.11619718309859155,0.09507042253521127,0.04929577464788732,0.0035211267605633804,0.14788732394366197,0.02112676056338028,0.017605633802816902,0.0,0.007042253521126761,0.0035211267605633804,0.0035211267605633804,0.239,0.289,0.371,0.659,0.256,14.800000000000002,4.9
335,388,Daniel Schneemann,CLE,42,377.57894736842104,422.0,74.96052631578947,0.19736842105263155,0.7407407407407408,0.2222222222222222,0.03703703703703704,0.019736842105263153,0.10526315789473684,0.09210526315789473,0.09210526315789473,0.0,0.2697368421052631,0.006578947368421052,0.006578947368421052,0.006578947368421052,0.019736842105263153,0.006578947368421052,0.013157894736842105,0.22,0.2960526315789473,0.3455882352941176,0.641640867,0.2903225806451613,26.973684210526315,9.210526315789473,379,422,66,0.1848341232227488,0.7121212121212122,0.2727272727272727,0.015151515151515152,0.02843601895734597,0.11374407582938388,0.0971563981042654,0.09004739336492891,0.002369668246445498,0.2772511848341232,0.0071090047393364926,0.002369668246445498,0.002369668246445498,0.02132701421800948,0.0071090047393364926,0.014218009478672985,0.206,0.283,0.354,0.636,0.263,27.699999999999996,9.0
337,390,Ben Rice,NYY,26,469.89690721649487,530.0,87.42268041237114,0.20618556701030927,0.7499999999999999,0.25,0.0,0.041237113402061855,0.12371134020618556,0.12371134020618556,0.09278350515463918,0.0,0.24742268041237112,0.010309278350515464,0.010309278350515464,0.0,0.010309278350515464,0.0,0.010309278350515464,0.229,0.3092783505154639,0.4186046511627907,0.7278830016782547,0.2711864406779661,24.74226804123711,9.278350515463918,467,530,93,0.22452830188679246,0.6559139784946236,0.3010752688172043,0.043010752688172046,0.04905660377358491,0.13962264150943396,0.12264150943396226,0.09433962264150944,0.0,0.18867924528301888,0.016981132075471698,0.0037735849056603774,0.0,0.005660377358490566,0.0037735849056603774,0.0018867924528301887,0.255,0.337,0.499,0.836,0.271,18.9,9.4
338,391,Casey Schmitt,SFG,31,322.6909090909091,348.0,66.43636363627272,0.21818181818181817,0.7619047619058046,0.23809523809556393,0.0,0.027272727272988507,0.10909090909090909,0.10909090909090909,0.05454545454545454,0.0,0.23636363636363636,0.00909090909090909,0.00909090909090909,0.0,0.00909090909090909,0.0,0.00909090909090909,0.238,0.2818181818181818,0.3725490196078431,0.6543672014260249,0.2837837837837837,23.636363636363637,5.454545454545454,312,348,62,0.21264367816091953,0.7580645161290323,0.24193548387096775,0.0,0.034482758620689655,0.09770114942528736,0.11494252873563218,0.07758620689655173,0.0028735632183908046,0.23850574712643677,0.014367816091954023,0.008620689655172414,0.0028735632183908046,0.0,0.0,0.0,0.237,0.305,0.401,0.706,0.282,23.9,7.8
341,394,Nick Allen,ATL,37,378.7462686567165,416.0,90.02985074626866,0.22388059701492538,0.793103448275862,0.17241379310344826,0.034482758620689655,0.007462686567164179,0.11194029850746269,0.07462686567164178,0.05970149253731343,0.0,0.15671641791044777,0.007462686567164179,0.007462686567164179,0.014925373134328358,0.02238805970149254,0.007462686567164179,0.014925373134328358,0.245,0.2954545454545454,0.3278688524590163,0.6233233979135618,0.2871287128712871,15.671641791044776,5.970149253731343,371,416,82,0.1971153846153846,0.8658536585365854,0.13414634146341464,0.0,0.0,0.07692307692307693,0.052884615384615384,0.07451923076923077,0.0,0.23798076923076922,0.007211538461538462,0.007211538461538462,0.019230769230769232,0.019230769230769232,0.016826923076923076,0.002403846153846154,0.221,0.284,0.251,0.535,0.298,23.8,7.5
348,403,Kyle Farmer,COL,78,271.6363636363636,300.0,62.18181818181817,0.22909090909090907,0.7894736842105263,0.2105263157894737,0.01754385964912281,0.021818181818181816,0.10545454545454544,0.10181818181818181,0.058181818181818175,0.0,0.19999999999999998,0.021818181818181816,0.007272727272727272,0.003636363636363636,0.014545454545454544,0.007272727272727272,0.007272727272727272,0.254,0.3113553113553113,0.3855421686746988,0.6968974800300102,0.3,20.0,5.818181818181818,277,300,55,0.21,0.7454545454545455,0.2545454545454545,0.0,0.02666666666666667,0.08,0.10333333333333333,0.056666666666666664,0.0,0.22,0.013333333333333334,0.006666666666666667,0.0,0.0,0.0033333333333333335,-0.0033333333333333335,0.227,0.28,0.365,0.645,0.268,22.0,5.7
350,405,Henry Davis,PIT,30,252.67857142857144,283.0,48.00892857142857,0.19642857142857142,0.736842105263158,0.2105263157894737,0.0,0.026785714285714288,0.10714285714285715,0.09821428571428571,0.08035714285714286,0.0,0.26785714285714285,0.01785714285714286,0.00892857142857143,0.0,0.01785714285714286,0.00892857142857143,0.00892857142857143,0.222,0.2946428571428571,0.34,0.6346428571428572,0.2794117647058823,26.785714285714285,8.035714285714286,252,283,35,0.14840989399293286,0.8,0.2,0.0,0.024734982332155476,0.08833922261484099,0.07773851590106007,0.0636042402826855,0.0,0.26855123674911663,0.0176678445229682,0.01060070671378092,0.01060070671378092,0.007067137809187279,0.0035335689045936395,0.0035335689045936395,0.167,0.234,0.278,0.512,0.203,26.899999999999995,6.4
352,407,Liam Hicks,MIA,27,344.11764705882354,390.0,76.47058823529412,0.2058823529411765,0.7500000000000001,0.25,0.0,0.00980392156862745,0.08823529411764706,0.08823529411764706,0.08823529411764706,0.0,0.16666666666666666,0.0196078431372549,0.00980392156862745,0.0,0.00980392156862745,0.0,0.00980392156862745,0.235,0.3137254901960784,0.3222222222222222,0.6359477124183006,0.273972603,16.666666666666664,8.823529411764707,332,390,76,0.21025641025641026,0.8157894736842105,0.17105263157894737,0.013157894736842105,0.015384615384615385,0.09487179487179487,0.11538461538461539,0.11025641025641025,0.0,0.14358974358974358,0.023076923076923078,0.007692307692307693,0.007692307692307693,0.005128205128205128,0.0,0.005128205128205128,0.247,0.346,0.346,0.693,0.278,14.400000000000002,11.0
353,408,Romy Gonzalez,BOS,34,314.3130434782609,341.0,65.23478260869567,0.22608695652173916,0.7727272727272726,0.22727272727272724,0.04545454545454545,0.034782608695652174,0.13043478260869565,0.10434782608695653,0.06086956521739129,0.0,0.28695652173913044,0.008695652173913044,0.008695652173913044,0.0,0.034782608695652174,0.008695652173913044,0.026086956521739132,0.243,0.2956521739130435,0.4339622641509434,0.7296144380639868,0.3142857142857143,28.695652173913043,6.086956521739131,315,341,87,0.28152492668621704,0.7011494252873564,0.26436781609195403,0.034482758620689655,0.026392961876832845,0.1378299120234604,0.15542521994134897,0.05278592375366569,0.002932551319648094,0.2375366568914956,0.008797653958944282,0.01466275659824047,0.0,0.017595307917888565,0.01466275659824047,0.002932551319648094,0.305,0.343,0.483,0.826,0.378,23.8,5.3
356,411,Nacho Alvarez Jr.,ATL,14,189.0909090909091,208.0,45.38181818181819,0.2363636363636364,0.7499999999999999,0.16666666666666663,0.0,0.01818181818181818,0.1090909090909091,0.09090909090909091,0.09090909090909091,0.0,0.2,0.01818181818181818,0.0,0.0,0.01818181818181818,0.0,0.01818181818181818,0.256,0.3392857142857143,0.34,0.6792857142857143,0.3157894736842105,20.0,9.090909090909092,188,208,42,0.21153846153846154,0.7142857142857143,0.2857142857142857,0.0,0.009615384615384616,0.08653846153846154,0.07211538461538461,0.057692307692307696,0.0,0.23557692307692307,0.02403846153846154,0.004807692307692308,0.009615384615384616,0.0,0.0,0.0,0.234,0.296,0.33,0.626,0.304,23.6,5.8
359,415,Andrew McCutchen,PIT,107,481.0700218818381,551.0,94.04376367614879,0.20131291028446388,0.7564102564102565,0.2307692307692308,0.012820512820512822,0.030634573304157548,0.1137855579868709,0.1137855579868709,0.10940919037199125,0.0,0.24070021881838075,0.0087527352297593,0.006564551422319474,0.0,0.010940919037199126,0.00437636761487965,0.006564551422319474,0.231,0.3201754385964912,0.3859649122807017,0.706140351,0.2805755395683453,24.070021881838073,10.940919037199125,477,551,101,0.20689655172413793,0.7821782178217822,0.21782178217821782,0.0,0.023593466424682397,0.0925589836660617,0.10344827586206896,0.12159709618874773,0.009074410163339383,0.21415607985480944,0.003629764065335753,0.0054446460980036296,0.0,0.0018148820326678765,0.0018148820326678765,0.0,0.239,0.333,0.367,0.7,0.289,21.4,12.2
360,416,Dominic Canzone,SEA,35,244.2258064516129,268.0,45.387096774516124,0.20161290322580644,0.7619047618993469,0.23809523809354588,0.0,0.032258064514925376,0.0967741935483871,0.12096774193548385,0.07258064516129031,0.0,0.23387096774193547,0.008064516129032258,0.008064516129032258,0.0,0.008064516129032258,0.0,0.008064516129032258,0.224,0.282258064516129,0.3716814159292035,0.6539394804453327,0.2592592592592592,23.387096774193548,7.258064516129033,243,268,62,0.27238805970149255,0.8225806451612904,0.1774193548387097,0.0,0.041044776119402986,0.11194029850746269,0.11940298507462686,0.07462686567164178,0.0,0.22014925373134328,0.011194029850746268,0.007462686567164179,0.0,0.011194029850746268,0.0037313432835820895,0.007462686567164179,0.3,0.358,0.481,0.84,0.354,22.0,7.5
365,424,Luke Keaschall,MIN,13,183.1153846153846,207.0,39.80769230769231,0.21153846153846154,0.8,0.2,0.0,0.019230769230769232,0.11538461538461539,0.09615384615384615,0.07692307692307693,0.0,0.21153846153846154,0.019230769230769232,0.0,0.0,0.019230769230769232,0.0,0.019230769230769232,0.246,0.3137254901960784,0.3478260869565217,0.6615515771526002,0.2941176470588235,21.153846153846153,7.6923076923076925,182,207,51,0.26570048309178745,0.7254901960784313,0.27450980392156865,0.0,0.01932367149758454,0.12077294685990338,0.13526570048309178,0.09178743961352658,0.0,0.14009661835748793,0.024154589371980676,0.004830917874396135,0.0,0.06763285024154589,0.014492753623188406,0.05314009661835749,0.302,0.382,0.445,0.827,0.34,14.000000000000002,9.2
366,425,Hunter Goodman,COL,82,534.4615384615385,579.0,103.92307692307693,0.22115384615384617,0.6964285714285714,0.26785714285714285,0.017857142857142856,0.041666666666666664,0.11217948717948718,0.13461538461139896,0.05769230769230769,0.0,0.2756410256410256,0.012820512820512822,0.006410256410256411,0.0,0.006410256410256411,0.0032051282051282055,0.0032051282051282055,0.239,0.2916666666666667,0.4305555555555556,0.7222222222222223,0.2931937172774869,27.56410256410257,5.769230769230769,540,579,119,0.25906735751295334,0.7226890756302521,0.23529411764705882,0.04201680672268908,0.0535405872193437,0.12607944732297063,0.15716753022452504,0.05699481865284974,0.0,0.26252158894645944,0.0069084628670120895,0.0034542314335060447,0.0,0.0017271157167530224,0.0034542314335060447,-0.0017271157167530224,0.278,0.323,0.52,0.843,0.331,26.3,5.7
370,430,Drew Waters,KCR,31,198.05217391304348,219.0,41.89565217391304,0.20869565217391306,0.6818181818181819,0.2272727272727273,0.04545454545454546,0.01739130434782609,0.11304347826086955,0.0956521739130435,0.07826086956521738,0.0,0.30434782608695654,0.008695652173913045,0.008695652173913045,0.0,0.026086956520547946,0.008695652173913045,0.01739130434782609,0.228,0.2956521739130435,0.3461538461538461,0.6418060200668896,0.3235294117647059,30.434782608695656,7.826086957,206,219,49,0.228310502283105,0.8163265306122449,0.12244897959183673,0.061224489795918366,0.0045662100456621,0.0958904109589041,0.0639269406392694,0.0502283105022831,0.0,0.273972602739726,0.0091324200913242,0.0,0.0,0.0228310502283105,0.0136986301369863,0.0091324200913242,0.243,0.288,0.316,0.603,0.338,27.399999999999995,5.0
371,431,Miguel Andujar,ATH,73,318.49174917491746,341.0,74.27722772277227,0.2376237623762376,0.787878787878788,0.196969696969697,0.015151515151515154,0.019801980198019802,0.1023102310231023,0.0957095709570957,0.04950495049504951,0.0033003300330033004,0.1353135313531353,0.006600660066006601,0.006600660066006601,0.0,0.009900990099009901,0.0033003300330033004,0.006600660066006601,0.254,0.2947019867549669,0.3710247349823322,0.6657267217372991,0.2773109243697479,13.531353135313532,4.9504950495049505,321,341,92,0.2991202346041056,0.8043478260869565,0.18478260869565216,0.010869565217391304,0.02932551319648094,0.10557184750733138,0.12903225806451613,0.04985337243401759,0.002932551319648094,0.1436950146627566,0.002932551319648094,0.005865102639296188,0.0,0.002932551319648094,0.0,0.002932551319648094,0.318,0.352,0.47,0.822,0.348,14.400000000000002,5.0
372,432,Jake Mangum,TBR,39,402.987013,428.0,94.4935064935065,0.2272727272727273,0.7352941176470588,0.20588235294117643,0.02941176470588235,0.006493506493506493,0.0974025974025974,0.08441558441558442,0.03896103896103896,0.0,0.20129870129870128,0.012987012987012986,0.006493506493506493,0.0,0.025974025974025972,0.006493506493506493,0.01948051948051948,0.242,0.2792207792207792,0.3172413793103448,0.596462159,0.2982456140350877,20.12987012987013,3.896103896103896,405,428,117,0.2803738317757009,0.8376068376068376,0.15384615384615385,0.008547008547008548,0.007009345794392523,0.08644859813084112,0.09345794392523364,0.04439252336448598,0.0,0.14953271028037382,0.004672897196261682,0.002336448598130841,0.002336448598130841,0.0630841121495327,0.014018691588785047,0.04906542056074766,0.296,0.33,0.368,0.698,0.345,15.0,4.4
376,437,Nathan Lukes,TOR,29,399.35294117647055,438.0,98.76470588235293,0.2352941176470588,0.7826086956521741,0.1739130434782609,0.0,0.00980392156862745,0.10784313725490195,0.08823529411764706,0.06862745098039216,0.0,0.17647058823529413,0.00980392156862745,0.00980392156862745,0.0,0.00980392156862745,0.0,0.00980392156862745,0.255,0.3137254901960784,0.3225806451612903,0.6363061353573687,0.3066666666666666,17.647058823529413,6.862745098039216,388,438,87,0.22602739726027396,0.7586206896551724,0.21839080459770116,0.022988505747126436,0.0273972602739726,0.12557077625570776,0.14840182648401826,0.0867579908675799,0.0045662100456621,0.136986301369863,0.0045662100456621,0.00684931506849315,0.01598173515981735,0.0045662100456621,0.0091324200913242,-0.0045662100456621,0.255,0.323,0.407,0.73,0.273,13.699999999999998,8.7
381,444,Jordan Beck,COL,98,535.5275590551181,588.0,114.20472440944881,0.2204724409448819,0.7162162162162161,0.24324324324324326,0.027027027027027025,0.026246719160104987,0.11548556430446193,0.10761154855442176,0.07349081364829395,0.0,0.2939632545931758,0.005249343832020997,0.005249343832020997,0.0,0.020997375328083986,0.005249343832020997,0.015748031496062995,0.242,0.3007915567282322,0.3890489913544668,0.689840548,0.3259911894273127,29.396325459317584,7.349081364829396,539,588,123,0.23639455782312926,0.7398373983739838,0.21951219512195122,0.04065040650406504,0.027210884353741496,0.1054421768707483,0.09013605442176871,0.07312925170068027,0.0,0.29591836734693877,0.006802721088435374,0.0017006802721088435,0.0,0.03231292517006803,0.013605442176870748,0.01870748299319728,0.258,0.317,0.416,0.732,0.351,29.600000000000005,7.3
382,445,Max Muncy,ATH,18,355.2112676056338,388.0,65.57746478873239,0.19718309859154928,0.7500000000000001,0.25,0.0,0.028169014084507043,0.09859154929577464,0.08450704225352111,0.056338028169014086,0.0,0.3098591549295774,0.014084507042253521,0.0,0.0,0.014084507042253521,0.0,0.014084507042253521,0.214,0.2714285714285714,0.3538461538461538,0.6252747252747253,0.2926829268292683,30.985915492957744,5.633802816901409,313,388,57,0.1958762886597938,0.7894736842105263,0.17543859649122806,0.03508771929824561,0.04896907216494845,0.12371134020618557,0.17268041237113402,0.16494845360824742,0.005154639175257732,0.21391752577319587,0.015463917525773196,0.01288659793814433,0.0,0.010309278350515464,0.0,0.010309278350515464,0.243,0.376,0.47,0.846,0.264,21.4,16.5
387,450,Starling Marte,NYM,71,300.2953020134228,329.0,70.65771812099328,0.23154362416107382,0.7968749999978807,0.18749999999950134,0.015624999999958446,0.0167785234893617,0.12080536912751678,0.087248322147651,0.05704697986577181,0.0,0.21140939598784192,0.020134228187919462,0.006711409395973154,0.003355704697986577,0.040268456375838924,0.013422818791946308,0.026845637583892617,0.254,0.3097643097643097,0.3602941176470588,0.6700584274113686,0.3106796116504854,21.140939597315437,5.704697986577181,293,329,70,0.24012158054711247,0.8,0.2,0.0,0.02735562310030395,0.11246200607902736,0.1033434650455927,0.0668693009118541,0.0,0.2066869300911854,0.02735562310030395,0.0121580547112462,0.00303951367781155,0.02127659574468085,0.0060790273556231,0.015197568389057751,0.27,0.335,0.41,0.745,0.318,20.7,6.7
394,460,Myles Straw,TOR,28,270.32876712328766,299.0,61.43835616438356,0.20547945205479454,0.7999999999999999,0.19999999999999998,0.0,0.0,0.1095890410958904,0.0684931506849315,0.0684931506849315,0.0,0.1917808219178082,0.0,0.0136986301369863,0.0,0.0410958904109589,0.0136986301369863,0.0273972602739726,0.232,0.2777777777777778,0.2727272727272727,0.5505050505050505,0.2830188679245283,19.17808219178082,6.8493150684931505,267,299,66,0.23411371237458195,0.7727272727272727,0.21212121212121213,0.015151515151515152,0.013377926421404682,0.1705685618729097,0.10702341137123746,0.06354515050167224,0.0,0.16722408026755853,0.0033444816053511705,0.0033444816053511705,0.03678929765886288,0.04013377926421405,0.0033444816053511705,0.03678929765886288,0.262,0.313,0.367,0.68,0.308,16.7,6.4
402,472,Jakob Marsee,MIA,16,205.75862068965515,234.0,40.3448275862069,0.1896551724137931,0.7,0.19999999999999998,0.0,0.017241379310344827,0.10344827586206895,0.08620689655172414,0.10344827586206895,0.0,0.24137931034482757,0.017241379310344827,0.0,0.0,0.034482758620689655,0.0,0.034482758620689655,0.209,0.3103448275862069,0.2941176470588235,0.6044624746450304,0.2777777777777778,24.13793103448276,10.344827586206897,209,234,56,0.2606837606837607,0.625,0.32142857142857145,0.05357142857142857,0.021367521367521368,0.11965811965811966,0.14102564102564102,0.09401709401709402,0.0,0.20512820512820512,0.008547008547008548,0.004273504273504274,0.0,0.05982905982905983,0.02564102564102564,0.03418803418803419,0.292,0.363,0.478,0.842,0.357,20.5,9.4
415,486,Isaac Collins,MIL,15,389.72093023255815,441.0,71.79069767441861,0.18604651162790697,0.8571428571428572,0.2857142857142857,0.0,0.023255813953488372,0.09302325581395349,0.09302325581395349,0.09302325581395349,0.0,0.23255813953488372,0.0,0.0,0.0,0.023255813953488372,0.0,0.023255813953488372,0.218,0.2857142857142857,0.3684210526315789,0.6541353383458646,0.2592592592592592,23.25581395348837,9.302325581,372,441,89,0.2222222222222222,0.7191011235955056,0.24719101123595505,0.033707865168539325,0.02040816326530612,0.12698412698412698,0.12244897959183673,0.1292517006802721,0.0,0.2108843537414966,0.013605442176870748,0.006802721088435374,0.006802721088435374,0.036281179138321996,0.015873015873015872,0.02040816326530612,0.263,0.368,0.411,0.779,0.326,21.1,12.9
419,491,Curtis Mead,TBR,17,243.69230769230768,264.0,56.86153846153846,0.23076923076923075,0.7142857142857143,0.21428571428571427,0.0,0.015384615384615384,0.10769230769230768,0.10769230769230768,0.061538461538461535,0.0,0.1846153846153846,0.015384615384615384,0.0,0.0,0.015384615384615384,0.0,0.015384615384615384,0.246,0.3076923076923077,0.3333333333333333,0.641025641,0.2978723404255319,18.461538461538463,6.153846153846154,240,264,53,0.21212121212121213,0.7924528301886793,0.18867924528301888,0.018867924528301886,0.011363636363636364,0.09848484848484848,0.07196969696969698,0.056818181818181816,0.0,0.23863636363636365,0.030303030303030304,0.003787878787878788,0.0,0.01893939393939394,0.003787878787878788,0.015151515151515152,0.233,0.299,0.321,0.62,0.303,23.9,5.7
425,497,Jake Bauers,MIL,31,190.05128205128204,218.0,29.811965811965816,0.1794871794871795,0.75,0.24999999999999997,0.0,0.04273504273504273,0.11965811965811966,0.1282051282051282,0.1111111111111111,0.0,0.3162393162393163,0.008547008547008548,0.008547008547008548,0.0,0.02564102564102564,0.008547008547008548,0.017094017094017096,0.208,0.2991452991452991,0.392156862745098,0.6913021618903972,0.2622950819672131,31.62393162393162,11.11111111111111,183,218,36,0.19724770642201836,0.75,0.25,0.0,0.03211009174311927,0.12844036697247707,0.12844036697247707,0.14678899082568808,0.0045871559633027525,0.2706422018348624,0.009174311926605505,0.0045871559633027525,0.0,0.03669724770642202,0.0045871559633027525,0.03211009174311927,0.235,0.353,0.399,0.752,0.305,27.1,14.7
