#,Name,Team,G,AB,PA,HIP,H,1B,2B,3B,HR,R,RBI,BB,IBB,SO,HBP,SF,SH,SB,CS,NSB,AVG,OBP,SLG,OPS,BABIP,K%,BB%,real_AB,real_PA,real_HIP,real_H,real_1B,real_2B,real_3B,real_HR,real_R,real_RBI,real_BB,real_IBB,real_SO,real_HBP,real_SF,real_SH,real_SB,real_CS,real_NSB,real_AVG,real_OBP,real_SLG,real_OPS,real_BABIP,real_K%,real_BB%
1,Freddie Freeman,LAD,155,629.5710059,730,163.06213018000003,0.2603550295890411,0.7417218545255728,0.2384105959923747,0.013245033114775907,0.03698224852054794,0.15680473369863013,0.13757396452054793,0.11982248520547945,0.011834319526027398,0.14940828397260275,0.00887573964520548,0.005917159763013699,0.0014792899410958904,0.014792899410958904,0.004437869821917809,0.01035502958630137,0.301,0.390207715,0.497427101,0.887634816,0.327548807,14.9408284,11.98224852,637,730,182,0.28904109589041094,0.6648351648351648,0.3241758241758242,0.01098901098901099,0.03972602739726028,0.17945205479452056,0.13972602739726028,0.09863013698630137,0.01643835616438356,0.16575342465753426,0.021917808219178082,0.00684931506849315,0.0,0.031506849315068496,0.0013698630136986301,0.030136986301369864,0.331,0.41,0.567,0.976,0.37,16.6,9.9
2,Marcus Semien,TEX,154,678.2577778,753,139.4444444,0.22518518512616204,0.7280000005507569,0.24800000006310755,0.02400000001003984,0.04,0.1392592592297477,0.11555555555112881,0.08592592592297477,0.0,0.18518518512616203,0.004444444444887118,0.007407407407702523,0.002962962962815405,0.028148148154050465,0.008888888888446215,0.0192592592563081,0.25,0.316023739,0.444078947,0.760102686,0.271149675,18.51851852,8.592592593,670,753,156,0.2456839309428951,0.717948717948718,0.2564102564102564,0.02564102564102564,0.03851261620185923,0.16201859229747675,0.13280212483399734,0.09561752988047809,0.0013280212483399733,0.1460823373173971,0.006640106241699867,0.006640106241699867,0.0,0.01859229747675963,0.00398406374501992,0.014608233731739707,0.276,0.348,0.478,0.826,0.291,14.6,9.6
3,Juan Soto,SDP,152,554.9189189,708,123.31531531,0.21921921920903956,0.7500000000608197,0.23275862067777087,0.017241379310065197,0.04504504504237288,0.15765765762711864,0.13363363362994352,0.20270270268361582,0.012012012012711864,0.14564564562146892,0.006006006005649717,0.004504504504237288,0.0015015015014124293,0.013513513514124293,0.006006006005649717,0.0075075075070621475,0.279,0.429216867,0.511494253,0.94071112,0.291457286,14.56456456,20.27027027,568,708,121,0.22033898305084745,0.7272727272727273,0.2644628099173554,0.008264462809917356,0.04943502824858757,0.1370056497175141,0.153954802259887,0.1864406779661017,0.015536723163841809,0.18220338983050846,0.002824858757062147,0.007062146892655367,0.0014124293785310734,0.01694915254237288,0.007062146892655367,0.009887005649717515,0.275,0.41,0.519,0.93,0.296,18.2,18.6
4,Trea Turner,PHI,152,632.8105263,691,162.09924812,0.2676691729377713,0.7564102561982938,0.21794871795979062,0.025641025638336565,0.033082706772793055,0.15187969927641098,0.12180451127351664,0.06766917293777135,0.0015037593979739508,0.1744360901591896,0.007518796992764111,0.007518796992764111,0.0030075187973950795,0.04360902256150506,0.009022556390738061,0.03458646616497829,0.292,0.343373494,0.469622332,0.812995826,0.327731092,17.44360902,6.766917293,639,691,144,0.2460202604920405,0.7222222222222222,0.24305555555555555,0.034722222222222224,0.03762662807525326,0.1476121562952243,0.10998552821997105,0.06512301013024602,0.002894356005788712,0.2170767004341534,0.008683068017366137,0.001447178002894356,0.0,0.04341534008683068,0.0,0.04341534008683068,0.266,0.32,0.459,0.778,0.31,21.7,6.5
5,Matt Olson,ATL,154,622.9090909,720,117.81818182,0.21666666666666667,0.7037037037005601,0.2870370370480395,0.009259259259887975,0.05303030302777778,0.1363636363611111,0.15303030305555554,0.11515151515277779,0.007575757576388889,0.22272727277777776,0.010606060605555554,0.007575757576388889,0.0015151515152777779,0.0030303030305555557,0.0015151515152777779,0.0015151515152777779,0.25,0.342943854,0.492119089,0.835062944,0.274111675,22.27272727,11.51515152,608,720,118,0.2388888888888889,0.7457627118644068,0.2288135593220339,0.025423728813559324,0.075,0.1763888888888889,0.19305555555555556,0.14444444444444443,0.011111111111111112,0.23194444444444445,0.005555555555555556,0.005555555555555556,0.0,0.001388888888888889,0.0,0.001388888888888889,0.283,0.389,0.604,0.993,0.302,23.2,14.4
6,Vladimir Guerrero Jr.,TOR,152,604.3823976,682,138.676783,0.2564491653958944,0.7462686569531974,0.24626865673686701,0.007462686569531973,0.05311077390029326,0.14567526555718477,0.15477996964809385,0.09711684370967742,0.007587253414956012,0.15629742038123168,0.009104704096774193,0.004552352048387096,0.0,0.009104704096774193,0.003034901365102639,0.006069802731671554,0.289,0.363774734,0.529109589,0.892884323,0.29844098,15.62974203,9.71168437,602,682,133,0.23313782991202345,0.7744360902255639,0.22556390977443608,0.0,0.03812316715542522,0.11436950146627566,0.1378299120234604,0.09824046920821114,0.007331378299120235,0.1466275659824047,0.013196480938416423,0.005865102639296188,0.0,0.007331378299120235,0.004398826979472141,0.002932551319648094,0.264,0.345,0.444,0.788,0.277,14.7,9.8
7,Bo Bichette,TOR,151,555.331307,601,134.26595744000002,0.2629179331114809,0.7414965986779619,0.251700680309095,0.013605442174844105,0.039513677803660566,0.14285714286189682,0.1352583586688852,0.062310030399334436,0.0,0.20516717321131447,0.006079027356073212,0.006079027356073212,0.0015197568386023294,0.02431610941763727,0.00759878419467554,0.016717325224625622,0.285,0.331811263,0.481907895,0.813719158,0.32594235,20.51671733,6.23100304,571,601,155,0.2911813643926789,0.7870967741935484,0.1935483870967742,0.01935483870967742,0.033277870216306155,0.11480865224625623,0.12146422628951747,0.04492512479201331,0.0,0.1913477537437604,0.0033277870216306157,0.0016638935108153079,0.0,0.008319467554076539,0.004991680532445923,0.0033277870216306157,0.306,0.339,0.475,0.814,0.355,19.1,4.5
8,Pete Alonso,NYM,154,573.8721461,658,113.17199394000001,0.22983257234042553,0.752212389181132,0.23893805303400664,0.008849557519778024,0.057838660577507604,0.1354642313525836,0.16742770167173254,0.10197869101823707,0.012176560121580547,0.19939117203647416,0.01826484018237082,0.007610350075987842,0.0,0.006088280060790274,0.0015220700151975684,0.004566210045592705,0.263,0.350076104,0.513089005,0.863165109,0.276283619,19.9391172,10.1978691,568,658,77,0.18693009118541035,0.7012987012987013,0.2727272727272727,0.025974025974025976,0.06990881458966565,0.1398176291793313,0.17933130699088146,0.09878419452887538,0.00911854103343465,0.22948328267477203,0.031914893617021274,0.0060790273556231,0.0,0.0060790273556231,0.001519756838905775,0.004559270516717325,0.217,0.318,0.504,0.821,0.205,22.9,9.9
9,Francisco Lindor,NYM,151,610.4335878,687,131.10687028,0.22595419854439594,0.7599999996735487,0.20799999993715051,0.023999999986880932,0.03511450381368268,0.13435114503639012,0.1312977099272198,0.08854961832605532,0.003053435114992722,0.18167938937409023,0.012213740458515284,0.007633587786026201,0.003053435114992722,0.022900763362445415,0.007633587786026201,0.01526717557496361,0.254,0.327718224,0.426116838,0.753835062,0.280898876,18.16793893,8.854961832,602,687,122,0.22270742358078602,0.7131147540983607,0.27049180327868855,0.01639344262295082,0.04512372634643377,0.1572052401746725,0.14264919941775836,0.09606986899563319,0.001455604075691412,0.19941775836972345,0.017467248908296942,0.010189228529839884,0.0,0.04512372634643377,0.005822416302765648,0.039301310043668124,0.254,0.336,0.47,0.806,0.277,19.9,9.6
10,Manny Machado,SDP,152,533.9159021,601,117.62691135999998,0.2415902141430948,0.7578124997024491,0.2265624998724782,0.007812500000000002,0.045871559633943425,0.1406727828785358,0.15137614678868552,0.09785932722129784,0.010703363915141432,0.18501529051580698,0.004587155963394343,0.009174311926788687,0.0,0.015290519876871881,0.004587155963394343,0.010703363915141432,0.272,0.344036697,0.47848537,0.822522067,0.293577982,18.50152905,9.785932722,543,601,110,0.23294509151414308,0.8090909090909091,0.19090909090909092,0.0,0.04991680532445923,0.12479201331114809,0.15141430948419302,0.08319467554076539,0.0016638935108153079,0.18136439267886856,0.0033277870216306157,0.009983361064891847,0.0,0.004991680532445923,0.0033277870216306157,0.0016638935108153079,0.258,0.319,0.462,0.782,0.268,18.1,8.3
11,Jose Ramirez,CLE,151,605.0230415,691,131.61904763,0.23655913979739507,0.6774193547627329,0.29032258064516125,0.03225806451612903,0.04608294930535456,0.14592933950795947,0.15821812590448625,0.10599078341534009,0.015360983096960927,0.13210445468885673,0.009216589861070911,0.009216589861070911,0.0,0.033794162821997105,0.009216589861070911,0.024577572966714905,0.269,0.351766513,0.505263158,0.857029671,0.269565217,13.21044547,10.59907834,611,691,148,0.24891461649782923,0.722972972972973,0.24324324324324326,0.033783783783783786,0.03473227206946455,0.12590448625180897,0.11577424023154848,0.10564399421128799,0.03183791606367583,0.10564399421128799,0.001447178002894356,0.008683068017366137,0.0,0.04052098408104197,0.008683068017366137,0.03183791606367583,0.282,0.356,0.475,0.831,0.285,10.6,10.6
12,Austin Riley,ATL,152,639.2165899,715,137.28878647,0.24270353300699302,0.7360000004230499,0.24800000003962452,0.016000000003496283,0.050691244237762244,0.13671274962237762,0.1490015360839161,0.08141321044755245,0.0030721966209790214,0.24423963132867135,0.01689708141258741,0.0076804915510489515,0.0,0.0015360983104895107,0.0,0.0015360983104895107,0.272,0.341013825,0.501718213,0.842732038,0.316455696,24.42396313,8.141321045,636,715,142,0.25034965034965034,0.7535211267605634,0.22535211267605634,0.02112676056338028,0.05174825174825175,0.16363636363636364,0.13566433566433567,0.08251748251748252,0.005594405594405594,0.24055944055944056,0.012587412587412588,0.015384615384615385,0.0,0.004195804195804196,0.0013986013986013986,0.002797202797202797,0.281,0.345,0.516,0.861,0.324,24.1,8.3
13,Paul Goldschmidt,STL,152,599.4101382,687,136.13364052,0.24423963129548762,0.7519379846817602,0.23255813962713234,0.007751937985122503,0.04608294931586608,0.14592933944687045,0.1490015360989811,0.11367127496360989,0.001536098310043668,0.21351766506550218,0.007680491551673945,0.006144393241630276,0.001536098310043668,0.01075268817176128,0.003072196620087336,0.007680491551673945,0.28,0.365591398,0.492957746,0.858549144,0.320099256,21.35176651,11.3671275,593,687,134,0.2314410480349345,0.7686567164179104,0.23134328358208955,0.0,0.036390101892285295,0.12954876273653565,0.11644832605531295,0.12663755458515283,0.008733624454148471,0.23435225618631733,0.004366812227074236,0.004366812227074236,0.0,0.01601164483260553,0.002911208151382824,0.013100436681222707,0.268,0.363,0.447,0.81,0.327,23.4,12.7
14,Dansby Swanson,CHC,151,577.941358,638,123.07098767000001,0.2283950617554859,0.7439999998660936,0.2399999999934997,0.01599999999414972,0.0354938271630094,0.12962962962382446,0.12191358025078369,0.0771604938244514,0.0015432098761755486,0.25154320987460815,0.007716049382445141,0.007716049382445141,0.003086419752351097,0.02160493827586207,0.007716049382445141,0.013888888888714732,0.252,0.313755796,0.427597956,0.741353752,0.307881773,25.15432099,7.716049383,565,638,116,0.21630094043887146,0.7586206896551724,0.21551724137931033,0.02586206896551724,0.034482758620689655,0.12695924764890282,0.12539184952978055,0.10344827586206896,0.0,0.2413793103448276,0.007836990595611285,0.003134796238244514,0.0,0.014106583072100314,0.001567398119122257,0.012539184952978056,0.244,0.328,0.416,0.744,0.297,24.1,10.3
15,Aaron Judge,NYY,149,387.2117465,458,79.28284389999999,0.23956723340611352,0.7678571427985823,0.22321428570752871,0.008928571430823764,0.06646058733624455,0.16074188563318778,0.1638330757423581,0.1375579598253275,0.013910355486899563,0.2581143740174673,0.00927357032532751,0.0061823802161572045,0.0015455950545851529,0.015455950541484716,0.004636785161572052,0.010819165377729258,0.283,0.386996904,0.568555759,0.955552663,0.328445748,25.8114374,13.75579598,367,458,61,0.21397379912663755,0.7377049180327869,0.26229508196721313,0.0,0.08078602620087336,0.17248908296943233,0.16375545851528384,0.19213973799126638,0.019650655021834062,0.2838427947598253,0.0,0.006550218340611353,0.0,0.006550218340611353,0.002183406113537118,0.004366812227074236,0.267,0.406,0.613,1.019,0.3,28.4,19.2
16,Mookie Betts,LAD,145,604.8976744,693,131.07906975999998,0.2356589147186147,0.6967213115504491,0.2786885246201797,0.024590163936177144,0.04651162790764791,0.16744186046176046,0.13023255813852813,0.10387596898989898,0.0015503875974025973,0.1627906976911977,0.012403100774891774,0.0077519379841269834,0.003100775193362193,0.020155038759018758,0.006201550388167388,0.013953488372294372,0.27,0.353032659,0.500888099,0.853920759,0.281755196,16.27906977,10.3875969,584,693,140,0.2582972582972583,0.7071428571428572,0.2857142857142857,0.007142857142857143,0.05627705627705628,0.18181818181818182,0.1544011544011544,0.13852813852813853,0.004329004329004329,0.1544011544011544,0.011544011544011544,0.007215007215007215,0.0,0.020202020202020204,0.004329004329004329,0.015873015873015872,0.307,0.408,0.579,0.987,0.316,15.4,13.9
17,Rafael Devers,BOS,148,588.6656299,656,132.62830479000002,0.2503888024390244,0.7153846155255529,0.2769230770019555,0.01538461538983529,0.04821150855182927,0.13996889580792682,0.14930015551829268,0.0839813374847561,0.009331259719512194,0.19751166402439024,0.009331259719512194,0.006220839814024389,0.0015552099527439025,0.006220839814024389,0.0031104199070121946,0.0031104199070121946,0.28,0.344773791,0.511265165,0.856038956,0.307328605,19.75116641,8.398133748,580,656,124,0.23932926829268292,0.7258064516129032,0.27419354838709675,0.0,0.05030487804878049,0.13719512195121952,0.1524390243902439,0.09451219512195122,0.01524390243902439,0.19207317073170732,0.01676829268292683,0.004573170731707317,0.0,0.007621951219512195,0.001524390243902439,0.006097560975609756,0.271,0.351,0.5,0.851,0.292,19.2,9.5
18,Bryan Reynolds,PIT,150,561.8779343,640,127.19874801,0.23630672921875,0.748031496288939,0.22047244103216548,0.03149606300122576,0.037558685453125004,0.13302034428125,0.122065727703125,0.098591549296875,0.0062597809078125,0.21439749609374997,0.015649452265625,0.0062597809078125,0.0015649452265625,0.0109546165890625,0.0046948356812500005,0.0062597809078125,0.27,0.351097179,0.461675579,0.812772758,0.314356436,21.43974961,9.85915493,574,640,127,0.2359375,0.7165354330708661,0.2440944881889764,0.03937007874015748,0.0375,0.1328125,0.13125,0.0828125,0.003125,0.215625,0.0109375,0.009375,0.0,0.01875,0.0015625,0.0171875,0.263,0.33,0.46,0.79,0.304,21.6,8.3
19,Nolan Arenado,STL,150,551.5673981,612,118.94670847999998,0.23981191225490195,0.7338709676415925,0.25806451605309694,0.016129032257522123,0.045454545457516336,0.12382445140522877,0.1520376175490196,0.08307210031045752,0.004702194357843138,0.12852664576797387,0.007836990596405228,0.007836990596405228,0.0,0.006269592477124183,0.0015673981192810458,0.004702194357843138,0.267,0.330721003,0.48173913,0.812460134,0.264392324,12.85266458,8.307210031,560,612,123,0.2434640522875817,0.7723577235772358,0.21138211382113822,0.016260162601626018,0.042483660130718956,0.11601307189542484,0.15196078431372548,0.06699346405228758,0.008169934640522876,0.1650326797385621,0.004901960784313725,0.013071895424836602,0.0,0.004901960784313725,0.004901960784313725,0.0,0.266,0.315,0.459,0.774,0.279,16.5,6.7
20,Bobby Witt Jr.,KCR,148,641.6226415,694,144.03773589,0.24213836484149856,0.7121212116131382,0.24999999991321722,0.037878787869636235,0.03459119497118156,0.1367924528242075,0.12578616351585015,0.056603773587896256,0.0031446540878962534,0.21226415100864554,0.00943396226368876,0.007861635220461094,0.0031446540878962534,0.04559748427953891,0.012578616351585014,0.03301886792507205,0.262,0.308661417,0.447278912,0.755940329,0.302752294,21.22641509,5.660377358,641,694,147,0.25504322766570603,0.7346938775510204,0.19047619047619047,0.07482993197278912,0.043227665706051875,0.13976945244956773,0.138328530259366,0.05763688760806916,0.001440922190201729,0.17435158501440923,0.005763688760806916,0.011527377521613832,0.001440922190201729,0.07060518731988473,0.021613832853025938,0.04899135446685879,0.276,0.319,0.495,0.813,0.295,17.4,5.8
21,Ronald Acuna Jr.,ATL,143,629.3364929,735,135.85308062,0.23064770938775508,0.7350427348005177,0.24786324775503646,0.008547008545561533,0.04581358609523809,0.16271721959183674,0.12164296998639455,0.11690363349659863,0.006319115323809524,0.24012638231292516,0.017377567142857143,0.006319115323809524,0.003159557662585034,0.05213270142857143,0.01579778831292517,0.03633491311564626,0.269,0.366085578,0.485239852,0.851325431,0.320547945,24.01263823,11.69036335,643,735,176,0.29523809523809524,0.7784090909090909,0.19886363636363635,0.022727272727272728,0.055782312925170066,0.20272108843537415,0.14421768707482993,0.10884353741496598,0.004081632653061225,0.11428571428571428,0.012244897959183673,0.004081632653061225,0.0,0.09931972789115646,0.01904761904761905,0.08027210884353742,0.337,0.416,0.596,1.012,0.338,11.4,10.9
22,Xander Bogaerts,SDP,148,586.2085308,665,141.82464457,0.24328594,0.75555555541767,0.22962962959463598,0.007407407409235433,0.03001579778947368,0.12954186413533833,0.1216429699849624,0.09636650869172933,0.0031595576616541355,0.18799368090225563,0.011058451816541354,0.009478672986466164,0.0015797788315789472,0.012638230648120303,0.0031595576616541355,0.009478672986466164,0.275,0.351265823,0.435483871,0.786749694,0.316901408,18.79936809,9.636650869,596,665,151,0.2556390977443609,0.7814569536423841,0.2052980132450331,0.013245033112582781,0.02857142857142857,0.12481203007518797,0.08721804511278196,0.08421052631578947,0.0,0.16541353383458646,0.010526315789473684,0.009022556390977444,0.0,0.02857142857142857,0.0030075187969924814,0.02556390977443609,0.285,0.35,0.44,0.79,0.319,16.5,8.4
23,Alex Bregman,HOU,148,612.703645,724,133.09667193,0.2202852614640884,0.7241379311173884,0.27586206903287813,0.008620689656338274,0.036450079240331494,0.1362916006353591,0.1362916006353591,0.12836767035911603,0.0031695721077348066,0.12995245642265194,0.014263074488950275,0.00950871632320442,0.0,0.0031695721077348066,0.0015847860538674033,0.0015847860538674033,0.261,0.363492063,0.45505618,0.818548243,0.266666667,12.99524564,12.83676704,622,724,138,0.22513812154696133,0.7681159420289855,0.2028985507246377,0.028985507246376812,0.034530386740331494,0.14226519337016574,0.13535911602209943,0.1270718232044199,0.0013812154696132596,0.12016574585635359,0.011049723756906077,0.0027624309392265192,0.0,0.004143646408839779,0.0013812154696132596,0.0027624309392265192,0.262,0.363,0.441,0.804,0.27,12.0,12.7
24,Jose Altuve,HOU,144,362.5673534,410,83.16957211,0.24247226624390245,0.7499999999699408,0.23437499996054748,0.007812499998684915,0.03961965134146341,0.1568938193414634,0.1125198098292683,0.09667194929268293,0.0015847860536585365,0.15055467512195123,0.01109350237804878,0.00475435816097561,0.003169572107317073,0.0206022187,0.00475435816097561,0.01584786053902439,0.274,0.351351351,0.464157706,0.815509057,0.290249433,15.05546751,9.667194929,360,410,95,0.2731707317073171,0.7578947368421053,0.22105263157894736,0.021052631578947368,0.041463414634146344,0.18536585365853658,0.12439024390243902,0.1073170731707317,0.0,0.17317073170731706,0.012195121951219513,0.0024390243902439024,0.0,0.03414634146341464,0.004878048780487805,0.02926829268292683,0.311,0.393,0.522,0.915,0.348,17.3,10.7
25,Kyle Tucker,HOU,152,604.4603175,674,129.45079370000002,0.24444444451038577,0.7107438014109293,0.27272727258681917,0.024793388424006236,0.05238095237388724,0.1365079365133531,0.1571428571216617,0.09206349206231454,0.004761904762611276,0.1666666666172107,0.004761904762611276,0.006349206348664688,0.0015873015875370918,0.03492063492581603,0.00793650793620178,0.026984126988130564,0.273,0.341269841,0.518584071,0.859853912,0.280742459,16.66666667,9.206349206,574,674,134,0.24183976261127596,0.6865671641791045,0.27611940298507465,0.03731343283582089,0.04302670623145401,0.14391691394658754,0.1661721068249258,0.11869436201780416,0.013353115727002967,0.13649851632047477,0.004451038575667656,0.01483679525222552,0.0,0.04451038575667656,0.00741839762611276,0.037091988130563795,0.284,0.369,0.517,0.886,0.289,13.6,11.9
26,Julio Rodriguez,SEA,145,641.1196172,714,144.62200956,0.24880382773109247,0.7480314962372177,0.22834645667331296,0.02362204724850457,0.046251993613445376,0.1483253588235294,0.12918660287114844,0.08293460924369749,0.006379585326330532,0.2424242424369748,0.014354066988795518,0.004784688995798319,0.0031897926638655466,0.043062200952380954,0.011164274322128851,0.03189792663865546,0.277,0.346092504,0.493783304,0.839875808,0.32987013,24.24242424,8.293460925,654,714,148,0.25210084033613445,0.7364864864864865,0.25,0.013513513513513514,0.04481792717086835,0.14285714285714285,0.14425770308123248,0.06582633053221289,0.008403361344537815,0.24509803921568626,0.015406162464985995,0.0028011204481792717,0.0,0.05182072829131653,0.014005602240896359,0.037815126050420166,0.275,0.333,0.485,0.818,0.33,24.5,6.6
27,Jose Abreu,HOU,147,526.7368421,594,123.15789476,0.24082934612794615,0.753846153678764,0.238461538395332,0.007692307690433924,0.033492822962962965,0.12440191387205386,0.13237639553872055,0.08293460924242424,0.0031897926632996633,0.19457735252525254,0.02073365230639731,0.00956937798989899,0.0,0.0015948963316498317,0.0,0.0015948963316498317,0.272,0.344497608,0.444244604,0.788742212,0.31026253,19.45773525,8.293460925,540,594,110,0.21548821548821548,0.7818181818181819,0.20909090909090908,0.00909090909090909,0.030303030303030304,0.10437710437710437,0.15151515151515152,0.0707070707070707,0.0016835016835016834,0.21885521885521886,0.010101010101010102,0.010101010101010102,0.0,0.0,0.0016835016835016834,-0.0016835016835016834,0.237,0.296,0.383,0.68,0.276,21.9,7.1
28,Cedric Mullins,BAL,145,410.6629393,455,91.58146961,0.23003194879120878,0.7460317463887879,0.23015873025145703,0.031746031761457336,0.028753993604395605,0.13418530351648353,0.09744408945054946,0.0750798721978022,0.0031948881780219777,0.18849840254945055,0.011182108626373628,0.006389776358241758,0.006389776358241758,0.04792332268131868,0.012779552716483516,0.03514376997802198,0.255,0.317817014,0.417699115,0.735516129,0.290993072,18.84984026,7.50798722,404,455,79,0.20659340659340658,0.6708860759493671,0.2911392405063291,0.0379746835443038,0.03296703296703297,0.11208791208791209,0.16263736263736264,0.0945054945054945,0.002197802197802198,0.22197802197802197,0.002197802197802198,0.008791208791208791,0.006593406593406593,0.041758241758241756,0.006593406593406593,0.035164835164835165,0.233,0.305,0.416,0.721,0.271,22.2,9.5
29,Amed Rosario,CLE,146,513.608,545,132.54399999999998,0.2608,0.7894736842105264,0.17763157894736845,0.03947368421052632,0.0176,0.1264,0.104,0.0448,0.0,0.1776,0.0064,0.0064,0.0016,0.0256,0.0064,0.019200000000000002,0.278,0.312,0.400679117,0.712679117,0.322717622,17.76,4.48,510,545,128,0.24587155963302754,0.7421875,0.1953125,0.0625,0.011009174311926606,0.12844036697247707,0.10642201834862386,0.05321100917431193,0.0,0.181651376146789,0.005504587155963303,0.005504587155963303,0.0,0.027522935779816515,0.003669724770642202,0.023853211009174313,0.263,0.305,0.378,0.683,0.314,18.2,5.3
30,Willy Adames,MIL,145,573.5865385,638,112.46794867,0.2211538460815047,0.7272727275394699,0.25454545466993445,0.009090909090909092,0.04487179487460815,0.13461538460815048,0.13461538460815048,0.08814102564263322,0.0032051282053291536,0.272435897492163,0.0032051282053291536,0.004807692307210031,0.0016025641018808778,0.012820512819749217,0.004807692307210031,0.008012820512539185,0.246,0.314009662,0.44741533,0.761424992,0.300546448,27.24358974,8.814102564,553,638,96,0.18808777429467086,0.6770833333333334,0.3020833333333333,0.020833333333333332,0.03761755485893417,0.11442006269592477,0.12539184952978055,0.11128526645768025,0.001567398119122257,0.25862068965517243,0.009404388714733543,0.009404388714733543,0.0,0.007836990595611285,0.004702194357366771,0.003134796238244514,0.217,0.31,0.407,0.717,0.259,25.9,11.1
31,Matt Chapman,TOR,150,505.5817308,581,86.59134619,0.1971153846815835,0.6989247308524839,0.27956989231789653,0.021505376333034232,0.04807692308089501,0.13141025640275386,0.13141025640275386,0.10897435896729776,0.0,0.2900641025817556,0.012820512820998279,0.008012820512908778,0.0016025641032702237,0.003205128204819277,0.003205128204819277,0.0,0.226,0.318910256,0.447513812,0.766424069,0.275964392,29.00641026,10.8974359,509,581,105,0.2099827882960413,0.6095238095238096,0.37142857142857144,0.01904761904761905,0.029259896729776247,0.11359724612736662,0.09294320137693632,0.10671256454388985,0.0017211703958691911,0.28399311531841653,0.013769363166953529,0.0034423407917383822,0.0,0.0068846815834767644,0.0034423407917383822,0.0034423407917383822,0.24,0.33,0.424,0.755,0.319,28.4,10.7
32,Christian Yelich,MIL,144,537.8076923,632,118.49999998999999,0.21314102563291137,0.7521367522153702,0.21367521368891776,0.0256410256392946,0.02564102564873418,0.13942307693037975,0.09775641025316455,0.13461538462025316,0.006410256409810127,0.24198717943037973,0.008012820512658227,0.004807692306962025,0.003205128205696203,0.02564102564873418,0.006410256409810127,0.019230769224683544,0.25,0.356340289,0.397363465,0.753703754,0.31880109,24.19871795,13.46153846,550,632,134,0.24208860759493672,0.7388059701492538,0.2537313432835821,0.007462686567164179,0.030063291139240507,0.16772151898734178,0.12025316455696203,0.12341772151898735,0.011075949367088608,0.22151898734177214,0.004746835443037975,0.0015822784810126582,0.0,0.04430379746835443,0.004746835443037975,0.03955696202531646,0.278,0.37,0.447,0.818,0.342,22.2,12.3
33,Tommy Edman,STL,147,483.0096463,528,115.44694532000001,0.2379421221590909,0.7500000000866198,0.22058823530940347,0.029411764707920465,0.019292604507575757,0.13665594856060606,0.09324758842803031,0.06591639871212121,0.0016077170416666667,0.16398713825757577,0.009646302249999999,0.004823151124999999,0.0032154340833333334,0.04180064308712121,0.009646302249999999,0.03215434083333333,0.261,0.315024233,0.390158172,0.705182405,0.296943231,16.39871383,6.591639871,479,528,106,0.22537878787878787,0.7264150943396226,0.2358490566037736,0.03773584905660377,0.02462121212121212,0.13068181818181818,0.08901515151515152,0.06628787878787878,0.001893939393939394,0.1590909090909091,0.013257575757575758,0.007575757575757576,0.005681818181818182,0.05113636363636364,0.007575757575757576,0.043560606060606064,0.248,0.307,0.399,0.705,0.275,15.9,6.6
34,Randy Arozarena,TBR,145,584.2681745,654,128.89822297,0.23101777064220183,0.7213114752686648,0.25409836059278296,0.024590163929084616,0.03392568659021407,0.12762520194189603,0.12439418417431193,0.079159935382263,0.0032310177706422016,0.24717285948012233,0.021001615504587158,0.006462035541284403,0.0016155088853211008,0.04523424879204893,0.016155088853211007,0.029079159938837917,0.259,0.331179321,0.439421338,0.77060066,0.318537859,24.71728595,7.915993538,551,654,117,0.21406727828746178,0.811965811965812,0.1623931623931624,0.02564102564102564,0.035168195718654434,0.1452599388379205,0.12691131498470948,0.12232415902140673,0.0015290519877675841,0.23853211009174313,0.027522935779816515,0.00764525993883792,0.0,0.03363914373088685,0.01529051987767584,0.01834862385321101,0.254,0.364,0.425,0.789,0.31,23.9,12.2
35,Corey Seager,TEX,143,474.420712,536,108.41423945999999,0.24757281548507462,0.7360000001608645,0.2400000000885493,0.016000000005903285,0.04530744335820895,0.1375404530783582,0.13430420712686567,0.0954692556716418,0.00647249190858209,0.1601941747574627,0.01132686084141791,0.008090614886194029,0.0016181229776119402,0.0032362459552238805,0.0016181229776119402,0.0016181229776119402,0.279,0.354368932,0.493601463,0.847970395,0.294117647,16.01941748,9.546925566,477,536,123,0.291044776119403,0.6585365853658537,0.34146341463414637,0.0,0.061567164179104475,0.16417910447761194,0.1791044776119403,0.0914179104477612,0.016791044776119403,0.16417910447761194,0.007462686567164179,0.011194029850746268,0.0,0.0037313432835820895,0.0018656716417910447,0.0018656716417910447,0.327,0.39,0.623,1.013,0.34,16.4,9.1
36,Kyle Schwarber,PHI,144,616.3106796,720,97.86407770000001,0.19902912625000002,0.726190476017739,0.2499999999489087,0.023809523798332385,0.06310679611111111,0.15048543694444444,0.14886731388888888,0.12783171520833334,0.004854368931944445,0.28802589,0.00970873786388889,0.004854368931944445,0.0016181229777777778,0.011326860841666668,0.0032362459541666667,0.008090614886111111,0.232,0.337115073,0.50094518,0.838060253,0.266666667,28.802589,12.78317152,585,720,68,0.1597222222222222,0.7058823529411765,0.27941176470588236,0.014705882352941176,0.06527777777777778,0.15,0.14444444444444443,0.175,0.006944444444444444,0.2986111111111111,0.008333333333333333,0.004166666666666667,0.0,0.0,0.002777777777777778,-0.002777777777777778,0.197,0.343,0.474,0.817,0.209,29.9,17.5
37,Jake Cronenworth,SDP,146,458.6504854,522,100.5145631,0.22006472490421455,0.7226890756887745,0.24369747899744887,0.033613445383418275,0.02750809061302682,0.12783171521072798,0.11812297733716474,0.09546925567049808,0.0032362459540229887,0.17313915858237547,0.017799352750957856,0.00809061488697318,0.0016181229770114943,0.006472491909961686,0.0032362459540229887,0.0032362459540229887,0.251,0.333333333,0.41252302,0.745856354,0.280660377,17.31391586,9.546925566,458,522,95,0.20114942528735633,0.6736842105263158,0.25263157894736843,0.07368421052631578,0.019157088122605363,0.10344827586206896,0.09195402298850575,0.08812260536398467,0.0038314176245210726,0.18582375478927204,0.0210727969348659,0.009578544061302681,0.0019157088122605363,0.011494252873563218,0.0019157088122605363,0.009578544061302681,0.229,0.312,0.378,0.689,0.267,18.6,8.8
39,Carlos Correa,MIN,143,509.4975689,580,116.56401946,0.2382495948275862,0.7499999999571051,0.23387096769904062,0.008064516129032258,0.03727714748275862,0.1264181523448276,0.12317666125862069,0.1037277147413793,0.0032414910862068966,0.19611021068965517,0.00810372771551724,0.00810372771551724,0.0016207455431034483,0.0,0.0016207455431034483,-0.0016207455431034483,0.271,0.350649351,0.453874539,0.804523889,0.307692308,19.61102107,10.37277147,514,580,100,0.20344827586206896,0.69,0.29,0.02,0.03103448275862069,0.10344827586206896,0.11206896551724138,0.10172413793103448,0.005172413793103448,0.22586206896551725,0.006896551724137931,0.005172413793103448,0.0,0.0,0.0,0.0,0.23,0.312,0.399,0.711,0.272,22.6,10.2
40,Christian Walker,ARI,147,584.9367909,661,117.84440839999999,0.22042139379727685,0.7363636365796377,0.25454545461488354,0.018181818187989647,0.04213938411497731,0.12479740680786687,0.136142625612708,0.09400324149773072,0.0032414910862329804,0.21231766611195158,0.011345218800302571,0.008103727714069591,0.0,0.0032414910862329804,0.0016207455431164902,0.0016207455431164902,0.249,0.326298701,0.452380952,0.778679654,0.279187817,21.23176661,9.400324149,582,661,117,0.22692889561270801,0.6752136752136753,0.3076923076923077,0.017094017094017096,0.049924357034795766,0.13010590015128592,0.15582450832072617,0.09379727685325265,0.0045385779122541605,0.19213313161875945,0.012102874432677761,0.012102874432677761,0.0,0.01664145234493192,0.0,0.01664145234493192,0.258,0.333,0.497,0.83,0.272,19.2,9.4
41,Nathaniel Lowe,TEX,146,643.9479675,724,150.68617891,0.2439024390883978,0.7734374999953338,0.20312499992637845,0.015624999996889231,0.03577235772099448,0.12357723577348065,0.12357723577348065,0.09918699186464087,0.003252032520718232,0.23252032513812157,0.006504065040055249,0.00487804878038674,0.0,0.006504065040055249,0.0016260162596685081,0.00487804878038674,0.273,0.349593496,0.447897623,0.797491119,0.332467532,23.25203252,9.918699187,623,724,146,0.22513812154696133,0.7191780821917808,0.2602739726027397,0.02054794520547945,0.023480662983425413,0.12292817679558012,0.1132596685082873,0.12845303867403315,0.0027624309392265192,0.22790055248618785,0.006906077348066298,0.004143646408839779,0.0,0.0013812154696132596,0.0,0.0013812154696132596,0.262,0.36,0.414,0.775,0.329,22.8,12.8
42,Brandon Nimmo,NYM,140,580.9218241,682,141.06514660000002,0.22964169384164224,0.7480314956834276,0.21259842514493935,0.03937007873211964,0.02280130293255132,0.14332247557184752,0.09446254071847507,0.11889250813782992,0.0,0.18241042346041056,0.019543973944281527,0.0032573289897360703,0.004885993485337243,0.008143322475073314,0.004885993485337243,0.0032573289897360703,0.27,0.370491803,0.420650096,0.791141899,0.318295739,18.24104235,11.88925081,592,682,138,0.2375366568914956,0.7391304347826086,0.21739130434782608,0.043478260869565216,0.03519061583577713,0.13049853372434017,0.09970674486803519,0.10850439882697947,0.0,0.21407624633431085,0.016129032258064516,0.005865102639296188,0.001466275659824047,0.004398826979472141,0.004398826979472141,0.0,0.274,0.363,0.466,0.829,0.324,21.4,10.9
43,Steven Kwan,CLE,142,634.9739414,718,171.899022848,0.2508143323119777,0.7823129251811488,0.1836734693245951,0.03401360543026512,0.01140065146518106,0.13355048859331475,0.08957654722841225,0.09283387622562674,0.0032573289902506964,0.10097719869080779,0.00977198697075209,0.006514657980501393,0.004885993484679666,0.027687296420612812,0.008143322474930362,0.01954397394150418,0.283,0.355737705,0.390423573,0.746161278,0.307531381,10.09771987,9.283387622,638,718,166,0.2381615598885794,0.7409638554216867,0.21686746987951808,0.04216867469879518,0.006963788300835654,0.12952646239554316,0.07520891364902507,0.09749303621169916,0.002785515320334262,0.10445682451253482,0.004178272980501393,0.008356545961002786,0.001392757660167131,0.02924791086350975,0.004178272980501393,0.025069637883008356,0.268,0.34,0.37,0.71,0.294,10.4,9.7
44,Adolis Garcia,TEX,144,583.3846154,632,110.67757778000001,0.21767594113924052,0.7196261679878624,0.25233644853986614,0.028037383165072732,0.042553191487341775,0.12602291325949366,0.1358428805221519,0.05728314238924051,0.001636661210443038,0.29296235680379745,0.009819967267405064,0.006546644844936709,0.0,0.03273322422468354,0.009819967267405064,0.022913256962025317,0.235,0.285714286,0.432624113,0.718338399,0.29476584,29.29623568,5.728314239,555,632,97,0.21518987341772153,0.7010309278350515,0.29896907216494845,0.0,0.061708860759493674,0.17088607594936708,0.16930379746835442,0.10284810126582279,0.0,0.27689873417721517,0.00949367088607595,0.00949367088607595,0.0,0.014240506329113924,0.0015822784810126582,0.012658227848101266,0.245,0.328,0.508,0.836,0.28,27.7,10.3
45,Shohei Ohtani,LAA,143,519.3300493,599,103.27586208000001,0.22824302136894825,0.7047619047093409,0.24761904761628106,0.038095238091088314,0.055829228247078456,0.14942528736227045,0.14778325123539232,0.11822660098497495,0.014778325123539233,0.2577996716193656,0.008210180624373956,0.004926108373956594,0.0016420361252086812,0.026272577996661103,0.01149425287312187,0.014778325123539233,0.263,0.355263158,0.518939394,0.874202552,0.308823529,25.77996716,11.8226601,497,599,107,0.25208681135225375,0.6822429906542056,0.24299065420560748,0.07476635514018691,0.07345575959933222,0.17028380634390652,0.15859766277128548,0.15191986644407346,0.035058430717863104,0.2387312186978297,0.005008347245409015,0.005008347245409015,0.0,0.0333889816360601,0.01001669449081803,0.02337228714524207,0.304,0.412,0.654,1.066,0.342,23.9,15.2
46,Alec Bohm,PHI,148,561.8390805,611,140.45977012,0.2545155993453355,0.7928571426883095,0.19285714284493805,0.014285714281646014,0.024630541865793783,0.11494252873977087,0.11330049261865793,0.06075533661211129,0.001642036124386252,0.19376026268412438,0.00821018062356792,0.009852216747954175,0.001642036124386252,0.00821018062356792,0.003284072248772504,0.004926108374795418,0.277,0.324013158,0.4125,0.736513158,0.323325635,19.37602627,6.075533662,558,611,133,0.25040916530278234,0.7669172932330827,0.23308270676691728,0.0,0.03273322422258593,0.12111292962356793,0.15875613747954173,0.06873977086743044,0.0016366612111292963,0.15384615384615385,0.008183306055646482,0.009819967266775777,0.0,0.006546644844517185,0.0016366612111292963,0.004909983633387889,0.274,0.327,0.437,0.765,0.296,15.4,6.9
47,Ian Happ,CHC,145,608.9009901,691,127.70957095,0.2194719471780029,0.7321428572225581,0.2500000000195757,0.01785714285965973,0.034653465340086835,0.12046204620839362,0.1171617161649783,0.10066006600578872,0.0033003300332850936,0.2524752474674385,0.008250825082489147,0.004950495049204052,0.001650165015918958,0.01485148515195369,0.004950495049204052,0.009900990098408105,0.248,0.330016584,0.426966292,0.756982876,0.308539945,25.24752475,10.0660066,580,691,123,0.20839363241678727,0.6829268292682927,0.2845528455284553,0.032520325203252036,0.030390738060781478,0.12445730824891461,0.12156295224312591,0.14327062228654125,0.002894356005788712,0.22141823444283648,0.008683068017366137,0.008683068017366137,0.0,0.020260492040520984,0.004341534008683068,0.015918958031837915,0.248,0.36,0.431,0.791,0.299,22.1,14.3
48,Eugenio Suarez,SEA,144,604.5256198,694,95.2099174,0.18512396700288183,0.7469879514883394,0.24096385530526676,0.012048192765263338,0.047933884293948126,0.1173553719020173,0.13388429752161382,0.10743801652737753,0.0016528925619596541,0.3090909090778098,0.01157024793371758,0.00826446280979827,0.0016528925619596541,0.0016528925619596541,0.0,0.0016528925619596541,0.213,0.304635762,0.419354839,0.7239906,0.262658228,30.90909091,10.74380165,598,694,117,0.20028818443804033,0.7521367521367521,0.24786324786324787,0.0,0.03170028818443804,0.09798270893371758,0.138328530259366,0.10086455331412104,0.0,0.30835734870317005,0.021613832853025938,0.01585014409221902,0.0,0.002881844380403458,0.001440922190201729,0.001440922190201729,0.232,0.323,0.391,0.714,0.314,30.8,10.1
49,Anthony Santander,BAL,141,594.1950413,656,113.8512397,0.22148760335365852,0.7333333331283876,0.2666666666081107,0.009523809524227782,0.04793388429878049,0.12231404958841463,0.14049586777439024,0.07107438016768293,0.0016528925625000001,0.1966942149390244,0.01322314049542683,0.0066115702484756105,0.0016528925625000001,0.0016528925625000001,0.0016528925625000001,0.0,0.245,0.306799337,0.459854015,0.766653351,0.25990099,19.66942149,7.107438017,591,656,124,0.23170731707317074,0.6612903225806451,0.33064516129032256,0.008064516129032258,0.042682926829268296,0.12347560975609756,0.1448170731707317,0.08384146341463415,0.001524390243902439,0.23170731707317074,0.009146341463414634,0.006097560975609756,0.0,0.007621951219512195,0.001524390243902439,0.006097560975609756,0.257,0.325,0.472,0.797,0.299,23.2,8.4
50,Ty France,SEA,140,594.5364238,665,140.92715231,0.2417218542857143,0.7734375002500183,0.21875000001552222,0.007812499997006432,0.0298013244962406,0.12086092715789473,0.12086092715789473,0.06622516556390978,0.0016556291383458648,0.16390728481203007,0.03145695363909774,0.008278145694736842,0.0016556291383458648,0.0,0.0,0.0,0.27,0.339403974,0.425925926,0.765329899,0.299065421,16.39072848,6.622516556,587,665,135,0.22105263157894736,0.762962962962963,0.23703703703703705,0.0,0.01804511278195489,0.11879699248120301,0.08721804511278196,0.06466165413533835,0.0,0.17593984962406015,0.05112781954887218,0.0015037593984962407,0.0,0.0015037593984962407,0.0,0.0015037593984962407,0.25,0.337,0.366,0.703,0.294,17.6,6.5
51,Alex Verdugo,BOS,143,547.1821192,602,142.5264901,0.25662251661129565,0.7482517483253451,0.23776223771611707,0.013986013979586523,0.019867549667774088,0.12251655629568108,0.10927152317275748,0.07450331126245847,0.003311258277408638,0.14403973509966778,0.006622516556478405,0.00827814569601329,0.0016556291395348837,0.006622516556478405,0.003311258277408638,0.003311258277408638,0.283,0.338308458,0.41712204,0.755430498,0.314285714,14.40397351,7.450331126,546,602,131,0.23920265780730898,0.6793893129770993,0.2824427480916031,0.03816793893129771,0.02159468438538206,0.1345514950166113,0.08970099667774087,0.07475083056478406,0.0016611295681063123,0.15448504983388706,0.009966777408637873,0.008305647840531562,0.0,0.008305647840531562,0.0049833887043189366,0.0033222591362126247,0.264,0.324,0.421,0.745,0.294,15.4,7.5
52,Mike Trout,LAA,139,306.6777409,362,57.12624584,0.22425249168508288,0.6947368421715981,0.28421052637475397,0.031578947373027653,0.06644518273480662,0.16112956809392265,0.1561461793922652,0.13289036544198896,0.011627906977900554,0.27076411961325964,0.014950166113259668,0.00498338870441989,0.0016611295690607737,0.00498338870441989,0.0016611295690607737,0.003322259135359116,0.265,0.372093023,0.566666667,0.93875969,0.306451613,27.07641196,13.28903654,308,362,63,0.22375690607734808,0.7619047619047619,0.2222222222222222,0.015873015873015872,0.049723756906077346,0.14917127071823205,0.12154696132596685,0.12430939226519337,0.0055248618784530384,0.287292817679558,0.019337016574585635,0.0055248618784530384,0.0,0.0055248618784530384,0.0,0.0055248618784530384,0.263,0.367,0.49,0.858,0.335,28.7,12.4
53,Wander Franco,TBR,140,444.5099668,491,116.63289037,0.25913621262729125,0.7272727272805217,0.23076923074284952,0.041958041959480934,0.02159468437881874,0.13621262458248473,0.11461794020366599,0.07807308969450102,0.001661129568228106,0.10465116279022403,0.006644518272912424,0.00830564784114053,0.001661129568228106,0.01993355481670061,0.006644518272912424,0.013289036545824848,0.286,0.344425957,0.440366972,0.784792929,0.301687764,10.46511628,7.80730897,442,491,107,0.2525458248472505,0.7289719626168224,0.21495327102803738,0.056074766355140186,0.034623217922606926,0.13238289205702647,0.11812627291242363,0.0855397148676171,0.006109979633401222,0.14052953156822812,0.006109979633401222,0.008146639511201629,0.0,0.06109979633401222,0.020366598778004074,0.04073319755600815,0.281,0.344,0.475,0.819,0.297,14.1,8.6
54,Michael Harris II,ATL,144,498.3718593,539,119.17587934999999,0.25293132319109457,0.719696969955691,0.25000000010488704,0.03030303031701524,0.031825795640074206,0.14405360133580705,0.12562814070500927,0.058626465658627086,0.0033500837513914658,0.2294807371057514,0.010050251256029685,0.005025125628942486,0.0033500837513914658,0.038525963153988874,0.008375209380333952,0.030150753766233766,0.274,0.322147651,0.451086957,0.773234608,0.330827068,22.9480737,5.862646566,505,539,130,0.274582560296846,0.7230769230769231,0.25384615384615383,0.023076923076923078,0.03339517625231911,0.14100185528756956,0.10575139146567718,0.04638218923933209,0.0018552875695732839,0.18738404452690166,0.00927643784786642,0.0055658627087198514,0.0018552875695732839,0.03710575139146568,0.0074211502782931356,0.029684601113172542,0.293,0.331,0.477,0.808,0.334,18.7,4.6
55,Ozzie Albies,ATL,141,606.9346734,660,130.45226128,0.23785594636363636,0.7118644069394702,0.271186440716944,0.025423728822004523,0.04020100503030303,0.1390284757121212,0.1340033500909091,0.06365159128787878,0.001675041875757576,0.1859296481818182,0.006700167504545455,0.00837520938030303,0.001675041875757576,0.025125628136363636,0.00837520938030303,0.01675041875757576,0.26,0.308724832,0.460837887,0.769562719,0.281622912,18.59296482,6.365159129,596,660,134,0.25303030303030305,0.7388059701492538,0.22388059701492538,0.03731343283582089,0.05,0.14545454545454545,0.16515151515151516,0.0696969696969697,0.0030303030303030303,0.1621212121212121,0.012121212121212121,0.012121212121212121,0.0,0.019696969696969695,0.0015151515151515152,0.01818181818181818,0.28,0.336,0.513,0.849,0.289,16.2,7.0
56,Javier Baez,DET,142,509.3708054,547,105.54530197,0.22818791937842778,0.7391304351203989,0.23478260877062515,0.02608695653533313,0.03523489932358318,0.1224832214808044,0.1224832214808044,0.046979865776965266,0.0016778523491773308,0.2718120806215722,0.013422818791590492,0.006711409396709323,0.0,0.020134228190127973,0.006711409396709323,0.013422818791590492,0.245,0.28907563,0.418018018,0.707093648,0.305851064,27.18120805,4.697986577,510,547,104,0.20658135283363802,0.7884615384615384,0.17307692307692307,0.038461538461538464,0.016453382084095063,0.10603290676416818,0.10786106032906764,0.043875685557586835,0.0,0.22851919561243145,0.016453382084095063,0.005484460694698354,0.0,0.021937842778793418,0.0,0.021937842778793418,0.222,0.267,0.325,0.593,0.274,22.9,4.4
57,Yordan Alvarez,HOU,140,426.810084,496,92.53109242,0.24873949576612903,0.7027027028370623,0.27927927936593144,0.0180180180239571,0.0621848739516129,0.15630252100806452,0.1714285714314516,0.11932773108870968,0.010084033612903226,0.21008403366935482,0.011764705883064516,0.006722689076612904,0.0,0.0016806722681451613,0.0016806722681451613,0.0,0.288,0.38047138,0.57421875,0.95469013,0.313559322,21.00840336,11.93277311,410,496,89,0.24193548387096775,0.7191011235955056,0.2696629213483146,0.011235955056179775,0.0625,0.15524193548387097,0.19556451612903225,0.13911290322580644,0.010080645161290322,0.18548387096774194,0.02620967741935484,0.008064516129032258,0.0,0.0,0.0,0.0,0.293,0.407,0.583,0.99,0.306,18.5,13.9
58,Josh Bell,CLE,142,536.1159664,617,121.3260504,0.23025210081037278,0.7692307693385525,0.21367521372804862,0.017094017098243888,0.033613445380875205,0.12605042016207454,0.12773109243111833,0.115966386547812,0.005042016807131281,0.17647058816855754,0.00672268907617504,0.008403361345218801,0.0,0.0,0.0,0.0,0.264,0.352941176,0.437137331,0.790078507,0.294710327,17.64705882,11.59663866,547,617,113,0.2188006482982172,0.7522123893805309,0.24778761061946902,0.0,0.03565640194489465,0.08427876823338736,0.11993517017828201,0.10210696920583469,0.0032414910858995136,0.2171799027552674,0.0032414910858995136,0.004862236628849271,0.0,0.0,0.0016207455429497568,-0.0016207455429497568,0.247,0.325,0.419,0.744,0.287,21.7,10.2
59,J.P. Crawford,SEA,145,560.6666667,638,133.185185181,0.22053872053291537,0.7741935483279988,0.2096774193920171,0.016129032257459004,0.011784511785266457,0.10437710437304075,0.07912457912225705,0.09932659932601881,0.0,0.1498316498275862,0.011784511785266457,0.0067340067335423205,0.0033670033667711602,0.008417508416927899,0.0033670033667711602,0.00505050505015674,0.25,0.33277027,0.348659004,0.681429274,0.288372093,14.98316498,9.932659933,534,638,123,0.2225705329153605,0.7154471544715447,0.2845528455284553,0.0,0.029780564263322883,0.14733542319749215,0.10188087774294671,0.14733542319749215,0.001567398119122257,0.19592476489028213,0.007836990595611285,0.003134796238244514,0.004702194357366771,0.003134796238244514,0.0,0.003134796238244514,0.266,0.38,0.438,0.818,0.314,19.6,14.7
60,Andrew Vaughn,CHW,143,553.8111298,615,124.45193932,0.23777403040650405,0.7499999998392954,0.2416666666211337,0.008333333330654924,0.03541315346341463,0.11467116357723577,0.12478920741463415,0.07419898819512195,0.0,0.1804384486178862,0.013490725126829268,0.008431703203252032,0.0016863406406504066,0.0016863406406504066,0.0,0.0016863406406504066,0.264,0.326565144,0.440074906,0.76664005,0.291970803,18.04384486,7.41989882,566,615,125,0.23739837398373984,0.744,0.24,0.016,0.03414634146341464,0.10894308943089431,0.13008130081300814,0.05853658536585366,0.0,0.2097560975609756,0.01788617886178862,0.0032520325203252032,0.0,0.0,0.0,0.0,0.258,0.314,0.429,0.743,0.299,21.0,5.9
61,Ryan Mountcastle,BAL,140,427.9222973,470,90.50675672999999,0.23479729723404255,0.7631578950072494,0.22807017548511818,0.00877192982805053,0.042229729723404254,0.11824324323404256,0.13851351351063831,0.07094594593617021,0.0033783783787234042,0.2516891891489362,0.0067567567574468084,0.010135135136170212,0.0016891891893617021,0.0067567567574468084,0.0033783783787234042,0.0033783783787234042,0.258,0.313028765,0.448979592,0.762008357,0.307277628,25.16891892,7.094594595,423,470,96,0.2425531914893617,0.7708333333333334,0.21875,0.010416666666666666,0.03829787234042553,0.13617021276595745,0.14468085106382977,0.07872340425531915,0.002127659574468085,0.2276595744680851,0.006382978723404255,0.014893617021276596,0.0,0.006382978723404255,0.002127659574468085,0.00425531914893617,0.27,0.328,0.452,0.779,0.315,22.8,7.9
62,Nick Castellanos,PHI,139,618.7732657,671,136.24365483,0.24196277496274218,0.7333333333186538,0.25833333334984787,0.008333333331498386,0.038917089672131144,0.12521150591654248,0.1319796954247392,0.06091370558867362,0.0016920473770491802,0.23011844336810733,0.008460236886736213,0.006768189509687034,0.0016920473770491802,0.008460236886736213,0.0016920473770491802,0.006768189509687034,0.263,0.311864407,0.449541284,0.761405691,0.307692308,23.01184433,6.091370558,626,671,141,0.2533532041728763,0.723404255319149,0.2624113475177305,0.014184397163120567,0.043219076005961254,0.11773472429210134,0.15797317436661698,0.05365126676602087,0.0,0.2757078986587183,0.004470938897168405,0.00894187779433681,0.0,0.01639344262295082,0.0029806259314456036,0.013412816691505217,0.272,0.311,0.476,0.788,0.337,27.6,5.4
63,Andres Gimenez,CLE,146,551.2677966,616,129.46440675,0.23728813555194803,0.7500000001351723,0.22580645170260283,0.024193548393948827,0.027118644074675326,0.12203389831168832,0.11355932202922078,0.06101694915584416,0.005084745762987013,0.21016949155844156,0.03050847457792208,0.008474576271103897,0.005084745762987013,0.03728813560064935,0.008474576271103897,0.02881355931818182,0.264,0.330494037,0.420454545,0.750948583,0.315521628,21.01694915,6.101694915,557,616,125,0.22727272727272727,0.744,0.216,0.04,0.024350649350649352,0.12337662337662338,0.10064935064935066,0.05194805194805195,0.00487012987012987,0.18181818181818182,0.032467532467532464,0.00487012987012987,0.006493506493506494,0.048701298701298704,0.00974025974025974,0.03896103896103896,0.251,0.314,0.399,0.712,0.289,18.2,5.2
64,Taylor Ward,LAA,140,358.3949153,409,79.02711864,0.23220338982885086,0.7368421052431781,0.2456140350810594,0.017543859650454796,0.03898305085574572,0.13898305085574572,0.11694915254278727,0.10338983051344743,0.0016949152542787287,0.225423728801956,0.011864406779951101,0.006779661017114915,0.0033898305085574574,0.010169491525672371,0.0033898305085574574,0.006779661017114915,0.264,0.348047538,0.460348162,0.808395701,0.312328767,22.54237288,10.33898305,356,409,76,0.2200488997555012,0.7631578947368421,0.23684210526315788,0.0,0.034229828850855744,0.1466992665036675,0.11491442542787286,0.09535452322738386,0.0,0.19559902200489,0.019559902200488997,0.014669926650366748,0.0,0.009779951100244499,0.004889975550122249,0.004889975550122249,0.253,0.335,0.421,0.756,0.284,19.6,9.5
65,Jorge Polanco,MIN,138,302.2359932,343,64.05772496,0.2241086587463557,0.7363636363835048,0.24545454540913186,0.018181818176141486,0.03735144311953353,0.12903225807580174,0.12563667233236153,0.10016977930029154,0.0016977928688046648,0.1952461799708455,0.006791171478134112,0.008488964346938776,0.0016977928688046648,0.01018675721574344,0.0050933786064139945,0.0050933786064139945,0.254,0.332197615,0.441233141,0.773430756,0.284237726,19.524618,10.01697793,302,343,63,0.22448979591836735,0.7142857142857143,0.2857142857142857,0.0,0.04081632653061224,0.11078717201166181,0.13994169096209913,0.10495626822157435,0.0,0.2565597667638484,0.0058309037900874635,0.008746355685131196,0.0,0.011661807580174927,0.0,0.011661807580174927,0.255,0.335,0.454,0.789,0.31,25.7,10.5
66,Teoscar Hernandez,SEA,138,621.5959253,678,125.47028864,0.23599320884955752,0.7339449540458154,0.24770642194961637,0.009174311922583937,0.050933786076696165,0.13073005092920353,0.14601018675516222,0.0679117147640118,0.0016977928687315635,0.27843803053097343,0.00848896434660767,0.005093378607669617,0.0,0.015280135825958701,0.005093378607669617,0.010186757215339234,0.257,0.31292517,0.475925926,0.788851096,0.312320917,27.84380306,6.791171477,625,678,135,0.2374631268436578,0.7703703703703704,0.21481481481481482,0.014814814814814815,0.038348082595870206,0.10324483775811209,0.13716814159292035,0.05604719764011799,0.0029498525073746312,0.3112094395280236,0.011799410029498525,0.01032448377581121,0.0,0.01032448377581121,0.0029498525073746312,0.007374631268436578,0.258,0.305,0.435,0.741,0.342,31.1,5.6
67,Jeremy Pena,HOU,142,587.7147708,634,123.78607814,0.23089983028391167,0.7739130432071059,0.19999999993537237,0.026086956510148307,0.03565365025236593,0.12224108659305993,0.1154499151104101,0.049235993201892744,0.0,0.24448217318611987,0.0118845500851735,0.006791171476340694,0.003395585738170347,0.020373514432176654,0.00509337860725552,0.015280135823343848,0.249,0.293515358,0.417582418,0.711097776,0.298701299,24.44821732,4.923599321,577,634,142,0.23974763406940064,0.7535211267605634,0.22535211267605634,0.02112676056338028,0.015772870662460567,0.1277602523659306,0.08201892744479496,0.06782334384858044,0.0015772870662460567,0.20347003154574134,0.014195583596214511,0.0015772870662460567,0.0015772870662460567,0.02050473186119874,0.014195583596214511,0.006309148264984227,0.263,0.324,0.381,0.705,0.323,20.3,6.8
68,Riley Greene,DET,135,371.5042445,416,84.047538203,0.22410865875000002,0.7478991596181731,0.2016806723007023,0.04201680672038946,0.02207130730048077,0.11884550084134617,0.10016977927884615,0.08828522920673078,0.0016977928701923076,0.26655348052884614,0.008488964346153847,0.006791171475961538,0.003395585737980769,0.011884550084134617,0.005093378608173077,0.006791171475961538,0.251,0.32197615,0.3878327,0.70980885,0.330555556,26.65534805,8.82852292,378,416,98,0.2620192307692308,0.7653061224489796,0.19387755102040816,0.04081632653061224,0.026442307692307692,0.12259615384615384,0.0889423076923077,0.08413461538461539,0.0,0.27403846153846156,0.002403846153846154,0.004807692307692308,0.0,0.016826923076923076,0.0,0.016826923076923076,0.288,0.349,0.447,0.796,0.384,27.4,8.4
69,Ryan McMahon,COL,142,555.5561224,627,115.16326525999999,0.21938775502392344,0.7407407410462652,0.24074074087259867,0.0185185185239858,0.03571428570972887,0.12414965985645933,0.12414965985645933,0.09863945578947368,0.0017006802727272728,0.2602040816586922,0.008503401360446571,0.006802721087719298,0.0017006802727272728,0.01190476190430622,0.003401360543859649,0.008503401360446571,0.247,0.326530612,0.426103647,0.752634259,0.307692308,26.02040816,9.863945578,555,627,110,0.21212121212121213,0.6909090909090909,0.2818181818181818,0.02727272727272727,0.03668261562998405,0.12759170653907495,0.11164274322169059,0.10845295055821372,0.003189792663476874,0.3157894736842105,0.001594896331738437,0.004784688995215311,0.0,0.007974481658692184,0.007974481658692184,0.0,0.24,0.322,0.431,0.753,0.326,31.6,10.8
70,Jeff McNeil,NYM,142,585.9692308,648,157.29230772,0.2598290598765432,0.7676056334231524,0.22535211266083396,0.014084507037328628,0.017094017098765433,0.11623931623456792,0.10769230768518519,0.07008547009259258,0.0017094017098765433,0.11794871794753085,0.018803418796296295,0.006837606837962963,0.0017094017098765433,0.006837606837962963,0.0017094017098765433,0.005128205128086419,0.288,0.348717949,0.413988658,0.762706607,0.31277533,11.79487179,7.008547009,585,648,148,0.24382716049382716,0.8040540540540541,0.16891891891891891,0.02702702702702703,0.015432098765432098,0.11574074074074074,0.08487654320987655,0.06018518518518518,0.0,0.10030864197530864,0.027777777777777776,0.004629629629629629,0.004629629629629629,0.015432098765432098,0.0,0.015432098765432098,0.27,0.333,0.378,0.711,0.288,10.0,6.0
71,Ke'Bryan Hayes,PIT,137,472.859589,525,112.371575373,0.23116438361904762,0.7439999997551695,0.23199999994183582,0.023999999991528104,0.01712328767047619,0.1147260273904762,0.0941780821904762,0.08561643836190476,0.0,0.20890410952380953,0.008561643836190475,0.005136986300952381,0.0017123287676190477,0.030821917809523813,0.008561643836190475,0.022260273980952382,0.256,0.325342466,0.380228137,0.705570603,0.314861461,20.89041096,8.561643836,494,525,119,0.25523809523809526,0.680672268907563,0.2605042016806723,0.058823529411764705,0.02857142857142857,0.12380952380952381,0.11619047619047619,0.05333333333333334,0.0019047619047619048,0.1980952380952381,0.0,0.005714285714285714,0.0,0.01904761904761905,0.011428571428571429,0.007619047619047619,0.271,0.309,0.453,0.762,0.315,19.8,5.3
72,Gunnar Henderson,BAL,141,546.2504288,622,118.42538589,0.22298456254019292,0.7027027030107995,0.25225225238233756,0.03603603604858813,0.03259005146302251,0.12521440823151125,0.12006861062700966,0.10463121784565917,0.0017152658665594855,0.2607204117363344,0.010291595197749196,0.0068610634646302255,0.0,0.018867924533762057,0.005145797598070739,0.013722126929260451,0.253,0.337907376,0.43359375,0.771501126,0.32173913,26.07204117,10.46312178,560,622,115,0.22990353697749197,0.6695652173913044,0.25217391304347825,0.0782608695652174,0.04501607717041801,0.1607717041800643,0.13183279742765272,0.09003215434083602,0.001607717041800643,0.25562700964630225,0.00482315112540193,0.00482315112540193,0.0,0.01607717041800643,0.00482315112540193,0.011254019292604502,0.255,0.325,0.489,0.814,0.306,25.6,9.0
73,Vinnie Pasquantino,KCR,139,228.2817869,260,53.608247426,0.2439862543076923,0.741666666586766,0.25000000006528844,0.016666666658583334,0.037800687284615386,0.11683848796153846,0.1323024055,0.1030927835,0.005154639176923077,0.13058419242307692,0.010309278350000001,0.008591065292307692,0.0,0.005154639176923077,0.0017182130576923076,0.0034364261153846153,0.278,0.357388316,0.47553816,0.832926477,0.28708134,13.05841924,10.30927835,231,260,48,0.21923076923076923,0.6458333333333334,0.3541666666666667,0.0,0.03461538461538462,0.09230769230769231,0.1,0.09615384615384616,0.007692307692307693,0.11923076923076924,0.007692307692307693,0.0038461538461538464,0.0,0.0,0.0,0.0,0.247,0.324,0.437,0.762,0.25,11.9,9.6
74,Ketel Marte,ARI,138,580.7560137,650,137.37113399,0.23883161507692308,0.6991869920575299,0.28455284559888344,0.024390243908475724,0.027491408938461536,0.12542955326153846,0.11340206186153846,0.08762886598461539,0.003436426116923077,0.1683848796923077,0.010309278350769231,0.006872852233846154,0.0017182130584615385,0.006872852233846154,0.0017182130584615385,0.005154639175384616,0.268,0.337349398,0.440384615,0.777734013,0.3,16.83848797,8.762886598,569,650,132,0.24153846153846154,0.7348484848484849,0.19696969696969696,0.06818181818181818,0.038461538461538464,0.14461538461538462,0.12615384615384614,0.10923076923076923,0.003076923076923077,0.1676923076923077,0.007692307692307693,0.007692307692307693,0.0,0.012307692307692308,0.003076923076923077,0.009230769230769232,0.276,0.358,0.485,0.844,0.3,16.8,10.9
75,C.J. Cron,COL,137,248.2314335,278,50.894645940000004,0.22797927460431655,0.73584905658153,0.24528301886051,0.018867924538311463,0.044905008633093525,0.1260794473381295,0.15025906737410072,0.08290155438848922,0.005181347151079136,0.2435233160791367,0.017271157169064747,0.006908462866906475,0.0,0.0,0.0,0.0,0.256,0.328151986,0.464216634,0.792368621,0.299435028,24.35233161,8.29015544,258,278,52,0.2302158273381295,0.7692307692307693,0.23076923076923078,0.0,0.04316546762589928,0.1366906474820144,0.13309352517985612,0.06115107913669065,0.0,0.23381294964028776,0.0035971223021582736,0.007194244604316547,0.0,0.0,0.0,0.0,0.248,0.295,0.434,0.729,0.284,23.4,6.1
76,George Springer,TOR,131,600.283737,683,122.89273361,0.22664359868228404,0.7403846150802537,0.23076923066908092,0.028846153835669408,0.046712802767203514,0.14878892737920937,0.1297577854612006,0.09861591695461201,0.0017301038067349928,0.19377162635431916,0.013840830449487555,0.006920415225475842,0.0034602076120058564,0.01903114187408492,0.00519031141874085,0.013840830449487555,0.258,0.339688042,0.476377953,0.816065994,0.278820375,19.37716263,9.861591696,613,683,137,0.23133235724743778,0.8102189781021898,0.18248175182481752,0.0072992700729927005,0.03074670571010249,0.1273792093704246,0.1054172767203514,0.08784773060029283,0.0014641288433382138,0.18301610541727673,0.007320644216691069,0.004392386530014641,0.0,0.029282576866764276,0.007320644216691069,0.021961932650073207,0.258,0.327,0.405,0.732,0.291,18.3,8.8
77,Tim Anderson,CHW,131,494.0311958,524,130.77296357,0.27383015591603055,0.8055555554004946,0.19444444452303697,0.006944444449436132,0.024263431545801527,0.1421143847519084,0.09532062391221374,0.041594454064885496,0.0017331022538167938,0.1871750433206107,0.008665511265267175,0.003466204505725191,0.003466204505725191,0.03292894280534351,0.008665511265267175,0.024263431545801527,0.291,0.325217391,0.424632353,0.749849744,0.339622642,18.71750433,4.159445407,493,524,120,0.23091603053435114,0.8333333333333334,0.15,0.016666666666666666,0.0019083969465648854,0.09923664122137404,0.04770992366412214,0.04961832061068702,0.0,0.23282442748091603,0.0057251908396946565,0.003816793893129771,0.0,0.02480916030534351,0.003816793893129771,0.02099236641221374,0.245,0.286,0.296,0.582,0.323,23.3,5.0
78,Yandy Diaz,TBR,135,512.3478261,600,129.39130431,0.2382608695,0.7822580647112112,0.20967741939597423,0.008064516132397892,0.02260869565,0.12347826086666668,0.10434782608333333,0.12869565216666667,0.00347826087,0.13043478261666666,0.008695652173333334,0.005217391305,0.001739130435,0.005217391305,0.00347826087,0.001739130435,0.28,0.376963351,0.415478615,0.792441966,0.305418719,13.04347826,12.86956522,525,600,151,0.28833333333333333,0.7682119205298014,0.23178807947019867,0.0,0.03666666666666667,0.15833333333333333,0.13,0.10833333333333334,0.0,0.15666666666666668,0.013333333333333334,0.0033333333333333335,0.0,0.0,0.0016666666666666668,-0.0016666666666666668,0.33,0.41,0.522,0.932,0.367,15.7,10.8
79,Max Muncy,LAD,136,484.0157068,579,83.86910997999999,0.19371727754749568,0.7228915659705681,0.26506024083600277,0.012048192764188911,0.04886561955094992,0.1413612565457686,0.1413612565457686,0.1448516579447323,0.0034904013955094986,0.23734729499136442,0.012216404886010362,0.006980802792746113,0.0,0.0034904013955094986,0.0017452006977547493,0.0017452006977547493,0.231,0.35078534,0.457202505,0.807987846,0.260188088,23.73472949,14.48516579,482,579,66,0.17616580310880828,0.7272727272727273,0.25757575757575757,0.015151515151515152,0.06217616580310881,0.16407599309153714,0.18134715025906736,0.14680483592400692,0.0069084628670120895,0.26424870466321243,0.010362694300518135,0.010362694300518135,0.0,0.0017271157167530224,0.0034542314335060447,-0.0017271157167530224,0.212,0.333,0.475,0.808,0.221,26.4,14.7
81,Gleyber Torres,NYY,136,606.3246073,672,130.17801045,0.23036649211309523,0.7657657658571169,0.22522522527920538,0.009009009009631858,0.03664921465773809,0.1273996509672619,0.12390924956845237,0.08376963351190476,0.0034904013958333333,0.21465968586309522,0.006980802791666667,0.006980802791666667,0.0034904013958333333,0.01919720767857143,0.006980802791666667,0.012216404886904762,0.256,0.321116928,0.429400387,0.750517315,0.294429708,21.46596859,8.376963351,596,672,138,0.2425595238095238,0.782608695652174,0.2028985507246377,0.014492753623188406,0.03720238095238095,0.13392857142857142,0.10119047619047619,0.09970238095238096,0.0,0.14583333333333334,0.004464285714285714,0.008928571428571428,0.0,0.019345238095238096,0.008928571428571428,0.010416666666666666,0.273,0.347,0.453,0.8,0.288,14.6,10.0
83,Luis Arraez,MIA,135,556.3824561,617,161.285964958,0.2719298246353323,0.7919463087396461,0.18791946303506704,0.020134228181885743,0.010526315789303079,0.1298245614100486,0.0964912280713128,0.08421052632090761,0.0035087719303079413,0.08070175439222042,0.0052631578946515396,0.007017543858995137,0.0017543859643435978,0.007017543858995137,0.0035087719303079413,0.0035087719303079413,0.302,0.362038664,0.402723735,0.7647624,0.319742489,8.070175439,8.421052632,574,617,193,0.32901134521880065,0.8290155440414507,0.15544041450777202,0.015544041450777202,0.01620745542949757,0.11507293354943274,0.11183144246353323,0.05672609400324149,0.01620745542949757,0.055105348460291734,0.006482982171799027,0.004862236628849271,0.0016207455429497568,0.004862236628849271,0.0032414910858995136,0.0016207455429497568,0.354,0.393,0.469,0.861,0.362,5.5,5.7
85,Anthony Rizzo,NYY,135,363.1866197,421,67.44894366,0.20598591548693587,0.7582417582075444,0.23076923084906326,0.010989010987870525,0.04577464788598575,0.1302816901425178,0.1302816901425178,0.1003521126840855,0.005281690140142518,0.17429577465558194,0.0299295774584323,0.007042253520190024,0.0,0.010563380282660333,0.005281690140142518,0.005281690140142518,0.239,0.336267606,0.444897959,0.781165565,0.246612466,17.42957746,10.03521127,373,421,79,0.2161520190023753,0.8227848101265823,0.17721518987341772,0.0,0.028503562945368172,0.10688836104513064,0.09738717339667459,0.0831353919239905,0.0023752969121140144,0.23040380047505937,0.028503562945368172,0.0023752969121140144,0.0,0.0,0.007125890736342043,-0.007125890736342043,0.244,0.328,0.378,0.706,0.298,23.0,8.3
86,Eloy Jimenez,CHW,136,444.860177,489,96.93451328,0.24778761063394683,0.7678571428424054,0.22321428568481072,0.008928571431518926,0.04955752212678937,0.12389380531697342,0.15044247787321063,0.07610619468302658,0.0017699115051124743,0.2300884955010225,0.007079646018404908,0.007079646018404908,0.0,0.0,0.0,0.0,0.273,0.330973451,0.488326848,0.8193003,0.311111111,23.00884956,7.610619469,456,489,106,0.25357873210633947,0.7830188679245284,0.2169811320754717,0.0,0.03680981595092025,0.10224948875255624,0.130879345603272,0.06134969325153374,0.00408997955010225,0.1901840490797546,0.002044989775051125,0.00408997955010225,0.0,0.0,0.0,0.0,0.272,0.317,0.441,0.758,0.305,19.0,6.1
87,J.D. Martinez,LAD,132,428.891844,479,93.42198582,0.23226950354906054,0.7181818181351093,0.27272727266888663,0.018181818177925774,0.03723404254697286,0.12765957446764092,0.13297872340292274,0.09042553192066806,0.0035460992901878916,0.2446808511482255,0.0070921985824634656,0.0070921985824634656,0.0,0.0,0.0,0.0,0.26,0.329787234,0.453465347,0.783252581,0.314285714,24.46808511,9.042553191,432,479,84,0.24425887265135698,0.6547619047619048,0.32142857142857145,0.023809523809523808,0.06889352818371608,0.12734864300626306,0.2150313152400835,0.0709812108559499,0.0020876826722338203,0.31106471816283926,0.0041753653444676405,0.018789144050104383,0.0,0.0020876826722338203,0.0,0.0020876826722338203,0.271,0.321,0.572,0.893,0.324,31.1,7.1
88,Nico Hoerner,CHC,137,629.3428064,688,163.7513322,0.25399644767441865,0.7835820892332258,0.1940298507079871,0.029850746258539444,0.015985790406976744,0.12078152752906977,0.09769094138081395,0.06394316162790697,0.0053285968023255815,0.12433392539244185,0.012433392539244185,0.007104795736918605,0.0035523978691860466,0.03552397869186046,0.008880994671511627,0.02664298401162791,0.278,0.330960854,0.398058252,0.729019107,0.304545455,12.43339254,6.394316163,619,688,166,0.2543604651162791,0.8132530120481928,0.16265060240963855,0.024096385542168676,0.01308139534883721,0.14244186046511628,0.09883720930232558,0.07122093023255814,0.0,0.12063953488372094,0.020348837209302327,0.007267441860465116,0.0014534883720930232,0.0625,0.010174418604651164,0.05232558139534884,0.283,0.346,0.383,0.729,0.312,12.1,7.1
90,Jonathan India,CIN,131,461.9303571,529,102.02142859,0.22142857145557657,0.7407407405918977,0.2407407407389256,0.018518518512346975,0.028571428563327034,0.13035714285444233,0.10535714285444235,0.09107142856332703,0.0017857142854442343,0.22142857145557657,0.028571428563327034,0.005357142856332703,0.0035714285708884686,0.014285714285444234,0.005357142856332703,0.00892857142911153,0.254,0.341681574,0.413087935,0.754769509,0.306818182,22.14285714,9.107142857,454,529,94,0.20982986767485823,0.7553191489361702,0.24468085106382978,0.0,0.03213610586011342,0.14744801512287334,0.11531190926275993,0.09829867674858223,0.0,0.2060491493383743,0.030245746691871456,0.013232514177693762,0.0,0.026465028355387523,0.003780718336483932,0.022684310018903593,0.244,0.338,0.407,0.746,0.281,20.6,9.8
91,Joey Meneses,WSN,132,606.5517857,657,131.40000001,0.23928571430745815,0.7678571430161447,0.23214285713606217,0.008928571430066319,0.03928571429223744,0.10714285713850838,0.125,0.0625,0.005357142856925418,0.23214285707762555,0.005357142856925418,0.008928571429223745,0.0,0.003571428570776256,0.0,0.003571428570776256,0.259,0.307142857,0.442940039,0.750082896,0.302702703,23.21428571,6.25,611,657,155,0.2557077625570776,0.7612903225806451,0.23225806451612904,0.0064516129032258064,0.0197869101978691,0.1080669710806697,0.1354642313546423,0.0578386605783866,0.0,0.197869101978691,0.0076103500761035,0.0045662100456621,0.0,0.0,0.0,0.0,0.275,0.321,0.401,0.722,0.329,19.8,5.8
92,Seiya Suzuki,CHC,133,510.9086022,583,112.83870965,0.2293906809605489,0.7407407409147027,0.2407407407817695,0.018518518525083117,0.03584229391080617,0.12903225806174956,0.12186379927958833,0.10573476703259005,0.005376344085763294,0.227598566380789,0.010752688171526588,0.007168458782161235,0.0017921146946826758,0.01971326164665523,0.008960573476843911,0.010752688171526588,0.262,0.345878136,0.445807771,0.791685907,0.312138728,22.75985663,10.5734767,515,583,127,0.2521440823327616,0.7086614173228346,0.2440944881889764,0.047244094488188976,0.03430531732418525,0.12864493996569468,0.1269296740994854,0.10120068610634649,0.005145797598627788,0.22298456260720412,0.003430531732418525,0.012006861063464836,0.0,0.010291595197255575,0.012006861063464836,-0.0017152658662092624,0.285,0.357,0.485,0.842,0.341,22.3,10.1
93,Rowdy Tellez,MIL,137,310.7419355,351,56.61290323,0.21505376344729343,0.7444444443836024,0.2555555556163976,0.011111111109148464,0.053763440854700854,0.12007168458689457,0.14695340501424503,0.09677419356125357,0.008960573475783476,0.20250896056980058,0.010752688170940172,0.00716845878062678,0.0,0.00358422939031339,0.001792114695156695,0.001792114695156695,0.243,0.322580645,0.477732794,0.800313439,0.253521127,20.25089606,9.677419355,311,351,54,0.1908831908831909,0.8148148148148148,0.16666666666666666,0.018518518518518517,0.037037037037037035,0.07407407407407407,0.1339031339031339,0.09971509971509972,0.005698005698005698,0.245014245014245,0.0,0.014245014245014245,0.0,0.0,0.0,0.0,0.215,0.291,0.376,0.667,0.249,24.5,10.0
94,Jazz Chisholm Jr.,MIA,132,343.0467626,383,66.81834532,0.21762589926892953,0.7216494845700258,0.22680412373911205,0.05154639175072586,0.04316546762402088,0.14388489208877286,0.12589928057441252,0.08273381295039164,0.0,0.27338129503916453,0.008992805754569191,0.0071942446031331595,0.0035971223028720624,0.04496402877284595,0.016187050360313315,0.028776978407310708,0.243,0.311030741,0.451807229,0.76283797,0.297546012,27.3381295,8.273381295,352,383,69,0.2297650130548303,0.7971014492753623,0.17391304347826086,0.028985507246376812,0.04960835509138381,0.13054830287206268,0.13315926892950392,0.06788511749347259,0.0,0.30809399477806787,0.005221932114882507,0.005221932114882507,0.0026109660574412533,0.057441253263707574,0.007832898172323759,0.04960835509138381,0.25,0.304,0.457,0.761,0.318,30.8,6.8
95,Daulton Varsho,TOR,138,522.4820144,581,98.22661868,0.2140287769363167,0.7021276597607503,0.2659574468821571,0.031914893621786636,0.04496402877796902,0.13489208633390706,0.12949640287435454,0.08093525179001722,0.0017985611514629949,0.2356115108433735,0.010791366907056798,0.005395683452667814,0.0035971223029259898,0.025179856110154906,0.0071942446041308086,0.01798561151462995,0.237,0.306859206,0.45,0.756859206,0.270893372,23.56115108,8.09352518,527,581,96,0.19965576592082615,0.7291666666666666,0.23958333333333334,0.03125,0.03442340791738382,0.11187607573149742,0.10499139414802065,0.0774526678141136,0.0,0.23235800344234078,0.0068846815834767644,0.0051635111876075735,0.0017211703958691911,0.027538726333907058,0.012048192771084338,0.01549053356282272,0.22,0.285,0.389,0.674,0.256,23.2,7.7
96,Jake McCarthy,ARI,137,281.1366906,312,67.338129499,0.23561151080128206,0.7416666665910532,0.20833333334880252,0.05000000000074252,0.01978417266346154,0.12769784173076923,0.10431654676282051,0.07553956833333333,0.0,0.2302158273397436,0.012589928057692308,0.0035971223012820517,0.005395683451923076,0.05395683451923077,0.012589928057692308,0.04136690647435897,0.262,0.326086957,0.401197605,0.727284561,0.32967033,23.02158273,7.553956835,276,312,65,0.21474358974358973,0.8153846153846154,0.1076923076923077,0.07692307692307693,0.00641025641025641,0.11858974358974358,0.05128205128205128,0.08333333333333333,0.0,0.1987179487179487,0.016025641025641024,0.003205128205128205,0.01282051282051282,0.08333333333333333,0.01282051282051282,0.07051282051282051,0.243,0.318,0.326,0.644,0.305,19.9,8.3
97,Yoan Moncada,CHW,132,315.8324324,357,66.25405406,0.2144144144257703,0.7281553396915256,0.24271844656384187,0.019417475719069984,0.028828828823529412,0.11351351350140056,0.11351351350140056,0.09729729731092436,0.0036036036022408964,0.2612612612605042,0.009009009008403361,0.005405405406162465,0.0018018018011204482,0.005405405406162465,0.0018018018011204482,0.0036036036022408964,0.242,0.321880651,0.397148676,0.719029327,0.309309309,26.12612613,9.72972973,334,357,76,0.24369747899159663,0.7236842105263158,0.2631578947368421,0.013157894736842105,0.03081232492997199,0.1092436974789916,0.11204481792717087,0.056022408963585436,0.0,0.29971988795518206,0.0056022408963585435,0.0028011204481792717,0.0,0.0028011204481792717,0.0,0.0028011204481792717,0.26,0.305,0.425,0.73,0.35,30.0,5.6
98,Corbin Carroll,ARI,133,570.3526221,645,122.46835444000001,0.22061482821705428,0.6952380951743274,0.23809523809912636,0.06666666666122308,0.030741410480620155,0.13381555153488373,0.10669077758139535,0.09403254973643412,0.0036166365286821704,0.2603978300775194,0.014466546111627907,0.0054249547922480615,0.0036166365286821704,0.03435804702325581,0.009041591319379845,0.025316455689922482,0.249,0.329710145,0.433537832,0.763247977,0.317220544,26.039783,9.403254973,565,645,136,0.2496124031007752,0.7058823529411765,0.22058823529411764,0.07352941176470588,0.03875968992248062,0.17984496124031008,0.11782945736434108,0.08837209302325581,0.0015503875968992248,0.1937984496124031,0.020155038759689922,0.006201550387596899,0.009302325581395349,0.08372093023255814,0.007751937984496124,0.07596899224806201,0.285,0.362,0.506,0.868,0.325,19.4,8.8
99,Kris Bryant,COL,129,293.8065099,335,67.24231465,0.23688969259701492,0.7027027026946641,0.27027027020998007,0.01801801801895587,0.03616636528358209,0.14466546113432835,0.1175406871641791,0.09945750450746269,0.001808318262686567,0.20795660035820895,0.016274864376119403,0.005424954791044777,0.001808318262686567,0.009041591319402985,0.003616636528358209,0.005424954791044777,0.27,0.35326087,0.46185567,0.81511654,0.314447592,20.79566004,9.945750452,300,335,60,0.208955223880597,0.8333333333333334,0.16666666666666666,0.0,0.029850746268656716,0.10746268656716418,0.09253731343283582,0.08656716417910448,0.0,0.20298507462686566,0.01791044776119403,0.0,0.0,0.0,0.0,0.0,0.233,0.313,0.367,0.68,0.27,20.3,8.7
100,Adley Rutschman,BAL,133,587.2540835,687,129.66969144,0.21960072590975255,0.6923076924382013,0.2884615385030641,0.01923076923610824,0.030852994556040753,0.13248638838427948,0.1088929219650655,0.1252268602474527,0.0018148820320232897,0.17785843915574961,0.01088929219650655,0.007259528131004367,0.0018148820320232897,0.007259528131004367,0.0018148820320232897,0.005444646097525473,0.256,0.356363636,0.437367304,0.79373094,0.288888889,17.78584392,12.52268603,588,687,143,0.23726346433770015,0.7762237762237763,0.21678321678321677,0.006993006993006993,0.02911208151382824,0.1222707423580786,0.11644832605531295,0.1339155749636099,0.008733624454148471,0.1470160116448326,0.002911208151382824,0.00727802037845706,0.0,0.001455604075691412,0.002911208151382824,-0.001455604075691412,0.277,0.374,0.435,0.809,0.303,14.7,13.4
101,J.T. Realmuto,PHI,136,485.0181818,540,107.99999996,0.23636363629629628,0.7454545457390572,0.2272727273989899,0.02727272727861953,0.03636363637037037,0.1309090909074074,0.13454545453703703,0.07818181818518519,0.0036363636370370374,0.22181818185185187,0.01818181818148148,0.007272727272222223,0.0,0.029090909092592595,0.007272727272222223,0.021818181814814815,0.263,0.332123412,0.447368421,0.779491833,0.308988764,22.18181818,7.818181818,489,540,103,0.22777777777777777,0.6796116504854369,0.27184466019417475,0.04854368932038835,0.037037037037037035,0.12962962962962962,0.11666666666666667,0.06481481481481481,0.005555555555555556,0.25555555555555554,0.016666666666666666,0.009259259259259259,0.0,0.02962962962962963,0.009259259259259259,0.020370370370370372,0.252,0.31,0.452,0.762,0.307,25.6,6.5
102,MJ Melendez,KCR,129,525.1021898,602,98.86861313,0.20255474451827243,0.6888888889383372,0.2777777778058734,0.03333333333670481,0.038321167890365444,0.12226277372093024,0.1204379562126246,0.11131386862126245,0.0018248175182724253,0.2463503649501661,0.005474452554817276,0.009124087591362127,0.0036496350365448505,0.007299270073089701,0.0036496350365448505,0.0036496350365448505,0.233,0.319926874,0.428870293,0.748797167,0.275229358,24.6350365,11.13138686,533,602,109,0.20764119601328904,0.6880733944954128,0.26605504587155965,0.045871559633027525,0.026578073089700997,0.1079734219269103,0.09302325581395349,0.10299003322259136,0.0033222591362126247,0.2823920265780731,0.0049833887043189366,0.006644518272425249,0.0,0.009966777408637873,0.006644518272425249,0.0033222591362126247,0.235,0.316,0.398,0.713,0.311,28.2,10.3
103,Tyler O'Neill,STL,133,236.8226691,266,46.19744059,0.22120658135338347,0.7473684210435173,0.23157894730462167,0.02105263158692229,0.047531992669172934,0.1425959780451128,0.1407678245112782,0.08409506398496241,0.0,0.28519195612781956,0.014625228518796994,0.00914076782330827,0.0018281535639097745,0.03107861060150376,0.00914076782330827,0.02193784277819549,0.248,0.320512821,0.46201232,0.782525141,0.306451613,28.51919561,8.409506399,238,266,46,0.20676691729323307,0.6956521739130435,0.30434782608695654,0.0,0.03383458646616541,0.10150375939849623,0.07894736842105263,0.10526315789473684,0.0,0.2518796992481203,0.0,0.0,0.0,0.018796992481203006,0.0,0.018796992481203006,0.231,0.312,0.403,0.715,0.284,25.2,10.5
104,Austin Hays,BAL,133,520.4716636,566,111.75137107999998,0.23034734911660776,0.7407407409859943,0.24074074080702548,0.01851851852017564,0.03290676416961131,0.11882998171378092,0.11700182814487632,0.0566727605123675,0.0,0.19926873851590107,0.01462522851943463,0.00548446069434629,0.003656307128975265,0.007312614259717315,0.003656307128975265,0.003656307128975265,0.251,0.302752294,0.41749503,0.720247323,0.284960422,19.92687386,5.667276051,520,566,127,0.25265017667844525,0.7007874015748031,0.28346456692913385,0.015748031496062992,0.028268551236749116,0.13427561837455831,0.11837455830388692,0.06713780918727916,0.0017667844522968198,0.24911660777385158,0.00530035335689046,0.0088339222614841,0.0,0.0088339222614841,0.0017667844522968198,0.007067137809187279,0.275,0.325,0.444,0.769,0.345,24.9,6.7
105,Mitch Haniger,SFG,126,203.4157509,229,41.102564099999995,0.22344322344978165,0.7448979592978726,0.2244897959297873,0.020408163270767825,0.04395604397379913,0.13553113554585153,0.1336996337117904,0.08791208790393014,0.0036630036637554588,0.24358974358078603,0.012820512820960698,0.00915750915720524,0.0018315018296943231,0.0018315018296943231,0.0018315018296943231,0.0,0.25,0.324770642,0.451546392,0.776317034,0.294294294,24.35897436,8.791208791,211,229,38,0.19213973799126638,0.631578947368421,0.34210526315789475,0.02631578947368421,0.026200873362445413,0.11790393013100436,0.1222707423580786,0.06550218340611354,0.0,0.2838427947598253,0.008733624454148471,0.004366812227074236,0.0,0.004366812227074236,0.0,0.004366812227074236,0.209,0.266,0.365,0.631,0.27,28.4,6.6
106,Salvador Perez,KCR,132,540.5514706,580,106.61764704999999,0.23713235293103446,0.7600000000187588,0.22999999998593107,0.010000000004689655,0.05330882353448276,0.11764705882758622,0.15441176470689655,0.04227941175862069,0.003676470587931035,0.24080882344827584,0.016544117646551722,0.00735294117586207,0.0,0.001838235294827586,0.0,0.001838235294827586,0.254,0.296500921,0.475345168,0.771846088,0.284900285,24.08088235,4.227941176,538,580,114,0.23620689655172414,0.8157894736842105,0.18421052631578946,0.0,0.039655172413793106,0.10172413793103448,0.13793103448275862,0.032758620689655175,0.010344827586206896,0.23275862068965517,0.022413793103448276,0.013793103448275862,0.0,0.0,0.0,0.0,0.255,0.292,0.422,0.714,0.294,23.3,3.3
107,Thairo Estrada,SFG,136,483.0627306,530,111.4760148,0.2361623616981132,0.7807017541498981,0.20175438591297756,0.017543859641096535,0.025830258301886795,0.12730627305660377,0.10701107011320755,0.0608856088490566,0.0,0.1752767527735849,0.018450184501886794,0.005535055350943396,0.0036900369,0.03136531366037736,0.009225092250943397,0.022140221396226414,0.26,0.316666667,0.398785425,0.715452092,0.293814433,17.52767528,6.088560886,495,530,120,0.2528301886792453,0.7666666666666667,0.21666666666666667,0.016666666666666666,0.026415094339622643,0.11886792452830189,0.09245283018867924,0.04150943396226415,0.0018867924528301887,0.22641509433962265,0.020754716981132074,0.0037735849056603774,0.0,0.04339622641509434,0.013207547169811321,0.03018867924528302,0.271,0.315,0.416,0.731,0.331,22.6,4.2
108,Hunter Renfroe,LAA,131,496.4354244,548,89.98523989,0.21771217718978103,0.7191011232408906,0.26966292127089864,0.011235955054806266,0.05350553505474452,0.12730627306569345,0.14391143910583942,0.07749077490875912,0.001845018450729927,0.23800738010948908,0.00738007380109489,0.00738007380109489,0.001845018450729927,0.0036900368996350364,0.001845018450729927,0.001845018450729927,0.24,0.303142329,0.470468432,0.773610761,0.264094955,23.80073801,7.749077491,498,548,96,0.2116788321167883,0.6770833333333334,0.3229166666666667,0.0,0.0364963503649635,0.10948905109489052,0.10948905109489052,0.08029197080291971,0.0,0.2281021897810219,0.005474452554744526,0.005474452554744526,0.0,0.0,0.0,0.0,0.233,0.297,0.416,0.713,0.27,22.8,8.0
109,Sean Murphy,ATL,134,385.2777778,438,78.67777778,0.21851851851598175,0.7113402062078424,0.2783505154560556,0.010309278348812052,0.03888888888127854,0.12222222221461186,0.12592592593607307,0.0944444444520548,0.0018518518515981736,0.22592592593607305,0.020370370369863014,0.007407407406392694,0.0,0.0018518518515981736,0.0,0.0018518518515981736,0.249,0.33271719,0.442105263,0.774822454,0.288690476,22.59259259,9.444444444,370,438,72,0.21232876712328766,0.7083333333333334,0.2916666666666667,0.0,0.04794520547945205,0.14840182648401826,0.1552511415525114,0.11187214611872145,0.0,0.2237442922374429,0.0410958904109589,0.00228310502283105,0.0,0.0,0.0,0.0,0.251,0.365,0.478,0.844,0.286,22.4,11.2
110,Starling Marte,NYM,125,310.6888889,341,75.77777777899999,0.24814814815249264,0.7750000000168256,0.20000000005542523,0.024999999993731672,0.025925925926686216,0.1388888888856305,0.10925925926686217,0.0611111111143695,0.0018518518504398826,0.1888888888856305,0.0222222222228739,0.003703703703812317,0.0018518518504398826,0.048148148152492666,0.012962962961876831,0.035185185190615836,0.273,0.332096475,0.418699187,0.750795662,0.317460317,18.88888889,6.111111111,315,341,73,0.2287390029325513,0.8904109589041096,0.0958904109589041,0.0136986301369863,0.01466275659824047,0.11143695014662756,0.08211143695014662,0.0469208211143695,0.002932551319648094,0.20234604105571846,0.02346041055718475,0.0,0.005865102639296188,0.07038123167155426,0.011730205278592375,0.05865102639296188,0.248,0.301,0.324,0.625,0.303,20.2,4.7
111,Trent Grisham,SDP,137,481.0,555,88.38888888,0.19074074072072073,0.7209302326054989,0.2441860464984725,0.034883720929969456,0.03148148147747747,0.12037037037837839,0.10740740740540541,0.10740740740540541,0.0018518518522522521,0.2611111111711712,0.011111111111711713,0.0055555555549549555,0.007407407407207207,0.02037037037837838,0.0055555555549549555,0.014814814814414413,0.219,0.312149533,0.386752137,0.698901669,0.274760383,26.11111111,10.74074074,469,555,80,0.16756756756756758,0.6,0.3875,0.0125,0.023423423423423424,0.12072072072072072,0.09009009009009009,0.13513513513513514,0.0,0.2774774774774775,0.009009009009009009,0.0018018018018018018,0.007207207207207207,0.02702702702702703,0.005405405405405406,0.021621621621621623,0.198,0.315,0.352,0.666,0.264,27.7,13.5
112,Luis Robert Jr.,CHW,126,550.679702,595,132.96089382,0.2607076349579832,0.7500000001880252,0.23333333342358545,0.016666666674187675,0.03724394786554622,0.13780260707563025,0.1340782122857143,0.05586592178151261,0.001862197393277311,0.21042830537815127,0.011173184357983193,0.005586592178151261,0.001862197393277311,0.027932960890756305,0.007448789571428572,0.02048417132773109,0.281,0.328358209,0.466800805,0.795159014,0.326975477,21.04283054,5.586592179,546,595,106,0.24201680672268908,0.6509433962264151,0.33962264150943394,0.009433962264150943,0.06386554621848739,0.15126050420168066,0.13445378151260504,0.05042016806722689,0.008403361344537815,0.28907563025210087,0.020168067226890758,0.0033613445378151263,0.0,0.03361344537815126,0.0067226890756302525,0.02689075630252101,0.264,0.315,0.542,0.857,0.314,28.9,5.0
113,Enrique Hernandez,BOS,128,453.132216,508,92.70763497,0.21042830531496062,0.7040816329865652,0.28571428586838,0.020408163271690028,0.027932960885826773,0.12290502793307086,0.10986964618110237,0.08566108007874015,0.0,0.19180633147637796,0.011173184358267717,0.009310986964566928,0.0018621973937007874,0.0018621973937007874,0.0018621973937007874,0.0,0.237,0.307835821,0.39874739,0.706583211,0.267759563,19.18063315,8.566108007,465,508,99,0.21653543307086615,0.7676767676767676,0.23232323232323232,0.0,0.021653543307086614,0.11220472440944881,0.12007874015748031,0.06692913385826772,0.001968503937007874,0.19094488188976377,0.005905511811023622,0.011811023622047244,0.0,0.007874015748031496,0.001968503937007874,0.005905511811023622,0.237,0.289,0.357,0.646,0.273,19.1,6.7
114,Mike Yastrzemski,SFG,131,334.0858209,381,62.55223880999999,0.19962686566929133,0.6704545454781621,0.30681818181273185,0.03409090909563242,0.035447761181102364,0.1305970149343832,0.1156716417847769,0.10074626866141732,0.0018656716430446195,0.25,0.0111940298503937,0.007462686566929134,0.0018656716430446195,0.009328358209973754,0.0018656716430446195,0.007462686566929134,0.228,0.312734082,0.421276596,0.734010678,0.274143302,25.0,10.07462687,330,381,62,0.2020997375328084,0.6129032258064516,0.3709677419354839,0.016129032258064516,0.03937007874015748,0.14173228346456693,0.11286089238845144,0.11811023622047244,0.007874015748031496,0.25984251968503935,0.007874015748031496,0.0026246719160104987,0.005249343832020997,0.005249343832020997,0.005249343832020997,0.0,0.233,0.33,0.445,0.775,0.286,26.0,11.8
115,Ramon Laureano,OAK,127,360.2018692,404,69.4728972,0.20560747663366338,0.7173913043603427,0.2608695652611994,0.010869565218017133,0.0336448598019802,0.11775700935643564,0.10654205606435643,0.07663551400990098,0.0,0.263551401980198,0.02429906542079208,0.005607476636138614,0.0018691588787128712,0.026168224306930696,0.009345794393564357,0.016822429905940593,0.23,0.307116105,0.396226415,0.70334252,0.286604361,26.35514019,7.663551402,361,404,72,0.2004950495049505,0.6944444444444444,0.25,0.05555555555555555,0.022277227722772276,0.11386138613861387,0.08663366336633663,0.08168316831683169,0.0,0.28217821782178215,0.022277227722772276,0.0024752475247524753,0.0,0.0297029702970297,0.0024752475247524753,0.027227722772277228,0.224,0.304,0.371,0.676,0.301,28.2,8.2
116,Jean Segura,MIA,127,296.641651,326,74.007504688,0.24765478423312884,0.8099173554451568,0.18181818177396025,0.01652892561581457,0.020637898687116563,0.11444652907975461,0.0994371482208589,0.06754221389570553,0.0018761726073619632,0.1500938086196319,0.01500938086196319,0.005628517825153374,0.0018761726073619632,0.02251407129447853,0.0093808630398773,0.013133208254601226,0.273,0.330827068,0.395876289,0.726703356,0.304785894,15.00938086,6.754221388,301,326,63,0.20245398773006135,0.8888888888888888,0.07936507936507936,0.031746031746031744,0.009202453987730062,0.07668711656441718,0.06441717791411043,0.06748466257668712,0.003067484662576687,0.1441717791411043,0.006134969325153374,0.0,0.003067484662576687,0.018404907975460124,0.006134969325153374,0.012269938650306749,0.219,0.277,0.279,0.556,0.251,14.4,6.7
117,CJ Abrams,WSN,136,572.4511278,614,137.342105232,0.23684210521172638,0.7563025215358234,0.218487395029448,0.025210084039058965,0.013157894736156351,0.11654135338762216,0.09022556390879478,0.03571428571661238,0.0,0.18045112785016287,0.018796992475570033,0.007518796991856677,0.005639097744299674,0.03195488721498371,0.011278195488599348,0.020676691726384366,0.253,0.293005671,0.360887097,0.653892768,0.299748111,18.04511278,3.571428571,563,614,120,0.2247557003257329,0.7166666666666667,0.23333333333333334,0.05,0.029315960912052116,0.13517915309446255,0.10423452768729642,0.05211726384364821,0.003257328990228013,0.19218241042345277,0.021172638436482084,0.004885993485342019,0.004885993485342019,0.07654723127035831,0.006514657980456026,0.07003257328990228,0.245,0.3,0.412,0.712,0.279,19.2,5.2
118,Lourdes Gurriel Jr.,ARI,129,545.2631579,592,137.98496239,0.25751879695945945,0.7419354835974457,0.24193548392356817,0.01612903226157121,0.024436090219594597,0.11090225564189189,0.11842105263513515,0.060150375945945946,0.0018796992483108108,0.18045112787162162,0.009398496239864865,0.007518796993243243,0.0018796992483108108,0.007518796993243243,0.0037593984966216216,0.0037593984966216216,0.279,0.327683616,0.428571429,0.756255044,0.322077922,18.04511278,6.015037594,551,592,120,0.24324324324324326,0.6916666666666667,0.2916666666666667,0.016666666666666666,0.04054054054054054,0.1097972972972973,0.13851351351351351,0.05574324324324324,0.0016891891891891893,0.17398648648648649,0.010135135135135136,0.0033783783783783786,0.0,0.008445945945945946,0.0,0.008445945945945946,0.261,0.309,0.463,0.772,0.282,17.4,5.6
119,Spencer Torkelson,DET,133,598.6616257,684,116.37051039000002,0.20226843099415207,0.7333333333677062,0.25555555552977577,0.011111111111111108,0.0321361058625731,0.1077504725877193,0.10964083175438596,0.10018903592105263,0.001890359168128655,0.2400756143274854,0.013232514178362574,0.00756143667251462,0.00378071833625731,0.00378071833625731,0.001890359168128655,0.001890359168128655,0.231,0.316888046,0.39524838,0.712136426,0.278637771,24.00756144,10.01890359,606,684,110,0.20614035087719298,0.6818181818181818,0.3090909090909091,0.00909090909090909,0.04532163742690058,0.1286549707602339,0.13742690058479531,0.097953216374269,0.0014619883040935672,0.25,0.008771929824561403,0.007309941520467836,0.0,0.0043859649122807015,0.0,0.0043859649122807015,0.233,0.313,0.446,0.758,0.269,25.0,9.8
120,Will Smith,LAD,129,478.4545455,554,98.62878792000001,0.22348484855595668,0.723404255032236,0.2553191488110503,0.021276595730874513,0.04545454545126354,0.13446969696750902,0.1496212121299639,0.10416666666064982,0.00568181818231047,0.183712121299639,0.02083333333935018,0.011363636362815885,0.0,0.00378787878700361,0.001893939393501805,0.001893939393501805,0.259,0.348484848,0.478070175,0.826555024,0.275659824,18.37121212,10.41666667,464,554,102,0.2184115523465704,0.7745098039215687,0.20588235294117646,0.0196078431372549,0.03429602888086643,0.1444043321299639,0.1371841155234657,0.11371841155234658,0.0036101083032490976,0.16064981949458484,0.02707581227436823,0.021660649819494584,0.0,0.005415162454873646,0.0,0.005415162454873646,0.261,0.359,0.438,0.797,0.277,16.1,11.4
121,Andrew Benintendi,CHW,126,550.4318182,621,132.90340906999998,0.23863636360708534,0.7787610620694218,0.20353982301351065,0.01769911504498024,0.024621212125603864,0.12310606061191626,0.10984848484702092,0.09469696969404187,0.0018939393945249597,0.16666666666666666,0.005681818181964573,0.009469696969404187,0.0037878787874396132,0.017045454541062804,0.005681818181964573,0.011363636363929145,0.269,0.340304183,0.41025641,0.750560593,0.303763441,16.66666667,9.46969697,562,621,142,0.23671497584541062,0.7464788732394366,0.23943661971830985,0.014084507042253521,0.008051529790660225,0.11594202898550725,0.07246376811594203,0.08373590982286634,0.008051529790660225,0.143317230273752,0.004830917874396135,0.004830917874396135,0.001610305958132045,0.020933977455716585,0.00322061191626409,0.017713365539452495,0.262,0.326,0.356,0.682,0.301,14.3,8.4
123,Josh Naylor,CLE,130,447.9467681,495,99.75285172,0.23954372626262627,0.7452830187620024,0.24528301886225012,0.00943396226547497,0.0380228136969697,0.11596958175757575,0.13688212927272728,0.07794676806060606,0.005703422052525253,0.1596958174949495,0.011406844107070708,0.005703422052525253,0.001901140684848485,0.009505703422222221,0.00380228136969697,0.005703422052525253,0.264,0.328897338,0.449579832,0.77847717,0.282666667,15.96958175,7.794676806,452,495,122,0.2808080808080808,0.7459016393442623,0.2540983606557377,0.0,0.03434343434343434,0.10505050505050505,0.19595959595959597,0.06666666666666667,0.01818181818181818,0.13737373737373737,0.006060606060606061,0.014141414141414142,0.0,0.020202020202020204,0.006060606060606061,0.014141414141414142,0.308,0.354,0.489,0.842,0.326,13.7,6.7
124,Luis Garcia,WSN,130,453.4847328,482,107.62213743,0.24809160311203318,0.7521367520009494,0.22222222212930456,0.025641025637451884,0.02480916031120332,0.10496183205394191,0.10877862595435685,0.0458015267219917,0.0038167938921161828,0.1965648854979253,0.0038167938921161828,0.005725190840248962,0.0019083969460580914,0.009541984732365146,0.0038167938921161828,0.005725190840248962,0.263,0.298850575,0.407707911,0.706558485,0.307894737,19.65648855,4.580152672,447,482,110,0.24688796680497926,0.8,0.16363636363636364,0.03636363636363636,0.01867219917012448,0.12655601659751037,0.1037344398340249,0.056016597510373446,0.002074688796680498,0.12448132780082988,0.0,0.014522821576763486,0.002074688796680498,0.01867219917012448,0.008298755186721992,0.01037344398340249,0.266,0.304,0.385,0.688,0.286,12.4,5.6
126,Brandon Lowe,TBR,125,383.3793103,436,72.66666667,0.2126436781651376,0.7011494252430666,0.2643678160887905,0.02298850574206475,0.04597701149082569,0.13026819924311928,0.13793103447247707,0.09961685823394495,0.0019157088119266057,0.24904214564220184,0.013409961685779816,0.005747126435779817,0.0019157088119266057,0.00766283525,0.0019157088119266057,0.005747126435779817,0.241,0.326295585,0.455337691,0.781633276,0.282467532,24.90421456,9.961685824,377,436,66,0.19954128440366972,0.7575757575757576,0.22727272727272727,0.015151515151515152,0.0481651376146789,0.13302752293577982,0.1559633027522936,0.11467889908256881,0.0,0.27293577981651373,0.013761467889908258,0.006880733944954129,0.0,0.016055045871559634,0.0,0.016055045871559634,0.231,0.328,0.443,0.771,0.275,27.3,11.5
127,Dylan Carlson,STL,126,225.5202312,255,49.624277453000005,0.2196531791764706,0.6930693069047555,0.27722772272159935,0.029702970293039317,0.025048169556862745,0.11753371870588235,0.10597302505882353,0.0905587668627451,0.001926782274509804,0.21001926780392158,0.01348747591372549,0.007707129094117648,0.001926782274509804,0.00963391136862745,0.003853564549019608,0.005780346819607843,0.248,0.324951644,0.407407407,0.732359052,0.296187683,21.00192678,9.055876686,219,255,43,0.18823529411764706,0.7906976744186046,0.18604651162790697,0.023255813953488372,0.0196078431372549,0.10588235294117647,0.10588235294117647,0.10196078431372549,0.0,0.19215686274509805,0.027450980392156862,0.011764705882352941,0.0,0.011764705882352941,0.0,0.011764705882352941,0.219,0.318,0.333,0.651,0.256,19.2,10.2
128,Willson Contreras,STL,126,426.0638298,495,85.21276599999999,0.2166344294949495,0.7415730333175666,0.2471910111449733,0.022471910100887938,0.044487427474747473,0.13539651838383837,0.1257253384848485,0.10058027078787879,0.0019342359777777779,0.23404255313131314,0.029013539656565654,0.0058027079313131315,0.0019342359777777779,0.007736943907070707,0.0038684719535353536,0.0038684719535353536,0.251,0.347572816,0.46741573,0.814988546,0.292763158,23.40425532,10.05802708,428,495,93,0.22828282828282828,0.7096774193548387,0.2903225806451613,0.0,0.04040404040404041,0.1111111111111111,0.13535353535353536,0.10303030303030303,0.0,0.22424242424242424,0.026262626262626262,0.00404040404040404,0.00202020202020202,0.012121212121212121,0.006060606060606061,0.006060606060606061,0.264,0.358,0.467,0.826,0.311,22.4,10.3
129,Ha-Seong Kim,SDP,128,558.1934236,626,119.87234043999999,0.21470019345047922,0.7373737373071684,0.2323232322634044,0.020202020200082115,0.023210831725239616,0.11605415861022364,0.10638297872204472,0.08510638297124601,0.0,0.1837524177316294,0.009671179883386581,0.007736943907348242,0.00580270792971246,0.02127659575079872,0.00580270792971246,0.015473887814696484,0.241,0.311284047,0.37527115,0.686555196,0.276536313,18.37524178,8.510638298,538,626,123,0.22364217252396165,0.8130081300813008,0.18699186991869918,0.0,0.027156549520766772,0.134185303514377,0.09584664536741214,0.11980830670926518,0.001597444089456869,0.19808306709265175,0.004792332268370607,0.007987220447284345,0.007987220447284345,0.06070287539936102,0.01437699680511182,0.0463258785942492,0.26,0.351,0.398,0.749,0.306,19.8,12.0
130,Giancarlo Stanton,NYY,122,366.0348162,415,64.21663443,0.21276595744578314,0.7874999999435505,0.21250000005644956,0.0,0.05802707930120481,0.12185686653012048,0.15860735009638555,0.10638297872289157,0.0038684719542168675,0.29013539662650606,0.005802707930120482,0.005802707930120482,0.0,0.0,0.0,0.0,0.241,0.324951644,0.475877193,0.800828837,0.286738351,29.01353965,10.63829787,371,415,47,0.1710843373493976,0.723404255319149,0.2765957446808511,0.0,0.05783132530120482,0.10361445783132531,0.14457831325301204,0.09879518072289156,0.007228915662650603,0.2987951807228916,0.004819277108433735,0.0024096385542168677,0.0,0.0,0.0,0.0,0.191,0.275,0.42,0.695,0.21,29.9,9.9
131,Tony Kemp,OAK,129,365.5106383,419,83.47582205,0.21276595744630072,0.7669902912923754,0.2135922329620233,0.029126213594442823,0.013539651837708831,0.11025145066825776,0.07930367505966587,0.09477756286396181,0.0,0.12959381045346063,0.015473887813842482,0.009671179883054893,0.009671179883054893,0.019342359768496423,0.00580270793078759,0.013539651837708831,0.244,0.325536062,0.354767184,0.680303246,0.269633508,12.95938104,9.477756286,359,419,70,0.17899761336515513,0.7714285714285715,0.18571428571428572,0.04285714285714286,0.011933174224343675,0.10023866348448687,0.06443914081145585,0.10501193317422435,0.0,0.0954653937947494,0.014319809069212411,0.007159904534606206,0.016706443914081145,0.03579952267303103,0.00954653937947494,0.026252983293556086,0.209,0.303,0.304,0.607,0.221,9.5,10.5
132,Mark Canha,NYM,127,433.450677,507,92.18181818000001,0.20696324950690337,0.7659574468592891,0.22340425527067856,0.021276595740064626,0.025145067692307694,0.12379110250493097,0.10638297871794872,0.10638297871794872,0.0019342359763313609,0.19922630552268245,0.029013539644970412,0.00773694390729783,0.0019342359763313609,0.009671179883629191,0.0038684719526627218,0.0058027079309664695,0.243,0.343023256,0.389140271,0.732163527,0.284848485,19.92263056,10.63829787,435,507,103,0.22485207100591717,0.7475728155339806,0.24271844660194175,0.009708737864077669,0.021696252465483234,0.10059171597633136,0.1222879684418146,0.09664694280078895,0.0019723865877712033,0.15581854043392504,0.03353057199211045,0.011834319526627219,0.0,0.021696252465483234,0.0019723865877712033,0.01972386587771203,0.262,0.355,0.4,0.755,0.293,15.6,9.7
133,Jeimer Candelario,WSN,126,519.0697674,576,107.16279068,0.21705426354166668,0.7187500000816515,0.27083333334110965,0.020833333341109664,0.031007751944444446,0.11046511628472222,0.11240310078124999,0.08333333333333333,0.001937984496527778,0.23062015503472225,0.009689922480902778,0.005813953487847222,0.0,0.001937984496527778,0.001937984496527778,0.0,0.242,0.310077519,0.410752688,0.720830208,0.288288288,23.0620155,8.333333333,505,576,105,0.2204861111111111,0.6,0.37142857142857144,0.02857142857142857,0.03819444444444445,0.13368055555555555,0.12152777777777778,0.0920138888888889,0.001736111111111111,0.2204861111111111,0.022569444444444444,0.006944444444444444,0.0,0.013888888888888888,0.001736111111111111,0.012152777777777778,0.251,0.336,0.471,0.807,0.292,22.0,9.2
134,Whit Merrifield,TOR,126,544.6861598,592,130.40155948999998,0.23976608192567567,0.7610619467139933,0.23008849554671842,0.01769911504146537,0.01949317738175676,0.12670565302364867,0.10136452241554053,0.06237816763513513,0.0,0.15594541910472973,0.005847953216216216,0.011695906432432433,0.0019493177381756756,0.03703703704391892,0.009746588694256757,0.02729044834459459,0.26,0.307992203,0.389830508,0.697822711,0.291237113,15.59454191,6.237816764,547,592,138,0.2516891891891892,0.8043478260869565,0.1956521739130435,0.0,0.018581081081081082,0.11148648648648649,0.11317567567567567,0.060810810810810814,0.0033783783783783786,0.17060810810810811,0.005067567567567568,0.010135135135135136,0.0,0.04391891891891892,0.016891891891891893,0.02702702702702703,0.272,0.318,0.382,0.7,0.313,17.1,6.1
135,Kolten Wong,SEA,126,221.6796875,250,48.828125,0.21875,0.76,0.22,0.02,0.0234375,0.119140625,0.091796875,0.078125,0.00390625,0.17578125,0.021484375,0.0078125,0.005859375,0.03125,0.009765625,0.021484375,0.247,0.320235756,0.383259912,0.703495668,0.280898876,17.578125,7.8125,224,250,37,0.164,0.8378378378378378,0.16216216216216217,0.0,0.016,0.1,0.108,0.072,0.0,0.212,0.02,0.012,0.0,0.012,0.008,0.004,0.183,0.256,0.263,0.519,0.218,21.2,7.2
136,Harrison Bader,NYY,129,312.2980392,344,66.77647059,0.2235294117732558,0.7575757574940739,0.2121212120803703,0.030303030305753088,0.029411764709302325,0.1176470588372093,0.10588235293604652,0.0686274509883721,0.0019607843139534883,0.2235294117732558,0.01568627450872093,0.005882352941860464,0.0019607843139534883,0.04117647058139535,0.009803921569767442,0.03137254901162791,0.246,0.308447937,0.401727862,0.710175799,0.293768546,22.35294118,6.862745098,319,344,67,0.21511627906976744,0.7910447761194029,0.1791044776119403,0.029850746268656716,0.020348837209302327,0.12790697674418605,0.11627906976744186,0.04941860465116279,0.0,0.17151162790697674,0.00872093023255814,0.011627906976744186,0.0029069767441860465,0.05813953488372093,0.00872093023255814,0.04941860465116279,0.232,0.274,0.348,0.622,0.261,17.2,4.9
137,Brendan Donovan,STL,127,319.3509804,371,78.564705887,0.22549019609164422,0.7777777776943363,0.2129629629628451,0.018518518520168493,0.013725490196765498,0.1215686274393531,0.09607843137466307,0.1058823529380054,0.0019607843126684637,0.1647058823450135,0.02156862745013477,0.0058823529407008085,0.003921568628032345,0.009803921568733154,0.003921568628032345,0.0058823529407008085,0.263,0.355029586,0.37357631,0.728605896,0.307692308,16.47058824,10.58823529,327,371,82,0.25067385444743934,0.8658536585365854,0.12195121951219512,0.012195121951219513,0.029649595687331536,0.1293800539083558,0.09164420485175202,0.0889487870619946,0.005390835579514825,0.14285714285714285,0.02425876010781671,0.0026954177897574125,0.0026954177897574125,0.013477088948787063,0.0026954177897574125,0.01078167115902965,0.284,0.365,0.422,0.787,0.311,14.3,8.9
138,Lars Nootbaar,STL,129,431.848723,503,84.98624759,0.20825147355864812,0.7441860461367382,0.2325581393515435,0.03488372090861483,0.03929273083499006,0.1355599214115308,0.11591355598409543,0.12180746562624255,0.003929273083499006,0.21218074652087476,0.005893909626242545,0.009823182711729623,0.003929273083499006,0.01178781925248509,0.005893909626242545,0.005893909626242545,0.243,0.337278107,0.441647597,0.778925704,0.27388535,21.21807466,12.18074656,426,503,97,0.220675944333996,0.7525773195876289,0.23711340206185566,0.010309278350515464,0.027833001988071572,0.147117296222664,0.09145129224652088,0.14314115308151093,0.003976143141153081,0.19681908548707752,0.0019880715705765406,0.005964214711729622,0.0019880715705765406,0.02186878727634195,0.0019880715705765406,0.019880715705765408,0.261,0.367,0.418,0.784,0.307,19.7,14.3
139,Justin Turner,BOS,121,553.4381139,626,130.36542243999997,0.23575638514376995,0.7547169809178736,0.2452830187752967,0.0,0.027504911597444087,0.11984282907348241,0.1277013752396166,0.09037328094249202,0.0019646365415335464,0.1650294694888179,0.01571709233865815,0.00982318271086262,0.0,0.005893909626198083,0.0019646365415335464,0.003929273084664537,0.267,0.341846758,0.417777778,0.759624536,0.296918768,16.50294695,9.037328094,558,626,131,0.24600638977635783,0.7633587786259542,0.2366412213740458,0.0,0.036741214057507986,0.13738019169329074,0.15335463258785942,0.08146964856230032,0.0,0.1757188498402556,0.01757188498402556,0.009584664536741214,0.0,0.006389776357827476,0.001597444089456869,0.004792332268370607,0.276,0.345,0.455,0.8,0.304,17.6,8.1
140,Cody Bellinger,CHC,125,499.0866142,556,91.9370079,0.20078740161870504,0.7142857140992512,0.24999999994561492,0.03571428570496256,0.03543307086330935,0.12007874016187049,0.11811023622302158,0.08858267715827338,0.003937007874100719,0.25,0.005905511811151079,0.007874015748201438,0.0019685039370503595,0.02362204724820144,0.005905511811151079,0.017716535433453237,0.224,0.295275591,0.401315789,0.69659138,0.266666667,25.0,8.858267717,499,556,127,0.2751798561151079,0.7637795275590551,0.2283464566929134,0.007874015748031496,0.046762589928057555,0.17086330935251798,0.17446043165467626,0.07194244604316546,0.00539568345323741,0.1564748201438849,0.008992805755395683,0.02158273381294964,0.0,0.03597122302158273,0.01079136690647482,0.025179856115107913,0.307,0.356,0.525,0.881,0.319,15.6,7.2
143,Masataka Yoshida,BOS,119,508.7920792,580,127.48514852999999,0.24950495051724136,0.747747747633267,0.24324324321356305,0.009009009004132979,0.029702970293103446,0.12871287129310346,0.12475247524137931,0.10495049505172413,0.011881188118965517,0.12079207920689657,0.011881188118965517,0.007920792079310346,0.0,0.0059405940586206895,0.0019801980189655174,0.003960396039655173,0.285,0.365612648,0.451467269,0.817079917,0.299191375,12.07920792,10.4950495,537,580,140,0.2672413793103448,0.7428571428571429,0.2357142857142857,0.02142857142857143,0.02586206896551724,0.12241379310344827,0.12413793103448276,0.05862068965517241,0.0,0.1396551724137931,0.01206896551724138,0.0034482758620689655,0.0,0.013793103448275862,0.0,0.013793103448275862,0.289,0.338,0.445,0.783,0.316,14.0,5.9
144,Bryson Stott,PHI,128,577.9009901,640,125.46534658,0.22178217828125,0.7474747472219513,0.22222222215137485,0.030303030291920146,0.02574257425,0.116831683171875,0.10099009901562499,0.083168316828125,0.0,0.211881188125,0.0039603960390624995,0.005940594059375,0.0039603960390624995,0.023762376234375,0.005940594059375,0.017821782171875,0.245,0.310139165,0.39254386,0.702683025,0.292035398,21.18811881,8.316831683,585,640,149,0.25625,0.7718120805369127,0.21476510067114093,0.013422818791946308,0.0234375,0.121875,0.096875,0.0609375,0.0015625,0.15625,0.0109375,0.0125,0.0015625,0.0484375,0.0046875,0.04375,0.28,0.329,0.419,0.747,0.312,15.6,6.1
145,Max Kepler,MIN,124,429.7465347,491,84.58811886,0.20396039613034622,0.7126436777695709,0.2643678159696576,0.022988505728781968,0.0316831683095723,0.12079207920570265,0.11089108910386965,0.1049504950509165,0.001980198020366599,0.170297029694501,0.011881188118126272,0.007920792079429735,0.0,0.009900990099796335,0.003960396038696538,0.005940594059063136,0.233,0.320792079,0.402714932,0.723507011,0.252906977,17.02970297,10.4950495,438,491,90,0.23217922606924643,0.7333333333333333,0.24444444444444444,0.022222222222222223,0.048879837067209775,0.14663951120162932,0.13441955193482688,0.09164969450101833,0.0,0.2158859470468432,0.008146639511201629,0.008146639511201629,0.0,0.002036659877800407,0.002036659877800407,0.0,0.26,0.332,0.484,0.816,0.288,21.6,9.2
146,Carlos Santana,PIT,122,524.6178218,619,96.83366334,0.1900990098546042,0.7594936711396754,0.2278481013625566,0.0,0.03366336633279483,0.11089108911147011,0.11485148515347335,0.14059405940226172,0.0039603960403877215,0.16435643570274636,0.0039603960403877215,0.005940594059773829,0.0019801980193861067,0.0019801980193861067,0.0,0.0019801980193861067,0.224,0.33531746,0.38317757,0.71849503,0.238670695,16.43564356,14.05940594,550,619,109,0.21324717285945072,0.6880733944954128,0.30275229357798167,0.009174311926605505,0.03715670436187399,0.1260096930533118,0.13893376413570274,0.1050080775444265,0.0,0.1680129240710824,0.0,0.006462035541195477,0.0,0.009693053311793215,0.0,0.009693053311793215,0.24,0.318,0.429,0.747,0.255,16.8,10.5
147,Fernando Tatis Jr.,SDP,116,559.4047619,635,114.65277782000001,0.24206349212598424,0.725274724966101,0.2637362636557531,0.021978021971312756,0.061507936503937,0.16468253968503938,0.16269841275590552,0.10317460318110236,0.005952380952755906,0.25992063496062995,0.007936507937007875,0.007936507937007875,0.0019841269842519687,0.03968253968503937,0.011904761905511811,0.02777777777952756,0.276,0.353174603,0.54954955,0.902724153,0.318181818,25.99206349,10.31746032,575,635,123,0.23307086614173228,0.7235772357723578,0.2682926829268293,0.008130081300813009,0.03937007874015748,0.14330708661417324,0.12283464566929134,0.08346456692913386,0.0,0.2220472440944882,0.004724409448818898,0.004724409448818898,0.0015748031496062992,0.04566929133858268,0.006299212598425197,0.03937007874015748,0.257,0.322,0.449,0.77,0.299,22.2,8.3
148,Seth Brown,OAK,129,342.75,378,61.5,0.20634920634920634,0.6951219512195121,0.2804878048780488,0.024390243902439025,0.04365079365079365,0.11507936507936507,0.13095238095238096,0.08134920634920635,0.003968253968253968,0.2718253968253968,0.005952380952380952,0.005952380952380952,0.0,0.015873015873015872,0.003968253968253968,0.011904761904761904,0.229,0.293650794,0.43107221,0.724723004,0.272425249,27.18253968,8.134920635,343,378,62,0.20105820105820105,0.6774193548387096,0.3064516129032258,0.016129032258064516,0.037037037037037035,0.0873015873015873,0.13756613756613756,0.07936507936507936,0.0026455026455026454,0.2671957671957672,0.005291005291005291,0.005291005291005291,0.0026455026455026454,0.007936507936507936,0.0026455026455026454,0.005291005291005291,0.222,0.286,0.405,0.692,0.27,26.7,7.9
149,Chris Taylor,LAD,124,338.9582505,384,67.94433399,0.20675944333333332,0.696629213511259,0.26966292130697206,0.033707865167050995,0.029821073567708332,0.12127236580729167,0.11332007953125,0.09741550695312501,0.0019880715703125,0.31013916510416667,0.011928429424479166,0.0059642147109375,0.0019880715703125,0.019880715705729166,0.003976143140625,0.015904572565104167,0.233,0.316733068,0.403153153,0.719886221,0.322463768,31.0139165,9.741550696,338,384,65,0.20833333333333334,0.7538461538461538,0.23076923076923078,0.015384615384615385,0.0390625,0.1328125,0.14583333333333334,0.10677083333333333,0.005208333333333333,0.3255208333333333,0.010416666666666666,0.0026041666666666665,0.0,0.041666666666666664,0.0078125,0.033854166666666664,0.237,0.326,0.42,0.746,0.327,32.6,10.7
151,Michael Conforto,SFG,120,406.3346614,470,86.13545812,0.21513944212765956,0.7391304352419459,0.25000000011609624,0.010869565222438966,0.03187250995744681,0.12151394421276596,0.11952191234042553,0.11155378485106383,0.003984063744680851,0.22111553787234045,0.01792828685319149,0.005976095617021277,0.0019920318723404256,0.007968127489361702,0.0019920318723404256,0.005976095617021277,0.249,0.344621514,0.417050691,0.761672205,0.296774194,22.11155378,11.15537849,406,470,82,0.20638297872340425,0.8292682926829268,0.17073170731707318,0.0,0.031914893617021274,0.12340425531914893,0.12340425531914893,0.1127659574468085,0.00851063829787234,0.225531914893617,0.014893617021276596,0.00851063829787234,0.0,0.00851063829787234,0.0,0.00851063829787234,0.239,0.334,0.384,0.718,0.284,22.6,11.3
152,Andrew McCutchen,PIT,119,411.7549801,473,82.91633466,0.2071713147357294,0.7386363636445865,0.25000000006030176,0.011363636367473747,0.0318725099577167,0.11752988048625793,0.11752988048625793,0.11155378486257929,0.0019920318731501056,0.213147410359408,0.007968127490486258,0.007968127490486258,0.0019920318731501056,0.013944223107822411,0.005976095617336152,0.007968127490486258,0.239,0.327345309,0.402745995,0.730091305,0.27672956,21.31474104,11.15537849,390,473,88,0.21141649048625794,0.7840909090909091,0.2159090909090909,0.0,0.02536997885835095,0.11627906976744186,0.09090909090909091,0.15856236786469344,0.0021141649048625794,0.21141649048625794,0.008456659619450317,0.008456659619450317,0.0,0.023255813953488372,0.006342494714587738,0.016913319238900635,0.256,0.378,0.397,0.776,0.312,21.1,15.9
153,Byron Buxton,MIN,119,313.0618762,347,54.716566869999994,0.21956087824207493,0.658227847985595,0.3037974683151023,0.037974683534818796,0.06187624749279539,0.15369261478386168,0.13772455089337177,0.07385229541786743,0.0,0.28542914172910666,0.015968063873198848,0.005988023951008646,0.001996007982708934,0.01996007984149856,0.003992015968299712,0.015968063873198848,0.243,0.31,0.515486726,0.825486726,0.28113879,28.54291417,7.385229541,304,347,46,0.18155619596541786,0.6086956521739131,0.3695652173913043,0.021739130434782608,0.04899135446685879,0.14121037463976946,0.12103746397694524,0.10086455331412104,0.005763688760806916,0.31412103746397696,0.011527377521613832,0.011527377521613832,0.0,0.025936599423631124,0.0,0.025936599423631124,0.207,0.294,0.438,0.731,0.253,31.4,10.1
154,Manuel Margot,TBR,123,307.104,336,72.57600000000001,0.23600000000000002,0.7777777777777777,0.2037037037037037,0.027777777777777776,0.02,0.11,0.10799999999999998,0.072,0.002,0.17200000000000001,0.006,0.006,0.002,0.03,0.01,0.02,0.259,0.314629259,0.387308534,0.701937792,0.296703297,17.2,7.2,311,336,78,0.24404761904761904,0.717948717948718,0.2692307692307692,0.01282051282051282,0.011904761904761904,0.11607142857142858,0.1130952380952381,0.05357142857142857,0.0,0.1636904761904762,0.011904761904761904,0.008928571428571428,0.0,0.026785714285714284,0.008928571428571428,0.017857142857142856,0.264,0.31,0.376,0.686,0.306,16.4,5.4
155,Lane Thomas,WSN,123,611.072,682,124.124,0.212,0.7142857142857143,0.25274725274725274,0.02197802197802198,0.030000000000000002,0.122,0.102,0.08600000000000001,0.0,0.246,0.008,0.005999999999999999,0.002,0.018,0.008,0.01,0.236,0.307228916,0.395089286,0.702318201,0.290734824,24.6,8.6,628,682,140,0.24633431085043989,0.7214285714285714,0.2571428571428571,0.02142857142857143,0.04105571847507331,0.14809384164222875,0.12609970674486803,0.05278592375366569,0.0,0.25806451612903225,0.016129032258064516,0.010263929618768328,0.0,0.02932551319648094,0.007331378299120235,0.021994134897360705,0.268,0.315,0.468,0.783,0.325,25.8,5.3
156,Elvis Andrus,CHW,126,373.3895582,406,83.156626504,0.22690763051724136,0.7647058824222647,0.22549019613124924,0.009803921566741097,0.022088353413793102,0.11445783133004926,0.09638554216748768,0.062248995985221676,0.0,0.15662650603448278,0.008032128514778325,0.006024096386699507,0.004016064256157636,0.030120481921182267,0.008032128514778325,0.022088353413793102,0.248,0.298387097,0.373362445,0.671749542,0.274193548,15.6626506,6.224899598,374,406,88,0.2315270935960591,0.7613636363636364,0.22727272727272727,0.011363636363636364,0.014778325123152709,0.0960591133004926,0.10837438423645321,0.06157635467980296,0.0024630541871921183,0.1748768472906404,0.009852216748768473,0.0049261083743842365,0.0024630541871921183,0.029556650246305417,0.009852216748768473,0.019704433497536946,0.251,0.304,0.358,0.662,0.294,17.5,6.2
157,Trey Mancini,CHC,119,233.8366935,263,49.312500002,0.21975806452471483,0.7634408601971735,0.22580645170186844,0.010752688161794569,0.03225806451711027,0.108870967756654,0.11290322581749049,0.08870967741444867,0.002016129030418251,0.22782258064638786,0.0141129032243346,0.006048387095057034,0.002016129030418251,0.0,0.0,0.0,0.247,0.323232323,0.408163265,0.731395589,0.295238095,22.78225806,8.870967742,235,263,51,0.20912547528517111,0.7647058823529411,0.23529411764705882,0.0,0.015209125475285171,0.11787072243346007,0.10646387832699619,0.07984790874524715,0.0038022813688212928,0.2965779467680608,0.0076045627376425855,0.011406844106463879,0.0,0.0,0.0,0.0,0.234,0.299,0.336,0.635,0.327,29.7,8.0
158,Tyler Stephenson,CIN,126,460.6,517,108.62222222,0.23636363636363636,0.769230769287423,0.23076923080463932,0.009615384611489678,0.026262626266924563,0.11717171717601547,0.12323232323017408,0.08282828282398452,0.0020202020193423598,0.2242424241779497,0.014141414141199226,0.008080808081237912,0.0,0.004040404040618956,0.0,0.004040404040618956,0.266,0.334685598,0.414965986,0.749651585,0.323987539,22.42424242,8.282828283,465,517,100,0.218568665377176,0.78,0.2,0.02,0.025145067698259187,0.11411992263056092,0.10831721470019343,0.09090909090909091,0.0038684719535783366,0.2611218568665377,0.007736943907156673,0.0019342359767891683,0.0,0.0,0.0019342359767891683,-0.0019342359767891683,0.243,0.317,0.378,0.696,0.314,26.1,9.1
159,Ezequiel Tovar,COL,122,568.8438134,615,137.22109536,0.2494929006504065,0.7545454547521548,0.21818181811954312,0.027272727266764767,0.02636916835772358,0.11561866125203252,0.10953346855284553,0.05273833671544716,0.0,0.1906693712195122,0.010141987829268293,0.006085192697560976,0.006085192697560976,0.02636916835772358,0.006085192697560976,0.020283975658536586,0.269,0.314285714,0.421052632,0.735338346,0.3125,19.06693712,5.273833671,581,615,132,0.23902439024390243,0.6893939393939394,0.2803030303030303,0.030303030303030304,0.024390243902439025,0.12845528455284552,0.11869918699186992,0.04065040650406504,0.0,0.26991869918699185,0.0065040650406504065,0.004878048780487805,0.0032520325203252032,0.01788617886178862,0.008130081300813009,0.00975609756097561,0.253,0.287,0.408,0.695,0.328,27.0,4.1
160,Joey Gallo,MIN,125,278.1257606,332,36.36511156,0.1602434077108434,0.7222222221611135,0.25925925926129617,0.018518518522592425,0.050709939156626506,0.12373225153614457,0.12373225153614457,0.1480730223192771,0.004056795132530121,0.3630831641566265,0.010141987828313253,0.004056795132530121,0.0020283975662650604,0.008113590265060242,0.0020283975662650604,0.00608519269879518,0.192,0.318458418,0.411622276,0.730080694,0.255924171,36.30831643,14.80730223,282,332,29,0.15060240963855423,0.6551724137931034,0.3103448275862069,0.034482758620689655,0.06325301204819277,0.11746987951807229,0.12048192771084337,0.14457831325301204,0.0030120481927710845,0.42771084337349397,0.006024096385542169,0.0,0.0,0.0030120481927710845,0.0030120481927710845,0.0,0.177,0.301,0.44,0.741,0.244,42.8,14.5
161,Brandon Drury,LAA,123,479.4166667,523,97.79674793,0.22560975602294453,0.7391304351115963,0.2500000000766897,0.010869565220725639,0.03861788617590822,0.12195121950286808,0.12804878049713192,0.06504065040152963,0.0,0.22764227648183555,0.010162601625239007,0.006097560975143404,0.002032520325047801,0.004065040650095602,0.002032520325047801,0.002032520325047801,0.246,0.301425662,0.427937916,0.729363578,0.284829721,22.76422764,6.504065041,485,523,101,0.24282982791587,0.6732673267326733,0.297029702970297,0.0297029702970297,0.0497131931166348,0.11663479923518165,0.1586998087954111,0.04780114722753346,0.0,0.26003824091778205,0.015296367112810707,0.009560229445506692,0.0,0.0,0.0038240917782026767,-0.0038240917782026767,0.262,0.306,0.497,0.803,0.308,26.0,4.8
162,Charlie Blackmon,COL,114,374.3861789,413,89.81910569,0.24186991869249394,0.766355140158822,0.20560747658452888,0.03738317756790838,0.024390243898305082,0.11788617886198548,0.12398373983050848,0.0691056910653753,0.004065040651331719,0.18089430893462471,0.014227642276029056,0.00813008130024213,0.002032520324455206,0.0060975609757869245,0.002032520324455206,0.004065040651331719,0.267,0.32586558,0.417040359,0.742905939,0.306590258,18.08943089,6.910569106,359,413,92,0.24213075060532688,0.6847826086956522,0.2608695652173913,0.05434782608695652,0.01937046004842615,0.13801452784503632,0.09685230024213075,0.09443099273607748,0.0,0.13317191283292978,0.026634382566585957,0.009685230024213076,0.0,0.009685230024213076,0.002421307506053269,0.007263922518159807,0.279,0.363,0.44,0.803,0.307,13.3,9.4
163,Josh Jung,TEX,120,476.191446,515,93.35030552999999,0.21792260699029126,0.7303370784157733,0.24719101120225334,0.022471910103452668,0.03665987780582525,0.10590631365048543,0.12627291242718447,0.05702647658252427,0.0,0.2953156823300971,0.012219959266019417,0.004073319755339806,0.002036659877669903,0.010183299388349514,0.002036659877669903,0.008146639510679612,0.236,0.287755102,0.411894273,0.699649375,0.303754266,29.53156823,5.702647658,478,515,104,0.24660194174757283,0.75,0.2403846153846154,0.009615384615384616,0.04466019417475728,0.14563106796116504,0.13592233009708737,0.05825242718446602,0.0,0.29320388349514565,0.009708737864077669,0.003883495145631068,0.0,0.001941747572815534,0.005825242718446602,-0.003883495145631068,0.266,0.315,0.467,0.781,0.34,29.3,5.8
164,Jorge Soler,MIA,117,506.7617108,580,88.59470465999999,0.19755600810344826,0.720000000167053,0.2666666667118161,0.013333333335590806,0.04480651731034483,0.11608961303448276,0.12830957229310344,0.10590631363793104,0.002036659877586207,0.27902240327586203,0.012219959267241379,0.00610997963275862,0.002036659877586207,0.002036659877586207,0.002036659877586207,0.0,0.226,0.316326531,0.431235431,0.747561962,0.274725275,27.90224033,10.59063136,504,580,90,0.21724137931034482,0.7333333333333333,0.26666666666666666,0.0,0.06206896551724138,0.13275862068965516,0.12931034482758622,0.11379310344827587,0.006896551724137931,0.24310344827586206,0.010344827586206896,0.006896551724137931,0.0,0.0017241379310344827,0.0,0.0017241379310344827,0.25,0.341,0.512,0.853,0.272,24.3,11.4
165,Joc Pederson,SFG,127,374.6938776,425,71.98979591999999,0.21428571428235293,0.734939759084679,0.24096385547858906,0.02409638554785891,0.04489795917647059,0.12448979592941177,0.13673469388235293,0.09183673468235296,0.004081632654117647,0.2326530612235294,0.016326530611764707,0.008163265305882354,0.0020408163270588236,0.00612244897882353,0.004081632654117647,0.0020408163270588236,0.244,0.323108384,0.451388889,0.774497273,0.276666667,23.26530612,9.183673469,358,425,69,0.1976470588235294,0.7536231884057971,0.2028985507246377,0.043478260869565216,0.03529411764705882,0.1388235294117647,0.12,0.13411764705882354,0.01411764705882353,0.20941176470588235,0.01647058823529412,0.007058823529411765,0.0,0.0,0.0,0.0,0.235,0.348,0.416,0.764,0.268,20.9,13.4
166,Alejandro Kirk,TOR,123,368.4948875,422,88.88752554,0.24335378317535544,0.7864077671792504,0.21359223304575298,0.0,0.03271983639810426,0.11656441718009479,0.12678936604265403,0.10838445808056872,0.0040899795497630325,0.11656441718009479,0.010224948874407582,0.008179959099526065,0.0,0.0,0.0,0.0,0.279,0.36196319,0.442622951,0.804586141,0.287709497,11.65644172,10.83844581,372,422,85,0.22037914691943128,0.8117647058823529,0.18823529411764706,0.0,0.018957345971563982,0.08056872037914692,0.1018957345971564,0.0995260663507109,0.002369668246445498,0.1066350710900474,0.014218009478672985,0.004739336492890996,0.0,0.0,0.0,0.0,0.25,0.334,0.358,0.692,0.265,10.7,10.0
167,DJ LeMahieu,NYY,113,496.2217659,562,124.63244354000001,0.24024640658362992,0.8148148147910411,0.17592592592444006,0.009259259260447938,0.018480492811387902,0.1252566735053381,0.0924024640569395,0.10266940451957295,0.0,0.13552361396797152,0.006160164270462633,0.006160164270462633,0.002053388090747331,0.008213552361209964,0.002053388090747331,0.006160164270462633,0.273,0.349794239,0.38372093,0.733515169,0.301675978,13.5523614,10.26694045,497,562,106,0.21530249110320285,0.7641509433962265,0.20754716981132076,0.02830188679245283,0.026690391459074734,0.09786476868327403,0.07829181494661921,0.10676156583629894,0.0035587188612099642,0.22241992882562278,0.005338078291814947,0.0035587188612099642,0.0,0.0035587188612099642,0.0035587188612099642,0.0,0.243,0.327,0.39,0.718,0.295,22.2,10.7
168,Triston Casas,BOS,122,429.6954733,502,86.76543212,0.20781893007968127,0.7142857140881372,0.2619047618937854,0.023809523799096132,0.034979423864541836,0.11934156378486055,0.11934156378486055,0.12757201645418328,0.004115226336653386,0.23456790119521911,0.008230452675298804,0.0061728395059760955,0.004115226336653386,0.008230452675298804,0.0020576131693227093,0.0061728395059760955,0.242,0.344329897,0.427884615,0.772214512,0.291666667,23.45679012,12.75720165,429,502,89,0.2250996015936255,0.7415730337078652,0.23595505617977527,0.02247191011235955,0.04780876494023904,0.13147410358565736,0.1294820717131474,0.1394422310756972,0.00398406374501992,0.250996015936255,0.00199203187250996,0.00398406374501992,0.0,0.0,0.0,0.0,0.263,0.367,0.49,0.856,0.317,25.1,13.9
169,Adam Frazier,BAL,120,411.6666667,455,103.62318835800001,0.23602484461538462,0.7727272731018817,0.20000000008106292,0.027272727289922437,0.0082815734989011,0.10559006210989011,0.08074534160439562,0.07246376810989011,0.002070393375824176,0.12008281573626374,0.010351966874725275,0.006211180125274725,0.006211180125274725,0.0165631469978022,0.0082815734989011,0.0082815734989011,0.261,0.320833333,0.352402746,0.673236079,0.291005291,12.00828157,7.246376812,412,455,86,0.2175824175824176,0.7325581395348837,0.2441860465116279,0.023255813953488372,0.02857142857142857,0.12967032967032968,0.13186813186813187,0.07032967032967033,0.0,0.14945054945054945,0.008791208791208791,0.004395604395604396,0.008791208791208791,0.024175824175824177,0.008791208791208791,0.015384615384615385,0.24,0.3,0.396,0.696,0.258,14.9,7.0
172,Brandon Marsh,PHI,125,426.8607069,472,91.259875287,0.21413721419491524,0.7526881718167868,0.21505376342318647,0.03225806450799911,0.020790020790254236,0.11226611226694914,0.09771309771186441,0.0748440748516949,0.0020790020783898306,0.32016632012711865,0.008316008315677966,0.006237006237288135,0.006237006237288135,0.02286902286016949,0.006237006237288135,0.016632016631355932,0.237,0.29916318,0.365517241,0.664680421,0.339416058,32.01663202,7.484407484,404,472,100,0.23728813559322035,0.69,0.25,0.06,0.025423728813559324,0.1228813559322034,0.1271186440677966,0.125,0.00423728813559322,0.3050847457627119,0.00847457627118644,0.00847457627118644,0.00211864406779661,0.0211864406779661,0.00423728813559322,0.01694915254237288,0.277,0.372,0.458,0.829,0.397,30.5,12.5
173,Garrett Cooper,MIA,117,404.526096,457,93.49895613,0.22964509387308535,0.7448979594292291,0.23469387764596852,0.010204081633526148,0.025052192056892776,0.10855949894967178,0.11482254698030635,0.09185803757111598,0.0,0.2526096032822757,0.0167014613785558,0.00626304801750547,0.0,0.0,0.0,0.0,0.26,0.338204593,0.400943396,0.739147989,0.333333333,25.26096033,9.185803758,422,457,89,0.23194748358862144,0.7865168539325843,0.20224719101123595,0.011235955056179775,0.037199124726477024,0.09190371991247265,0.13347921225382933,0.06783369803063458,0.0,0.2888402625820569,0.00437636761487965,0.00437636761487965,0.0,0.0,0.0,0.0,0.251,0.304,0.419,0.724,0.324,28.9,6.8
174,Brandon Crawford,SFG,120,284.5188285,320,61.58995816,0.21966527196875002,0.75,0.22826086962875117,0.021739130436194472,0.02719665271875,0.1129707113125,0.1192468619375,0.08786610878125,0.006276150628125,0.211297071125,0.01255230125625,0.008368200837500001,0.0020920502093750002,0.008368200837500001,0.0041841004187500004,0.0041841004187500004,0.248,0.320754717,0.397647059,0.718401776,0.292063492,21.12970711,8.786610879,283,320,48,0.171875,0.75,0.22916666666666666,0.020833333333333332,0.021875,0.096875,0.11875,0.0875,0.003125,0.253125,0.0125,0.0125,0.003125,0.009375,0.0,0.009375,0.194,0.273,0.314,0.587,0.241,25.3,8.8
175,Josh Rojas,ARI,115,307.5313808,350,71.757322174,0.22175732217142857,0.7346938775413506,0.24489795922690308,0.020408163259618018,0.016736401674285716,0.12133891214285715,0.09623430962857142,0.10460251045714285,0.0020920502085714286,0.2092050209142857,0.004184100417142857,0.008368200837142858,0.004184100417142857,0.03347280334285714,0.010460251045714285,0.0230125523,0.253,0.331932773,0.376190476,0.708123249,0.310126582,20.92050209,10.46025105,314,350,73,0.22,0.7671232876712328,0.2328767123287671,0.0,0.011428571428571429,0.13428571428571429,0.11428571428571428,0.07714285714285714,0.0,0.23142857142857143,0.002857142857142857,0.011428571428571429,0.005714285714285714,0.03428571428571429,0.0,0.03428571428571429,0.245,0.303,0.338,0.641,0.313,23.1,7.7
176,Eduardo Escobar,NYM,116,281.7924528,309,55.062893079999995,0.21383647799352748,0.7294117646823799,0.23529411760432695,0.03529411764064904,0.035639413009708736,0.11530398323624595,0.12788259957928802,0.07337526203883495,0.004192872116504855,0.2222222222330097,0.004192872116504855,0.008385744236245954,0.0020964360582524273,0.0020964360582524273,0.0020964360582524273,0.0,0.235,0.292016807,0.411494253,0.70351106,0.268987342,22.22222222,7.337526205,288,309,59,0.21035598705501618,0.8135593220338984,0.1016949152542373,0.0847457627118644,0.019417475728155338,0.10355987055016182,0.10032362459546926,0.05825242718446602,0.0,0.2524271844660194,0.0,0.006472491909385114,0.003236245954692557,0.006472491909385114,0.003236245954692557,0.003236245954692557,0.226,0.269,0.344,0.613,0.286,25.2,5.8
177,Randal Grichuk,COL,117,439.3361345,471,94.00210083,0.2394957983014862,0.7368421053191476,0.24210526317021247,0.031578947372340335,0.03991596639065817,0.12184873949044586,0.134453781507431,0.05042016806794055,0.0,0.2226890755838641,0.008403361343949044,0.006302521008492569,0.0021008403354564756,0.006302521008492569,0.0021008403354564756,0.004201680673036093,0.258,0.298947368,0.452702703,0.751650071,0.295031056,22.26890756,5.042016807,434,471,100,0.24628450106157113,0.67,0.31,0.02,0.03397027600849257,0.13800424628450106,0.09341825902335456,0.06157112526539278,0.004246284501061571,0.20382165605095542,0.012738853503184714,0.004246284501061571,0.0,0.004246284501061571,0.004246284501061571,0.0,0.267,0.321,0.459,0.779,0.309,20.4,6.2
178,TJ Friedl,CIN,112,489.28,556,104.17684208,0.21684210521582734,0.7415730338674901,0.21348314611918595,0.044943820234102455,0.029473684208633097,0.12210526316546763,0.10105263158273381,0.08421052631294963,0.002105263158273381,0.18315789478417266,0.01894736841726619,0.012631578947841726,0.004210526316546762,0.027368421061151078,0.008421052631294964,0.01894736841726619,0.246,0.321353066,0.411483254,0.732836319,0.275541796,18.31578947,8.421052632,488,556,118,0.2446043165467626,0.7457627118644068,0.1864406779661017,0.06779661016949153,0.03237410071942446,0.13129496402877697,0.11870503597122302,0.08453237410071943,0.0017985611510791368,0.1618705035971223,0.017985611510791366,0.00539568345323741,0.014388489208633094,0.048561151079136694,0.01079136690647482,0.03776978417266187,0.279,0.352,0.467,0.819,0.308,16.2,8.5
179,Myles Straw,CLE,120,462.2658228,518,113.654008392,0.22362869189189188,0.7980769234038262,0.18269230776608086,0.01923076923483014,0.004219409281853282,0.11392405063706564,0.07172995779922779,0.09282700422779923,0.0,0.16455696202702702,0.004219409281853282,0.0063291139247104245,0.004219409281853282,0.04219409281853281,0.008438818565637066,0.033755274266409264,0.251,0.322033898,0.319148936,0.641182834,0.300578035,16.4556962,9.282700422,462,518,109,0.21235521235521235,0.8073394495412844,0.1651376146788991,0.027522935779816515,0.0019305019305019305,0.10038610038610038,0.055984555984555984,0.08108108108108109,0.0,0.18725868725868725,0.003861003861003861,0.011583011583011582,0.011583011583011582,0.03861003861003861,0.011583011583011582,0.02702702702702703,0.238,0.301,0.297,0.597,0.295,18.7,8.1
181,William Contreras,MIL,120,546.4122622,611,109.79915436000002,0.22198731505728317,0.7647058822029345,0.21176470579877785,0.011764705880745727,0.042283298101472994,0.11839323466448444,0.12684989428805238,0.09090909091653028,0.0021141649050736497,0.2642706130932897,0.008456659618657937,0.004228329810147299,0.0,0.004228329810147299,0.0021141649050736497,0.0021141649050736497,0.249,0.322033898,0.43498818,0.757022078,0.303571429,26.42706131,9.090909091,540,611,139,0.2553191489361702,0.7194244604316546,0.2733812949640288,0.007194244604316547,0.027823240589198037,0.1407528641571195,0.1276595744680851,0.10310965630114566,0.0032733224222585926,0.20621931260229132,0.008183306055646482,0.0032733224222585926,0.0016366612111292963,0.009819967266775777,0.0016366612111292963,0.008183306055646482,0.289,0.367,0.457,0.825,0.348,20.6,10.3
182,Miguel Vargas,LAD,124,272.5073996,304,62.342494716,0.23255813953947368,0.7319587629252935,0.2577319588058815,0.020618556698054354,0.027484143763157894,0.124735729375,0.124735729375,0.08033826638157894,0.002114164904605263,0.19238900634868422,0.008456659618421052,0.010570824523026316,0.004228329809210526,0.016913319240131577,0.004228329809210526,0.01268498942763158,0.261,0.322717622,0.422169811,0.744887433,0.298461538,19.23890063,8.033826638,256,304,43,0.16447368421052633,0.5581395348837209,0.3488372093023256,0.09302325581395349,0.023026315789473683,0.11842105263157894,0.10526315789473684,0.125,0.003289473684210526,0.20065789473684212,0.013157894736842105,0.013157894736842105,0.003289473684210526,0.009868421052631578,0.006578947368421052,0.003289473684210526,0.195,0.305,0.367,0.672,0.224,20.1,12.5
183,Bryan De La Cruz,MIA,122,575.7082452,626,125.72938688,0.2367864693290735,0.7473684211129114,0.23157894739270043,0.021052631581877635,0.03594080338658147,0.11205073995207668,0.11416490485623003,0.06342494714057507,0.0,0.243128964057508,0.006342494714057508,0.008456659619808305,0.0021141649041533546,0.010570824523961662,0.004228329809904153,0.006342494714057508,0.258,0.30720339,0.434482759,0.741686148,0.309446254,24.31289641,6.342494715,579,626,130,0.2380191693290735,0.7538461538461538,0.24615384615384617,0.0,0.03035143769968051,0.09584664536741214,0.12460063897763578,0.06389776357827476,0.0,0.2268370607028754,0.001597444089456869,0.007987220447284345,0.0,0.006389776357827476,0.001597444089456869,0.004792332268370607,0.257,0.304,0.411,0.715,0.307,22.7,6.4
185,Shea Langeliers,OAK,120,446.3983051,490,82.01271186999999,0.20127118644897957,0.7215189872491654,0.26582278482093075,0.02531645568910268,0.033898305081632656,0.09745762712244897,0.11228813559183674,0.07203389830612245,0.0021186440673469386,0.29237288142857143,0.008474576271428572,0.008474576271428572,0.0021186440673469386,0.0021186440673469386,0.0021186440673469386,0.0,0.222,0.281779661,0.393023256,0.674802917,0.282142857,29.23728814,7.203389831,448,490,70,0.18775510204081633,0.6714285714285714,0.2714285714285714,0.05714285714285714,0.044897959183673466,0.10612244897959183,0.12857142857142856,0.06938775510204082,0.004081632653061225,0.29183673469387755,0.01020408163265306,0.004081632653061225,0.0020408163265306124,0.006122448979591836,0.004081632653061225,0.0020408163265306124,0.205,0.268,0.413,0.681,0.246,29.2,6.9
186,Joey Wendle,MIA,118,293.5906183,318,71.872068233,0.2409381663207547,0.7264150942581099,0.23584905661886854,0.028301886797046948,0.014925373135220125,0.10660980811320754,0.09594882729559748,0.05117270789308176,0.0021321961635220126,0.17270788911949686,0.017057569295597486,0.0063965884874213836,0.0021321961635220126,0.027718550106918236,0.008528784647798743,0.019189765459119497,0.26,0.30982906,0.378752887,0.688581947,0.304597701,17.27078891,5.117270789,297,318,61,0.19811320754716982,0.6885245901639344,0.26229508196721313,0.04918032786885246,0.006289308176100629,0.10377358490566038,0.06289308176100629,0.040880503144654086,0.0,0.21069182389937108,0.006289308176100629,0.009433962264150943,0.009433962264150943,0.0220125786163522,0.0031446540880503146,0.018867924528301886,0.212,0.248,0.306,0.554,0.264,21.1,4.1
187,Wilmer Flores,SFG,116,403.663113,454,85.18550107,0.21961620469162998,0.7499999999706523,0.23863636363769763,0.01136363636817192,0.03198294242290749,0.1194029850660793,0.11727078892070485,0.0895522388105727,0.0,0.15991471215859032,0.012793176971365639,0.008528784647577092,0.0021321961629955947,0.0021321961629955947,0.0,0.0021321961629955947,0.248,0.32196162,0.410071942,0.732033563,0.265861027,15.99147122,8.955223881,405,454,92,0.2533039647577093,0.7608695652173914,0.2391304347826087,0.0,0.05066079295154185,0.11233480176211454,0.13215859030837004,0.09030837004405286,0.0022026431718061676,0.13876651982378854,0.011013215859030838,0.006607929515418502,0.0,0.0,0.0,0.0,0.284,0.355,0.509,0.863,0.286,13.9,9.0
188,Joey Votto,CIN,111,208.4605544,242,38.699360338,0.19829424305785123,0.7333333334745933,0.2533333333515938,0.013333333328854361,0.038379530917355374,0.11300639657024794,0.125799573553719,0.12153518123966942,0.0021321961611570246,0.24733475479338843,0.01279317697107438,0.004264392322314049,0.0,0.0021321961611570246,0.0,0.0021321961611570246,0.231,0.332622601,0.415841584,0.748464185,0.275735294,24.73347548,12.15351812,208,242,28,0.17355371900826447,0.7857142857142857,0.21428571428571427,0.0,0.05785123966942149,0.10743801652892562,0.15702479338842976,0.1115702479338843,0.0,0.256198347107438,0.028925619834710745,0.0,0.0,0.0,0.0,0.0,0.202,0.314,0.433,0.747,0.212,25.6,11.2
189,Tyrone Taylor,MIL,118,220.8611714,243,41.64208243,0.21258134489711936,0.7088607595362276,0.2531645569772242,0.03797468353457654,0.04121475053497943,0.11496746205761317,0.12364425164609054,0.06507592189300411,0.0,0.24078091106995886,0.015184381777777778,0.006507592189300412,0.0021691973950617284,0.010845986983539094,0.004338394794238683,0.006507592189300412,0.233,0.294117647,0.431980907,0.726098554,0.270547945,24.07809111,6.507592191,231,243,44,0.2222222222222222,0.5909090909090909,0.38636363636363635,0.022727272727272728,0.0411522633744856,0.14814814814814814,0.1440329218106996,0.03292181069958848,0.0,0.22633744855967078,0.012345679012345678,0.00411522633744856,0.0,0.037037037037037035,0.0,0.037037037037037035,0.234,0.267,0.446,0.713,0.263,22.6,3.3
191,Luis Rengifo,LAA,113,409.8684211,445,90.75657898,0.23026315797752808,0.7741935480565423,0.19354838698658933,0.021505376336740364,0.026315789483146067,0.10526315788764044,0.09868421051685393,0.05482456139325843,0.0021929824561797754,0.175438596494382,0.008771929824719102,0.006578947368539326,0.008771929824719102,0.013157894737078651,0.006578947368539326,0.006578947368539326,0.251,0.296460177,0.385714286,0.682174463,0.280966767,17.54385965,5.48245614,394,445,88,0.23370786516853934,0.7840909090909091,0.17045454545454544,0.045454545454545456,0.035955056179775284,0.12359550561797752,0.1146067415730337,0.09213483146067415,0.0,0.1842696629213483,0.01348314606741573,0.008988764044943821,0.0,0.01348314606741573,0.008988764044943821,0.0044943820224719105,0.264,0.339,0.444,0.783,0.293,18.4,9.2
192,Cal Raleigh,SEA,119,513.8546256,569,82.71806165000001,0.19823788541300527,0.6666666668681542,0.3181818182752351,0.015151515158841972,0.05286343611599297,0.11233480175746924,0.13656387664323374,0.07709251101933215,0.002202643172231986,0.2819383260105448,0.008810572687170474,0.008810572687170474,0.002202643172231986,0.004405286344463972,0.002202643172231986,0.002202643172231986,0.218,0.284768212,0.451219512,0.735987724,0.251908397,28.1938326,7.709251101,513,569,89,0.20913884007029876,0.7303370786516854,0.25842696629213485,0.011235955056179775,0.05272407732864675,0.13708260105448156,0.13181019332161686,0.09490333919156414,0.0017574692442882249,0.27768014059753954,0.0017574692442882249,0.0017574692442882249,0.0,0.0,0.0,0.0,0.232,0.306,0.456,0.762,0.273,27.8,9.5
193,Isaac Paredes,TBR,115,495.3708609,571,95.79690953,0.20529801330998249,0.736842104993948,0.24999999986951563,0.0131578947294251,0.0375275938178634,0.12141280353765324,0.12141280353765324,0.11037527593695272,0.0,0.17218543045534151,0.011037527593695272,0.00883002207530648,0.0022075055183887918,0.0022075055183887918,0.0022075055183887918,0.0,0.236,0.327433628,0.419847328,0.747280957,0.251655629,17.21854305,11.03752759,492,571,92,0.21541155866900175,0.7391304347826086,0.2608695652173913,0.0,0.0542907180385289,0.1243432574430823,0.17162872154115585,0.10157618213660245,0.0,0.18213660245183888,0.03502626970227671,0.0017513134851138354,0.0,0.0017513134851138354,0.0,0.0017513134851138354,0.25,0.352,0.488,0.84,0.257,18.2,10.2
194,Leody Taveras,TEX,116,506.0931264,554,108.09756093,0.21507760523465705,0.7386363639759137,0.21590909100265115,0.034090909103734204,0.019955654097472925,0.10864745010830325,0.09090909090252708,0.07095343680505416,0.002217294900722022,0.25942350324909746,0.00443458979963899,0.006651884700361011,0.006651884700361011,0.03547671841155235,0.011086474501805055,0.024390243898916968,0.235,0.291759465,0.359223301,0.650982766,0.30449827,25.94235033,7.095343681,511,554,122,0.24548736462093862,0.7213114754098361,0.2540983606557377,0.02459016393442623,0.02527075812274368,0.12093862815884476,0.12093862815884476,0.0631768953068592,0.0,0.2111913357400722,0.0018050541516245488,0.007220216606498195,0.005415162454873646,0.02527075812274368,0.007220216606498195,0.018050541516245487,0.266,0.312,0.421,0.733,0.318,21.1,6.3
196,Dominic Smith,WSN,117,528.1883408,586,114.30941705999999,0.2219730941979522,0.712643678055338,0.27586206894440096,0.011494252869038298,0.026905829590443686,0.10538116592150171,0.11434977578498293,0.06950672645051195,0.0022421524658703075,0.21748878924914675,0.01569506726450512,0.008968609865187712,0.0022421524658703075,0.004484304933447099,0.0022421524658703075,0.0022421524658703075,0.246,0.308558559,0.400497512,0.709056071,0.292929293,21.74887892,6.950672646,527,586,122,0.22866894197952217,0.819672131147541,0.1721311475409836,0.00819672131147541,0.020477815699658702,0.09726962457337884,0.07849829351535836,0.08020477815699659,0.0017064846416382253,0.1552901023890785,0.017064846416382253,0.0034129692832764505,0.0,0.0017064846416382253,0.0017064846416382253,0.0,0.254,0.326,0.366,0.692,0.286,15.5,8.0
197,Jose Siri,TBR,119,336.188764,364,64.62022471,0.20674157302197801,0.7341772153054464,0.2278481013657249,0.037974683545479115,0.02921348315934066,0.11685393258241758,0.10561797752747253,0.05842696629120879,0.0,0.33707865164835166,0.008988764043956043,0.004494382021978022,0.004494382021978022,0.04044943821428572,0.008988764043956043,0.031460674148351644,0.224,0.275395034,0.377128954,0.652523988,0.316,33.70786517,5.842696629,338,364,50,0.20604395604395603,0.7,0.26,0.04,0.06868131868131869,0.15934065934065933,0.15384615384615385,0.054945054945054944,0.0,0.35714285714285715,0.005494505494505495,0.008241758241758242,0.0027472527472527475,0.03296703296703297,0.008241758241758242,0.024725274725274724,0.222,0.267,0.494,0.761,0.269,35.7,5.5
198,Spencer Steer,CIN,111,594.7640449,665,121.04494381,0.211235955037594,0.716049382748687,0.2592592592653788,0.012345679009489886,0.02921348314285714,0.11235955055639099,0.11011235954887218,0.08314606741353384,0.002247191010526316,0.23370786511278197,0.015730337082706766,0.0067415730330827065,0.002247191010526316,0.008988764045112781,0.002247191010526316,0.0067415730330827065,0.235,0.31011236,0.389447236,0.699559596,0.285211268,23.37078652,8.314606742,582,665,135,0.23759398496240602,0.7037037037037037,0.2740740740740741,0.022222222222222223,0.03458646616541353,0.11127819548872181,0.1293233082706767,0.10225563909774436,0.0,0.20902255639097744,0.016541353383458645,0.006015037593984963,0.0,0.022556390977443608,0.004511278195488722,0.01804511278195489,0.271,0.356,0.464,0.82,0.318,20.9,10.2
199,Keibert Ruiz,WSN,112,512.523702,562,117.9819413,0.23702031601423487,0.7526881721177442,0.23655913983507235,0.0,0.02708803612099644,0.09932279909252668,0.1128668171530249,0.06772009028469751,0.00225733634341637,0.11738148983985765,0.01128668171530249,0.00451467268683274,0.00225733634341637,0.009029345371886122,0.00225733634341637,0.006772009028469751,0.259,0.317460317,0.400990099,0.718450416,0.271929825,11.73814898,6.772009029,523,562,118,0.24199288256227758,0.7966101694915254,0.2033898305084746,0.0,0.03202846975088968,0.09786476868327403,0.11921708185053381,0.05516014234875445,0.0017793594306049821,0.10320284697508897,0.010676156583629894,0.0035587188612099642,0.0,0.0017793594306049821,0.0017793594306049821,0.0,0.26,0.308,0.409,0.717,0.263,10.3,5.5
200,Jake Fraley,CIN,111,329.3905192,380,66.0496614,0.20993227992105265,0.7532467532074283,0.2337662338114575,0.012987012981114238,0.0361173815,0.12866817155263158,0.11512415349999999,0.11286681715789473,0.0022573363421052634,0.25056433407894735,0.011286681715789473,0.006772009028947369,0.0022573363421052634,0.024830699773684208,0.00902934537368421,0.015801354402631577,0.2421875,0.334841629,0.419270833,0.754112462,0.296153846,25.05643341,11.28668172,336,380,71,0.22631578947368422,0.7464788732394366,0.2535211267605634,0.0,0.039473684210526314,0.10789473684210527,0.17105263157894737,0.09736842105263158,0.005263157894736842,0.1868421052631579,0.015789473684210527,0.002631578947368421,0.0,0.05526315789473684,0.013157894736842105,0.042105263157894736,0.256,0.339,0.443,0.783,0.283,18.7,9.7
203,Ramon Urias,BAL,110,356.0366972,396,76.29357798,0.2224770642171717,0.7619047619609359,0.22619047614366453,0.011904761908506837,0.029816513762626264,0.11009174313131312,0.1146788990909091,0.07568807338383839,0.0022935779823232325,0.23165137613636363,0.013761467888888889,0.0068807339444444445,0.0022935779823232325,0.004587155962121212,0.0022935779823232325,0.0022935779823232325,0.248,0.313364055,0.400510204,0.713874259,0.298932384,23.16513761,7.568807339,360,396,91,0.2398989898989899,0.7252747252747253,0.24175824175824176,0.03296703296703297,0.010101010101010102,0.11363636363636363,0.10606060606060606,0.06818181818181818,0.0,0.255050505050505,0.020202020202020204,0.0025252525252525255,0.0,0.007575757575757576,0.0025252525252525255,0.005050505050505051,0.264,0.328,0.375,0.703,0.355,25.5,6.8
204,Nick Allen,OAK,114,297.7030162,329,63.357308583999995,0.20417633410334343,0.7710843374167152,0.21686746986392477,0.012048192766710599,0.011600928072948328,0.09048723896656535,0.0649651972036474,0.0649651972036474,0.0,0.1972157772644377,0.006960556844984802,0.0046403712310030395,0.01856148491793313,0.016241299303951368,0.006960556844984802,0.009280742458966564,0.226,0.281323877,0.315384615,0.596708492,0.274834437,19.72157773,6.496519722,303,329,63,0.20364741641337386,0.9047619047619048,0.06349206349206349,0.031746031746031744,0.0121580547112462,0.08814589665653495,0.060790273556231005,0.05167173252279635,0.0,0.1580547112462006,0.00303951367781155,0.0060790273556231,0.0182370820668693,0.015197568389057751,0.00303951367781155,0.0121580547112462,0.221,0.263,0.287,0.55,0.253,15.8,5.2
205,Christopher Morel,CHC,107,385.1023256,429,73.82790698,0.2069767441958042,0.7162162162381811,0.24324324316636617,0.04054054054127271,0.034883720932400934,0.12093023256410257,0.11162790696969696,0.07906976743589744,0.0,0.3046511627039627,0.006976744186480186,0.006976744186480186,0.00930232558041958,0.025581395337995336,0.00930232558041958,0.016279069766899766,0.231,0.295774648,0.409326425,0.705101073,0.304526749,30.46511628,7.906976744,388,429,70,0.22377622377622378,0.7142857142857143,0.24285714285714285,0.04285714285714286,0.06060606060606061,0.1445221445221445,0.16317016317016317,0.08391608391608392,0.0,0.31002331002331,0.004662004662004662,0.004662004662004662,0.002331002331002331,0.013986013986013986,0.004662004662004662,0.009324009324009324,0.247,0.313,0.508,0.821,0.303,31.0,8.4
206,Rodolfo Castro,PIT,106,233.1105882,256,43.971764702,0.207058823515625,0.7260273972708661,0.2465753424607689,0.02739726026836502,0.0352941176484375,0.1058823529296875,0.112941176484375,0.072941176484375,0.00235294117578125,0.2658823529296875,0.00941176470703125,0.0047058823515625,0.00235294117578125,0.01411764705859375,0.00705882353125,0.00705882353125,0.228,0.29009434,0.400516796,0.690611135,0.279693487,26.58823529,7.294117647,227,256,42,0.1875,0.8333333333333334,0.16666666666666666,0.0,0.0234375,0.08203125,0.09375,0.08984375,0.00390625,0.2890625,0.01953125,0.00390625,0.0,0.00390625,0.015625,-0.01171875,0.211,0.297,0.322,0.618,0.284,28.9,9.0
207,Santiago Espinal,TOR,110,230.6367925,254,56.910377356999994,0.23820754716535433,0.778947368454716,0.22105263159799857,0.010526315793727837,0.014150943397637797,0.10849056602362205,0.09669811318897638,0.07311320755905512,0.0023584905669291343,0.14150943397637794,0.007075471696850394,0.007075471696850394,0.0047169811338582685,0.014150943397637797,0.007075471696850394,0.007075471696850394,0.262,0.319905213,0.371428571,0.691333785,0.295031056,14.1509434,7.311320755,230,254,55,0.22440944881889763,0.7454545454545455,0.2545454545454545,0.0,0.007874015748031496,0.11811023622047244,0.0984251968503937,0.07086614173228346,0.003937007874015748,0.14173228346456693,0.011811023622047244,0.003937007874015748,0.007874015748031496,0.007874015748031496,0.003937007874015748,0.003937007874015748,0.248,0.31,0.335,0.644,0.285,14.2,7.1
208,Gio Urshela,LAA,107,209.1792453,228,49.471698110999995,0.24528301885964912,0.7717391304081975,0.21739130433464332,0.021739130433464336,0.02830188679385965,0.11084905662280702,0.1179245282894737,0.06603773583333333,0.002358490565789474,0.19103773583333333,0.0070754716973684215,0.009433962263157895,0.002358490565789474,0.002358490565789474,0.0,0.002358490565789474,0.267,0.318396226,0.424164524,0.742560751,0.306666667,19.10377358,6.603773585,214,228,62,0.2807017543859649,0.8548387096774194,0.12903225806451613,0.016129032258064516,0.008771929824561403,0.09649122807017543,0.10526315789473684,0.043859649122807015,0.0,0.15789473684210525,0.0043859649122807015,0.013157894736842105,0.0,0.013157894736842105,0.008771929824561403,0.0043859649122807015,0.299,0.329,0.374,0.703,0.346,15.8,4.4
209,Alex Kirilloff,MIN,105,291.8510638,319,64.85579196,0.23640661937304075,0.7558139535206441,0.23255813959225607,0.011627906979612803,0.033096926708463946,0.11583924351097177,0.1229314420689655,0.06382978724137932,0.0023640661943573667,0.2174940898432602,0.014184397163009404,0.0070921985830721,0.0023640661943573667,0.0047281323887147335,0.0023640661943573667,0.0023640661943573667,0.258,0.314420804,0.42377261,0.738193414,0.302816901,21.74940898,6.382978723,281,319,65,0.23824451410658307,0.7692307692307693,0.2153846153846154,0.015384615384615385,0.034482758620689655,0.109717868338558,0.12852664576802508,0.0877742946708464,0.003134796238244514,0.2507836990595611,0.0219435736677116,0.009404388714733543,0.0,0.003134796238244514,0.0,0.003134796238244514,0.27,0.348,0.445,0.793,0.337,25.1,8.8
211,David Peralta,LAD,107,381.0,422,85.0,0.22748815165876776,0.7294117647058823,0.24705882352941178,0.023529411764705882,0.026066350710900472,0.10426540284360189,0.11611374407582939,0.08056872037914692,0.004739336492890996,0.2132701421800948,0.0071090047393364926,0.0071090047393364926,0.002369668246445498,0.004739336492890996,0.002369668246445498,0.002369668246445498,0.253,0.315914489,0.404199475,0.720113964,0.300353357,21.32701422,8.056872038,394,422,95,0.24170616113744076,0.7263157894736842,0.2631578947368421,0.010526315789473684,0.016587677725118485,0.11137440758293839,0.13033175355450238,0.04739336492890995,0.002369668246445498,0.17061611374407584,0.004739336492890996,0.014218009478672985,0.0,0.009478672985781991,0.002369668246445498,0.0071090047393364926,0.259,0.294,0.381,0.675,0.296,17.1,4.7
212,Kevin Newman,CIN,106,233.8151659,253,58.154028438,0.24170616114624505,0.7731958763258876,0.20618556705462815,0.020618556705462813,0.011848341233201581,0.09952606636363635,0.08767772509881423,0.05450236968379447,0.0,0.12559241707509883,0.007109004739130435,0.007109004739130435,0.007109004739130435,0.018957345972332017,0.004739336494071146,0.01421800947826087,0.261,0.30548926,0.361538462,0.667027722,0.289552239,12.55924171,5.450236967,225,253,54,0.22529644268774704,0.7037037037037037,0.2962962962962963,0.0,0.011857707509881422,0.11067193675889328,0.11067193675889328,0.06719367588932806,0.0,0.13438735177865613,0.015810276679841896,0.019762845849802372,0.007905138339920948,0.03162055335968379,0.003952569169960474,0.02766798418972332,0.253,0.311,0.364,0.675,0.28,13.4,6.7
214,Chas McCormick,HOU,110,402.5952381,457,79.43095238000001,0.2071428571334792,0.7808219177995961,0.1917808218781425,0.027397260271903083,0.03333333332603939,0.11904761903719911,0.11666666667396061,0.1,0.0,0.2666666667396061,0.00952380952297593,0.00952380952297593,0.0023809523807439823,0.011904761903719913,0.004761904761487965,0.007142857142231947,0.235,0.316666667,0.397297297,0.713963964,0.294354839,26.66666667,10.0,403,457,88,0.24070021881838075,0.7840909090909091,0.19318181818181818,0.022727272727272728,0.04814004376367615,0.12910284463894967,0.15317286652078774,0.087527352297593,0.0,0.25601750547045954,0.024070021881838075,0.00437636761487965,0.002188183807439825,0.04157549234135667,0.01312910284463895,0.028446389496717725,0.273,0.353,0.489,0.842,0.331,25.6,8.8
215,Marcell Ozuna,ATL,102,537.0285714,592,105.71428573,0.22142857145270273,0.7733333331958558,0.2133333332790991,0.013333333335855856,0.042857142854729725,0.11428571429054053,0.13095238094594594,0.08095238094594595,0.002380952381756757,0.23333333327702704,0.004761904761824324,0.004761904761824324,0.002380952381756757,0.004761904761824324,0.002380952381756757,0.002380952381756757,0.244,0.307875895,0.433070866,0.740946761,0.280898876,23.33333333,8.095238095,530,592,105,0.24493243243243243,0.7142857142857143,0.2761904761904762,0.009523809523809525,0.06756756756756757,0.14189189189189189,0.16891891891891891,0.09628378378378379,0.0016891891891891893,0.22635135135135134,0.005067567567567568,0.0033783783783783786,0.0,0.0,0.0,0.0,0.274,0.346,0.558,0.905,0.293,22.6,9.6
217,Nicky Lopez,KCR,110,235.6746411,262,58.918660292000006,0.22727272729007633,0.7978723403930312,0.1702127658758341,0.03191489361232674,0.002392344496183206,0.10765550240458015,0.06698564591603053,0.07177033492366412,0.0,0.1387559808778626,0.007177033492366412,0.004784688996183207,0.014354066984732823,0.028708133969465647,0.007177033492366412,0.021531100477099236,0.251,0.311435523,0.319148936,0.630584459,0.294670846,13.87559809,7.177033493,225,262,51,0.1984732824427481,0.7843137254901961,0.1568627450980392,0.058823529411764705,0.003816793893129771,0.12213740458015267,0.09541984732824428,0.09923664122137404,0.0,0.15267175572519084,0.022900763358778626,0.003816793893129771,0.015267175572519083,0.022900763358778626,0.007633587786259542,0.015267175572519083,0.231,0.326,0.307,0.632,0.276,15.3,9.9
218,Nick Senzel,CIN,106,299.2105263,330,69.473684211,0.22727272727272727,0.7500000000251893,0.22727272721057162,0.022727272721057158,0.016746411481818182,0.11004784687878788,0.08851674642424243,0.0765550239090909,0.0,0.18181818181818182,0.009569377990909091,0.007177033493939394,0.002392344496969697,0.02153110047878788,0.009569377990909091,0.011961722487878789,0.251,0.313397129,0.36939314,0.682790269,0.294314381,18.18181818,7.655502392,301,330,58,0.21515151515151515,0.8275862068965517,0.1724137931034483,0.0,0.03939393939393939,0.1484848484848485,0.12727272727272726,0.07878787878787878,0.0,0.22424242424242424,0.0030303030303030303,0.006060606060606061,0.0,0.01818181818181818,0.006060606060606061,0.012121212121212121,0.236,0.297,0.399,0.696,0.269,22.4,7.9
219,Jarred Kelenic,SEA,105,376.1913876,416,65.68421052000001,0.19617224879807693,0.7121212122319346,0.27272727278263403,0.015151515152899184,0.038277511971153845,0.11244019139423077,0.11483253588942308,0.07894736841346153,0.0047846889951923075,0.26794258365384616,0.009569377990384615,0.0047846889951923075,0.0023923444975961538,0.021531100478365386,0.007177033492788461,0.014354066985576923,0.218,0.285371703,0.396825397,0.682197099,0.261904762,26.79425837,7.894736842,372,416,83,0.22596153846153846,0.6746987951807228,0.30120481927710846,0.024096385542168676,0.026442307692307692,0.10576923076923077,0.11778846153846154,0.0985576923076923,0.009615384615384616,0.3173076923076923,0.002403846153846154,0.004807692307692308,0.0,0.03125,0.01201923076923077,0.019230769230769232,0.253,0.327,0.419,0.746,0.359,31.7,9.9
220,Harold Ramirez,TBR,104,403.8899522,434,103.827751204,0.25837320576036865,0.7799999999121623,0.2199999999529991,0.009999999999614748,0.01913875598156682,0.10526315790322581,0.11722488039170506,0.04545454546082949,0.0023923444976958527,0.16746411483870965,0.016746411483870967,0.007177033493087558,0.0,0.00956937799078341,0.004784688995391705,0.004784688995391705,0.278,0.320574163,0.403598972,0.724173134,0.318471338,16.74641148,4.545454545,400,434,113,0.2880184331797235,0.8141592920353983,0.168141592920354,0.017699115044247787,0.027649769585253458,0.1336405529953917,0.15668202764976957,0.05069124423963134,0.0,0.18202764976958524,0.013824884792626729,0.013824884792626729,0.0,0.01152073732718894,0.0069124423963133645,0.004608294930875576,0.313,0.353,0.46,0.813,0.359,18.2,5.1
222,Danny Jansen,TOR,110,264.0096386,301,47.869879510000004,0.20722891564784054,0.7272727273676817,0.27272727284121795,0.01515151515784544,0.04819277109634551,0.12530120481727575,0.13734939757475084,0.09397590362126246,0.0024096385548172754,0.197590361461794,0.014457831325581396,0.0072289156611295684,0.0072289156611295684,0.0024096385548172754,0.0024096385548172754,0.0,0.237,0.317961165,0.458791209,0.776752374,0.249056604,19.75903614,9.397590361,268,301,44,0.2026578073089701,0.6590909090909091,0.3409090909090909,0.0,0.05647840531561462,0.12624584717607973,0.1760797342192691,0.07641196013289037,0.0033222591362126247,0.2059800664451827,0.03322259136212625,0.0,0.0,0.0,0.0,0.0,0.228,0.312,0.474,0.786,0.233,20.6,7.6
223,Adam Duvall,BOS,104,322.3783133,353,51.03614458,0.19759036144475922,0.7166666665556343,0.2666666665752282,0.016666666673197987,0.053012048186968835,0.12048192770538244,0.14457831325779036,0.06506024096317281,0.0024096385552407934,0.3012048192634561,0.012048192770538245,0.007228915662889518,0.0024096385552407934,0.004819277107648725,0.0024096385552407934,0.0024096385552407934,0.216,0.275362319,0.437994723,0.713357042,0.255319149,30.12048193,6.506024096,320,353,58,0.2237960339943343,0.5517241379310345,0.41379310344827586,0.034482758620689655,0.059490084985835696,0.1274787535410765,0.1643059490084986,0.06232294617563739,0.0028328611898017,0.311614730878187,0.0169971671388102,0.014164305949008499,0.0,0.0113314447592068,0.0,0.0113314447592068,0.247,0.303,0.531,0.834,0.299,31.2,6.2
224,Kyle Isbel,KCR,113,285.7826087,313,60.48309179100001,0.21256038648562303,0.7250000000252136,0.22499999995081266,0.04999999999090655,0.019323671498402556,0.11111111111821087,0.09661835747603834,0.06521739130990414,0.0024154589361022366,0.24879227054313097,0.012077294686900959,0.004830917875399361,0.0024154589361022366,0.03140096618210863,0.012077294686900959,0.019323671498402556,0.233,0.291262136,0.365079365,0.656341501,0.29739777,24.87922705,6.52173913,292,313,65,0.22364217252396165,0.6307692307692307,0.3384615384615385,0.03076923076923077,0.01597444089456869,0.14376996805111822,0.10862619808306709,0.054313099041533544,0.0,0.18849840255591055,0.003194888178913738,0.006389776357827476,0.003194888178913738,0.022364217252396165,0.003194888178913738,0.019169329073482427,0.24,0.282,0.38,0.662,0.283,18.8,5.4
225,Jonah Heim,TEX,108,454.9031477,501,87.34140435,0.20823244550898204,0.7361111112017515,0.25000000002862327,0.01388888889556766,0.03389830508982036,0.10653753025948104,0.11380145279441117,0.07990314770459082,0.0,0.1912832929740519,0.004842615011976048,0.007263922518962076,0.002421307506986028,0.004842615011976048,0.002421307506986028,0.002421307506986028,0.229,0.292978208,0.394666667,0.687644875,0.252631579,19.1283293,7.99031477,457,501,100,0.23552894211576847,0.72,0.28,0.0,0.03592814371257485,0.1217564870259481,0.18962075848303392,0.07984031936127745,0.003992015968063872,0.19161676646706588,0.001996007984031936,0.005988023952095809,0.0,0.003992015968063872,0.0,0.003992015968063872,0.258,0.317,0.438,0.755,0.289,19.2,8.0
226,Kerry Carpenter,DET,101,420.1016949,459,85.57627118,0.2251815980392157,0.7272727273789589,0.23376623384211354,0.02597402598115867,0.03874092008714597,0.11380145278867103,0.11864406779956427,0.060532687647058825,0.004842615013071896,0.2421307505446623,0.014527845037037038,0.007263922518518519,0.002421307505446623,0.007263922518518519,0.004842615013071896,0.002421307505446623,0.247,0.300970874,0.428571429,0.729542302,0.290566038,24.21307506,6.053268765,418,459,96,0.25272331154684097,0.8020833333333334,0.17708333333333334,0.020833333333333332,0.04357298474945534,0.12418300653594772,0.1394335511982571,0.06971677559912855,0.006535947712418301,0.25054466230936817,0.017429193899782137,0.002178649237472767,0.0,0.013071895424836602,0.0,0.013071895424836602,0.278,0.34,0.471,0.811,0.338,25.1,7.0
227,Michael Massey,KCR,104,421.6463415,461,93.32439026,0.226829268329718,0.7228915660959391,0.253012048128221,0.012048192770051536,0.02439024390455531,0.1,0.10975609757049891,0.05365853659436009,0.0024390243904555313,0.22926829262472884,0.014634146340563993,0.009756097561822125,0.007317073171366595,0.014634146340563993,0.0024390243904555313,0.012195121952277656,0.247,0.297297297,0.386666667,0.683963964,0.301818182,22.92682927,5.365853659,428,461,83,0.21258134490238612,0.7710843373493976,0.21686746987951808,0.012048192771084338,0.03253796095444685,0.0911062906724512,0.1193058568329718,0.052060737527114966,0.0,0.21475054229934923,0.008676789587852495,0.008676789587852495,0.0021691973969631237,0.013015184381778741,0.004338394793926247,0.008676789587852495,0.229,0.274,0.381,0.655,0.261,21.5,5.2
228,J.D. Davis,SFG,106,473.9119804,546,97.45232275000001,0.21271393644688646,0.7671232875770526,0.23287671232033305,0.013698630133472112,0.03422982884615385,0.1173594132051282,0.11002444987179488,0.11002444987179488,0.0024449877747252744,0.30317848406593406,0.017114914424908426,0.007334963326007327,0.0024449877747252744,0.0024449877747252744,0.0024449877747252744,0.0,0.247,0.33902439,0.41971831,0.7587427,0.331818182,30.31784841,11.00244499,480,546,101,0.21794871794871795,0.7623762376237624,0.22772277227722773,0.009900990099009901,0.03296703296703297,0.11172161172161173,0.12637362637362637,0.09523809523809523,0.0,0.2783882783882784,0.01098901098901099,0.01098901098901099,0.0,0.0018315018315018315,0.0,0.0018315018315018315,0.248,0.325,0.413,0.738,0.32,27.8,9.5
229,Esteury Ruiz,OAK,112,438.5294118,497,95.014705916,0.2083333334004024,0.7307692305166383,0.2435897434704638,0.025641025634009183,0.0171568627444668,0.11764705883299799,0.08333333334004024,0.0759803921529175,0.0,0.2156862744466801,0.02205882352112676,0.004901960784708249,0.012254901961770625,0.06617647058350101,0.014705882352112676,0.05147058822937626,0.236,0.310945274,0.358333333,0.669278607,0.292134831,21.56862745,7.598039216,449,497,109,0.22937625754527163,0.7706422018348624,0.22018348623853212,0.009174311926605505,0.01006036217303823,0.09456740442655935,0.09456740442655935,0.04024144869215292,0.002012072434607646,0.19919517102615694,0.03219315895372234,0.002012072434607646,0.008048289738430584,0.13480885311871227,0.026156941649899398,0.10865191146881288,0.254,0.309,0.345,0.654,0.315,19.9,4.0
230,Nick Maton,DET,109,257.8112745,293,49.551470586,0.1911764705802048,0.7246376812910358,0.24637681153804697,0.02898550725164143,0.02205882352901024,0.0955882352901024,0.09313725491467577,0.0955882352901024,0.002450980392491468,0.26960784313993175,0.009803921569965872,0.012254901962457338,0.004901960784982936,0.007352941177474402,0.002450980392491468,0.004901960784982936,0.218,0.297297297,0.35097493,0.648272228,0.281632653,26.96078431,9.558823529,249,293,35,0.14675767918088736,0.7428571428571429,0.2571428571428571,0.0,0.027303754266211604,0.09897610921501707,0.10921501706484642,0.1296928327645051,0.0034129692832764505,0.24914675767918087,0.010238907849829351,0.006825938566552901,0.0034129692832764505,0.0034129692832764505,0.006825938566552901,-0.0034129692832764505,0.173,0.288,0.305,0.593,0.206,24.9,13.0
231,Akil Baddoo,DET,106,316.6511057,357,64.909090906,0.20393120392156866,0.729729729824665,0.2162162161587554,0.05405405406279809,0.022113022112044817,0.11547911549019607,0.08845208845938375,0.10073710072829133,0.0,0.2579852579831933,0.004914004913165266,0.004914004913165266,0.002457002456582633,0.03931203929971989,0.012285012285714285,0.027027027028011203,0.23,0.310344828,0.371191136,0.681535963,0.297188755,25.7985258,10.07371007,312,357,57,0.19047619047619047,0.7543859649122807,0.22807017543859648,0.017543859649122806,0.03081232492997199,0.11204481792717087,0.09523809523809523,0.11764705882352941,0.0056022408963585435,0.24929971988795518,0.0,0.0028011204481792717,0.0056022408963585435,0.0392156862745098,0.008403361344537815,0.03081232492997199,0.218,0.31,0.372,0.682,0.268,24.9,11.8
233,JJ Bleday,OAK,102,264.0962963,303,44.888888890000004,0.17530864198019802,0.68333333322566,0.2833333333593234,0.033333333325907585,0.02716049382838284,0.09876543211221121,0.10123456788778878,0.11111111112211221,0.0,0.274074074059406,0.007407407405940594,0.007407407405940594,0.002469135801980198,0.009876543211221122,0.002469135801980198,0.007407407405940594,0.201,0.294554455,0.354107649,0.648662104,0.256410256,27.40740741,11.11111111,256,303,40,0.16501650165016502,0.725,0.275,0.0,0.033003300330033,0.11551155115511551,0.0891089108910891,0.13861386138613863,0.0,0.2376237623762376,0.006600660066006601,0.009900990099009901,0.0,0.0165016501650165,0.0033003300330033004,0.013201320132013201,0.195,0.31,0.355,0.666,0.226,23.8,13.9
234,Brian Anderson,MIL,98,318.1089109,361,63.443069300000005,0.20544554454293631,0.7605633804037913,0.2394366197538302,0.014084507036925464,0.02970297030470914,0.11138613861495844,0.10643564357340721,0.09405940592797783,0.0024752475235457062,0.26485148515235457,0.0198019801966759,0.004950495049861496,0.0,0.004950495049861496,0.0024752475235457062,0.0024752475235457062,0.233,0.319306931,0.390449438,0.709756369,0.29707113,26.48514851,9.405940594,318,361,63,0.1994459833795014,0.7619047619047619,0.19047619047619047,0.047619047619047616,0.024930747922437674,0.10526315789473684,0.11080332409972299,0.0997229916897507,0.0,0.29916897506925205,0.0110803324099723,0.008310249307479225,0.0,0.002770083102493075,0.008310249307479225,-0.00554016620498615,0.226,0.31,0.368,0.678,0.309,29.9,10.0
235,Aledmys Diaz,OAK,102,316.7524752,344,68.118811876,0.2252475247383721,0.7500000000440408,0.25000000001468026,0.012500000008074129,0.027227722773255813,0.10148514851744186,0.11386138613372093,0.059405940581395346,0.0024752475261627907,0.16831683168604653,0.012376237625,0.004950495049418605,0.0024752475261627907,0.004950495049418605,0.0024752475261627907,0.0024752475261627907,0.245,0.297766749,0.39516129,0.69292804,0.271186441,16.83168317,5.940594059,315,344,68,0.20930232558139536,0.6911764705882353,0.29411764705882354,0.014705882352941176,0.011627906976744186,0.07267441860465117,0.06976744186046512,0.04941860465116279,0.005813953488372093,0.19186046511627908,0.020348837209302327,0.011627906976744186,0.0029069767441860465,0.0029069767441860465,0.0,0.0029069767441860465,0.229,0.28,0.337,0.616,0.273,19.2,4.9
236,Jace Peterson,OAK,107,377.7171216,430,76.823821341,0.19851116625581394,0.7499999999251534,0.23611111115504282,0.02777777777452358,0.019851116625581394,0.10918114144186046,0.09429280397674418,0.10421836227906978,0.0024813895790697675,0.24565756813953488,0.007444168734883721,0.007444168734883721,0.004962779155813953,0.029776674930232557,0.007444168734883721,0.02233250620232558,0.227,0.310945274,0.355932203,0.666877477,0.288,24.56575682,10.42183623,374,430,73,0.18372093023255814,0.8082191780821918,0.136986301369863,0.0547945205479452,0.013953488372093023,0.08139534883720931,0.08604651162790698,0.10930232558139535,0.004651162790697674,0.23488372093023255,0.009302325581395349,0.0069767441860465115,0.004651162790697674,0.03488372093023256,0.004651162790697674,0.030232558139534883,0.211,0.304,0.307,0.611,0.27,23.5,10.9
238,Oscar Colas,CHW,98,243.9800499,263,49.84538653,0.22942643391634981,0.789473684316116,0.2105263158845044,0.01315789473525826,0.03990024939163498,0.10972568577946767,0.11720698254752851,0.05486284288973384,0.0049875311711026615,0.2668329177186312,0.009975062346007604,0.0049875311711026615,0.0024937655855513307,0.007481296756653992,0.0024937655855513307,0.0049875311711026615,0.248,0.295,0.427419355,0.722419355,0.302788845,26.68329177,5.486284289,245,263,48,0.20152091254752852,0.8125,0.1875,0.0,0.019011406844106463,0.12167300380228137,0.07224334600760456,0.045627376425855515,0.0038022813688212928,0.26996197718631176,0.0076045627376425855,0.0076045627376425855,0.0076045627376425855,0.015209125475285171,0.011406844106463879,0.0038022813688212928,0.216,0.257,0.314,0.571,0.281,27.0,4.6
239,Jurickson Profar,,98,454.5725,521,97.6875,0.21,0.7333333333333334,0.24,0.013333333333333332,0.0225,0.12000000000000001,0.095,0.105,0.0,0.1575,0.01,0.005,0.005,0.015000000000000001,0.005,0.01,0.241,0.327455919,0.372492837,0.699948756,0.268817204,15.75,10.5,459,521,102,0.21305182341650672,0.7156862745098039,0.2647058823529412,0.0196078431372549,0.01727447216890595,0.10556621880998081,0.08829174664107485,0.09596928982725528,0.0,0.1727447216890595,0.011516314779270634,0.009596928982725527,0.0,0.0019193857965451055,0.0,0.0019193857965451055,0.242,0.321,0.368,0.689,0.279,17.3,9.6
241,Jordan Walker,STL,94,422.8337531,465,94.87405545000001,0.229219143655914,0.7407407405182235,0.2345679011447802,0.012345679010393771,0.025188916881720428,0.1158690176344086,0.10831234255913978,0.06801007556989247,0.002518891688172043,0.24433249376344085,0.010075566750537635,0.007556675062365591,0.005037783376344086,0.0226700251827957,0.005037783376344086,0.017632241812903224,0.251,0.308860759,0.390581717,0.699442477,0.315175097,24.43324937,6.801007557,420,465,100,0.24946236559139784,0.79,0.19,0.02,0.034408602150537634,0.10967741935483871,0.10967741935483871,0.07956989247311828,0.0,0.22365591397849463,0.012903225806451613,0.004301075268817204,0.0,0.015053763440860216,0.008602150537634409,0.0064516129032258064,0.276,0.342,0.445,0.787,0.331,22.4,8.0
242,Oswaldo Cabrera,NYY,97,300.6852792,330,60.30456853,0.21319796954545453,0.7222222221577348,0.24999999995854377,0.013888888892113264,0.03045685278787879,0.10913705584848485,0.1116751269090909,0.07360406090909091,0.0,0.26395939084848485,0.005076142133333334,0.007614213196969697,0.002538071066666667,0.022842639593939392,0.007614213196969697,0.015228426396969698,0.233,0.292620865,0.38718663,0.679807495,0.292682927,26.39593909,7.360406091,298,330,58,0.19090909090909092,0.8103448275862069,0.1896551724137931,0.0,0.015151515151515152,0.10606060606060606,0.08787878787878788,0.07575757575757576,0.0030303030303030303,0.21818181818181817,0.006060606060606061,0.006060606060606061,0.00909090909090909,0.024242424242424242,0.0,0.024242424242424242,0.211,0.275,0.299,0.574,0.26,21.8,7.6
243,LaMonte Wade Jr.,SFG,102,450.5025381,519,86.93908632,0.2005076142581888,0.7424242422151096,0.22727272722044406,0.030303030288391004,0.03299492385356455,0.11675126903660886,0.11167512689788053,0.10406091369942197,0.002538071065510597,0.2081218273603083,0.015228426394990367,0.005076142131021194,0.005076142131021194,0.010152284263969172,0.002538071065510597,0.007614213198458574,0.23,0.322250639,0.400584795,0.722835435,0.265060241,20.81218274,10.40609137,429,519,93,0.2119460500963391,0.8279569892473119,0.15053763440860216,0.021505376344086023,0.03275529865125241,0.1233140655105973,0.08670520231213873,0.1464354527938343,0.005780346820809248,0.18304431599229287,0.011560693641618497,0.007707129094412331,0.007707129094412331,0.0038535645472061657,0.0,0.0038535645472061657,0.256,0.373,0.417,0.79,0.29,18.3,14.6
245,Eddie Rosario,ATL,100,476.3076923,516,96.58461542,0.21794871802325583,0.7671232873662975,0.2191780821194473,0.013698630131171254,0.030769230775193796,0.10769230769379845,0.12051282050387596,0.061538461531007754,0.002564102563953488,0.20256410251937987,0.002564102563953488,0.007692307691860465,0.002564102563953488,0.01538461538372093,0.005128205127906976,0.010256410255813952,0.238,0.283505155,0.386111111,0.669616266,0.268382353,20.25641026,6.153846154,478,516,101,0.2364341085271318,0.7326732673267327,0.2376237623762376,0.0297029702970297,0.040697674418604654,0.12403100775193798,0.1434108527131783,0.06589147286821706,0.001937984496124031,0.2364341085271318,0.001937984496124031,0.003875968992248062,0.001937984496124031,0.005813953488372093,0.007751937984496124,-0.001937984496124031,0.255,0.305,0.45,0.755,0.3,23.6,6.6
248,Christian Vazquez,MIN,102,327.4806202,355,77.05426357,0.23514211887323946,0.7857142856864759,0.20238095242884688,0.011904761897654976,0.018087855295774648,0.1007751938028169,0.10335917312676056,0.06201550388732394,0.0,0.17054263566197184,0.007751937983098592,0.007751937983098592,0.002583979326760563,0.007751937983098592,0.0051679586563380285,0.002583979326760563,0.255,0.304909561,0.366946779,0.671856339,0.292682927,17.05426357,6.201550388,327,355,67,0.2056338028169014,0.8059701492537313,0.19402985074626866,0.0,0.016901408450704224,0.09577464788732394,0.09014084507042254,0.07042253521126761,0.0028169014084507044,0.23098591549295774,0.0028169014084507044,0.0028169014084507044,0.0028169014084507044,0.0028169014084507044,0.0,0.0028169014084507044,0.223,0.28,0.318,0.598,0.279,23.1,7.0
249,Jacob Stallings,MIA,104,245.9689119,276,52.19689119,0.20466321242753624,0.7945205479583275,0.20547945204167245,0.0,0.015544041449275363,0.0854922279710145,0.09326424869565217,0.0854922279710145,0.0,0.21761658032608697,0.010362694300724638,0.007772020724637682,0.005181347148550725,0.0,0.0,0.0,0.229,0.302083333,0.325581395,0.627664729,0.284046693,21.76165803,8.549222798,241,276,43,0.16666666666666666,0.6744186046511628,0.32558139534883723,0.0,0.010869565217391304,0.07971014492753623,0.07246376811594203,0.09782608695652174,0.0,0.2427536231884058,0.010869565217391304,0.007246376811594203,0.010869565217391304,0.0,0.0,0.0,0.191,0.278,0.286,0.565,0.249,24.3,9.8
250,Travis d'Arnaud,ATL,96,266.90625,292,57.79166667,0.234375,0.7499999999567412,0.23684210524949723,0.013157894741851023,0.03645833332191781,0.11979166667808218,0.1302083333219178,0.0625,0.0,0.2213541666780822,0.015625,0.00520833333219178,0.002604166667808219,0.0,0.0,0.0,0.256,0.313315927,0.433048433,0.74636436,0.299212598,22.13541667,6.25,267,292,49,0.2054794520547945,0.7346938775510204,0.2653061224489796,0.0,0.03767123287671233,0.10616438356164383,0.13356164383561644,0.07191780821917808,0.0,0.22945205479452055,0.010273972602739725,0.003424657534246575,0.0,0.0,0.0,0.0,0.225,0.288,0.397,0.685,0.258,22.9,7.2
251,Matt Carpenter,SDP,99,201.7284595,237,35.271540466,0.18798955611814344,0.6842105264232267,0.2807017544227721,0.01754385966205506,0.039164490860759495,0.11749347257383967,0.1305483028691983,0.12010443864978904,0.00261096605907173,0.26892950392405063,0.01827676240084388,0.00522193211392405,0.00261096605907173,0.00522193211392405,0.00261096605907173,0.00261096605907173,0.22,0.32808399,0.411042945,0.739126934,0.271428571,26.89295039,12.01044386,188,237,28,0.13924050632911392,0.5714285714285714,0.42857142857142855,0.0,0.02109704641350211,0.0759493670886076,0.1308016877637131,0.1729957805907173,0.0,0.28270042194092826,0.008438818565400843,0.02109704641350211,0.0,0.004219409282700422,0.0,0.004219409282700422,0.176,0.322,0.319,0.641,0.231,28.3,17.3
252,Aaron Hicks,NYY,97,266.2617801,312,49.821989533,0.18586387435897436,0.7704918031138394,0.19672131145040278,0.03278688523504331,0.026178010471153847,0.1151832460576923,0.09685863875,0.12827225131410258,0.0026178010480769234,0.23560209423076925,0.007853403141025641,0.007853403141025641,0.0026178010480769234,0.018324607330128202,0.005235602092948718,0.013089005237179489,0.218,0.322834646,0.358895706,0.681730351,0.266375546,23.56020942,12.82722513,269,312,60,0.21794871794871795,0.8333333333333334,0.15,0.016666666666666666,0.02564102564102564,0.14102564102564102,0.11538461538461539,0.1346153846153846,0.003205128205128205,0.22115384615384615,0.0,0.003205128205128205,0.0,0.019230769230769232,0.0,0.019230769230769232,0.253,0.353,0.383,0.735,0.311,22.1,13.5
253,Robbie Grossman,TEX,95,360.6282723,420,70.366492142,0.19109947642857142,0.7500000000497395,0.234375000059954,0.01562500000399693,0.023560209423809524,0.10732984292857142,0.0942408376904762,0.12041884816666666,0.002617801047619048,0.24607329833333333,0.013089005235714284,0.00785340314047619,0.002617801047619048,0.020942408376190477,0.005235602095238096,0.015706806283333333,0.223,0.32460733,0.356707317,0.681314647,0.280701754,24.60732984,12.04188482,353,420,74,0.2,0.6756756756756757,0.3108108108108108,0.013513513513513514,0.023809523809523808,0.13333333333333333,0.11666666666666667,0.1357142857142857,0.0,0.23333333333333334,0.004761904761904762,0.01904761904761905,0.0,0.002380952380952381,0.0,0.002380952380952381,0.238,0.34,0.394,0.734,0.292,23.3,13.6
254,Kevin Kiermaier,TOR,99,370.3218997,408,79.662269127,0.21372031661764707,0.7297297297334617,0.2162162162684638,0.04054054053935309,0.01846965699264706,0.1160949868137255,0.10026385225490195,0.07387862796568627,0.002638522426470588,0.25329815294117647,0.007915567281862745,0.005277044855392157,0.002638522426470588,0.02902374669117647,0.007915567281862745,0.021108179419117645,0.235,0.297082228,0.35755814,0.654640368,0.304526749,25.3298153,7.387862797,370,408,90,0.24019607843137256,0.7,0.23333333333333334,0.06666666666666667,0.0196078431372549,0.14215686274509803,0.08823529411764706,0.07107843137254902,0.0,0.2107843137254902,0.00980392156862745,0.00980392156862745,0.0024509803921568627,0.03431372549019608,0.0024509803921568627,0.031862745098039214,0.265,0.322,0.419,0.741,0.321,21.1,7.1
255,Tommy Pham,NYM,89,419.9206349,481,85.25661376,0.2037037037006237,0.7761194029623163,0.20895522381582332,0.01492537312802605,0.026455026444906445,0.12169312168399168,0.09788359787941789,0.10846560846153845,0.0026455026444906445,0.25132275135135135,0.010582010582120582,0.005291005291060291,0.0026455026444906445,0.018518518517671518,0.005291005291060291,0.013227513226611226,0.232,0.323607427,0.372727273,0.6963347,0.295154185,25.13227513,10.84656085,426,481,93,0.22661122661122662,0.6774193548387096,0.2903225806451613,0.03225806451612903,0.033264033264033266,0.11434511434511435,0.14137214137214138,0.09771309771309772,0.002079002079002079,0.2203742203742204,0.004158004158004158,0.012474012474012475,0.0,0.04573804573804574,0.006237006237006237,0.0395010395010395,0.256,0.328,0.446,0.774,0.3,22.0,9.8
256,Edward Olivares,KCR,97,351.9705094,385,80.50938338,0.23592493298701298,0.7692307692594329,0.2179487179423482,0.025641025646121397,0.02680965148051948,0.11528150135064935,0.1018766756103896,0.06166219838961039,0.0,0.19571045576623375,0.013404825737662336,0.008042895441558442,0.002680965148051948,0.01876675603116883,0.008042895441558442,0.010723860589610388,0.257,0.311827957,0.410557185,0.722385142,0.298850575,19.57104558,6.166219839,354,385,81,0.24155844155844156,0.6666666666666666,0.2839506172839506,0.04938271604938271,0.03116883116883117,0.12207792207792208,0.09350649350649351,0.05714285714285714,0.0025974025974025974,0.16623376623376623,0.01818181818181818,0.005194805194805195,0.0,0.02857142857142857,0.012987012987012988,0.015584415584415584,0.263,0.317,0.452,0.769,0.289,16.6,5.7
257,Yasmani Grandal,CHW,95,337.5,405,60.967741929999995,0.18548387096296295,0.8035714285802155,0.1964285714197846,0.0,0.03494623656790124,0.10483870967901235,0.11021505375308642,0.1505376344197531,0.0026881720419753086,0.22043010753086423,0.008064516128395061,0.008064516128395061,0.0026881720419753086,0.0026881720419753086,0.0,0.0026881720419753086,0.224,0.344086022,0.383870968,0.727956989,0.256880734,22.04301075,15.05376344,363,405,77,0.20987654320987653,0.8181818181818182,0.18181818181818182,0.0,0.019753086419753086,0.08148148148148149,0.08148148148148149,0.08888888888888889,0.0024691358024691358,0.2123456790123457,0.009876543209876543,0.0049382716049382715,0.0,0.0,0.0,0.0,0.234,0.309,0.339,0.647,0.284,21.2,8.9
261,Drew Waters,KCR,96,304.2108108,337,62.845945942,0.21351351350148368,0.6956521739739239,0.26086956516066184,0.04347826086541428,0.02702702702670623,0.11351351350148368,0.10270270270029673,0.08108108106824925,0.0,0.3216216216617211,0.008108108106824925,0.00540540540652819,0.002702702703264095,0.018918918919881306,0.00540540540652819,0.013513513513353115,0.235,0.303523035,0.398203593,0.701726628,0.333333333,32.16216216,8.108108108,302,337,61,0.20474777448071216,0.7377049180327869,0.18032786885245902,0.08196721311475409,0.02373887240356083,0.11869436201780416,0.09495548961424333,0.08011869436201781,0.0,0.31750741839762614,0.01483679525222552,0.008902077151335312,0.0,0.04747774480712166,0.01483679525222552,0.032640949554896145,0.228,0.3,0.377,0.677,0.321,31.8,8.0
262,Jack Suwinski,PIT,94,470.4972973,534,83.70810809,0.19459459456928838,0.7241379312363336,0.258620689727262,0.01724137931116871,0.03783783784644195,0.11351351352059925,0.11351351352059925,0.09999999999999999,0.002702702702247191,0.30270270262172283,0.010810810810861424,0.005405405404494382,0.002702702702247191,0.010810810810861424,0.005405405404494382,0.005405405404494382,0.222,0.306233062,0.401840491,0.708073553,0.287128713,30.27027027,10.0,447,534,74,0.18726591760299627,0.6891891891891891,0.28378378378378377,0.02702702702702703,0.04868913857677903,0.11797752808988764,0.13857677902621723,0.1404494382022472,0.003745318352059925,0.32209737827715357,0.011235955056179775,0.011235955056179775,0.0,0.024344569288389514,0.003745318352059925,0.020599250936329586,0.224,0.339,0.454,0.793,0.29,32.2,14.0
263,Martin Maldonado,HOU,101,363.0,407,56.099999999999994,0.17027027027027025,0.7647058823529412,0.23529411764705885,0.0,0.03243243243243243,0.0972972972972973,0.1027027027027027,0.08108108108108109,0.0,0.3027027027027027,0.013513513513513514,0.005405405405405406,0.008108108108108107,0.0,0.0,0.0,0.191,0.267029973,0.336363636,0.603393609,0.245192308,30.27027027,8.108108108,362,407,54,0.16953316953316952,0.7777777777777778,0.2222222222222222,0.0,0.036855036855036855,0.08108108108108109,0.08845208845208845,0.07371007371007371,0.0,0.3415233415233415,0.007371007371007371,0.0,0.029484029484029485,0.0,0.0,0.0,0.191,0.258,0.348,0.606,0.26,34.2,7.4
266,Evan Longoria,ARI,94,213.106267,237,42.621253405000004,0.2179836512236287,0.742424242415355,0.24242424247401126,0.015151515157558514,0.03814713896624473,0.11444141687763712,0.13079019071729958,0.08446866485232067,0.0027247956413502107,0.25340599455696206,0.008174386919831224,0.008174386919831224,0.0,0.0027247956413502107,0.0,0.0027247956413502107,0.241,0.310626703,0.424242424,0.734869127,0.292035398,25.34059946,8.446866485,211,237,36,0.19831223628691982,0.75,0.25,0.0,0.046413502109704644,0.10548523206751055,0.11814345991561181,0.0970464135021097,0.0,0.3080168776371308,0.0,0.012658227848101266,0.0,0.0,0.0,0.0,0.223,0.295,0.422,0.717,0.277,30.8,9.7
267,Elias Diaz,COL,97,481.2032967,526,102.5989011,0.22527472528517112,0.7464788732517915,0.22535211266507416,0.014084507041567135,0.030219780228136883,0.10714285714828899,0.12087912087452471,0.06868131868821294,0.0,0.19505494505703425,0.005494505494296579,0.005494505494296579,0.0027472527471482894,0.0,0.0027472527471482894,-0.0027472527471482894,0.246,0.301104972,0.396396396,0.697501369,0.280632411,19.50549451,6.868131868,486,526,116,0.24714828897338403,0.7758620689655172,0.21551724137931033,0.008620689655172414,0.026615969581749048,0.09125475285171103,0.13688212927756654,0.06463878326996197,0.0,0.22433460076045628,0.0038022813688212928,0.0076045627376425855,0.0,0.0019011406844106464,0.0,0.0019011406844106464,0.267,0.316,0.409,0.725,0.324,22.4,6.5
268,Miguel Rojas,LAD,92,389.2066116,423,93.22314046300001,0.23691460047281324,0.7750000002271432,0.2000000000793794,0.012500000002279478,0.016528925619385345,0.10468319560283687,0.09641873278959812,0.06060606061465721,0.002754820936170213,0.12947658401891254,0.011019283747044917,0.005509641872340426,0.002754820936170213,0.019283746555555554,0.005509641872340426,0.013774104683215129,0.257,0.309392265,0.362275449,0.671667714,0.282685512,12.9476584,6.060606061,385,423,86,0.21513002364066194,0.8023255813953488,0.18604651162790697,0.011627906976744186,0.01182033096926714,0.11583924349881797,0.07328605200945626,0.061465721040189124,0.0,0.11347517730496454,0.01182033096926714,0.01182033096926714,0.004728132387706856,0.018912529550827423,0.0070921985815602835,0.01182033096926714,0.236,0.29,0.322,0.612,0.255,11.3,6.1
269,Daniel Vogelbach,NYM,93,266.4273743,319,49.00837989,0.1899441340752351,0.7818181818293116,0.2,0.018181818191093033,0.03631284915360501,0.11173184357366771,0.11731843576802507,0.15363128492163008,0.002793296090909091,0.24301675978056425,0.005586592178683385,0.002793296090909091,0.0,0.0,0.0,0.0,0.226,0.350140056,0.401337793,0.751477849,0.275,24.30167598,15.36312849,275,319,51,0.2006269592476489,0.8431372549019608,0.1568627450980392,0.0,0.04075235109717868,0.10344827586206896,0.15047021943573669,0.13166144200626959,0.003134796238244514,0.25391849529780564,0.006269592476489028,0.0,0.0,0.0,0.0,0.0,0.233,0.339,0.404,0.742,0.282,25.4,13.2
271,Brice Turang,MIL,89,404.0784314,448,89.098039215,0.21568627450892858,0.7746478872946991,0.21126760561562374,0.014084507044782781,0.016806722689732143,0.10644257703125,0.09243697479910715,0.0840336134375,0.0028011204486607143,0.21568627450892858,0.0028011204486607143,0.005602240897321429,0.0028011204486607143,0.030812324933035713,0.005602240897321429,0.025210084040178573,0.238,0.304225352,0.347826087,0.652051439,0.294605809,21.56862745,8.403361345,404,448,82,0.19642857142857142,0.8536585365853658,0.10975609756097561,0.036585365853658534,0.013392857142857142,0.10267857142857142,0.07589285714285714,0.08482142857142858,0.002232142857142857,0.20982142857142858,0.002232142857142857,0.004464285714285714,0.006696428571428571,0.05803571428571429,0.008928571428571428,0.049107142857142856,0.218,0.285,0.3,0.585,0.268,21.0,8.5
272,Jorge Mateo,BAL,96,324.4382022,350,65.870786521,0.2106741573142857,0.701492537291454,0.2388059701546918,0.05970149253867295,0.022471910111428572,0.11516853931428571,0.09269662919999999,0.05056179774285715,0.0,0.26966292134285713,0.008426966291428572,0.0056179775285714285,0.008426966291428572,0.05898876405714286,0.016853932582857143,0.042134831457142856,0.227,0.271954674,0.372727273,0.644681947,0.293859649,26.96629213,5.056179775,318,350,62,0.19714285714285715,0.7419354838709677,0.22580645161290322,0.03225806451612903,0.02,0.1657142857142857,0.09714285714285714,0.06285714285714286,0.0,0.2342857142857143,0.002857142857142857,0.008571428571428572,0.014285714285714285,0.09142857142857143,0.014285714285714285,0.07714285714285714,0.217,0.267,0.34,0.607,0.267,23.4,6.3
273,Brandon Belt,TOR,88,348.079096,404,61.62711865,0.20056497175742574,0.7407407406025139,0.2407407406836471,0.018518518519119505,0.04802259886138614,0.12429378532178217,0.12711864405940593,0.1186440677970297,0.005649717514851485,0.2598870056930693,0.014124293784653467,0.005649717514851485,0.0028248587574257423,0.005649717514851485,0.0028248587574257423,0.0028248587574257423,0.234,0.333333333,0.449180328,0.782513661,0.272727273,25.98870056,11.86440678,339,404,67,0.21287128712871287,0.6567164179104478,0.34328358208955223,0.0,0.04702970297029703,0.1311881188118812,0.10643564356435643,0.15099009900990099,0.0024752475247524753,0.349009900990099,0.0049504950495049506,0.0049504950495049506,0.0,0.0,0.0,0.0,0.254,0.369,0.49,0.858,0.37,34.9,15.1
274,Jon Berti,MIA,89,371.1501416,424,82.878186968,0.20963172804245284,0.7826086956395836,0.20289855069456036,0.028985507247251154,0.014164305948113206,0.12181303115566038,0.07648725212264151,0.10198300283018867,0.0,0.22379603398584905,0.011331444759433961,0.005665722379716981,0.005665722379716981,0.07365439094339622,0.01699716713915094,0.05665722379716981,0.239,0.324786325,0.349514563,0.674300888,0.303964758,22.3796034,10.19830028,388,424,107,0.2688679245283019,0.822429906542056,0.14953271028037382,0.028037383177570093,0.01650943396226415,0.125,0.07783018867924528,0.06839622641509434,0.0047169811320754715,0.18160377358490565,0.0047169811320754715,0.007075471698113208,0.0047169811320754715,0.03773584905660377,0.014150943396226415,0.02358490566037736,0.294,0.344,0.405,0.748,0.349,18.2,6.8
275,Nick Ahmed,ARI,92,192.6988636,210,40.568181816,0.2130681818095238,0.7352941175745593,0.2647058822775416,0.02941176470298237,0.01988636363809524,0.10511363638095238,0.09943181819047618,0.06818181819047618,0.0028409090904761903,0.2215909090952381,0.005681818180952381,0.005681818180952381,0.0028409090904761903,0.014204545452380953,0.005681818180952381,0.008522727271428571,0.233,0.287749288,0.371517028,0.659266316,0.283333333,22.15909091,6.818181818,198,210,40,0.2,0.725,0.25,0.025,0.009523809523809525,0.06666666666666667,0.08095238095238096,0.05714285714285714,0.0,0.24761904761904763,0.0,0.0,0.0,0.023809523809523808,0.004761904761904762,0.01904761904761905,0.212,0.257,0.303,0.56,0.278,24.8,5.7
276,Patrick Wisdom,CHC,89,267.5840456,302,40.43874644,0.1823361823509934,0.7234042552086587,0.27659574479134125,0.0,0.04843304844370861,0.11965811966887417,0.12820512821192054,0.0911680911589404,0.002849002847682119,0.3532763533112583,0.014245014245033112,0.005698005698675497,0.002849002847682119,0.014245014245033112,0.005698005698675497,0.008547008546357615,0.206,0.288571429,0.411575563,0.700146991,0.273255814,35.32763533,9.116809117,268,302,32,0.18211920529801323,0.71875,0.25,0.03125,0.076158940397351,0.1423841059602649,0.152317880794702,0.09933774834437085,0.0,0.3675496688741722,0.006622516556291391,0.0033112582781456954,0.0033112582781456954,0.013245033112582781,0.006622516556291391,0.006622516556291391,0.205,0.289,0.5,0.789,0.237,36.8,9.9
277,Matt Vierling,DET,96,482.6512968,530,111.49855905,0.2305475503773585,0.7534246577332785,0.20547945206830903,0.027397260278764116,0.02017291066037736,0.1066282420754717,0.09221902016981133,0.06628242075471698,0.0,0.20172910660377358,0.011527377520754717,0.011527377520754717,0.0028818443811320757,0.02305475503773585,0.008645533141509435,0.014409221901886793,0.253,0.308357349,0.376582278,0.684939627,0.300411523,20.17291066,6.628242075,479,530,115,0.2358490566037736,0.7739130434782608,0.1826086956521739,0.043478260869565216,0.018867924528301886,0.11886792452830189,0.0830188679245283,0.0830188679245283,0.0018867924528301887,0.21132075471698114,0.009433962264150943,0.0018867924528301887,0.0018867924528301887,0.011320754716981131,0.011320754716981131,0.0,0.261,0.329,0.388,0.717,0.321,21.1,8.3
278,Yuli Gurriel,,86,301.5043228,329,72.057636892,0.23919308358662614,0.7368421051550573,0.24999999995836666,0.0,0.020172910662613983,0.1066282420668693,0.1066282420668693,0.06051873197568389,0.0,0.12391930835866262,0.00864553313981763,0.011527377522796353,0.0,0.00864553313981763,0.0028818443799392096,0.005763688759878419,0.259,0.309248555,0.383647799,0.692896354,0.279411765,12.39193084,6.051873199,298,329,69,0.22188449848024316,0.7246376811594203,0.2318840579710145,0.043478260869565216,0.0121580547112462,0.0972644376899696,0.08206686930091185,0.0790273556231003,0.00911854103343465,0.1337386018237082,0.00303951367781155,0.0121580547112462,0.0,0.0121580547112462,0.0,0.0121580547112462,0.245,0.304,0.359,0.663,0.272,13.4,7.9
279,Alek Thomas,ARI,88,368.3063584,402,85.976878613,0.2341040462437811,0.7297297296916931,0.22972972976729483,0.040540540541012075,0.02023121387313433,0.11849710982587064,0.10115606935323383,0.06358381502487562,0.0,0.1878612716666667,0.008670520231343284,0.008670520231343284,0.002890173410447761,0.014450867052238806,0.008670520231343284,0.005780346820895522,0.254,0.307246377,0.394321767,0.701568143,0.298387097,18.78612717,6.358381503,374,402,77,0.21393034825870647,0.7142857142857143,0.22077922077922077,0.06493506493506493,0.022388059701492536,0.12686567164179105,0.09701492537313433,0.0472636815920398,0.0024875621890547263,0.21393034825870647,0.009950248756218905,0.007462686567164179,0.004975124378109453,0.022388059701492536,0.0024875621890547263,0.01990049751243781,0.23,0.273,0.374,0.647,0.273,21.4,4.7
281,Mitch Garver,TEX,86,301.0,344,52.0,0.19476744186046513,0.75,0.25,0.019230769230769232,0.0436046511627907,0.12209302325581395,0.125,0.10465116279069768,0.0,0.27325581395348836,0.011627906976744186,0.00872093023255814,0.0,0.005813953488372093,0.0029069767441860465,0.0029069767441860465,0.224,0.311046512,0.425249169,0.736295681,0.266666667,27.3255814,10.46511628,296,344,61,0.23255813953488372,0.819672131147541,0.18032786885245902,0.0,0.055232558139534885,0.1308139534883721,0.14534883720930233,0.12790697674418605,0.0029069767441860465,0.23837209302325582,0.00872093023255814,0.0,0.0,0.0,0.0,0.0,0.27,0.37,0.5,0.87,0.313,23.8,12.8
282,Nolan Gorman,STL,86,423.1788856,464,77.56011731,0.2111436950215517,0.7543859648398977,0.2456140350311701,0.017543859643241688,0.04398826978448276,0.12316715543103447,0.12316715543103447,0.07331378299568965,0.0,0.31085043987068967,0.005865102640086207,0.005865102640086207,0.002932551318965517,0.005865102640086207,0.002932551318965517,0.002932551318965517,0.231,0.291176471,0.430868167,0.722044638,0.296875,31.08504399,7.331378299,406,464,69,0.20689655172413793,0.7536231884057971,0.2463768115942029,0.0,0.05818965517241379,0.1271551724137931,0.16379310344827586,0.11422413793103449,0.0021551724137931034,0.31896551724137934,0.00646551724137931,0.004310344827586207,0.0,0.015086206896551725,0.004310344827586207,0.010775862068965518,0.236,0.328,0.478,0.805,0.296,31.9,11.4
284,Michael A. Taylor,MIN,92,353.6637168,388,74.39528023700001,0.21533923304123712,0.7692307691790703,0.21538461538089304,0.015384615386269746,0.02359882005927835,0.11209439528350515,0.09734513273195876,0.07374631268041237,0.0,0.2684365780927835,0.005899705015463917,0.005899705015463917,0.0029498525077319587,0.014749262536082474,0.005899705015463917,0.008849557523195876,0.236,0.295857988,0.365695793,0.661553781,0.306603774,26.84365782,7.374631268,355,388,57,0.20103092783505155,0.7368421052631579,0.24561403508771928,0.017543859649122806,0.05412371134020619,0.12371134020618557,0.13144329896907217,0.06701030927835051,0.0,0.33505154639175255,0.007731958762886598,0.002577319587628866,0.007731958762886598,0.03350515463917526,0.002577319587628866,0.030927835051546393,0.22,0.278,0.442,0.72,0.278,33.5,6.7
286,Isiah Kiner-Falefa,NYY,85,332.0771513,361,83.554896138,0.24035608307479225,0.8076923076840219,0.1666666666307621,0.01282051281867156,0.008902077152354571,0.10979228487534626,0.08308605340720222,0.056379821966759,0.0029673590498614957,0.1394658753739612,0.011869436202216066,0.0059347180997229914,0.0029673590498614957,0.03560830861495845,0.008902077152354571,0.02670623145429363,0.262,0.310447761,0.335483871,0.645931632,0.297709924,13.94658754,5.637982196,326,361,73,0.2188365650969529,0.821917808219178,0.1643835616438356,0.0136986301369863,0.01662049861495845,0.10803324099722991,0.10249307479224377,0.07756232686980609,0.0,0.19390581717451524,0.008310249307479225,0.008310249307479225,0.002770083102493075,0.038781163434903045,0.013850415512465374,0.024930747922437674,0.242,0.306,0.34,0.646,0.289,19.4,7.8
287,Eric Haase,DET,89,266.6826347,293,48.24850299,0.20658682634812287,0.7454545455525231,0.2363636364503089,0.018181818183702368,0.04191616767918089,0.11077844310580205,0.12574850300341298,0.07185628744027305,0.0,0.29640718563139934,0.00598802395221843,0.008982035928327645,0.0,0.002994011976109215,0.0,0.002994011976109215,0.227,0.285285285,0.414473684,0.699758969,0.283505155,29.64071856,7.185628743,274,293,51,0.18771331058020477,0.8235294117647058,0.1568627450980392,0.0196078431372549,0.013651877133105802,0.07508532423208192,0.08873720136518772,0.05802047781569966,0.0034129692832764505,0.2764505119453925,0.0,0.0034129692832764505,0.0034129692832764505,0.013651877133105802,0.0034129692832764505,0.010238907849829351,0.201,0.247,0.281,0.528,0.268,27.6,5.8
288,Bryce Harper,PHI,75,459.9636364,546,100.92727273,0.23333333333333334,0.7049180328128738,0.2950819671871262,0.016393442627011527,0.04848484847985348,0.14545454545787545,0.1484848484798535,0.13636363635531135,0.01515151515201465,0.2121212120879121,0.009090909091575092,0.009090909091575092,0.003030303031135531,0.02424242424908425,0.00606060606043956,0.01818181818131868,0.278,0.37993921,0.525179856,0.905119066,0.312820513,21.21212121,13.63636364,457,546,113,0.2454212454212454,0.7345132743362832,0.25663716814159293,0.008849557522123894,0.038461538461538464,0.15384615384615385,0.13186813186813187,0.14652014652014653,0.014652014652014652,0.21794871794871795,0.009157509157509158,0.007326007326007326,0.0,0.020146520146520148,0.005494505494505495,0.014652014652014652,0.293,0.401,0.499,0.9,0.352,21.8,14.7
292,Gabriel Moreno,ARI,89,348.4307692,380,87.692307695,0.2492307692368421,0.7999999999315791,0.20000000001140353,0.013333333330292397,0.018461538460526318,0.11384615384210525,0.11692307692105264,0.06461538460526316,0.0,0.1630769230789474,0.012307692307894736,0.0061538461526315785,0.0030769230763157893,0.009230769231578949,0.0030769230763157893,0.0061538461526315785,0.273,0.326153846,0.39261745,0.718771296,0.31120332,16.30769231,6.461538462,341,380,90,0.25526315789473686,0.7777777777777778,0.2111111111111111,0.011111111111111112,0.018421052631578946,0.0868421052631579,0.13157894736842105,0.07631578947368421,0.0,0.19736842105263158,0.007894736842105263,0.018421052631578946,0.0,0.015789473684210527,0.005263157894736842,0.010526315789473684,0.284,0.339,0.408,0.747,0.338,19.7,7.6
294,Gavin Sheets,CHW,88,312.1481481,344,61.58024691,0.21913580247093023,0.7758620690467122,0.22413793111567762,0.0,0.04012345680232558,0.10493827159883722,0.12962962962209304,0.07407407406976745,0.0,0.2160493827034884,0.0061728395058139535,0.0061728395058139535,0.0030864197529069767,0.0030864197529069767,0.0,0.0030864197529069767,0.242,0.301242236,0.418367347,0.719609583,0.272300469,21.60493827,7.407407407,311,344,53,0.18313953488372092,0.8113207547169812,0.18867924528301888,0.0,0.029069767441860465,0.06976744186046512,0.125,0.08139534883720931,0.005813953488372093,0.19186046511627908,0.0029069767441860465,0.011627906976744186,0.0,0.0029069767441860465,0.0,0.0029069767441860465,0.203,0.267,0.331,0.599,0.222,19.2,8.1
295,Christian Arroyo,BOS,85,190.0557276,206,45.281733747000004,0.24458204334951458,0.746478873332438,0.22535211277496758,0.014084507045674977,0.0247678018592233,0.11145510834951457,0.11455108359223301,0.05263157893203883,0.0030959752330097087,0.19504643961165047,0.015479876160194176,0.006191950466019417,0.006191950466019417,0.012383900927184464,0.0030959752330097087,0.009287925694174757,0.265,0.313664596,0.402684564,0.71634916,0.310043668,19.50464396,5.263157895,195,206,44,0.22815533980582525,0.6363636363636364,0.36363636363636365,0.0,0.014563106796116505,0.11165048543689321,0.11650485436893204,0.03398058252427184,0.0,0.21844660194174756,0.0048543689320388345,0.009708737864077669,0.0048543689320388345,0.0048543689320388345,0.014563106796116505,-0.009708737864077669,0.241,0.268,0.369,0.638,0.295,21.8,3.4
296,Miguel Cabrera,DET,79,336.7801858,370,73.312693499,0.21981424148648648,0.8437500000029837,0.1562500000106564,0.0,0.021671826624324323,0.08359133127027027,0.10526315789189188,0.07120743035135135,0.003095975232432432,0.22600619194594596,0.006191950464864864,0.009287925697297297,0.0,0.003095975232432432,0.0,0.003095975232432432,0.241,0.298136646,0.346938776,0.645075421,0.294930876,22.6006192,7.120743034,334,370,82,0.23243243243243245,0.7560975609756098,0.24390243902439024,0.0,0.010810810810810811,0.05675675675675676,0.0918918918918919,0.08378378378378379,0.0,0.2,0.005405405405405406,0.008108108108108109,0.0,0.0,0.0,0.0,0.257,0.322,0.353,0.675,0.317,20.0,8.4
298,Will Brennan,CLE,76,416.1234177,455,103.67088611099999,0.24367088615384613,0.7499999997757327,0.22222222211290196,0.013888888886879325,0.01582278481098901,0.10443037973626373,0.10443037973626373,0.06962025316483517,0.0031645569626373624,0.14556962026373627,0.009493670885714286,0.006329113923076924,0.0031645569626373624,0.022151898725274725,0.006329113923076924,0.01582278481098901,0.266,0.32278481,0.37716263,0.69994744,0.3,14.55696203,6.962025316,432,455,110,0.25274725274725274,0.7818181818181819,0.21818181818181817,0.0,0.01098901098901099,0.09010989010989011,0.09010989010989011,0.035164835164835165,0.004395604395604396,0.12527472527472527,0.01098901098901099,0.004395604395604396,0.0,0.02857142857142857,0.01098901098901099,0.017582417582417582,0.266,0.299,0.356,0.655,0.296,12.5,3.5
301,Elehuris Montero,COL,77,278.0941558,307,58.808441560000006,0.22727272726384365,0.7288135592960949,0.25423728810677226,0.016949152546119603,0.03571428570032573,0.11038961039087948,0.12337662338762215,0.07467532469055374,0.0,0.24675324674267102,0.012987012986970683,0.006493506495114007,0.0032467532475570033,0.0032467532475570033,0.0,0.0032467532475570033,0.251,0.314935065,0.430107527,0.745042592,0.304123711,24.67532468,7.467532468,284,307,58,0.2247557003257329,0.7068965517241379,0.25862068965517243,0.034482758620689655,0.035830618892508145,0.13029315960912052,0.1270358306188925,0.048859934853420196,0.0,0.36156351791530944,0.016286644951140065,0.009771986970684038,0.0,0.0,0.0,0.0,0.243,0.29,0.426,0.716,0.352,36.2,4.9
302,Nolan Jones,COL,79,375.3442623,424,80.6295082,0.2196721311556604,0.741379310310614,0.24137931031061405,0.017241379304357457,0.02950819672169811,0.12459016393867924,0.11803278688679245,0.10163934426886793,0.0032786885235849056,0.2918032787735849,0.006557377049528302,0.0032786885235849056,0.0032786885235849056,0.009836065573113208,0.0032786885235849056,0.006557377049528302,0.247,0.328947368,0.407407407,0.736354776,0.335260116,29.18032787,10.16393443,367,424,89,0.25707547169811323,0.7078651685393258,0.24719101123595505,0.0449438202247191,0.04716981132075472,0.14150943396226415,0.14622641509433962,0.125,0.007075471698113208,0.2971698113207547,0.007075471698113208,0.0023584905660377358,0.0,0.04716981132075472,0.009433962264150943,0.03773584905660377,0.297,0.389,0.542,0.931,0.401,29.7,12.5
303,Austin Hedges,PIT,84,188.9108911,212,30.085808584,0.1683168316981132,0.8139534881247386,0.18604651160935537,0.0,0.026402640264150942,0.08580858084905661,0.08910891089622641,0.06930693070754718,0.0,0.2508250825,0.013201320132075471,0.0066006600660377356,0.01650165016509434,0.0066006600660377356,0.0033003300330188678,0.0033003300330188678,0.189,0.255892256,0.307407407,0.563299663,0.228723404,25.08250825,6.930693069,185,212,33,0.16037735849056603,0.8484848484848485,0.15151515151515152,0.0,0.0047169811320754715,0.0660377358490566,0.07547169811320754,0.05188679245283019,0.0,0.22169811320754718,0.009433962264150943,0.014150943396226415,0.04716981132075472,0.0047169811320754715,0.0,0.0047169811320754715,0.184,0.234,0.227,0.461,0.236,22.2,5.2
305,Jesus Sanchez,MIA,75,363.397351,402,71.88079470000001,0.21523178808457713,0.740740740725283,0.22222222217584914,0.03703703704322011,0.03642384106965174,0.1125827814676617,0.12582781457711442,0.07947019868159204,0.0033112582786069653,0.2615894039800995,0.009933774833333334,0.0066225165572139305,0.0,0.0066225165572139305,0.0033112582786069653,0.0033112582786069653,0.237,0.304635762,0.417582418,0.722218179,0.291891892,26.1589404,7.947019868,360,402,77,0.2263681592039801,0.6623376623376623,0.2987012987012987,0.03896103896103896,0.03482587064676617,0.10696517412935323,0.12935323383084577,0.0945273631840796,0.0024875621890547263,0.26616915422885573,0.004975124378109453,0.0024875621890547263,0.0024875621890547263,0.007462686567164179,0.0024875621890547263,0.004975124378109453,0.253,0.327,0.45,0.777,0.321,26.6,9.5
307,Reese McGuire,BOS,85,186.7733333,206,42.573333333,0.22,0.741935483955073,0.22580645160684157,0.016129032266020426,0.013333333334951456,0.09333333334951456,0.08,0.05666666665048544,0.0,0.20666666665048541,0.01,0.006666666665048543,0.016666666665048544,0.0033333333349514563,0.0033333333349514563,0.0,0.241,0.292517007,0.341911765,0.634428772,0.298076923,20.66666667,5.666666667,187,206,49,0.24271844660194175,0.7346938775510204,0.24489795918367346,0.02040816326530612,0.0048543689320388345,0.07281553398058252,0.07766990291262135,0.05339805825242718,0.0,0.25728155339805825,0.0048543689320388345,0.0048543689320388345,0.009708737864077669,0.009708737864077669,0.0048543689320388345,0.0048543689320388345,0.267,0.31,0.358,0.668,0.366,25.7,5.3
308,Gary Sanchez,,78,235.85,267,36.49,0.18000000000000002,0.7317073170731707,0.26829268292682923,0.0,0.043333333333333335,0.11,0.13,0.09666666666666666,0.0,0.29333333333333333,0.013333333333333334,0.006666666666666667,0.0,0.0033333333333333335,0.0,0.0033333333333333335,0.205,0.29,0.39245283,0.68245283,0.246987952,29.33333333,9.666666667,240,267,33,0.1947565543071161,0.7272727272727273,0.2727272727272727,0.0,0.07116104868913857,0.12359550561797752,0.1760299625468165,0.07865168539325842,0.0,0.250936329588015,0.0149812734082397,0.00749063670411985,0.0,0.0,0.0,0.0,0.217,0.288,0.492,0.78,0.212,25.1,7.9
309,Emmanuel Rivera,ARI,79,258.4733333,283,55.65666667,0.22666666667844523,0.7288135592184936,0.23728813563889992,0.03389830508870466,0.030000000000000002,0.11333333332155476,0.10666666667844524,0.06666666667844523,0.0,0.22333333332155478,0.01,0.003333333332155477,0.003333333332155477,0.0066666666678445235,0.003333333332155477,0.003333333332155477,0.246,0.305369128,0.412408759,0.717777887,0.296482412,22.33333333,6.666666667,257,283,63,0.23674911660777384,0.7936507936507936,0.20634920634920634,0.0,0.014134275618374558,0.11307420494699646,0.10247349823321555,0.07773851590106007,0.0,0.1978798586572438,0.0,0.014134275618374558,0.0,0.0035335689045936395,0.0,0.0035335689045936395,0.261,0.314,0.358,0.672,0.313,19.8,7.8
311,Alex Call,WSN,80,386.1438127,439,77.81605351,0.20401337792710708,0.7169811320851703,0.24528301885095175,0.01886792453193891,0.02675585284738041,0.11705685619589978,0.10367892977220958,0.09698996656036446,0.0,0.21739130435079726,0.016722408027334854,0.006688963209567198,0.003344481605922551,0.0200668896309795,0.006688963209567198,0.013377926421412301,0.232,0.317725753,0.376425856,0.694151608,0.276041667,21.73913043,9.698996656,375,439,67,0.17084282460136674,0.7761194029850746,0.208955223880597,0.014925373134328358,0.018223234624145785,0.0979498861047836,0.08656036446469248,0.12072892938496584,0.0,0.1776765375854214,0.01366742596810934,0.004555808656036446,0.00683371298405467,0.02050113895216401,0.018223234624145785,0.002277904328018223,0.2,0.307,0.307,0.614,0.23,17.8,12.1
312,Christian Bethancourt,TBR,82,310.8322148,332,63.5033557,0.22483221475903614,0.7719298246470461,0.2280701755104258,0.0,0.033557046987951804,0.10402684563253012,0.11409395972891566,0.04697986578313253,0.0,0.24496644295180722,0.0067114093945783125,0.0067114093945783125,0.0033557046987951807,0.013422818792168674,0.0033557046987951807,0.010067114093373495,0.24,0.279461279,0.394265233,0.673726512,0.287878788,24.4966443,4.697986577,315,332,60,0.21385542168674698,0.7333333333333333,0.26666666666666666,0.0,0.03313253012048193,0.14759036144578314,0.09939759036144578,0.0391566265060241,0.0,0.2740963855421687,0.0,0.009036144578313253,0.0030120481927710845,0.0030120481927710845,0.0,0.0030120481927710845,0.225,0.254,0.381,0.635,0.278,27.4,3.9
313,Ji Hwan Bae,PIT,75,336.023569,371,81.19528619299999,0.2323232323180593,0.753846153882723,0.215384615412658,0.030769230766199144,0.013468013469002695,0.11784511784366578,0.09090909091644206,0.0774410774393531,0.003367003366576819,0.19191919191374665,0.006734006733153638,0.006734006733153638,0.003367003366576819,0.04377104377358491,0.010101010099730459,0.0336700336657682,0.258,0.317567568,0.36802974,0.685597307,0.30952381,19.19191919,7.744107744,334,371,75,0.20754716981132076,0.7466666666666667,0.22666666666666666,0.02666666666666667,0.005390835579514825,0.14555256064690028,0.0862533692722372,0.08086253369272237,0.0,0.24797843665768193,0.005390835579514825,0.005390835579514825,0.008086253369272238,0.0646900269541779,0.02425876010781671,0.04043126684636118,0.231,0.296,0.311,0.608,0.31,24.8,8.1
315,Yan Gomes,CHC,78,390.3013699,419,84.66095890999999,0.22945205479713604,0.7627118643747477,0.2203389830468435,0.016949152542973484,0.027397260262529834,0.09931506849642005,0.11301369863961815,0.047945205489260144,0.003424657534606205,0.18835616439140812,0.013698630136038186,0.010273972603818616,0.003424657534606205,0.003424657534606205,0.003424657534606205,0.0,0.246,0.290102389,0.389705882,0.679808271,0.278301887,18.83561644,4.794520548,382,419,92,0.24343675417661098,0.7608695652173914,0.21739130434782608,0.021739130434782608,0.02386634844868735,0.10501193317422435,0.15035799522673032,0.050119331742243436,0.002386634844868735,0.19331742243436753,0.021479713603818614,0.016706443914081145,0.0,0.002386634844868735,0.0,0.002386634844868735,0.267,0.315,0.408,0.723,0.309,19.3,5.0
316,Connor Joe,PIT,72,405.7260274,472,88.904109589,0.20547945205508475,0.7454545454240733,0.21818181813723492,0.018181818179977587,0.01712328767161017,0.10958904110169491,0.08904109588983052,0.11643835616525423,0.0,0.2157534245762712,0.013698630137711864,0.00684931506779661,0.003424657533898305,0.010273972601694915,0.003424657533898305,0.00684931506779661,0.237,0.336769759,0.35059761,0.687367369,0.297297297,21.57534247,11.64383562,413,472,91,0.21610169491525424,0.6153846153846154,0.34065934065934067,0.04395604395604396,0.023305084745762712,0.13347457627118645,0.08898305084745763,0.1059322033898305,0.0,0.2330508474576271,0.01694915254237288,0.00211864406779661,0.0,0.006355932203389831,0.01059322033898305,-0.00423728813559322,0.247,0.339,0.421,0.76,0.311,23.3,10.6
319,Josh Lowe,TBR,72,447.0729167,501,88.71874997,0.2013888888223553,0.7058823531798686,0.25490196083293615,0.019607843140128048,0.024305555548902198,0.11111111111776446,0.10763888888223554,0.09375,0.003472222221556886,0.3263888888223553,0.00694444444510978,0.00694444444510978,0.003472222221556886,0.027777777784431138,0.00694444444510978,0.020833333333333332,0.225,0.302083333,0.361867704,0.663951038,0.32278481,32.63888889,9.375,466,501,116,0.2714570858283433,0.6982758620689655,0.28448275862068967,0.017241379310344827,0.03992015968063872,0.14171656686626746,0.1656686626746507,0.06187624750499002,0.003992015968063872,0.24750499001996007,0.001996007984031936,0.005988023952095809,0.0,0.06387225548902195,0.005988023952095809,0.05788423153692615,0.292,0.335,0.5,0.835,0.357,24.8,6.2
320,Orlando Arcia,ATL,76,482.6818182,533,100.63636362999999,0.22027972026266415,0.796296296382783,0.20370370371658472,0.0,0.031468531463414634,0.11188811189493433,0.11538461538461539,0.08041958041275797,0.003496503497185741,0.19930069924953095,0.006993006992495309,0.006993006992495309,0.003496503497185741,0.006993006992495309,0.003496503497185741,0.003496503497185741,0.243,0.307692308,0.38996139,0.697653698,0.276923077,19.93006993,8.041958042,488,533,112,0.24202626641651032,0.7767857142857143,0.22321428571428573,0.0,0.03189493433395872,0.12382739212007504,0.12195121951219512,0.07317073170731707,0.0,0.19136960600375236,0.005628517823639775,0.005628517823639775,0.0,0.001876172607879925,0.0,0.001876172607879925,0.264,0.321,0.42,0.741,0.301,19.1,7.3
321,Nick Fortes,MIA,76,291.0424028,323,59.34982331999999,0.21554770318885447,0.7692307692955742,0.21153846157734443,0.01923076922817704,0.03180212015479877,0.11307420495356038,0.11307420495356038,0.07420494699690403,0.0,0.18374558303405572,0.017667844523219817,0.0035335689040247678,0.0,0.014134275619195048,0.0070671378080495355,0.0070671378080495355,0.24,0.308510638,0.396078431,0.70458907,0.266666667,18.3745583,7.4204947,294,323,54,0.18575851393188855,0.8148148148148148,0.18518518518518517,0.0,0.018575851393188854,0.1021671826625387,0.0804953560371517,0.05263157894736842,0.0,0.1826625386996904,0.021671826625386997,0.006191950464396285,0.009287925696594427,0.01238390092879257,0.006191950464396285,0.006191950464396285,0.204,0.263,0.299,0.562,0.234,18.3,5.3
322,Taylor Walls,TBR,75,305.6843972,349,55.691489358000005,0.17730496452722064,0.7111111111685704,0.2666666666882139,0.02222222221503979,0.017730496452722063,0.11347517730659025,0.08865248226361032,0.10992907802292264,0.0035460992893982806,0.26241134750716333,0.0035460992893982806,0.007092198581661891,0.0035460992893982806,0.024822695034383953,0.010638297871060172,0.014184397163323781,0.203,0.291814947,0.319838057,0.611653003,0.264705882,26.24113475,10.9929078,303,349,53,0.17478510028653296,0.7358490566037735,0.22641509433962265,0.03773584905660377,0.022922636103151862,0.14326647564469913,0.10315186246418338,0.12607449856733524,0.0,0.2636103151862464,0.0028653295128939827,0.0,0.0028653295128939827,0.06303724928366762,0.0028653295128939827,0.06017191977077364,0.201,0.305,0.333,0.638,0.261,26.4,12.6
323,Kyle Farmer,MIN,73,336.1708185,369,76.163701071,0.2277580071273713,0.7586206896135198,0.22413793106096833,0.01724137931238218,0.02135231316802168,0.10320284696476964,0.10676156582655826,0.05338078292682927,0.0,0.18149466192411925,0.02135231316802168,0.007117437723577235,0.0035587188617886177,0.007117437723577235,0.0035587188617886177,0.0035587188617886177,0.249,0.304659498,0.37890625,0.683565748,0.288557214,18.14946619,5.338078292,336,369,75,0.23306233062330622,0.7866666666666666,0.18666666666666668,0.02666666666666667,0.02981029810298103,0.13279132791327913,0.12466124661246612,0.06233062330623306,0.0,0.23306233062330622,0.02168021680216802,0.005420054200542005,0.0,0.005420054200542005,0.01084010840108401,-0.005420054200542005,0.256,0.317,0.408,0.725,0.311,23.3,6.2
324,Josh H. Smith,TEX,72,201.2329749,232,43.240143367,0.2043010752586207,0.7500000001098516,0.23076923078879946,0.01923076924010884,0.017921146952586207,0.11111111112068967,0.08960573478448276,0.09677419353448276,0.0,0.2078853046551724,0.021505376344827586,0.007168458780172414,0.007168458780172414,0.017921146952586207,0.007168458780172414,0.010752688172413793,0.237,0.324909747,0.355371901,0.680281648,0.287292818,20.78853047,9.677419355,195,232,30,0.15517241379310345,0.7,0.26666666666666666,0.03333333333333333,0.02586206896551724,0.125,0.06465517241379311,0.10775862068965517,0.0,0.23706896551724138,0.03879310344827586,0.004310344827586207,0.008620689655172414,0.004310344827586207,0.0,0.004310344827586207,0.185,0.304,0.328,0.633,0.222,23.7,10.8
325,Mauricio Dubon,HOU,79,452.7826087,492,98.04347823,0.224637681097561,0.8000000002651885,0.20000000004079824,0.018181818191090507,0.025362318841463415,0.10869565217479675,0.10144927536585366,0.05797101449186992,0.003623188406504065,0.15942028985772358,0.00724637681097561,0.010869565217479674,0.00724637681097561,0.01449275362398374,0.00724637681097561,0.00724637681097561,0.245,0.290909091,0.381889764,0.672798855,0.266990291,15.94202899,5.797101449,467,492,120,0.26422764227642276,0.7583333333333333,0.21666666666666667,0.025,0.02032520325203252,0.15447154471544716,0.09349593495934959,0.03861788617886179,0.0,0.14227642276422764,0.006097560975609756,0.006097560975609756,0.0,0.014227642276422764,0.0040650406504065045,0.01016260162601626,0.278,0.309,0.411,0.72,0.308,14.2,3.9
328,Austin Slater,SFG,77,178.9450549,207,39.428571432,0.2161172161352657,0.7692307691722408,0.2115384615287068,0.019230769222965443,0.025641025642512076,0.13186813188405797,0.0952380952173913,0.10989010990338165,0.0,0.26373626371980674,0.014652014652173912,0.003663003661835749,0.003663003661835749,0.03663003662801932,0.010989010990338166,0.025641025642512076,0.25,0.343173432,0.394067797,0.737241228,0.329113924,26.37362637,10.98901099,185,207,45,0.24154589371980675,0.8,0.2,0.0,0.024154589371980676,0.11594202898550725,0.0966183574879227,0.0966183574879227,0.0,0.28019323671497587,0.00966183574879227,0.0,0.0,0.00966183574879227,0.00966183574879227,0.0,0.27,0.348,0.4,0.748,0.369,28.0,9.7
330,Trevor Larnach,MIN,70,187.6592593,212,36.903703704,0.19999999999999998,0.7446808510177062,0.2553191489280986,0.0,0.0259259259245283,0.10740740740566038,0.10370370372641509,0.09629629627358491,0.0037037037028301886,0.3148148148113208,0.011111111113207547,0.007407407405660377,0.0,0.0037037037028301886,0.0,0.0037037037028301886,0.228,0.307407407,0.364016736,0.671424144,0.315436242,31.48148148,9.62962963,183,212,31,0.18396226415094338,0.6774193548387096,0.22580645161290322,0.0967741935483871,0.03773584905660377,0.12264150943396226,0.18867924528301888,0.12735849056603774,0.0047169811320754715,0.33962264150943394,0.0,0.009433962264150943,0.0,0.0047169811320754715,0.0047169811320754715,0.0,0.213,0.311,0.415,0.727,0.295,34.0,12.7
331,Stuart Fairchild,CIN,78,228.358209,255,43.768656714,0.2052238805882353,0.7173913043567663,0.2608695652829534,0.021739130428822417,0.03358208955294118,0.11194029850980393,0.10820895521568628,0.07835820894117647,0.003731343282352941,0.28358208956862746,0.022388059701960786,0.003731343282352941,0.0,0.014925373133333334,0.003731343282352941,0.011194029850980393,0.23,0.305970149,0.4,0.705970149,0.294871795,28.35820896,7.835820896,219,255,45,0.19607843137254902,0.6,0.35555555555555557,0.044444444444444446,0.0196078431372549,0.13333333333333333,0.10980392156862745,0.09803921568627451,0.0,0.27058823529411763,0.023529411764705882,0.00784313725490196,0.011764705882352941,0.0392156862745098,0.011764705882352941,0.027450980392156862,0.228,0.321,0.388,0.71,0.306,27.1,9.8
333,Donovan Solano,MIN,68,412.6415094,450,105.28301886999999,0.24905660377777777,0.7741935483503295,0.2258064516496705,0.0,0.015094339622222223,0.09811320755555557,0.09811320755555557,0.060377358488888894,0.003773584906666667,0.18867924528888888,0.015094339622222223,0.007547169811111112,0.0,0.0,0.0,0.0,0.273,0.324528302,0.378600823,0.703129125,0.32460733,18.86792453,6.037735849,394,450,106,0.24666666666666667,0.7452830188679245,0.24528301886792453,0.009433962264150943,0.011111111111111112,0.09555555555555556,0.08444444444444445,0.08888888888888889,0.0022222222222222222,0.2222222222222222,0.03333333333333333,0.0022222222222222222,0.0,0.0,0.0,0.0,0.282,0.369,0.391,0.76,0.366,22.2,8.9
337,Cavan Biggio,TOR,68,287.4942529,338,54.390804599999996,0.18773946360946744,0.7142857142069194,0.26190476193102685,0.02380952380689732,0.026819923372781065,0.12260536399408284,0.09961685822485207,0.12643678159763314,0.0,0.2643678160946746,0.011494252872781066,0.00766283524852071,0.003831417624260355,0.011494252872781066,0.003831417624260355,0.00766283524852071,0.219,0.326923077,0.373873874,0.700796951,0.283783784,26.43678161,12.64367816,289,338,59,0.20118343195266272,0.7966101694915254,0.2033898305084746,0.0,0.026627218934911243,0.15976331360946747,0.11834319526627218,0.11834319526627218,0.0,0.2603550295857988,0.020710059171597635,0.005917159763313609,0.0,0.014792899408284023,0.005917159763313609,0.008875739644970414,0.235,0.34,0.37,0.71,0.304,26.0,11.8
338,James McCann,BAL,71,206.6536965,226,41.330739297,0.21011673150442478,0.8085106382896357,0.19148936171036426,0.02127659574828437,0.027237354084070797,0.10116731517699115,0.10505836575221239,0.06614785991150443,0.0,0.2645914396902655,0.011673151752212391,0.007782101168141592,0.003891050584070796,0.007782101168141592,0.003891050584070796,0.003891050584070796,0.231,0.287937743,0.370212766,0.658150509,0.290123457,26.45914397,6.614785992,207,226,40,0.20353982300884957,0.65,0.35,0.0,0.02654867256637168,0.11061946902654868,0.11504424778761062,0.03982300884955752,0.0,0.252212389380531,0.022123893805309734,0.008849557522123894,0.01327433628318584,0.01327433628318584,0.004424778761061947,0.008849557522123894,0.222,0.269,0.377,0.646,0.274,25.2,4.0
339,Victor Caratini,MIL,74,198.5254902,226,39.882352941,0.2039215686283186,0.7777777777025565,0.19999999999498524,0.0,0.02745098039380531,0.09803921570796459,0.10980392154867256,0.09803921570796459,0.003921568628318584,0.21960784314159293,0.015686274508849556,0.007843137256637168,0.003921568628318584,0.003921568628318584,0.0,0.003921568628318584,0.231,0.317647059,0.361607143,0.679254202,0.27607362,21.96078431,9.803921569,201,226,45,0.23008849557522124,0.9111111111111111,0.08888888888888889,0.0,0.030973451327433628,0.10176991150442478,0.11061946902654868,0.084070796460177,0.0,0.19911504424778761,0.01327433628318584,0.01327433628318584,0.0,0.004424778761061947,0.004424778761061947,0.0,0.259,0.327,0.383,0.711,0.296,19.9,8.4
343,Nick Pratto,KCR,62,300.6626506,345,52.650602410000005,0.18473895582608696,0.6842105263957604,0.2631578947968204,0.02631578947968204,0.032128514057971014,0.1124497991884058,0.1124497991884058,0.10441767069565216,0.0,0.3293172689855072,0.012048192771014493,0.008032128513043479,0.004016064257971015,0.008032128513043479,0.004016064257971015,0.004016064257971015,0.211,0.302419355,0.373271889,0.675691244,0.294573643,32.93172691,10.44176707,306,345,64,0.20579710144927535,0.75,0.25,0.0,0.020289855072463767,0.09565217391304348,0.10144927536231885,0.08405797101449275,0.0,0.4,0.017391304347826087,0.011594202898550725,0.0,0.002898550724637681,0.002898550724637681,0.0,0.232,0.307,0.353,0.66,0.388,40.0,8.4
345,Ryan Jeffers,MIN,68,301.0931174,335,52.89473683999999,0.19433198379104477,0.7435897437012374,0.25641025648781735,0.025641025648781735,0.03643724695522388,0.10526315788059702,0.11336032388059702,0.08502024292537314,0.0,0.2793522267164179,0.012145748988059701,0.004048582997014925,0.004048582997014925,0.0,0.0,0.0,0.217,0.291497976,0.396396396,0.687894372,0.268965517,27.93522267,8.502024291,286,335,65,0.23582089552238805,0.7384615384615385,0.23076923076923078,0.03076923076923077,0.041791044776119404,0.1373134328358209,0.12835820895522387,0.09850746268656717,0.0029850746268656717,0.27761194029850744,0.029850746268656716,0.005970149253731343,0.011940298507462687,0.008955223880597015,0.005970149253731343,0.0029850746268656717,0.276,0.369,0.49,0.858,0.359,27.8,9.9
348,Anthony Volpe,NYY,58,533.6680498,601,107.2323651,0.2033195019966722,0.6976744189147798,0.2790697675286097,0.0232558139669345,0.024896265557404325,0.11618257261231281,0.10373443983361065,0.08713692946755407,0.0,0.2199170124792013,0.016597510372712145,0.008298755186356073,0.004149377594009983,0.041493775940099835,0.008298755186356073,0.03319502074875208,0.23,0.307053942,0.378504673,0.685558615,0.27388535,21.99170124,8.713692946,541,601,92,0.18801996672212978,0.7065217391304348,0.25,0.043478260869565216,0.03494176372712146,0.10316139767054909,0.09983361064891846,0.08652246256239601,0.0,0.2778702163061564,0.008319467554076539,0.0033277870216306157,0.0016638935108153079,0.03993344425956739,0.008319467554076539,0.03161397670549085,0.209,0.283,0.383,0.666,0.259,27.8,8.7
350,Ezequiel Duran,TEX,62,409.7333333,439,84.14166667,0.21666666667425968,0.717391304319406,0.26086956520705673,0.02173913043788297,0.024999999999999998,0.10833333332574033,0.10833333332574033,0.05416666667425968,0.0,0.2541666667425968,0.008333333332574031,0.004166666667425968,0.004166666667425968,0.020833333332574033,0.008333333332574031,0.012499999999999999,0.234,0.279166667,0.375,0.654166667,0.291139241,25.41666667,5.416666667,406,439,98,0.255125284738041,0.7551020408163265,0.22448979591836735,0.02040816326530612,0.03189066059225513,0.1252847380410023,0.10478359908883828,0.05239179954441914,0.002277904328018223,0.2733485193621868,0.015945330296127564,0.004555808656036446,0.002277904328018223,0.018223234624145785,0.009111617312072893,0.009111617312072893,0.276,0.324,0.443,0.768,0.358,27.3,5.2
351,Mike Moustakas,COL,62,344.1833333,386,61.11666665999999,0.19166666665803106,0.736842105288993,0.26315789471100715,0.0,0.03333333334196891,0.10416666665803109,0.11249999999999999,0.08333333334196891,0.004166666665803109,0.2375,0.0125,0.00833333333419689,0.0,0.004166666665803109,0.0,0.004166666665803109,0.216,0.288702929,0.373831776,0.662534705,0.251655629,23.75,8.333333333,352,386,75,0.22538860103626943,0.8,0.2,0.0,0.031088082901554404,0.11139896373056994,0.12435233160621761,0.05958549222797927,0.0025906735751295338,0.24611398963730569,0.007772020725388601,0.02072538860103627,0.0,0.0,0.0,0.0,0.247,0.293,0.392,0.685,0.296,24.6,6.0
352,Bo Naylor,CLE,67,203.0543933,230,38.493723846,0.19665271965217393,0.7250000000428641,0.2500000000129891,0.02499999999610326,0.02928870293043478,0.10878661086956522,0.11297071130434783,0.10041841004347826,0.0,0.2928870293043478,0.008368200834782609,0.004184100417391304,0.0,0.016736401673913045,0.004184100417391304,0.01255230125652174,0.223,0.306722689,0.379146919,0.685869609,0.296296296,29.28870293,10.041841,198,230,36,0.20434782608695654,0.6388888888888888,0.3611111111111111,0.0,0.04782608695652174,0.14347826086956522,0.1391304347826087,0.13043478260869565,0.004347826086956522,0.23043478260869565,0.004347826086956522,0.004347826086956522,0.0,0.021739130434782608,0.0,0.021739130434782608,0.237,0.339,0.47,0.809,0.267,23.0,13.0
355,Jake Meyers,HOU,62,310.1336207,341,66.142241379,0.2155172413782991,0.7555555555434604,0.22222222219198437,0.022222222219198437,0.021551724137829912,0.1077586207038123,0.1077586207038123,0.06465517240469208,0.0,0.28017241378299124,0.012931034483870969,0.008620689653958945,0.0043103448269794726,0.01724137931085044,0.0043103448269794726,0.012931034483870969,0.238,0.294372294,0.36492891,0.659301204,0.314685315,28.01724138,6.465517241,309,341,60,0.20527859237536658,0.7166666666666667,0.26666666666666666,0.016666666666666666,0.02932551319648094,0.12316715542521994,0.0967741935483871,0.07624633431085044,0.0,0.25806451612903225,0.01466275659824047,0.002932551319648094,0.0,0.01466275659824047,0.005865102639296188,0.008797653958944282,0.227,0.296,0.382,0.678,0.283,25.8,7.6
361,Geraldo Perdomo,ARI,62,433.4,495,88.0,0.1911111111111111,0.8,0.17500000000000002,0.025,0.013333333333333332,0.10666666666666666,0.08,0.09777777777777777,0.0,0.2088888888888889,0.013333333333333332,0.0044444444444444444,0.013333333333333332,0.017777777777777778,0.008888888888888889,0.008888888888888889,0.221,0.304932735,0.30964467,0.614577405,0.27027027,20.88888889,9.777777778,407,495,94,0.20202020202020202,0.7446808510638298,0.2127659574468085,0.0425531914893617,0.012121212121212121,0.14343434343434344,0.09494949494949495,0.1292929292929293,0.00202020202020202,0.17373737373737375,0.012121212121212121,0.00808080808080808,0.028282828282828285,0.03232323232323232,0.00808080808080808,0.024242424242424242,0.246,0.353,0.359,0.712,0.295,17.4,12.9
362,Ildemaro Vargas,WSN,62,268.2044444,286,59.742222227,0.22222222223776225,0.7446808510228736,0.2340425531355754,0.02127659574111945,0.013333333332167832,0.09333333332167833,0.08888888888111887,0.048888888881118885,0.004444444444055944,0.13333333332167832,0.004444444444055944,0.008888888888111887,0.004444444444055944,0.013333333332167832,0.004444444444055944,0.008888888888111887,0.237,0.275555556,0.341232227,0.616787783,0.261111111,13.33333333,4.888888889,262,286,62,0.23076923076923078,0.7580645161290323,0.20967741935483872,0.03225806451612903,0.013986013986013986,0.11188811188811189,0.10839160839160839,0.06643356643356643,0.0,0.06993006993006994,0.0034965034965034965,0.0034965034965034965,0.01048951048951049,0.0034965034965034965,0.0034965034965034965,0.0,0.252,0.304,0.363,0.666,0.259,7.0,6.6
363,Ryan Noda,OAK,57,429.0,495,70.39999999999999,0.17333333333333334,0.75,0.28125000000000006,0.0,0.03111111111111111,0.09777777777777777,0.10222222222222223,0.10666666666666666,0.0044444444444444444,0.3333333333333333,0.017777777777777778,0.0044444444444444444,0.0044444444444444444,0.013333333333333332,0.0044444444444444444,0.008888888888888889,0.201,0.299107143,0.358974359,0.658081502,0.280701754,33.33333333,10.66666667,406,495,77,0.18787878787878787,0.7012987012987013,0.2857142857142857,0.012987012987012988,0.03232323232323232,0.12727272727272726,0.10909090909090909,0.15555555555555556,0.00202020202020202,0.3434343434343434,0.020202020202020204,0.00404040404040404,0.0,0.006060606060606061,0.00202020202020202,0.00404040404040404,0.229,0.364,0.406,0.77,0.347,34.3,15.6
364,Kyle Higashioka,NYY,64,240.2678571,260,40.625,0.20089285715384617,0.7714285713230769,0.2571428571076923,0.0,0.04464285715384615,0.10267857142307692,0.12946428573076924,0.05803571426923077,0.0,0.24107142857692307,0.004464285715384615,0.008928571426923078,0.004464285715384615,0.0,0.0,0.0,0.22,0.264573991,0.410628019,0.67520201,0.24137931,24.10714286,5.803571429,242,260,47,0.21923076923076923,0.723404255319149,0.2765957446808511,0.0,0.038461538461538464,0.09230769230769231,0.13076923076923078,0.05384615384615385,0.0,0.2846153846153846,0.0,0.011538461538461539,0.0038461538461538464,0.0,0.0,0.0,0.236,0.274,0.413,0.687,0.292,28.5,5.4
365,Royce Lewis,MIN,55,218.4524887,239,48.665158367000004,0.23076923075313807,0.7111111111366827,0.26666666677899886,0.022222222228158478,0.027149321267782425,0.12217194569037658,0.10407239820083682,0.06787330317991631,0.0,0.20361990949790795,0.009049773757322176,0.004524886878661088,0.0,0.027149321267782425,0.004524886878661088,0.022624434389121338,0.254,0.309090909,0.410891089,0.719981998,0.296052632,20.36199095,6.787330317,217,239,52,0.2803347280334728,0.8653846153846154,0.1346153846153846,0.0,0.06276150627615062,0.1506276150627615,0.2175732217573222,0.08368200836820083,0.0,0.2301255230125523,0.008368200836820083,0.0,0.0,0.02510460251046025,0.0041841004184100415,0.02092050209205021,0.309,0.372,0.548,0.921,0.354,23.0,8.4
369,James Outman,LAD,53,508.9813953,567,92.30232558,0.2,0.7142857143166684,0.2571428571366663,0.028571428568333154,0.03720930232804233,0.12093023255731923,0.12093023255731923,0.08372093022927689,0.0,0.3348837209876543,0.013953488372134039,0.004651162790123457,0.004651162790123457,0.013953488372134039,0.004651162790123457,0.009302325582010582,0.222,0.297674419,0.404145078,0.701819496,0.307017544,33.48837209,8.372093023,483,567,97,0.21164021164021163,0.8041237113402062,0.16494845360824742,0.030927835051546393,0.04056437389770723,0.15167548500881833,0.12345679012345678,0.11992945326278659,0.001763668430335097,0.31922398589065254,0.021164021164021163,0.007054673721340388,0.0,0.02821869488536155,0.005291005291005291,0.02292768959435626,0.248,0.353,0.437,0.79,0.343,31.9,12.0
372,Paul DeJong,STL,60,356.1904762,400,59.04761905,0.185714285725,0.7419354838491156,0.2580645161508845,0.0,0.0380952381,0.11428571427499999,0.1238095238,0.085714285725,0.0,0.28571428574999996,0.014285714284999999,0.009523809525,0.0,0.009523809525,0.0047619047625,0.0047619047625,0.21,0.285714286,0.379679144,0.66539343,0.256198347,28.57142857,8.571428571,372,400,63,0.1925,0.7936507936507936,0.20634920634920634,0.0,0.035,0.1025,0.095,0.0525,0.0,0.3025,0.0125,0.005,0.0,0.01,0.01,0.0,0.207,0.258,0.355,0.612,0.264,30.3,5.3
373,Stone Garrett,WSN,56,252.9333333,271,46.457142860000005,0.2095238095202952,0.6944444443607352,0.2777777776581932,0.02777777776581932,0.03809523808118081,0.10952380952029521,0.11904761904059041,0.04761904760147602,0.004761904760147601,0.3,0.00952380952398524,0.00952380952398524,0.0,0.023809523808118082,0.004761904760147601,0.01904761904797048,0.224,0.266666667,0.408163265,0.674829932,0.283464567,30.0,4.761904762,234,271,54,0.23247232472324722,0.6851851851851852,0.3148148148148148,0.0,0.033210332103321034,0.14760147601476015,0.14760147601476015,0.0959409594095941,0.0,0.3025830258302583,0.01107011070110701,0.01845018450184502,0.0,0.01107011070110701,0.0036900369003690036,0.007380073800738007,0.269,0.343,0.457,0.801,0.365,30.3,9.6
375,Jake Burger,CHW,53,493.492823,540,95.59808608,0.2200956937037037,0.7567567571327679,0.21621621632364796,0.02702702703522577,0.04306220096296297,0.11004784688888888,0.12918660287037037,0.06220095694444444,0.004784688994444445,0.28229665074074073,0.014354066985185186,0.004784688994444445,0.004784688994444445,0.0,0.0,0.0,0.241,0.298076923,0.434554974,0.732631897,0.298387097,28.22966507,6.220095694,492,540,89,0.22777777777777777,0.6741573033707865,0.3146067415730337,0.011235955056179775,0.06296296296296296,0.13148148148148148,0.14814814814814814,0.05925925925925926,0.0,0.2759259259259259,0.022222222222222223,0.007407407407407408,0.0,0.001851851851851852,0.001851851851851852,0.0,0.25,0.309,0.518,0.828,0.284,27.6,5.9
376,Endy Rodriguez,PIT,54,184.3846154,204,41.192307695,0.23076923078431372,0.6904761903750389,0.28571428571428575,0.023809523813569874,0.028846153848039215,0.1105769230882353,0.12019230769607843,0.0769230769117647,0.00480769230882353,0.19711538460784314,0.00961538461764706,0.00480769230882353,0.00480769230882353,0.00480769230882353,0.0,0.00480769230882353,0.256,0.31884058,0.425531915,0.744372495,0.295774648,19.71153846,7.692307692,186,204,38,0.20098039215686275,0.7631578947368421,0.18421052631578946,0.05263157894736842,0.014705882352941176,0.1323529411764706,0.06372549019607843,0.08333333333333333,0.0,0.24019607843137256,0.0,0.004901960784313725,0.0,0.0,0.0,0.0,0.22,0.284,0.328,0.612,0.281,24.0,8.3
377,Austin Barnes,LAD,57,173.6585366,200,33.170731703,0.1951219512,0.7941176470224697,0.20588235297753027,0.0,0.029268292685000002,0.1268292683,0.11219512195,0.1024390244,0.00487804878,0.20975609755000002,0.014634146340000001,0.00487804878,0.00975609756,0.00975609756,0.00487804878,0.00487804878,0.225,0.315270936,0.365168539,0.680439475,0.261538462,20.97560976,10.24390244,178,200,30,0.16,0.8333333333333334,0.16666666666666666,0.0,0.01,0.075,0.055,0.085,0.0,0.215,0.01,0.01,0.005,0.01,0.005,0.005,0.18,0.256,0.242,0.498,0.222,21.5,8.5
378,Edmundo Sosa,PHI,59,276.2376238,300,60.89108911100001,0.22277227723333334,0.7804878049293197,0.19512195123232992,0.04878048780808248,0.01980198019666667,0.1188118812,0.10396039603333333,0.0396039604,0.0,0.22772277226666668,0.029702970296666666,0.00495049505,0.00495049505,0.01980198019666667,0.00495049505,0.01485148515,0.244,0.293532338,0.376344086,0.669876424,0.299270073,22.77227723,3.96039604,279,300,60,0.23333333333333334,0.7166666666666667,0.25,0.03333333333333333,0.03333333333333333,0.11333333333333333,0.1,0.02666666666666667,0.0,0.24666666666666667,0.03,0.0033333333333333335,0.006666666666666667,0.013333333333333334,0.006666666666666667,0.006666666666666667,0.251,0.293,0.427,0.719,0.306,24.7,2.7
381,Andrew Knizner,STL,58,214.6218905,241,41.96517413,0.19402985074688797,0.8285714285918537,0.19999999999999998,0.0,0.019900497510373445,0.10447761195020747,0.08955223879668049,0.08457711443983403,0.0,0.20895522390041493,0.014925373132780083,0.004975124377593361,0.004975124377593361,0.0,0.0,0.0,0.22,0.295,0.329608939,0.624608939,0.26119403,20.89552239,8.457711443,224,241,44,0.22406639004149378,0.75,0.25,0.0,0.04149377593360996,0.12448132780082988,0.12863070539419086,0.04979253112033195,0.0,0.2572614107883817,0.012448132780082987,0.004149377593360996,0.004149377593360996,0.008298755186721992,0.0,0.008298755186721992,0.241,0.288,0.424,0.712,0.288,25.7,5.0
382,Rob Refsnyder,BOS,55,213.9850746,243,48.358208951,0.22388059699588478,0.7500000001395833,0.2500000000465278,0.0,0.024875621888888887,0.11940298506172839,0.10447761193415638,0.09452736316872427,0.0,0.2686567164197531,0.014925373135802469,0.009950248757201647,0.0,0.0049751243786008235,0.0,0.0049751243786008235,0.255,0.333333333,0.395480226,0.728813559,0.333333333,26.86567164,9.452736318,202,243,49,0.205761316872428,0.7959183673469388,0.1836734693877551,0.02040816326530612,0.00411522633744856,0.12757201646090535,0.11522633744855967,0.13580246913580246,0.0,0.1934156378600823,0.0205761316872428,0.00411522633744856,0.00411522633744856,0.02880658436213992,0.00823045267489712,0.0205761316872428,0.248,0.365,0.317,0.682,0.316,19.3,13.6
387,Brett Baty,NYM,49,347.3214286,389,73.43367346,0.2193877550899743,0.7837837838978783,0.21621621623829904,0.0,0.030612244910025704,0.11734693876606685,0.11224489796915167,0.08673469388174807,0.0,0.25,0.010204081632390746,0.00510204081748072,0.00510204081748072,0.00510204081748072,0.0,0.00510204081748072,0.245,0.317948718,0.394285714,0.712234432,0.305785124,25.0,8.673469388,353,389,66,0.1928020565552699,0.8181818181818182,0.18181818181818182,0.0,0.02313624678663239,0.10539845758354756,0.08740359897172237,0.07455012853470437,0.0,0.2802056555269923,0.005141388174807198,0.002570694087403599,0.002570694087403599,0.005141388174807198,0.0,0.005141388174807198,0.212,0.275,0.323,0.598,0.28,28.0,7.5
393,Jarren Duran,BOS,47,331.1914894,362,73.170212765,0.21808510638121545,0.6842105263625442,0.2368421052110084,0.05263157895096494,0.015957446809392265,0.12234042552486188,0.0957446808563536,0.06382978723756906,0.0,0.2765957447513812,0.010638297872928177,0.005319148936464089,0.0,0.03191489361878453,0.005319148936464089,0.026595744679558015,0.236,0.294117647,0.360465116,0.654582763,0.322033898,27.65957447,6.382978723,332,362,90,0.27071823204419887,0.6,0.37777777777777777,0.022222222222222223,0.022099447513812154,0.1270718232044199,0.11049723756906077,0.06629834254143646,0.0027624309392265192,0.24861878453038674,0.008287292817679558,0.0055248618784530384,0.0,0.06629834254143646,0.0055248618784530384,0.06077348066298342,0.295,0.346,0.482,0.828,0.381,24.9,6.6
397,Elly De La Cruz,CIN,45,399.5989305,427,84.48663102,0.22994652407494146,0.7027027027027026,0.2432432432432432,0.05405405405405406,0.03208556149882904,0.11229946524590165,0.11764705882903981,0.05347593583138173,0.0053475935831381735,0.3208556149882904,0.0053475935831381735,0.0053475935831381735,0.0053475935831381735,0.04278074866510539,0.010695187166276347,0.03208556149882904,0.246,0.288770053,0.422857143,0.711627196,0.336363636,32.0855615,5.347593583,388,427,78,0.21311475409836064,0.717948717948718,0.19230769230769232,0.08974358974358974,0.03044496487119438,0.15690866510538642,0.10304449648711944,0.08196721311475409,0.00702576112412178,0.3372365339578454,0.00468384074941452,0.00234192037470726,0.00234192037470726,0.08196721311475409,0.01873536299765808,0.06323185011709602,0.235,0.3,0.41,0.71,0.336,33.7,8.2
