#,Name,Team,GS,G,IP,TBF,W,L,QS,SV,HLD,BS,H,R,ER,HR,IBB,HBP,SO,BB,K/9,BB/9,ERA,WHIP,K%,BB%,real_GS,real_G,real_IP,real_TBF,real_W,real_L,real_QS,real_SV,real_HLD,real_BS,real_H,real_R,real_ER,real_HR,real_IBB,real_HBP,real_SO,real_BB,real_K/9,real_BB/9,real_ERA,real_WHIP,real_K%,real_BB%,real_PA
1,Mason Miller,ATH,0.0,59.1622641509434,59.1622641509434,265,5.970149253731343,4.477611940298507,0.0,44.776119402985074,2.985074626865672,,13.995016019935921,5.997864008543966,5.664649341402635,1.9992880028479887,,0.9996440014239943,87.4188679245283,21.19245283018868,13.25,3.22,2.23,0.98,37.35849056603773,9.056603773584904,0.0,60.0,61.2,234.0,1.6666666666666667,3.3333333333333335,,36.666666666666664,16.666666666666664,6.666666666666667,11.965811965811966,8.11965811965812,7.6923076923076925,2.1367521367521367,0.8547008547008548,0.4273504273504274,104.0,28.0,15.18,4.09,2.63,0.91,44.4,12.0,234.0
2,Jhoan Duran,MIN,0.0,70.39622641509433,70.39622641509433,265,4.615384615384616,4.615384615384616,0.0,33.84615384615385,7.6923076923076925,,20.025631897472408,8.173727305090779,7.356354574581701,1.634745461018156,,1.226059095763617,88.80754716981131,23.826415094339623,11.37,3.05,2.5,1.09,30.943396226415093,8.30188679245283,0.0,72.0,70.0,287.0,9.722222222222223,8.333333333333332,,44.44444444444444,1.3888888888888888,6.944444444444445,20.209059233449477,6.620209059233449,5.574912891986063,1.0452961672473868,1.3937282229965158,1.0452961672473868,80.0,19.0,10.29,2.44,2.06,1.1,27.89999999999999,6.6000000000000005,287.0
3,Edwin Diaz,NYM,0.0,63.52272727272727,63.52272727272727,264,4.615384615384615,4.615384615384615,0.0,55.38461538461538,1.5384615384615383,,15.917699724517906,7.033402203856751,6.2930440771349865,2.2210743801652892,,1.1105371900826446,90.88636363636364,24.431818181818183,12.94,3.46,2.41,1.05,35.22727272727273,9.469696969696969,0.0,62.0,66.1,258.0,9.67741935483871,4.838709677419355,,45.16129032258064,0.0,4.838709677419355,14.34108527131783,5.426356589147287,4.651162790697675,1.550387596899225,0.0,3.10077519379845,98.0,21.0,13.3,2.85,1.63,0.87,38.0,8.1,258.0
4,Emmanuel Clase,CLE,0.0,50.82758620689655,50.82758620689655,261,4.545454545454546,4.545454545454546,0.0,51.515151515151516,3.0303030303030303,,15.048223014929318,5.901263927423261,5.311137534680935,1.1802527854846523,,0.8851895891134892,53.137931034482754,12.32183908045977,9.45,2.18,2.52,1.02,26.436781609195403,6.130268199233716,0.0,48.0,47.1,201.0,10.416666666666668,6.25,,50.0,2.083333333333333,10.416666666666668,22.885572139303484,9.950248756218906,8.45771144278607,0.9950248756218906,0.9950248756218906,1.9900497512437811,47.0,12.0,8.94,2.28,3.23,1.23,23.39999999999999,6.0,201.0
5,Andres Munoz,SEA,0.0,62.28352490421456,62.28352490421456,261,4.687499999999999,4.687499999999999,0.0,40.625,6.25,,16.406100908677207,7.084452665110611,6.338720805625285,1.8643296487133192,,1.1185977892279912,81.74712643678161,24.32950191570881,11.86,3.52,2.42,1.08,32.18390804597701,9.578544061302685,0.0,64.0,62.1,254.0,4.6875,4.6875,,59.375,0.0,10.9375,14.173228346456693,7.086614173228346,4.724409448818897,0.7874015748031495,1.1811023622047243,1.574803149606299,83.0,28.0,11.98,4.04,1.73,1.03,32.7,11.0,254.0
6,Griffin Jax,MIN,0.0,69.50877192982456,69.50877192982456,285,5.714285714285714,4.2857142857142865,0.0,11.428571428571429,15.714285714285714,,19.162819329024313,8.361957525392429,7.665127731609727,2.090489381348107,,1.0452446906740538,82.41754385964911,21.84561403508772,10.69,2.83,2.84,1.09,29.122807017543863,7.719298245614035,2.0,73.0,66.0,283.0,1.36986301369863,9.58904109589041,,0.0,38.35616438356164,8.21917808219178,22.614840989399294,11.66077738515901,10.954063604240282,2.4734982332155475,1.0600706713780919,0.35335689045936397,99.0,21.0,13.5,2.86,4.23,1.29,35.0,7.4,283.0
7,Orion Kerkering,PHI,0.0,64.45384615384614,64.45384615384614,260,4.761904761904763,4.761904761904763,0.0,7.936507936507938,17.46031746031746,,19.67455621301775,8.263313609467454,7.476331360946746,2.36094674556213,,1.180473372781065,77.75384615384615,20.46153846153846,10.86,2.86,2.76,1.1,29.230769230769234,7.6923076923076925,0.0,69.0,60.0,266.0,11.594202898550725,5.797101449275362,,5.797101449275362,27.536231884057973,10.144927536231885,20.676691729323306,10.526315789473683,8.270676691729323,2.2556390977443606,1.1278195488721803,1.5037593984962405,65.0,27.0,9.75,4.05,3.3,1.37,24.4,10.2,266.0
8,Felix Bautista,BAL,0.0,35.79831932773109,35.79831932773109,238,5.0,5.0,0.0,43.333333333333336,6.666666666666667,,9.526163406539085,4.763081703269543,4.512393192571147,1.5041310641903818,,0.7520655320951909,51.90756302521008,15.512605042016808,13.1,3.9,2.65,1.06,36.554621848739494,10.92436974789916,0.0,35.0,34.2,142.0,2.857142857142857,2.857142857142857,,54.285714285714285,0.0,2.857142857142857,11.267605633802818,7.042253521126761,7.042253521126761,2.112676056338028,0.0,0.0,50.0,23.0,12.98,5.97,2.6,1.13,35.199999999999996,16.2,142.0
9,Cade Smith,CLE,0.0,72.85714285714286,72.85714285714286,280,5.88235294117647,4.411764705882352,0.0,2.941176470588235,20.588235294117645,,19.897959183673468,8.801020408163266,8.035714285714286,2.295918367346939,,1.1479591836734695,91.07142857142856,26.785714285714285,11.23,3.31,2.82,1.13,30.357142857142858,8.928571428571429,0.0,76.0,73.2,300.0,10.526315789473683,6.578947368421052,,21.052631578947366,25.0,7.894736842105263,18.333333333333332,10.333333333333334,8.0,1.3333333333333335,1.0,1.3333333333333335,104.0,19.0,12.71,2.32,2.93,1.0,34.699999999999996,6.3,300.0
10,Devin Williams,NYY,0.0,63.490272373540854,63.490272373540854,257,4.761904761904762,4.761904761904762,0.0,49.2063492063492,4.761904761904762,,16.469590758376356,8.234795379188178,7.450529152598828,2.352798679768051,,1.1763993398840256,84.65369649805447,29.22568093385214,12.0,4.14,2.74,1.13,32.68482490272373,11.284046692607005,0.0,67.0,62.0,259.0,5.970149253731343,8.955223880597014,,26.865671641791046,22.388059701492537,5.970149253731343,17.374517374517374,14.285714285714285,12.741312741312742,1.9305019305019304,0.3861003861003861,1.5444015444015444,90.0,25.0,13.06,3.63,4.79,1.13,34.699999999999996,9.69999999999999,259.0
11,Ryan Helsley,STL,0.0,62.52631578947368,62.52631578947368,266,4.545454545454546,4.545454545454546,0.0,53.03030303030303,3.0303030303030303,,16.38306292045904,7.835377918480413,7.123070834982191,2.1369212504946575,,1.0684606252473288,77.68421052631578,23.684210526315788,11.16,3.41,2.78,1.09,30.82706766917293,9.398496240601505,0.0,58.0,56.0,252.0,5.172413793103448,6.896551724137931,,36.206896551724135,1.7241379310344827,15.517241379310345,24.206349206349206,12.698412698412698,11.11111111111111,3.1746031746031744,1.1904761904761905,0.3968253968253968,63.0,25.0,10.13,4.02,4.5,1.54,25.0,9.9,252.0
12,Ryan Walker,SFG,0.0,64.6,64.6,280,5.88235294117647,4.411764705882352,0.0,41.1764705882353,7.352941176470589,,18.32142857142857,8.142857142857142,7.4642857142857135,2.0357142857142856,,1.0178571428571428,76.0,21.85,10.55,3.04,2.93,1.14,28.57142857142857,8.214285714285714,0.0,68.0,61.1,266.0,7.352941176470589,10.294117647058822,,25.0,13.23529411764706,8.823529411764707,22.55639097744361,12.030075187969924,10.526315789473683,1.5037593984962405,0.7518796992481203,3.007518796992481,60.0,18.0,8.8,2.64,4.11,1.27,22.6,6.800000000000001,266.0
13,Tanner Scott,LAD,0.0,57.120000000000005,57.120000000000005,275,4.545454545454546,4.545454545454546,0.0,37.878787878787875,12.12121212121212,,15.106115702479341,7.238347107438016,6.608925619834712,1.8882644628099177,,0.9441322314049588,70.96727272727273,25.963636363636365,11.12,4.09,2.92,1.18,29.818181818181817,10.909090909090908,0.0,61.0,57.0,238.0,1.639344262295082,6.557377049180328,,37.704918032786885,13.114754098360656,16.39344262295082,22.689075630252102,13.865546218487395,12.605042016806722,4.621848739495799,0.8403361344537815,1.680672268907563,60.0,18.0,9.47,2.84,4.74,1.26,25.2,7.6,238.0
14,Josh Hader,HOU,0.0,50.7536231884058,50.7536231884058,276,5.88235294117647,4.411764705882352,0.0,48.529411764705884,2.941176470588235,,12.710039907582441,6.760659525309808,6.219806763285025,2.163411048099139,,0.8112791430371769,68.66666666666667,20.89855072463768,12.14,3.71,3.06,1.1,33.33333333333333,10.144927536231885,0.0,48.0,52.2,206.0,12.5,4.166666666666666,,58.333333333333336,0.0,2.083333333333333,14.077669902912621,7.766990291262135,5.825242718446602,3.8834951456310676,0.48543689320388345,0.9708737864077669,76.0,16.0,12.99,2.73,2.05,0.85,36.9,7.8,206.0
15,Aroldis Chapman,BOS,0.0,53.59701492537314,53.59701492537314,268,4.761904761904762,4.761904761904762,0.0,17.460317460317455,14.285714285714285,,14.284918690131432,7.61862330140343,6.983738026286478,1.5872131877923814,,0.9523279126754288,76.56716417910448,30.62686567164179,12.84,5.14,3.13,1.28,33.582089552238806,13.432835820895525,0.0,67.0,61.1,228.0,7.462686567164178,4.477611940298507,,47.76119402985074,5.970149253731343,2.9850746268656714,12.280701754385964,3.9473684210526314,3.508771929824561,1.3157894736842104,0.0,0.0,85.0,15.0,12.47,2.2,1.17,0.7,37.3,6.6000000000000005,228.0
16,Jeff Hoffman,TOR,0.0,70.93155893536121,70.93155893536121,263,4.615384615384616,4.615384615384616,0.0,40.0,6.153846153846154,,19.916436553947577,9.958218276973788,9.128366753892639,2.9044803307840215,,1.2447772846217235,85.11787072243345,25.09885931558935,10.74,3.18,3.01,1.1,29.65779467680608,8.745247148288973,0.0,71.0,68.0,287.0,12.676056338028168,9.859154929577464,,46.478873239436616,0.0,9.859154929577464,18.81533101045296,11.846689895470384,11.498257839721255,5.2264808362369335,0.34843205574912894,1.3937282229965158,84.0,27.0,11.12,3.57,4.37,1.19,29.299999999999997,9.4,287.0
17,Bryan Abreu,HOU,0.0,71.27759197324414,71.27759197324414,299,5.555555555555556,5.555555555555556,0.0,2.777777777777778,19.444444444444446,,18.210087135490653,9.270589814431606,8.608404827686492,2.648739946980459,,0.993277480117672,90.08695652173913,29.698996655518396,11.4,3.75,3.19,1.18,30.434782608695656,10.033444816053512,0.0,70.0,71.0,296.0,4.285714285714286,5.714285714285714,,10.0,35.714285714285715,7.142857142857142,17.22972972972973,6.081081081081082,6.081081081081082,1.3513513513513513,0.0,1.3513513513513513,105.0,31.0,13.31,3.93,2.28,1.15,35.5,10.5,296.0
18,Justin Martinez,ARI,0.0,15.750877192982458,15.750877192982458,285,5.970149253731343,4.477611940298507,0.0,25.373134328358205,13.43283582089552,,4.206832871652817,1.979686057248384,1.8147122191443523,0.329947676208064,,0.247460757156048,19.74736842105263,8.463157894736842,11.31,4.84,3.01,1.3,29.47368421052631,12.63157894736842,0.0,17.0,15.1,67.0,5.88235294117647,11.76470588235294,,29.411764705882355,23.52941176470588,5.88235294117647,10.44776119402985,11.940298507462686,10.44776119402985,1.4925373134328357,1.4925373134328357,4.477611940298507,22.0,12.0,12.91,7.04,4.11,1.24,32.79999999999999,17.9,67.0
19,Chris Martin,TEX,0.0,42.403361344537814,42.403361344537814,238,5.172413793103448,5.172413793103448,0.0,32.758620689655174,10.344827586206897,,15.973448202810534,7.3723607089894765,6.757997316573689,1.8430901772473691,,0.6143633924157896,43.134453781512605,10.235294117647058,9.22,2.17,3.36,1.13,24.789915966386555,5.88235294117647,0.0,49.0,42.1,174.0,4.081632653061225,12.244897959183673,,4.081632653061225,26.53061224489796,6.122448979591836,24.71264367816092,10.344827586206897,8.045977011494253,3.4482758620689653,1.7241379310344827,0.5747126436781609,43.0,8.0,9.14,1.7,2.98,1.2,24.7,4.6,174.0
20,Trevor Megill,MIL,0.0,45.680297397769515,45.680297397769515,269,4.6875,4.6875,0.0,43.75000000000001,3.1249999999999996,,13.00147869708821,6.368071198573817,5.8373985986926655,1.8573540995840303,,0.7960088998217272,56.386617100371744,18.557620817843866,11.11,3.66,3.14,1.17,29.36802973977695,9.66542750929368,0.0,50.0,47.0,192.0,12.0,6.0,,60.0,0.0,12.0,18.75,8.333333333333332,6.770833333333333,1.5625,1.5625,0.0,60.0,17.0,11.49,3.26,2.49,1.13,31.3,8.9,192.0
21,Raisel Iglesias,ATL,0.0,65.53623188405797,65.53623188405797,276,5.882352941176471,4.411764705882353,0.0,47.05882352941177,1.4705882352941175,,19.554715395925225,9.428166351606805,8.729783658895188,2.793530770846461,,1.0475740390674229,71.31884057971014,19.27536231884058,9.75,2.65,3.31,1.11,26.81159420289855,7.246376811594203,0.0,70.0,67.1,266.0,5.714285714285714,8.571428571428571,,41.42857142857143,2.857142857142857,7.142857142857142,19.172932330827066,9.398496240601503,9.022556390977442,3.007518796992481,0.7518796992481203,0.7518796992481203,73.0,16.0,9.76,2.14,3.21,1.0,27.39999999999999,6.0,266.0
22,Jeremiah Estrada,SDP,0.0,73.37931034482759,73.37931034482759,261,4.761904761904763,4.761904761904763,0.0,4.761904761904763,22.222222222222225,,19.63564833164516,10.264088900632698,9.371559431012463,3.1238531436708215,,1.3387942044303518,100.16858237547892,33.77777777777778,12.22,4.14,3.04,1.16,32.95019157088122,11.11111111111111,0.0,77.0,73.0,304.0,5.194805194805195,6.493506493506493,,3.896103896103896,38.961038961038966,3.896103896103896,19.078947368421055,10.197368421052632,9.210526315789473,3.9473684210526314,0.6578947368421052,0.9868421052631579,108.0,27.0,13.32,3.33,3.45,1.16,35.5,8.9,304.0
23,Pete Fairbanks,TBR,0.0,58.56,58.56,250,5.0,5.0,0.0,36.66666666666667,11.666666666666666,,17.9584,8.5888,7.808,2.3424,,1.1712,67.344,22.448,10.42,3.45,3.02,1.16,27.6,9.2,0.0,61.0,60.1,244.0,6.557377049180328,8.19672131147541,,44.26229508196721,0.0,8.19672131147541,18.442622950819672,9.01639344262295,7.786885245901639,2.8688524590163933,0.0,0.4098360655737705,59.0,18.0,8.8,2.69,2.83,1.04,24.2,7.4,244.0
24,Jose Alvarado,PHI,0.0,27.1640625,27.1640625,256,4.918032786885246,4.918032786885246,0.0,6.557377049180328,19.672131147540984,,8.349609375,4.0008544921875,3.6529541015625,0.8697509765625,,0.5218505859375,32.0625,11.578125,10.66,3.84,3.1,1.21,28.125,10.15625,0.0,28.0,26.0,114.0,14.285714285714285,7.142857142857142,,25.0,17.857142857142858,3.571428571428571,23.684210526315788,10.526315789473683,9.649122807017543,3.508771929824561,0.0,0.8771929824561403,32.0,7.0,11.08,2.42,3.81,1.31,28.1,6.1,114.0
26,Robert Garcia,TEX,0.0,64.23880597014926,64.23880597014926,268,4.6875,4.6875,0.0,12.5,15.625,,19.84991089329472,9.737692136333258,8.988638895076855,2.621686344397416,,1.123579861884607,73.2723880597015,24.08955223880597,10.25,3.38,3.37,1.2,27.238805970149254,8.955223880597014,0.0,71.0,64.0,269.0,5.633802816901409,11.267605633802818,,12.676056338028168,21.12676056338028,9.859154929577464,21.561338289962826,9.66542750929368,7.806691449814126,2.973977695167286,0.7434944237918215,0.37174721189591076,68.0,22.0,9.56,3.09,2.95,1.25,25.3,8.19999999999999,269.0
28,Jason Adam,SDP,0.0,66.26373626373626,66.26373626373626,273,5.970149253731344,4.477611940298508,0.0,4.477611940298508,17.910447761194032,,18.113754377490643,9.056877188745322,8.332327013645696,2.53592561284869,,1.0868252626494386,74.17582417582418,23.736263736263737,10.04,3.22,3.13,1.12,27.47252747252747,8.791208791208792,0.0,65.0,65.1,270.0,12.307692307692308,6.153846153846154,,0.0,44.61538461538462,3.076923076923077,18.51851851851852,6.666666666666667,5.185185185185185,1.4814814814814816,1.1111111111111112,1.1111111111111112,70.0,25.0,9.64,3.44,1.93,1.15,25.9,9.3,270.0
29,Aaron Bummer,ATL,0.0,55.13461538461539,55.13461538461539,260,4.918032786885246,4.918032786885246,0.0,1.639344262295082,22.950819672131143,,18.076923076923077,8.34319526627219,7.647928994082839,1.7381656804733727,,1.0428994082840237,64.17307692307692,22.596153846153847,10.43,3.69,3.19,1.26,27.307692307692307,9.615384615384617,2.0,42.0,54.1,235.0,7.142857142857142,4.761904761904762,,0.0,4.761904761904762,0.0,21.70212765957447,11.48936170212766,9.787234042553191,1.276595744680851,1.702127659574468,4.680851063829787,51.0,17.0,8.45,2.82,3.81,1.25,21.7,7.199999999999999,235.0
30,Lucas Erceg,KCR,0.0,58.53684210526316,58.53684210526316,285,5.970149253731343,4.477611940298507,0.0,16.417910447761198,14.925373134328357,,17.78024007386888,8.89012003693444,8.277008310249307,1.5327793167128347,,0.9196675900277009,62.03157894736842,26.210526315789476,9.53,4.03,3.56,1.32,24.912280701754387,10.526315789473683,0.0,61.0,61.1,249.0,13.114754098360656,6.557377049180328,,3.278688524590164,36.0655737704918,8.19672131147541,21.686746987951807,7.630522088353414,7.228915662650602,1.6064257028112447,1.2048192771084338,1.6064257028112447,48.0,18.0,7.04,2.64,2.64,1.17,19.3,7.199999999999999,249.0
31,Luke Weaver,NYY,0.0,62.512280701754385,62.512280701754385,285,5.88235294117647,4.411764705882352,0.0,8.823529411764705,19.117647058823533,,17.740843336411206,9.031702062172977,8.386580486303478,2.903047091412742,,0.9676823638042474,69.86666666666666,21.14385964912281,10.11,3.04,3.38,1.15,26.666666666666668,8.070175438596491,0.0,64.0,64.2,262.0,6.25,6.25,,12.5,32.8125,6.25,17.557251908396946,10.687022900763358,9.923664122137405,3.816793893129771,0.38167938931297707,0.38167938931297707,72.0,20.0,10.02,2.78,3.62,1.02,27.500000000000004,7.6,262.0
32,Ryan Pressly,CHC,0.0,43.70866141732283,43.70866141732283,254,4.918032786885246,4.918032786885246,0.0,40.98360655737705,8.196721311475411,,14.951329902659804,7.334614669229338,6.488312976625952,1.6926033852067701,,0.8463016926033851,45.14173228346456,14.330708661417322,9.37,2.95,3.46,1.21,24.803149606299215,7.874015748031496,0.0,44.0,41.1,182.0,4.545454545454546,6.8181818181818175,,11.363636363636363,15.909090909090908,4.545454545454546,25.274725274725274,13.186813186813188,10.989010989010989,3.296703296703297,0.0,1.098901098901099,28.0,17.0,6.1,3.7,4.35,1.52,15.4,9.3,182.0
33,Keegan Akin,BAL,0.0,65.36585365853658,65.36585365853658,287,5.714285714285714,4.2857142857142865,0.0,2.857142857142857,22.857142857142858,,18.54581213806165,9.110223506416249,8.459493255957947,2.602921001833214,,0.9760953756874552,73.77003484320558,19.609756097560975,10.13,2.7,3.31,1.12,27.526132404181187,7.317073170731707,3.0,64.0,63.1,268.0,7.8125,6.25,,12.5,25.0,9.375,20.149253731343283,10.44776119402985,8.955223880597014,3.731343283582089,0.7462686567164178,0.3731343283582089,59.0,33.0,8.38,4.69,3.41,1.37,22.0,12.3,268.0
34,Camilo Doval,SFG,0.0,65.78625954198473,65.78625954198473,262,4.838709677419355,4.838709677419355,0.0,16.12903225806452,19.35483870967742,,19.844414661150285,9.314725249111358,8.50474914049298,1.619952217236758,,1.2149641629275685,79.58015267175573,29.70992366412214,10.86,4.06,3.03,1.25,28.62595419847328,10.687022900763358,0.0,69.0,65.1,278.0,5.797101449275362,4.3478260869565215,,23.18840579710145,14.492753623188406,8.695652173913043,18.345323741007196,12.23021582733813,9.352517985611511,1.4388489208633095,0.3597122302158274,1.079136690647482,72.0,35.0,9.92,4.82,3.58,1.32,25.9,12.6,278.0
35,Jesus Tinoco,MIA,0.0,18.823529411764707,18.823529411764707,272,4.6875,4.6875,0.0,9.375,15.625,,5.947231833910034,2.919550173010381,2.703287197231834,0.7569204152249136,,0.32439446366782004,20.294117647058822,7.0588235294117645,9.71,3.38,3.49,1.24,25.36764705882353,8.823529411764707,0.0,20.0,19.1,80.0,10.0,5.0,,20.0,20.0,10.0,21.25,15.0,13.750000000000002,1.25,1.25,0.0,10.0,8.0,4.66,3.72,5.12,1.29,12.5,10.0,80.0
37,Blake Treinen,LAD,0.0,31.450413223140497,31.450413223140497,242,5.084745762711865,5.084745762711865,0.0,10.16949152542373,23.728813559322035,,10.573048289051297,5.286524144525648,4.8459804658151775,1.541902875486647,,0.44054367871047057,35.18181818181818,9.59504132231405,10.09,2.75,3.29,1.12,27.27272727272727,7.43801652892562,0.0,32.0,26.2,129.0,6.25,21.875,,6.25,31.25,9.375,23.25581395348837,13.953488372093023,12.4031007751938,3.10077519379845,3.10077519379845,1.550387596899225,36.0,19.0,12.15,6.41,5.4,1.84,27.89999999999999,14.7,129.0
38,Garrett Whitlock,BOS,0.0,70.83516483516483,70.83516483516483,273,4.545454545454546,4.545454545454546,0.0,3.0303030303030303,19.6969696969697,,23.588133478243368,11.00779562318024,10.221524507238792,2.75194890579506,,1.1794066739121685,71.9084249084249,18.245421245421245,9.16,2.32,3.51,1.16,24.54212454212454,6.227106227106227,0.0,62.0,72.0,293.0,11.29032258064516,4.838709677419355,,1.6129032258064515,38.70967741935484,6.451612903225806,18.43003412969283,7.167235494880546,6.143344709897611,0.6825938566552902,0.6825938566552902,1.7064846416382253,91.0,24.0,11.38,3.0,2.25,1.08,31.1,8.19999999999999,293.0
39,Yimi Garcia,TOR,0.0,21.699604743083004,21.699604743083004,253,4.918032786885245,4.918032786885245,0.0,4.918032786885245,22.950819672131146,,6.889656142105016,3.374525457357559,3.0933150025777625,0.9842365917292878,,0.42181568216969484,24.90118577075099,7.1146245059288535,10.34,2.95,3.18,1.12,27.66798418972332,7.905138339920949,0.0,22.0,21.0,90.0,4.545454545454546,9.090909090909092,,13.636363636363635,27.27272727272727,18.181818181818183,14.444444444444443,11.11111111111111,10.0,2.2222222222222223,1.1111111111111112,1.1111111111111112,25.0,12.0,10.71,5.14,3.86,1.19,27.800000000000004,13.3,90.0
40,Anthony Bender,MIA,0.0,48.0,48.0,255,5.000000000000001,5.000000000000001,0.0,8.333333333333332,20.0,,16.31372549019608,7.8431372549019605,7.215686274509803,1.8823529411764708,,0.9411764705882354,52.0,18.4,9.73,3.45,3.39,1.25,25.49019607843137,9.019607843137257,0.0,51.0,50.0,204.0,5.88235294117647,9.803921568627452,,7.8431372549019605,37.254901960784316,5.88235294117647,15.686274509803921,6.372549019607843,5.88235294117647,1.4705882352941175,0.9803921568627451,0.9803921568627451,42.0,21.0,7.56,3.78,2.16,1.06,20.6,10.3,204.0
41,Kevin Ginkel,ARI,0.0,29.17391304347826,29.17391304347826,253,4.918032786885247,4.918032786885247,0.0,4.918032786885247,22.950819672131146,,10.207939508506616,4.914933837429111,4.3478260869565215,1.1342155009451798,,0.5671077504725899,30.60869565217391,9.565217391304348,9.47,2.95,3.45,1.21,25.296442687747035,7.905138339920949,0.0,29.0,25.2,121.0,3.4482758620689653,13.793103448275861,,10.344827586206897,20.689655172413794,3.4482758620689653,23.96694214876033,18.181818181818183,17.355371900826448,1.6528925619834711,0.0,1.6528925619834711,29.0,13.0,10.17,4.56,7.36,1.64,24.0,10.7,121.0
42,Robert Suarez,SDP,0.0,65.24253731343283,65.24253731343283,268,4.615384615384616,4.615384615384616,0.0,43.07692307692308,6.153846153846154,,19.475384272666517,10.112218756961463,9.363165515705058,2.621686344397416,,1.123579861884607,67.25,24.08955223880597,9.32,3.32,3.42,1.18,25.0,8.955223880597014,0.0,70.0,69.2,269.0,5.714285714285714,8.571428571428571,,57.14285714285714,0.0,7.142857142857142,17.472118959107807,8.921933085501859,8.550185873605948,2.2304832713754648,0.7434944237918215,0.7434944237918215,75.0,16.0,9.69,2.07,2.97,0.9,27.89999999999999,5.8999999999999995,269.0
43,Shane Smith,CHW,9.501285347043702,90.26221079691516,142.51928020565555,389,8.771929824561406,7.017543859649124,2.0354081720316417,1.754385964912281,7.017543859649124,,33.78777565572525,18.318673548284774,16.690347010659462,4.070816344063283,,1.628326537625313,139.3521850899743,61.75835475578407,8.83,3.9,4.08,1.35,22.62210796915167,10.025706940874036,29.0,29.0,146.1,616.0,24.137931034482758,27.586206896551722,,0.0,0.0,0.0,18.993506493506494,11.363636363636363,10.064935064935066,2.75974025974026,0.16233766233766234,1.948051948051948,145.0,58.0,8.92,3.57,3.81,1.2,23.5,9.4,616.0
45,Yennier Cano,BAL,0.0,60.084942084942085,60.084942084942085,259,4.838709677419355,4.838709677419355,0.0,4.838709677419355,19.35483870967742,,19.831248788777746,8.98018813076728,8.231839119870008,1.8708725272431832,,1.12252351634591,63.961389961389955,22.28957528957529,9.51,3.34,3.23,1.23,25.482625482625483,8.880308880308881,0.0,65.0,58.0,251.0,4.615384615384616,10.76923076923077,,3.076923076923077,26.153846153846157,7.6923076923076925,24.701195219123505,14.342629482071715,13.147410358565736,2.788844621513944,0.398406374501992,1.1952191235059761,53.0,24.0,8.22,3.72,5.12,1.48,21.1,9.6,251.0
46,Justin Slaten,BOS,0.0,32.11721611721612,32.11721611721612,273,4.687500000000001,4.687500000000001,0.0,6.25,21.875,,10.4778005876907,5.146989762374378,4.779347636490494,1.2867474405935946,,0.5514631888258262,34.62637362637363,12.545787545787546,9.72,3.52,3.63,1.27,25.274725274725274,9.157509157509155,0.0,36.0,34.0,137.0,5.555555555555555,11.11111111111111,,8.333333333333332,16.666666666666664,8.333333333333332,19.708029197080293,13.86861313868613,11.678832116788321,2.18978102189781,1.4598540145985401,0.0,25.0,10.0,6.62,2.65,4.24,1.09,18.2,7.3,137.0
47,Cole Sands,MIN,0.0,71.40298507462687,71.40298507462687,268,4.6875,4.6875,0.0,1.5625,23.437499999999996,,22.896246380040097,11.239975495656049,10.407384718200046,3.3303631098240145,,1.2488861661840054,76.98134328358209,22.313432835820898,9.73,2.81,3.49,1.18,25.74626865671642,7.462686567164178,3.0,69.0,72.0,299.0,5.797101449275362,8.695652173913043,,4.3478260869565215,18.84057971014493,5.797101449275362,21.73913043478261,13.712374581939798,12.040133779264215,2.341137123745819,0.6688963210702341,1.3377926421404682,64.0,19.0,8.0,2.38,4.5,1.17,21.4,6.4,299.0
48,Ian Hamilton,NYY,0.0,39.05882352941177,39.05882352941177,255,5.0,5.0,0.0,1.6666666666666667,25.0,,12.764321414840445,6.126874279123415,5.616301422529796,1.5317185697808537,,0.7658592848904269,42.964705882352945,16.274509803921568,9.87,3.75,3.34,1.24,25.882352941176475,9.803921568627452,1.0,36.0,40.0,166.0,5.555555555555555,2.7777777777777777,,0.0,11.11111111111111,0.0,16.867469879518072,12.048192771084338,11.44578313253012,3.0120481927710845,0.6024096385542169,0.6024096385542169,42.0,22.0,9.45,4.95,4.28,1.25,25.3,13.3,166.0
49,David Bednar,PIT,0.0,59.940298507462686,59.940298507462686,268,4.687500000000001,4.687500000000001,0.0,43.75000000000001,6.25,,18.871129427489418,9.785030073513033,9.086099353976387,2.446257518378258,,1.0483960793049676,63.6865671641791,23.41417910447761,9.53,3.52,3.6,1.23,25.37313432835821,9.328358208955224,0.0,64.0,62.2,251.0,9.375,7.8125,,42.1875,6.25,4.6875,18.326693227091635,7.171314741035857,6.374501992031872,1.593625498007968,0.796812749003984,0.398406374501992,86.0,19.0,12.35,2.73,2.3,1.04,34.29999999999999,7.6,251.0
51,Pierce Johnson,ATL,0.0,55.79487179487179,55.79487179487179,273,4.687500000000001,4.687500000000001,0.0,3.125000000000001,18.750000000000004,,16.92495538649385,8.622147083685546,7.9834695219310605,2.235371466140697,,0.9580163426317272,68.0,24.41025641025641,10.91,3.94,3.52,1.26,28.57142857142857,10.256410256410255,0.0,65.0,59.0,238.0,4.615384615384616,4.615384615384616,,1.5384615384615385,24.615384615384617,4.615384615384616,21.84873949579832,8.823529411764707,8.403361344537815,3.361344537815126,0.8403361344537815,0.42016806722689076,59.0,19.0,9.0,2.9,3.05,1.2,24.8,8.0,238.0
52,Adrian Morejon,SDP,0.0,67.88326848249028,67.88326848249028,257,4.918032786885246,4.918032786885246,0.0,1.6393442622950818,19.67213114754098,,22.083604596587385,10.39228451604112,9.52626080637103,2.5980711290102803,,1.2990355645051401,74.56031128404669,23.369649805447473,9.9,3.1,3.25,1.18,26.07003891050584,8.171206225680933,0.0,75.0,73.2,286.0,17.333333333333336,8.0,,4.0,26.666666666666668,5.333333333333334,17.132867132867133,8.041958041958042,5.944055944055944,0.6993006993006993,1.048951048951049,0.0,70.0,17.0,8.55,2.08,2.08,0.9,24.5,5.8999999999999995,286.0
54,Colin Holderman,PIT,0.0,29.245283018867926,29.245283018867926,265,4.838709677419354,4.838709677419354,0.0,4.838709677419354,20.96774193548387,,9.433962264150944,4.627981488074048,4.271982912068351,1.0679957280170878,,0.5339978640085439,31.132075471698112,12.264150943396226,9.6,3.77,3.47,1.27,24.90566037735849,9.811320754716984,0.0,24.0,25.2,125.0,0.0,8.333333333333332,,4.166666666666666,8.333333333333332,8.333333333333332,27.200000000000003,16.8,16.0,3.2,0.8,1.6,18.0,16.0,6.31,5.61,7.01,1.95,14.4,12.8,125.0
56,Brock Stewart,MIN,0.0,38.16,38.16,250,5.0,5.0,0.0,1.666666666666667,20.0,,11.9568,6.1056,5.5968,1.5264,,0.7632,46.428,15.9,10.98,3.75,3.32,1.2,29.2,10.0,0.0,43.0,37.2,159.0,4.651162790697675,4.651162790697675,,0.0,37.2093023255814,2.3255813953488373,20.125786163522015,6.918238993710692,6.918238993710692,1.8867924528301887,1.257861635220126,2.515723270440252,44.0,13.0,10.51,3.11,2.63,1.19,27.699999999999992,8.19999999999999,159.0
57,Fernando Cruz,NYY,0.0,47.10424710424711,47.10424710424711,259,4.918032786885245,4.918032786885245,0.0,0.0,21.31147540983606,,13.714762749511786,7.45367540734336,6.857381374755893,2.0870291140561408,,0.8944410488812032,61.77606177606178,21.62162162162162,11.83,4.13,3.35,1.22,30.888030888030887,10.81081081081081,0.0,49.0,48.0,200.0,6.122448979591836,8.16326530612245,,4.081632653061225,32.6530612244898,2.0408163265306123,16.5,10.5,9.5,2.5,0.0,1.5,72.0,24.0,13.5,4.5,3.56,1.19,36.0,12.0,200.0
58,Dustin May,LAD,10.95,91.25,142.35,320,6.0,4.0,2.28125,0.0,2.0,,38.78125,20.53125,18.8203125,5.1328125,,1.7109375,131.4,45.625,8.29,2.88,3.8,1.2,22.5,7.8125,23.0,25.0,132.1,584.0,28.000000000000004,44.0,,0.0,0.0,0.0,22.602739726027394,13.356164383561644,12.5,3.595890410958904,0.5136986301369862,2.054794520547945,123.0,56.0,8.37,3.81,4.96,1.42,21.1,9.6,584.0
59,Kenley Jansen,LAA,0.0,56.385542168674704,56.385542168674704,249,5.0,5.0,0.0,43.33333333333334,6.666666666666667,,17.361010306285387,9.812744955726522,9.057918420670633,3.019306140223545,,1.1322398025838292,65.78313253012048,22.55421686746988,10.47,3.6,3.55,1.16,28.11244979919679,9.63855421686747,0.0,62.0,59.0,234.0,8.064516129032258,6.451612903225806,,46.774193548387096,0.0,1.6129032258064515,15.81196581196581,7.6923076923076925,7.264957264957266,3.418803418803419,0.8547008547008548,0.4273504273504274,57.0,19.0,8.69,2.9,2.59,0.95,24.4,8.1,234.0
60,Jared Koenig,MIL,0.0,63.1787072243346,63.1787072243346,263,4.838709677419355,4.838709677419355,0.0,3.225806451612903,17.741935483870968,,20.92266766904249,10.461333834521245,9.29896340846333,2.7121976608018046,,1.1623704260579162,62.159695817490494,22.418250950570343,8.91,3.19,3.54,1.23,23.19391634980989,8.365019011406844,0.0,72.0,66.0,268.0,8.333333333333332,1.3888888888888888,,2.7777777777777777,37.5,2.7777777777777777,21.26865671641791,7.835820895522389,7.835820895522389,2.2388059701492535,0.3731343283582089,1.4925373134328357,68.0,20.0,9.27,2.73,2.86,1.17,25.4,7.5,268.0
61,David Robertson,,0.0,18.63716814159292,18.63716814159292,226,5.555555555555556,5.555555555555556,0.0,0.0,0.0,,6.413971336831387,3.3596992716735845,3.0542720651578037,0.9162816195473412,,0.4581408097736706,22.43362831858407,7.938053097345132,10.9,3.83,3.3,1.21,28.761061946902657,10.17699115044248,0.0,20.0,17.2,78.0,10.0,0.0,,10.0,50.0,5.0,23.076923076923077,11.538461538461538,10.256410256410255,5.128205128205128,1.282051282051282,0.0,22.0,8.0,11.21,4.08,4.08,1.47,28.199999999999996,10.3,78.0
62,Reed Garrett,NYM,0.0,55.309859154929576,55.309859154929576,284,4.545454545454546,4.545454545454546,0.0,0.0,21.21212121212121,,15.344177742511405,7.672088871255703,6.786847847649276,1.7704820472128544,,0.8852410236064272,66.20422535211267,25.97887323943662,10.83,4.23,3.2,1.25,27.816901408450708,10.915492957746478,1.0,58.0,55.1,238.0,5.172413793103448,10.344827586206897,,5.172413793103448,34.48275862068966,12.068965517241379,19.747899159663866,11.344537815126051,10.084033613445378,2.100840336134454,0.8403361344537815,0.42016806722689076,64.0,26.0,10.41,4.23,3.9,1.32,26.89999999999999,10.9,238.0
63,Seranthony Dominguez,BAL,0.0,62.52091254752852,62.52091254752852,263,4.761904761904762,4.761904761904762,0.0,3.1746031746031744,19.047619047619044,,19.2441700761902,9.810753372175398,9.056080035854212,2.6413566771241457,,1.1320100044817765,69.46768060836503,24.809885931558934,10.01,3.57,3.47,1.2,26.61596958174905,9.505703422053232,0.0,67.0,62.2,261.0,5.970149253731343,5.970149253731343,,2.9850746268656714,29.850746268656714,4.477611940298507,16.85823754789272,11.494252873563218,8.42911877394636,1.9157088122605364,0.7662835249042145,0.7662835249042145,79.0,36.0,11.35,5.17,3.16,1.28,30.3,13.8,261.0
64,Tim Herrin,CLE,0.0,45.908396946564885,45.908396946564885,262,4.838709677419355,4.838709677419355,0.0,0.0,22.580645161290327,,14.978730843190958,7.065439076976866,6.500203950818717,1.4130878153953732,,0.847852689237224,48.87022900763359,18.51145038167939,9.64,3.63,3.39,1.26,25.19083969465649,9.541984732824428,0.0,54.0,42.2,194.0,9.25925925925926,7.4074074074074066,,0.0,27.77777777777778,3.7037037037037033,19.072164948453608,11.855670103092782,11.855670103092782,2.5773195876288657,1.0309278350515463,3.0927835051546393,45.0,30.0,9.49,6.33,4.85,1.57,23.19999999999999,15.5,194.0
65,Will Vest,DET,0.0,68.0,68.0,284,5.88235294117647,4.411764705882353,0.0,2.941176470588235,17.647058823529413,,21.47887323943662,10.211267605633804,9.507042253521126,2.112676056338028,,1.056338028169014,66.0,23.0,8.77,3.04,3.53,1.23,23.239436619718308,8.098591549295776,0.0,64.0,68.2,284.0,9.375,7.8125,,35.9375,4.6875,10.9375,21.47887323943662,9.15492957746479,8.098591549295776,1.4084507042253522,0.35211267605633806,0.35211267605633806,75.0,22.0,9.83,2.88,3.01,1.21,26.4,7.7,284.0
67,Kirby Yates,LAD,0.0,42.72,42.72,250,5.0,5.0,0.0,15.0,18.333333333333336,,12.815999999999999,7.4048,6.835200000000001,1.9935999999999998,,0.8544000000000002,51.264,20.648,10.85,4.35,3.55,1.23,28.799999999999997,11.6,0.0,50.0,41.1,178.0,8.0,6.0,,6.0,30.0,4.0,21.34831460674157,14.606741573033707,13.48314606741573,5.056179775280898,0.0,0.5617977528089888,52.0,17.0,11.32,3.7,5.23,1.33,29.2,9.6,178.0
68,Calvin Faucher,MIA,0.0,58.20652173913044,58.20652173913044,276,4.761904761904762,4.761904761904762,0.0,34.92063492063492,9.523809523809524,,19.41556395715186,10.042533081285443,9.0382797731569,2.008506616257089,,1.0042533081285445,60.97826086956522,25.869565217391305,9.4,4.0,3.86,1.37,23.91304347826087,10.144927536231885,0.0,65.0,60.1,255.0,6.153846153846154,6.153846153846154,,23.076923076923077,10.76923076923077,7.6923076923076925,20.784313725490197,10.588235294117647,8.627450980392156,3.1372549019607843,0.0,1.1764705882352942,59.0,24.0,8.8,3.58,3.28,1.28,23.1,9.4,255.0
69,Manuel Rodriguez,TBR,0.0,28.388461538461534,28.388461538461534,260,4.918032786885247,4.918032786885247,0.0,3.278688524590165,21.311475409836067,,9.844674556213018,4.474852071005916,4.116863905325443,0.8949704142011836,,0.53698224852071,29.31923076923077,10.23846153846154,9.29,3.25,3.44,1.26,24.23076923076923,8.461538461538462,0.0,31.0,30.1,121.0,3.225806451612903,6.451612903225806,,0.0,35.483870967741936,0.0,21.487603305785125,7.43801652892562,5.785123966942149,1.6528925619834711,0.0,0.8264462809917356,25.0,6.0,7.42,1.78,2.08,1.05,20.7,5.0,121.0
71,Dylan Lee,ATL,0.0,64.67450980392157,64.67450980392157,255,4.838709677419355,4.838709677419355,0.0,0.0,20.967741935483875,,21.271818531334105,10.635909265667053,9.817762399077278,3.272587466359093,,1.2272202998846597,73.01960784313727,19.819607843137256,10.19,2.76,3.47,1.14,27.450980392156865,7.450980392156863,0.0,74.0,68.1,266.0,2.7027027027027026,5.405405405405405,,2.7027027027027026,25.675675675675674,9.45945945945946,19.924812030075188,10.150375939849624,9.398496240601503,4.887218045112782,0.37593984962406013,0.0,76.0,14.0,10.01,1.84,3.29,0.98,28.6,5.3,266.0
72,Joel Payamps,MIL,0.0,27.988235294117647,27.988235294117647,255,4.918032786885245,4.918032786885245,0.0,3.278688524590164,21.311475409836067,,8.996539792387544,4.498269896193772,4.13840830449827,1.2595155709342558,,0.5397923875432525,28.905882352941177,9.176470588235292,9.27,2.95,3.4,1.16,24.705882352941178,7.84313725490196,0.0,30.0,26.1,117.0,0.0,3.3333333333333335,,3.3333333333333335,13.333333333333334,0.0,26.495726495726498,17.094017094017094,17.094017094017094,3.418803418803419,0.8547008547008548,1.7094017094017095,24.0,9.0,8.2,3.08,6.84,1.52,20.5,7.7,117.0
73,Matthew Liberatore,STL,5.667638483965015,126.57725947521868,151.13702623906707,343,4.477611940298507,4.477611940298507,1.6523727358498588,2.9850746268656714,19.402985074626866,,41.30931839624646,20.93005465409821,19.277681918248348,4.957118207549576,,2.2031636477998116,137.9125364431487,56.67638483965015,8.19,3.38,3.94,1.3,21.282798833819243,8.746355685131196,29.0,29.0,151.2,648.0,27.586206896551722,41.37931034482759,,0.0,0.0,0.0,24.382716049382715,12.191358024691358,10.95679012345679,2.9320987654320985,0.0,0.6172839506172839,122.0,40.0,7.24,2.37,4.21,1.31,18.8,6.2,648.0
74,Bryan Hudson,MIL,0.0,18.072289156626507,18.072289156626507,249,5.0,5.0,0.0,1.6666666666666663,18.333333333333336,,5.806357961968358,2.9031789809841784,2.661247399235496,0.8467605361203852,,0.3628973726230223,19.57831325301205,6.325301204819278,9.7,3.15,3.31,1.16,26.104417670682732,8.433734939759036,0.0,16.0,15.0,75.0,0.0,6.25,,0.0,12.5,0.0,20.0,13.333333333333334,10.666666666666668,2.666666666666667,2.666666666666667,2.666666666666667,19.0,13.0,11.4,7.8,4.8,1.87,25.3,17.299999999999997,75.0
75,Ryan Brasier,CHC,0.0,25.696202531645568,25.696202531645568,237,5.172413793103448,5.172413793103448,0.0,3.4482758620689653,22.413793103448278,,9.346792714842705,4.673396357421352,4.299524648827645,1.1216151257811249,,0.3738717085937082,25.253164556962023,7.974683544303797,8.85,2.79,3.53,1.16,24.050632911392405,7.59493670886076,1.0,28.0,26.0,105.0,0.0,3.571428571428571,,0.0,14.285714285714285,0.0,25.71428571428571,12.380952380952381,12.380952380952381,1.9047619047619049,0.0,0.0,20.0,5.0,6.92,1.73,4.5,1.23,19.0,4.8,105.0
76,Tyler Holton,DET,0.0,76.66894197952219,76.66894197952219,293,5.555555555555556,5.555555555555556,0.0,8.333333333333334,18.055555555555554,,22.896015096273693,11.266293142610865,10.539435520506938,2.9074304884157067,,1.0902864331558901,66.02047781569966,20.2320819112628,7.77,2.38,3.57,1.14,21.160409556313994,6.484641638225256,6.0,70.0,78.2,312.0,8.571428571428571,7.142857142857142,,0.0,24.285714285714285,5.714285714285714,20.833333333333336,10.897435897435898,10.256410256410255,4.807692307692308,0.3205128205128205,0.0,64.0,17.0,7.32,1.94,3.66,1.04,20.5,5.4,312.0
77,Kyle Finnegan,WSN,0.0,54.08118081180812,54.08118081180812,271,4.6875,4.6875,0.0,34.375,9.375,,18.08526572350594,9.354447788020314,8.730817935485629,2.182704483871407,,0.9354447788020316,52.39114391143912,21.125461254612546,8.73,3.52,3.87,1.28,22.878228782287824,9.22509225092251,0.0,56.0,57.0,229.0,7.142857142857142,7.142857142857142,,42.857142857142854,5.357142857142857,12.5,19.65065502183406,10.480349344978166,9.606986899563319,1.7467248908296942,0.8733624454148471,0.43668122270742354,55.0,18.0,8.68,2.84,3.47,1.11,24.0,7.9,229.0
78,Matt Strahm,PHI,0.0,63.715555555555554,63.715555555555554,225,5.357142857142857,5.357142857142857,0.0,5.357142857142857,14.285714285714285,,21.7441975308642,10.61925925925926,10.113580246913582,3.539753086419753,,1.011358024691358,75.09333333333333,18.204444444444444,10.68,2.57,3.16,1.05,29.333333333333332,7.111111111111111,0.0,66.0,62.1,256.0,3.0303030303030303,4.545454545454546,,9.090909090909092,33.33333333333333,6.0606060606060606,18.359375,8.59375,7.421875,1.953125,0.390625,0.78125,70.0,20.0,10.11,2.89,2.74,1.07,27.3,7.8,256.0
79,Fraser Ellard,CHW,0.0,16.805860805860803,16.805860805860803,273,4.838709677419355,4.838709677419355,0.0,8.064516129032258,16.129032258064516,,5.560251714097868,2.978706275409572,2.680835647868615,0.5957412550819144,,0.2978706275409572,17.619047619047617,8.402930402930401,9.49,4.5,3.94,1.4,23.809523809523807,11.355311355311356,3.0,18.0,17.0,74.0,5.555555555555555,11.11111111111111,,0.0,11.11111111111111,0.0,10.81081081081081,12.162162162162163,10.81081081081081,1.3513513513513513,0.0,1.3513513513513513,22.0,19.0,11.65,10.06,4.24,1.59,29.7,25.7,74.0
80,Dennis Santana,PIT,0.0,63.19148936170213,63.19148936170213,282,4.545454545454545,4.545454545454545,0.0,3.0303030303030303,18.18181818181818,,20.03168854685378,10.525124490719783,9.506564056133998,2.3766410140334995,,1.0185604345857853,62.23404255319149,25.851063829787236,8.89,3.68,3.83,1.31,23.04964539007092,9.574468085106384,0.0,70.0,70.1,270.0,5.714285714285714,7.142857142857142,,22.857142857142858,17.142857142857142,4.285714285714286,16.296296296296298,6.666666666666667,6.296296296296296,1.8518518518518516,0.0,1.1111111111111112,60.0,17.0,7.68,2.18,2.18,0.87,22.2,6.3,270.0
81,Emilio Pagan,CIN,0.0,64.71910112359551,64.71910112359551,267,4.6875,4.6875,0.0,4.6875,18.75,,20.830703194041156,11.740941800277744,10.983461684130791,3.7874005807347557,,1.1362201742204268,68.76404494382022,23.258426966292134,9.52,3.23,4.04,1.22,25.468164794007492,8.614232209737828,0.0,70.0,68.2,270.0,2.857142857142857,5.714285714285714,,45.714285714285715,2.857142857142857,8.571428571428571,15.185185185185185,9.62962962962963,8.148148148148149,3.7037037037037033,0.0,0.7407407407407408,81.0,22.0,10.62,2.88,2.88,0.92,30.0,8.1,270.0
82,Jordan Romano,PHI,0.0,44.48790322580645,44.48790322580645,248,5.084745762711865,5.084745762711865,0.0,37.288135593220346,8.474576271186441,,15.20226326742976,8.513267429760667,7.60113163371488,2.4323621227887617,,0.9121357960457858,46.75,17.342741935483872,9.53,3.51,3.86,1.25,25.0,9.274193548387096,0.0,49.0,42.2,187.0,4.081632653061225,8.16326530612245,,16.3265306122449,14.285714285714285,6.122448979591836,24.06417112299465,21.390374331550802,20.855614973262032,5.347593582887701,0.53475935828877,1.6042780748663104,47.0,17.0,9.91,3.59,8.23,1.45,25.1,9.1,187.0
83,Taylor Rogers,CIN,0.0,50.93680297397769,50.93680297397769,269,4.838709677419355,4.838709677419355,0.0,4.838709677419355,20.967741935483872,,16.797722530092177,9.162394107323006,8.246154696590704,2.4433050952861346,,0.9162394107323005,56.68773234200744,21.360594795539033,10.05,3.77,3.93,1.3,25.650557620817843,9.66542750929368,0.0,57.0,50.2,221.0,5.263157894736842,3.508771929824561,,0.0,17.543859649122805,1.7543859649122806,21.266968325791854,11.312217194570136,8.597285067873303,3.167420814479638,0.904977375565611,1.3574660633484164,53.0,23.0,9.41,4.09,3.38,1.38,24.0,10.4,221.0
84,Jose A. Ferrer,WSN,0.0,76.0909090909091,76.0909090909091,264,4.838709677419355,4.838709677419355,0.0,4.838709677419355,17.741935483870964,,26.962809917355372,13.016528925619836,12.086776859504132,2.789256198347107,,1.3946280991735536,68.72727272727273,27.0,8.06,3.19,3.7,1.28,21.21212121212121,8.333333333333332,0.0,72.0,76.1,324.0,5.555555555555555,5.555555555555555,,15.277777777777779,29.166666666666668,5.555555555555555,25.0,12.654320987654321,11.728395061728394,1.5432098765432098,0.30864197530864196,2.1604938271604937,71.0,16.0,8.37,1.89,4.48,1.27,21.899999999999988,4.9,324.0
86,Seth Halvorsen,COL,0.0,39.34657039711191,39.34657039711191,277,4.761904761904763,4.761904761904763,0.0,15.873015873015875,12.698412698412698,,13.528131475713224,7.21500345371372,6.764065737856612,1.5782820054998763,,0.6764065737856613,39.34657039711191,18.111913357400724,9.05,4.14,4.25,1.42,22.74368231046931,10.469314079422382,0.0,42.0,39.2,173.0,2.380952380952381,4.761904761904762,,26.190476190476193,9.523809523809524,7.142857142857142,23.699421965317917,15.028901734104046,12.716763005780345,4.046242774566474,0.5780346820809248,0.0,36.0,21.0,8.17,4.76,4.99,1.56,20.8,12.1,173.0
87,Michael McGreevy,STL,8.480565371024735,62.19081272084806,94.69964664310956,283,6.8181818181818175,6.8181818181818175,1.997777472561775,0.0,2.272727272727273,,35.95999450611195,17.480552884915532,15.9822197804942,3.4961105769831065,,1.4983331044213313,63.60424028268552,21.20141342756184,5.99,2.01,4.26,1.29,15.901060070671376,5.30035335689046,16.0,17.0,95.2,400.0,47.05882352941176,23.52941176470588,,0.0,0.0,0.0,25.0,12.5,11.75,3.0,0.0,0.75,58.0,20.0,5.46,1.88,4.42,1.25,14.499999999999998,5.0,400.0
88,Edwin Uceta,TBR,0.0,75.87272727272727,75.87272727272727,275,4.615384615384616,4.615384615384616,0.0,13.846153846153847,16.92307692307692,,22.07206611570248,11.460495867768595,10.611570247933884,3.395702479338843,,1.2733884297520661,84.04363636363637,30.349090909090908,9.96,3.6,3.45,1.2,26.181818181818183,9.454545454545457,0.0,70.0,76.0,321.0,14.285714285714285,4.285714285714286,,1.4285714285714286,30.0,7.142857142857142,19.314641744548286,10.2803738317757,9.968847352024921,3.4267912772585665,0.9345794392523363,2.4922118380062304,103.0,27.0,12.2,3.2,3.79,1.17,32.1,8.4,321.0
89,Brock Burke,LAA,0.0,60.57857142857143,60.57857142857143,280,4.545454545454546,4.545454545454546,0.0,1.515151515151515,24.24242424242424,,19.340561224489793,10.161989795918366,9.506377551020408,2.6224489795918364,,0.983418367346939,60.57857142857143,22.02857142857143,9.01,3.27,3.91,1.25,23.57142857142857,8.571428571428571,1.0,69.0,61.2,257.0,10.144927536231885,1.4492753623188406,,0.0,21.73913043478261,7.246376811594203,22.56809338521401,9.33852140077821,8.949416342412452,3.11284046692607,1.556420233463035,1.1673151750972763,52.0,18.0,7.59,2.63,3.36,1.23,20.19999999999999,7.000000000000001,257.0
90,Alex Vesia,LAD,0.0,57.037344398340245,57.037344398340245,241,5.172413793103448,5.172413793103448,0.0,0.0,24.137931034482758,,17.13813467398977,9.793219813708442,8.977118162566072,3.26440660456948,,1.2241524767135552,70.80497925311202,23.601659751037342,11.24,3.72,3.4,1.15,29.87551867219917,9.95850622406639,0.0,68.0,59.2,237.0,5.88235294117647,2.941176470588235,,7.352941176470589,36.76470588235294,5.88235294117647,15.611814345991561,8.860759493670885,8.438818565400844,3.79746835443038,1.2658227848101267,2.109704641350211,80.0,22.0,12.07,3.32,3.02,0.99,33.79999999999999,9.3,237.0
91,Caleb Ferguson,PIT,0.0,62.54826254826254,62.54826254826254,259,5.0,5.0,0.0,1.6666666666666667,18.33333333333334,,21.734917487813238,10.464960271910078,9.659963327916994,2.4149908319792486,,1.2074954159896243,65.67567567567568,26.061776061776055,9.49,3.75,3.63,1.32,24.324324324324326,9.652509652509652,0.0,70.0,65.1,270.0,7.142857142857142,5.714285714285714,,0.0,20.0,7.142857142857142,20.0,10.0,9.62962962962963,0.7407407407407408,1.1111111111111112,2.2222222222222223,51.0,22.0,7.03,3.03,3.58,1.16,18.899999999999988,8.1,270.0
92,Tanner Banks,PHI,0.0,63.48251748251748,63.48251748251748,286,5.88235294117647,4.411764705882353,0.0,0.0,19.117647058823533,,20.238153454936672,10.119076727468336,9.466233067631668,2.6113746393466672,,0.9792654897550003,62.54895104895105,20.538461538461537,8.91,2.91,3.8,1.23,23.426573426573427,7.6923076923076925,1.0,69.0,67.1,267.0,8.695652173913043,2.898550724637681,,1.4492753623188406,14.492753623188406,4.3478260869565215,20.973782771535582,8.98876404494382,8.614232209737828,3.3707865168539324,0.37453183520599254,0.37453183520599254,61.0,12.0,8.15,1.6,3.07,1.01,22.8,4.5,267.0
93,Ryan Thompson,ARI,0.0,41.60377358490566,41.60377358490566,265,4.761904761904762,4.761904761904762,0.0,0.0,20.634920634920633,,14.702741189035246,6.977572089711641,6.229975080099679,1.495194019223923,,0.7475970096119615,36.32075471698113,13.20754716981132,7.88,2.86,3.64,1.25,20.754716981132077,7.547169811320755,0.0,48.0,41.1,175.0,6.25,4.166666666666666,,2.083333333333333,35.41666666666667,6.25,24.0,12.0,10.285714285714285,2.2857142857142856,1.1428571428571428,1.1428571428571428,36.0,13.0,7.84,2.83,3.92,1.33,20.6,7.4,175.0
94,Ryan Fernandez,STL,0.0,32.971014492753625,32.971014492753625,276,4.615384615384616,4.615384615384616,0.0,1.5384615384615385,24.615384615384617,,10.659525309808863,5.513547574039068,4.962192816635161,1.2864944339424491,,0.5513547574039068,32.971014492753625,13.18840579710145,8.99,3.6,3.79,1.3,23.55072463768116,9.420289855072465,0.0,32.0,30.1,140.0,0.0,12.5,,3.125,12.5,3.125,25.71428571428571,21.428571428571427,18.571428571428573,4.285714285714286,1.4285714285714286,0.7142857142857143,34.0,16.0,10.09,4.75,7.71,1.71,24.3,11.4,140.0
96,Victor Vodnik,COL,0.0,48.69337979094076,48.69337979094076,287,4.615384615384616,4.615384615384616,0.0,6.153846153846154,18.461538461538463,,16.705313892362415,9.135718534885697,8.352656946181208,1.5661231774089766,,0.7830615887044883,47.944250871080136,23.972125435540068,8.8,4.43,4.38,1.48,22.299651567944252,11.149825783972126,0.0,52.0,50.2,215.0,7.6923076923076925,5.769230769230769,,19.230769230769234,13.461538461538462,9.615384615384617,20.930232558139537,8.837209302325581,7.906976744186046,1.8604651162790697,0.9302325581395349,0.0,49.0,26.0,8.7,4.62,3.02,1.4,22.8,12.1,215.0
97,Gregory Soto,BAL,0.0,65.45769230769231,65.45769230769231,260,4.918032786885246,4.918032786885246,0.0,1.6393442622950818,19.67213114754098,,21.048816568047336,10.73076923076923,9.492603550295858,2.476331360946746,,1.238165680473373,72.96923076923076,28.97307692307692,10.03,3.98,3.45,1.28,26.153846153846157,10.384615384615383,0.0,70.0,60.1,279.0,1.4285714285714286,7.142857142857142,,1.4285714285714286,31.428571428571427,1.4285714285714286,22.22222222222222,11.827956989247312,10.03584229390681,1.4336917562724014,0.35842293906810035,3.942652329749104,70.0,24.0,10.44,3.58,4.18,1.43,25.1,8.6,279.0
99,Quinn Priester,BOS,7.963414634146341,103.52439024390245,153.95934959349592,246,7.692307692307692,7.692307692307692,3.2371604203846918,0.0,2.564102564102564,,64.74320840769383,32.371604203846914,30.213497256923784,6.4743208407693835,,3.2371604203846918,122.10569105691056,47.78048780487805,7.16,2.79,4.36,1.37,18.69918699186992,7.317073170731707,24.0,29.0,157.1,653.0,44.827586206896555,10.344827586206897,,0.0,0.0,0.0,22.2052067381317,9.494640122511486,8.88208269525268,2.756508422664625,0.0,0.9188361408882083,132.0,50.0,7.55,2.86,3.32,1.24,20.19999999999999,7.7,653.0
100,JoJo Romero,STL,0.0,60.71428571428571,60.71428571428571,252,5.0,5.0,0.0,0.0,20.0,,21.683673469387756,10.440287226001512,9.63718820861678,2.409297052154195,,1.2046485260770976,59.70238095238095,20.238095238095237,8.82,3.0,3.54,1.23,23.41269841269841,7.936507936507936,0.0,65.0,61.0,255.0,6.153846153846154,9.230769230769232,,12.307692307692308,36.92307692307693,1.5384615384615385,18.43137254901961,8.235294117647058,5.490196078431373,0.7843137254901961,1.9607843137254901,0.7843137254901961,55.0,29.0,8.11,4.28,2.07,1.25,21.6,11.4,255.0
102,AJ Smith-Shawver,ATL,3.777049180327869,28.95737704918033,45.32459016393443,305,4.3478260869565215,4.3478260869565215,0.8255845202902447,0.0,2.1739130434782608,,12.38376780435367,7.017468422467078,6.398280032249396,1.8575651706530503,,0.6191883902176835,47.842622950819674,20.14426229508197,9.58,4.0,3.94,1.28,24.91803278688525,10.491803278688524,9.0,9.0,44.1,192.0,33.33333333333333,22.22222222222222,,0.0,0.0,0.0,21.875,10.416666666666668,9.895833333333332,2.083333333333333,0.0,0.5208333333333333,42.0,21.0,8.53,4.26,3.86,1.42,21.899999999999988,10.9,192.0
103,Bryan King,HOU,0.0,63.61940298507463,63.61940298507463,268,4.838709677419355,4.838709677419355,0.0,0.0,20.96774193548387,,21.058420583648918,10.337770104700379,9.572009356204054,2.6801626197371355,,1.1486411227444866,66.69776119402985,24.62686567164179,9.4,3.48,3.65,1.28,24.253731343283583,8.955223880597014,0.0,68.0,68.0,275.0,7.352941176470589,5.88235294117647,,2.941176470588235,39.705882352941174,4.411764705882353,21.818181818181817,7.636363636363637,7.636363636363637,3.6363636363636362,0.0,1.4545454545454546,69.0,11.0,9.13,1.46,2.78,1.04,25.1,4.0,275.0
104,Beau Brieske,DET,0.0,24.278571428571432,24.278571428571432,280,4.545454545454545,4.545454545454545,0.0,15.151515151515149,15.151515151515149,,7.357142857142858,3.8099489795918373,3.54719387755102,1.0510204081632655,,0.3941326530612245,23.91071428571429,9.564285714285717,8.93,3.55,3.68,1.25,23.214285714285715,9.285714285714286,1.0,22.0,22.0,103.0,4.545454545454546,13.636363636363635,,4.545454545454546,22.727272727272727,4.545454545454546,23.300970873786408,19.41747572815534,15.53398058252427,4.854368932038835,0.9708737864077669,0.0,16.0,12.0,6.55,4.91,6.55,1.64,15.5,11.69999999999999,103.0
105,Ben Brown,CHC,7.044776119402985,77.49253731343283,112.71641791044776,201,6.0606060606060606,3.0303030303030303,3.5048637409965098,0.0,3.0303030303030303,,45.563228632954626,23.365758273310064,22.197470359644562,5.841439568327516,,2.3365758273310067,124.45771144278606,46.96517412935323,9.86,3.75,3.49,1.22,26.368159203980102,9.950248756218906,15.0,25.0,106.1,472.0,20.0,32.0,,4.0,4.0,4.0,25.635593220338983,15.466101694915254,14.83050847457627,3.8135593220338984,0.0,0.847457627118644,121.0,32.0,10.24,2.71,5.92,1.44,25.6,6.800000000000001,472.0
106,Nick Mears,MIL,0.0,51.537549407114625,51.537549407114625,253,5.084745762711864,5.084745762711864,0.0,0.0,18.644067796610166,,15.536877626583761,8.286334734178007,7.5958068396631715,2.4168476308019184,,1.035791841772251,64.6403162055336,25.33201581027668,11.26,4.42,3.34,1.26,29.249011857707508,11.462450592885377,0.0,63.0,56.2,221.0,7.936507936507936,4.761904761904762,,1.5873015873015872,25.396825396825395,9.523809523809524,19.004524886877828,11.312217194570136,9.95475113122172,3.167420814479638,0.4524886877828055,0.4524886877828055,46.0,13.0,7.31,2.06,3.49,0.97,20.8,5.8999999999999995,221.0
107,Greg Weissert,BOS,0.0,64.65116279069767,64.65116279069767,258,5.0,5.0,0.0,0.0,19.999999999999996,,23.388017547022415,11.694008773511207,10.85872243254612,2.923502193377802,,1.2529295114476293,67.88372093023256,23.705426356589147,9.39,3.3,3.89,1.31,24.418604651162788,8.527131782945736,0.0,72.0,67.0,278.0,8.333333333333332,8.333333333333332,,5.555555555555555,23.61111111111111,12.5,20.503597122302157,9.712230215827338,7.553956834532374,2.158273381294964,0.3597122302158274,1.079136690647482,57.0,21.0,7.66,2.82,2.82,1.16,20.5,7.6,278.0
108,Garrett Cleavinger,TBR,0.0,56.7,56.7,270,4.761904761904762,4.761904761904762,0.0,4.761904761904762,23.809523809523807,,17.333333333333332,9.333333333333334,8.333333333333332,2.3333333333333335,,1.0,65.7,26.1,10.38,4.14,3.61,1.29,27.03703703703704,10.74074074074074,0.0,67.0,61.1,243.0,2.9850746268656714,8.955223880597014,,2.9850746268656714,31.343283582089555,5.970149253731343,16.46090534979424,6.995884773662551,6.584362139917696,3.7037037037037033,0.0,2.880658436213992,82.0,18.0,12.03,2.64,2.35,0.95,33.7,7.4,243.0
109,Mark Leiter Jr.,NYY,0.0,51.84489795918367,51.84489795918367,245,5.1724137931034475,5.1724137931034475,0.0,0.0,20.68965517241379,,17.877551020408163,9.121199500208247,8.391503540191588,2.553935860058309,,1.0945439400249894,58.10204081632653,19.66530612244898,10.13,3.41,3.6,1.22,26.53061224489796,8.979591836734693,0.0,59.0,48.1,219.0,10.16949152542373,11.864406779661017,,3.389830508474576,23.728813559322035,6.779661016949152,26.027397260273972,14.15525114155251,11.87214611872146,2.28310502283105,0.0,1.82648401826484,54.0,17.0,10.06,3.17,4.84,1.53,24.7,7.8,219.0
111,Porter Hodge,CHC,0.0,34.17343173431734,34.17343173431734,271,4.761904761904763,4.761904761904763,0.0,17.460317460317462,15.873015873015875,,9.807872986478943,5.204177503029642,4.8038561566427465,1.2009640391606866,,0.6004820195803433,37.97047970479704,17.900369003690038,9.95,4.71,3.44,1.31,25.830258302583022,12.177121771217712,0.0,36.0,33.0,147.0,5.555555555555555,5.555555555555555,,5.555555555555555,22.22222222222222,8.333333333333332,23.12925170068027,16.3265306122449,15.646258503401361,6.122448979591836,0.6802721088435374,0.0,40.0,18.0,10.91,4.91,6.27,1.58,27.200000000000003,12.2,147.0
113,Aaron Ashby,MIL,4.838709677419355,40.645161290322584,60.96774193548387,279,4.761904761904762,4.761904761904762,1.387443635102324,0.0,2.380952380952381,,18.730489073881373,10.40582726326743,9.365244536940686,2.081165452653486,,1.040582726326743,61.935483870967744,34.83870967741936,9.11,5.14,3.84,1.43,22.939068100358423,12.903225806451612,1.0,43.0,66.2,270.0,11.627906976744185,4.651162790697675,,6.976744186046512,11.627906976744185,0.0,20.0,5.9259259259259265,5.9259259259259265,1.1111111111111112,0.0,1.4814814814814816,76.0,24.0,10.26,3.24,2.16,1.17,28.1,8.9,270.0
114,Trent Thornton,SEA,0.0,42.918149466192176,42.918149466192176,281,5.970149253731343,4.477611940298507,0.0,0.0,20.8955223880597,,12.537835133800233,6.3828978862983,5.699015969909197,1.8236851103709428,,0.6838819163891035,44.83985765124555,14.733096085409256,9.34,3.09,3.38,1.17,24.91103202846975,8.185053380782918,0.0,33.0,42.1,180.0,6.0606060606060606,0.0,,0.0,15.151515151515152,3.0303030303030303,22.77777777777778,12.777777777777777,12.222222222222221,3.3333333333333335,1.1111111111111112,2.2222222222222223,32.0,14.0,6.8,2.98,4.68,1.3,17.8,7.8,180.0
115,Tony Santillan,CIN,0.0,69.55378486055777,69.55378486055777,251,5.172413793103449,5.172413793103449,0.0,1.7241379310344827,18.96551724137931,,22.932969317947336,12.899795241345377,11.94425485309757,3.3443913588673198,,1.4333105823717085,81.54581673306774,34.776892430278885,10.55,4.5,3.9,1.32,27.091633466135455,11.553784860557768,0.0,80.0,73.2,301.0,1.25,6.25,,8.75,41.25,5.0,17.60797342192691,7.641196013289036,6.64451827242525,2.3255813953488373,0.0,1.6611295681063125,75.0,29.0,9.16,3.54,2.44,1.11,24.9,9.6,301.0
116,Sean Hjelle,SFG,0.0,16.964788732394364,16.964788732394364,284,4.545454545454546,4.545454545454546,0.0,0.0,19.6969696969697,,6.064024995040667,2.7152350724062684,2.534219400912517,0.5430470144812537,,0.27152350724062685,14.394366197183098,4.883802816901408,7.63,2.59,3.78,1.31,19.718309859154928,6.690140845070422,1.0,12.0,15.0,73.0,8.333333333333332,8.333333333333332,,0.0,0.0,0.0,28.767123287671232,17.80821917808219,17.80821917808219,2.73972602739726,2.73972602739726,0.0,11.0,9.0,6.6,5.4,7.8,2.0,15.1,12.3,73.0
117,Carlos Estevez,KCR,0.0,64.47940074906367,64.47940074906367,267,4.6875,4.6875,0.0,32.8125,9.375,,21.50822707570593,12.074794147764733,10.942782196411791,3.018698536941183,,1.1320119513529436,61.45692883895131,24.179775280898877,8.6,3.38,4.07,1.27,22.846441947565545,8.98876404494382,0.0,67.0,66.0,269.0,5.970149253731343,7.462686567164178,,62.68656716417911,0.0,8.955223880597014,17.843866171003718,8.178438661710038,6.691449814126393,1.858736059479554,2.2304832713754648,1.486988847583643,54.0,22.0,7.36,3.0,2.45,1.06,20.1,8.19999999999999,269.0
118,Slade Cecconi,CLE,6.700819672131148,93.81147540983608,129.54918032786887,244,4.761904761904762,4.761904761904762,2.7462375705455524,0.0,2.380952380952381,,51.26310131685031,25.631550658425155,23.80072561139479,7.323300188121474,,1.8308250470303684,109.4467213114754,31.27049180327869,7.54,2.17,4.0,1.2,20.081967213114755,5.737704918032787,23.0,23.0,132.0,545.0,30.434782608695656,30.434782608695656,,0.0,0.0,0.0,22.93577981651376,12.110091743119266,11.559633027522937,4.4036697247706424,0.1834862385321101,0.5504587155963303,109.0,32.0,7.43,2.18,4.3,1.19,20.0,5.8999999999999995,545.0
119,Tyler Rogers,SFG,0.0,71.43344709897612,71.43344709897612,293,5.714285714285714,4.285714285714286,0.0,1.4285714285714286,20.0,,23.683444186886284,11.145150205593543,10.448578317743946,2.4380016074735873,,1.0448578317743948,54.08532423208192,16.32764505119454,6.87,2.06,3.82,1.21,18.088737201365188,5.460750853242321,0.0,81.0,77.1,299.0,4.938271604938271,7.4074074074074066,,0.0,39.50617283950617,2.4691358024691357,22.073578595317723,6.688963210702341,5.68561872909699,1.3377926421404682,0.0,0.33444816053511706,48.0,7.0,5.59,0.81,1.98,0.94,16.1,2.3,299.0
120,Tommy Kahnle,DET,0.0,63.20816326530612,63.20816326530612,245,5.172413793103448,5.172413793103448,0.0,3.4482758620689653,17.24137931034483,,22.240733027905037,11.120366513952519,10.230737192836319,2.224073302790504,,1.3344439816743021,66.47755102040816,26.155102040816324,9.41,3.72,3.54,1.27,24.897959183673468,9.79591836734694,0.0,66.0,63.0,267.0,1.5151515151515151,7.575757575757576,,13.636363636363635,24.242424242424242,7.575757575757576,19.101123595505616,11.985018726591761,11.610486891385769,2.9962546816479403,0.0,0.37453183520599254,50.0,31.0,7.14,4.43,4.43,1.3,18.7,11.599999999999987,267.0
121,Angel Zerpa,KCR,0.0,64.38492063492063,64.38492063492063,252,5.084745762711865,5.084745762711865,0.0,0.0,20.33898305084746,,25.116528092718564,12.125220458553791,11.259133282942805,2.5982615268329554,,1.2991307634164777,55.6547619047619,20.73412698412698,7.72,2.9,3.92,1.31,20.238095238095237,7.5396825396825395,2.0,69.0,64.2,275.0,7.246376811594203,2.898550724637681,,0.0,20.28985507246377,5.797101449275362,24.363636363636363,10.909090909090908,10.909090909090908,2.5454545454545454,0.0,0.7272727272727273,58.0,22.0,8.07,3.06,4.18,1.38,21.1,8.0,275.0
122,John Schreiber,KCR,0.0,61.698473282442755,61.698473282442755,262,4.918032786885246,4.918032786885246,0.0,1.639344262295082,19.672131147540984,,22.004836547986713,11.19544315599324,10.423343627993706,2.3162985839986017,,1.1581492919993008,57.652671755725194,24.274809160305345,8.43,3.54,3.97,1.34,21.755725190839694,9.16030534351145,0.0,74.0,64.0,265.0,4.054054054054054,4.054054054054054,,1.3513513513513513,31.08108108108108,5.405405405405405,21.50943396226415,10.943396226415095,10.18867924528302,3.7735849056603774,0.37735849056603776,0.37735849056603776,62.0,19.0,8.72,2.67,3.8,1.19,23.39999999999999,7.199999999999999,265.0
123,Jose Ruiz,PHI,0.0,18.413533834586467,18.413533834586467,266,4.838709677419355,4.838709677419355,0.0,0.0,19.35483870967742,,6.1408219797614345,3.23788795296512,3.0145853355192496,0.8932104697834811,,0.3349539261688055,19.00751879699248,7.424812030075188,9.32,3.63,3.91,1.29,24.06015037593985,9.398496240601505,0.0,18.0,16.1,79.0,5.555555555555555,0.0,,0.0,16.666666666666664,0.0,29.11392405063291,21.518987341772153,20.253164556962027,3.79746835443038,0.0,0.0,15.0,9.0,8.27,4.96,8.82,1.96,19.0,11.4,79.0
124,Brendon Little,TOR,0.0,67.7237354085603,67.7237354085603,257,5.084745762711865,5.084745762711865,0.0,0.0,20.33898305084746,,23.671819406804037,11.612590652394433,10.719314448364093,1.786552408060682,,1.3399143060455114,64.28015564202335,30.99221789883268,8.51,4.12,3.6,1.37,21.78988326848249,10.505836575875486,0.0,79.0,68.1,295.0,5.063291139240507,2.5316455696202533,,1.2658227848101267,37.9746835443038,3.79746835443038,16.271186440677965,9.491525423728813,7.796610169491526,0.6779661016949152,1.3559322033898304,0.6779661016949152,91.0,45.0,11.99,5.93,3.03,1.36,30.8,15.3,295.0
125,Jakob Junis,CLE,1.9295774647887325,59.816901408450704,65.60563380281691,284,4.838709677419355,4.838709677419355,1.0191430271771476,0.0,17.741935483870968,,22.421146597897245,11.210573298948622,10.191430271771475,3.0574290815314424,,1.0191430271771476,55.95774647887324,16.401408450704228,7.73,2.25,3.97,1.21,20.422535211267608,5.985915492957746,0.0,57.0,66.2,274.0,7.017543859649122,1.7543859649122806,,0.0,10.526315789473683,0.0,23.357664233576642,8.75912408759124,8.02919708029197,1.824817518248175,0.7299270072992701,1.4598540145985401,55.0,18.0,7.43,2.43,2.97,1.23,20.1,6.6000000000000005,274.0
126,Braxton Ashcraft,PIT,4.5625,47.14583333333333,68.4375,192,3.225806451612903,3.225806451612903,1.5842013888888888,0.0,3.225806451612903,,35.64453125,18.21831597222222,16.634114583333336,4.752604166666666,,1.5842013888888888,57.791666666666664,19.770833333333332,7.49,2.6,4.22,1.29,19.791666666666664,6.770833333333333,8.0,26.0,69.2,292.0,15.384615384615385,15.384615384615385,,0.0,15.384615384615385,3.8461538461538463,21.575342465753426,7.534246575342466,7.191780821917808,1.0273972602739725,0.3424657534246575,0.684931506849315,71.0,24.0,9.17,3.1,2.71,1.25,24.3,8.19999999999999,292.0
128,Jose Butto,NYM,0.0,67.26315789473685,67.26315789473685,266,4.761904761904761,4.761904761904761,0.0,1.5873015873015872,25.396825396825395,,20.470348804341683,10.83724348465148,10.034484708010629,2.4082763299225505,,1.2041381649612752,64.06015037593986,28.827067669172937,8.62,3.86,3.5,1.24,22.55639097744361,10.150375939849624,0.0,55.0,67.0,284.0,9.090909090909092,5.454545454545454,,1.8181818181818181,10.909090909090908,7.2727272727272725,21.830985915492956,10.915492957746478,10.211267605633804,1.4084507042253522,0.7042253521126761,0.7042253521126761,58.0,32.0,7.79,4.3,3.9,1.4,20.4,11.3,284.0
129,Tyler Kinley,COL,0.0,70.90647482014388,70.90647482014388,278,4.6875,4.6875,0.0,26.562500000000007,10.9375,,24.31033590393872,13.948553387505822,12.752963097148182,3.586770871072926,,1.1955902903576419,72.01438848920863,31.02158273381295,9.19,3.94,4.56,1.4,23.381294964028775,10.071942446043163,0.0,73.0,72.2,308.0,8.21917808219178,4.10958904109589,,4.10958904109589,17.80821917808219,4.10958904109589,17.20779220779221,11.363636363636363,10.38961038961039,1.948051948051948,1.2987012987012987,0.974025974025974,73.0,33.0,9.04,4.09,3.96,1.18,23.7,10.7,308.0
130,Alexis Diaz,CIN,0.0,20.018115942028984,20.018115942028984,276,4.615384615384615,4.615384615384615,0.0,43.07692307692308,4.615384615384615,,5.913936147868095,3.570678428901491,3.347511027095148,1.0042533081285443,,0.3347511027095148,21.25,9.855072463768115,9.6,4.43,4.09,1.3,25.0,11.594202898550725,0.0,18.0,17.2,85.0,5.555555555555555,0.0,,0.0,22.22222222222222,0.0,17.647058823529413,20.0,18.823529411764707,7.0588235294117645,0.0,5.88235294117647,17.0,12.0,8.66,6.11,8.15,1.53,20.0,14.099999999999998,85.0
132,Scott Alexander,COL,0.0,18.9,18.9,240,5.3571428571428585,5.3571428571428585,0.0,0.0,16.071428571428573,,8.296875,4.21875,3.7968750000000004,0.703125,,0.4218750000000001,15.187500000000002,6.4125000000000005,7.15,3.05,4.36,1.39,18.75,7.916666666666666,0.0,21.0,17.2,81.0,4.761904761904762,4.761904761904762,,0.0,14.285714285714285,4.761904761904762,28.39506172839506,14.814814814814813,14.814814814814813,6.172839506172839,0.0,1.2345679012345678,8.0,9.0,4.08,4.58,6.11,1.81,9.9,11.1,81.0
133,Jordan Leasure,CHW,0.0,61.83908045977011,61.83908045977011,261,5.0,5.0,0.0,6.666666666666668,16.66666666666667,,20.534049705670792,11.451681566624096,10.267024852835396,2.764198998840299,,1.1846567137886994,64.93103448275862,28.85823754789272,9.42,4.2,3.96,1.35,24.13793103448276,10.727969348659004,1.0,68.0,64.1,269.0,7.352941176470589,8.823529411764707,,10.294117647058822,20.588235294117645,7.352941176470589,18.21561338289963,11.152416356877323,10.408921933085502,4.4609665427509295,0.37174721189591076,0.37174721189591076,81.0,30.0,11.33,4.2,3.92,1.23,30.1,11.19999999999999,269.0
135,Erik Miller,SFG,0.0,29.915708812260537,29.915708812260537,261,4.918032786885246,4.918032786885246,0.0,1.6393442622950818,19.672131147540984,,8.831344225716006,4.697523524317024,4.321721642371662,0.9395047048634049,,0.5637028229180429,35.310344827586206,16.18390804597701,10.59,4.87,3.43,1.32,27.58620689655172,12.643678160919542,0.0,36.0,30.0,128.0,11.11111111111111,2.7777777777777777,,0.0,27.77777777777778,5.555555555555555,18.75,3.90625,3.90625,0.0,3.125,2.34375,22.0,20.0,6.6,6.0,1.5,1.47,17.2,15.6,128.0
136,Jorge Lopez,WSN,0.0,24.46153846153846,24.46153846153846,260,5.000000000000001,5.000000000000001,0.0,11.666666666666668,20.000000000000004,,8.937869822485208,4.704142011834319,4.233727810650888,1.0976331360946745,,0.47041420118343197,22.015384615384615,9.376923076923076,8.11,3.45,4.08,1.35,20.76923076923077,8.846153846153847,0.0,26.0,24.2,106.0,23.076923076923077,0.0,,3.8461538461538463,19.230769230769234,11.538461538461538,23.58490566037736,16.9811320754717,16.9811320754717,0.9433962264150944,0.0,2.8301886792452833,17.0,7.0,6.2,2.55,6.57,1.3,16.0,6.6000000000000005,106.0
138,Justin Wilson,BOS,0.0,47.45454545454546,47.45454545454546,253,5.1724137931034475,5.1724137931034475,0.0,0.0,17.241379310344826,,17.786561264822133,9.05497664390945,8.084800574919154,2.587136183974129,,0.9701760689902982,49.909090909090914,15.545454545454549,9.4,2.95,3.94,1.29,24.110671936758894,7.5098814229249005,0.0,61.0,48.1,207.0,6.557377049180328,1.639344262295082,,0.0,29.508196721311474,6.557377049180328,23.18840579710145,10.628019323671497,8.695652173913043,1.4492753623188406,1.4492753623188406,0.966183574879227,57.0,20.0,10.61,3.72,3.35,1.41,27.500000000000004,9.69999999999999,207.0
139,Hoby Milner,TEX,0.0,69.39473684210527,69.39473684210527,228,5.555555555555555,5.555555555555555,0.0,0.0,16.666666666666664,,29.309018159433677,14.090874115112346,12.963604185903355,3.3818097876269624,,1.1272699292089872,61.684210526315795,19.276315789473685,8.01,2.5,3.88,1.24,21.052631578947366,6.578947368421052,0.0,73.0,70.1,293.0,4.10958904109589,5.47945205479452,,0.0,24.65753424657534,5.47945205479452,23.208191126279864,11.945392491467576,10.238907849829351,1.7064846416382253,1.023890784982935,0.6825938566552902,58.0,21.0,7.42,2.69,3.84,1.27,19.8,7.199999999999999,293.0
140,Caleb Thielbar,CHC,0.0,52.23021582733813,52.23021582733813,278,4.545454545454546,4.545454545454546,0.0,0.0,19.696969696969695,,15.65653951658817,8.255266290564672,7.401273226023498,2.277314838776461,,0.8539930645411727,56.97841726618705,20.575539568345324,9.79,3.55,3.61,1.22,25.899280575539567,9.352517985611511,0.0,67.0,58.0,220.0,4.477611940298507,5.970149253731343,,1.4925373134328357,37.3134328358209,4.477611940298507,17.272727272727273,7.727272727272727,7.727272727272727,2.272727272727273,0.45454545454545453,0.0,56.0,13.0,8.69,2.02,2.64,0.88,25.5,5.8999999999999995,220.0
142,Anthony Banda,LAD,0.0,61.84615384615385,61.84615384615385,247,5.2631578947368425,5.2631578947368425,0.0,0.0,22.807017543859647,,22.40325197921618,11.421265714894522,10.54270681374879,3.0749561540100645,,1.3178383517185988,61.84615384615385,24.955465587044536,9.07,3.63,3.77,1.3,23.076923076923077,9.31174089068826,1.0,71.0,65.0,268.0,7.042253521126761,1.4084507042253522,,0.0,15.492957746478872,1.4084507042253522,16.791044776119403,8.582089552238806,8.582089552238806,2.9850746268656714,2.2388059701492535,0.7462686567164178,61.0,34.0,8.45,4.71,3.18,1.22,22.8,12.7,268.0
143,Carson Whisenhunt,SFG,1.9490445859872612,14.292993630573248,23.388535031847137,157,4.545454545454546,4.545454545454546,0.8276197817355674,0.0,4.545454545454546,,13.241916507769078,7.034768144752321,6.207148363016755,1.6552395634711348,,0.8276197817355674,24.038216560509554,9.745222929936306,9.28,3.75,3.82,1.31,23.56687898089172,9.554140127388536,5.0,5.0,23.1,102.0,40.0,20.0,,0.0,0.0,0.0,21.568627450980394,13.725490196078432,12.745098039215685,5.88235294117647,0.0,1.9607843137254901,16.0,12.0,6.17,4.63,5.01,1.46,15.7,11.8,102.0
144,Sam Moll,CIN,0.0,18.877118644067796,18.877118644067796,236,5.454545454545454,5.454545454545454,0.0,0.0,18.181818181818183,,6.980752657282389,3.781241022694628,3.4903763286411946,1.0180264291870151,,0.43629704108014933,19.220338983050844,8.23728813559322,9.11,3.93,3.92,1.31,23.728813559322035,10.16949152542373,0.0,23.0,18.1,81.0,4.3478260869565215,0.0,,0.0,8.695652173913043,0.0,19.753086419753085,19.753086419753085,16.049382716049383,4.938271604938271,0.0,0.0,22.0,10.0,10.8,4.91,6.38,1.42,27.200000000000003,12.3,81.0
145,Carmen Mlodzinski,PIT,0.0,97.18250950570342,97.18250950570342,263,4.918032786885246,4.918032786885246,0.0,1.639344262295082,19.672131147540984,,34.52847373823534,18.172880914860702,16.355592823374636,3.6345761829721406,,1.8172880914860703,89.21673003802282,39.82889733840304,8.28,3.69,4.0,1.34,21.292775665399237,9.505703422053232,12.0,34.0,99.0,419.0,14.705882352941178,23.52941176470588,,0.0,8.823529411764707,2.941176470588235,24.3436754176611,10.023866348448687,9.307875894988067,1.9093078758949882,0.0,0.9546539379474941,89.0,27.0,8.09,2.45,3.55,1.3,21.2,6.4,419.0
147,Chad Green,TOR,0.0,45.862068965517246,45.862068965517246,261,4.761904761904762,4.761904761904762,0.0,7.936507936507936,19.047619047619047,,15.619265718354105,8.646379236946022,7.809632859177053,2.51023913330691,,0.83674637776897,42.95019157088123,15.28735632183908,8.43,3.0,4.05,1.22,22.60536398467433,8.045977011494253,0.0,45.0,43.2,190.0,6.666666666666667,4.444444444444445,,2.2222222222222223,15.555555555555555,0.0,26.842105263157894,14.736842105263156,14.210526315789473,7.368421052631578,1.0526315789473684,1.0526315789473684,35.0,13.0,7.21,2.68,5.56,1.47,18.4,6.800000000000001,190.0
150,Richard Fitts,BOS,2.8125,30.9375,45.0,208,6.0606060606060606,6.0606060606060606,0.9014423076923076,0.0,3.0303030303030303,,22.536057692307693,11.71875,10.817307692307693,2.7043269230769234,,0.9014423076923076,35.625,14.0625,6.98,2.81,4.5,1.34,18.269230769230766,7.211538461538461,10.0,11.0,45.0,195.0,18.181818181818183,36.36363636363637,,0.0,0.0,0.0,22.05128205128205,13.846153846153847,12.82051282051282,5.641025641025641,0.0,1.5384615384615385,40.0,16.0,8.0,3.2,5.0,1.31,20.5,8.19999999999999,195.0
151,Gabe Speier,SEA,0.0,58.0,58.0,243,5.172413793103448,5.172413793103448,0.0,0.0,17.24137931034483,,20.16460905349794,9.876543209876543,9.053497942386832,2.4691358024691357,,1.2345679012345678,60.0,21.0,9.24,3.26,3.47,1.2,24.69135802469136,8.641975308641975,0.0,76.0,62.0,243.0,5.263157894736842,3.9473684210526314,,0.0,31.57894736842105,7.894736842105263,17.695473251028808,7.818930041152264,7.4074074074074066,2.05761316872428,0.411522633744856,2.05761316872428,82.0,11.0,11.9,1.6,2.61,0.87,33.7,4.5,243.0
152,Jake Bird,COL,0.0,56.02962962962963,56.02962962962963,270,4.918032786885246,4.918032786885246,0.0,1.6393442622950818,16.393442622950815,,21.432098765432098,11.22633744855967,10.20576131687243,2.381344307270233,,1.0205761316872428,51.43703703703704,23.88148148148148,8.21,3.84,4.45,1.45,20.74074074074074,9.62962962962963,0.0,48.0,55.1,248.0,8.333333333333332,4.166666666666666,,0.0,20.833333333333336,12.5,24.193548387096776,14.919354838709678,13.709677419354838,2.82258064516129,1.6129032258064515,1.2096774193548387,66.0,25.0,10.73,4.07,5.53,1.54,26.6,10.099999999999987,248.0
154,Paul Sewald,CLE,0.0,19.58606557377049,19.58606557377049,244,5.084745762711865,5.084745762711865,0.0,1.694915254237288,20.33898305084746,,6.530502553077129,3.5373555495834452,3.1291991400161243,1.0884170921795215,,0.4081564095673206,21.24590163934426,6.639344262295081,9.7,3.05,3.57,1.15,26.229508196721312,8.19672131147541,0.0,22.0,19.2,81.0,4.545454545454546,4.545454545454546,,9.090909090909092,18.181818181818183,9.090909090909092,22.22222222222222,13.580246913580247,12.345679012345679,4.938271604938271,0.0,0.0,20.0,6.0,9.15,2.75,4.58,1.22,24.7,7.4,81.0
155,Daniel Lynch IV,KCR,4.691558441558442,51.607142857142854,67.55844155844156,308,5.454545454545455,5.454545454545455,0.9139399561477484,0.0,7.272727272727273,,23.15314555574296,12.490512734019228,11.27192612582223,2.741819868443245,,0.9139399561477484,49.73051948051948,20.642857142857142,6.58,2.75,4.7,1.37,17.20779220779221,7.142857142857142,2.0,57.0,67.2,289.0,10.526315789473683,3.508771929824561,,1.7543859649122806,12.280701754385964,0.0,22.837370242214533,8.304498269896193,7.958477508650519,2.768166089965398,0.34602076124567477,2.0761245674740483,45.0,26.0,5.99,3.46,3.06,1.36,15.6,9.0,289.0
156,Daysbel Hernandez,ATL,0.0,38.048,38.048,250,5.172413793103448,5.172413793103448,0.0,0.0,18.96551724137931,,12.0704,6.5600000000000005,6.0352,1.5744,,0.7872,45.264,19.68,10.68,4.66,3.59,1.31,27.6,12.0,0.0,39.0,37.0,164.0,10.256410256410255,7.6923076923076925,,0.0,25.64102564102564,5.128205128205128,16.463414634146343,9.75609756097561,8.536585365853659,1.8292682926829267,0.6097560975609756,1.2195121951219512,33.0,30.0,8.03,7.3,3.41,1.54,20.1,18.3,164.0
157,Tyler Gilbert,CHW,0.0,50.301886792452834,50.301886792452834,265,4.838709677419355,4.838709677419355,0.0,0.0,16.129032258064512,,18.675685297258813,9.797080811676755,8.87860448558206,2.4492702029191884,,0.9184763260946958,43.0,15.415094339622645,7.66,2.76,4.2,1.29,20.0,7.169811320754717,5.0,46.0,51.0,215.0,8.695652173913043,4.3478260869565215,,2.1739130434782608,10.869565217391305,0.0,18.6046511627907,11.162790697674419,10.232558139534884,2.3255813953488373,1.3953488372093024,0.9302325581395349,49.0,24.0,8.65,4.24,3.88,1.25,22.8,11.19999999999999,215.0
158,Tyler Ferguson,ATH,0.0,56.840909090909086,56.840909090909086,264,4.918032786885247,4.918032786885247,0.0,0.0,21.311475409836067,,17.64807162534435,9.52995867768595,8.47107438016529,2.1177685950413223,,1.0588842975206612,63.36363636363636,28.886363636363633,9.99,4.57,3.58,1.32,25.75757575757576,11.742424242424242,0.0,56.0,58.0,246.0,7.142857142857142,3.571428571428571,,3.571428571428571,19.642857142857142,5.357142857142857,17.479674796747968,13.008130081300814,12.195121951219512,1.6260162601626018,0.8130081300813009,1.6260162601626018,54.0,34.0,8.38,5.28,4.66,1.33,22.0,13.8,246.0
160,Jorge Alcala,MIN,0.0,61.79770992366412,61.79770992366412,262,4.761904761904763,4.761904761904763,0.0,0.0,19.04761904761905,,18.719771575083037,10.483072082046501,9.73428121904318,2.995163452013286,,1.1231862945049822,66.70229007633588,26.48473282442748,9.76,3.86,3.68,1.22,25.95419847328244,10.30534351145038,0.0,56.0,55.0,257.0,0.0,3.571428571428571,,0.0,8.928571428571429,3.571428571428571,25.680933852140075,17.120622568093385,14.785992217898833,5.058365758754864,0.38910505836575876,0.38910505836575876,61.0,30.0,9.98,4.91,6.22,1.75,23.7,11.69999999999999,257.0
163,DL Hall,MIL,2.409326424870466,24.89637305699482,35.33678756476684,193,6.451612903225806,6.451612903225806,0.8322371070364305,0.0,3.225806451612903,,16.64474214072861,9.154608177400734,8.322371070364305,2.0805927675910763,,0.8322371070364305,35.33678756476684,16.865284974093264,9.05,4.3,4.14,1.38,22.797927461139896,10.88082901554404,3.0,20.0,38.2,155.0,5.0,0.0,,0.0,5.0,0.0,15.483870967741936,9.67741935483871,9.67741935483871,1.2903225806451613,0.0,0.0,27.0,17.0,6.28,3.96,3.49,1.06,17.4,11.0,155.0
164,Julian Merryweather,CHC,0.0,20.53333333333333,20.53333333333333,240,5.3571428571428585,5.3571428571428585,0.0,0.0,17.857142857142858,,7.333333333333332,3.819444444444444,3.5138888888888893,0.9166666666666665,,0.4583333333333333,22.366666666666664,8.799999999999999,9.79,3.86,3.67,1.28,25.416666666666664,10.0,0.0,21.0,18.2,88.0,0.0,4.761904761904762,,0.0,33.33333333333333,0.0,26.136363636363637,14.772727272727273,13.636363636363635,2.272727272727273,2.272727272727273,0.0,15.0,11.0,7.23,5.3,5.79,1.82,17.0,12.5,88.0
165,Matt Brash,SEA,0.0,47.28712871287129,47.28712871287129,202,6.25,4.166666666666667,0.0,0.0,2.0833333333333335,,17.06940496029801,7.8031565532790905,7.315459268699147,1.9507891383197726,,0.9753945691598863,62.06435643564356,20.68811881188119,11.79,3.94,2.83,1.18,31.18811881188119,10.396039603960396,0.0,53.0,47.1,199.0,1.8867924528301887,5.660377358490567,,7.547169811320755,39.62264150943396,1.8867924528301887,20.603015075376884,7.537688442211055,6.532663316582915,2.0100502512562812,1.0050251256281406,1.0050251256281406,58.0,18.0,11.03,3.42,2.47,1.25,29.1,9.0,199.0
166,Brant Hurter,DET,0.0,65.95238095238096,65.95238095238096,252,5.0,5.0,0.0,0.0,8.333333333333332,,25.299193751574705,12.213403880070548,11.341017888636937,2.6171579743008313,,1.3085789871504157,53.861111111111114,17.58730158730159,7.42,2.4,3.84,1.25,19.444444444444446,6.349206349206349,4.0,43.0,63.0,277.0,9.30232558139535,6.976744186046512,,4.651162790697675,11.627906976744185,0.0,20.577617328519857,9.386281588447654,6.137184115523466,1.444043321299639,1.083032490974729,3.9711191335740073,68.0,27.0,9.71,3.86,2.43,1.33,24.5,9.69999999999999,277.0
169,John King,STL,0.0,52.01673640167364,52.01673640167364,239,5.357142857142858,5.357142857142858,0.0,0.0,17.857142857142854,,22.54162217048021,10.882162427128376,9.716216452793194,1.9432432905586388,,0.7772973162234553,37.15481171548117,14.861924686192468,6.4,2.57,4.08,1.33,16.736401673640167,6.694560669456067,0.0,51.0,48.1,222.0,3.9215686274509802,1.9607843137254901,,0.0,5.88235294117647,1.9607843137254901,29.27927927927928,13.513513513513514,11.26126126126126,3.6036036036036037,0.0,0.0,28.0,14.0,5.21,2.61,4.66,1.63,12.6,6.3,222.0
170,Kyle Bradish,BAL,3.189873417721519,22.329113924050635,30.303797468354432,79,7.142857142857142,7.142857142857142,2.018907226406025,0.0,7.142857142857142,,34.32142284890242,16.1512578112482,14.132350584842172,4.03781445281205,,2.018907226406025,31.89873417721519,9.569620253164558,9.27,2.84,3.42,1.17,25.31645569620253,7.59493670886076,6.0,6.0,32.0,126.0,16.666666666666664,16.666666666666664,,0.0,0.0,0.0,18.253968253968253,7.142857142857142,7.142857142857142,2.380952380952381,0.0,0.7936507936507936,47.0,10.0,13.22,2.81,2.53,1.03,37.3,7.9,126.0
171,Brennan Bernardino,BOS,0.0,51.76888888888889,51.76888888888889,225,5.769230769230769,5.769230769230769,0.0,0.0,7.6923076923076925,,22.12345679012346,11.06172839506173,10.176790123456788,2.6548148148148147,,0.8849382716049382,51.76888888888889,19.91111111111111,9.08,3.46,4.01,1.35,23.11111111111111,8.88888888888889,3.0,55.0,51.2,224.0,7.2727272727272725,5.454545454545454,,1.8181818181818181,3.6363636363636362,0.0,17.410714285714285,10.267857142857142,8.035714285714286,0.4464285714285714,2.232142857142857,1.3392857142857142,43.0,26.0,7.49,4.53,3.14,1.26,19.2,11.599999999999987,224.0
172,Shawn Armstrong,TEX,0.0,66.41935483870968,66.41935483870968,248,5.172413793103448,5.172413793103448,0.0,0.0,18.965517241379313,,24.93496357960458,13.390998959417274,12.005723204994798,3.6940686784599377,,1.3852757544224765,64.12903225806453,22.903225806451616,8.73,3.1,4.06,1.28,22.58064516129032,8.064516129032258,2.0,71.0,74.0,284.0,5.633802816901409,4.225352112676056,,12.676056338028168,16.901408450704224,4.225352112676056,14.084507042253522,7.394366197183098,6.690140845070422,1.7605633802816902,0.0,2.112676056338028,74.0,20.0,9.0,2.43,2.31,0.81,26.1,7.000000000000001,284.0
173,Tayler Scott,HOU,0.0,31.21863799283154,31.21863799283154,279,4.615384615384616,4.615384615384616,0.0,1.5384615384615383,24.615384615384617,,9.812309708251435,5.336519315013938,4.992227746303362,1.3771662748423068,,0.516437353065865,31.698924731182796,13.448028673835124,9.1,3.88,3.95,1.31,23.655913978494624,10.03584229390681,0.0,24.0,27.1,134.0,4.166666666666666,8.333333333333332,,0.0,12.5,4.166666666666666,25.37313432835821,18.65671641791045,17.91044776119403,4.477611940298507,0.0,0.7462686567164178,24.0,18.0,7.9,5.93,7.9,1.9,17.9,13.4,134.0
174,Hunter Gaddis,CLE,0.0,65.0,65.0,274,4.615384615384616,4.615384615384616,0.0,0.0,26.153846153846157,,21.16788321167883,10.948905109489052,10.218978102189782,3.2846715328467155,,1.094890510948905,58.0,21.0,8.08,2.91,3.83,1.21,21.16788321167883,7.664233576642336,0.0,73.0,66.2,274.0,2.73972602739726,2.73972602739726,,4.10958904109589,47.94520547945205,5.47945205479452,21.16788321167883,8.75912408759124,8.394160583941606,2.9197080291970803,0.7299270072992701,0.36496350364963503,73.0,21.0,9.86,2.84,3.11,1.19,26.6,7.7,274.0
175,Tommy Nance,TOR,0.0,29.15702479338843,29.15702479338843,242,5.357142857142858,5.357142857142858,0.0,0.0,17.85714285714286,,11.402909637319857,5.809029437879927,5.163581722559934,1.2908954306399836,,0.6454477153199918,27.07438016528926,10.93388429752066,8.3,3.38,3.91,1.31,21.487603305785125,8.677685950413224,0.0,30.0,31.2,126.0,6.666666666666667,0.0,,0.0,16.666666666666664,0.0,19.841269841269842,8.73015873015873,5.555555555555555,0.0,0.0,0.7936507936507936,32.0,7.0,9.09,1.99,1.99,1.01,25.4,5.59999999999999,126.0
176,Joe Boyle,TBR,3.8435374149659864,37.666666666666664,50.73469387755102,294,4.081632653061225,4.081632653061225,1.04586052107918,0.0,2.0408163265306123,,13.334721643759542,8.36688416863344,7.582488777824054,1.5687907816187698,,1.04586052107918,59.95918367346938,36.12925170068027,10.55,6.41,3.98,1.49,26.53061224489796,15.98639455782313,9.0,13.0,52.0,226.0,7.6923076923076925,30.76923076923077,,0.0,0.0,0.0,19.02654867256637,14.601769911504425,11.946902654867257,2.6548672566371683,0.4424778761061947,1.3274336283185841,58.0,28.0,10.04,4.85,4.67,1.37,25.7,12.4,226.0
179,Mason Montgomery,TBR,0.0,48.984375,48.984375,256,5.0,5.0,0.0,1.6666666666666667,20.0,,16.583251953125,8.929443359375,7.97271728515625,2.23236083984375,,0.95672607421875,49.80078125,20.41015625,9.09,3.75,3.78,1.28,23.828125,9.765625,0.0,57.0,46.0,209.0,1.7543859649122806,5.263157894736842,,1.7543859649122806,17.543859649122805,5.263157894736842,23.444976076555022,15.311004784688995,13.875598086124402,2.8708133971291865,0.0,0.4784688995215311,63.0,27.0,12.33,5.28,5.67,1.65,30.1,12.9,209.0
181,Michael Tonkin,MIN,0.0,24.2073732718894,24.2073732718894,217,5.882352941176471,5.882352941176471,0.0,0.0,7.8431372549019605,,9.843063135764192,5.030898936057254,4.593429463356622,1.3124084181018922,,0.43746947270063075,25.15668202764977,9.018433179723502,9.37,3.35,3.73,1.25,24.42396313364055,8.755760368663594,0.0,21.0,24.0,103.0,9.523809523809524,4.761904761904762,,0.0,9.523809523809524,4.761904761904762,19.41747572815534,12.62135922330097,12.62135922330097,2.912621359223301,0.0,4.854368932038835,19.0,8.0,7.13,3.0,4.88,1.17,18.4,7.8,103.0
182,Sawyer Gipson-Long,DET,1.8095238095238095,27.142857142857142,31.666666666666668,147,3.3333333333333335,3.3333333333333335,1.2309685779073534,0.0,3.3333333333333335,,20.92646582442501,10.463232912212503,9.847748623258827,2.4619371558147067,,0.6154842889536767,28.047619047619047,9.047619047619047,7.84,2.57,4.02,1.25,21.08843537414966,6.802721088435375,3.0,8.0,31.1,133.0,0.0,25.0,,0.0,12.5,0.0,25.563909774436087,19.548872180451127,18.796992481203006,6.015037593984962,0.0,1.5037593984962405,26.0,6.0,7.47,1.72,7.18,1.28,19.5,4.5,133.0
183,Yuki Matsui,SDP,0.0,64.65573770491802,64.65573770491802,244,5.172413793103448,5.172413793103448,0.0,0.0,18.96551724137931,,21.92958882020962,12.335393711367912,11.421660843859177,3.6549314700349367,,1.3705993012631013,68.0,26.754098360655735,9.43,3.72,3.86,1.25,25.0,9.836065573770492,0.0,61.0,63.1,272.0,4.918032786885246,1.639344262295082,,1.639344262295082,4.918032786885246,0.0,19.485294117647058,10.661764705882353,10.294117647058822,3.6764705882352944,0.7352941176470588,0.3676470588235294,61.0,33.0,8.67,4.69,3.98,1.36,22.399999999999988,12.1,272.0
184,Cionel Perez,BAL,0.0,25.450980392156865,25.450980392156865,255,5.084745762711864,5.084745762711864,0.0,0.0,16.949152542372882,,9.134948096885813,4.567474048442906,4.2291426374471355,0.8458285274894274,,0.5074971164936563,23.294117647058822,11.647058823529411,8.31,4.12,3.83,1.37,21.176470588235293,10.588235294117649,0.0,19.0,21.2,110.0,0.0,0.0,,0.0,0.0,0.0,25.454545454545453,20.0,18.181818181818183,2.727272727272727,0.9090909090909091,1.8181818181818181,21.0,18.0,8.72,7.48,8.31,2.12,19.1,16.399999999999988,110.0
186,Ryne Stanek,NYM,0.0,60.1219512195122,60.1219512195122,246,5.172413793103448,5.172413793103448,0.0,0.0,20.689655172413797,,19.383303589133455,10.955780289510212,10.11302795954789,2.9496331548681343,,1.264128494943486,67.3780487804878,27.98780487804878,10.05,4.19,3.68,1.26,26.422764227642276,10.975609756097562,0.0,65.0,56.0,255.0,6.153846153846154,9.230769230769232,,4.615384615384616,16.923076923076923,7.6923076923076925,21.96078431372549,15.294117647058824,12.941176470588237,2.7450980392156863,0.0,0.0,58.0,32.0,9.32,5.14,5.3,1.57,22.69999999999999,12.5,255.0
188,Kevin Kelly,TBR,0.0,41.0,41.0,171,4.878048780487805,4.878048780487805,0.0,0.0,2.4390243902439024,,22.22222222222222,9.941520467836257,8.771929824561402,2.3391812865497075,,1.1695906432748537,38.0,10.0,8.43,2.2,3.35,1.17,22.22222222222222,5.847953216374268,0.0,41.0,39.2,171.0,4.878048780487805,12.195121951219512,,0.0,12.195121951219512,9.75609756097561,26.31578947368421,16.95906432748538,15.204678362573098,6.432748538011696,0.5847953216374269,0.0,35.0,9.0,7.94,2.04,5.9,1.36,20.5,5.3,171.0
189,Trevor Rogers,BAL,7.93125,58.162499999999994,97.81875,160,4.545454545454546,4.545454545454546,3.3046874999999996,0.0,4.545454545454546,,61.13671875,34.69921875,31.39453125,8.26171875,,3.3046874999999996,79.3125,37.0125,7.4,3.41,4.64,1.39,18.75,8.75,18.0,18.0,109.2,423.0,50.0,16.666666666666664,,0.0,0.0,0.0,16.548463356973993,5.4373522458628845,5.200945626477541,1.4184397163120568,0.0,0.4728132387706856,103.0,29.0,8.45,2.38,1.81,0.9,24.3,6.9,423.0
190,Ryan Zeferjahn,LAA,0.0,58.278810408921935,58.278810408921935,269,4.918032786885246,4.918032786885246,0.0,1.639344262295082,19.672131147540984,,17.758184657481237,9.944583408189493,9.234256021890245,2.841309545196998,,1.0654910794488743,64.96654275092936,31.527881040892193,10.03,4.87,3.84,1.36,25.27881040892193,12.267657992565056,1.0,62.0,57.0,257.0,9.67741935483871,8.064516129032258,,3.225806451612903,27.419354838709676,8.064516129032258,19.06614785992218,12.062256809338521,11.673151750972762,4.669260700389105,1.1673151750972763,1.556420233463035,73.0,35.0,11.53,5.53,4.74,1.47,28.4,13.6,257.0
192,Jose Suarez,LAA,0.5586206896551724,17.317241379310346,18.713793103448275,290,4.838709677419355,4.838709677419355,0.28894173602853745,0.0,16.129032258064516,,6.164090368608798,3.3709869203329372,3.082045184304399,0.9631391200951248,,0.28894173602853745,17.59655172413793,6.982758620689655,8.44,3.36,4.34,1.31,21.72413793103448,8.620689655172415,1.0,7.0,19.1,81.0,28.57142857142857,0.0,,14.285714285714285,14.285714285714285,0.0,18.51851851851852,6.172839506172839,4.938271604938271,1.2345679012345678,1.2345679012345678,0.0,16.0,10.0,7.45,4.66,1.86,1.29,19.8,12.3,81.0
193,Kaleb Ort,HOU,0.0,45.291828793774314,45.291828793774314,257,5.0,5.0,0.0,0.0,20.0,,14.392345077139698,7.930475858832077,7.343033202622296,2.3497706248391346,,0.8811639843146755,49.82101167315175,19.626459143968873,9.88,3.9,3.73,1.25,25.680933852140075,10.116731517509727,0.0,49.0,46.0,194.0,4.081632653061225,4.081632653061225,,2.0408163265306123,6.122448979591836,0.0,18.04123711340206,13.402061855670103,12.886597938144329,4.123711340206185,0.5154639175257731,0.0,49.0,27.0,9.59,5.28,4.89,1.35,25.3,13.900000000000002,194.0
194,Dane Dunning,TEX,0.8357771260997067,17.55131964809384,22.008797653958943,341,4.761904761904762,4.761904761904762,0.24509593140753863,0.0,7.936507936507936,,6.617590148003543,3.6764389711130794,3.43134303970554,0.8986850818276416,,0.32679457521005145,18.108504398826977,7.800586510263929,7.34,3.19,4.71,1.37,19.06158357771261,8.211143695014663,0.0,12.0,20.2,95.0,0.0,0.0,,16.666666666666664,0.0,0.0,25.263157894736842,17.894736842105264,16.842105263157894,4.2105263157894735,1.0526315789473684,3.1578947368421053,21.0,7.0,9.15,3.05,6.97,1.5,22.1,7.4,95.0
199,Kody Funderburk,MIN,0.0,42.36111111111111,42.36111111111111,216,6.000000000000001,4.0,0.0,0.0,2.0,,17.650462962962962,8.236882716049383,7.844650205761317,1.9611625514403292,,0.7844650205761318,43.208333333333336,16.944444444444443,9.24,3.6,3.53,1.3,23.61111111111111,9.25925925925926,0.0,39.0,41.0,183.0,10.256410256410255,2.564102564102564,,2.564102564102564,17.94871794871795,0.0,24.043715846994534,9.289617486338798,8.743169398907105,1.092896174863388,0.546448087431694,1.639344262295082,40.0,18.0,8.78,3.95,3.51,1.51,21.899999999999988,9.8,183.0
202,Brooks Raley,,0.0,23.294117647058822,23.294117647058822,85,5.0,5.0,0.0,0.0,0.0,,23.294117647058822,12.332179930795848,10.961937716262977,2.740484429065744,,1.370242214532872,24.458823529411767,9.31764705882353,9.58,3.6,3.6,1.24,24.705882352941178,9.411764705882351,0.0,30.0,25.2,99.0,10.0,3.3333333333333335,,0.0,33.33333333333333,0.0,14.14141414141414,7.07070707070707,7.07070707070707,0.0,0.0,2.0202020202020203,25.0,6.0,8.77,2.1,2.45,0.78,25.3,6.1,99.0
203,John Brebbia,DET,0.0,26.97530864197531,26.97530864197531,243,5.263157894736842,5.263157894736842,0.0,0.0,15.789473684210526,,9.932428999644364,5.453098274314552,4.868837744923707,1.5580280783755864,,0.5842605293908449,27.921810699588477,9.465020576131687,9.36,3.16,3.98,1.26,24.279835390946506,8.23045267489712,0.0,22.0,23.1,115.0,4.545454545454546,4.545454545454546,,0.0,9.090909090909092,0.0,24.347826086956523,20.0,17.391304347826086,4.3478260869565215,0.0,3.4782608695652173,26.0,12.0,10.03,4.63,7.71,1.71,22.6,10.4,115.0
204,Scott Barlow,CIN,0.0,70.57831325301206,70.57831325301206,249,5.172413793103448,5.172413793103448,0.0,0.0,12.068965517241379,,23.94638796148449,13.194948468573086,12.217544878308415,3.420912565926357,,1.4661053853970099,77.87951807228916,32.855421686746986,10.01,4.19,3.88,1.31,25.702811244979916,10.843373493975903,1.0,75.0,68.1,303.0,8.0,4.0,,1.3333333333333335,21.333333333333336,1.3333333333333335,16.5016501650165,11.55115511551155,10.561056105610561,2.6402640264026402,0.9900990099009901,1.9801980198019802,75.0,45.0,9.88,5.93,4.21,1.39,24.8,14.9,303.0
205,Danny Coulombe,MIN,0.0,42.61883408071749,42.61883408071749,223,5.5555555555555545,5.5555555555555545,0.0,0.0,12.962962962962962,,16.63415713165356,8.494037684248626,7.7862012105612415,2.47742765790585,,0.7078364736873856,43.40807174887892,13.417040358744394,9.17,2.83,3.7,1.19,24.66367713004484,7.623318385650224,1.0,55.0,43.0,176.0,3.6363636363636362,1.8181818181818181,,3.6363636363636362,16.363636363636363,0.0,18.181818181818183,6.25,6.25,1.7045454545454544,0.0,0.0,43.0,18.0,9.0,3.77,2.3,1.16,24.4,10.2,176.0
206,Collin Snider,SEA,0.0,27.3321554770318,27.3321554770318,283,4.615384615384616,4.615384615384616,0.0,4.615384615384616,18.461538461538463,,8.320743173219793,4.308956286131679,4.011786887088115,1.040092896652474,,0.4457540985653461,27.752650176678443,12.19434628975265,9.12,4.02,3.71,1.31,23.32155477031802,10.247349823321557,0.0,24.0,26.1,119.0,8.333333333333332,4.166666666666666,,0.0,16.666666666666664,0.0,26.89075630252101,16.80672268907563,13.445378151260504,2.5210084033613445,0.8403361344537815,1.680672268907563,24.0,6.0,8.2,2.05,5.47,1.44,20.19999999999999,5.0,119.0
207,Cooper Criswell,BOS,1.616161616161616,14.545454545454543,18.585858585858585,99,5.555555555555556,5.555555555555556,0.8162432404856648,0.0,5.555555555555556,,20.406081012141616,10.61116212631364,9.794918885827975,2.4487297214569943,,0.8162432404856648,13.737373737373735,5.656565656565657,6.61,2.74,4.6,1.36,17.17171717171717,7.07070707070707,1.0,7.0,17.2,80.0,14.285714285714285,0.0,,14.285714285714285,0.0,0.0,28.749999999999996,12.5,8.75,3.75,0.0,0.0,9.0,5.0,4.58,2.55,3.57,1.58,11.3,6.3,80.0
209,Nic Enright,CLE,0.0,30.45029239766082,30.45029239766082,171,4.878048780487805,4.878048780487805,0.0,0.0,2.4390243902439024,,14.766936835265554,7.383468417632777,6.5148250743818625,2.171608358127287,,0.8686433432509149,33.421052631578945,9.65497076023392,9.85,2.85,3.39,1.15,26.31578947368421,7.602339181286549,0.0,27.0,31.0,127.0,7.4074074074074066,3.7037037037037033,,3.7037037037037033,11.11111111111111,3.7037037037037033,18.89763779527559,6.299212598425196,5.511811023622047,2.3622047244094486,0.0,1.574803149606299,30.0,12.0,8.71,3.48,2.03,1.16,23.6,9.4,127.0
210,Tim Mayza,PIT,0.0,17.100840336134453,17.100840336134453,238,5.454545454545456,5.454545454545456,0.0,0.0,7.272727272727273,,7.315867523479981,3.6579337617399905,3.3966527787585616,0.6532024574535696,,0.2612809829814279,13.991596638655462,6.218487394957983,7.36,3.27,4.23,1.38,18.907563025210084,8.403361344537815,0.0,15.0,16.2,74.0,0.0,0.0,,0.0,0.0,0.0,22.972972972972975,9.45945945945946,9.45945945945946,2.7027027027027026,0.0,2.7027027027027026,15.0,5.0,8.1,2.7,3.78,1.32,20.3,6.800000000000001,74.0
211,Abner Uribe,MIL,0.0,69.96521739130435,69.96521739130435,230,5.555555555555555,5.555555555555555,0.0,0.0,11.111111111111112,,23.09640831758034,12.39319470699433,11.266540642722118,2.2533081285444236,,1.6899810964083175,79.03478260869565,40.16521739130435,10.19,5.17,3.33,1.33,26.521739130434785,13.478260869565217,0.0,75.0,75.1,298.0,4.0,2.666666666666667,,9.333333333333334,49.333333333333336,2.666666666666667,17.114093959731544,6.0402684563758395,4.697986577181208,1.342281879194631,0.6711409395973155,2.013422818791946,90.0,27.0,10.75,3.23,1.67,1.04,30.2,9.1,298.0
213,Eric Orze,TBR,0.0,41.196506550218345,41.196506550218345,229,5.660377358490567,5.660377358490567,0.0,0.0,9.433962264150942,,15.613737342918707,8.1462977441315,7.467439598787208,2.0365744360328755,,1.0182872180164377,45.082969432314414,18.655021834061134,9.77,4.08,3.75,1.32,25.327510917030565,10.480349344978166,0.0,33.0,41.2,178.0,3.0303030303030303,3.0303030303030303,,9.090909090909092,3.0303030303030303,0.0,21.34831460674157,8.98876404494382,7.865168539325842,2.247191011235955,0.5617977528089888,1.6853932584269662,40.0,19.0,8.64,4.1,3.02,1.37,22.5,10.7,178.0
216,Graham Ashcraft,CIN,0.0,66.01754385964912,66.01754385964912,228,5.660377358490567,5.660377358490567,0.0,0.0,7.547169811320756,,29.50138504155125,15.297014465989536,14.204370575561711,3.824253616497384,,1.0926438904278242,52.31578947368421,21.17543859649123,7.17,2.89,4.39,1.34,18.421052631578945,7.456140350877193,0.0,62.0,65.1,284.0,12.903225806451612,8.064516129032258,,0.0,37.096774193548384,9.67741935483871,23.943661971830984,13.028169014084506,10.211267605633804,0.7042253521126761,0.0,0.0,64.0,25.0,8.82,3.44,3.99,1.42,22.5,8.799999999999999,284.0
217,Phil Maton,STL,0.0,57.58801498127341,57.58801498127341,267,4.838709677419355,4.838709677419355,0.0,1.612903225806452,20.967741935483872,,18.78550688044439,10.088512954312726,9.044873683176927,2.7830380563621318,,1.0436392711357994,56.65917602996255,23.220973782771537,8.85,3.63,3.8,1.27,22.846441947565545,9.363295880149812,0.0,63.0,61.1,248.0,6.349206349206349,7.936507936507936,,7.936507936507936,34.92063492063492,7.936507936507936,16.93548387096774,8.46774193548387,7.661290322580645,1.2096774193548387,0.8064516129032258,2.82258064516129,81.0,23.0,11.89,3.38,2.79,1.06,32.7,9.3,248.0
218,JT Brubaker,NYY,1.4810126582278482,22.21518987341772,27.151898734177216,237,4.444444444444445,4.444444444444445,0.41659990386156065,0.0,2.2222222222222223,,11.039897452331358,6.24899855792341,5.624098702131068,1.6663996154462426,,0.624899855792341,23.20253164556962,10.367088607594935,7.67,3.44,4.49,1.34,19.831223628691983,8.860759493670885,1.0,17.0,28.2,117.0,0.0,0.0,,0.0,0.0,0.0,19.65811965811966,10.256410256410255,10.256410256410255,0.0,0.8547008547008548,0.8547008547008548,22.0,12.0,6.91,3.77,3.77,1.22,18.8,10.3,117.0
219,Justin Topa,MIN,0.0,62.75121951219512,62.75121951219512,205,6.25,4.166666666666667,0.0,0.0,2.0833333333333335,,28.697204045211183,14.029744199881023,12.75431290898275,3.1885782272456873,,1.2754312908982748,58.829268292682926,22.22439024390244,8.47,3.19,3.75,1.29,21.951219512195124,8.292682926829269,1.0,54.0,60.0,268.0,1.8518518518518516,9.25925925925926,,7.4074074074074066,7.4074074074074066,7.4074074074074066,25.37313432835821,11.940298507462686,9.701492537313433,0.7462686567164178,1.1194029850746268,1.4925373134328357,49.0,18.0,7.35,2.7,3.9,1.43,18.3,6.7,268.0
220,Bryan Baker,BAL,0.0,64.76363636363637,64.76363636363637,220,5.769230769230768,5.769230769230768,0.0,0.0,7.692307692307692,,24.90909090909091,13.586776859504132,12.454545454545455,3.396694214876033,,1.1322314049586775,69.74545454545454,28.645454545454545,9.7,3.98,3.79,1.27,25.454545454545453,10.454545454545451,0.0,73.0,68.2,274.0,5.47945205479452,5.47945205479452,,4.10958904109589,26.027397260273972,8.21917808219178,21.532846715328464,12.043795620437956,11.313868613138686,4.744525547445255,0.0,0.0,83.0,17.0,10.88,2.23,4.06,1.11,30.3,6.2,274.0
221,Brenan Hanifee,DET,0.0,61.505376344086024,61.505376344086024,186,4.545454545454546,4.545454545454546,0.0,0.0,2.272727272727273,,32.31587466759163,15.03063938027518,13.527575442247661,3.0061278760550354,,1.5030639380275177,50.322580645161295,18.172043010752688,7.46,2.66,3.76,1.26,19.35483870967742,6.989247311827956,0.0,54.0,60.0,260.0,5.555555555555555,5.555555555555555,,0.0,18.51851851851852,1.8518518518518516,25.0,11.923076923076923,7.6923076923076925,1.153846153846154,0.7692307692307693,0.7692307692307693,40.0,14.0,6.0,2.1,3.0,1.32,15.4,5.4,260.0
222,Cam Booser,CHW,0.0,33.15942028985507,33.15942028985507,207,6.25,4.166666666666666,0.0,0.0,2.083333333333333,,14.350393241382529,7.675791733762748,7.0083315830007695,2.002380452285934,,0.6674601507619781,35.231884057971016,13.816425120772946,9.51,3.75,3.91,1.31,24.637681159420293,9.66183574879227,0.0,39.0,31.0,143.0,5.128205128205128,10.256410256410255,,2.564102564102564,20.51282051282051,7.6923076923076925,19.58041958041958,15.384615384615385,13.286713286713287,5.594405594405594,0.6993006993006993,1.3986013986013985,35.0,19.0,10.16,5.52,5.52,1.52,24.5,13.3,143.0
223,Clayton Beeter,NYY,0.0,24.266666666666666,24.266666666666666,120,3.571428571428572,3.571428571428572,0.0,0.0,3.571428571428572,,14.444444444444446,7.222222222222223,7.222222222222223,2.166666666666667,,0.7222222222222223,30.333333333333336,12.133333333333333,11.19,4.5,3.07,1.23,29.166666666666668,11.666666666666666,0.0,26.0,25.1,104.0,0.0,11.538461538461538,,3.8461538461538463,34.61538461538461,7.6923076923076925,12.5,11.538461538461538,11.538461538461538,2.8846153846153846,0.0,0.0,33.0,18.0,11.72,6.39,4.26,1.22,31.7,17.299999999999997,104.0
226,Jonathan Loaisiga,NYY,0.0,32.53012048192771,32.53012048192771,166,5.0,5.0,0.0,0.0,2.5,,16.656989403396718,8.328494701698359,7.8385832486572795,1.9596458121643199,,0.9798229060821599,29.27710843373494,10.572289156626509,8.06,2.93,3.55,1.2,21.686746987951807,7.83132530120482,0.0,30.0,29.2,135.0,0.0,3.3333333333333335,,3.3333333333333335,23.333333333333332,10.0,25.185185185185183,11.11111111111111,10.37037037037037,5.185185185185185,2.2222222222222223,2.2222222222222223,25.0,10.0,7.58,3.03,4.25,1.48,18.5,7.4,135.0
229,Riley O'Brien,STL,0.0,45.46120689655172,45.46120689655172,232,5.660377358490566,5.660377358490566,0.0,0.0,7.547169811320756,,17.37700653983353,9.243088585017835,8.503641498216409,1.8486177170035671,,1.1091706302021402,46.31896551724138,23.15948275862069,9.1,4.58,3.86,1.4,23.275862068965516,11.637931034482758,0.0,42.0,48.0,199.0,7.142857142857142,2.380952380952381,,14.285714285714285,14.285714285714285,7.142857142857142,16.582914572864322,6.532663316582915,5.527638190954774,1.0050251256281406,1.0050251256281406,3.5175879396984926,45.0,22.0,8.44,4.13,2.06,1.15,22.6,11.1,199.0
231,Ronny Henriquez,MIA,0.0,70.12663755458516,70.12663755458516,229,5.660377358490567,5.660377358490567,0.0,0.0,11.320754716981133,,30.04519364619287,15.022596823096436,13.867012452089014,2.8889609275185446,,1.155584371007418,60.864628820960704,25.139737991266376,7.85,3.23,4.01,1.34,20.087336244541483,8.296943231441048,0.0,69.0,73.0,303.0,10.144927536231885,1.4492753623188406,,10.144927536231885,37.68115942028986,5.797101449275362,17.491749174917494,7.590759075907591,5.9405940594059405,2.6402640264026402,0.6600660066006601,1.3201320132013201,98.0,27.0,12.08,3.33,2.22,1.1,32.29999999999999,8.9,303.0
234,Landon Knack,LAD,2.044198895027624,38.83977900552486,42.92817679558011,181,5.263157894736842,5.263157894736842,1.1293916547113945,0.0,2.631578947368421,,22.023137266872194,12.423308201825341,11.293916547113945,3.952870791489881,,1.1293916547113945,40.88397790055248,14.30939226519337,8.5,3.0,4.18,1.25,22.099447513812155,7.734806629834254,7.0,10.0,42.1,185.0,30.0,20.0,,10.0,0.0,0.0,21.62162162162162,13.513513513513514,12.432432432432433,5.405405405405405,0.0,1.0810810810810811,42.0,19.0,8.93,4.04,4.89,1.39,22.69999999999999,10.3,185.0
236,Daniel Palencia,CHC,0.0,50.0,50.0,172,5.0,5.0,0.0,0.0,2.5,,23.25581395348837,12.354651162790697,10.901162790697674,2.9069767441860463,,1.4534883720930232,58.75,25.0,10.61,4.5,3.45,1.3,27.32558139534883,11.627906976744184,0.0,54.0,52.2,215.0,1.8518518518518516,11.11111111111111,,40.74074074074074,11.11111111111111,5.555555555555555,20.46511627906977,8.837209302325581,7.906976744186046,2.3255813953488373,0.46511627906976744,0.9302325581395349,61.0,16.0,10.42,2.73,2.91,1.14,28.4,7.4,215.0
237,Colton Gordon,HOU,10.985507246376812,60.42028985507247,87.8840579710145,69,9.090909090909092,9.090909090909092,7.960512497374501,0.0,9.090909090909092,,119.40768746061752,63.68409997899601,63.68409997899601,15.921024994749002,,7.960512497374501,76.89855072463769,27.46376811594203,7.75,2.81,4.23,1.26,20.28985507246377,7.246376811594203,14.0,20.0,86.0,379.0,30.0,20.0,,5.0,0.0,0.0,27.176781002638524,14.24802110817942,13.456464379947231,5.540897097625329,0.5277044854881267,0.5277044854881267,72.0,19.0,7.53,1.99,5.34,1.42,19.0,5.0,379.0
239,Nick Sandlin,TOR,0.0,16.363636363636363,16.363636363636363,253,5.0,5.0,0.0,0.0,21.666666666666664,,5.389867049946102,3.1261228889687382,2.8027308659719723,0.8623787279913762,,0.32339202299676606,17.18181818181818,7.363636363636363,9.41,4.05,3.97,1.28,24.90118577075099,10.67193675889328,0.0,19.0,16.1,69.0,0.0,10.526315789473683,,5.263157894736842,26.31578947368421,15.789473684210526,15.942028985507244,10.144927536231885,5.797101449275362,2.898550724637681,0.0,2.898550724637681,16.0,8.0,8.82,4.41,2.2,1.16,23.19999999999999,11.599999999999987,69.0
241,Eduard Bazardo,SEA,0.0,74.27118644067797,74.27118644067797,118,3.571428571428571,3.571428571428571,0.0,0.0,3.571428571428571,,51.70209709853491,24.72708991669061,22.479172651536917,6.743751795461074,,2.247917265153691,79.57627118644068,26.52542372881356,9.76,3.21,3.17,1.16,25.42372881355932,8.47457627118644,0.0,73.0,78.2,313.0,6.8493150684931505,0.0,,0.0,16.43835616438356,1.36986301369863,16.93290734824281,7.348242811501597,7.0287539936102235,2.8753993610223643,0.6389776357827476,0.6389776357827476,82.0,27.0,9.38,3.09,2.52,1.02,26.200000000000003,8.6,313.0
246,Luke Jackson,TEX,0.0,50.808,50.808,250,5.172413793103448,5.172413793103448,0.0,0.0,12.068965517241379,,17.8704,9.8112,8.76,2.4528,,1.0512000000000001,53.436,23.652,9.52,4.19,3.91,1.34,24.4,10.8,0.0,52.0,51.0,219.0,3.8461538461538463,9.615384615384617,,17.307692307692307,7.6923076923076925,3.8461538461538463,18.72146118721461,13.698630136986301,10.50228310502283,1.82648401826484,2.28310502283105,1.36986301369863,38.0,28.0,6.71,4.94,4.06,1.35,17.4,12.8,219.0
250,Ryan Borucki,PIT,0.0,33.32298136645963,33.32298136645963,161,5.405405405405405,5.405405405405405,0.0,0.0,2.7027027027027026,,19.578719956791794,9.509663979013155,8.950271980247676,2.237567995061919,,1.1187839975309595,33.32298136645963,12.608695652173914,8.9,3.41,3.83,1.32,22.981366459627328,8.695652173913043,0.0,39.0,35.0,145.0,2.564102564102564,7.6923076923076925,,0.0,17.94871794871795,7.6923076923076925,20.0,13.793103448275861,12.413793103448276,2.7586206896551726,0.6896551724137931,0.6896551724137931,32.0,16.0,8.23,4.11,4.63,1.29,22.1,11.0,145.0
251,Tim Hill,NYY,0.0,61.625454545454545,61.625454545454545,275,4.761904761904762,4.761904761904762,0.0,0.0,17.46031746031746,,23.12066115702479,11.382479338842975,10.315371900826447,2.1342148760330577,,1.0671074380165289,40.10545454545454,20.541818181818183,5.85,3.0,4.21,1.36,14.909090909090908,7.636363636363637,0.0,70.0,67.0,269.0,5.714285714285714,5.714285714285714,,0.0,21.428571428571427,0.0,21.561338289962826,10.037174721189592,8.550185873605948,2.973977695167286,1.1152416356877324,0.0,37.0,16.0,4.97,2.15,3.09,1.1,13.8,5.8999999999999995,269.0
254,Dauri Moreta,PIT,0.0,16.02857142857143,16.02857142857143,140,6.0606060606060606,6.0606060606060606,0.0,0.0,3.0303030303030303,,9.714285714285714,4.857142857142857,4.510204081632653,1.3877551020408163,,0.6938775510204082,17.485714285714284,6.314285714285714,9.94,3.55,3.61,1.23,25.71428571428571,9.285714285714286,0.0,18.0,16.2,68.0,5.555555555555555,5.555555555555555,,0.0,11.11111111111111,5.555555555555555,23.52941176470588,11.76470588235294,8.823529411764707,2.941176470588235,1.4705882352941175,0.0,19.0,7.0,10.26,3.78,3.24,1.38,27.89999999999999,10.3,68.0
256,Josh Simpson,MIA,0.0,34.43859649122807,34.43859649122807,171,5.128205128205129,5.128205128205129,0.0,0.0,2.5641025641025643,,17.55753907185117,9.295167743921207,8.26237132792996,2.06559283198249,,1.032796415991245,39.73684210526316,17.660818713450293,10.41,4.62,3.8,1.37,26.31578947368421,11.695906432748536,0.0,31.0,30.2,151.0,12.903225806451612,6.451612903225806,,0.0,6.451612903225806,6.451612903225806,22.516556291390728,18.543046357615893,16.55629139072848,3.3112582781456954,1.3245033112582782,1.9867549668874174,36.0,22.0,10.57,6.46,7.34,1.83,23.799999999999997,14.6,151.0
257,Lou Trivino,SFG,0.0,47.12195121951219,47.12195121951219,246,5.357142857142858,5.357142857142858,0.0,0.0,17.857142857142858,,17.787031528851873,9.235574063057705,8.209399167162404,2.052349791790601,,1.0261748958953005,47.12195121951219,19.353658536585364,9.02,3.7,3.9,1.36,22.76422764227642,9.34959349593496,2.0,47.0,47.2,207.0,6.382978723404255,4.25531914893617,,0.0,10.638297872340425,2.127659574468085,22.22222222222222,11.11111111111111,10.144927536231885,2.898550724637681,0.4830917874396135,2.898550724637681,37.0,18.0,6.99,3.4,3.97,1.34,17.9,8.7,207.0
259,Mike Burrows,PIT,5.153846153846154,82.46153846153847,92.76923076923076,156,3.125,3.125,3.3037475345167655,0.0,3.125,,56.163708086785014,31.385601577909274,28.081854043392507,8.259368836291912,,3.3037475345167655,79.88461538461539,38.65384615384615,7.56,3.75,4.27,1.33,19.871794871794872,9.615384615384617,19.0,23.0,96.0,402.0,8.695652173913043,17.391304347826086,,0.0,0.0,0.0,21.890547263681594,10.696517412935323,10.44776119402985,3.233830845771144,0.24875621890547264,1.2437810945273633,97.0,31.0,9.09,2.91,3.94,1.24,24.1,7.7,402.0
260,Luis Peralta,COL,0.0,22.36428571428571,22.36428571428571,280,4.838709677419355,4.838709677419355,0.0,1.612903225806452,17.74193548387097,,7.858418367346939,4.637755102040816,4.251275510204081,0.9017857142857142,,0.3864795918367347,23.44642857142857,12.985714285714286,9.46,5.23,4.78,1.56,23.214285714285715,12.857142857142856,0.0,22.0,19.0,101.0,4.545454545454546,13.636363636363635,,0.0,4.545454545454546,13.636363636363635,25.742574257425744,21.782178217821784,19.801980198019802,5.9405940594059405,0.0,1.9801980198019802,16.0,18.0,7.58,8.53,9.47,2.32,15.8,17.8,101.0
263,Grant Anderson,MIL,0.0,69.156462585034,69.156462585034,147,5.88235294117647,5.88235294117647,0.0,0.0,2.941176470588235,,40.126799018927294,20.755240871858945,19.371558147068345,5.534730899162386,,2.767365449581193,75.25850340136054,26.4421768707483,9.82,3.44,3.6,1.23,25.170068027210885,8.843537414965986,0.0,66.0,69.2,299.0,3.0303030303030303,9.090909090909092,,0.0,9.090909090909092,3.0303030303030303,19.732441471571907,11.705685618729097,8.361204013377927,2.6755852842809364,1.0033444816053512,0.6688963210702341,74.0,29.0,9.56,3.75,3.23,1.26,24.7,9.69999999999999,299.0
264,Brandon Eisert,CHW,0.0,71.49532710280374,71.49532710280374,107,4.0,4.0,0.0,0.0,4.0,,64.14534020438467,32.07267010219233,29.399947593676306,8.018167525548083,,2.6727225085160278,68.6355140186916,25.738317757009348,8.55,3.24,3.89,1.29,22.429906542056074,8.411214953271028,3.0,72.0,69.2,306.0,4.166666666666666,11.11111111111111,,2.7777777777777777,11.11111111111111,4.166666666666666,24.509803921568626,11.76470588235294,11.11111111111111,3.9215686274509802,1.9607843137254901,1.6339869281045754,74.0,25.0,9.56,3.23,4.39,1.44,24.2,8.19999999999999,306.0
265,Hunter Bigge,TBR,0.0,13.75,13.75,240,5.454545454545454,5.454545454545454,0.0,0.0,14.545454545454545,,4.6875,2.5,2.2916666666666665,0.625,,0.3125,16.5,7.0,10.72,4.58,3.66,1.33,27.500000000000004,11.666666666666666,0.0,13.0,15.0,60.0,0.0,0.0,,0.0,7.6923076923076925,7.6923076923076925,18.333333333333332,6.666666666666667,6.666666666666667,6.666666666666667,0.0,1.6666666666666667,12.0,5.0,7.2,3.0,2.4,1.07,20.0,8.3,60.0
266,Bennett Sousa,HOU,0.0,46.51948051948052,46.51948051948052,154,5.555555555555555,5.555555555555555,0.0,0.0,2.7777777777777772,,25.17287906898297,13.425535503457578,11.747343565525382,3.3563838758643953,,1.6781919379321977,50.396103896103895,19.383116883116884,9.82,3.75,3.58,1.26,25.32467532467532,9.740259740259742,0.0,44.0,50.2,199.0,11.363636363636363,2.272727272727273,,9.090909090909092,15.909090909090908,4.545454545454546,18.592964824120603,9.045226130653267,8.040201005025125,2.0100502512562812,0.0,0.0,59.0,15.0,10.48,2.66,2.84,1.03,29.6,7.5,199.0
267,Evan Sisk,KCR,0.0,18.227848101265824,18.227848101265824,158,5.5555555555555545,5.5555555555555545,0.0,0.0,2.7777777777777777,,10.895689793302354,5.768306361160071,5.127383432142285,0.9613843935266785,,0.6409229290177856,18.227848101265824,8.60759493670886,9.07,4.25,4.07,1.42,22.78481012658228,10.759493670886076,0.0,19.0,17.2,80.0,5.263157894736842,5.263157894736842,,0.0,10.526315789473683,0.0,20.0,8.75,8.75,1.25,0.0,2.5,25.0,10.0,12.74,5.09,3.57,1.47,31.3,12.5,80.0
271,Justin Lawrence,PIT,0.0,15.595890410958903,15.595890410958903,292,4.545454545454546,4.545454545454546,0.0,0.0,12.121212121212121,,5.0173578532557706,2.589604053293301,2.427753799962469,0.485550759992494,,0.242775379996247,14.886986301369864,7.561643835616438,8.61,4.36,4.04,1.42,21.575342465753423,10.95890410958904,0.0,17.0,17.2,69.0,5.88235294117647,0.0,,0.0,35.294117647058826,5.88235294117647,13.043478260869565,1.4492753623188406,1.4492753623188406,0.0,2.898550724637681,2.898550724637681,23.0,8.0,11.72,4.08,0.51,0.96,33.29999999999999,11.599999999999987,69.0
272,Max Lazar,PHI,0.0,39.94535519125683,39.94535519125683,183,4.651162790697675,4.651162790697675,0.0,0.0,2.3255813953488373,,21.320433575203797,11.167846158440085,10.152587416763714,2.5381468541909284,,1.0152587416763714,34.37158469945355,13.005464480874318,7.82,2.93,4.19,1.3,20.21857923497268,7.650273224043716,0.0,36.0,41.1,170.0,2.7777777777777777,2.7777777777777777,,2.7777777777777777,2.7777777777777777,0.0,24.11764705882353,13.529411764705882,12.941176470588237,4.117647058823529,0.0,0.0,26.0,12.0,5.66,2.61,4.79,1.28,15.3,7.1,170.0
273,Luis Guerrero,BOS,0.0,16.363636363636363,16.363636363636363,220,6.0,4.0,0.0,0.0,1.9999999999999998,,6.396694214876033,3.5702479338842976,3.272727272727273,0.8925619834710744,,0.4462809917355372,18.327272727272728,8.50909090909091,10.16,4.68,3.96,1.39,25.454545454545453,11.818181818181818,0.0,13.0,17.1,72.0,0.0,7.6923076923076925,,0.0,0.0,0.0,12.5,11.11111111111111,11.11111111111111,0.0,0.0,0.0,10.0,14.0,5.19,7.27,4.15,1.33,13.900000000000002,19.399999999999988,72.0
274,Justin Sterner,ATH,0.0,61.56331877729258,61.56331877729258,229,5.660377358490567,5.660377358490567,0.0,0.0,9.433962264150942,,23.33288838885605,12.173680898533592,11.159207490322459,3.550656928738964,,1.0144734082111326,63.88646288209607,23.231441048034934,9.42,3.4,3.78,1.25,24.017467248908297,8.73362445414847,1.0,59.0,65.0,266.0,6.779661016949152,5.084745762711865,,0.0,27.11864406779661,10.16949152542373,17.669172932330827,9.022556390977442,8.646616541353383,3.7593984962406015,0.7518796992481203,2.631578947368421,70.0,21.0,9.69,2.91,3.18,1.05,26.3,7.9,266.0
276,Andrew Kittredge,BAL,0.0,50.07407407407407,50.07407407407407,162,5.128205128205129,5.128205128205129,0.0,0.0,2.564102564102564,,27.73967383020881,14.266117969821673,13.473555860387137,3.962810547172687,,1.5851242188690748,47.50617283950617,15.407407407407408,8.46,2.77,3.83,1.21,22.839506172839503,7.4074074074074066,0.0,54.0,53.0,208.0,7.4074074074074066,5.555555555555555,,9.25925925925926,27.77777777777778,1.8518518518518516,19.71153846153846,10.576923076923077,9.615384615384617,3.3653846153846154,0.4807692307692308,0.0,64.0,11.0,10.87,1.87,3.4,0.98,30.8,5.3,208.0
277,Andrew Chafin,DET,0.0,33.18565400843882,33.18565400843882,237,5.454545454545454,5.454545454545454,0.0,0.0,10.909090909090908,,12.220263846605778,6.61930958357813,6.110131923302889,1.5275329808257223,,0.7637664904128612,36.20253164556962,15.687763713080168,9.87,4.25,3.91,1.34,25.31645569620253,10.970464135021098,0.0,42.0,33.2,143.0,2.380952380952381,2.380952380952381,,0.0,9.523809523809524,0.0,20.27972027972028,7.6923076923076925,6.293706293706294,1.3986013986013985,0.0,0.0,36.0,19.0,9.62,5.08,2.41,1.43,25.2,13.3,143.0
278,Hector Neris,ATL,0.0,29.054393305439337,29.054393305439337,239,5.357142857142856,5.357142857142856,0.0,0.0,17.85714285714285,,10.419985644509024,5.861241925036326,5.427075856515117,1.519581239824233,,0.651249102781814,31.129707112970713,12.451882845188283,9.65,3.86,4.01,1.29,25.10460251046025,10.0418410041841,0.0,35.0,26.2,124.0,8.571428571428571,5.714285714285714,,0.0,20.0,5.714285714285714,23.387096774193548,20.161290322580644,16.129032258064516,4.838709677419355,0.8064516129032258,0.8064516129032258,35.0,16.0,11.81,5.4,6.75,1.69,28.199999999999996,12.9,124.0
279,Erik Sabrowski,CLE,0.0,28.11111111111111,28.11111111111111,198,4.347826086956522,4.347826086956522,0.0,0.0,2.173913043478261,,11.419753086419753,6.17283950617284,5.864197530864198,1.54320987654321,,0.617283950617284,33.611111111111114,15.27777777777778,10.69,4.89,3.65,1.33,27.77777777777778,12.626262626262626,0.0,33.0,29.1,121.0,0.0,3.0303030303030303,,0.0,36.36363636363637,0.0,11.570247933884298,6.6115702479338845,4.958677685950414,1.6528925619834711,0.0,2.479338842975207,42.0,21.0,12.89,6.44,1.84,1.19,34.699999999999996,17.4,121.0
280,Travis Adams,MIN,3.8536585365853657,26.97560975609756,36.609756097560975,82,7.142857142857144,7.142857142857144,2.3497917906008325,0.0,7.142857142857144,,44.646044021415825,25.84770969660916,23.497917906008325,4.699583581201665,,2.3497917906008325,26.97560975609756,13.48780487804878,6.36,3.32,4.65,1.35,17.073170731707318,8.536585365853659,2.0,18.0,33.2,158.0,5.555555555555555,22.22222222222222,,0.0,11.11111111111111,5.555555555555555,24.68354430379747,18.354430379746837,17.72151898734177,3.79746835443038,0.0,1.89873417721519,31.0,17.0,8.29,4.54,7.49,1.66,19.6,10.8,158.0
281,Brad Lord,WSN,7.970802919708029,99.63503649635037,131.51824817518246,137,0.0,0.0,2.909052160477383,0.0,3.9999999999999996,,95.99872129575363,55.27199104907028,52.36293888859289,11.636208641909532,,2.909052160477383,87.67883211678831,47.824817518248175,6.07,3.27,4.85,1.38,16.05839416058394,8.75912408759124,19.0,48.0,130.2,546.0,10.416666666666668,20.833333333333336,,0.0,14.583333333333334,0.0,23.076923076923077,11.904761904761903,11.538461538461538,3.1135531135531136,0.0,0.5494505494505495,108.0,43.0,7.44,2.96,4.34,1.29,19.8,7.9,546.0
283,Huascar Brazoban,NYM,0.0,60.67368421052632,60.67368421052632,190,4.545454545454546,4.545454545454546,0.0,0.0,2.272727272727273,,26.85318559556787,13.789473684210526,13.06371191135734,2.9030470914127426,,1.4515235457063713,63.43157894736842,28.957894736842107,9.38,4.3,3.6,1.31,24.210526315789473,11.052631578947368,3.0,52.0,63.0,262.0,9.615384615384617,3.8461538461538463,,3.8461538461538463,23.076923076923077,7.6923076923076925,19.46564885496183,11.068702290076336,9.541984732824428,2.2900763358778624,0.38167938931297707,1.5267175572519083,57.0,27.0,8.14,3.86,3.57,1.24,21.8,10.3,262.0
288,Chase Lee,DET,0.0,35.05263157894737,35.05263157894737,76,5.555555555555555,5.555555555555555,0.0,0.0,5.555555555555555,,40.9972299168975,20.49861495844875,17.93628808864266,5.124653739612189,,2.5623268698060944,35.05263157894737,11.68421052631579,9.05,3.0,3.53,1.22,23.684210526315788,7.894736842105263,0.0,32.0,37.1,148.0,12.5,3.125,,0.0,12.5,3.125,21.62162162162162,11.486486486486488,11.486486486486488,4.72972972972973,0.6756756756756757,1.3513513513513513,36.0,9.0,8.68,2.17,4.1,1.1,24.3,6.1,148.0
289,Jimmy Herget,COL,0.0,79.31428571428572,79.31428571428572,210,6.25,4.166666666666667,0.0,0.0,2.0833333333333335,,39.342403628117914,20.458049886621314,18.8843537414966,5.507936507936508,,1.5736961451247165,71.05238095238094,24.785714285714285,8.07,2.81,4.53,1.34,20.47619047619047,7.142857142857142,0.0,59.0,83.1,347.0,1.694915254237288,3.389830508474576,,0.0,15.254237288135593,1.694915254237288,20.7492795389049,6.9164265129683,6.628242074927954,1.729106628242075,0.2881844380403458,2.0172910662824206,81.0,26.0,8.75,2.81,2.48,1.18,23.3,7.5,347.0
290,Tanner Gordon,COL,4.746478873239437,66.45070422535211,75.94366197183099,142,3.571428571428572,3.571428571428572,1.67129537790121,0.0,3.571428571428572,,61.83792898234478,35.09720293592542,31.754612180122994,8.356476889506052,,1.67129537790121,52.21126760563381,21.359154929577468,6.11,2.53,5.26,1.42,15.492957746478872,6.338028169014084,15.0,15.0,75.1,337.0,40.0,53.333333333333336,,0.0,0.0,0.0,28.486646884272997,17.804154302670625,15.727002967359049,4.747774480712167,0.0,0.8902077151335311,62.0,17.0,7.41,2.03,6.33,1.5,18.4,5.0,337.0
292,Joe Ross,PHI,1.720754716981132,48.1811320754717,52.48301886792453,265,5.357142857142858,5.357142857142858,0.6493414026343894,0.0,10.714285714285715,,19.80491278034888,11.363474546101815,10.389462442150231,2.597365610537558,,0.9740121039515843,42.158490566037734,20.649056603773587,7.26,3.54,4.65,1.39,18.49056603773585,9.056603773584904,1.0,37.0,51.0,228.0,5.405405405405405,2.7027027027027026,,0.0,0.0,5.405405405405405,25.0,13.157894736842104,12.719298245614036,3.508771929824561,0.43859649122807015,1.3157894736842104,39.0,18.0,6.88,3.18,5.12,1.47,17.1,7.9,228.0
294,Brent Headrick,NYY,0.0,21.53191489361702,21.53191489361702,188,4.545454545454546,4.545454545454546,0.0,0.0,2.2727272727272725,,10.41195110909914,5.466274332277048,4.945676776822091,1.8220914440923492,,0.520597555454957,20.5531914893617,6.8510638297872335,8.69,2.86,3.96,1.22,22.340425531914892,7.446808510638298,0.0,17.0,23.0,92.0,0.0,0.0,,0.0,5.88235294117647,0.0,18.478260869565215,8.695652173913043,8.695652173913043,4.3478260869565215,1.0869565217391304,1.0869565217391304,30.0,7.0,11.74,2.74,3.13,1.04,32.6,7.6,92.0
295,Michael Petersen,LAA,0.0,18.261306532663315,18.261306532663315,199,4.347826086956522,4.347826086956522,0.0,0.0,2.173913043478261,,7.780106562965582,4.388778061160072,3.989798237418247,1.3964293830963865,,0.39897982374182467,19.452261306532662,7.939698492462312,9.65,3.91,3.96,1.29,24.623115577889447,10.050251256281408,0.0,15.0,18.0,79.0,0.0,0.0,,0.0,13.333333333333334,6.666666666666667,22.78481012658228,13.924050632911392,10.126582278481013,3.79746835443038,2.5316455696202533,0.0,17.0,7.0,8.5,3.5,4.0,1.39,21.5,8.9,79.0
296,Steven Cruz,KCR,0.0,43.08808290155441,43.08808290155441,193,4.545454545454545,4.545454545454545,0.0,0.0,2.2727272727272725,,20.29584686837231,10.65531960589546,10.147923434186154,2.029584686837231,,1.0147923434186155,42.10880829015544,21.544041450777204,8.85,4.5,4.0,1.41,22.279792746113987,11.398963730569948,0.0,47.0,45.2,189.0,6.382978723404255,2.127659574468085,,0.0,19.148936170212767,0.0,19.047619047619047,10.582010582010582,10.052910052910052,2.6455026455026456,0.5291005291005291,0.5291005291005291,38.0,18.0,7.49,3.55,3.74,1.18,20.1,9.5,189.0
298,Shelby Miller,ARI,0.0,44.13559322033898,44.13559322033898,236,5.357142857142857,5.357142857142857,0.0,0.0,17.857142857142858,,17.03174375179546,9.350761275495548,8.682849755817294,2.337690318873887,,1.0018672795173802,40.983050847457626,16.550847457627118,8.41,3.38,4.11,1.29,22.033898305084744,8.898305084745763,0.0,48.0,46.0,186.0,8.333333333333332,6.25,,20.833333333333336,18.75,10.416666666666668,17.741935483870968,9.13978494623656,7.526881720430108,2.6881720430107525,2.1505376344086025,2.1505376344086025,54.0,15.0,10.57,2.93,2.74,1.04,28.999999999999996,8.1,186.0
300,Jack Dreyer,LAD,0.0,71.63333333333334,71.63333333333334,150,5.714285714285714,5.714285714285714,0.0,0.0,2.857142857142857,,40.93333333333334,21.831111111111113,20.46666666666667,6.822222222222223,,2.728888888888889,77.77333333333334,30.700000000000003,9.7,3.86,3.87,1.28,25.333333333333336,10.0,5.0,67.0,76.1,307.0,4.477611940298507,2.9850746268656714,,5.970149253731343,14.925373134328357,1.4925373134328357,18.241042345276874,8.469055374592834,8.143322475570033,1.3029315960912053,1.6286644951140066,0.0,74.0,24.0,8.72,2.83,2.95,1.05,24.1,7.8,307.0
301,Zack Kelly,BOS,0.0,35.285714285714285,35.285714285714285,112,3.8461538461538463,3.8461538461538463,0.0,0.0,3.8461538461538463,,26.658163265306122,14.540816326530612,13.329081632653061,3.635204081632653,,1.211734693877551,38.0,17.642857142857142,9.6,4.5,3.86,1.35,25.0,11.607142857142858,0.0,28.0,35.1,152.0,3.571428571428571,10.714285714285714,,0.0,10.714285714285714,7.142857142857142,23.026315789473685,13.815789473684212,11.842105263157894,1.9736842105263157,0.6578947368421052,1.9736842105263157,35.0,12.0,8.92,3.06,4.58,1.33,23.0,7.9,152.0
302,Alek Jacob,SDP,0.0,35.650485436893206,35.650485436893206,206,6.250000000000002,4.166666666666666,0.0,0.0,2.083333333333333,,15.863889150721084,8.292487510604204,7.571401640116883,2.1632576114619666,,0.7210858704873221,34.16504854368932,12.62621359223301,8.56,3.19,3.98,1.28,22.330097087378643,8.25242718446602,0.0,29.0,33.1,153.0,3.4482758620689653,0.0,,0.0,6.896551724137931,0.0,23.52941176470588,13.071895424836603,12.418300653594772,3.9215686274509802,0.0,3.9215686274509802,23.0,14.0,6.21,3.78,5.13,1.5,15.0,9.2,153.0
304,Angel Chivilli,COL,0.0,63.095238095238095,63.095238095238095,231,5.660377358490566,5.660377358490566,0.0,0.0,11.320754716981131,,27.82931354359926,15.460729746444033,14.430014430014431,3.6075036075036078,,1.546072974644403,57.14285714285714,26.19047619047619,8.1,3.74,4.71,1.43,20.77922077922078,9.523809523809524,0.0,43.0,58.2,275.0,2.3255813953488373,11.627906976744185,,0.0,2.3255813953488373,0.0,27.636363636363637,17.81818181818182,16.727272727272727,4.7272727272727275,0.36363636363636365,2.181818181818182,43.0,23.0,6.6,3.53,7.06,1.69,15.6,8.4,275.0
305,Edgardo Henriquez,LAD,0.0,17.93103448275862,17.93103448275862,87,5.0,5.0,0.0,0.0,5.0,,16.488307570352756,9.274673008323424,8.244153785176378,2.0610384462940945,,1.0305192231470472,22.41379310344828,8.96551724137931,11.1,4.5,3.54,1.3,28.735632183908045,11.494252873563218,0.0,22.0,19.0,78.0,9.090909090909092,4.545454545454546,,4.545454545454546,22.727272727272727,9.090909090909092,21.794871794871796,6.41025641025641,6.41025641025641,2.564102564102564,0.0,0.0,18.0,5.0,8.53,2.37,2.37,1.16,23.1,6.4,78.0
306,Luis Garcia,LAD,0.0,30.26086956521739,30.26086956521739,69,6.25,6.25,0.0,0.0,6.25,,41.11531190926276,19.187145557655956,19.187145557655956,5.482041587901701,,2.7410207939508506,28.369565217391305,11.347826086956522,8.54,3.38,3.68,1.28,21.73913043478261,8.695652173913043,1.0,30.0,31.15,130.5,5.0,3.3333333333333335,,3.3333333333333335,20.0,1.6666666666666667,22.22222222222222,9.961685823754788,9.195402298850574,1.532567049808429,1.9157088122605364,0.38314176245210724,27.5,13.5,8.015,2.7,3.47,0.99,22.799999999999997,7.399999999999995,130.5
309,Noah Cameron,KCR,0.0,130.8235294117647,130.8235294117647,136,6.25,6.25,0.0,0.0,3.125,,96.19377162629758,51.10294117647059,45.09083044982699,12.024221453287197,,3.0060553633217992,110.38235294117646,40.882352941176464,7.69,2.81,4.27,1.31,19.852941176470587,7.352941176470589,24.0,24.0,138.1,556.0,37.5,29.166666666666668,,0.0,0.0,0.0,19.60431654676259,8.273381294964029,8.273381294964029,3.237410071942446,0.1798561151079137,0.539568345323741,114.0,43.0,7.42,2.8,2.99,1.1,20.5,7.7,556.0
311,Jaden Hill,COL,0.0,29.04635761589404,29.04635761589404,151,5.882352941176471,5.882352941176471,0.0,0.0,2.9411764705882355,,19.801763080566644,10.749528529450462,9.61799921056094,2.263058637779045,,1.1315293188895226,27.337748344370866,13.668874172185433,8.45,4.24,4.6,1.49,21.192052980132452,10.596026490066226,0.0,28.0,29.1,129.0,3.571428571428571,3.571428571428571,,0.0,10.714285714285714,0.0,20.930232558139537,10.852713178294573,8.527131782945736,1.550387596899225,0.0,2.3255813953488373,31.0,12.0,9.51,3.68,3.38,1.33,24.0,9.3,129.0
314,Yohan Ramirez,PIT,0.0,35.13333333333334,35.13333333333334,75,5.88235294117647,5.88235294117647,0.0,0.0,5.88235294117647,,44.088888888888896,22.044444444444448,19.28888888888889,5.511111111111112,,2.755555555555556,33.06666666666667,14.466666666666669,8.73,3.71,3.87,1.39,21.333333333333336,9.333333333333334,0.0,24.0,33.1,155.0,12.5,12.5,,0.0,4.166666666666666,0.0,21.29032258064516,16.129032258064516,12.903225806451612,2.5806451612903225,0.6451612903225806,2.5806451612903225,45.0,16.0,12.15,4.32,5.4,1.47,28.999999999999996,10.3,155.0
316,Hurston Waldrep,ATL,4.721649484536083,35.41237113402062,51.93814432989691,97,6.666666666666667,6.666666666666667,2.4338399404825166,0.0,6.666666666666667,,51.11063875013285,31.639919226272717,26.772239345307685,7.30151982144755,,2.4338399404825166,44.855670103092784,25.969072164948457,7.72,4.5,4.66,1.46,19.587628865979383,11.34020618556701,9.0,10.0,56.1,229.0,60.0,10.0,,0.0,0.0,0.0,19.65065502183406,7.860262008733625,7.860262008733625,1.3100436681222707,0.43668122270742354,1.3100436681222707,55.0,22.0,8.79,3.51,2.88,1.19,24.0,9.6,229.0
319,Joey Wentz,PIT,0.0,102.0,102.0,247,5.263157894736842,5.263157894736842,0.0,1.7543859649122806,15.789473684210526,,38.397613466865536,21.01001491583209,19.561048369912637,5.07138291071809,,2.1734498188791815,96.63157894736842,41.1578947368421,8.5,3.63,4.23,1.34,21.86234817813765,9.31174089068826,13.0,39.0,98.0,442.0,12.82051282051282,17.94871794871795,,0.0,0.0,2.564102564102564,24.8868778280543,14.93212669683258,13.800904977375566,2.48868778280543,0.6787330316742082,0.22624434389140274,92.0,43.0,8.45,3.95,5.6,1.56,20.8,9.69999999999999,442.0
320,Connor Brogdon,LAA,0.0,46.109756097560975,46.109756097560975,164,5.263157894736842,5.263157894736842,0.0,0.0,2.631578947368421,,25.156157049375373,14.057852468768589,12.578078524687688,3.69943486020226,,1.4797739440809041,48.536585365853654,19.414634146341463,9.41,3.79,4.14,1.31,24.390243902439025,9.75609756097561,0.0,43.0,47.0,199.0,6.976744186046512,4.651162790697675,,0.0,9.30232558139535,0.0,22.613065326633166,15.577889447236181,14.572864321608039,5.527638190954774,2.0100502512562812,0.0,49.0,18.0,9.38,3.45,5.55,1.34,24.6,9.0,199.0
321,Sam Long,KCR,0.0,43.73553719008264,43.73553719008264,242,5.357142857142858,5.357142857142858,0.0,0.0,17.857142857142858,,17.42708831363978,9.681715729799876,8.71354415681989,2.259067003619971,,0.9681715729799877,39.0495867768595,17.962809917355372,7.99,3.7,4.37,1.37,20.66115702479339,9.50413223140496,0.0,39.0,40.1,189.0,5.128205128205128,7.6923076923076925,,0.0,2.564102564102564,0.0,25.396825396825395,16.402116402116402,12.698412698412698,3.7037037037037033,0.5291005291005291,1.0582010582010581,33.0,22.0,7.36,4.91,5.36,1.74,17.5,11.599999999999987,189.0
322,Jalen Beeks,HOU,0.0,53.05263157894737,53.05263157894737,209,6.25,4.166666666666667,0.0,0.0,2.0833333333333335,,24.85520020146059,12.692017124150087,11.634349030470915,2.6441702341979356,,1.057668093679174,46.42105263157895,21.000000000000004,7.97,3.56,4.19,1.38,20.095693779904305,9.090909090909092,2.0,61.0,57.1,231.0,8.19672131147541,4.918032786885246,,1.639344262295082,22.950819672131146,3.278688524590164,18.181818181818183,11.255411255411255,10.38961038961039,2.5974025974025974,0.8658008658008658,0.8658008658008658,47.0,20.0,7.38,3.14,3.77,1.08,20.3,8.7,231.0
325,Hunter Stratton,PIT,0.0,20.53846153846154,20.53846153846154,65,6.666666666666667,6.666666666666667,0.0,0.0,6.666666666666667,,27.384615384615387,14.745562130177515,12.639053254437869,4.21301775147929,,2.106508875739645,20.53846153846154,8.215384615384615,9.01,3.6,3.74,1.29,23.076923076923077,9.230769230769232,0.0,15.0,19.0,89.0,6.666666666666667,6.666666666666667,,6.666666666666667,20.0,6.666666666666667,25.842696629213485,13.48314606741573,12.359550561797752,3.3707865168539324,0.0,3.3707865168539324,16.0,7.0,7.58,3.32,5.21,1.58,18.0,7.9,89.0
327,Wandy Peralta,SDP,0.0,73.64705882352942,73.64705882352942,221,5.769230769230769,5.769230769230769,0.0,0.0,7.692307692307692,,30.120185909379416,16.021375483712454,14.73966544501546,3.2042750967424913,,1.2817100386969964,60.90045248868778,31.158371040723985,7.49,3.81,4.0,1.32,19.457013574660635,9.95475113122172,1.0,71.0,71.2,313.0,8.450704225352112,1.4084507042253522,,0.0,5.633802816901409,1.4084507042253522,21.08626198083067,9.26517571884984,7.987220447284344,1.5974440894568689,0.9584664536741214,0.6389776357827476,63.0,30.0,7.91,3.77,3.14,1.34,20.1,9.6,313.0
329,Enyel De Los Santos,ATL,0.0,66.15384615384616,66.15384615384616,182,4.651162790697675,4.651162790697675,0.0,0.0,2.325581395348837,,32.121724429416744,17.75147928994083,16.060862214708372,5.0718512256973804,,1.69061707523246,69.23076923076924,26.153846153846157,9.41,3.56,4.04,1.28,24.725274725274726,9.34065934065934,0.0,65.0,66.0,280.0,9.230769230769232,4.615384615384616,,0.0,9.230769230769232,3.076923076923077,21.785714285714285,12.5,11.428571428571429,2.5,0.7142857142857143,0.7142857142857143,62.0,24.0,8.45,3.27,4.36,1.29,22.1,8.6,280.0
332,Mason Englert,TBR,0.0,43.19796954314721,43.19796954314721,197,4.347826086956521,4.347826086956521,0.0,0.0,2.1739130434782603,,20.974516220464327,10.963951660697262,10.010564559767063,2.8601613027905897,,0.9533871009301965,39.441624365482234,14.086294416243655,8.26,2.93,4.09,1.28,21.31979695431472,7.614213197969544,0.0,29.0,44.2,185.0,0.0,3.4482758620689653,,0.0,3.4482758620689653,0.0,23.243243243243246,10.81081081081081,10.27027027027027,2.1621621621621623,0.0,0.5405405405405406,44.0,11.0,8.87,2.22,3.83,1.21,23.799999999999997,5.8999999999999995,185.0
333,Brandon Young,BAL,0.0,60.44444444444444,60.44444444444444,144,5.88235294117647,5.88235294117647,0.0,0.0,2.941176470588235,,39.50617283950617,20.98765432098765,18.51851851851852,4.938271604938271,,1.2345679012345678,55.11111111111111,19.555555555555554,8.33,2.91,4.06,1.26,21.52777777777778,7.638888888888889,12.0,12.0,57.2,256.0,8.333333333333332,58.333333333333336,,0.0,0.0,0.0,26.171875,16.40625,15.625,4.6875,0.0,0.0,47.0,22.0,7.34,3.43,6.24,1.54,18.4,8.6,256.0
344,Kade Strowd,BAL,0.0,23.73913043478261,23.73913043478261,115,3.8461538461538463,3.8461538461538463,0.0,0.0,3.8461538461538463,,19.054820415879014,10.321361058601134,8.733459357277882,2.3818525519848768,,0.7939508506616257,24.652173913043477,11.869565217391305,9.33,4.5,3.98,1.42,23.47826086956522,11.304347826086955,0.0,25.0,26.1,105.0,0.0,4.0,,0.0,20.0,0.0,15.238095238095239,5.714285714285714,4.761904761904762,0.9523809523809524,0.0,0.9523809523809524,24.0,13.0,8.2,4.44,1.71,1.1,22.89999999999999,12.4,105.0
345,Andrew Saalfrank,ARI,0.0,26.0,26.0,113,3.8461538461538463,3.8461538461538463,0.0,0.0,3.8461538461538463,,22.123893805309734,11.504424778761061,10.619469026548673,1.7699115044247788,,0.8849557522123894,25.0,12.0,8.49,4.15,4.06,1.42,22.123893805309734,10.619469026548671,0.0,28.0,29.0,113.0,7.142857142857142,3.571428571428571,,10.714285714285714,17.857142857142858,7.142857142857142,16.8141592920354,4.424778761061947,3.5398230088495577,0.8849557522123894,0.8849557522123894,0.0,19.0,10.0,5.9,3.1,1.24,1.0,16.8,8.799999999999999,113.0
349,Yerry De Los Santos,NYY,0.0,37.26027397260274,37.26027397260274,146,5.88235294117647,5.88235294117647,0.0,0.0,2.941176470588235,,24.019515856633515,12.760367798836555,11.259148057796958,3.0024394820791893,,1.5012197410395947,30.684931506849313,14.246575342465754,7.31,3.44,4.07,1.3,19.17808219178082,8.904109589041095,0.0,25.0,35.2,160.0,0.0,4.0,,0.0,12.0,0.0,23.125,9.375,8.125,0.625,0.0,0.625,28.0,17.0,7.07,4.29,3.28,1.51,17.5,10.6,160.0
350,Sean Reynolds,SDP,0.0,26.5,26.5,234,5.660377358490567,5.660377358490567,0.0,1.8867924528301887,11.320754716981133,,9.82905982905983,5.555555555555555,4.914529914529915,1.282051282051282,,0.641025641025641,28.0,14.0,9.48,4.75,3.97,1.4,23.931623931623932,11.965811965811966,1.0,19.0,27.0,117.0,0.0,5.263157894736842,,0.0,10.526315789473683,0.0,17.094017094017094,13.675213675213676,13.675213675213676,3.418803418803419,0.0,2.564102564102564,25.0,17.0,8.33,5.67,5.33,1.37,21.4,14.499999999999998,117.0
351,Drew Pomeranz,SEA,0.0,47.981818181818184,47.981818181818184,55,7.692307692307692,7.692307692307692,0.0,0.0,7.692307692307692,,73.81818181818181,40.264462809917354,33.55371900826446,13.421487603305785,,6.710743801652892,51.67272727272727,18.454545454545453,9.7,3.46,3.55,1.19,25.454545454545453,9.090909090909092,4.0,57.0,49.2,203.0,3.508771929824561,3.508771929824561,,1.7543859649122806,24.561403508771928,3.508771929824561,18.7192118226601,6.896551724137931,5.911330049261084,2.4630541871921183,0.49261083743842365,2.4630541871921183,57.0,15.0,10.33,2.72,2.17,1.07,28.1,7.4,203.0
357,Logan Evans,SEA,11.290322580645162,56.45161290322581,79.03225806451613,62,0.0,0.0,9.105098855359001,0.0,10.0,,127.47138397502601,72.84079084287201,63.73569198751301,18.210197710718003,,9.105098855359001,62.09677419354839,33.87096774193549,6.76,3.86,4.48,1.37,17.741935483870968,9.67741935483871,15.0,16.0,81.1,350.0,37.5,31.25,,0.0,0.0,6.25,23.42857142857143,12.857142857142856,11.142857142857142,3.7142857142857144,0.2857142857142857,1.1428571428571428,59.0,31.0,6.53,3.43,4.32,1.39,16.89999999999999,8.9,350.0
358,Chase Shugart,PIT,0.0,41.433734939759034,41.433734939759034,83,5.2631578947368425,5.2631578947368425,0.0,0.0,5.2631578947368425,,47.29278560023226,26.273769777906807,23.64639280011612,5.254753955581362,,2.627376977790681,37.0722891566265,17.44578313253012,7.92,3.79,4.13,1.37,20.481927710843372,9.63855421686747,0.0,35.0,45.0,181.0,11.428571428571429,8.571428571428571,,0.0,14.285714285714285,5.714285714285714,18.23204419889503,9.94475138121547,9.392265193370166,3.314917127071823,1.1049723756906076,0.5524861878453038,31.0,17.0,6.2,3.4,3.4,1.11,17.1,9.4,181.0
360,Tristan Beck,SFG,0.0,54.17258883248731,54.17258883248731,197,4.347826086956521,4.347826086956521,0.0,0.0,2.1739130434782603,,26.90097657759798,13.749388028550078,12.553789069545724,3.586796877013064,,1.1955989590043543,45.92893401015228,15.309644670050762,7.62,2.54,4.07,1.27,19.796954314720814,6.598984771573605,1.0,31.0,56.2,232.0,3.225806451612903,0.0,,6.451612903225806,9.67741935483871,0.0,20.25862068965517,12.5,12.5,3.0172413793103448,0.0,0.8620689655172413,41.0,16.0,6.51,2.54,4.61,1.11,17.7,6.9,232.0
363,Carlos Hernandez,KCR,0.0,47.30097087378641,47.30097087378641,206,6.25,4.166666666666666,0.0,0.0,2.0833333333333335,,21.048166650956734,11.959185597134509,11.002450749363748,2.870204543312282,,0.9567348477707608,45.33009708737864,20.694174757281555,8.61,3.94,4.27,1.36,22.330097087378643,10.194174757281552,0.0,41.0,43.1,203.0,2.4390243902439024,0.0,,0.0,2.4390243902439024,0.0,24.63054187192118,15.763546798029557,14.77832512315271,1.9704433497536946,0.49261083743842365,0.9852216748768473,39.0,22.0,8.1,4.57,6.23,1.66,19.2,10.8,203.0
364,Kyle Nicolas,PIT,0.0,37.876288659793815,37.876288659793815,194,4.545454545454546,4.545454545454546,0.0,0.0,2.272727272727273,,17.748963758103947,9.761930066957168,8.874481879051974,2.2186204697629934,,0.8874481879051972,37.876288659793815,19.79896907216495,8.96,4.7,4.12,1.43,22.68041237113402,11.855670103092782,0.0,31.0,38.0,167.0,3.225806451612903,6.451612903225806,,0.0,9.67741935483871,3.225806451612903,20.35928143712575,12.574850299401197,11.976047904191617,1.7964071856287425,0.0,1.1976047904191618,34.0,18.0,8.05,4.26,4.74,1.37,20.4,10.8,167.0
365,Grant Wolfram,MIL,0.0,30.303797468354432,30.303797468354432,79,5.555555555555555,5.555555555555555,0.0,0.0,5.555555555555555,,31.966031084762058,17.0485499118731,17.0485499118731,4.262137477968275,,2.1310687389841374,31.9873417721519,13.468354430379748,9.54,4.0,3.84,1.33,24.050632911392405,10.126582278481012,0.0,21.0,26.2,133.0,14.285714285714285,4.761904761904762,,0.0,4.761904761904762,0.0,26.31578947368421,15.037593984962406,12.030075187969924,1.5037593984962405,0.7518796992481203,0.7518796992481203,31.0,15.0,10.46,5.06,5.4,1.88,23.3,11.3,133.0
368,Shawn Dubin,HOU,0.0,33.14285714285714,33.14285714285714,105,4.166666666666667,4.166666666666667,0.0,0.0,4.166666666666667,,28.934240362811792,15.782312925170066,14.467120181405896,3.9455782312925165,,1.3151927437641724,33.14285714285714,16.57142857142857,9.06,4.5,4.06,1.39,22.857142857142858,11.428571428571429,0.0,30.0,33.2,145.0,6.666666666666667,0.0,,0.0,26.666666666666668,3.3333333333333335,25.517241379310345,13.10344827586207,13.10344827586207,4.137931034482759,0.0,1.3793103448275863,28.0,11.0,7.49,2.94,5.08,1.43,19.3,7.6,145.0
371,Logan Henderson,MIL,0.0,23.571428571428573,23.571428571428573,42,10.0,0.0,0.0,0.0,10.0,,44.89795918367347,28.061224489795922,22.448979591836736,11.224489795918368,,0.0,25.92857142857143,7.071428571428571,9.67,2.7,3.79,1.18,26.190476190476193,7.142857142857142,5.0,5.0,25.1,99.0,60.0,0.0,,0.0,0.0,0.0,17.17171717171717,5.05050505050505,5.05050505050505,3.0303030303030303,0.0,0.0,33.0,8.0,11.72,2.84,1.78,0.99,33.29999999999999,8.1,99.0
372,Chris Roycroft,STL,0.0,23.085714285714285,23.085714285714285,210,6.25,4.166666666666667,0.0,0.0,2.083333333333333,,10.306122448979592,5.267573696145124,4.809523809523809,0.9160997732426306,,0.4580498866213153,20.2,10.58095238095238,7.81,4.13,4.01,1.4,20.0,10.476190476190476,0.0,20.0,20.2,101.0,5.0,15.0,,0.0,10.0,5.0,25.742574257425744,20.792079207920793,17.82178217821782,1.9801980198019802,0.9900990099009901,0.9900990099009901,15.0,12.0,6.53,5.23,7.84,1.84,14.9,11.9,101.0
375,Chris Devenski,NYM,0.0,15.0609756097561,15.0609756097561,82,5.263157894736841,5.263157894736841,0.0,0.0,5.263157894736841,,15.466983938132062,8.700178465199288,7.733491969066033,2.900059488399762,,0.9666864961332541,15.0609756097561,5.548780487804878,9.2,3.32,3.75,1.23,23.17073170731707,8.536585365853659,1.0,13.0,16.2,65.0,0.0,0.0,,0.0,15.384615384615385,0.0,15.384615384615385,6.153846153846154,6.153846153846154,1.5384615384615385,0.0,3.076923076923077,14.0,5.0,7.56,2.7,2.16,0.9,21.5,7.7,65.0
376,Gordon Graceffo,STL,1.920398009950249,40.32835820895522,45.12935323383084,201,4.761904761904763,4.761904761904763,0.9554218954976363,0.0,2.3809523809523814,,23.407836439692087,12.898195589218087,11.942773693720452,2.866265686492908,,0.9554218954976363,29.766169154228855,14.402985074626866,5.88,2.87,4.74,1.37,15.422885572139302,7.462686567164178,0.0,26.0,43.0,193.0,11.538461538461538,3.8461538461538463,,3.8461538461538463,0.0,7.6923076923076925,25.906735751295333,17.098445595854923,15.544041450777202,1.0362694300518136,0.0,1.0362694300518136,40.0,13.0,8.37,2.72,6.28,1.47,20.7,6.7,193.0
377,Tyler Alexander,MIL,3.6782608695652175,90.11739130434783,99.31304347826088,230,4.081632653061225,4.081632653061225,1.5992438563327032,0.0,2.0408163265306123,,43.17958412098299,23.98865784499055,22.389413988657843,7.996219281663517,,1.5992438563327032,82.76086956521739,23.908695652173915,7.44,2.17,4.57,1.23,19.565217391304348,5.6521739130434785,5.0,52.0,97.2,423.0,9.615384615384617,26.923076923076923,,1.9230769230769231,5.769230769230769,3.8461538461538463,25.295508274231675,14.657210401891252,12.76595744680851,2.127659574468085,1.1820330969267139,0.4728132387706856,82.0,30.0,7.56,2.76,4.98,1.4,19.399999999999988,7.1,423.0
378,Lake Bachar,MIA,0.0,67.85770750988142,67.85770750988142,253,5.172413793103448,5.172413793103448,0.0,1.7241379310344827,17.24137931034483,,24.971488384445937,13.873049102469965,12.485744192222969,3.6994797606586567,,1.3873049102469963,64.34782608695652,28.079051383399207,8.49,3.72,4.2,1.34,21.73913043478261,9.486166007905137,1.0,53.0,71.0,296.0,15.09433962264151,3.7735849056603774,,5.660377358490567,9.433962264150944,1.8867924528301887,18.58108108108108,11.486486486486488,10.472972972972974,3.3783783783783785,1.0135135135135136,1.0135135135135136,75.0,30.0,9.51,3.8,3.93,1.2,25.3,10.099999999999987,296.0
381,Brent Suter,CIN,0.0,67.40073529411765,67.40073529411765,272,4.761904761904762,4.761904761904762,0.0,0.0,15.873015873015875,,25.173010380622834,13.766490051903112,12.586505190311417,3.933282871972319,,1.1799848615916955,53.49264705882353,21.397058823529413,7.16,2.86,4.61,1.33,18.38235294117647,7.352941176470589,3.0,48.0,67.2,291.0,2.083333333333333,4.166666666666666,,0.0,0.0,2.083333333333333,23.711340206185564,13.058419243986256,11.683848797250858,3.7800687285223367,0.3436426116838488,0.6872852233676976,53.0,18.0,7.05,2.39,4.52,1.29,18.2,6.2,291.0
383,Carlos Vargas,SEA,0.0,75.91743119266054,75.91743119266054,218,6.000000000000001,4.0,0.0,0.0,2.0,,32.03854894369161,16.019274471845804,14.626294082989647,3.482450972140392,,1.3929803888561567,63.77064220183486,30.366972477064216,7.58,3.6,3.82,1.34,19.26605504587156,9.174311926605505,0.0,70.0,77.0,331.0,7.142857142857142,7.142857142857142,,1.4285714285714286,20.0,10.0,24.47129909365559,11.782477341389729,10.27190332326284,3.0211480362537766,1.2084592145015105,2.1148036253776437,54.0,23.0,6.31,2.69,3.97,1.35,16.3,6.9,331.0
385,Matt Bowman,BAL,0.0,25.90909090909091,25.90909090909091,66,6.666666666666667,6.666666666666667,0.0,0.0,6.666666666666667,,36.63911845730028,18.31955922865014,18.31955922865014,5.234159779614325,,2.6170798898071626,24.181818181818183,10.363636363636363,8.28,3.6,4.09,1.36,21.21212121212121,9.090909090909092,0.0,20.0,24.2,114.0,0.0,5.0,,0.0,0.0,0.0,27.192982456140353,15.789473684210526,14.912280701754385,3.508771929824561,0.0,1.7543859649122806,18.0,6.0,6.57,2.19,6.2,1.5,15.8,5.3,114.0
388,Matt Festa,TEX,0.0,52.153846153846146,52.153846153846146,52,8.333333333333334,8.333333333333334,0.0,0.0,8.333333333333334,,83.57988165680473,50.14792899408283,41.789940828402365,16.715976331360945,,8.357988165680473,52.153846153846146,21.73076923076923,9.16,3.75,3.99,1.28,23.076923076923077,9.615384615384617,0.0,63.0,54.2,226.0,7.936507936507936,6.349206349206349,,0.0,19.047619047619047,3.1746031746031744,19.469026548672566,12.831858407079647,11.061946902654867,1.7699115044247788,0.8849557522123894,2.2123893805309733,56.0,15.0,9.22,2.47,4.12,1.08,24.8,6.6000000000000005,226.0
389,Steven Okert,HOU,0.0,64.51948051948051,64.51948051948051,231,5.555555555555556,5.555555555555556,0.0,0.0,12.962962962962965,,23.792657558891324,13.448023837634226,12.413560465508516,4.137853488502839,,1.5516950581885645,68.1038961038961,27.48051948051948,9.56,3.83,3.99,1.27,24.67532467532467,9.956709956709958,1.0,68.0,71.2,276.0,4.411764705882353,2.941176470588235,,1.4705882352941175,14.705882352941178,1.4705882352941175,16.304347826086957,9.057971014492754,8.695652173913043,2.1739130434782608,0.36231884057971014,0.7246376811594203,84.0,19.0,10.55,2.39,3.01,0.89,30.4,6.9,276.0
393,Carson Seymour,SFG,0.0,35.89380530973451,35.89380530973451,113,3.8461538461538463,3.8461538461538463,0.0,0.0,3.8461538461538463,,31.76442947764116,15.88221473882058,14.66050591275746,2.443417652126243,,1.2217088260631215,28.99115044247787,13.805309734513273,7.24,3.46,4.15,1.38,18.58407079646018,8.849557522123893,3.0,16.0,36.0,156.0,6.25,18.75,,0.0,6.25,0.0,23.717948717948715,13.461538461538462,12.179487179487179,5.769230769230769,0.0,0.641025641025641,26.0,13.0,6.5,3.25,4.75,1.39,16.69999999999999,8.3,156.0
395,Easton Lucas,TOR,0.0,24.685714285714287,24.685714285714287,140,6.25,6.25,0.0,0.0,3.125,,16.53061224489796,8.816326530612246,8.26530612244898,2.2040816326530615,,1.1020408163265307,22.371428571428577,10.8,8.28,3.94,4.11,1.35,20.714285714285715,10.0,5.0,6.0,24.1,108.0,50.0,50.0,,0.0,0.0,0.0,23.14814814814815,16.666666666666664,16.666666666666664,4.62962962962963,0.0,0.0,23.0,12.0,8.51,4.44,6.66,1.52,21.3,11.1,108.0
399,Kyle Leahy,STL,0.0,84.12875536480686,84.12875536480686,233,5.555555555555555,5.555555555555555,0.0,0.0,12.962962962962965,,36.10676195914458,19.390668459540606,17.384737239588127,4.011862439904953,,1.3372874799683176,66.99141630901288,31.1587982832618,7.15,3.33,4.35,1.38,18.4549356223176,8.583690987124463,1.0,62.0,88.0,363.0,6.451612903225806,3.225806451612903,,1.6129032258064515,29.03225806451613,6.451612903225806,22.03856749311295,8.81542699724518,8.264462809917356,1.3774104683195594,0.27548209366391185,0.27548209366391185,80.0,28.0,8.18,2.86,3.07,1.23,22.0,7.7,363.0
