#,Name,Team,GS,G,IP,TBF,W,L,QS,SV,HLD,BS,H,R,ER,HR,IBB,HBP,SO,BB,K/9,BB/9,ERA,WHIP,K%,BB%,real_GS,real_G,real_IP,real_TBF,real_W,real_L,real_QS,real_SV,real_HLD,real_BS,real_H,real_R,real_ER,real_HR,real_IBB,real_HBP,real_SO,real_BB,real_K/9,real_BB/9,real_ERA,real_WHIP,real_K%,real_BB%,real_PA
1,Mason Miller,ATH,0.0,59.1622641509434,59.1622641509434,265,5.970149253731343,2.985074626865672,0.0,44.776119402985074,2.985074626865672,,14.661445354218586,7.330722677109293,6.66429334282663,1.9992880028479887,,0.9996440014239943,86.53584905660378,20.30943396226415,13.19,3.12,2.69,1.01,36.98113208,8.679245283018867,0.0,60.0,61.2,234.0,1.6666666666666667,3.3333333333333335,,36.666666666666664,16.666666666666664,6.666666666666667,11.965811965811966,8.11965811965812,7.6923076923076925,2.1367521367521367,0.8547008547008548,0.4273504273504274,104.0,28.0,15.18,4.09,2.63,0.91,44.4,12.0,234.0
2,Jhoan Duran,MIN,0.0,70.39622641509433,70.39622641509433,265,10.769230769230772,4.615384615384616,0.0,33.84615384615385,7.6923076923076925,,20.843004627981486,8.173727305090779,7.765040939836242,1.634745461018156,,1.634745461018156,87.72452830188679,21.660377358490564,11.21,2.81,2.57,1.09,30.566037735849054,7.547169811320755,0.0,72.0,70.0,287.0,9.722222222222223,8.333333333333332,,44.44444444444444,1.3888888888888888,6.944444444444445,20.209059233449477,6.620209059233449,5.574912891986063,1.0452961672473868,1.3937282229965158,1.0452961672473868,80.0,19.0,10.29,2.44,2.06,1.1,27.89999999999999,6.6000000000000005,287.0
3,Edwin Diaz,NYM,0.0,63.52272727272727,63.52272727272727,264,7.6923076923076925,4.615384615384615,0.0,55.38461538461538,3.0769230769230766,,16.65805785123967,8.514118457300276,7.773760330578512,2.2210743801652892,,1.4807162534435263,90.88636363636364,22.477272727272727,12.87,3.22,2.94,1.05,35.22727272727273,8.712121212121213,0.0,62.0,66.1,258.0,9.67741935483871,4.838709677419355,,45.16129032258064,0.0,4.838709677419355,14.34108527131783,5.426356589147287,4.651162790697675,1.550387596899225,0.0,3.10077519379845,98.0,21.0,13.3,2.85,1.63,0.87,38.0,8.1,258.0
4,Felix Bautista,BAL,0.0,35.79831932773109,35.79831932773109,238,8.333333333333332,3.3333333333333326,0.0,43.333333333333336,6.666666666666667,,10.278228938634275,4.763081703269543,4.512393192571147,1.5041310641903818,,0.5013770213967939,50.714285714285715,13.126050420168069,12.8,3.23,2.66,1.04,35.714285714285715,9.243697478991598,0.0,35.0,34.2,142.0,2.857142857142857,2.857142857142857,,54.285714285714285,0.0,2.857142857142857,11.267605633802818,7.042253521126761,7.042253521126761,2.112676056338028,0.0,0.0,50.0,23.0,12.98,5.97,2.6,1.13,35.199999999999996,16.2,142.0
5,Emmanuel Clase,CLE,0.0,50.82758620689655,50.82758620689655,261,7.575757575757576,3.0303030303030303,0.0,51.515151515151516,3.0303030303030303,,16.228475800413968,6.196327123794425,5.606200731052098,1.4753159818558153,,0.5901263927423261,50.82758620689655,10.781609195402298,9.06,1.95,2.62,1.06,25.287356321839084,5.363984674329502,0.0,48.0,47.1,201.0,10.416666666666668,6.25,,50.0,2.083333333333333,10.416666666666668,22.885572139303484,9.950248756218906,8.45771144278607,0.9950248756218906,0.9950248756218906,1.9900497512437811,47.0,12.0,8.94,2.28,3.23,1.23,23.39999999999999,6.0,201.0
6,Ryan Helsley,STL,0.0,62.52631578947368,62.52631578947368,266,9.090909090909092,4.545454545454546,0.0,53.03030303030303,3.0303030303030303,,17.451523545706372,8.19153146022952,7.4792243767313025,2.1369212504946575,,0.3561535417491096,77.68421052631578,22.73684210526316,11.15,3.3,2.91,1.11,30.82706766917293,9.022556390977442,0.0,58.0,56.0,252.0,5.172413793103448,6.896551724137931,,36.206896551724135,1.7241379310344827,15.517241379310345,24.206349206349206,12.698412698412698,11.11111111111111,3.1746031746031744,1.1904761904761905,0.3968253968253968,63.0,25.0,10.13,4.02,4.5,1.54,25.0,9.9,252.0
7,Josh Hader,HOU,0.0,50.7536231884058,50.7536231884058,276,8.823529411764705,5.88235294117647,0.0,48.529411764705884,2.941176470588235,,12.98046628859483,6.760659525309808,6.219806763285025,2.163411048099139,,0.8112791430371769,71.65217391304347,19.405797101449274,12.73,3.46,3.1,1.08,34.78260869565217,9.420289855072465,0.0,48.0,52.2,206.0,12.5,4.166666666666666,,58.333333333333336,0.0,2.083333333333333,14.077669902912621,7.766990291262135,5.825242718446602,3.8834951456310676,0.48543689320388345,0.9708737864077669,76.0,16.0,12.99,2.73,2.05,0.85,36.9,7.8,206.0
8,Andres Munoz,SEA,0.0,62.28352490421456,62.28352490421456,261,9.374999999999998,4.687499999999999,0.0,40.625,6.25,,17.151832768162535,7.83018452459594,7.084452665110611,1.8643296487133192,,1.4914637189706552,82.72030651340997,24.32950191570881,11.94,3.46,2.73,1.1,32.56704980842912,9.578544061302685,0.0,64.0,62.1,254.0,4.6875,4.6875,,59.375,0.0,10.9375,14.173228346456693,7.086614173228346,4.724409448818897,0.7874015748031495,1.1811023622047243,1.574803149606299,83.0,28.0,11.98,4.04,1.73,1.03,32.7,11.0,254.0
9,Tanner Scott,LAD,0.0,57.32846715328468,57.32846715328468,274,9.090909090909092,4.545454545454546,0.0,37.878787878787875,12.12121212121212,,15.850604720549843,7.608290265863925,6.974266077041931,1.5850604720549843,,0.9510362832329906,71.22627737226277,25.18978102189781,11.14,4.01,3.03,1.21,29.927007299270077,10.583941605839415,0.0,61.0,57.0,238.0,1.639344262295082,6.557377049180328,,37.704918032786885,13.114754098360656,16.39344262295082,22.689075630252102,13.865546218487395,12.605042016806722,4.621848739495799,0.8403361344537815,1.680672268907563,60.0,18.0,9.47,2.84,4.74,1.26,25.2,7.6,238.0
10,Jeff Hoffman,TOR,0.0,70.93155893536121,70.93155893536121,263,6.153846153846154,3.076923076923077,0.0,40.0,6.153846153846154,,20.33136231548815,9.543292515433214,8.713440992352064,2.489554569243447,,1.2447772846217235,87.30038022813687,24.00760456273764,11.05,3.01,2.97,1.09,30.418250950570343,8.365019011406844,0.0,71.0,68.0,287.0,12.676056338028168,9.859154929577464,,46.478873239436616,0.0,9.859154929577464,18.81533101045296,11.846689895470384,11.498257839721255,5.2264808362369335,0.34843205574912894,1.3937282229965158,84.0,27.0,11.12,3.57,4.37,1.19,29.299999999999997,9.4,287.0
11,Cade Smith,CLE,0.0,73.11827956989247,73.11827956989247,279,5.882352941176471,2.9411764705882355,0.0,2.9411764705882355,20.58823529411765,,20.040852507033566,9.635025243766137,8.864223224264848,2.312406058503873,,1.541604039002582,92.47311827956987,24.731182795698924,11.37,3.07,3.02,1.11,30.824372759856633,8.243727599,0.0,76.0,73.2,300.0,10.526315789473683,6.578947368421052,,21.052631578947366,25.0,7.894736842105263,18.333333333333332,10.333333333333334,8.0,1.3333333333333335,1.0,1.3333333333333335,104.0,19.0,12.71,2.32,2.93,1.0,34.699999999999996,6.3,300.0
12,Devin Williams,NYY,0.0,63.490272373540854,63.490272373540854,257,7.936507936507936,4.761904761904762,0.0,49.2063492063492,4.761904761904762,,17.253856984965708,8.626928492482854,8.234795379188178,1.9606655664733759,,1.1763993398840256,84.65369649805447,28.217898832684824,11.96,4.03,2.94,1.15,32.68482490272373,10.894941634241246,0.0,67.0,62.0,259.0,5.970149253731343,8.955223880597014,,26.865671641791046,22.388059701492537,5.970149253731343,17.374517374517374,14.285714285714285,12.741312741312742,1.9305019305019304,0.3861003861003861,1.5444015444015444,90.0,25.0,13.06,3.63,4.79,1.13,34.699999999999996,9.69999999999999,259.0
13,Griffin Jax,MIN,0.0,69.50877192982456,69.50877192982456,285,7.142857142857142,4.2857142857142865,0.0,11.428571428571429,15.714285714285714,,20.20806401969837,9.40720221606648,8.710372422283779,2.438904278239458,,1.0452446906740538,82.41754385964911,19.859649122807017,10.64,2.53,3.2,1.11,29.122807017543863,7.017543859649122,2.0,73.0,66.0,283.0,1.36986301369863,9.58904109589041,,0.0,38.35616438356164,8.21917808219178,22.614840989399294,11.66077738515901,10.954063604240282,2.4734982332155475,1.0600706713780919,0.35335689045936397,99.0,21.0,13.5,2.86,4.23,1.29,35.0,7.4,283.0
14,Matt Strahm,PHI,0.0,63.762081784386616,63.762081784386616,269,7.462686567164178,4.477611940298507,0.0,4.477611940298507,17.910447761194032,,18.75043186246735,9.198325064606625,8.490761598098423,2.8302538660328076,,1.4151269330164038,75.182156133829,16.178438661710036,10.6,2.33,3.26,1.05,29.36802973977695,6.319702602230483,0.0,66.0,62.1,256.0,3.0303030303030303,4.545454545454546,,9.090909090909092,33.33333333333333,6.0606060606060606,18.359375,8.59375,7.421875,1.953125,0.390625,0.78125,70.0,20.0,10.11,2.89,2.74,1.07,27.3,7.8,256.0
15,Raisel Iglesias,ATL,0.0,65.53623188405797,65.53623188405797,276,7.352941176470589,4.411764705882353,0.0,47.05882352941177,1.4705882352941175,,20.25309808863684,8.729783658895188,8.380592312539383,2.444339424490653,,0.6983826927116152,73.2463768115942,16.384057971014492,10.09,2.25,3.14,1.1,27.536231884057973,6.159420289855073,0.0,70.0,67.1,266.0,5.714285714285714,8.571428571428571,,41.42857142857143,2.857142857142857,7.142857142857142,19.172932330827066,9.398496240601503,9.022556390977442,3.007518796992481,0.7518796992481203,0.7518796992481203,73.0,16.0,9.76,2.14,3.21,1.0,27.39999999999999,6.0,266.0
16,Bryan Abreu,HOU,0.0,71.27759197324414,71.27759197324414,299,5.555555555555556,2.777777777777778,0.0,2.777777777777778,19.444444444444446,,18.210087135490653,8.939497321059049,8.277312334313933,2.3176474536079015,,1.3243699734902294,92.06688963210702,28.70903010033445,11.58,3.67,3.15,1.17,31.103678929765888,9.698996655518394,0.0,70.0,71.0,296.0,4.285714285714286,5.714285714285714,,10.0,35.714285714285715,7.142857142857142,17.22972972972973,6.081081081081082,6.081081081081082,1.3513513513513513,0.0,1.3513513513513513,105.0,31.0,13.31,3.93,2.28,1.15,35.5,10.5,296.0
17,Justin Martinez,ARI,0.0,15.710344827586209,15.710344827586209,290,7.352941176470587,4.4117647058823515,0.0,27.941176470588232,11.76470588235294,,4.14268727705113,2.071343638525565,1.8323424494649225,0.31866825208085614,,0.23900118906064208,19.63793103448276,8.317241379310344,11.29,4.73,3.11,1.3,29.310344827586203,12.413793103448276,0.0,17.0,15.1,67.0,5.88235294117647,11.76470588235294,,29.411764705882355,23.52941176470588,5.88235294117647,10.44776119402985,11.940298507462686,10.44776119402985,1.4925373134328357,1.4925373134328357,4.477611940298507,22.0,12.0,12.91,7.04,4.11,1.24,32.79999999999999,17.9,67.0
18,Ryan Walker,SFG,0.0,64.6,64.6,280,7.352941176470589,4.411764705882352,0.0,41.1764705882353,7.352941176470589,,18.660714285714285,8.482142857142858,7.803571428571429,2.0357142857142856,,1.6964285714285714,76.95,19.95,10.69,2.81,3.04,1.12,28.92857142857143,7.5,0.0,68.0,61.1,266.0,7.352941176470589,10.294117647058822,,25.0,13.23529411764706,8.823529411764707,22.55639097744361,12.030075187969924,10.526315789473683,1.5037593984962405,0.7518796992481203,3.007518796992481,60.0,18.0,8.8,2.64,4.11,1.27,22.6,6.800000000000001,266.0
19,Aroldis Chapman,BOS,0.0,53.64705882352941,53.64705882352941,272,7.8125,4.6875,0.0,18.75,14.0625,,14.17603806228374,7.704368512110726,7.08801903114187,1.8490484429065743,,0.9245242214532872,79.63235294117648,30.176470588235293,13.33,5.1,3.23,1.28,34.92647058823529,13.23529411764706,0.0,67.0,61.1,228.0,7.462686567164178,4.477611940298507,,47.76119402985074,5.970149253731343,2.9850746268656714,12.280701754385964,3.9473684210526314,3.508771929824561,1.3157894736842104,0.0,0.0,85.0,15.0,12.47,2.2,1.17,0.7,37.3,6.6000000000000005,228.0
20,Chris Martin,TEX,0.0,42.403361344537814,42.403361344537814,238,6.896551724137931,3.448275862068965,0.0,31.03448275862069,10.344827586206897,,16.587811595226324,7.0651790127815834,6.757997316573689,1.8430901772473691,,0.9215450886236846,42.403361344537814,8.042016806722689,9.01,1.64,3.36,1.11,24.369747899159663,4.621848739495799,0.0,49.0,42.1,174.0,4.081632653061225,12.244897959183673,,4.081632653061225,26.53061224489796,6.122448979591836,24.71264367816092,10.344827586206897,8.045977011494253,3.4482758620689653,1.7241379310344827,0.5747126436781609,43.0,8.0,9.14,1.7,2.98,1.2,24.7,4.6,174.0
22,Orion Kerkering,PHI,0.0,64.45384615384614,64.45384615384614,260,6.349206349206351,4.761904761904763,0.0,7.936507936507938,19.04761904761905,,20.068047337278106,9.44378698224852,8.656804733727808,1.9674556213017749,,1.9674556213017749,73.66153846153846,20.46153846153846,10.35,2.83,3.17,1.13,27.692307692307693,7.6923076923076925,0.0,69.0,60.0,266.0,11.594202898550725,5.797101449275362,,5.797101449275362,27.536231884057973,10.144927536231885,20.676691729323306,10.526315789473683,8.270676691729323,2.2556390977443606,1.1278195488721803,1.5037593984962405,65.0,27.0,9.75,4.05,3.3,1.37,24.4,10.2,266.0
23,Aaron Bummer,ATL,0.0,55.13461538461539,55.13461538461539,260,8.19672131147541,3.278688524590164,0.0,1.639344262295082,22.950819672131143,,18.076923076923077,7.647928994082839,6.952662721893491,1.0428994082840237,,1.0428994082840237,64.17307692307692,21.692307692307693,10.43,3.6,3.02,1.26,27.307692307692307,9.230769230769232,2.0,42.0,54.1,235.0,7.142857142857142,4.761904761904762,,0.0,4.761904761904762,0.0,21.70212765957447,11.48936170212766,9.787234042553191,1.276595744680851,1.702127659574468,4.680851063829787,51.0,17.0,8.45,2.82,3.81,1.25,21.7,7.199999999999999,235.0
24,Robert Garcia,TEX,0.0,64.23880597014926,64.23880597014926,268,7.8125,4.6875,0.0,12.5,15.625,,19.84991089329472,10.112218756961463,9.363165515705058,2.247159723769214,,0.7490532412564046,74.27611940298507,23.08582089552239,10.45,3.23,3.45,1.19,27.611940298507463,8.582089552238806,0.0,71.0,64.0,269.0,5.633802816901409,11.267605633802818,,12.676056338028168,21.12676056338028,9.859154929577464,21.561338289962826,9.66542750929368,7.806691449814126,2.973977695167286,0.7434944237918215,0.37174721189591076,68.0,22.0,9.56,3.09,2.95,1.25,25.3,8.19999999999999,269.0
25,Trevor Megill,MIL,0.0,45.850746268656714,45.850746268656714,268,4.6875,3.125,0.0,43.74999999999999,3.125,,14.43528625529071,6.950323011806639,6.415682780129204,2.1385609267097347,,0.5346402316774337,55.88059701492537,16.477611940298505,10.97,3.19,3.43,1.2,29.10447761,8.582089552238806,0.0,50.0,47.0,192.0,12.0,6.0,,60.0,0.0,12.0,18.75,8.333333333333332,6.770833333333333,1.5625,1.5625,0.0,60.0,17.0,11.49,3.26,2.49,1.13,31.3,8.9,192.0
27,Pete Fairbanks,TBR,0.0,58.795180722891565,58.795180722891565,249,6.666666666666667,5.0,0.0,36.666666666666664,11.666666666666666,,19.67710198222609,9.445008951468525,9.051466911824003,2.3612522378671312,,0.7870840792890438,66.63453815261045,22.538152610441767,10.13,3.4,3.39,1.21,27.309236947791167,9.236947791164658,0.0,61.0,60.1,244.0,6.557377049180328,8.19672131147541,,44.26229508196721,0.0,8.19672131147541,18.442622950819672,9.01639344262295,7.786885245901639,2.8688524590163933,0.0,0.4098360655737705,59.0,18.0,8.8,2.69,2.83,1.04,24.2,7.4,244.0
28,Lucas Erceg,KCR,0.0,58.53684210526316,58.53684210526316,285,5.970149253731343,4.477611940298507,0.0,16.417910447761198,14.925373134328357,,17.473684210526315,8.583564173591876,7.970452446906741,1.5327793167128347,,1.8393351800554019,66.4,24.463157894736845,10.15,3.74,3.45,1.26,26.666666666666668,9.824561403508772,0.0,61.0,61.1,249.0,13.114754098360656,6.557377049180328,,3.278688524590164,36.0655737704918,8.19672131147541,21.686746987951807,7.630522088353414,7.228915662650602,1.6064257028112447,1.2048192771084338,1.6064257028112447,48.0,18.0,7.04,2.64,2.64,1.17,19.3,7.199999999999999,249.0
29,David Bednar,PIT,0.0,59.940298507462686,59.940298507462686,268,6.25,6.25,0.0,43.75000000000001,6.25,,19.570060147026062,9.785030073513033,9.086099353976387,2.446257518378258,,0.6989307195366451,63.6865671641791,21.541044776119403,9.63,3.27,3.7,1.24,25.37313432835821,8.582089552238806,0.0,64.0,62.2,251.0,9.375,7.8125,,42.1875,6.25,4.6875,18.326693227091635,7.171314741035857,6.374501992031872,1.593625498007968,0.796812749003984,0.398406374501992,86.0,19.0,12.35,2.73,2.3,1.04,34.29999999999999,7.6,251.0
30,Ryan Pressly,CHC,0.0,43.70866141732283,43.70866141732283,254,4.918032786885246,4.918032786885246,0.0,40.98360655737705,8.196721311475411,,15.515531031062062,7.05251410502821,6.488312976625952,1.6926033852067701,,0.5642011284022568,45.14173228346456,12.897637795275587,9.32,2.69,3.38,1.2,24.803149606299215,7.086614173228346,0.0,44.0,41.1,182.0,4.545454545454546,6.8181818181818175,,11.363636363636363,15.909090909090908,4.545454545454546,25.274725274725274,13.186813186813188,10.989010989010989,3.296703296703297,0.0,1.098901098901099,28.0,17.0,6.1,3.7,4.35,1.52,15.4,9.3,182.0
32,Keegan Akin,BAL,0.0,65.36585365853658,65.36585365853658,287,4.2857142857142865,4.2857142857142865,0.0,2.857142857142857,22.857142857142858,,19.847272638978257,9.4355886316454,8.784858381187096,2.9282861270623655,,0.6507302504583035,73.77003484320558,17.742160278745644,10.22,2.48,3.42,1.14,27.526132404181187,6.620209059233449,3.0,64.0,63.1,268.0,7.8125,6.25,,12.5,25.0,9.375,20.149253731343283,10.44776119402985,8.955223880597014,3.731343283582089,0.7462686567164178,0.3731343283582089,59.0,33.0,8.38,4.69,3.41,1.37,22.0,12.3,268.0
33,Jeremiah Estrada,SDP,0.0,73.37931034482759,73.37931034482759,261,6.349206349206349,3.1746031746031744,0.0,4.761904761904763,20.634920634920633,,20.974442536075514,11.15661837025293,10.264088900632698,3.1238531436708215,,0.8925294696202346,99.00383141762453,31.448275862068968,12.12,3.9,3.26,1.18,32.56704980842912,10.344827586206897,0.0,77.0,73.0,304.0,5.194805194805195,6.493506493506493,,3.896103896103896,38.961038961038966,3.896103896103896,19.078947368421055,10.197368421052632,9.210526315789473,3.9473684210526314,0.6578947368421052,0.9868421052631579,108.0,27.0,13.32,3.33,3.45,1.16,35.5,8.9,304.0
34,Blake Treinen,LAD,0.0,31.450413223140497,31.450413223140497,242,8.47457627118644,5.084745762711865,0.0,10.16949152542373,23.728813559322035,,11.013591967761766,5.286524144525648,4.8459804658151775,1.3216310361314119,,0.6608155180657059,34.11570247933884,9.59504132231405,9.7,2.79,3.34,1.16,26.446280991735534,7.438016529,0.0,32.0,26.2,129.0,6.25,21.875,,6.25,31.25,9.375,23.25581395348837,13.953488372093023,12.4031007751938,3.10077519379845,3.10077519379845,1.550387596899225,36.0,19.0,12.15,6.41,5.4,1.84,27.89999999999999,14.7,129.0
35,Jason Adam,SDP,0.0,66.28158844765343,66.28158844765343,277,7.352941176470587,4.411764705882352,0.0,4.411764705882352,17.647058823529413,,18.298166273508063,9.500970949706108,8.797195323801953,2.815102503616625,,2.1113268777124685,77.00361010830325,23.39350180505415,10.39,3.13,3.34,1.11,28.51985559566787,8.664259927797833,0.0,65.0,65.1,270.0,12.307692307692308,6.153846153846154,,0.0,44.61538461538462,3.076923076923077,18.51851851851852,6.666666666666667,5.185185185185185,1.4814814814814816,1.1111111111111112,1.1111111111111112,70.0,25.0,9.64,3.44,1.93,1.15,25.9,9.3,270.0
36,Fernando Cruz,NYY,0.0,47.10424710424711,47.10424710424711,259,6.557377049180327,4.918032786885245,0.0,0.0,21.31147540983606,,14.01290976580552,7.155528391049626,6.559234358462159,1.7888820977624065,,0.8944410488812032,64.0926640926641,20.84942084942085,12.24,3.96,3.25,1.21,32.04633204633205,10.424710424710424,0.0,49.0,48.0,200.0,6.122448979591836,8.16326530612245,,4.081632653061225,32.6530612244898,2.0408163265306123,16.5,10.5,9.5,2.5,0.0,1.5,72.0,24.0,13.5,4.5,3.56,1.19,36.0,12.0,200.0
37,Jose Alvarado,PHI,0.0,27.142857142857142,27.142857142857142,252,6.666666666666667,3.3333333333333335,0.0,5.0,16.666666666666664,,8.796296296296296,4.308390022675737,3.9493575207860925,0.8975812547241119,,0.35903250188964475,31.214285714285715,12.214285714285714,10.42,4.02,3.31,1.26,27.380952380952383,10.714285714285714,0.0,28.0,26.0,114.0,14.285714285714285,7.142857142857142,,25.0,17.857142857142858,3.571428571428571,23.684210526315788,10.526315789473683,9.649122807017543,3.508771929824561,0.0,0.8771929824561403,32.0,7.0,11.08,2.42,3.81,1.31,28.1,6.1,114.0
40,David Robertson,,0.0,18.57142857142857,18.57142857142857,273,6.153846153846154,4.615384615384616,0.0,0.0,0.0,,5.442176870748299,2.82574568288854,2.616431187859759,0.7326007326007326,,0.31397174254317106,22.857142857142858,7.7142857142857135,11.02,3.69,3.49,1.22,29.304029304029307,9.89010989,0.0,20.0,17.2,78.0,10.0,0.0,,10.0,50.0,5.0,23.076923076923077,11.538461538461538,10.256410256410255,5.128205128205128,1.282051282051282,0.0,22.0,8.0,11.21,4.08,4.08,1.47,28.199999999999996,10.3,78.0
41,Kevin Ginkel,ARI,0.0,29.07751937984496,29.07751937984496,258,8.06451612903226,4.838709677419355,0.0,4.838709677419355,22.58064516129032,,9.997896761011958,4.544498527732708,4.180938645514091,1.09067964665585,,0.3635598822186167,30.953488372093023,9.37984496124031,9.59,2.85,3.31,1.2,25.581395348837212,7.751937984496124,0.0,29.0,25.2,121.0,3.4482758620689653,13.793103448275861,,10.344827586206897,20.689655172413794,3.4482758620689653,23.96694214876033,18.181818181818183,17.355371900826448,1.6528925619834711,0.0,1.6528925619834711,29.0,13.0,10.17,4.56,7.36,1.64,24.0,10.7,121.0
42,Ian Hamilton,NYY,0.0,39.05882352941177,39.05882352941177,255,5.0,5.0,0.0,1.6666666666666667,25.0,,13.019607843137257,6.382160707420223,5.8715878508266055,1.5317185697808537,,0.7658592848904269,42.964705882352945,15.623529411764707,9.95,3.62,3.46,1.25,25.882352941176475,9.411764705882351,1.0,36.0,40.0,166.0,5.555555555555555,2.7777777777777777,,0.0,11.11111111111111,0.0,16.867469879518072,12.048192771084338,11.44578313253012,3.0120481927710845,0.6024096385542169,0.6024096385542169,42.0,22.0,9.45,4.95,4.28,1.25,25.3,13.3,166.0
43,Garrett Whitlock,BOS,0.0,71.09558823529412,71.09558823529412,272,4.545454545454546,4.545454545454546,0.0,0.0,21.21212121212121,,24.553957612456745,11.484915657439446,10.69285250865052,3.1682525951557095,,0.7920631487889274,72.17279411764706,16.158088235294116,9.07,2.11,3.62,1.17,24.63235294117647,5.514705882352941,0.0,62.0,72.0,293.0,11.29032258064516,4.838709677419355,,1.6129032258064515,38.70967741935484,6.451612903225806,18.43003412969283,7.167235494880546,6.143344709897611,0.6825938566552902,0.6825938566552902,1.7064846416382253,91.0,24.0,11.38,3.0,2.25,1.08,31.1,8.19999999999999,293.0
44,Carlos Estevez,KCR,0.0,64.47940074906367,64.47940074906367,267,7.8125,4.6875,0.0,32.8125,9.375,,21.50822707570593,11.320119513529438,10.188107562176492,2.6413612198235357,,0.7546746342352958,63.47191011235955,22.16479400749064,8.81,3.14,3.86,1.24,23.59550561797753,8.239700374531834,0.0,67.0,66.0,269.0,5.970149253731343,7.462686567164178,,62.68656716417911,0.0,8.955223880597014,17.843866171003718,8.178438661710038,6.691449814126393,1.858736059479554,2.2304832713754648,1.486988847583643,54.0,22.0,7.36,3.0,2.45,1.06,20.1,8.19999999999999,269.0
46,Pierce Johnson,ATL,0.0,55.79487179487179,55.79487179487179,273,7.812500000000002,6.250000000000002,0.0,3.125000000000001,18.750000000000004,,17.882971729125575,8.941485864562788,8.302808302808304,2.235371466140697,,0.6386775617544849,68.0,23.53846153846154,10.96,3.77,3.6,1.29,28.57142857142857,9.89010989,0.0,65.0,59.0,238.0,4.615384615384616,4.615384615384616,,1.5384615384615385,24.615384615384617,4.615384615384616,21.84873949579832,8.823529411764707,8.403361344537815,3.361344537815126,0.8403361344537815,0.42016806722689076,59.0,19.0,9.0,2.9,3.05,1.2,24.8,8.0,238.0
47,Robert Suarez,SDP,0.0,65.24253731343283,65.24253731343283,268,7.6923076923076925,6.153846153846154,0.0,43.07692307692308,6.153846153846154,,20.973490755179327,10.861271998217866,9.737692136333258,2.9962129650256184,,0.7490532412564046,65.24253731343283,22.08208955223881,9.03,3.06,3.66,1.2,24.253731343283583,8.208955223880597,0.0,70.0,69.2,269.0,5.714285714285714,8.571428571428571,,57.14285714285714,0.0,7.142857142857142,17.472118959107807,8.921933085501859,8.550185873605948,2.2304832713754648,0.7434944237918215,0.7434944237918215,75.0,16.0,9.69,2.07,2.97,0.9,27.89999999999999,5.8999999999999995,269.0
48,Anthony Bender,MIA,0.0,48.0,48.0,255,5.000000000000001,5.000000000000001,0.0,8.333333333333332,20.0,,16.94117647058824,8.47058823529412,7.529411764705883,1.5686274509803921,,1.254901960784314,50.400000000000006,17.6,9.44,3.28,3.67,1.26,24.705882352941178,8.627450980392156,0.0,51.0,50.0,204.0,5.88235294117647,9.803921568627452,,7.8431372549019605,37.254901960784316,5.88235294117647,15.686274509803921,6.372549019607843,5.88235294117647,1.4705882352941175,0.9803921568627451,0.9803921568627451,42.0,21.0,7.56,3.78,2.16,1.06,20.6,10.3,204.0
49,Camilo Doval,SFG,0.0,65.78625954198473,65.78625954198473,262,8.06451612903226,4.838709677419355,0.0,16.12903225806452,19.35483870967742,,19.844414661150285,10.124701357729737,9.314725249111358,2.0249402715459475,,1.2149641629275685,79.58015267175573,30.770992366412216,10.95,4.14,3.31,1.25,28.62595419847328,11.068702290076336,0.0,69.0,65.1,278.0,5.797101449275362,4.3478260869565215,,23.18840579710145,14.492753623188406,8.695652173913043,18.345323741007196,12.23021582733813,9.352517985611511,1.4388489208633095,0.3597122302158274,1.079136690647482,72.0,35.0,9.92,4.82,3.58,1.32,25.9,12.6,278.0
50,Cole Sands,MIN,0.0,71.40298507462687,71.40298507462687,268,6.25,4.6875,0.0,1.5625,23.437499999999996,,23.3125417687681,11.65627088438405,10.823680106928048,3.3303631098240145,,1.6651815549120073,78.09701492537314,22.313432835820898,9.81,2.8,3.65,1.19,26.119402985074625,7.462686567164178,3.0,69.0,72.0,299.0,5.797101449275362,8.695652173913043,,4.3478260869565215,18.84057971014493,5.797101449275362,21.73913043478261,13.712374581939798,12.040133779264215,2.341137123745819,0.6688963210702341,1.3377926421404682,64.0,19.0,8.0,2.38,4.5,1.17,21.4,6.4,299.0
52,Brock Burke,LAA,0.0,60.57857142857143,60.57857142857143,280,4.545454545454546,4.545454545454546,0.0,4.545454545454546,19.696969696969692,,19.996173469387752,9.834183673469388,9.178571428571429,2.6224489795918364,,0.6556122448979591,60.57857142857143,21.110714285714284,9.01,3.14,3.85,1.27,23.57142857142857,8.214285714285714,1.0,69.0,61.2,257.0,10.144927536231885,1.4492753623188406,,0.0,21.73913043478261,7.246376811594203,22.56809338521401,9.33852140077821,8.949416342412452,3.11284046692607,1.556420233463035,1.1673151750972763,52.0,18.0,7.59,2.63,3.36,1.23,20.19999999999999,7.000000000000001,257.0
53,Tyler Holton,DET,0.0,76.66894197952219,76.66894197952219,293,5.555555555555556,4.166666666666667,0.0,8.333333333333334,18.055555555555554,,23.259443907325654,10.539435520506938,9.81257789840301,2.5440016773637435,,1.0902864331558901,68.15017064846417,19.167235494880547,7.95,2.31,3.4,1.14,21.843003412969285,6.143344709897611,6.0,70.0,78.2,312.0,8.571428571428571,7.142857142857142,,0.0,24.285714285714285,5.714285714285714,20.833333333333336,10.897435897435898,10.256410256410255,4.807692307692308,0.3205128205128205,0.0,64.0,17.0,7.32,1.94,3.66,1.04,20.5,5.4,312.0
54,Will Vest,DET,0.0,68.0,68.0,284,4.411764705882353,4.411764705882353,0.0,2.941176470588235,17.647058823529413,,21.47887323943662,9.859154929577464,9.15492957746479,2.112676056338028,,0.7042253521126761,66.0,21.0,8.76,2.8,3.39,1.21,23.239436619718308,7.394366197183098,0.0,64.0,68.2,284.0,9.375,7.8125,,35.9375,4.6875,10.9375,21.47887323943662,9.15492957746479,8.098591549295776,1.4084507042253522,0.35211267605633806,0.35211267605633806,75.0,22.0,9.83,2.88,3.01,1.21,26.4,7.7,284.0
55,Luke Weaver,NYY,0.0,62.512280701754385,62.512280701754385,285,4.411764705882352,4.411764705882352,0.0,8.823529411764705,19.117647058823533,,19.676208064019697,10.321945213911972,9.676823638042475,2.903047091412742,,0.9676823638042474,67.10877192982456,18.385964912280706,9.63,2.68,3.91,1.2,25.61403509,7.017543859649122,0.0,64.0,64.2,262.0,6.25,6.25,,12.5,32.8125,6.25,17.557251908396946,10.687022900763358,9.923664122137405,3.816793893129771,0.38167938931297707,0.38167938931297707,72.0,20.0,10.02,2.78,3.62,1.02,27.500000000000004,7.6,262.0
56,Dylan Lee,ATL,0.0,64.67450980392157,64.67450980392157,255,6.451612903225808,3.225806451612904,0.0,0.0,20.967741935483875,,22.089965397923876,10.226835832372167,9.40868896578239,3.272587466359093,,0.4090734332948866,74.06274509803922,18.776470588235295,10.37,2.59,3.32,1.16,27.84313725490196,7.0588235294117645,0.0,74.0,68.1,266.0,2.7027027027027026,5.405405405405405,,2.7027027027027026,25.675675675675674,9.45945945945946,19.924812030075188,10.150375939849624,9.398496240601503,4.887218045112782,0.37593984962406013,0.0,76.0,14.0,10.01,1.84,3.29,0.98,28.6,5.3,266.0
57,Kirby Yates,LAD,0.0,42.72,42.72,250,8.333333333333332,5.0,0.0,15.0,18.333333333333336,,13.100799999999998,7.4048,6.835200000000001,1.9935999999999998,,1.1392,51.976,20.648,10.92,4.34,3.59,1.25,29.2,11.6,0.0,50.0,41.1,178.0,8.0,6.0,,6.0,30.0,4.0,21.34831460674157,14.606741573033707,13.48314606741573,5.056179775280898,0.0,0.5617977528089888,52.0,17.0,11.32,3.7,5.23,1.33,29.2,9.6,178.0
58,Jordan Romano,PHI,0.0,44.48790322580645,44.48790322580645,248,8.474576271186441,5.084745762711865,0.0,38.98305084745763,6.779661016949152,,15.506308532778354,8.20922216441207,7.60113163371488,2.4323621227887617,,0.9121357960457858,48.25806451612903,16.588709677419356,9.81,3.33,3.83,1.24,25.806451612903224,8.870967741935484,0.0,49.0,42.2,187.0,4.081632653061225,8.16326530612245,,16.3265306122449,14.285714285714285,6.122448979591836,24.06417112299465,21.390374331550802,20.855614973262032,5.347593582887701,0.53475935828877,1.6042780748663104,47.0,17.0,9.91,3.59,8.23,1.45,25.1,9.1,187.0
59,Justin Slaten,BOS,0.0,32.148014440433215,32.148014440433215,277,6.153846153846152,6.153846153846152,0.0,3.076923076923077,23.076923076923077,,10.891579454964875,5.5350649689165765,4.999413520311746,1.428403862946213,,0.35710096573655337,33.631768953068594,11.870036101083032,9.43,3.32,3.91,1.31,24.548736462093864,8.664259927797833,0.0,36.0,34.0,137.0,5.555555555555555,11.11111111111111,,8.333333333333332,16.666666666666664,8.333333333333332,19.708029197080293,13.86861313868613,11.678832116788321,2.18978102189781,1.4598540145985401,0.0,25.0,10.0,6.62,2.65,4.24,1.09,18.2,7.3,137.0
60,Reed Garrett,NYM,0.0,55.309859154929576,55.309859154929576,284,9.090909090909092,7.575757575757574,0.0,0.0,22.72727272727273,,16.524499107319976,8.557329894862132,7.672088871255703,2.065562388414997,,0.5901606824042849,64.52816901408451,25.140845070422536,10.56,4.05,3.58,1.29,27.11267605633803,10.56338028169014,1.0,58.0,55.1,238.0,5.172413793103448,10.344827586206897,,5.172413793103448,34.48275862068966,12.068965517241379,19.747899159663866,11.344537815126051,10.084033613445378,2.100840336134454,0.8403361344537815,0.42016806722689076,64.0,26.0,10.41,4.23,3.9,1.32,26.89999999999999,10.9,238.0
61,Brock Stewart,MIN,0.0,38.21459227467811,38.21459227467811,233,5.357142857142857,1.785714285714286,0.0,1.785714285714286,16.071428571428573,,12.886588443331062,6.150417211589825,5.564663191438413,1.4643850503785298,,0.5857540201514119,49.13304721030043,15.012875536480689,11.55,3.56,3.13,1.18,30.90128755364807,9.442060086,0.0,43.0,37.2,159.0,4.651162790697675,4.651162790697675,,0.0,37.2093023255814,2.3255813953488373,20.125786163522015,6.918238993710692,6.918238993710692,1.8867924528301887,1.257861635220126,2.515723270440252,44.0,13.0,10.51,3.11,2.63,1.19,27.699999999999992,8.19999999999999,159.0
62,Yimi Garcia,TOR,0.0,21.699604743083004,21.699604743083004,253,6.557377049180328,4.918032786885245,0.0,4.918032786885245,22.950819672131146,,7.311471824274711,3.7963411395272533,3.374525457357559,1.1248418191191865,,0.42181568216969484,23.83399209486166,6.758893280632411,9.88,2.83,3.6,1.17,26.48221343873518,7.5098814229249005,0.0,22.0,21.0,90.0,4.545454545454546,9.090909090909092,,13.636363636363635,27.27272727272727,18.181818181818183,14.444444444444443,11.11111111111111,10.0,2.2222222222222223,1.1111111111111112,1.1111111111111112,25.0,12.0,10.71,5.14,3.86,1.19,27.800000000000004,13.3,90.0
64,Jesus Tinoco,MIA,0.0,18.823529411764707,18.823529411764707,272,4.6875,3.125,0.0,9.375,15.625,,6.271626297577855,3.1358131487889276,2.919550173010381,0.7569204152249136,,0.32439446366782004,18.823529411764707,7.0588235294117645,9.04,3.44,3.81,1.29,23.52941176470588,8.823529411764707,0.0,20.0,19.1,80.0,10.0,5.0,,20.0,20.0,10.0,21.25,15.0,13.750000000000002,1.25,1.25,0.0,10.0,8.0,4.66,3.72,5.12,1.29,12.5,10.0,80.0
65,Edwin Uceta,TBR,0.0,76.14963503649635,76.14963503649635,274,4.615384615384616,4.615384615384616,0.0,13.846153846153847,16.923076923076923,,23.516170280782138,12.827001971335713,11.971868506580002,3.420533859022857,,1.2827001971335714,83.17883211678833,29.288321167883215,9.79,3.48,3.83,1.23,25.91240875912409,9.124087591240876,0.0,70.0,76.0,321.0,14.285714285714285,4.285714285714286,,1.4285714285714286,30.0,7.142857142857142,19.314641744548286,10.2803738317757,9.968847352024921,3.4267912772585665,0.9345794392523363,2.4922118380062304,103.0,27.0,12.2,3.2,3.79,1.17,32.1,8.4,321.0
66,Alexis Diaz,CIN,0.0,20.018115942028984,20.018115942028984,276,6.153846153846153,6.153846153846153,0.0,43.07692307692308,4.615384615384615,,5.913936147868095,3.570678428901491,3.347511027095148,0.8926696072253727,,0.557918504515858,21.25,9.54710144927536,9.6,4.28,4.15,1.29,25.0,11.231884057971014,0.0,18.0,17.2,85.0,5.555555555555555,0.0,,0.0,22.22222222222222,0.0,17.647058823529413,20.0,18.823529411764707,7.0588235294117645,0.0,5.88235294117647,17.0,12.0,8.66,6.11,8.15,1.53,20.0,14.099999999999998,85.0
67,Dennis Santana,PIT,0.0,63.19148936170213,63.19148936170213,282,4.545454545454545,4.545454545454545,0.0,3.0303030303030303,18.18181818181818,,20.371208691715708,10.525124490719783,9.846084200995927,2.0371208691715705,,1.0185604345857853,60.319148936170215,24.893617021276597,8.62,3.61,3.96,1.32,22.340425531914892,9.219858156028367,0.0,70.0,70.1,270.0,5.714285714285714,7.142857142857142,,22.857142857142858,17.142857142857142,4.285714285714286,16.296296296296298,6.666666666666667,6.296296296296296,1.8518518518518516,0.0,1.1111111111111112,60.0,17.0,7.68,2.18,2.18,0.87,22.2,6.3,270.0
68,Colin Holderman,PIT,0.0,29.245283018867926,29.245283018867926,265,6.451612903225806,4.838709677419354,0.0,4.838709677419354,20.96774193548387,,9.78996084015664,5.161979352082592,4.805980776076896,1.0679957280170878,,0.711997152011392,29.71698113207547,12.264150943396226,9.08,3.73,3.89,1.3,23.77358490566038,9.811320754716984,0.0,24.0,25.2,125.0,0.0,8.333333333333332,,4.166666666666666,8.333333333333332,8.333333333333332,27.200000000000003,16.8,16.0,3.2,0.8,1.6,18.0,16.0,6.31,5.61,7.01,1.95,14.4,12.8,125.0
69,Bryan Hudson,MIL,0.0,18.072289156626507,18.072289156626507,249,5.0,5.0,0.0,1.6666666666666663,18.333333333333336,,6.048289543717037,3.0241447718585186,2.7822131901098373,0.8467605361203852,,0.3628973726230223,19.57831325301205,6.626506024096386,9.75,3.27,3.51,1.2,26.104417670682732,8.835341365461847,0.0,16.0,15.0,75.0,0.0,6.25,,0.0,12.5,0.0,20.0,13.333333333333334,10.666666666666668,2.666666666666667,2.666666666666667,2.666666666666667,19.0,13.0,11.4,7.8,4.8,1.87,25.3,17.299999999999997,75.0
70,Adrian Morejon,SDP,0.0,67.88326848249028,67.88326848249028,257,4.918032786885246,4.918032786885246,0.0,1.6393442622950818,19.67213114754098,,23.38264016109252,11.258308225711215,10.39228451604112,3.0310829838453275,,0.8660237096700935,72.33463035019456,24.482490272373543,9.53,3.17,3.55,1.24,25.29182879377432,8.560311284046692,0.0,75.0,73.2,286.0,17.333333333333336,8.0,,4.0,26.666666666666668,5.333333333333334,17.132867132867133,8.041958041958042,5.944055944055944,0.6993006993006993,1.048951048951049,0.0,70.0,17.0,8.55,2.08,2.08,0.9,24.5,5.8999999999999995,286.0
71,Tanner Banks,PHI,0.0,63.48251748251748,63.48251748251748,286,4.411764705882353,4.411764705882353,0.0,0.0,17.647058823529413,,20.564575284855007,9.792654897550003,9.139811237713335,2.6113746393466672,,0.6528436598366668,62.54895104895105,20.538461538461537,8.91,2.86,3.72,1.24,23.426573426573427,7.6923076923076925,1.0,69.0,67.1,267.0,8.695652173913043,2.898550724637681,,1.4492753623188406,14.492753623188406,4.3478260869565215,20.973782771535582,8.98876404494382,8.614232209737828,3.3707865168539324,0.37453183520599254,0.37453183520599254,61.0,12.0,8.15,1.6,3.07,1.01,22.8,4.5,267.0
72,Matthew Liberatore,STL,8.925619834710744,116.03305785123968,151.73553719008265,363,7.6923076923076925,6.153846153846153,0.9835393757257018,3.0769230769230766,18.46153846153846,,39.34157502902808,20.162557202376888,18.19547845092548,4.91769687862851,,1.9670787514514037,139.2396694214876,55.33884297520661,8.31,3.26,3.96,1.3,21.487603305785125,8.539944903581267,29.0,29.0,151.2,648.0,27.586206896551722,41.37931034482759,,0.0,0.0,0.0,24.382716049382715,12.191358024691358,10.95679012345679,2.9320987654320985,0.0,0.6172839506172839,122.0,40.0,7.24,2.37,4.21,1.31,18.8,6.2,648.0
73,Kenley Jansen,,0.0,56.385542168674704,56.385542168674704,249,5.0,5.0,0.0,0.0,0.0,,19.2480766439251,10.190158223254466,9.435331688198579,3.019306140223545,,0.7548265350558864,62.96385542168675,21.614457831325304,10.1,3.4,3.78,1.23,26.90763052208835,9.236947791164658,0.0,62.0,59.0,234.0,8.064516129032258,6.451612903225806,,46.774193548387096,0.0,1.6129032258064515,15.81196581196581,7.6923076923076925,7.264957264957266,3.418803418803419,0.8547008547008548,0.4273504273504274,57.0,19.0,8.69,2.9,2.59,0.95,24.4,8.1,234.0
74,Calvin Faucher,MIA,0.0,58.20652173913044,58.20652173913044,276,4.761904761904762,4.761904761904762,0.0,34.92063492063492,9.523809523809524,,19.75031505986137,10.042533081285443,9.0382797731569,2.008506616257089,,1.0042533081285445,60.97826086956522,25.869565217391305,9.42,4.06,3.91,1.38,23.91304347826087,10.144927536231885,0.0,65.0,60.1,255.0,6.153846153846154,6.153846153846154,,23.076923076923077,10.76923076923077,7.6923076923076925,20.784313725490197,10.588235294117647,8.627450980392156,3.1372549019607843,0.0,1.1764705882352942,59.0,24.0,8.8,3.58,3.28,1.28,23.1,9.4,255.0
75,Tim Herrin,CLE,0.0,45.908396946564885,45.908396946564885,262,6.451612903225806,4.838709677419355,0.0,0.0,22.580645161290327,,14.978730843190958,7.34805664005594,6.500203950818717,1.4130878153953732,,0.847852689237224,48.87022900763359,18.51145038167939,9.59,3.7,3.4,1.26,25.19083969465649,9.541984732824428,0.0,54.0,42.2,194.0,9.25925925925926,7.4074074074074066,,0.0,27.77777777777778,3.7037037037037033,19.072164948453608,11.855670103092782,11.855670103092782,2.5773195876288657,1.0309278350515463,3.0927835051546393,45.0,30.0,9.49,6.33,4.85,1.57,23.19999999999999,15.5,194.0
76,Yennier Cano,BAL,0.0,60.04313725490196,60.04313725490196,255,6.557377049180328,3.278688524590164,0.0,1.639344262295082,19.672131147540984,,21.23029603998462,9.650134563629372,8.878123798539022,1.9300269127258745,,0.7720107650903498,59.05882352941176,20.670588235294115,8.83,3.07,3.34,1.24,23.52941176470588,8.235294117647058,0.0,65.0,58.0,251.0,4.615384615384616,10.76923076923077,,3.076923076923077,26.153846153846157,7.6923076923076925,24.701195219123505,14.342629482071715,13.147410358565736,2.788844621513944,0.398406374501992,1.1952191235059761,53.0,24.0,8.22,3.72,5.12,1.48,21.1,9.6,251.0
78,Jared Koenig,MIL,0.0,63.1787072243346,63.1787072243346,263,6.451612903225806,6.451612903225806,0.0,3.225806451612903,19.354838709677416,,22.08503809510041,10.848790643207218,10.073877025835273,2.7121976608018046,,1.1623704260579162,61.140684410646394,22.418250950570343,8.73,3.19,3.75,1.27,22.81368821292776,8.365019011406844,0.0,72.0,66.0,268.0,8.333333333333332,1.3888888888888888,,2.7777777777777777,37.5,2.7777777777777777,21.26865671641791,7.835820895522389,7.835820895522389,2.2388059701492535,0.3731343283582089,1.4925373134328357,68.0,20.0,9.27,2.73,2.86,1.17,25.4,7.5,268.0
79,Luis Garcia,,0.0,30.155378486055778,30.155378486055778,251,5.172413793103448,5.172413793103448,0.0,0.0,0.0,,12.014095014364852,5.592768368756051,5.178489230329677,1.0356978460659354,,0.6214187076395612,27.03585657370518,9.358565737051793,8.03,2.87,3.82,1.32,20.717131474103585,7.171314741035857,1.0,30.0,31.15,130.5,5.0,3.3333333333333335,,3.3333333333333335,20.0,1.6666666666666667,22.22222222222222,9.961685823754788,9.195402298850574,1.532567049808429,1.9157088122605364,0.38314176245210724,27.5,13.5,8.015,2.7,3.47,0.99,22.799999999999997,7.399999999999995,130.5
80,Seranthony Dominguez,BAL,0.0,62.478764478764475,62.478764478764475,259,6.451612903225806,4.838709677419355,0.0,4.838709677419355,19.35483870967742,,20.621338381956143,10.894291975373056,10.11612826284641,2.723572993843264,,0.778163712526647,68.52509652509653,24.185328185328185,9.82,3.55,3.7,1.25,26.254826254826252,9.266409266409266,0.0,67.0,62.2,261.0,5.970149253731343,5.970149253731343,,2.9850746268656714,29.850746268656714,4.477611940298507,16.85823754789272,11.494252873563218,8.42911877394636,1.9157088122605364,0.7662835249042145,0.7662835249042145,79.0,36.0,11.35,5.17,3.16,1.28,30.3,13.8,261.0
81,Ryan Brasier,CHC,0.0,25.696202531645568,25.696202531645568,237,5.172413793103448,3.4482758620689653,0.0,3.4482758620689653,22.413793103448278,,9.720664423436416,4.673396357421352,4.299524648827645,1.1216151257811249,,0.3738717085937082,24.367088607594937,7.5316455696202524,8.48,2.62,3.62,1.19,23.20675105485232,7.172995780590717,1.0,28.0,26.0,105.0,0.0,3.571428571428571,,0.0,14.285714285714285,0.0,25.71428571428571,12.380952380952381,12.380952380952381,1.9047619047619049,0.0,0.0,20.0,5.0,6.92,1.73,4.5,1.23,19.0,4.8,105.0
83,John Schreiber,KCR,0.0,61.698473282442755,61.698473282442755,262,6.557377049180328,4.918032786885246,0.0,1.639344262295082,19.672131147540984,,22.004836547986713,11.19544315599324,10.03729386399394,1.9302488199988348,,1.1581492919993008,56.641221374045806,24.274809160305345,8.31,3.57,3.88,1.33,21.374045801526716,9.160305344,0.0,74.0,64.0,265.0,4.054054054054054,4.054054054054054,,1.3513513513513513,31.08108108108108,5.405405405405405,21.50943396226415,10.943396226415095,10.18867924528302,3.7735849056603774,0.37735849056603776,0.37735849056603776,62.0,19.0,8.72,2.67,3.8,1.19,23.39999999999999,7.199999999999999,265.0
84,Jose A. Ferrer,WSN,0.0,76.0909090909091,76.0909090909091,264,4.838709677419355,4.838709677419355,0.0,16.129032258064512,17.741935483870964,,27.892561983471076,13.481404958677686,12.551652892561984,2.789256198347107,,1.3946280991735536,62.59090909090909,25.772727272727273,7.41,3.01,3.89,1.3,19.318181818181817,7.954545454545454,0.0,72.0,76.1,324.0,5.555555555555555,5.555555555555555,,15.277777777777779,29.166666666666668,5.555555555555555,25.0,12.654320987654321,11.728395061728394,1.5432098765432098,0.30864197530864196,2.1604938271604937,71.0,16.0,8.37,1.89,4.48,1.27,21.899999999999988,4.9,324.0
85,Erik Miller,SFG,0.0,29.915708812260537,29.915708812260537,261,6.557377049180327,4.918032786885246,0.0,1.6393442622950818,19.672131147540984,,8.831344225716006,4.885424465289705,4.509622583344343,0.9395047048634049,,0.3758018819453619,37.27203065134099,15.693486590038312,11.19,4.78,3.48,1.31,29.11877394636015,12.260536398467432,0.0,36.0,30.0,128.0,11.11111111111111,2.7777777777777777,,0.0,27.77777777777778,5.555555555555555,18.75,3.90625,3.90625,0.0,3.125,2.34375,22.0,20.0,6.6,6.0,1.5,1.47,17.2,15.6,128.0
86,Caleb Ferguson,PIT,0.0,62.5609756097561,62.5609756097561,246,5.263157894736843,5.263157894736843,0.0,1.754385964912281,15.789473684210527,,22.75431290898275,10.707911957168353,9.815585960737657,1.784651992861392,,1.784651992861392,65.85365853658537,25.243902439024392,9.49,3.61,3.44,1.3,24.390243902439025,9.349593496,0.0,70.0,65.1,270.0,7.142857142857142,5.714285714285714,,0.0,20.0,7.142857142857142,20.0,10.0,9.62962962962963,0.7407407407407408,1.1111111111111112,2.2222222222222223,51.0,22.0,7.03,3.03,3.58,1.16,18.899999999999988,8.1,270.0
87,Ben Brown,CHC,7.572192513368984,78.24598930481282,113.58288770053476,187,9.67741935483871,6.451612903225808,1.349766936429409,0.0,3.225806451612904,,49.94137664788813,25.645571792158766,24.295804855729358,6.748834682147044,,2.699533872858818,126.20320855614972,42.90909090909091,10.06,3.38,3.59,1.21,26.737967914438503,9.090909090909092,15.0,25.0,106.1,472.0,20.0,32.0,,4.0,4.0,4.0,25.635593220338983,15.466101694915254,14.83050847457627,3.8135593220338984,0.0,0.847457627118644,121.0,32.0,10.24,2.71,5.92,1.44,25.6,6.800000000000001,472.0
88,Nick Mears,MIL,0.0,51.537549407114625,51.537549407114625,253,5.084745762711864,5.084745762711864,0.0,0.0,18.644067796610166,,16.572669468356015,9.322126575950257,8.286334734178007,2.071583683544502,,0.6905278945148338,63.76679841897233,24.458498023715418,11.11,4.2,3.73,1.28,28.85375494071146,11.067193675889328,0.0,63.0,56.2,221.0,7.936507936507936,4.761904761904762,,1.5873015873015872,25.396825396825395,9.523809523809524,19.004524886877828,11.312217194570136,9.95475113122172,3.167420814479638,0.4524886877828055,0.4524886877828055,46.0,13.0,7.31,2.06,3.49,0.97,20.8,5.8999999999999995,221.0
89,Ryan Fernandez,STL,0.0,32.971014492753625,32.971014492753625,276,6.153846153846154,4.615384615384616,0.0,1.5384615384615385,24.615384615384617,,10.8433102289435,5.329762654904432,4.962192816635161,1.2864944339424491,,0.3675698382692712,32.46376811594203,12.681159420289855,8.86,3.51,3.76,1.3,23.18840579710145,9.057971014492754,0.0,32.0,30.1,140.0,0.0,12.5,,3.125,12.5,3.125,25.71428571428571,21.428571428571427,18.571428571428573,4.285714285714286,1.4285714285714286,0.7142857142857143,34.0,16.0,10.09,4.75,7.71,1.71,24.3,11.4,140.0
90,Garrett Cleavinger,TBR,0.0,56.910780669144984,56.910780669144984,269,7.936507936507938,6.349206349206349,0.0,4.761904761904763,23.809523809523807,,17.462445239839138,9.738671383756444,8.731222619919569,2.350713782286038,,1.6790812730614562,67.75092936802974,26.197026022304833,10.7,4.12,3.78,1.28,27.881040892193308,10.780669144981411,0.0,67.0,61.1,243.0,2.9850746268656714,8.955223880597014,,2.9850746268656714,31.343283582089555,5.970149253731343,16.46090534979424,6.995884773662551,6.584362139917696,3.7037037037037033,0.0,2.880658436213992,82.0,18.0,12.03,2.64,2.35,0.95,33.7,7.4,243.0
92,Joel Payamps,MIL,0.0,27.988235294117647,27.988235294117647,255,8.19672131147541,6.557377049180328,0.0,3.278688524590164,21.311475409836067,,9.716262975778546,4.858131487889273,4.498269896193772,1.2595155709342558,,0.5397923875432525,27.52941176470588,9.176470588235292,8.86,2.98,3.67,1.22,23.52941176470588,7.84313725490196,0.0,30.0,26.1,117.0,0.0,3.3333333333333335,,3.3333333333333335,13.333333333333334,0.0,26.495726495726498,17.094017094017094,17.094017094017094,3.418803418803419,0.8547008547008548,1.7094017094017095,24.0,9.0,8.2,3.08,6.84,1.52,20.5,7.7,117.0
93,Gregory Soto,BAL,0.0,65.5816733067729,65.5816733067729,251,6.779661016949152,5.084745762711865,0.0,0.0,16.949152542372882,,21.69965556102284,11.071252837256552,10.185552610276025,2.21425056745131,,1.771400453961048,74.47410358565736,27.78884462151394,10.29,3.86,3.49,1.27,26.693227091633464,9.960159363,0.0,70.0,60.1,279.0,1.4285714285714286,7.142857142857142,,1.4285714285714286,31.428571428571427,1.4285714285714286,22.22222222222222,11.827956989247312,10.03584229390681,1.4336917562724014,0.35842293906810035,3.942652329749104,70.0,24.0,10.44,3.58,4.18,1.43,25.1,8.6,279.0
94,Landen Roupp,SFG,7.854785478547854,80.11881188118811,111.53795379537954,303,5.882352941176471,5.882352941176471,1.0369353767059875,0.0,1.9607843137254906,,33.7003997429446,17.10943371564879,15.554030650589812,3.629273818470956,,1.0369353767059875,109.96699669966996,43.98679867986799,8.8,3.6,3.78,1.31,23.10231023,9.240924092,22.0,22.0,106.2,476.0,31.818181818181817,31.818181818181817,,0.0,0.0,0.0,23.739495798319325,11.554621848739496,9.453781512605042,2.3109243697478994,0.21008403361344538,0.6302521008403361,102.0,45.0,8.61,3.8,3.8,1.48,21.4,9.5,476.0
97,Alex Vesia,LAD,0.0,57.171052631578945,57.171052631578945,228,7.272727272727273,5.454545454545454,0.0,0.0,20.0,,19.148199445983376,10.485918744228991,10.030009233610341,3.1913665743305635,,0.9118190212373037,72.76315789473685,24.94736842105263,11.42,3.91,3.53,1.19,30.70175438596491,10.526315789473683,0.0,68.0,59.2,237.0,5.88235294117647,2.941176470588235,,7.352941176470589,36.76470588235294,5.88235294117647,15.611814345991561,8.860759493670885,8.438818565400844,3.79746835443038,1.2658227848101267,2.109704641350211,80.0,22.0,12.07,3.32,3.02,0.99,33.79999999999999,9.3,237.0
98,Scott Barlow,,0.0,70.89056603773585,70.89056603773585,265,6.451612903225806,4.838709677419355,0.0,0.0,0.0,,22.867924528301884,12.081167675329299,11.218227127091492,3.0202919188323247,,1.2944108223567106,78.89433962264151,30.871698113207547,10.0,3.98,3.74,1.3,26.0377358490566,10.18867924528302,1.0,75.0,68.1,303.0,8.0,4.0,,1.3333333333333335,21.333333333333336,1.3333333333333335,16.5016501650165,11.55115511551155,10.561056105610561,2.6402640264026402,0.9900990099009901,1.9801980198019802,75.0,45.0,9.88,5.93,4.21,1.39,24.8,14.9,303.0
99,JoJo Romero,STL,0.0,60.76171875,60.76171875,256,6.557377049180328,6.557377049180328,0.0,1.639344262295082,19.672131147540984,,21.40045166015625,10.1165771484375,9.33837890625,2.3345947265625,,1.16729736328125,59.765625,20.91796875,8.89,3.03,3.52,1.24,23.4375,8.203125,0.0,65.0,61.0,255.0,6.153846153846154,9.230769230769232,,12.307692307692308,36.92307692307693,1.5384615384615385,18.43137254901961,8.235294117647058,5.490196078431373,0.7843137254901961,1.9607843137254901,0.7843137254901961,55.0,29.0,8.11,4.28,2.07,1.25,21.6,11.4,255.0
100,Jose Butto,NYM,0.0,67.26315789473685,67.26315789473685,266,4.761904761904761,3.1746031746031744,0.0,1.5873015873015872,25.396825396825395,,21.273107580982533,11.238622872971904,10.435864096331054,2.809655718242976,,1.2041381649612752,71.53383458646617,26.691729323308273,9.52,3.58,3.7,1.24,25.18796992481203,9.398496240601505,0.0,55.0,67.0,284.0,9.090909090909092,5.454545454545454,,1.8181818181818181,10.909090909090908,7.2727272727272725,21.830985915492956,10.915492957746478,10.211267605633804,1.4084507042253522,0.7042253521126761,0.7042253521126761,58.0,32.0,7.79,4.3,3.9,1.4,20.4,11.3,284.0
102,Andrew Kittredge,BAL,0.0,50.10218978102189,50.10218978102189,274,7.575757575757576,6.0606060606060606,0.0,3.0303030303030303,19.6969696969697,,17.454312962864297,8.31157760136395,7.757472427939688,2.4934732804091855,,0.5541051734242634,46.30656934306569,13.664233576642337,8.27,2.41,3.75,1.23,22.26277372262774,6.569343065693431,0.0,54.0,53.0,208.0,7.4074074074074066,5.555555555555555,,9.25925925925926,27.77777777777778,1.8518518518518516,19.71153846153846,10.576923076923077,9.615384615384617,3.3653846153846154,0.4807692307692308,0.0,64.0,11.0,10.87,1.87,3.4,0.98,30.8,5.3,208.0
103,Tyler Rogers,SFG,0.0,71.43344709897612,71.43344709897612,293,5.714285714285714,4.285714285714286,0.0,1.4285714285714286,20.0,,25.07658796258547,11.145150205593543,10.100292373819148,2.4380016074735873,,1.393143775699193,51.02389078498294,14.286689419795223,6.37,1.84,3.75,1.23,17.064846416382252,4.778156996587031,0.0,81.0,77.1,299.0,4.938271604938271,7.4074074074074066,,0.0,39.50617283950617,2.4691358024691357,22.073578595317723,6.688963210702341,5.68561872909699,1.3377926421404682,0.0,0.33444816053511706,48.0,7.0,5.59,0.81,1.98,0.94,16.1,2.3,299.0
104,Ryan Thompson,ARI,0.0,41.60377358490566,41.60377358490566,265,7.936507936507936,6.349206349206349,0.0,0.0,20.634920634920633,,15.450338198647204,6.977572089711641,6.479174083303666,1.495194019223923,,0.4983980064079743,33.679245283018865,12.547169811320757,7.24,2.65,3.69,1.29,19.245283018867926,7.169811320754717,0.0,48.0,41.1,175.0,6.25,4.166666666666666,,2.083333333333333,35.41666666666667,6.25,24.0,12.0,10.285714285714285,2.2857142857142856,1.1428571428571428,1.1428571428571428,36.0,13.0,7.84,2.83,3.92,1.33,20.6,7.4,175.0
106,Taylor Rogers,CIN,0.0,50.93680297397769,50.93680297397769,269,4.838709677419355,4.838709677419355,0.0,4.838709677419355,20.967741935483872,,17.40854880391371,9.773220381144538,9.162394107323006,2.7487182321969015,,1.2216525476430673,58.33085501858736,20.53903345724907,10.29,3.66,4.33,1.33,26.394052044609666,9.293680297397769,0.0,57.0,50.2,221.0,5.263157894736842,3.508771929824561,,0.0,17.543859649122805,1.7543859649122806,21.266968325791854,11.312217194570136,8.597285067873303,3.167420814479638,0.904977375565611,1.3574660633484164,53.0,23.0,9.41,4.09,3.38,1.38,24.0,10.4,221.0
107,Tylor Megill,NYM,3.3763837638376386,56.27306273062731,72.02952029520296,271,8.0,6.0,0.41529935594558903,0.0,2.0,,24.087362644844163,12.45898067836767,11.628381966476493,3.3223948475647123,,1.245898067836767,74.28044280442805,25.885608856088563,9.37,3.24,3.93,1.26,24.354243542435423,8.487084870848708,14.0,14.0,68.1,305.0,35.714285714285715,35.714285714285715,,0.0,0.0,0.0,19.672131147540984,12.131147540983607,9.836065573770492,1.9672131147540985,0.0,2.2950819672131146,89.0,33.0,11.72,4.35,3.95,1.36,29.2,10.8,305.0
108,Shawn Armstrong,TEX,0.0,66.37547892720308,66.37547892720308,261,4.918032786885245,4.918032786885245,0.0,1.6393442622950818,19.67213114754098,,24.597407554205024,12.507156383494078,11.673345957927806,3.3352417022650878,,1.2507156383494078,64.1992337164751,20.67432950191571,8.67,2.88,4.18,1.28,22.60536398467433,7.2796934865900385,2.0,71.0,74.0,284.0,5.633802816901409,4.225352112676056,,12.676056338028168,16.901408450704224,4.225352112676056,14.084507042253522,7.394366197183098,6.690140845070422,1.7605633802816902,0.0,2.112676056338028,74.0,20.0,9.0,2.43,2.31,0.81,26.1,7.000000000000001,284.0
109,Jose Suarez,LAA,0.5311475409836065,16.996721311475408,18.85573770491803,305,4.6875,6.25,0.08707336737436171,0.0,18.75,,5.920988981456599,3.1346412254770217,2.873421123353937,0.7836603063692554,,0.26122010212308516,18.324590163934424,6.904918032786885,8.74,3.24,4.19,1.31,22.62295081967213,8.524590163934425,1.0,7.0,19.1,81.0,28.57142857142857,0.0,,14.285714285714285,14.285714285714285,0.0,18.51851851851852,6.172839506172839,4.938271604938271,1.2345679012345678,1.2345679012345678,0.0,16.0,10.0,7.45,4.66,1.86,1.29,19.8,12.3,81.0
110,Hoby Milner,TEX,0.0,69.64754098360656,69.64754098360656,244,5.172413793103448,5.172413793103448,0.0,0.0,18.965517241379313,,27.559795753829615,13.287758667024994,12.303480247245364,3.444974469228702,,1.4764176296694438,63.643442622950815,19.21311475409836,8.18,2.41,3.9,1.23,21.72131147540983,6.557377049180328,0.0,73.0,70.1,293.0,4.10958904109589,5.47945205479452,,0.0,24.65753424657534,5.47945205479452,23.208191126279864,11.945392491467576,10.238907849829351,1.7064846416382253,1.023890784982935,0.6825938566552902,58.0,21.0,7.42,2.69,3.84,1.27,19.8,7.199999999999999,293.0
114,Mark Leiter Jr.,NYY,0.0,51.84489795918367,51.84489795918367,245,5.1724137931034475,6.896551724137931,0.0,0.0,20.68965517241379,,17.877551020408163,9.850895460224905,9.121199500208247,2.918783840066639,,1.4593919200333194,60.78367346938775,19.66530612244898,10.48,3.44,3.9,1.23,27.755102040816325,8.979591836734693,0.0,59.0,48.1,219.0,10.16949152542373,11.864406779661017,,3.389830508474576,23.728813559322035,6.779661016949152,26.027397260273972,14.15525114155251,11.87214611872146,2.28310502283105,0.0,1.82648401826484,54.0,17.0,10.06,3.17,4.84,1.53,24.7,7.8,219.0
115,Caleb Thielbar,CHC,0.0,52.20338983050847,52.20338983050847,236,5.357142857142857,5.357142857142857,0.0,0.0,17.857142857142858,,19.355070382074118,9.875035909221488,9.08503303648377,2.7650100545820164,,0.790002872737719,56.86440677966102,18.64406779661017,9.81,3.21,3.71,1.24,25.847457627118644,8.474576271,0.0,67.0,58.0,220.0,4.477611940298507,5.970149253731343,,1.4925373134328357,37.3134328358209,4.477611940298507,17.272727272727273,7.727272727272727,7.727272727272727,2.272727272727273,0.45454545454545453,0.0,56.0,13.0,8.69,2.02,2.64,0.88,25.5,5.8999999999999995,220.0
116,Dane Dunning,TEX,0.8507462686567164,17.865671641791042,22.119402985074625,335,6.349206349206351,6.349206349206351,0.08465137001559367,0.0,7.936507936507938,,6.433504121185118,3.3860548006237465,3.1321006905769657,0.8465137001559366,,0.3386054800623747,20.13432835820895,7.373134328358208,8.19,2.99,4.29,1.31,21.19402985074627,7.761194029850746,0.0,12.0,20.2,95.0,0.0,0.0,,16.666666666666664,0.0,0.0,25.263157894736842,17.894736842105264,16.842105263157894,4.2105263157894735,1.0526315789473684,3.1578947368421053,21.0,7.0,9.15,3.05,6.97,1.5,22.1,7.4,95.0
117,Jorge Alcala,MIN,0.0,61.68,61.68,250,5.0,5.0,0.0,1.6666666666666667,20.0,,21.3824,11.924800000000001,11.1024,3.2896,,0.8224,64.764,23.644,9.51,3.48,4.01,1.26,25.2,9.2,0.0,56.0,55.0,257.0,0.0,3.571428571428571,,0.0,8.928571428571429,3.571428571428571,25.680933852140075,17.120622568093385,14.785992217898833,5.058365758754864,0.38910505836575876,0.38910505836575876,61.0,30.0,9.98,4.91,6.22,1.75,23.7,11.69999999999999,257.0
118,Porter Hodge,CHC,0.0,34.17343173431734,34.17343173431734,271,4.761904761904763,4.761904761904763,0.0,17.460317460317462,15.873015873015875,,10.608515679252733,5.804659522609986,5.40433817622309,1.4011247123541344,,0.8006426927737911,36.88560885608856,16.273062730627306,9.75,4.25,3.86,1.32,25.092250922509223,11.07011070110701,0.0,36.0,33.0,147.0,5.555555555555555,5.555555555555555,,5.555555555555555,22.22222222222222,8.333333333333332,23.12925170068027,16.3265306122449,15.646258503401361,6.122448979591836,0.6802721088435374,0.0,40.0,18.0,10.91,4.91,6.27,1.58,27.200000000000003,12.2,147.0
119,Slade Cecconi,CLE,6.146616541353383,100.39473684210526,131.12781954887217,266,6.122448979591836,8.16326530612245,0.7702526994177171,0.0,2.0408163265306123,,47.75566736389846,24.648086381366948,23.107580982531513,6.932274294759454,,2.3107580982531517,116.78571428571428,30.733082706766915,8.13,2.06,4.18,1.2,21.428571428571427,5.639097744360902,23.0,23.0,132.0,545.0,30.434782608695656,30.434782608695656,,0.0,0.0,0.0,22.93577981651376,12.110091743119266,11.559633027522937,4.4036697247706424,0.1834862385321101,0.5504587155963303,109.0,32.0,7.43,2.18,4.3,1.19,20.0,5.8999999999999995,545.0
120,Jacob Webb,TEX,0.0,62.233082706766915,62.233082706766915,266,4.838709677419355,6.451612903225806,0.0,1.6129032258064513,24.193548387096772,,20.754423653117758,11.697947877211826,10.943241562552998,3.0188252586353097,,0.7547063146588274,63.23684210526315,27.101503759398497,9.18,3.94,4.24,1.32,23.684210526315788,10.150375939849624,0.0,55.0,66.0,267.0,9.090909090909092,7.2727272727272725,,1.8181818181818181,12.727272727272727,3.6363636363636362,18.352059925093634,8.98876404494382,8.239700374531834,3.7453183520599254,0.7490636704119851,0.7490636704119851,58.0,19.0,7.91,2.59,3.0,1.03,21.7,7.1,267.0
121,Greg Weissert,BOS,0.0,64.65116279069767,64.65116279069767,258,5.0,5.0,0.0,0.0,19.999999999999996,,23.805660717504956,12.11165194399375,11.276365603028662,2.923502193377802,,1.2529295114476293,62.496124031007746,24.782945736434108,8.73,3.42,4.02,1.34,22.48062015503876,8.914728682170542,0.0,72.0,67.0,278.0,8.333333333333332,8.333333333333332,,5.555555555555555,23.61111111111111,12.5,20.503597122302157,9.712230215827338,7.553956834532374,2.158273381294964,0.3597122302158274,1.079136690647482,57.0,21.0,7.66,2.82,2.82,1.16,20.5,7.6,278.0
122,Manuel Rodriguez,TBR,0.0,28.498069498069498,28.498069498069498,259,6.557377049180328,6.557377049180328,0.0,3.278688524590164,21.311475409836067,,9.920841967174015,5.050610456015861,4.509473621442734,1.082273669146256,,0.7215157794308373,27.563706563706564,10.745173745173746,8.69,3.41,3.74,1.29,22.779922779922774,8.880308880308881,0.0,31.0,30.1,121.0,3.225806451612903,6.451612903225806,,0.0,35.483870967741936,0.0,21.487603305785125,7.43801652892562,5.785123966942149,1.6528925619834711,0.0,0.8264462809917356,25.0,6.0,7.42,1.78,2.08,1.05,20.7,5.0,121.0
123,Jalen Beeks,,0.0,53.150442477876105,53.150442477876105,226,5.769230769230769,5.769230769230769,0.0,0.0,0.0,,23.06562769206672,11.306680241209177,10.402145821912443,2.2613360482418354,,0.9045344192967342,48.03982300884955,20.442477876106192,8.06,3.49,3.96,1.37,20.79646017699115,8.849557522123893,2.0,61.0,57.1,231.0,8.19672131147541,4.918032786885246,,1.639344262295082,22.950819672131146,3.278688524590164,18.181818181818183,11.255411255411255,10.38961038961039,2.5974025974025974,0.8658008658008658,0.8658008658008658,47.0,20.0,7.38,3.14,3.77,1.08,20.3,8.7,231.0
124,Gabe Speier,SEA,0.0,58.0,58.0,243,5.172413793103448,3.4482758620689653,0.0,0.0,17.24137931034483,,20.98765432098765,10.2880658436214,9.465020576131687,2.880658436213992,,1.2345679012345678,61.0,19.0,9.48,3.0,3.57,1.21,25.102880658436217,7.818930041152264,0.0,76.0,62.0,243.0,5.263157894736842,3.9473684210526314,,0.0,31.57894736842105,7.894736842105263,17.695473251028808,7.818930041152264,7.4074074074074066,2.05761316872428,0.411522633744856,2.05761316872428,82.0,11.0,11.9,1.6,2.61,0.87,33.7,4.5,243.0
127,Louie Varland,MIN,2.2339622641509433,62.550943396226415,70.36981132075472,265,7.142857142857142,5.357142857142858,0.42150231399074406,0.0,12.5,,25.711641153435387,12.645069419722319,11.802064791740834,3.3720185119259525,,0.8430046279814881,68.13584905660377,20.10566037735849,8.71,2.51,3.96,1.24,23.01886792,6.7924528301886795,1.0,74.0,72.2,296.0,5.405405405405405,4.054054054054054,,0.0,29.72972972972973,2.7027027027027026,21.95945945945946,9.121621621621621,8.108108108108109,2.027027027027027,0.33783783783783783,0.6756756756756757,75.0,22.0,9.29,2.72,2.97,1.2,25.3,7.4,296.0
128,Daysbel Hernandez,ATL,0.0,38.048,38.048,250,6.896551724137931,5.172413793103448,0.0,0.0,18.96551724137931,,12.8576,6.822400000000001,6.2976,1.5744,,1.0496,44.608,18.368,10.63,4.34,3.77,1.33,27.200000000000003,11.2,0.0,39.0,37.0,164.0,10.256410256410255,7.6923076923076925,,0.0,25.64102564102564,5.128205128205128,16.463414634146343,9.75609756097561,8.536585365853659,1.8292682926829267,0.6097560975609756,1.2195121951219512,33.0,30.0,8.03,7.3,3.41,1.54,20.1,18.3,164.0
129,Andrew Chafin,,0.0,33.14163090128755,33.14163090128755,233,5.555555555555555,5.555555555555555,0.0,0.0,0.0,,12.380040155464274,6.848532851958959,6.321722632577502,1.5804306581443752,,0.5268102193814584,36.824034334763944,15.957081545064376,9.96,4.25,3.97,1.35,25.75107296137339,11.158798283261802,0.0,42.0,33.2,143.0,2.380952380952381,2.380952380952381,,0.0,9.523809523809524,0.0,20.27972027972028,7.6923076923076925,6.293706293706294,1.3986013986013985,0.0,0.0,36.0,19.0,9.62,5.08,2.41,1.43,25.2,13.3,143.0
130,John Brebbia,,0.0,26.961722488038276,26.961722488038276,209,6.1224489795918355,4.081632653061225,0.0,0.0,0.0,,12.110528605114352,6.58180902451867,6.055264302557176,1.8429065268652272,,0.5265447219614935,29.16267942583732,8.803827751196172,9.78,2.99,4.2,1.27,25.358851674641148,7.655502392344498,0.0,22.0,23.1,115.0,4.545454545454546,4.545454545454546,,0.0,9.090909090909092,0.0,24.347826086956523,20.0,17.391304347826086,4.3478260869565215,0.0,3.4782608695652173,26.0,12.0,10.03,4.63,7.71,1.71,22.6,10.4,115.0
131,Victor Vodnik,COL,0.0,48.76288659793815,48.76288659793815,291,4.545454545454546,6.06060606060606,0.0,4.545454545454546,16.666666666666664,,16.503111677944286,8.886290903508462,8.378502851879405,1.7772581807016925,,0.5077880516290549,46.54639175257732,23.6426116838488,8.6,4.33,4.44,1.46,21.649484536082475,10.996563573883162,0.0,52.0,50.2,215.0,7.6923076923076925,5.769230769230769,,19.230769230769234,13.461538461538462,9.615384615384617,20.930232558139537,8.837209302325581,7.906976744186046,1.8604651162790697,0.9302325581395349,0.0,49.0,26.0,8.7,4.62,3.02,1.4,22.8,12.1,215.0
132,Angel Zerpa,KCR,0.0,64.38492063492063,64.38492063492063,252,5.084745762711865,3.389830508474576,0.0,0.0,20.33898305084746,,25.116528092718564,12.125220458553791,10.826089695137313,2.5982615268329554,,1.2991307634164777,55.6547619047619,21.825396825396822,7.75,3.04,3.86,1.32,20.238095238095237,7.936507936507936,2.0,69.0,64.2,275.0,7.246376811594203,2.898550724637681,,0.0,20.28985507246377,5.797101449275362,24.363636363636363,10.909090909090908,10.909090909090908,2.5454545454545454,0.0,0.7272727272727273,58.0,22.0,8.07,3.06,4.18,1.38,21.1,8.0,275.0
134,John King,STL,0.0,51.976190476190474,51.976190476190474,252,5.084745762711865,5.084745762711865,0.0,0.0,20.33898305084746,,21.674225245653815,9.089191232048375,8.39002267573696,1.7479213907785336,,0.6991685563114135,35.23809523809524,14.095238095238097,6.06,2.47,3.65,1.32,15.873015873015872,6.349206349206349,0.0,51.0,48.1,222.0,3.9215686274509802,1.9607843137254901,,0.0,5.88235294117647,1.9607843137254901,29.27927927927928,13.513513513513514,11.26126126126126,3.6036036036036037,0.0,0.0,28.0,14.0,5.21,2.61,4.66,1.63,12.6,6.3,222.0
136,Jorge Lopez,WSN,0.0,24.46153846153846,24.46153846153846,260,5.000000000000001,5.000000000000001,0.0,23.333333333333336,13.333333333333334,,9.251479289940828,4.704142011834319,4.390532544378698,1.0976331360946745,,0.7840236686390532,21.607692307692307,8.96923076923077,7.89,3.26,4.15,1.34,20.384615384615383,8.461538461538462,0.0,26.0,24.2,106.0,23.076923076923077,0.0,,3.8461538461538463,19.230769230769234,11.538461538461538,23.58490566037736,16.9811320754717,16.9811320754717,0.9433962264150944,0.0,2.8301886792452833,17.0,7.0,6.2,2.55,6.57,1.3,16.0,6.6000000000000005,106.0
137,Kyle Finnegan,,0.0,53.93115942028986,53.93115942028986,276,6.153846153846153,6.153846153846153,0.0,0.0,0.0,,18.33779668136946,9.319208149548414,8.717968914093678,2.4049569418189454,,0.6012392354547363,52.27173913043478,19.91304347826087,8.7,3.32,3.97,1.31,22.82608695652174,8.695652173913043,0.0,56.0,57.0,229.0,7.142857142857142,7.142857142857142,,42.857142857142854,5.357142857142857,12.5,19.65065502183406,10.480349344978166,9.606986899563319,1.7467248908296942,0.8733624454148471,0.43668122270742354,55.0,18.0,8.68,2.84,3.47,1.11,24.0,7.9,229.0
138,Danny Coulombe,MIN,0.0,42.540284360189574,42.540284360189574,211,5.88235294117647,5.88235294117647,0.0,0.0,7.8431372549019605,,18.184676894049996,8.301700321196739,7.906381258282607,2.371914377484783,,0.7906381258282608,43.37440758293839,13.345971563981042,9.17,2.75,3.48,1.2,24.644549763033176,7.582938388625592,1.0,55.0,43.0,176.0,3.6363636363636362,1.8181818181818181,,3.6363636363636362,16.363636363636363,0.0,18.181818181818183,6.25,6.25,1.7045454545454544,0.0,0.0,43.0,18.0,9.0,3.77,2.3,1.16,24.4,10.2,176.0
139,Chad Green,TOR,0.0,45.862068965517246,45.862068965517246,261,7.936507936507936,6.349206349206349,0.0,7.936507936507936,19.047619047619047,,15.898181177610429,8.3674637776897,7.809632859177053,2.51023913330691,,0.5578309185126465,43.67816091954023,13.831417624521071,8.62,2.72,3.93,1.21,22.988505747126435,7.2796934865900385,0.0,45.0,43.2,190.0,6.666666666666667,4.444444444444445,,2.2222222222222223,15.555555555555555,0.0,26.842105263157894,14.736842105263156,14.210526315789473,7.368421052631578,1.0526315789473684,1.0526315789473684,35.0,13.0,7.21,2.68,5.56,1.47,18.4,6.800000000000001,190.0
141,Brennan Bernardino,BOS,0.0,51.7609561752988,51.7609561752988,251,5.172413793103448,5.172413793103448,0.0,0.0,17.241379310344826,,19.199695242932656,9.955397533372485,8.888747797654005,2.1332994714369615,,1.7777495595308008,51.7609561752988,20.52589641434263,8.98,3.51,3.95,1.33,23.107569721115535,9.163346613545816,3.0,55.0,51.2,224.0,7.2727272727272725,5.454545454545454,,1.8181818181818181,3.6363636363636362,0.0,17.410714285714285,10.267857142857142,8.035714285714286,0.4464285714285714,2.232142857142857,1.3392857142857142,43.0,26.0,7.49,4.53,3.14,1.26,19.2,11.599999999999987,224.0
142,Keider Montero,DET,8.800904977375566,54.56561085972851,89.76923076923077,221,9.67741935483871,9.67741935483871,1.5929239778055322,0.0,3.225806451612903,,39.823099445138304,21.504473700374685,19.911549722569152,5.575233922319362,,2.389385966708298,77.44796380090497,31.683257918552037,7.69,3.08,4.32,1.32,19.90950226244344,8.144796380090497,12.0,20.0,90.2,389.0,25.0,15.0,,0.0,0.0,0.0,24.42159383033419,11.825192802056556,11.311053984575835,4.113110539845758,0.0,0.5141388174807198,72.0,31.0,7.15,3.08,4.37,1.39,18.5,8.0,389.0
144,Sam Moll,CIN,0.0,18.889328063241106,18.889328063241106,253,5.084745762711864,5.084745762711864,0.0,0.0,18.64406779661017,,6.706869346498149,3.7963411395272533,3.416707025574529,0.8858129325563593,,0.5061788186036339,18.889328063241106,8.003952569169961,9.04,3.82,4.17,1.32,23.3201581,9.881422924901186,0.0,23.0,18.1,81.0,4.3478260869565215,0.0,,0.0,8.695652173913043,0.0,19.753086419753085,19.753086419753085,16.049382716049383,4.938271604938271,0.0,0.0,22.0,10.0,10.8,4.91,6.38,1.42,27.200000000000003,12.3,81.0
145,Scott Alexander,,0.0,19.058823529411764,19.058823529411764,187,6.8181818181818175,6.8181818181818175,0.0,0.0,0.0,,9.960250507592438,4.632674654694158,4.40104092195945,0.9265349309388317,,0.46326746546941583,14.727272727272728,6.064171122994653,7.02,2.93,3.83,1.31,18.181818181818183,7.4866310160427805,0.0,21.0,17.2,81.0,4.761904761904762,4.761904761904762,,0.0,14.285714285714285,4.761904761904762,28.39506172839506,14.814814814814813,14.814814814814813,6.172839506172839,0.0,1.2345679012345678,8.0,9.0,4.08,4.58,6.11,1.81,9.9,11.1,81.0
146,Tayler Scott,HOU,0.0,31.21863799283154,31.21863799283154,279,6.153846153846153,4.615384615384616,0.0,1.5384615384615383,24.615384615384617,,10.156601276962013,5.336519315013938,4.820081961948073,1.2050204904870183,,0.516437353065865,31.21863799283154,13.448028673835124,9.04,3.9,3.93,1.34,23.297491039426525,10.03584229390681,0.0,24.0,27.1,134.0,4.166666666666666,8.333333333333332,,0.0,12.5,4.166666666666666,25.37313432835821,18.65671641791045,17.91044776119403,4.477611940298507,0.0,0.7462686567164178,24.0,18.0,7.9,5.93,7.9,1.9,17.9,13.4,134.0
147,Tony Santillan,CIN,0.0,69.46153846153847,69.46153846153847,260,5.0,6.666666666666667,0.0,1.6666666666666667,20.0,,23.599112426035504,13.803254437869825,12.912721893491124,3.5621301775147933,,1.7810650887573967,78.72307692307693,32.41538461538462,10.24,4.19,4.39,1.35,26.153846153846157,10.76923076923077,0.0,80.0,73.2,301.0,1.25,6.25,,8.75,41.25,5.0,17.60797342192691,7.641196013289036,6.64451827242525,2.3255813953488373,0.0,1.6611295681063125,75.0,29.0,9.16,3.54,2.44,1.11,24.9,9.6,301.0
148,Paul Sewald,CLE,0.0,19.58606557377049,19.58606557377049,244,5.084745762711865,5.084745762711865,0.0,1.694915254237288,20.33898305084746,,6.80260682612201,3.6734076861058855,3.401303413061005,1.2244692287019618,,0.4081564095673206,21.90983606557377,6.307377049180327,10.05,2.97,3.84,1.18,27.049180327868857,7.786885245901639,0.0,22.0,19.2,81.0,4.545454545454546,4.545454545454546,,9.090909090909092,18.181818181818183,9.090909090909092,22.22222222222222,13.580246913580247,12.345679012345679,4.938271604938271,0.0,0.0,20.0,6.0,9.15,2.75,4.58,1.22,24.7,7.4,81.0
149,Beau Brieske,DET,0.0,24.278571428571432,24.278571428571432,280,4.545454545454545,6.06060606060606,0.0,15.151515151515149,15.151515151515149,,7.88265306122449,4.204081632653062,3.8099489795918373,1.0510204081632655,,0.26275510204081637,22.807142857142857,8.82857142857143,8.52,3.27,4.02,1.27,22.142857142857142,8.571428571428571,1.0,22.0,22.0,103.0,4.545454545454546,13.636363636363635,,4.545454545454546,22.727272727272727,4.545454545454546,23.300970873786408,19.41747572815534,15.53398058252427,4.854368932038835,0.9708737864077669,0.0,16.0,12.0,6.55,4.91,6.55,1.64,15.5,11.69999999999999,103.0
150,Will Warren,NYY,9.673469387755102,135.42857142857142,169.28571428571428,147,7.142857142857144,7.142857142857144,3.290295710120783,0.0,3.571428571428572,,105.28946272386506,55.9350270720533,52.64473136193253,13.161182840483132,,6.580591420241566,159.6122448979592,53.20408163265306,8.68,2.88,4.06,1.26,22.448979591836736,7.482993197278912,33.0,33.0,162.1,711.0,27.27272727272727,24.242424242424242,,0.0,0.0,0.0,22.22222222222222,12.658227848101266,11.251758087201125,3.0942334739803097,0.0,0.5625879043600562,171.0,65.0,9.48,3.6,4.44,1.37,24.1,9.1,711.0
151,Emilio Pagan,CIN,0.0,64.71910112359551,64.71910112359551,267,6.25,6.25,0.0,4.6875,18.75,,22.724403484408537,12.877161974498168,12.119681858351218,4.544880696881707,,0.7574801161469511,65.73033707865169,21.235955056179776,9.17,2.92,4.52,1.26,24.344569288389515,7.865168539325842,0.0,70.0,68.2,270.0,2.857142857142857,5.714285714285714,,45.714285714285715,2.857142857142857,8.571428571428571,15.185185185185185,9.62962962962963,8.148148148148149,3.7037037037037033,0.0,0.7407407407407408,81.0,22.0,10.62,2.88,2.88,0.92,30.0,8.1,270.0
153,Matt Brash,SEA,0.0,47.28712871287129,47.28712871287129,202,6.25,4.166666666666667,0.0,0.0,2.0833333333333335,,18.044799529457897,8.778551122438975,7.8031565532790905,1.9507891383197726,,0.9753945691598863,61.07920792079208,20.68811881188119,11.62,3.9,3.01,1.2,30.693069306930692,10.396039603960396,0.0,53.0,47.1,199.0,1.8867924528301887,5.660377358490567,,7.547169811320755,39.62264150943396,1.8867924528301887,20.603015075376884,7.537688442211055,6.532663316582915,2.0100502512562812,1.0050251256281406,1.0050251256281406,58.0,18.0,11.03,3.42,2.47,1.25,29.1,9.0,199.0
154,Kevin Kelly,TBR,0.0,41.195454545454545,41.195454545454545,220,5.660377358490566,3.7735849056603774,0.0,0.0,9.433962264150942,,17.311983471074377,8.126033057851238,7.419421487603304,1.7665289256198344,,1.7665289256198344,37.309090909090905,10.104545454545454,8.11,2.23,3.57,1.17,21.818181818181817,5.909090909090909,0.0,41.0,39.2,171.0,4.878048780487805,12.195121951219512,,0.0,12.195121951219512,9.75609756097561,26.31578947368421,16.95906432748538,15.204678362573098,6.432748538011696,0.5847953216374269,0.0,35.0,9.0,7.94,2.04,5.9,1.36,20.5,5.3,171.0
157,Abner Uribe,MIL,0.0,69.95305164319248,69.95305164319248,213,4.0,4.0,0.0,0.0,8.0,,24.95977429522361,14.450395644603143,13.136723313275587,2.627344662655117,,1.9705084969913376,83.94366197183099,39.17370892018779,10.72,5.13,3.58,1.33,28.169014084507044,13.145539906103288,0.0,75.0,75.1,298.0,4.0,2.666666666666667,,9.333333333333334,49.333333333333336,2.666666666666667,17.114093959731544,6.0402684563758395,4.697986577181208,1.342281879194631,0.6711409395973155,2.013422818791946,90.0,27.0,10.75,3.23,1.67,1.04,30.2,9.1,298.0
158,Joe Boyle,TBR,3.0,39.0,51.0,226,7.6923076923076925,7.6923076923076925,0.4424778761061947,0.0,2.564102564102564,,18.141592920353983,11.504424778761061,10.619469026548673,2.2123893805309733,,1.3274336283185841,61.0,33.0,10.68,5.77,4.17,1.44,26.99115044247787,14.601769911504425,9.0,13.0,52.0,226.0,7.6923076923076925,30.76923076923077,,0.0,0.0,0.0,19.02654867256637,14.601769911504425,11.946902654867257,2.6548672566371683,0.4424778761061947,1.3274336283185841,58.0,28.0,10.04,4.85,4.67,1.37,25.7,12.4,226.0
159,Trent Thornton,SEA,0.0,42.918149466192176,42.918149466192176,281,4.477611940298507,4.477611940298507,0.0,0.0,20.8955223880597,,13.90559896657844,6.838819163891036,6.3828978862983,2.0516457491673106,,0.6838819163891035,42.27758007117438,12.811387900355871,8.84,2.69,3.73,1.22,23.487544483985765,7.117437722,0.0,33.0,42.1,180.0,6.0606060606060606,0.0,,0.0,15.151515151515152,3.0303030303030303,22.77777777777778,12.777777777777777,12.222222222222221,3.3333333333333335,1.1111111111111112,2.2222222222222223,32.0,14.0,6.8,2.98,4.68,1.3,17.8,7.8,180.0
160,Carmen Mlodzinski,PIT,0.0,97.18250950570342,97.18250950570342,263,6.557377049180328,6.557377049180328,0.0,1.639344262295082,19.672131147540984,,35.13423643539736,18.172880914860702,16.961355520536657,4.240338880134164,,1.8172880914860703,86.03041825095058,38.23574144486692,8.01,3.53,4.06,1.35,20.53231939163498,9.125475285171104,12.0,34.0,99.0,419.0,14.705882352941178,23.52941176470588,,0.0,8.823529411764707,2.941176470588235,24.3436754176611,10.023866348448687,9.307875894988067,1.9093078758949882,0.0,0.9546539379474941,89.0,27.0,8.09,2.45,3.55,1.3,21.2,6.4,419.0
162,Jonathan Loaisiga,NYY,0.0,32.400000000000006,32.400000000000006,200,8.333333333333332,6.25,0.0,0.0,2.083333333333333,,15.187500000000002,6.75,6.075,1.35,,0.675,27.675,8.775,7.69,2.51,3.44,1.21,20.5,6.5,0.0,30.0,29.2,135.0,0.0,3.3333333333333335,,3.3333333333333335,23.333333333333332,10.0,25.185185185185183,11.11111111111111,10.37037037037037,5.185185185185185,2.2222222222222223,2.2222222222222223,25.0,10.0,7.58,3.03,4.25,1.48,18.5,7.4,135.0
163,Mike Burrows,PIT,5.770334928229666,69.24401913875599,94.2488038277512,209,5.555555555555555,8.333333333333332,0.9203086009935669,0.0,2.7777777777777777,,44.174812847691214,23.928023625832743,22.08740642384561,6.442160206954969,,1.8406172019871339,80.78468899521532,34.622009569377994,7.69,3.34,4.44,1.35,20.095693779904305,8.612440191,19.0,23.0,96.0,402.0,8.695652173913043,17.391304347826086,,0.0,0.0,0.0,21.890547263681594,10.696517412935323,10.44776119402985,3.233830845771144,0.24875621890547264,1.2437810945273633,97.0,31.0,9.09,2.91,3.94,1.24,24.1,7.7,402.0
164,Seth Halvorsen,COL,0.0,39.48913043478261,39.48913043478261,276,6.349206349206349,7.936507936507936,0.0,14.285714285714285,12.698412698412698,,14.307655954631379,7.948697752572989,7.494486452425961,1.8168452005881117,,0.9084226002940559,36.35507246376812,16.92391304347826,8.27,3.82,4.67,1.42,21.014492753623188,9.782608695652174,0.0,42.0,39.2,173.0,2.380952380952381,4.761904761904762,,26.190476190476193,9.523809523809524,7.142857142857142,23.699421965317917,15.028901734104046,12.716763005780345,4.046242774566474,0.5780346820809248,0.0,36.0,21.0,8.17,4.76,4.99,1.56,20.8,12.1,173.0
165,JT Brubaker,NYY,1.3448275862068966,21.06896551724138,27.344827586206897,261,6.382978723404255,6.382978723404255,0.1717532038578412,0.0,2.127659574468085,,10.305192231470473,5.496102523450919,5.1525961157352365,1.7175320385784116,,0.5152596115735236,26.0,8.517241379310345,8.54,2.87,4.46,1.3,22.22222222222222,7.2796934865900385,1.0,17.0,28.2,117.0,0.0,0.0,,0.0,0.0,0.0,19.65811965811966,10.256410256410255,10.256410256410255,0.0,0.8547008547008548,0.8547008547008548,22.0,12.0,6.91,3.77,3.77,1.22,18.8,10.3,117.0
166,Richard Fitts,BOS,2.2243346007604563,34.847908745247146,45.22813688212928,263,6.382978723404256,6.382978723404256,0.2819182003498677,0.0,2.1276595744680855,,18.324683022741404,9.303300611545634,8.457546010496033,2.5372638031488095,,0.5638364006997354,34.106463878327,12.604562737642585,6.81,2.47,4.47,1.33,17.490494296577946,6.4638783269961975,10.0,11.0,45.0,195.0,18.181818181818183,36.36363636363637,,0.0,0.0,0.0,22.05128205128205,13.846153846153847,12.82051282051282,5.641025641025641,0.0,1.5384615384615385,40.0,16.0,8.0,3.2,5.0,1.31,20.5,8.19999999999999,195.0
167,Sawyer Gipson-Long,DET,1.6319018404907977,33.45398773006135,31.822085889570552,163,4.878048780487805,4.878048780487805,0.5005833866536189,0.0,0.0,,18.521585306183898,9.010500959765139,8.509917573111522,2.5029169332680943,,1.0011667733072378,29.374233128834355,8.975460122699387,8.27,2.47,3.96,1.22,22.085889570552148,6.748466257668712,3.0,8.0,31.1,133.0,0.0,25.0,,0.0,12.5,0.0,25.563909774436087,19.548872180451127,18.796992481203006,6.015037593984962,0.0,1.5037593984962405,26.0,6.0,7.47,1.72,7.18,1.28,19.5,4.5,133.0
169,Michael McGreevy,STL,4.624277456647399,78.61271676300579,94.79768786127168,173,5.88235294117647,5.88235294117647,1.3364963747535836,0.0,2.941176470588235,,56.132847739650515,25.393431120318088,22.72043837081092,6.682481873767918,,1.3364963747535836,69.36416184971098,23.121387283236995,6.63,2.14,3.8,1.25,17.341040462427745,5.780346820809249,16.0,17.0,95.2,400.0,47.05882352941176,23.52941176470588,,0.0,0.0,0.0,25.0,12.5,11.75,3.0,0.0,0.75,58.0,20.0,5.46,1.88,4.42,1.25,14.499999999999998,5.0,400.0
171,Chad Patrick,MIL,8.52542372881356,76.72881355932203,119.35593220338984,177,7.4074074074074066,7.4074074074074066,1.6055411918669604,0.0,3.7037037037037033,,65.82718886654537,35.32190622107313,32.11082383733921,9.633247151201765,,3.211082383733921,102.30508474576273,36.94350282485876,7.81,2.75,4.4,1.28,20.33898305084746,7.344632768361582,23.0,27.0,119.2,503.0,11.11111111111111,29.629629629629626,,0.0,3.7037037037037033,0.0,22.46520874751491,9.74155069582505,9.343936381709742,2.584493041749503,0.19880715705765406,0.7952286282306162,127.0,40.0,9.55,3.01,3.53,1.28,25.2,8.0,503.0
174,Julian Merryweather,CHC,0.0,20.52017937219731,20.52017937219731,223,5.769230769230769,5.769230769230769,0.0,0.0,7.6923076923076925,,7.963160328983088,4.0700597237024665,3.8931006052806207,1.0617547105310783,,0.5308773552655391,22.887892376681613,8.286995515695066,10.05,3.69,3.74,1.28,26.00896860986547,9.417040358744394,0.0,21.0,18.2,88.0,0.0,4.761904761904762,,0.0,33.33333333333333,0.0,26.136363636363637,14.772727272727273,13.636363636363635,2.272727272727273,2.272727272727273,0.0,15.0,11.0,7.23,5.3,5.79,1.82,17.0,12.5,88.0
175,Noah Cameron,KCR,7.564625850340136,105.90476190476193,128.59863945578232,147,7.1428571428571415,7.1428571428571415,2.573001989911611,0.0,3.5714285714285707,,87.48206765699477,43.741033828497386,41.168031838585776,10.292007959646444,,2.573001989911611,117.25170068027212,37.823129251700685,7.98,2.63,4.07,1.27,21.08843537414966,6.802721088435375,24.0,24.0,138.1,556.0,37.5,29.166666666666668,,0.0,0.0,0.0,19.60431654676259,8.273381294964029,8.273381294964029,3.237410071942446,0.1798561151079137,0.539568345323741,114.0,43.0,7.42,2.8,2.99,1.1,20.5,7.7,556.0
176,Nic Enright,CLE,0.0,30.293577981651374,30.293577981651374,218,5.769230769230769,5.769230769230769,0.0,0.0,9.615384615384617,,12.55996969952024,6.146368150829056,5.879134752966921,1.8706337850349295,,0.5344667957242656,31.458715596330272,9.321100917431192,9.31,2.72,3.78,1.21,24.770642201834864,7.339449541284404,0.0,27.0,31.0,127.0,7.4074074074074066,3.7037037037037033,,3.7037037037037033,11.11111111111111,3.7037037037037033,18.89763779527559,6.299212598425196,5.511811023622047,2.3622047244094486,0.0,1.574803149606299,30.0,12.0,8.71,3.48,2.03,1.16,23.6,9.4,127.0
178,Joe Ross,PHI,1.6764705882352942,46.94117647058824,52.80882352941177,272,5.357142857142857,5.357142857142857,0.30817474048442905,0.0,10.714285714285714,,19.1068339100346,10.16976643598616,9.5534169550173,2.4653979238754324,,0.9245242214532872,46.10294117647059,19.279411764705884,7.91,3.29,4.37,1.35,20.22058823529412,8.455882352941178,1.0,37.0,51.0,228.0,5.405405405405405,2.7027027027027026,,0.0,0.0,5.405405405405405,25.0,13.157894736842104,12.719298245614036,3.508771929824561,0.43859649122807015,1.3157894736842104,39.0,18.0,6.88,3.18,5.12,1.47,17.1,7.9,228.0
179,Tristan Beck,SFG,1.7575757575757576,48.333333333333336,54.48484848484848,264,5.454545454545453,5.454545454545453,0.33287419651056016,0.0,12.727272727272727,,20.305325987144172,9.986225895316805,8.987603305785123,2.6629935720844813,,0.9986225895316803,47.45454545454545,15.818181818181818,7.77,2.58,3.98,1.27,20.454545454545457,6.8181818181818175,1.0,31.0,56.2,232.0,3.225806451612903,0.0,,6.451612903225806,9.67741935483871,0.0,20.25862068965517,12.5,12.5,3.0172413793103448,0.0,0.8620689655172413,41.0,16.0,6.51,2.54,4.61,1.11,17.7,6.9,232.0
180,Landon Knack,LAD,1.9680851063829787,37.3936170212766,43.297872340425535,188,5.263157894736842,5.263157894736842,0.523426889995473,0.0,2.631578947368421,,21.983929379809876,11.515391579900408,10.991964689904938,3.663988229968311,,0.523426889995473,42.31382978723404,13.77659574468085,8.8,2.84,4.25,1.25,22.872340425531913,7.446808510638298,7.0,10.0,42.1,185.0,30.0,20.0,,10.0,0.0,0.0,21.62162162162162,13.513513513513514,12.432432432432433,5.405405405405405,0.0,1.0810810810810811,42.0,19.0,8.93,4.04,4.89,1.39,22.69999999999999,10.3,185.0
182,Tommy Kahnle,DET,0.0,63.20816326530612,63.20816326530612,245,3.4482758620689653,3.4482758620689653,0.0,3.4482758620689653,17.24137931034483,,22.240733027905037,12.009995835068722,10.675551853394417,2.6688879633486042,,1.3344439816743021,64.29795918367347,27.24489795918367,9.2,3.93,3.77,1.29,24.081632653061224,10.20408163265306,0.0,66.0,63.0,267.0,1.5151515151515151,7.575757575757576,,13.636363636363635,24.242424242424242,7.575757575757576,19.101123595505616,11.985018726591761,11.610486891385769,2.9962546816479403,0.0,0.37453183520599254,50.0,31.0,7.14,4.43,4.43,1.3,18.7,11.599999999999987,267.0
183,Tyler Kinley,COL,0.0,70.90647482014388,70.90647482014388,278,4.6875,6.25,0.0,28.125,9.375,,24.7088660007246,14.347083484291703,13.550023290719942,3.985300967858807,,1.1955902903576419,74.23021582733813,29.9136690647482,9.42,3.85,4.72,1.4,24.100719424460433,9.712230215827338,0.0,73.0,72.2,308.0,8.21917808219178,4.10958904109589,,4.10958904109589,17.80821917808219,4.10958904109589,17.20779220779221,11.363636363636363,10.38961038961039,1.948051948051948,1.2987012987012987,0.974025974025974,73.0,33.0,9.04,4.09,3.96,1.18,23.7,10.7,308.0
185,Brant Hurter,DET,0.0,65.95238095238095,65.95238095238095,210,6.000000000000001,6.000000000000001,0.0,0.0,8.0,,30.149659863945576,14.44671201814059,13.190476190476192,3.1405895691609973,,1.884353741496599,54.08095238095238,15.82857142857143,7.41,2.09,3.78,1.2,19.52380952380953,5.714285714285714,4.0,43.0,63.0,277.0,9.30232558139535,6.976744186046512,,4.651162790697675,11.627906976744185,0.0,20.577617328519857,9.386281588447654,6.137184115523466,1.444043321299639,1.083032490974729,3.9711191335740073,68.0,27.0,9.71,3.86,2.43,1.33,24.5,9.69999999999999,277.0
186,Luke Jackson,,0.0,50.93023255813954,50.93023255813954,172,5.0,5.0,0.0,0.0,0.0,,26.649540292049757,14.065035154137373,12.584505137912386,3.7013250405624665,,1.4805300162249866,53.47674418604652,22.91860465116279,9.49,4.02,3.93,1.36,24.418604651162788,10.465116279069768,0.0,52.0,51.0,219.0,3.8461538461538463,9.615384615384617,,17.307692307692307,7.6923076923076925,3.8461538461538463,18.72146118721461,13.698630136986301,10.50228310502283,1.82648401826484,2.28310502283105,1.36986301369863,38.0,28.0,6.71,4.94,4.06,1.35,17.4,12.8,219.0
187,Ryne Stanek,NYM,0.0,60.1219512195122,60.1219512195122,246,6.896551724137931,5.172413793103448,0.0,0.0,20.689655172413797,,20.226055919095774,11.377156454491374,10.534404124529049,2.9496331548681343,,0.8427523299623241,68.41463414634147,27.98780487804878,10.19,4.12,3.84,1.29,26.82926829268293,10.975609756097562,0.0,65.0,56.0,255.0,6.153846153846154,9.230769230769232,,4.615384615384616,16.923076923076923,7.6923076923076925,21.96078431372549,15.294117647058824,12.941176470588237,2.7450980392156863,0.0,0.0,58.0,32.0,9.32,5.14,5.3,1.57,22.69999999999999,12.5,255.0
188,Cooper Criswell,BOS,1.1347517730496457,14.751773049645392,18.72340425531915,141,7.692307692307694,7.692307692307694,0.4023942457622856,0.0,3.846153846153846,,14.083798601679998,6.840702177958856,6.43830793219657,1.6095769830491424,,1.2071827372868569,14.184397163120568,5.1063829787234045,6.85,2.45,4.42,1.33,17.73049645390071,6.382978723404255,1.0,7.0,17.2,80.0,14.285714285714285,0.0,,14.285714285714285,0.0,0.0,28.749999999999996,12.5,8.75,3.75,0.0,0.0,9.0,5.0,4.58,2.55,3.57,1.58,11.3,6.3,80.0
191,Daniel Lynch IV,KCR,2.2845849802371543,59.399209486166015,67.39525691699605,253,5.769230769230768,5.769230769230768,0.45149900795200676,0.0,7.692307692307692,,27.54143948507241,13.544970238560202,12.64197222265619,3.611992063616053,,0.9029980159040135,54.8300395256917,20.56126482213439,7.27,2.7,4.3,1.33,18.972332015810274,7.114624505928854,2.0,57.0,67.2,289.0,10.526315789473683,3.508771929824561,,1.7543859649122806,12.280701754385964,0.0,22.837370242214533,8.304498269896193,7.958477508650519,2.768166089965398,0.34602076124567477,2.0761245674740483,45.0,26.0,5.99,3.46,3.06,1.36,15.6,9.0,289.0
192,Sean Hjelle,SFG,0.0,16.964788732394364,16.964788732394364,284,4.545454545454546,4.545454545454546,0.0,0.0,19.6969696969697,,6.064024995040667,2.8057429081531438,2.534219400912517,0.6335548502281293,,0.45253917873437804,14.137323943661972,4.626760563380282,7.5,2.5,3.87,1.3,19.366197183098592,6.338028169014084,1.0,12.0,15.0,73.0,8.333333333333332,8.333333333333332,,0.0,0.0,0.0,28.767123287671232,17.80821917808219,17.80821917808219,2.73972602739726,2.73972602739726,0.0,11.0,9.0,6.6,5.4,7.8,2.0,15.1,12.3,73.0
193,Kendall Graveman,,0.0,18.949579831932773,18.949579831932773,238,7.2727272727272725,5.454545454545453,0.0,0.0,0.0,,7.23818939340442,3.763858484570299,3.3295671209660336,0.8685827272085304,,0.5790551514723536,18.605042016806724,8.26890756302521,8.81,4.0,3.83,1.35,22.689075630252105,10.084033613445378,0.0,19.0,17.2,82.0,5.263157894736842,0.0,,0.0,5.263157894736842,0.0,28.04878048780488,17.073170731707318,17.073170731707318,2.4390243902439024,0.0,1.2195121951219512,9.0,12.0,4.58,6.11,7.13,1.98,11.0,14.6,82.0
195,Erik Sabrowski,CLE,0.0,28.03658536585366,28.03658536585366,246,8.771929824561402,5.263157894736842,0.0,0.0,19.298245614035086,,9.597461828276819,5.198625156983278,4.798730914138409,1.1996827285346023,,0.3998942428448675,32.46341463414634,14.264227642276422,10.38,4.61,3.72,1.36,26.82926829268293,11.788617886178862,0.0,33.0,29.1,121.0,0.0,3.0303030303030303,,0.0,36.36363636363637,0.0,11.570247933884298,6.6115702479338845,4.958677685950414,1.6528925619834711,0.0,2.479338842975207,42.0,21.0,12.89,6.44,1.84,1.19,34.699999999999996,17.4,121.0
196,Graham Ashcraft,CIN,0.0,66.04651162790698,66.04651162790698,215,4.0,5.999999999999999,0.0,0.0,8.0,,31.333693888588428,15.974040021633318,15.359653866955112,3.686316928069227,,1.843158464034613,54.15813953488372,19.813953488372093,7.46,2.65,4.41,1.32,19.069767441860467,6.976744186046512,0.0,62.0,65.1,284.0,12.903225806451612,8.064516129032258,,0.0,37.096774193548384,9.67741935483871,23.943661971830984,13.028169014084506,10.211267605633804,0.7042253521126761,0.0,0.0,64.0,25.0,8.82,3.44,3.99,1.42,22.5,8.799999999999999,284.0
198,Brandon Young,BAL,3.34640522875817,50.19607843137255,60.23529411764706,153,6.666666666666667,6.666666666666667,1.09359647998633,0.0,3.3333333333333335,,38.275876799521555,19.684736639753943,17.49754367978128,5.467982399931651,,1.09359647998633,55.21568627450981,18.405228758169937,8.29,2.7,4.08,1.27,21.568627450980394,7.189542484,12.0,12.0,57.2,256.0,8.333333333333332,58.333333333333336,,0.0,0.0,0.0,26.171875,16.40625,15.625,4.6875,0.0,0.0,47.0,22.0,7.34,3.43,6.24,1.54,18.4,8.6,256.0
199,Bryan King,HOU,0.0,63.70656370656371,63.70656370656371,259,3.3333333333333335,3.3333333333333335,0.0,0.0,20.0,,22.137415959809786,11.478660127308778,10.658755832501008,2.8696650318271946,,1.6398085896155397,63.70656370656371,27.60617760617761,8.99,3.84,3.83,1.33,23.16602316602317,10.038610038610038,0.0,68.0,68.0,275.0,7.352941176470589,5.88235294117647,,2.941176470588235,39.705882352941174,4.411764705882353,21.818181818181817,7.636363636363637,7.636363636363637,3.6363636363636362,0.0,1.4545454545454546,69.0,11.0,9.13,1.46,2.78,1.04,25.1,4.0,275.0
200,Fraser Ellard,CHW,0.0,16.805860805860803,16.805860805860803,273,4.838709677419355,6.451612903225808,0.0,8.064516129032258,20.967741935483875,,5.659541923278185,3.1772866937702102,2.978706275409572,0.6950314642622335,,0.3971608367212763,16.534798534798533,8.402930402930401,8.79,4.48,4.29,1.42,22.344322344322347,11.355311355311356,3.0,18.0,17.0,74.0,5.555555555555555,11.11111111111111,,0.0,11.11111111111111,0.0,10.81081081081081,12.162162162162163,10.81081081081081,1.3513513513513513,0.0,1.3513513513513513,22.0,19.0,11.65,10.06,4.24,1.59,29.7,25.7,74.0
201,Yuki Matsui,SDP,0.0,64.42105263157895,64.42105263157895,228,5.555555555555555,3.7037037037037033,0.0,0.0,11.11111111111111,,23.022468451831333,12.034472145275469,11.511234225915667,3.139427516158818,,1.046475838719606,73.96491228070175,28.631578947368418,10.41,3.99,3.6,1.26,27.192982456140353,10.526315789473683,0.0,61.0,63.1,272.0,4.918032786885246,1.639344262295082,,1.639344262295082,4.918032786885246,0.0,19.485294117647058,10.661764705882353,10.294117647058822,3.6764705882352944,0.7352941176470588,0.3676470588235294,61.0,33.0,8.67,4.69,3.98,1.36,22.399999999999988,12.1,272.0
203,Michael Tonkin,MIN,0.0,24.21268656716418,24.21268656716418,268,4.761904761904761,4.761904761904761,0.0,0.0,19.047619047619047,,8.317554020940076,4.588995321897973,4.158777010470037,1.1472488304744932,,0.7170305190465582,23.828358208955223,8.83955223880597,8.89,3.29,4.17,1.29,23.13432835820895,8.582089552238806,0.0,21.0,24.0,103.0,9.523809523809524,4.761904761904762,,0.0,9.523809523809524,4.761904761904762,19.41747572815534,12.62135922330097,12.62135922330097,2.912621359223301,0.0,4.854368932038835,19.0,8.0,7.13,3.0,4.88,1.17,18.4,7.8,103.0
204,Brooks Raley,,0.0,23.153225806451612,23.153225806451612,124,3.4482758620689653,3.4482758620689653,0.0,0.0,0.0,,16.740374609781476,9.01404786680541,8.370187304890738,1.9315816857440167,,1.2877211238293444,23.153225806451612,9.580645161290322,9.05,3.69,3.94,1.31,23.387096774193548,9.677419355,0.0,30.0,25.2,99.0,10.0,3.3333333333333335,,0.0,33.33333333333333,0.0,14.14141414141414,7.07070707070707,7.07070707070707,0.0,0.0,2.0202020202020203,25.0,6.0,8.77,2.1,2.45,0.78,25.3,6.1,99.0
205,Clayton Beeter,NYY,0.0,24.299065420560748,24.299065420560748,214,6.0,4.000000000000001,0.0,0.0,8.000000000000002,,9.765044982094507,5.45025766442484,4.9960695257227705,1.5896584854572453,,0.45418813870207014,26.72897196261682,10.69158878504673,9.96,3.93,4.04,1.29,25.70093457943925,10.28037383,0.0,26.0,25.1,104.0,0.0,11.538461538461538,,3.8461538461538463,34.61538461538461,7.6923076923076925,12.5,11.538461538461538,11.538461538461538,2.8846153846153846,0.0,0.0,33.0,18.0,11.72,6.39,4.26,1.22,31.7,17.299999999999997,104.0
208,Phil Maton,,0.0,57.57142857142857,57.57142857142857,280,4.615384615384616,4.615384615384616,0.0,0.0,0.0,,18.97959183673469,10.438775510204081,9.806122448979592,2.530612244897959,,1.8979591836734693,55.8,22.142857142857142,8.67,3.41,4.24,1.3,22.5,8.928571428571429,0.0,63.0,61.1,248.0,6.349206349206349,7.936507936507936,,7.936507936507936,34.92063492063492,7.936507936507936,16.93548387096774,8.46774193548387,7.661290322580645,1.2096774193548387,0.8064516129032258,2.82258064516129,81.0,23.0,11.89,3.38,2.79,1.06,32.7,9.3,248.0
210,Carson Whisenhunt,SFG,1.632,18.767999999999997,23.664,125,4.347826086956522,4.347826086956522,0.6528,0.0,4.347826086956522,,17.6256,9.1392,8.486400000000001,1.9584000000000001,,0.6528,23.664,8.975999999999999,8.86,3.4,3.91,1.31,23.200000000000003,8.799999999999999,5.0,5.0,23.1,102.0,40.0,20.0,,0.0,0.0,0.0,21.568627450980394,13.725490196078432,12.745098039215685,5.88235294117647,0.0,1.9607843137254901,16.0,12.0,6.17,4.63,5.01,1.46,15.7,11.8,102.0
211,Max Lazar,PHI,0.0,39.906103286384976,39.906103286384976,213,6.0,6.0,0.0,0.0,8.0,,18.735259758866185,9.742335074610416,8.992924684255769,2.622936366241266,,0.3747051951773237,32.72300469483568,11.971830985915492,7.36,2.74,4.28,1.3,19.248826291079812,7.042253521126761,0.0,36.0,41.1,170.0,2.7777777777777777,2.7777777777777777,,2.7777777777777777,2.7777777777777777,0.0,24.11764705882353,13.529411764705882,12.941176470588237,4.117647058823529,0.0,0.0,26.0,12.0,5.66,2.61,4.79,1.28,15.3,7.1,170.0
214,Justin Wilson,BOS,0.0,47.4375,47.4375,240,5.454545454545455,5.454545454545455,0.0,0.0,12.727272727272728,,19.765625,9.703125,8.984375,2.515625,,0.71875,49.1625,16.3875,9.27,3.12,4.14,1.34,23.75,7.916666666666666,0.0,61.0,48.1,207.0,6.557377049180328,1.639344262295082,,0.0,29.508196721311474,6.557377049180328,23.18840579710145,10.628019323671497,8.695652173913043,1.4492753623188406,1.4492753623188406,0.966183574879227,57.0,20.0,10.61,3.72,3.35,1.41,27.500000000000004,9.69999999999999,207.0
217,Jose Ruiz,PHI,0.0,18.413533834586467,18.413533834586467,266,4.838709677419355,4.838709677419355,0.0,0.0,16.129032258064516,,6.47577590593024,3.5728418791339243,3.23788795296512,0.8932104697834811,,0.2233026174458703,18.11654135338346,7.424812030075188,8.88,3.57,4.27,1.33,22.932330827067663,9.398496240601505,0.0,18.0,16.1,79.0,5.555555555555555,0.0,,0.0,16.666666666666664,0.0,29.11392405063291,21.518987341772153,20.253164556962027,3.79746835443038,0.0,0.0,15.0,9.0,8.27,4.96,8.82,1.96,19.0,11.4,79.0
219,Ryan Gusto,HOU,7.467032967032967,67.2032967032967,104.53846153846156,182,7.407407407407408,7.407407407407408,1.3675884555005435,0.0,3.703703703703704,,58.80630358652337,31.454534476512496,28.719357565511416,8.205530733003261,,2.735176911001087,84.62637362637363,37.33516483516483,7.23,3.14,4.51,1.36,18.68131868131868,8.241758241758241,17.0,27.0,101.2,453.0,25.925925925925924,25.925925925925924,,0.0,0.0,0.0,25.165562913907287,14.79028697571744,14.1280353200883,3.7527593818984544,0.0,1.1037527593818985,97.0,36.0,8.59,3.19,5.67,1.48,21.4,7.9,453.0
228,Justin Topa,MIN,0.0,62.616822429906534,62.616822429906534,214,6.0,4.0,0.0,0.0,2.0,,28.674993449209534,13.459690802690192,12.289282906804086,2.340815791772207,,2.340815791772207,53.850467289719624,21.28971962616822,7.76,3.05,3.85,1.31,20.09345794392523,7.943925233644859,1.0,54.0,60.0,268.0,1.8518518518518516,9.25925925925926,,7.4074074074074066,7.4074074074074066,7.4074074074074066,25.37313432835821,11.940298507462686,9.701492537313433,0.7462686567164178,1.1194029850746268,1.4925373134328357,49.0,18.0,7.35,2.7,3.9,1.43,18.3,6.7,268.0
229,Kody Funderburk,MIN,0.0,42.434782608695656,42.434782608695656,207,4.166666666666666,4.166666666666666,0.0,0.0,2.083333333333333,,18.79157039837569,9.395785199187845,8.541622908352588,2.135405727088147,,1.2812434362528882,42.434782608695656,17.681159420289855,9.05,3.66,3.84,1.32,23.18840579710145,9.661835749,0.0,39.0,41.0,183.0,10.256410256410255,2.564102564102564,,2.564102564102564,17.94871794871795,0.0,24.043715846994534,9.289617486338798,8.743169398907105,1.092896174863388,0.546448087431694,1.639344262295082,40.0,18.0,8.78,3.95,3.51,1.51,21.899999999999988,9.8,183.0
230,Colton Gordon,HOU,6.890909090909091,65.46363636363637,89.58181818181818,110,5.263157894736842,5.263157894736842,3.1322314049586777,0.0,5.263157894736842,,78.30578512396693,40.71900826446281,37.58677685950413,12.528925619834707,,3.1322314049586777,79.24545454545455,27.563636363636363,7.89,2.95,4.19,1.3,20.909090909090907,7.272727272727272,14.0,20.0,86.0,379.0,30.0,20.0,,5.0,0.0,0.0,27.176781002638524,14.24802110817942,13.456464379947231,5.540897097625329,0.5277044854881267,0.5277044854881267,72.0,19.0,7.53,1.99,5.34,1.42,19.0,5.0,379.0
233,Cionel Perez,BAL,0.0,25.454545454545453,25.454545454545453,242,3.571428571428572,3.571428571428572,0.0,0.0,12.5,,9.767092411720512,4.695717505634861,4.320060105184073,0.7513148009015777,,0.5634861006761833,22.727272727272727,11.363636363636363,8.11,4.08,3.72,1.37,20.66115702479339,10.330578512396697,0.0,19.0,21.2,110.0,0.0,0.0,,0.0,0.0,0.0,25.454545454545453,20.0,18.181818181818183,2.727272727272727,0.9090909090909091,1.8181818181818181,21.0,18.0,8.72,7.48,8.31,2.12,19.1,16.399999999999988,110.0
235,Travis Adams,MIN,2.846846846846846,27.045045045045043,37.009009009009006,111,5.263157894736841,10.526315789473681,1.2823634445256062,0.0,5.263157894736841,,34.623813002191376,17.953088223358492,16.670724778832884,3.84709033357682,,1.2823634445256062,27.045045045045043,11.387387387387388,6.79,2.85,4.48,1.37,17.117117117117118,7.207207207207207,2.0,18.0,33.2,158.0,5.555555555555555,22.22222222222222,,0.0,11.11111111111111,5.555555555555555,24.68354430379747,18.354430379746837,17.72151898734177,3.79746835443038,0.0,1.89873417721519,31.0,17.0,8.29,4.54,7.49,1.66,19.6,10.8,158.0
237,Taijuan Walker,PHI,5.683098591549296,96.61267605633802,125.0281690140845,284,5.882352941176471,7.8431372549019605,0.6670303511208093,0.0,1.9607843137254901,,45.358063876215034,25.347153342590754,23.34606228922833,6.670303511208093,,2.001091053362428,90.92957746478874,41.67605633802817,6.59,3.09,4.81,1.38,16.901408450704224,7.746478873239436,21.0,34.0,123.2,538.0,14.705882352941178,23.52941176470588,,2.941176470588235,5.88235294117647,5.88235294117647,24.53531598513011,11.524163568773234,10.408921933085502,3.903345724907063,0.0,0.7434944237918215,86.0,42.0,6.26,3.06,4.08,1.41,16.0,7.8,538.0
239,Brendon Little,TOR,0.0,67.9835390946502,67.9835390946502,243,5.357142857142858,3.571428571428572,0.0,0.0,17.857142857142865,,26.47800978848075,12.98921234906603,11.990042168368642,2.4979254517434675,,1.4987552710460803,58.2716049382716,30.349794238683124,7.77,4.01,3.86,1.39,19.753086419753085,10.28806584,0.0,79.0,68.1,295.0,5.063291139240507,2.5316455696202533,,1.2658227848101267,37.9746835443038,3.79746835443038,16.271186440677965,9.491525423728813,7.796610169491526,0.6779661016949152,1.3559322033898304,0.6779661016949152,91.0,45.0,11.99,5.93,3.03,1.36,30.8,15.3,295.0
242,Cam Booser,CHW,0.0,33.082089552238806,33.082089552238806,268,4.838709677419355,6.451612903225808,0.0,0.0,16.12903225806452,,11.746769881933616,6.37112942748942,5.972933838271331,1.7918801514813991,,0.39819558921808873,33.615671641791046,13.87313432835821,9.15,3.74,4.32,1.36,23.50746268656717,9.701492537313433,0.0,39.0,31.0,143.0,5.128205128205128,10.256410256410255,,2.564102564102564,20.51282051282051,7.6923076923076925,19.58041958041958,15.384615384615385,13.286713286713287,5.594405594405594,0.6993006993006993,1.3986013986013985,35.0,19.0,10.16,5.52,5.52,1.52,24.5,13.3,143.0
243,Eduard Bazardo,SEA,0.0,74.52380952380952,74.52380952380952,210,6.000000000000001,4.0,0.0,0.0,2.0,,31.229024943310655,15.614512471655328,14.195011337868483,4.258503401360544,,1.4195011337868482,74.52380952380952,25.33809523809524,8.97,2.97,3.67,1.22,23.809523809523807,8.095238095238095,0.0,73.0,78.2,313.0,6.8493150684931505,0.0,,0.0,16.43835616438356,1.36986301369863,16.93290734824281,7.348242811501597,7.0287539936102235,2.8753993610223643,0.6389776357827476,0.6389776357827476,82.0,27.0,9.38,3.09,2.52,1.02,26.200000000000003,8.6,313.0
245,Brenan Hanifee,DET,0.0,61.505376344086024,61.505376344086024,186,4.545454545454546,4.545454545454546,0.0,0.0,2.272727272727273,,33.06740663660539,15.782171349288934,14.27910741126142,3.757659845068795,,1.5030639380275177,47.52688172043011,16.774193548387096,6.99,2.39,3.84,1.27,18.27956989247312,6.451612903225806,0.0,54.0,60.0,260.0,5.555555555555555,5.555555555555555,,0.0,18.51851851851852,1.8518518518518516,25.0,11.923076923076923,7.6923076923076925,1.153846153846154,0.7692307692307693,0.7692307692307693,40.0,14.0,6.0,2.1,3.0,1.32,15.4,5.4,260.0
246,Justin Lawrence,COL,0.0,15.531365313653136,15.531365313653136,271,4.918032786885246,6.557377049180328,0.0,1.6393442622950818,16.39344262295082,,5.731131112049128,3.194400947699514,2.912542040549557,0.6576707833498999,,0.4697648452499284,14.003690036900368,7.383763837638376,8.11,4.26,4.64,1.47,20.29520295202952,10.70110701107011,0.0,17.0,17.2,69.0,5.88235294117647,0.0,,0.0,35.294117647058826,5.88235294117647,13.043478260869565,1.4492753623188406,1.4492753623188406,0.0,2.898550724637681,2.898550724637681,23.0,8.0,11.72,4.08,0.51,0.96,33.29999999999999,11.599999999999987,69.0
250,Bryan Baker,BAL,0.0,64.63589743589743,64.63589743589743,195,4.3478260869565215,4.3478260869565215,0.0,0.0,2.1739130434782608,,29.543721236028926,15.852728468113082,14.41157133464826,3.6028928336620645,,1.4411571334648257,66.04102564102564,26.697435897435895,9.13,3.72,3.96,1.3,24.102564102564106,9.743589743589745,0.0,73.0,68.2,274.0,5.47945205479452,5.47945205479452,,4.10958904109589,26.027397260273972,8.21917808219178,21.532846715328464,12.043795620437956,11.313868613138686,4.744525547445255,0.0,0.0,83.0,17.0,10.88,2.23,4.06,1.11,30.3,6.2,274.0
258,Quinn Priester,BOS,0.0,152.64935064935065,152.64935064935065,154,5.555555555555556,5.555555555555556,0.0,0.0,2.777777777777778,,99.12295496711081,49.56147748355541,44.05464665204925,11.013661663012313,,5.506830831506156,131.44805194805195,46.642857142857146,7.64,2.82,4.08,1.32,20.12987012987013,7.142857142857142,24.0,29.0,157.1,653.0,44.827586206896555,10.344827586206897,,0.0,0.0,0.0,22.2052067381317,9.494640122511486,8.88208269525268,2.756508422664625,0.0,0.9188361408882083,132.0,50.0,7.55,2.86,3.32,1.24,20.19999999999999,7.7,653.0
261,Shawn Dubin,HOU,0.0,33.278688524590166,33.278688524590166,244,3.5714285714285707,5.357142857142857,0.0,0.0,12.5,,12.421056167696857,6.5758532652512764,6.0887530233808125,1.4613007256113948,,0.7306503628056974,34.4672131147541,15.450819672131148,9.32,4.22,3.99,1.37,23.770491803278688,10.655737704918032,0.0,30.0,33.2,145.0,6.666666666666667,0.0,,0.0,26.666666666666668,3.3333333333333335,25.517241379310345,13.10344827586207,13.10344827586207,4.137931034482759,0.0,1.3793103448275863,28.0,11.0,7.49,2.94,5.08,1.43,19.3,7.6,145.0
263,Joey Wentz,PIT,0.0,102.0,102.0,286,4.545454545454546,4.545454545454546,0.0,0.0,12.121212121212121,,34.04322949777495,17.832167832167833,16.751430387794024,4.322949777495231,,1.0807374443738078,100.45454545454544,41.72727272727273,8.9,3.72,4.26,1.37,22.727272727272727,9.440559441,13.0,39.0,98.0,442.0,12.82051282051282,17.94871794871795,,0.0,0.0,2.564102564102564,24.8868778280543,14.93212669683258,13.800904977375566,2.48868778280543,0.6787330316742082,0.22624434389140274,92.0,43.0,8.45,3.95,5.6,1.56,20.8,9.69999999999999,442.0
265,Tim Mayza,PIT,0.0,17.100840336134453,17.100840336134453,238,3.6363636363636362,5.454545454545456,0.0,0.0,7.272727272727273,,7.577148506461408,3.5272932702492765,3.2660122872678485,0.7838429489442836,,0.2612809829814279,13.058823529411764,5.907563025210084,6.79,3.15,4.07,1.4,17.647058823529413,7.9831932773109235,0.0,15.0,16.2,74.0,0.0,0.0,,0.0,0.0,0.0,22.972972972972975,9.45945945945946,9.45945945945946,2.7027027027027026,0.0,2.7027027027027026,15.0,5.0,8.1,2.7,3.78,1.32,20.3,6.800000000000001,74.0
266,Bradley Blalock,COL,4.824561403508772,40.2046783625731,62.719298245614034,171,8.0,12.000000000000002,0.9404603125748093,0.0,4.0,,39.49933312814199,22.571047501795427,20.690126876645802,5.642761875448857,,0.9404603125748093,45.02923976608187,24.12280701754386,6.62,3.47,5.23,1.49,16.374269005847953,8.771929824561402,12.0,14.0,58.2,275.0,14.285714285714285,42.857142857142854,,0.0,0.0,0.0,30.909090909090907,22.181818181818183,22.181818181818183,6.181818181818182,0.36363636363636365,1.090909090909091,27.0,23.0,4.14,3.53,9.36,1.84,9.8,8.4,275.0
267,Anthony Banda,LAD,0.0,61.937777777777775,61.937777777777775,225,5.769230769230769,3.846153846153846,0.0,0.0,13.461538461538462,,25.93975308641975,13.234567901234568,12.705185185185183,3.7056790123456786,,1.5881481481481483,60.74666666666666,23.82222222222222,8.84,3.5,4.07,1.34,22.666666666666664,8.888888889,1.0,71.0,65.0,268.0,7.042253521126761,1.4084507042253522,,0.0,15.492957746478872,1.4084507042253522,16.791044776119403,8.582089552238806,8.582089552238806,2.9850746268656714,2.2388059701492535,0.7462686567164178,61.0,34.0,8.45,4.71,3.18,1.22,22.8,12.7,268.0
268,Carlos Hernandez,KCR,0.0,47.25925925925927,47.25925925925927,189,4.545454545454545,4.545454545454545,0.0,0.0,2.2727272727272725,,22.73172643543014,12.502449539486578,11.934156378600825,2.8414658044287675,,0.5682931608857535,46.18518518518519,20.40740740740741,8.7,3.84,4.2,1.34,22.75132275132275,10.052910052910052,0.0,41.0,43.1,203.0,2.4390243902439024,0.0,,0.0,2.4390243902439024,0.0,24.63054187192118,15.763546798029557,14.77832512315271,1.9704433497536946,0.49261083743842365,0.9852216748768473,39.0,22.0,8.1,4.57,6.23,1.66,19.2,10.8,203.0
270,Mason Montgomery,TBR,0.0,48.984375,48.984375,256,5.0,5.0,0.0,1.6666666666666667,20.0,,17.53997802734375,9.24835205078125,8.2916259765625,2.55126953125,,0.95672607421875,48.16796875,17.9609375,8.83,3.34,3.96,1.28,23.046875,8.59375,0.0,57.0,46.0,209.0,1.7543859649122806,5.263157894736842,,1.7543859649122806,17.543859649122805,5.263157894736842,23.444976076555022,15.311004784688995,13.875598086124402,2.8708133971291865,0.0,0.4784688995215311,63.0,27.0,12.33,5.28,5.67,1.65,30.1,12.9,209.0
271,Brandon Eisert,CHW,0.0,71.39999999999999,71.39999999999999,120,3.571428571428572,3.571428571428572,0.0,0.0,3.571428571428572,,57.375,29.75,27.625,6.375,,2.125,66.3,25.5,8.28,3.27,4.05,1.32,21.666666666666668,8.333333333333332,3.0,72.0,69.2,306.0,4.166666666666666,11.11111111111111,,2.7777777777777777,11.11111111111111,4.166666666666666,24.509803921568626,11.76470588235294,11.11111111111111,3.9215686274509802,1.9607843137254901,1.6339869281045754,74.0,25.0,9.56,3.23,4.39,1.44,24.2,8.19999999999999,306.0
273,Tanner Gordon,COL,4.814285714285714,62.58571428571428,77.02857142857142,140,7.6923076923076925,7.6923076923076925,1.7193877551020407,0.0,3.8461538461538463,,63.61734693877551,32.66836734693877,30.948979591836732,8.596938775510203,,1.7193877551020407,55.364285714285714,19.257142857142856,6.42,2.23,5.01,1.39,16.428571428571427,5.714285714285714,15.0,15.0,75.1,337.0,40.0,53.333333333333336,,0.0,0.0,0.0,28.486646884272997,17.804154302670625,15.727002967359049,4.747774480712167,0.0,0.8902077151335311,62.0,17.0,7.41,2.03,6.33,1.5,18.4,5.0,337.0
275,Chase Lee,DET,0.0,34.8235294117647,34.8235294117647,102,4.166666666666667,4.166666666666667,0.0,0.0,4.166666666666667,,31.295655517108806,15.647827758554403,14.225297962322184,2.8450595924644366,,1.4225297962322183,33.372549019607845,11.607843137254902,8.68,3.04,3.68,1.25,22.54901960784314,7.84313725490196,0.0,32.0,37.1,148.0,12.5,3.125,,0.0,12.5,3.125,21.62162162162162,11.486486486486488,11.486486486486488,4.72972972972973,0.6756756756756757,1.3513513513513513,36.0,9.0,8.68,2.17,4.1,1.1,24.3,6.1,148.0
280,Huascar Brazoban,NYM,0.0,60.67368421052632,60.67368421052632,190,4.545454545454546,4.545454545454546,0.0,0.0,2.272727272727273,,27.57894736842105,15.240997229916896,14.515235457063714,2.9030470914127426,,1.4515235457063713,62.05263157894737,28.957894736842107,9.2,4.27,4.02,1.35,23.684210526315788,11.052631578947368,3.0,52.0,63.0,262.0,9.615384615384617,3.8461538461538463,,3.8461538461538463,23.076923076923077,7.6923076923076925,19.46564885496183,11.068702290076336,9.541984732824428,2.2900763358778624,0.38167938931297707,1.5267175572519083,57.0,27.0,8.14,3.86,3.57,1.24,21.8,10.3,262.0
285,Brent Suter,CIN,0.0,67.512,67.512,250,3.4482758620689653,3.4482758620689653,0.0,0.0,17.24137931034483,,28.401599999999995,14.433600000000002,13.5024,3.7247999999999997,,0.9311999999999999,52.379999999999995,20.952,7.02,2.78,4.42,1.37,18.0,7.199999999999999,3.0,48.0,67.2,291.0,2.083333333333333,4.166666666666666,,0.0,0.0,2.083333333333333,23.711340206185564,13.058419243986256,11.683848797250858,3.7800687285223367,0.3436426116838488,0.6872852233676976,53.0,18.0,7.05,2.39,4.52,1.29,18.2,6.2,291.0
286,Logan Evans,SEA,8.974358974358974,53.84615384615385,80.76923076923077,78,8.333333333333332,8.333333333333332,5.752794214332676,0.0,8.333333333333332,,103.55029585798816,51.77514792899408,51.77514792899408,11.505588428665352,,5.752794214332676,62.82051282051282,31.41025641025641,7.11,3.25,4.34,1.35,17.94871794871795,8.974358974358974,15.0,16.0,81.1,350.0,37.5,31.25,,0.0,0.0,6.25,23.42857142857143,12.857142857142856,11.142857142857142,3.7142857142857144,0.2857142857142857,1.1428571428571428,59.0,31.0,6.53,3.43,4.32,1.39,16.89999999999999,8.9,350.0
287,Hector Neris,,0.0,29.121212121212125,29.121212121212125,264,8.064516129032258,6.451612903225806,0.0,0.0,0.0,,9.785353535353536,5.3374655647382925,4.981634527089073,1.6012396694214879,,0.5337465564738292,30.53030303030303,12.212121212121213,9.43,3.75,4.02,1.31,24.62121212121212,9.848484848484848,0.0,35.0,26.2,124.0,8.571428571428571,5.714285714285714,,0.0,20.0,5.714285714285714,23.387096774193548,20.161290322580644,16.129032258064516,4.838709677419355,0.8064516129032258,0.8064516129032258,35.0,16.0,11.81,5.4,6.75,1.69,28.199999999999996,12.9,124.0
290,Tim Hill,NYY,0.0,61.625454545454545,61.625454545454545,275,4.761904761904762,4.761904761904762,0.0,0.0,17.46031746031746,,24.543471074380165,11.382479338842975,10.671074380165289,2.1342148760330577,,1.4228099173553719,35.21454545454545,18.585454545454542,5.15,2.75,4.23,1.39,13.090909090909092,6.909090909090909,0.0,70.0,67.0,269.0,5.714285714285714,5.714285714285714,,0.0,21.428571428571427,0.0,21.561338289962826,10.037174721189592,8.550185873605948,2.973977695167286,1.1152416356877324,0.0,37.0,16.0,4.97,2.15,3.09,1.1,13.8,5.8999999999999995,269.0
293,Nick Sandlin,TOR,0.0,16.349397590361445,16.349397590361445,249,5.084745762711865,5.084745762711865,0.0,0.0,20.33898305084746,,5.564426380219674,3.1160787729230175,2.8935017177142304,0.8903082208351478,,0.4451541104175739,17.457831325301203,7.204819277108434,9.59,3.9,3.98,1.28,25.301204819277107,10.441767068273093,0.0,19.0,16.1,69.0,0.0,10.526315789473683,,5.263157894736842,26.31578947368421,15.789473684210526,15.942028985507244,10.144927536231885,5.797101449275362,2.898550724637681,0.0,2.898550724637681,16.0,8.0,8.82,4.41,2.2,1.16,23.19999999999999,11.599999999999987,69.0
294,Jake Bird,COL,0.0,56.10859728506787,56.10859728506787,221,4.0,6.0,0.0,0.0,8.0,,25.896275670031326,14.217563112958375,13.202022890604207,3.046620667062509,,2.0310804447083393,47.13122171945702,23.56561085972851,7.64,3.76,4.6,1.45,19.004524886877828,9.502262443438914,0.0,48.0,55.1,248.0,8.333333333333332,4.166666666666666,,0.0,20.833333333333336,12.5,24.193548387096776,14.919354838709678,13.709677419354838,2.82258064516129,1.6129032258064515,1.2096774193548387,66.0,25.0,10.73,4.07,5.53,1.54,26.6,10.099999999999987,248.0
296,Shane Smith,CHW,0.0,142.36444444444444,142.36444444444444,225,3.846153846153846,5.769230769230769,0.0,0.0,11.538461538461538,,60.839506172839506,32.85333333333333,30.419753086419753,8.51753086419753,,4.86716049382716,134.1511111111111,52.01777777777777,8.46,3.28,4.35,1.33,21.777777777777775,8.444444444444445,29.0,29.0,146.1,616.0,24.137931034482758,27.586206896551722,,0.0,0.0,0.0,18.993506493506494,11.363636363636363,10.064935064935066,2.75974025974026,0.16233766233766234,1.948051948051948,145.0,58.0,8.92,3.57,3.81,1.2,23.5,9.4,616.0
297,Jackson Rutledge,WSN,3.473684210526316,59.05263157894737,75.26315789473685,285,5.88235294117647,7.8431372549019605,0.40627885503231764,0.0,1.9607843137254901,,26.40812557710065,14.626038781163436,13.813481071098801,3.656509695290859,,2.0313942751615883,61.36842105263158,31.26315789473684,7.32,3.74,4.69,1.41,18.596491228070175,9.473684210526317,0.0,63.0,73.1,330.0,6.349206349206349,3.1746031746031744,,0.0,4.761904761904762,0.0,26.36363636363636,14.84848484848485,14.242424242424242,4.848484848484849,0.0,2.1212121212121215,65.0,24.0,7.98,2.95,5.77,1.51,19.69999999999999,7.3,330.0
299,Hunter Gaddis,CLE,0.0,65.0,65.0,274,6.153846153846154,6.153846153846154,0.0,0.0,26.153846153846157,,22.26277372262774,11.313868613138686,10.583941605839415,3.2846715328467155,,1.4598540145985401,59.0,19.0,8.22,2.7,4.02,1.23,21.532846715328464,6.934306569343065,0.0,73.0,66.2,274.0,2.73972602739726,2.73972602739726,,4.10958904109589,47.94520547945205,5.47945205479452,21.16788321167883,8.75912408759124,8.394160583941606,2.9197080291970803,0.7299270072992701,0.36496350364963503,73.0,21.0,9.86,2.84,3.11,1.19,26.6,7.7,274.0
300,Hunter Stratton,PIT,0.0,20.6219512195122,20.6219512195122,82,5.263157894736842,5.263157894736842,0.0,0.0,5.263157894736842,,23.825104104699587,11.912552052349794,11.912552052349794,2.647233789411065,,1.3236168947055327,19.53658536585366,7.597560975609756,8.55,3.48,4.11,1.32,21.951219512195124,8.536585365853659,0.0,15.0,19.0,89.0,6.666666666666667,6.666666666666667,,6.666666666666667,20.0,6.666666666666667,25.842696629213485,13.48314606741573,12.359550561797752,3.3707865168539324,0.0,3.3707865168539324,16.0,7.0,7.58,3.32,5.21,1.58,18.0,7.9,89.0
302,Hunter Bigge,TBR,0.0,13.807531380753137,13.807531380753137,239,5.454545454545455,3.6363636363636367,0.0,0.0,12.727272727272728,,5.041928537665656,2.836084802436932,2.626004446700863,0.7352812450762416,,0.210080355736069,15.06276150627615,7.02928870292887,9.86,4.52,4.11,1.38,25.10460251046025,11.715481171548117,0.0,13.0,15.0,60.0,0.0,0.0,,0.0,7.6923076923076925,7.6923076923076925,18.333333333333332,6.666666666666667,6.666666666666667,6.666666666666667,0.0,1.6666666666666667,12.0,5.0,7.2,3.0,2.4,1.07,20.0,8.3,60.0
303,Daniel Palencia,CHC,0.0,50.0,50.0,129,3.3333333333333335,3.3333333333333335,0.0,0.0,3.3333333333333335,,32.299741602067186,18.087855297157624,16.795865633074936,3.875968992248062,,2.5839793281653747,56.66666666666667,25.0,10.11,4.36,3.89,1.32,26.356589147286822,11.627906976744184,0.0,54.0,52.2,215.0,1.8518518518518516,11.11111111111111,,40.74074074074074,11.11111111111111,5.555555555555555,20.46511627906977,8.837209302325581,7.906976744186046,2.3255813953488373,0.46511627906976744,0.9302325581395349,61.0,16.0,10.42,2.73,2.91,1.14,28.4,7.4,215.0
307,Jacob Misiorowski,MIL,2.946043165467626,49.10071942446043,61.86690647482014,278,6.0,6.0,0.35324258578748513,0.0,2.0,,19.075099632524196,12.010247916774496,11.303762745199524,2.825940686299881,,2.825940686299881,65.79496402877697,32.406474820143885,9.56,4.81,4.54,1.4,24.100719424460433,11.8705035971223,14.0,15.0,66.0,273.0,33.33333333333333,20.0,,0.0,0.0,0.0,18.681318681318682,12.454212454212454,11.72161172161172,2.93040293040293,0.0,1.098901098901099,87.0,31.0,11.86,4.23,4.36,1.24,31.9,11.4,273.0
308,Wandy Peralta,SDP,0.0,73.47417840375586,73.47417840375586,213,6.000000000000001,6.000000000000001,0.0,0.0,8.0,,31.73532588331239,16.557561330423855,15.177764552888535,3.449491943838303,,2.069695166302982,63.18779342723004,30.859154929577464,7.69,3.77,3.88,1.33,20.187793427230048,9.859154929577464,1.0,71.0,71.2,313.0,8.450704225352112,1.4084507042253522,,0.0,5.633802816901409,1.4084507042253522,21.08626198083067,9.26517571884984,7.987220447284344,1.5974440894568689,0.9584664536741214,0.6389776357827476,63.0,30.0,7.91,3.77,3.14,1.34,20.1,9.6,313.0
309,Drew Pomeranz,SEA,0.0,47.578125,47.578125,64,0.0,6.666666666666667,0.0,0.0,6.666666666666667,,64.4287109375,34.6923828125,29.736328125,9.912109375,,0.0,50.75,19.03125,9.43,3.71,3.81,1.29,25.0,9.375,4.0,57.0,49.2,203.0,3.508771929824561,3.508771929824561,,1.7543859649122806,24.561403508771928,3.508771929824561,18.7192118226601,6.896551724137931,5.911330049261084,2.4630541871921183,0.49261083743842365,2.4630541871921183,57.0,15.0,10.33,2.72,2.17,1.07,28.1,7.4,203.0
311,Riley O'Brien,STL,0.0,45.51121076233184,45.51121076233184,223,5.88235294117647,5.88235294117647,0.0,0.0,7.8431372549019605,,18.40777011401798,10.004222888053249,9.20388505700899,2.4010134931327793,,1.6006756620885199,45.51121076233184,22.309417040358746,9.01,4.48,4.09,1.4,22.86995515695067,11.210762331838566,0.0,42.0,48.0,199.0,7.142857142857142,2.380952380952381,,14.285714285714285,14.285714285714285,7.142857142857142,16.582914572864322,6.532663316582915,5.527638190954774,1.0050251256281406,1.0050251256281406,3.5175879396984926,45.0,22.0,8.44,4.13,2.06,1.15,22.6,11.1,199.0
312,Shelby Miller,,0.0,44.285714285714285,44.285714285714285,210,6.0,8.0,0.0,0.0,0.0,,18.97959183673469,10.965986394557824,10.122448979591836,2.952380952380952,,1.2653061224489794,41.628571428571426,16.82857142857143,8.48,3.37,4.31,1.27,22.380952380952383,9.047619047619047,0.0,48.0,46.0,186.0,8.333333333333332,6.25,,20.833333333333336,18.75,10.416666666666668,17.741935483870968,9.13978494623656,7.526881720430108,2.6881720430107525,2.1505376344086025,2.1505376344086025,54.0,15.0,10.57,2.93,2.74,1.04,28.999999999999996,8.1,186.0
313,Dauri Moreta,PIT,0.0,16.04494382022472,16.04494382022472,178,4.761904761904762,4.761904761904762,0.0,0.0,2.3809523809523805,,8.155535917182172,4.50700669107436,4.077767958591086,1.2877161974498168,,0.4292387324832723,16.808988764044944,6.4943820224719095,9.42,3.65,4.12,1.3,24.719101123595504,9.550561797752808,0.0,18.0,16.2,68.0,5.555555555555555,5.555555555555555,,0.0,11.11111111111111,5.555555555555555,23.52941176470588,11.76470588235294,8.823529411764707,2.941176470588235,1.4705882352941175,0.0,19.0,7.0,10.26,3.78,3.24,1.38,27.89999999999999,10.3,68.0
314,Zack Kelly,BOS,0.0,35.2317880794702,35.2317880794702,151,5.714285714285714,5.714285714285714,0.0,0.0,2.857142857142857,,20.665760273672205,11.99947370729354,11.332836279110566,2.666549712731898,,1.333274856365949,37.24503311258278,17.112582781456954,9.44,4.36,4.25,1.38,24.503311258278146,11.258278145695364,0.0,28.0,35.1,152.0,3.571428571428571,10.714285714285714,,0.0,10.714285714285714,7.142857142857142,23.026315789473685,13.815789473684212,11.842105263157894,1.9736842105263157,0.6578947368421052,1.9736842105263157,35.0,12.0,8.92,3.06,4.58,1.33,23.0,7.9,152.0
315,Evan Sisk,KCR,0.0,18.300653594771244,18.300653594771244,153,5.714285714285714,5.714285714285714,0.0,0.0,2.857142857142857,,11.277713699859031,5.809731299927378,5.467982399931651,1.0252466999871845,,0.6834977999914563,16.73202614379085,8.88888888888889,8.26,4.31,4.12,1.42,20.91503267973856,11.11111111111111,0.0,19.0,17.2,80.0,5.263157894736842,5.263157894736842,,0.0,10.526315789473683,0.0,20.0,8.75,8.75,1.25,0.0,2.5,25.0,10.0,12.74,5.09,3.57,1.47,31.3,12.5,80.0
317,Gordon Graceffo,STL,1.93,38.6,45.355,200,5.0,7.5,0.48249999999999993,0.0,2.5,,23.16,11.58,11.0975,2.895,,0.9649999999999999,31.845,14.475,6.45,2.82,4.36,1.34,16.5,7.5,0.0,26.0,43.0,193.0,11.538461538461538,3.8461538461538463,,3.8461538461538463,0.0,7.6923076923076925,25.906735751295333,17.098445595854923,15.544041450777202,1.0362694300518136,0.0,1.0362694300518136,40.0,13.0,8.37,2.72,6.28,1.47,20.7,6.7,193.0
318,Andrew Saalfrank,ARI,0.0,25.84967320261438,25.84967320261438,153,5.714285714285714,5.714285714285714,0.0,0.0,2.857142857142857,,15.447050279806913,7.723525139903456,7.240804818659489,1.448160963731898,,0.482720321243966,24.372549019607845,13.294117647058824,8.55,4.53,3.77,1.43,21.568627450980394,11.76470588235294,0.0,28.0,29.0,113.0,7.142857142857142,3.571428571428571,,10.714285714285714,17.857142857142858,7.142857142857142,16.8141592920354,4.424778761061947,3.5398230088495577,0.8849557522123894,0.8849557522123894,0.0,19.0,10.0,5.9,3.1,1.24,1.0,16.8,8.799999999999999,113.0
319,Bennett Sousa,HOU,0.0,46.35795454545454,46.35795454545454,176,4.878048780487805,4.878048780487805,0.0,0.0,2.4390243902439024,,24.412448347107436,12.84865702479339,11.56379132231405,3.2121642561983474,,1.2848657024793386,46.35795454545454,19.221590909090907,9.0,3.68,3.98,1.33,23.295454545454543,9.659090909090908,0.0,44.0,50.2,199.0,11.363636363636363,2.272727272727273,,9.090909090909092,15.909090909090908,4.545454545454546,18.592964824120603,9.045226130653267,8.040201005025125,2.0100502512562812,0.0,0.0,59.0,15.0,10.48,2.66,2.84,1.03,29.6,7.5,199.0
323,Jack Dreyer,LAD,0.0,71.85106382978724,71.85106382978724,94,4.545454545454546,4.545454545454546,0.0,0.0,4.545454545454546,,69.48845631507471,38.21865097329108,34.74422815753736,10.423268447261204,,0.0,71.85106382978724,29.393617021276597,8.94,3.57,4.16,1.32,23.404255319148938,9.574468085106384,5.0,67.0,76.1,307.0,4.477611940298507,2.9850746268656714,,5.970149253731343,14.925373134328357,1.4925373134328357,18.241042345276874,8.469055374592834,8.143322475570033,1.3029315960912053,1.6286644951140066,0.0,74.0,24.0,8.72,2.83,2.95,1.05,24.1,7.8,307.0
326,Brad Lord,WSN,10.4,88.4,124.8,105,5.88235294117647,5.88235294117647,4.9523809523809526,0.0,5.88235294117647,,128.7619047619048,69.33333333333334,64.3809523809524,14.857142857142858,,9.904761904761905,83.2,36.4,5.96,2.78,4.85,1.38,15.23809523809524,6.666666666666667,19.0,48.0,130.2,546.0,10.416666666666668,20.833333333333336,,0.0,14.583333333333334,0.0,23.076923076923077,11.904761904761903,11.538461538461538,3.1135531135531136,0.0,0.5494505494505495,108.0,43.0,7.44,2.96,4.34,1.29,19.8,7.9,546.0
327,Enyel De Los Santos,ATL,0.0,66.47482014388488,66.47482014388488,139,3.0303030303030303,3.0303030303030303,0.0,0.0,3.0303030303030303,,43.476010558459706,23.187205631178507,21.738005279229853,7.246001759743283,,2.8984007038973134,68.48920863309353,24.172661870503596,9.23,3.3,3.98,1.27,24.46043165467626,8.633093525179856,0.0,65.0,66.0,280.0,9.230769230769232,4.615384615384616,,0.0,9.230769230769232,3.076923076923077,21.785714285714285,12.5,11.428571428571429,2.5,0.7142857142857143,0.7142857142857143,62.0,24.0,8.45,3.27,4.36,1.29,22.1,8.6,280.0
329,Stephen Kolek,SDP,0.0,106.58959537572257,106.58959537572257,173,4.999999999999999,4.999999999999999,0.0,0.0,2.4999999999999996,,60.07217080423669,30.806241438070103,27.72561729426309,6.161248287614021,,4.620936215710516,87.9364161849711,37.30635838150289,7.47,3.25,4.13,1.34,19.07514450867052,8.092485549132949,19.0,19.0,112.2,461.0,26.31578947368421,36.84210526315789,,0.0,0.0,0.0,21.25813449023861,10.629067245119305,9.544468546637743,1.9522776572668112,0.21691973969631237,1.5184381778741864,77.0,31.0,6.15,2.48,3.51,1.14,16.69999999999999,6.7,461.0
336,Ronny Henriquez,MIN,0.0,70.16842105263159,70.16842105263159,95,4.545454545454545,4.545454545454545,0.0,0.0,4.545454545454545,,73.86149584487536,36.93074792243768,33.57340720221607,10.07202216066482,,3.357340720221607,60.6,25.51578947368421,7.68,3.18,4.18,1.35,20.0,8.421052631578947,0.0,69.0,73.0,303.0,10.144927536231885,1.4492753623188406,,10.144927536231885,37.68115942028986,5.797101449275362,17.491749174917494,7.590759075907591,5.9405940594059405,2.6402640264026402,0.6600660066006601,1.3201320132013201,98.0,27.0,12.08,3.33,2.22,1.1,32.29999999999999,8.9,303.0
339,Matt Festa,,0.0,52.733333333333334,52.733333333333334,90,4.761904761904762,4.761904761904762,0.0,0.0,4.761904761904762,,53.01234567901234,30.691358024691358,27.901234567901234,8.37037037037037,,2.7901234567901234,50.22222222222222,20.08888888888889,8.53,3.5,4.31,1.32,22.22222222222222,8.888888889,0.0,63.0,54.2,226.0,7.936507936507936,6.349206349206349,,0.0,19.047619047619047,3.1746031746031744,19.469026548672566,12.831858407079647,11.061946902654867,1.7699115044247788,0.8849557522123894,2.2123893805309733,56.0,15.0,9.22,2.47,4.12,1.08,24.8,6.6000000000000005,226.0
343,Jimmy Herget,COL,0.0,79.41293532338308,79.41293532338308,201,6.521739130434782,6.521739130434782,0.0,0.0,2.1739130434782608,,42.08559194079354,22.331130417563926,20.613351154674387,6.012227420113363,,2.5766688943342984,69.05472636815921,25.895522388059703,7.76,2.84,4.79,1.38,19.900497512437813,7.462686567164178,0.0,59.0,83.1,347.0,1.694915254237288,3.389830508474576,,0.0,15.254237288135593,1.694915254237288,20.7492795389049,6.9164265129683,6.628242074927954,1.729106628242075,0.2881844380403458,2.0172910662824206,81.0,26.0,8.75,2.81,2.48,1.18,23.3,7.5,347.0
345,Rob Zastryzny,CHC,0.0,21.88235294117647,21.88235294117647,34,0.0,0.0,0.0,0.0,12.5,,56.31487889273357,32.17993079584775,24.134948096885818,8.044982698961938,,0.0,21.88235294117647,8.205882352941178,8.44,3.18,3.89,1.28,23.52941176470588,8.823529411764707,1.0,26.0,22.0,93.0,7.6923076923076925,3.8461538461538463,,0.0,7.6923076923076925,3.8461538461538463,17.20430107526882,7.526881720430108,6.451612903225806,3.225806451612903,3.225806451612903,1.0752688172043012,20.0,10.0,8.18,4.09,2.45,1.18,21.5,10.8,93.0
346,Brent Headrick,MIN,0.0,21.64705882352941,21.64705882352941,153,5.555555555555556,5.555555555555556,0.0,0.0,2.777777777777778,,13.362381989832969,7.074202229911572,6.288179759921397,1.9650561749754367,,0.7860224699901747,21.64705882352941,7.215686274509803,9.01,3.01,4.12,1.28,23.52941176470588,7.84313725490196,0.0,17.0,23.0,92.0,0.0,0.0,,0.0,5.88235294117647,0.0,18.478260869565215,8.695652173913043,8.695652173913043,4.3478260869565215,1.0869565217391304,1.0869565217391304,30.0,7.0,11.74,2.74,3.13,1.04,32.6,7.6,92.0
349,Ian Gibaut,CIN,0.0,24.880434782608695,24.880434782608695,92,4.761904761904762,4.761904761904762,0.0,0.0,4.761904761904762,,27.043950850661624,14.165879017013234,14.165879017013234,3.8634215500945173,,1.2878071833648392,23.695652173913043,9.478260869565217,8.55,3.58,4.58,1.39,21.73913043478261,8.695652173913043,0.0,25.0,25.1,109.0,0.0,4.0,,0.0,12.0,4.0,23.853211009174313,11.926605504587156,11.926605504587156,2.7522935779816518,0.0,0.0,15.0,8.0,5.33,2.84,4.62,1.34,13.8,7.3,109.0
350,Josh Simpson,MIA,0.0,34.394444444444446,34.394444444444446,180,4.878048780487805,4.878048780487805,0.0,0.0,2.4390243902439024,,17.243827160493826,9.787037037037036,8.854938271604938,2.330246913580247,,1.3981481481481481,36.91111111111111,17.616666666666667,9.62,4.54,4.13,1.41,24.444444444444443,11.666666666666666,0.0,31.0,30.2,151.0,12.903225806451612,6.451612903225806,,0.0,6.451612903225806,6.451612903225806,22.516556291390728,18.543046357615893,16.55629139072848,3.3112582781456954,1.3245033112582782,1.9867549668874174,36.0,22.0,10.57,6.46,7.34,1.83,23.799999999999997,14.6,151.0
351,Logan Henderson,MIL,0.0,23.571428571428573,23.571428571428573,42,10.0,10.0,0.0,0.0,10.0,,50.51020408163266,28.061224489795922,28.061224489795922,11.224489795918368,,0.0,23.571428571428573,7.071428571428571,9.38,2.65,4.08,1.2,23.809523809523807,7.142857142857142,5.0,5.0,25.1,99.0,60.0,0.0,,0.0,0.0,0.0,17.17171717171717,5.05050505050505,5.05050505050505,3.0303030303030303,0.0,0.0,33.0,8.0,11.72,2.84,1.78,0.99,33.29999999999999,8.1,99.0
353,Cristian Javier,HOU,0.0,37.46590909090909,37.46590909090909,88,4.761904761904762,4.761904761904762,0.0,0.0,4.761904761904762,,36.492768595041326,20.273760330578515,18.246384297520663,6.082128099173554,,2.0273760330578514,39.25,14.272727272727272,9.39,3.38,4.04,1.24,25.0,9.090909090909092,8.0,8.0,37.0,157.0,25.0,50.0,,0.0,0.0,0.0,20.382165605095544,14.012738853503185,12.101910828025478,1.910828025477707,0.0,0.6369426751592357,34.0,15.0,8.27,3.65,4.62,1.27,21.7,9.6,157.0
354,Michael Kelly,ATH,0.0,38.535714285714285,38.535714285714285,112,7.6923076923076925,3.8461538461538463,0.0,0.0,3.8461538461538463,,33.08354591836735,17.20344387755102,15.880102040816327,3.970025510204082,,1.3233418367346939,35.57142857142857,14.821428571428571,8.34,3.49,4.15,1.34,21.428571428571427,8.928571428571429,0.0,42.0,39.2,166.0,9.523809523809524,9.523809523809524,,4.761904761904762,16.666666666666664,2.380952380952381,19.27710843373494,10.240963855421686,8.433734939759036,3.0120481927710845,1.8072289156626504,0.6024096385542169,29.0,19.0,6.58,4.31,3.18,1.29,17.5,11.4,166.0
356,Jake Eder,CHW,1.1908396946564883,13.69465648854962,17.267175572519083,131,4.347826086956521,8.695652173913041,0.4545189674261407,0.0,4.347826086956521,,13.63556902278422,7.726822446244391,7.272303478818251,1.8180758697045627,,0.9090379348522812,14.885496183206106,8.335877862595419,7.7,4.27,4.81,1.48,19.083969465648856,10.687022900763358,0.0,8.0,18.1,78.0,0.0,12.5,,0.0,0.0,0.0,19.230769230769234,12.82051282051282,12.82051282051282,3.8461538461538463,1.282051282051282,1.282051282051282,15.0,9.0,7.36,4.42,4.91,1.31,19.2,11.5,78.0
365,Yohan Ramirez,PIT,0.0,35.154639175257735,35.154639175257735,97,4.545454545454546,4.545454545454546,0.0,0.0,4.545454545454546,,34.59453714528644,18.12094802848337,18.12094802848337,3.294717823360612,,4.942076735040919,31.95876288659794,15.97938144329897,8.27,3.89,4.34,1.37,20.61855670103093,10.309278350515465,0.0,24.0,33.1,155.0,12.5,12.5,,0.0,4.166666666666666,0.0,21.29032258064516,16.129032258064516,12.903225806451612,2.5806451612903225,0.6451612903225806,2.5806451612903225,45.0,16.0,12.15,4.32,5.4,1.47,28.999999999999996,10.3,155.0
367,Anthony Molina,COL,0.0,36.41379310344828,36.41379310344828,145,3.03030303030303,6.06060606060606,0.0,0.0,3.03030303030303,,28.15695600475624,14.4589774078478,13.697978596908442,3.043995243757432,,0.760998810939358,25.379310344827587,11.03448275862069,6.27,2.77,4.89,1.42,15.862068965517242,6.896551724137931,1.0,17.0,34.2,160.0,5.88235294117647,5.88235294117647,,0.0,0.0,0.0,32.5,18.75,17.5,7.5,0.0,1.25,24.0,6.0,6.23,1.56,7.27,1.67,15.0,3.8,160.0
369,Carson Seymour,SFG,0.0,36.099173553719005,36.099173553719005,121,3.571428571428571,7.142857142857142,0.0,0.0,3.571428571428571,,29.834027730346286,14.917013865173143,12.786011884434123,3.1965029711085307,,2.13100198073902,29.65289256198347,11.603305785123966,7.28,2.92,4.0,1.34,19.00826446280992,7.438016529,3.0,16.0,36.0,156.0,6.25,18.75,,0.0,6.25,0.0,23.717948717948715,13.461538461538462,12.179487179487179,5.769230769230769,0.0,0.641025641025641,26.0,13.0,6.5,3.25,4.75,1.39,16.69999999999999,8.3,156.0
370,Matt Gage,DET,0.0,31.904109589041095,31.904109589041095,73,5.88235294117647,5.88235294117647,0.0,0.0,5.88235294117647,,41.13342090448489,20.566710452242447,17.995871645712143,5.141677613060612,,2.570838806530306,30.027397260273972,13.136986301369864,8.23,3.85,3.97,1.36,21.91780821917808,9.589041096,2.0,33.0,31.0,137.0,0.0,3.0303030303030303,,0.0,6.0606060606060606,0.0,25.547445255474454,8.02919708029197,8.02919708029197,0.0,0.7299270072992701,1.4598540145985401,27.0,12.0,7.84,3.48,3.19,1.52,19.69999999999999,8.799999999999999,137.0
371,Tommy Nance,TOR,0.0,29.201716738197423,29.201716738197423,233,5.555555555555556,5.555555555555556,0.0,0.0,12.962962962962965,,12.30083442317965,6.26646281935567,5.802280388292289,1.624638508721841,,0.6962736465950745,25.95708154506438,10.274678111587985,8.02,3.21,4.15,1.33,20.600858369098713,8.154506438,0.0,30.0,31.2,126.0,6.666666666666667,0.0,,0.0,16.666666666666664,0.0,19.841269841269842,8.73015873015873,5.555555555555555,0.0,0.0,0.7936507936507936,32.0,7.0,9.09,1.99,1.99,1.01,25.4,5.59999999999999,126.0
374,Mason Englert,DET,0.0,43.02325581395348,43.02325581395348,43,10.0,10.0,0.0,0.0,10.0,,100.05408328826391,50.027041644131955,50.027041644131955,10.005408328826391,,10.005408328826391,38.72093023255814,12.906976744186046,7.87,2.77,4.23,1.27,20.930232558139537,6.976744186046512,0.0,29.0,44.2,185.0,0.0,3.4482758620689653,,0.0,3.4482758620689653,0.0,23.243243243243246,10.81081081081081,10.27027027027027,2.1621621621621623,0.0,0.5405405405405406,44.0,11.0,8.87,2.22,3.83,1.21,23.799999999999997,5.8999999999999995,185.0
375,Yerry De Los Santos,NYY,0.0,37.30061349693251,37.30061349693251,163,5.263157894736842,5.263157894736842,0.0,0.0,2.6315789473684217,,22.88381196130829,11.441905980654145,10.839700402724981,3.011027889645828,,0.6022055779291656,30.429447852760735,13.74233128834356,7.26,3.21,4.24,1.35,19.018404907975462,8.588957055214724,0.0,25.0,35.2,160.0,0.0,4.0,,0.0,12.0,0.0,23.125,9.375,8.125,0.625,0.0,0.625,28.0,17.0,7.07,4.29,3.28,1.51,17.5,10.6,160.0
376,Tyler Phillips,PHI,0.0,72.36021505376344,72.36021505376344,186,4.651162790697675,6.976744186046513,0.0,0.0,2.3255813953488373,,40.712799167533824,20.80876401896173,19.904035148572092,5.428373222337843,,1.8094577407792811,53.8494623655914,23.559139784946236,6.68,2.88,4.51,1.37,17.20430107526882,7.526881720430108,1.0,54.0,77.2,313.0,3.7037037037037033,1.8518518518518516,,7.4074074074074066,14.814814814814813,0.0,20.766773162939298,8.30670926517572,7.667731629392971,2.5559105431309903,0.0,0.6389776357827476,52.0,24.0,6.03,2.78,2.78,1.15,16.6,7.7,313.0
378,Edgardo Henriquez,LAD,0.0,17.93103448275862,17.93103448275862,174,5.0,2.5,0.0,0.0,2.5,,9.017043202536664,5.410225921521997,5.152596115735236,1.288149028933809,,0.7728894173602854,18.82758620689655,8.517241379310345,9.55,4.38,4.41,1.37,24.13793103448276,10.919540229885058,0.0,22.0,19.0,78.0,9.090909090909092,4.545454545454546,,4.545454545454546,22.727272727272727,9.090909090909092,21.794871794871796,6.41025641025641,6.41025641025641,2.564102564102564,0.0,0.0,18.0,5.0,8.53,2.37,2.37,1.16,23.1,6.4,78.0
381,Ryan Borucki,PIT,0.0,33.117283950617285,33.117283950617285,162,5.405405405405405,5.405405405405405,0.0,0.0,2.7027027027027026,,18.78524615150129,10.497637555250723,9.392623075750645,2.210028959000152,,1.6575217192501144,33.117283950617285,14.320987654320987,8.94,3.93,4.2,1.37,22.839506172839503,9.876543209876544,0.0,39.0,35.0,145.0,2.564102564102564,7.6923076923076925,,0.0,17.94871794871795,7.6923076923076925,20.0,13.793103448275861,12.413793103448276,2.7586206896551726,0.6896551724137931,0.6896551724137931,32.0,16.0,8.23,4.11,4.63,1.29,22.1,11.0,145.0
382,A.J. Blubaugh,HOU,0.0,28.83720930232558,28.83720930232558,43,10.0,10.0,0.0,0.0,10.0,,67.06327744726879,33.531638723634394,33.531638723634394,6.706327744726879,,0.0,25.95348837209302,11.534883720930232,8.22,3.25,4.17,1.32,20.930232558139537,9.302325581,3.0,11.0,32.0,124.0,27.27272727272727,9.090909090909092,,0.0,0.0,0.0,13.709677419354838,8.870967741935484,4.838709677419355,4.838709677419355,0.0,0.0,35.0,11.0,9.84,3.09,1.69,0.88,28.199999999999996,8.9,124.0
384,Justin Wrobleski,LAD,0.0,65.53191489361701,65.53191489361701,141,6.060606060606061,6.060606060606061,0.0,0.0,3.0303030303030303,,45.068155525375985,23.94245762285599,22.534077762687993,7.041899300839997,,1.4083798601679993,57.5886524822695,21.843971631205672,8.04,3.12,4.38,1.32,20.56737588652482,7.801418439716312,2.0,24.0,66.2,280.0,20.833333333333336,20.833333333333336,,8.333333333333332,25.0,0.0,23.214285714285715,12.142857142857142,11.428571428571429,2.142857142857143,0.35714285714285715,1.0714285714285714,76.0,17.0,10.26,2.3,4.32,1.23,27.1,6.1,280.0
386,Jonathan Bowlan,KCR,0.0,41.33333333333333,41.33333333333333,135,6.451612903225806,6.451612903225806,0.0,0.0,3.225806451612903,,31.604938271604937,16.79012345679012,14.814814814814813,3.950617283950617,,1.9753086419753085,32.0,13.333333333333332,7.05,2.91,4.46,1.37,17.77777777777778,7.4074074074074066,1.0,34.0,44.1,180.0,2.941176470588235,5.88235294117647,,0.0,5.88235294117647,0.0,20.555555555555554,11.666666666666666,10.555555555555555,3.3333333333333335,0.0,0.0,46.0,17.0,9.34,3.45,3.86,1.22,25.6,9.4,180.0
389,Connor Phillips,CIN,0.0,22.08450704225352,22.08450704225352,142,6.25,6.25,0.0,0.0,3.125,,14.580440388811745,8.748264233287045,8.262249553659988,2.4300733981352907,,0.9720293592541162,22.774647887323944,11.04225352112676,9.29,4.39,4.73,1.44,23.239436619718308,11.267605633802818,0.0,21.0,25.0,98.0,23.809523809523807,0.0,,0.0,4.761904761904762,0.0,11.224489795918368,9.183673469387756,8.16326530612245,3.061224489795918,0.0,2.0408163265306123,32.0,12.0,11.52,4.32,2.88,0.92,32.7,12.2,98.0
390,Jake Woodford,COL,0.0,38.857142857142854,38.857142857142854,35,0.0,0.0,0.0,0.0,12.5,,124.89795918367346,69.38775510204081,55.51020408163265,13.877551020408163,,0.0,29.14285714285714,9.714285714285714,6.74,2.72,4.79,1.4,17.142857142857142,5.714285714285714,0.0,22.0,36.1,170.0,0.0,18.181818181818183,,13.636363636363635,9.090909090909092,18.181818181818183,26.47058823529412,16.470588235294116,15.294117647058824,1.7647058823529411,0.5882352941176471,1.7647058823529411,23.0,13.0,5.7,3.22,6.44,1.6,13.5,7.6,170.0
391,Taylor Clarke,KCR,0.0,46.81818181818181,46.81818181818181,44,0.0,10.0,0.0,0.0,10.0,,117.04545454545455,53.20247933884297,53.20247933884297,10.640495867768594,,0.0,37.45454545454545,14.045454545454543,7.31,2.75,4.51,1.37,18.181818181818183,6.8181818181818175,0.0,51.0,55.1,206.0,1.9607843137254901,1.9607843137254901,,1.9607843137254901,9.803921568627452,1.9607843137254901,18.446601941747574,9.70873786407767,9.70873786407767,3.8834951456310676,0.0,0.48543689320388345,44.0,9.0,7.16,1.46,3.25,0.85,21.4,4.3999999999999995,206.0
392,Eric Orze,TBR,0.0,41.2316384180791,41.2316384180791,177,4.878048780487805,4.878048780487805,0.0,0.0,2.4390243902439024,,21.022056241820682,11.363273644227394,10.226946279804656,2.8408184110568486,,1.1363273644227394,42.237288135593225,18.10169491525424,9.3,4.03,4.06,1.34,23.728813559322035,10.16949152542373,0.0,33.0,41.2,178.0,3.0303030303030303,3.0303030303030303,,9.090909090909092,3.0303030303030303,0.0,21.34831460674157,8.98876404494382,7.865168539325842,2.247191011235955,0.5617977528089888,1.6853932584269662,40.0,19.0,8.64,4.1,3.02,1.37,22.5,10.7,178.0
394,Jacob Lopez,ATH,0.0,92.67096774193548,92.67096774193548,155,5.555555555555555,5.555555555555555,0.0,0.0,2.7777777777777777,,54.8054110301769,29.89386056191467,26.57232049947971,8.303850156087409,,3.3215400624349636,90.09677419354838,38.61290322580645,8.73,3.77,4.07,1.33,22.58064516129032,9.677419355,17.0,21.0,92.2,399.0,33.33333333333333,33.33333333333333,,0.0,0.0,0.0,20.30075187969925,11.779448621553884,10.526315789473683,3.7593984962406015,0.0,2.0050125313283207,113.0,37.0,10.97,3.59,4.08,1.27,28.299999999999997,9.3,399.0
395,Hunter Dobbins,BOS,0.0,59.07692307692308,59.07692307692308,91,4.761904761904763,4.761904761904763,0.0,0.0,4.761904761904763,,68.01110976935153,34.00555488467577,30.9141408042507,9.274242241275209,,3.0914140804250696,45.010989010989015,19.692307692307693,7.0,2.99,4.45,1.37,17.582417582417584,7.6923076923076925,11.0,13.0,61.0,256.0,30.76923076923077,7.6923076923076925,,0.0,0.0,7.6923076923076925,23.828125,11.71875,10.9375,2.34375,0.390625,0.78125,45.0,17.0,6.64,2.51,4.13,1.28,17.599999999999998,6.6000000000000005,256.0
397,Cole Sulser,TBR,0.0,20.842105263157897,20.842105263157897,190,6.818181818181817,4.545454545454545,0.0,0.0,2.272727272727272,,10.221606648199446,5.484764542936289,5.2354570637119116,1.4958448753462603,,0.24930747922437668,19.894736842105264,9.0,8.5,3.84,4.23,1.37,22.105263157894736,10.0,0.0,18.0,22.2,90.0,11.11111111111111,5.555555555555555,,0.0,0.0,5.555555555555555,22.22222222222222,5.555555555555555,5.555555555555555,1.1111111111111112,1.1111111111111112,0.0,22.0,7.0,8.74,2.78,1.99,1.19,24.4,7.8,90.0
400,Adrian Houser,TEX,0.0,120.63013698630137,120.63013698630137,73,5.88235294117647,5.88235294117647,0.0,0.0,5.88235294117647,,165.24676299493336,87.48358040908238,87.48358040908238,19.44079564646275,,9.720397823231375,85.15068493150685,42.57534246575342,6.59,3.19,4.51,1.37,16.43835616438356,8.219178082,21.0,21.0,125.0,518.0,38.095238095238095,23.809523809523807,,0.0,0.0,0.0,23.552123552123554,9.45945945945946,8.880308880308881,1.9305019305019304,0.0,1.5444015444015444,92.0,38.0,6.62,2.74,3.31,1.28,17.8,7.3,518.0
