#,Name,Team,GS,G,IP,TBF,W,L,QS,SV,HLD,BS,H,R,ER,HR,IBB,HBP,SO,BB,K/9,BB/9,ERA,WHIP,K%,BB%,real_GS,real_G,real_IP,real_TBF,real_W,real_L,real_QS,real_SV,real_HLD,real_BS,real_H,real_R,real_ER,real_HR,real_IBB,real_HBP,real_SO,real_BB,real_K/9,real_BB/9,real_ERA,real_WHIP,real_K%,real_BB%,real_PA
1,Jhoan Duran,MIN,0.0,70.39622641509433,70.39622641509433,265,15.384615384615385,4.615384615384616,,33.84615384615385,7.6923076923076925,,20.43431826272695,7.356354574581701,6.947668209327164,1.226059095763617,,1.634745461018156,87.72452830188679,20.57735849056604,11.21,2.66,2.36,1.07,30.566037735849054,7.169811320754717,0.0,72.0,70.0,287.0,9.722222222222223,8.333333333333332,,44.44444444444444,1.3888888888888888,6.944444444444445,20.209059233449477,6.620209059233449,5.574912891986063,1.0452961672473868,1.3937282229965158,1.0452961672473868,80.0,19.0,10.29,2.44,2.06,1.1,27.89999999999999,6.6000000000000005,287.0
2,Emmanuel Clase,CLE,0.0,52.43478260869565,52.43478260869565,253,9.090909090909092,1.5151515151515151,,51.515151515151516,3.0303030303030303,,15.700917058538643,5.3383117999031375,5.024293458732366,1.2560733646830915,,0.3140183411707729,51.640316205533594,10.32806324110672,8.87,1.77,2.15,0.96,25.69169960474309,5.138339920948617,0.0,48.0,47.1,201.0,10.416666666666668,6.25,,50.0,2.083333333333333,10.416666666666668,22.885572139303484,9.950248756218906,8.45771144278607,0.9950248756218906,0.9950248756218906,1.9900497512437811,47.0,12.0,8.94,2.28,3.23,1.23,23.39999999999999,6.0,201.0
3,Edwin Diaz,NYM,0.0,64.00763358778626,64.00763358778626,262,10.769230769230768,6.153846153846152,,55.38461538461538,3.076923076923076,,16.537497814812653,8.268748907406327,7.892896684342403,2.255113338383544,,1.87926111531962,94.53435114503816,21.66412213740458,13.25,3.11,2.95,1.02,36.64122137,8.396946564885496,0.0,62.0,66.1,258.0,9.67741935483871,4.838709677419355,,45.16129032258064,0.0,4.838709677419355,14.34108527131783,5.426356589147287,4.651162790697675,1.550387596899225,0.0,3.10077519379845,98.0,21.0,13.3,2.85,1.63,0.87,38.0,8.1,258.0
4,Mason Miller,ATH,0.0,59.38636363636363,59.38636363636363,264,4.477611940298508,1.492537313432836,,44.776119402985074,2.985074626865672,,14.772727272727273,7.722107438016529,7.050619834710743,2.0144628099173554,,1.0072314049586777,85.97727272727272,20.386363636363637,13.08,3.09,2.81,1.0,36.74242424242424,8.712121212121213,0.0,60.0,61.2,234.0,1.6666666666666667,3.3333333333333335,,36.666666666666664,16.666666666666664,6.666666666666667,11.965811965811966,8.11965811965812,7.6923076923076925,2.1367521367521367,0.8547008547008548,0.4273504273504274,104.0,28.0,15.18,4.09,2.63,0.91,44.4,12.0,234.0
5,Devin Williams,NYY,0.0,65.268,65.268,250,11.111111111111112,4.761904761904763,,49.2063492063492,4.761904761904763,,16.576,8.288,7.459200000000001,1.6576,,1.2432,90.132,29.008000000000003,12.39,4.06,2.64,1.08,34.8,11.2,0.0,67.0,62.0,259.0,5.970149253731343,8.955223880597014,,26.865671641791046,22.388059701492537,5.970149253731343,17.374517374517374,14.285714285714285,12.741312741312742,1.9305019305019304,0.3861003861003861,1.5444015444015444,90.0,25.0,13.06,3.63,4.79,1.13,34.699999999999996,9.69999999999999,259.0
6,Andres Munoz,SEA,0.0,62.76447876447877,62.76447876447877,259,12.5,4.687499999999999,,40.625,6.25,,16.66045527049388,7.572934213860856,7.194287503167812,1.514586842772171,,1.514586842772171,85.32046332046332,23.536679536679536,12.2,3.4,2.62,1.06,33.59073359073359,9.266409266409266,0.0,64.0,62.1,254.0,4.6875,4.6875,,59.375,0.0,10.9375,14.173228346456693,7.086614173228346,4.724409448818897,0.7874015748031495,1.1811023622047243,1.574803149606299,83.0,28.0,11.98,4.04,1.73,1.03,32.7,11.0,254.0
7,Tanner Scott,LAD,0.0,57.32846715328468,57.32846715328468,274,13.636363636363635,6.06060606060606,,37.878787878787875,12.12121212121212,,15.533592626138848,7.291278171452928,6.657253982630934,1.2680483776439875,,0.9510362832329906,70.35766423357664,25.18978102189781,11.03,3.99,2.92,1.18,29.56204379562044,10.583941605839415,0.0,61.0,57.0,238.0,1.639344262295082,6.557377049180328,,37.704918032786885,13.114754098360656,16.39344262295082,22.689075630252102,13.865546218487395,12.605042016806722,4.621848739495799,0.8403361344537815,1.680672268907563,60.0,18.0,9.47,2.84,4.74,1.26,25.2,7.6,238.0
8,Felix Bautista,BAL,0.0,36.72413793103448,36.72413793103448,232,10.0,3.333333333333334,,43.333333333333336,6.666666666666667,,10.552913198573126,4.748810939357907,4.484988109393579,1.5829369797859691,,0.26382282996432815,50.80172413793103,12.241379310344826,12.47,3.07,2.56,1.01,35.775862068965516,8.620689655172415,0.0,35.0,34.2,142.0,2.857142857142857,2.857142857142857,,54.285714285714285,0.0,2.857142857142857,11.267605633802818,7.042253521126761,7.042253521126761,2.112676056338028,0.0,0.0,50.0,23.0,12.98,5.97,2.6,1.13,35.199999999999996,16.2,142.0
9,Ryan Helsley,STL,0.0,63.48091603053435,63.48091603053435,262,10.606060606060606,4.545454545454546,,53.03030303030304,3.0303030303030307,,17.62135073713653,8.076452421187577,7.3422294738068885,1.8355573684517221,,0.0,76.94656488549619,23.083969465648856,10.94,3.21,2.77,1.09,30.53435114503817,9.160305344,0.0,58.0,56.0,252.0,5.172413793103448,6.896551724137931,,36.206896551724135,1.7241379310344827,15.517241379310345,24.206349206349206,12.698412698412698,11.11111111111111,3.1746031746031744,1.1904761904761905,0.3968253968253968,63.0,25.0,10.13,4.02,4.5,1.54,25.0,9.9,252.0
10,Cade Smith,CLE,0.0,73.11827956989247,73.11827956989247,279,7.352941176470589,2.9411764705882355,,2.9411764705882355,20.58823529411765,,19.270050487532274,9.249624234015492,8.478822214514201,1.9270050487532275,,1.9270050487532275,92.47311827956987,24.731182795698924,11.43,3.06,2.92,1.08,30.824372759856633,8.243727599,0.0,76.0,73.2,300.0,10.526315789473683,6.578947368421052,,21.052631578947366,25.0,7.894736842105263,18.333333333333332,10.333333333333334,8.0,1.3333333333333335,1.0,1.3333333333333335,104.0,19.0,12.71,2.32,2.93,1.0,34.699999999999996,6.3,300.0
11,Jeff Hoffman,TOR,0.0,72.5875486381323,72.5875486381323,257,6.153846153846153,3.0769230769230766,,40.0,6.153846153846153,,19.988190585777225,8.690517645990099,8.255991763690593,2.1726294114975246,,1.3035776468985147,89.3385214007782,23.45136186770428,11.12,2.97,2.67,1.04,31.12840467,8.171206225680933,0.0,71.0,68.0,287.0,12.676056338028168,9.859154929577464,,46.478873239436616,0.0,9.859154929577464,18.81533101045296,11.846689895470384,11.498257839721255,5.2264808362369335,0.34843205574912894,1.3937282229965158,84.0,27.0,11.12,3.57,4.37,1.19,29.299999999999997,9.4,287.0
12,Josh Hader,HOU,0.0,51.5,51.5,272,13.23529411764706,5.88235294117647,,48.529411764705884,2.941176470588235,,12.808174740484429,6.960964532871971,6.404087370242214,2.227508650519031,,0.8353157439446366,74.22058823529412,18.933823529411764,13.0,3.32,3.03,1.04,36.02941176470589,9.191176470588236,0.0,48.0,52.2,206.0,12.5,4.166666666666666,,58.333333333333336,0.0,2.083333333333333,14.077669902912621,7.766990291262135,5.825242718446602,3.8834951456310676,0.48543689320388345,0.9708737864077669,76.0,16.0,12.99,2.73,2.05,0.85,36.9,7.8,206.0
14,Raisel Iglesias,ATL,0.0,66.74538745387454,66.74538745387454,271,8.823529411764705,5.88235294117647,,47.05882352941176,1.4705882352941175,,20.28294821693604,8.330496589098733,7.606105581351017,2.535368527117005,,0.7243910077477158,75.57933579335794,14.723247232472325,10.21,2.04,2.83,1.05,28.413284132841326,5.535055350553505,0.0,70.0,67.1,266.0,5.714285714285714,8.571428571428571,,41.42857142857143,2.857142857142857,7.142857142857142,19.172932330827066,9.398496240601503,9.022556390977442,3.007518796992481,0.7518796992481203,0.7518796992481203,73.0,16.0,9.76,2.14,3.21,1.0,27.39999999999999,6.0,266.0
15,Aaron Bummer,ATL,0.0,54.09433962264151,54.09433962264151,265,9.836065573770492,3.278688524590164,,1.639344262295082,22.950819672131143,,17.40121039515842,7.027411890352438,6.692773228907085,0.6692773228907084,,1.3385546457814168,64.73584905660377,22.16981132075472,10.79,3.66,2.96,1.26,27.547169811320753,9.433962264150944,2.0,42.0,54.1,235.0,7.142857142857142,4.761904761904762,,0.0,4.761904761904762,0.0,21.70212765957447,11.48936170212766,9.787234042553191,1.276595744680851,1.702127659574468,4.680851063829787,51.0,17.0,8.45,2.82,3.81,1.25,21.7,7.199999999999999,235.0
16,Ryan Walker,SFG,0.0,64.6,64.6,280,10.294117647058822,5.88235294117647,,41.1764705882353,7.352941176470589,,18.32142857142857,8.482142857142858,7.803571428571429,2.0357142857142856,,2.0357142857142856,76.95,19.95,10.73,2.78,3.03,1.11,28.92857142857143,7.5,0.0,68.0,61.1,266.0,7.352941176470589,10.294117647058822,,25.0,13.23529411764706,8.823529411764707,22.55639097744361,12.030075187969924,10.526315789473683,1.5037593984962405,0.7518796992481203,3.007518796992481,60.0,18.0,8.8,2.64,4.11,1.27,22.6,6.800000000000001,266.0
17,Griffin Jax,MIN,0.0,70.0,70.0,283,10.0,5.714285714285714,,11.428571428571429,15.714285714285714,,20.141342756183743,9.540636042402827,8.8339222614841,2.8268551236749118,,1.0600706713780919,83.0,19.0,10.73,2.47,3.21,1.08,29.328621908127207,6.713780918727916,2.0,73.0,66.0,283.0,1.36986301369863,9.58904109589041,,0.0,38.35616438356164,8.21917808219178,22.614840989399294,11.66077738515901,10.954063604240282,2.4734982332155475,1.0600706713780919,0.35335689045936397,99.0,21.0,13.5,2.86,4.23,1.29,35.0,7.4,283.0
18,Chris Martin,TEX,0.0,42.22594142259414,42.22594142259414,239,6.896551724137931,1.7241379310344827,,31.03448275862069,10.344827586206897,,16.753908369951507,7.006179863797903,6.701563347980602,1.5230825790865008,,0.9138495474519002,40.76987447698745,7.280334728033473,8.72,1.49,3.4,1.11,23.430962343096233,4.184100418410042,0.0,49.0,42.1,174.0,4.081632653061225,12.244897959183673,,4.081632653061225,26.53061224489796,6.122448979591836,24.71264367816092,10.344827586206897,8.045977011494253,3.4482758620689653,1.7241379310344827,0.5747126436781609,43.0,8.0,9.14,1.7,2.98,1.2,24.7,4.6,174.0
19,Justin Martinez,ARI,0.0,15.549488054607508,15.549488054607508,293,7.352941176470589,4.411764705882353,,27.941176470588236,11.764705882352942,,3.980244382578714,1.9511001875385852,1.795012172535498,0.31217603000617367,,0.31217603000617367,19.665529010238902,8.46075085324232,11.35,4.9,3.11,1.3,29.351535836177472,12.627986348122866,0.0,17.0,15.1,67.0,5.88235294117647,11.76470588235294,,29.411764705882355,23.52941176470588,5.88235294117647,10.44776119402985,11.940298507462686,10.44776119402985,1.4925373134328357,1.4925373134328357,4.477611940298507,22.0,12.0,12.91,7.04,4.11,1.24,32.79999999999999,17.9,67.0
20,Robert Garcia,TEX,0.0,64.23880597014926,64.23880597014926,268,9.375,6.25,,12.5,15.625,,19.475384272666517,10.112218756961463,9.363165515705058,2.247159723769214,,0.7490532412564046,76.28358208955224,23.08582089552239,10.73,3.18,3.52,1.17,28.35820895522388,8.582089552238806,0.0,71.0,64.0,269.0,5.633802816901409,11.267605633802818,,12.676056338028168,21.12676056338028,9.859154929577464,21.561338289962826,9.66542750929368,7.806691449814126,2.973977695167286,0.7434944237918215,0.37174721189591076,68.0,22.0,9.56,3.09,2.95,1.25,25.3,8.19999999999999,269.0
21,Orion Kerkering,PHI,0.0,63.961832061068705,63.961832061068705,262,7.936507936507936,4.761904761904763,,7.936507936507936,19.04761904761905,,19.76283433366354,9.300157333488725,8.525144222364665,1.9375327778101508,,2.3250393333721813,74.1145038167939,18.274809160305345,10.36,2.59,3.14,1.09,27.86259541984733,6.870229007633588,0.0,69.0,60.0,266.0,11.594202898550725,5.797101449275362,,5.797101449275362,27.536231884057973,10.144927536231885,20.676691729323306,10.526315789473683,8.270676691729323,2.2556390977443606,1.1278195488721803,1.5037593984962405,65.0,27.0,9.75,4.05,3.3,1.37,24.4,10.2,266.0
22,Bryan Abreu,HOU,0.0,71.51677852348993,71.51677852348993,298,5.555555555555556,1.388888888888889,,2.777777777777778,19.444444444444446,,17.665870906715913,8.666276293860637,7.999639655871357,2.333228232962479,,1.3332732759785595,93.36912751677852,29.798657718120804,11.75,3.75,3.0,1.15,31.543624161073826,10.06711409395973,0.0,70.0,71.0,296.0,4.285714285714286,5.714285714285714,,10.0,35.714285714285715,7.142857142857142,17.22972972972973,6.081081081081082,6.081081081081082,1.3513513513513513,0.0,1.3513513513513513,105.0,31.0,13.31,3.93,2.28,1.15,35.5,10.5,296.0
23,Aroldis Chapman,BOS,0.0,52.869565217391305,52.869565217391305,276,9.375,6.25,,18.75,14.0625,,13.768115942028986,7.781978575929427,7.18336483931947,1.7958412098298675,,0.598613736609956,81.78260869565217,30.565217391304348,13.86,5.26,3.33,1.31,35.869565217391305,13.405797101449275,0.0,67.0,61.1,228.0,7.462686567164178,4.477611940298507,,47.76119402985074,5.970149253731343,2.9850746268656714,12.280701754385964,3.9473684210526314,3.508771929824561,1.3157894736842104,0.0,0.0,85.0,15.0,12.47,2.2,1.17,0.7,37.3,6.6000000000000005,228.0
24,Matt Strahm,PHI,0.0,64.72452830188679,64.72452830188679,265,8.955223880597016,4.477611940298508,,4.477611940298508,17.910447761194032,,18.9562121751513,9.47810608757565,8.749021003915985,2.9163403346386616,,1.4581701673193308,76.31698113207547,15.456603773584906,10.55,2.11,3.23,1.02,29.81132075471698,6.037735849056604,0.0,66.0,62.1,256.0,3.0303030303030303,4.545454545454546,,9.090909090909092,33.33333333333333,6.0606060606060606,18.359375,8.59375,7.421875,1.953125,0.390625,0.78125,70.0,20.0,10.11,2.89,2.74,1.07,27.3,7.8,256.0
25,Trevor Megill,MIL,0.0,45.1764705882353,45.1764705882353,272,4.6875,3.125,,43.75000000000001,3.125,,14.532871972318343,6.747404844290658,6.228373702422146,2.0761245674740487,,0.5190311418685122,54.352941176470594,16.23529411764706,10.85,3.19,3.4,1.23,28.308823529411764,8.455882352941178,0.0,50.0,47.0,192.0,12.0,6.0,,60.0,0.0,12.0,18.75,8.333333333333332,6.770833333333333,1.5625,1.5625,0.0,60.0,17.0,11.49,3.26,2.49,1.13,31.3,8.9,192.0
27,Pete Fairbanks,TBR,0.0,58.795180722891565,58.795180722891565,249,8.333333333333332,5.0,,36.666666666666664,11.666666666666666,,19.67710198222609,9.445008951468525,9.051466911824003,1.967710198222609,,0.3935420396445219,64.67469879518072,22.538152610441767,9.93,3.38,3.38,1.21,26.506024096385545,9.236947791164658,0.0,61.0,60.1,244.0,6.557377049180328,8.19672131147541,,44.26229508196721,0.0,8.19672131147541,18.442622950819672,9.01639344262295,7.786885245901639,2.8688524590163933,0.0,0.4098360655737705,59.0,18.0,8.8,2.69,2.83,1.04,24.2,7.4,244.0
28,Blake Treinen,LAD,0.0,32.11392405063291,32.11392405063291,237,13.559322033898304,6.779661016949152,,10.16949152542373,23.728813559322035,,10.794210329541205,5.052609090423543,4.822945040858837,1.1483202478235326,,0.6889921486941194,34.29113924050633,9.79746835443038,9.59,2.74,3.13,1.11,26.582278481012654,7.594936709,0.0,32.0,26.2,129.0,6.25,21.875,,6.25,31.25,9.375,23.25581395348837,13.953488372093023,12.4031007751938,3.10077519379845,3.10077519379845,1.550387596899225,36.0,19.0,12.15,6.41,5.4,1.84,27.89999999999999,14.7,129.0
29,Ryan Pressly,CHC,0.0,43.70866141732283,43.70866141732283,254,6.557377049180328,3.278688524590164,,40.98360655737705,8.196721311475411,,15.515531031062062,7.05251410502821,6.488312976625952,1.6926033852067701,,0.2821005642011284,44.4251968503937,12.897637795275587,9.18,2.65,3.35,1.2,24.409448818897637,7.086614173228346,0.0,44.0,41.1,182.0,4.545454545454546,6.8181818181818175,,11.363636363636363,15.909090909090908,4.545454545454546,25.274725274725274,13.186813186813188,10.989010989010989,3.296703296703297,0.0,1.098901098901099,28.0,17.0,6.1,3.7,4.35,1.52,15.4,9.3,182.0
30,Fernando Cruz,NYY,0.0,46.38783269961977,46.38783269961977,263,8.196721311475411,4.918032786885246,,0.0,21.31147540983606,,13.58990299122439,6.65037805953534,6.07208431522792,1.4457343607685524,,0.8674406164611315,64.63878326996198,22.053231939163496,12.57,4.24,3.14,1.24,32.31939163498099,11.02661596958175,0.0,49.0,48.0,200.0,6.122448979591836,8.16326530612245,,4.081632653061225,32.6530612244898,2.0408163265306123,16.5,10.5,9.5,2.5,0.0,1.5,72.0,24.0,13.5,4.5,3.56,1.19,36.0,12.0,200.0
31,David Bednar,PIT,0.0,60.390977443609025,60.390977443609025,266,7.8125,6.25,,43.75,6.25,,19.51071287240658,9.93272655322517,9.223246085137657,2.1284414042625364,,0.7094804680875121,64.1654135338346,20.759398496240603,9.6,3.15,3.6,1.22,25.563909774436087,8.270676691729323,0.0,64.0,62.2,251.0,9.375,7.8125,,42.1875,6.25,4.6875,18.326693227091635,7.171314741035857,6.374501992031872,1.593625498007968,0.796812749003984,0.398406374501992,86.0,19.0,12.35,2.73,2.3,1.04,34.29999999999999,7.6,251.0
32,Jeremiah Estrada,SDP,0.0,73.09923664122137,73.09923664122137,262,7.936507936507938,3.1746031746031744,,4.761904761904762,20.634920634920636,,20.81463784161762,11.071615873200862,10.185886603344791,3.1000524444962414,,0.44286463492803446,100.94656488549616,31.32824427480916,12.45,3.86,3.26,1.17,33.20610687022901,10.30534351145038,0.0,77.0,73.0,304.0,5.194805194805195,6.493506493506493,,3.896103896103896,38.961038961038966,3.896103896103896,19.078947368421055,10.197368421052632,9.210526315789473,3.9473684210526314,0.6578947368421052,0.9868421052631579,108.0,27.0,13.32,3.33,3.45,1.16,35.5,8.9,304.0
34,Keegan Akin,BAL,0.0,65.82456140350878,65.82456140350878,285,4.285714285714285,2.8571428571428568,,2.8571428571428568,22.857142857142854,,20.126808248691905,9.568482610033858,8.90858725761773,2.969529085872576,,0.329947676208064,76.16842105263159,16.926315789473684,10.41,2.31,3.47,1.13,28.421052631578945,6.315789473684211,3.0,64.0,63.1,268.0,7.8125,6.25,,12.5,25.0,9.375,20.149253731343283,10.44776119402985,8.955223880597014,3.731343283582089,0.7462686567164178,0.3731343283582089,59.0,33.0,8.38,4.69,3.41,1.37,22.0,12.3,268.0
36,Ian Hamilton,NYY,0.0,39.05882352941177,39.05882352941177,255,6.666666666666667,5.0,,1.6666666666666667,25.0,,12.509034986543638,6.126874279123415,5.8715878508266055,1.2764321414840445,,0.7658592848904269,44.266666666666666,16.274509803921568,10.19,3.77,3.4,1.24,26.666666666666668,9.803921568627452,1.0,36.0,40.0,166.0,5.555555555555555,2.7777777777777777,,0.0,11.11111111111111,0.0,16.867469879518072,12.048192771084338,11.44578313253012,3.0120481927710845,0.6024096385542169,0.6024096385542169,42.0,22.0,9.45,4.95,4.28,1.25,25.3,13.3,166.0
37,Carlos Estevez,KCR,0.0,65.70992366412214,65.70992366412214,262,9.375,6.25,,32.8125,9.375,,21.16135423343628,10.972554046966962,10.18880018646932,2.3512615814929205,,0.39187693024882003,63.65648854961832,22.587786259541986,8.78,3.1,3.61,1.19,23.66412213740458,8.396946564885496,0.0,67.0,66.0,269.0,5.970149253731343,7.462686567164178,,62.68656716417911,0.0,8.955223880597014,17.843866171003718,8.178438661710038,6.691449814126393,1.858736059479554,2.2304832713754648,1.486988847583643,54.0,22.0,7.36,3.0,2.45,1.06,20.1,8.19999999999999,269.0
38,Jose Alvarado,PHI,0.0,27.142857142857142,27.142857142857142,252,6.666666666666667,3.3333333333333335,,5.0,16.666666666666664,,8.796296296296296,4.308390022675737,3.9493575207860925,0.7180650037792895,,0.17951625094482238,31.214285714285715,11.761904761904765,10.32,3.97,3.33,1.25,27.380952380952383,10.317460317460316,0.0,28.0,26.0,114.0,14.285714285714285,7.142857142857142,,25.0,17.857142857142858,3.571428571428571,23.684210526315788,10.526315789473683,9.649122807017543,3.508771929824561,0.0,0.8771929824561403,32.0,7.0,11.08,2.42,3.81,1.31,28.1,6.1,114.0
40,Lucas Erceg,KCR,0.0,57.726643598615915,57.726643598615915,289,7.46268656716418,5.970149253731343,,16.417910447761198,14.92537313432836,,16.695202404185775,8.645729816453349,7.751343973371966,1.4906430718023012,,2.086900300523222,63.75778546712802,25.847750865051903,10.0,4.0,3.5,1.28,25.60553633217993,10.38062283737024,0.0,61.0,61.1,249.0,13.114754098360656,6.557377049180328,,3.278688524590164,36.0655737704918,8.19672131147541,21.686746987951807,7.630522088353414,7.228915662650602,1.6064257028112447,1.2048192771084338,1.6064257028112447,48.0,18.0,7.04,2.64,2.64,1.17,19.3,7.199999999999999,249.0
41,Alexis Diaz,CIN,0.0,20.69288389513109,20.69288389513109,267,7.6923076923076925,6.153846153846152,,43.076923076923066,4.615384615384614,,5.723183099776964,3.576989437360603,3.3385234748698958,0.5961649062267672,,0.7153978874721204,21.64794007490637,9.868913857677905,9.4,4.26,3.82,1.21,25.468164794007492,11.610486891385769,0.0,18.0,17.2,85.0,5.555555555555555,0.0,,0.0,22.22222222222222,0.0,17.647058823529413,20.0,18.823529411764707,7.0588235294117645,0.0,5.88235294117647,17.0,12.0,8.66,6.11,8.15,1.53,20.0,14.099999999999998,85.0
42,Dylan Lee,ATL,0.0,65.44444444444444,65.44444444444444,252,6.451612903225806,3.225806451612903,,0.0,20.967741935483872,,22.20017636684303,10.052910052910054,8.796296296296296,2.932098765432099,,0.0,78.11111111111111,16.88888888888889,10.71,2.33,3.1,1.12,29.365079365079367,6.349206349206349,0.0,74.0,68.1,266.0,2.7027027027027026,5.405405405405405,,2.7027027027027026,25.675675675675674,9.45945945945946,19.924812030075188,10.150375939849624,9.398496240601503,4.887218045112782,0.37593984962406013,0.0,76.0,14.0,10.01,1.84,3.29,0.98,28.6,5.3,266.0
43,Dennis Santana,PIT,0.0,64.10071942446042,64.10071942446042,278,4.545454545454546,3.0303030303030307,,3.0303030303030307,18.181818181818183,,20.262926349567824,10.480823973914392,9.782102375653432,1.746803995652399,,1.0480823973914393,62.15827338129496,25.251798561151077,8.75,3.5,3.79,1.26,23.021582733812952,9.352517985611511,0.0,70.0,70.1,270.0,5.714285714285714,7.142857142857142,,22.857142857142858,17.142857142857142,4.285714285714286,16.296296296296298,6.666666666666667,6.296296296296296,1.8518518518518516,0.0,1.1111111111111112,60.0,17.0,7.68,2.18,2.18,0.87,22.2,6.3,270.0
44,Anthony Bender,MIA,0.0,48.0,48.0,255,6.666666666666667,6.666666666666667,,8.333333333333332,20.0,,16.627450980392158,8.47058823529412,7.8431372549019605,1.5686274509803921,,1.5686274509803921,51.2,17.6,9.65,3.33,3.68,1.25,25.09803921568627,8.627450980392156,0.0,51.0,50.0,204.0,5.88235294117647,9.803921568627452,,7.8431372549019605,37.254901960784316,5.88235294117647,15.686274509803921,6.372549019607843,5.88235294117647,1.4705882352941175,0.9803921568627451,0.9803921568627451,42.0,21.0,7.56,3.78,2.16,1.06,20.6,10.3,204.0
45,Brock Burke,LAA,0.0,60.57857142857143,60.57857142857143,280,4.545454545454546,4.545454545454546,,4.545454545454546,19.696969696969692,,19.996173469387752,9.506377551020408,8.850765306122447,2.294642857142857,,0.6556122448979591,60.57857142857143,20.192857142857143,9.0,3.0,3.71,1.25,23.57142857142857,7.857142857142857,1.0,69.0,61.2,257.0,10.144927536231885,1.4492753623188406,,0.0,21.73913043478261,7.246376811594203,22.56809338521401,9.33852140077821,8.949416342412452,3.11284046692607,1.556420233463035,1.1673151750972763,52.0,18.0,7.59,2.63,3.36,1.23,20.19999999999999,7.000000000000001,257.0
46,Tyler Holton,DET,0.0,79.09859154929578,79.09859154929578,284,5.555555555555556,4.166666666666666,,8.333333333333332,18.055555555555557,,23.209680618924818,10.831184288831581,10.057528268200755,2.7077960722078953,,1.160484030946241,68.11267605633803,18.67605633802817,7.78,2.16,3.24,1.07,21.830985915492956,5.985915492957746,6.0,70.0,78.2,312.0,8.571428571428571,7.142857142857142,,0.0,24.285714285714285,5.714285714285714,20.833333333333336,10.897435897435898,10.256410256410255,4.807692307692308,0.3205128205128205,0.0,64.0,17.0,7.32,1.94,3.66,1.04,20.5,5.4,312.0
47,Will Vest,DET,0.0,67.76140350877193,67.76140350877193,285,4.411764705882352,4.411764705882352,,2.941176470588235,17.647058823529406,,21.328408741151126,9.790089258233303,9.090797168359495,1.748230224684518,,0.6992920898738073,64.7719298245614,20.926315789473684,8.58,2.81,3.38,1.2,22.807017543859647,7.368421052631578,0.0,64.0,68.2,284.0,9.375,7.8125,,35.9375,4.6875,10.9375,21.47887323943662,9.15492957746479,8.098591549295776,1.4084507042253522,0.35211267605633806,0.35211267605633806,75.0,22.0,9.83,2.88,3.01,1.21,26.4,7.7,284.0
49,Kevin Ginkel,ARI,0.0,29.19066147859922,29.19066147859922,257,9.67741935483871,4.838709677419354,,4.838709677419354,22.58064516129032,,9.892655452769912,4.213538433587186,3.8471437871883,1.099183939196657,,0.3663946463988857,30.603112840466924,8.945525291828794,9.47,2.83,3.11,1.18,25.29182879377432,7.392996108949417,0.0,29.0,25.2,121.0,3.4482758620689653,13.793103448275861,,10.344827586206897,20.689655172413794,3.4482758620689653,23.96694214876033,18.181818181818183,17.355371900826448,1.6528925619834711,0.0,1.6528925619834711,29.0,13.0,10.17,4.56,7.36,1.64,24.0,10.7,121.0
51,Camilo Doval,SFG,0.0,65.04150943396226,65.04150943396226,265,9.67741935483871,6.451612903225806,,16.12903225806452,19.35483870967742,,19.397650409398363,10.292630829476682,9.500889996440014,1.9793520825916697,,1.583481666073336,79.72830188679245,32.52075471698113,11.08,4.43,3.46,1.28,28.67924528301887,11.69811320754717,0.0,69.0,65.1,278.0,5.797101449275362,4.3478260869565215,,23.18840579710145,14.492753623188406,8.695652173913043,18.345323741007196,12.23021582733813,9.352517985611511,1.4388489208633095,0.3597122302158274,1.079136690647482,72.0,35.0,9.92,4.82,3.58,1.32,25.9,12.6,278.0
52,Luke Weaver,NYY,0.0,62.29370629370629,62.29370629370629,286,4.411764705882353,4.411764705882353,,8.823529411764707,19.11764705882353,,19.538852755635972,10.570199031737493,9.929580908601887,2.8827815541102257,,0.6406181231356056,65.95804195804196,20.153846153846153,9.57,2.9,4.09,1.22,25.174825174825177,7.6923076923076925,0.0,64.0,64.2,262.0,6.25,6.25,,12.5,32.8125,6.25,17.557251908396946,10.687022900763358,9.923664122137405,3.816793893129771,0.38167938931297707,0.38167938931297707,72.0,20.0,10.02,2.78,3.62,1.02,27.500000000000004,7.6,262.0
53,David Robertson,,0.0,18.57142857142857,18.57142857142857,273,6.153846153846154,4.615384615384616,,0.0,0.0,,5.442176870748299,3.0350601779173205,2.82574568288854,0.7326007326007326,,0.31397174254317106,22.57142857142857,8.0,10.96,3.86,3.7,1.23,28.93772893772894,10.256410256410255,0.0,20.0,17.2,78.0,10.0,0.0,,10.0,50.0,5.0,23.076923076923077,11.538461538461538,10.256410256410255,5.128205128205128,1.282051282051282,0.0,22.0,8.0,11.21,4.08,4.08,1.47,28.199999999999996,10.3,78.0
54,Jordan Romano,PHI,0.0,44.84959349593496,44.84959349593496,246,10.169491525423728,6.779661016949152,,38.983050847457626,6.779661016949152,,15.759468570295457,8.343248066627009,7.725229691321303,2.163064313569965,,0.6180183753057042,50.170731707317074,15.96341463414634,10.0,3.21,3.77,1.22,26.82926829268293,8.536585365853659,0.0,49.0,42.2,187.0,4.081632653061225,8.16326530612245,,16.3265306122449,14.285714285714285,6.122448979591836,24.06417112299465,21.390374331550802,20.855614973262032,5.347593582887701,0.53475935828877,1.6042780748663104,47.0,17.0,9.91,3.59,8.23,1.45,25.1,9.1,187.0
55,Brock Stewart,MIN,0.0,38.05128205128205,38.05128205128205,234,3.571428571428572,0.0,,1.785714285714286,16.071428571428573,,12.776682007451237,6.0979618671926366,5.517203594126671,1.1615165461319308,,0.5807582730659654,49.6025641025641,15.62820512820513,11.67,3.67,3.0,1.19,31.196581196581196,9.829059829,0.0,43.0,37.2,159.0,4.651162790697675,4.651162790697675,,0.0,37.2093023255814,2.3255813953488373,20.125786163522015,6.918238993710692,6.918238993710692,1.8867924528301887,1.257861635220126,2.515723270440252,44.0,13.0,10.51,3.11,2.63,1.19,27.699999999999992,8.19999999999999,159.0
57,Pierce Johnson,ATL,0.0,54.98916967509025,54.98916967509025,277,9.375000000000002,7.8125,,3.125,18.750000000000004,,17.680407668547744,8.99529512961201,8.064747357583183,2.48146072541021,,0.31018259067627624,67.87725631768953,23.1985559566787,11.14,3.83,3.65,1.32,28.51985559566787,9.747292418772563,0.0,65.0,59.0,238.0,4.615384615384616,4.615384615384616,,1.5384615384615385,24.615384615384617,4.615384615384616,21.84873949579832,8.823529411764707,8.403361344537815,3.361344537815126,0.8403361344537815,0.42016806722689076,59.0,19.0,9.0,2.9,3.05,1.2,24.8,8.0,238.0
58,Yariel Rodriguez,TOR,8.236180904522612,44.175879396984925,69.63316582914572,398,8.47457627118644,6.779661016949152,,0.0,1.694915254237288,,15.050124996843515,8.277568748263931,7.713189060882302,1.881265624605439,,0.9406328123027194,71.13065326633166,29.94974874371859,9.17,3.89,3.99,1.28,23.869346733668344,10.050251256281408,1.0,66.0,73.0,298.0,4.545454545454546,3.0303030303030303,,3.0303030303030303,21.21212121212121,1.5151515151515151,16.778523489932887,8.724832214765101,8.389261744966444,2.684563758389262,1.006711409395973,2.013422818791946,66.0,34.0,8.14,4.19,3.08,1.15,22.1,11.4,298.0
59,Garrett Whitlock,BOS,0.0,71.09558823529412,71.09558823529412,272,6.0606060606060606,6.0606060606060606,,0.0,21.21212121212121,,24.553957612456745,11.088884083044983,10.69285250865052,3.1682525951557095,,0.7920631487889274,70.01838235294117,16.158088235294116,8.92,2.05,3.61,1.16,23.897058823529413,5.514705882352941,0.0,62.0,72.0,293.0,11.29032258064516,4.838709677419355,,1.6129032258064515,38.70967741935484,6.451612903225806,18.43003412969283,7.167235494880546,6.143344709897611,0.6825938566552902,0.6825938566552902,1.7064846416382253,91.0,24.0,11.38,3.0,2.25,1.08,31.1,8.19999999999999,293.0
60,Edwin Uceta,TBR,0.0,76.70955882352942,76.70955882352942,272,4.615384615384615,3.0769230769230766,,13.846153846153845,16.92307692307692,,23.429390138408305,12.582450259515571,11.714695069204152,3.0371431660899657,,1.7355103806228374,84.97058823529412,28.323529411764707,9.99,3.37,3.78,1.2,26.47058823529412,8.823529411764707,0.0,70.0,76.0,321.0,14.285714285714285,4.285714285714286,,1.4285714285714286,30.0,7.142857142857142,19.314641744548286,10.2803738317757,9.968847352024921,3.4267912772585665,0.9345794392523363,2.4922118380062304,103.0,27.0,12.2,3.2,3.79,1.17,32.1,8.4,321.0
61,Cole Sands,MIN,0.0,71.40298507462687,71.40298507462687,268,7.8125,6.25,,1.5625,23.437499999999996,,23.3125417687681,11.65627088438405,10.823680106928048,2.9140677210960124,,2.081476943640009,79.21268656716418,22.313432835820898,9.94,2.84,3.62,1.19,26.49253731343283,7.462686567164178,3.0,69.0,72.0,299.0,5.797101449275362,8.695652173913043,,4.3478260869565215,18.84057971014493,5.797101449275362,21.73913043478261,13.712374581939798,12.040133779264215,2.341137123745819,0.6688963210702341,1.3377926421404682,64.0,19.0,8.0,2.38,4.5,1.17,21.4,6.4,299.0
62,Jason Adam,SDP,0.0,67.5,67.5,272,8.823529411764707,2.941176470588235,,4.411764705882353,17.64705882352941,,17.882244809688583,9.853481833910035,9.12359429065744,2.919550173010381,,2.919550173010381,77.42647058823529,22.830882352941178,10.33,3.1,3.25,1.07,28.676470588235293,8.455882352941178,0.0,65.0,65.1,270.0,12.307692307692308,6.153846153846154,,0.0,44.61538461538462,3.076923076923077,18.51851851851852,6.666666666666667,5.185185185185185,1.4814814814814816,1.1111111111111112,1.1111111111111112,70.0,25.0,9.64,3.44,1.93,1.15,25.9,9.3,270.0
63,Kirby Yates,LAD,0.0,43.59183673469388,43.59183673469388,245,10.000000000000002,5.000000000000001,,15.0,18.333333333333336,,12.751353602665555,7.710120783007081,6.820491461890879,1.7792586422324037,,1.4827155351936694,52.310204081632655,21.79591836734694,10.79,4.53,3.48,1.22,29.38775510204082,12.244897959183673,0.0,50.0,41.1,178.0,8.0,6.0,,6.0,30.0,4.0,21.34831460674157,14.606741573033707,13.48314606741573,5.056179775280898,0.0,0.5617977528089888,52.0,17.0,11.32,3.7,5.23,1.33,29.2,9.6,178.0
64,Reed Garrett,NYM,0.0,54.35294117647059,54.35294117647059,289,12.121212121212121,9.090909090909092,,0.0,22.72727272727273,,15.957663342153468,8.548748219010788,7.693873397109707,1.7097496438021578,,0.2849582739670262,65.88235294117646,26.352941176470587,10.94,4.41,3.71,1.33,27.68166089965398,11.072664359861593,1.0,58.0,55.1,238.0,5.172413793103448,10.344827586206897,,5.172413793103448,34.48275862068966,12.068965517241379,19.747899159663866,11.344537815126051,10.084033613445378,2.100840336134454,0.8403361344537815,0.42016806722689076,64.0,26.0,10.41,4.23,3.9,1.32,26.89999999999999,10.9,238.0
65,Tim Herrin,CLE,0.0,45.908396946564885,45.908396946564885,262,6.451612903225806,4.838709677419355,,0.0,22.580645161290327,,14.41349571703281,7.065439076976866,6.500203950818717,1.4130878153953732,,0.847852689237224,48.12977099236641,19.251908396946565,9.47,3.73,3.3,1.24,24.80916030534351,9.923664122137405,0.0,54.0,42.2,194.0,9.25925925925926,7.4074074074074066,,0.0,27.77777777777778,3.7037037037037033,19.072164948453608,11.855670103092782,11.855670103092782,2.5773195876288657,1.0309278350515463,3.0927835051546393,45.0,30.0,9.49,6.33,4.85,1.57,23.19999999999999,15.5,194.0
66,Tyler Rogers,SFG,0.0,72.92682926829269,72.92682926829269,287,5.714285714285714,4.285714285714286,,1.4285714285714286,19.999999999999996,,25.410045041216968,10.527018659932743,9.80101737304083,2.5410045041216964,,1.4520025737838265,51.04878048780488,12.501742160278749,6.3,1.54,3.5,1.17,17.073170731707318,4.181184668989547,0.0,81.0,77.1,299.0,4.938271604938271,7.4074074074074066,,0.0,39.50617283950617,2.4691358024691357,22.073578595317723,6.688963210702341,5.68561872909699,1.3377926421404682,0.0,0.33444816053511706,48.0,7.0,5.59,0.81,1.98,0.94,16.1,2.3,299.0
67,Jesus Tinoco,MIA,0.0,18.8929889298893,18.8929889298893,271,3.125,1.5625,,9.375,15.625,,6.317996759303386,3.158998379651693,2.9411364224343353,0.7625168502607536,,0.21786195721735815,18.59778597785978,7.380073800738007,8.89,3.53,3.83,1.29,23.24723247232472,9.225092251,0.0,20.0,19.1,80.0,10.0,5.0,,20.0,20.0,10.0,21.25,15.0,13.750000000000002,1.25,1.25,0.0,10.0,8.0,4.66,3.72,5.12,1.29,12.5,10.0,80.0
68,Calvin Faucher,MIA,0.0,56.96808510638298,56.96808510638298,282,3.1746031746031744,6.349206349206349,,34.920634920634924,9.523809523809526,,18.918816960917457,9.619737437754642,8.657763693979177,1.923947487550928,,0.6413158291836427,61.48936170212766,28.03191489361702,9.68,4.42,3.91,1.43,24.113475177304963,10.99290780141844,0.0,65.0,60.1,255.0,6.153846153846154,6.153846153846154,,23.076923076923077,10.76923076923077,7.6923076923076925,20.784313725490197,10.588235294117647,8.627450980392156,3.1372549019607843,0.0,1.1764705882352942,59.0,24.0,8.8,3.58,3.28,1.28,23.1,9.4,255.0
69,Ryan Fernandez,STL,0.0,32.971014492753625,32.971014492753625,276,6.153846153846154,4.615384615384616,,1.5384615384615385,24.615384615384617,,10.8433102289435,5.329762654904432,4.962192816635161,1.1027095148078137,,0.1837849191346356,32.46376811594203,12.681159420289855,8.9,3.41,3.71,1.29,23.18840579710145,9.057971014492754,0.0,32.0,30.1,140.0,0.0,12.5,,3.125,12.5,3.125,25.71428571428571,21.428571428571427,18.571428571428573,4.285714285714286,1.4285714285714286,0.7142857142857143,34.0,16.0,10.09,4.75,7.71,1.71,24.3,11.4,140.0
70,Ryan Brasier,CHC,0.0,26.25,26.25,232,5.172413793103449,1.7241379310344827,,3.4482758620689653,22.413793103448278,,9.949093341260404,4.681926278240191,4.291765755053507,1.1704815695600477,,0.19508026159334124,23.53448275862069,7.693965517241379,8.06,2.62,3.49,1.16,22.41379310344828,7.327586206896551,1.0,28.0,26.0,105.0,0.0,3.571428571428571,,0.0,14.285714285714285,0.0,25.71428571428571,12.380952380952381,12.380952380952381,1.9047619047619049,0.0,0.0,20.0,5.0,6.92,1.73,4.5,1.23,19.0,4.8,105.0
71,Tanner Banks,PHI,0.0,63.26132404181185,63.26132404181185,287,4.411764705882352,2.941176470588235,,0.0,17.64705882352941,,20.74566888028263,10.048683363886898,9.400381211378066,2.269057533780913,,0.6483021525088322,62.33101045296167,19.536585365853657,8.82,2.71,3.8,1.24,23.34494773519164,7.317073170731707,1.0,69.0,67.1,267.0,8.695652173913043,2.898550724637681,,1.4492753623188406,14.492753623188406,4.3478260869565215,20.973782771535582,8.98876404494382,8.614232209737828,3.3707865168539324,0.37453183520599254,0.37453183520599254,61.0,12.0,8.15,1.6,3.07,1.01,22.8,4.5,267.0
72,Caleb Ferguson,PIT,0.0,61.80722891566265,61.80722891566265,249,5.263157894736842,5.263157894736842,,1.7543859649122806,15.789473684210526,,22.209319204528956,10.015967484395413,9.14501379010016,1.3064305414428798,,2.177384235738133,65.06024096385542,23.855421686746983,9.54,3.46,3.29,1.28,24.096385542168676,8.835341365461847,0.0,70.0,65.1,270.0,7.142857142857142,5.714285714285714,,0.0,20.0,7.142857142857142,20.0,10.0,9.62962962962963,0.7407407407407408,1.1111111111111112,2.2222222222222223,51.0,22.0,7.03,3.03,3.58,1.16,18.899999999999988,8.1,270.0
73,Adrian Morejon,SDP,0.0,66.84291187739463,66.84291187739463,261,4.918032786885247,4.918032786885247,,1.639344262295082,19.672131147540988,,23.09126407422087,10.915870289631684,10.076187959660016,2.9388881549008383,,0.419841164985834,70.13026819923371,21.915708812260533,9.47,3.01,3.59,1.24,24.521072796934863,7.662835249042145,0.0,75.0,73.2,286.0,17.333333333333336,8.0,,4.0,26.666666666666668,5.333333333333334,17.132867132867133,8.041958041958042,5.944055944055944,0.6993006993006993,1.048951048951049,0.0,70.0,17.0,8.55,2.08,2.08,0.9,24.5,5.8999999999999995,286.0
74,Yennier Cano,BAL,0.0,60.04313725490196,60.04313725490196,255,6.557377049180328,3.278688524590164,,1.639344262295082,19.672131147540984,,20.844290657439444,9.264129181084197,8.492118415993847,1.9300269127258745,,0.7720107650903498,58.074509803921565,19.68627450980392,8.67,2.99,3.27,1.22,23.137254901960784,7.84313725490196,0.0,65.0,58.0,251.0,4.615384615384616,10.76923076923077,,3.076923076923077,26.153846153846157,7.6923076923076925,24.701195219123505,14.342629482071715,13.147410358565736,2.788844621513944,0.398406374501992,1.1952191235059761,53.0,24.0,8.22,3.72,5.12,1.48,21.1,9.6,251.0
75,Luis Garcia,,0.0,29.45136186770428,29.45136186770428,257,6.896551724137931,3.4482758620689653,,0.0,0.0,,11.854835046707747,5.334675771018485,4.939514602794895,0.9879029205589789,,0.7903223364471831,25.896887159533073,9.647859922178988,7.9,2.94,3.86,1.37,19.844357976653697,7.392996108949417,1.0,30.0,31.15,130.5,5.0,3.3333333333333335,,3.3333333333333335,20.0,1.6666666666666667,22.22222222222222,9.961685823754788,9.195402298850574,1.532567049808429,1.9157088122605364,0.38314176245210724,27.5,13.5,8.015,2.7,3.47,0.99,22.799999999999997,7.399999999999995,130.5
76,Scott Barlow,,0.0,71.4296577946768,71.4296577946768,263,6.451612903225806,4.838709677419355,,0.0,0.0,,21.90287556564357,11.827552805447526,10.513380271508913,2.628345067877228,,1.314172533938614,84.10266159695817,33.4106463878327,10.65,4.17,3.55,1.27,27.756653992395435,11.02661596958175,1.0,75.0,68.1,303.0,8.0,4.0,,1.3333333333333335,21.333333333333336,1.3333333333333335,16.5016501650165,11.55115511551155,10.561056105610561,2.6402640264026402,0.9900990099009901,1.9801980198019802,75.0,45.0,9.88,5.93,4.21,1.39,24.8,14.9,303.0
77,John Schreiber,KCR,0.0,61.93486590038314,61.93486590038314,261,6.557377049180328,3.278688524590164,,1.639344262295082,19.67213114754098,,21.395751677162693,10.892382672010099,9.725341671437588,1.5560546674300142,,1.1670410005725105,56.85823754789271,24.36781609195402,8.3,3.58,3.74,1.3,21.455938697318008,9.195402298850574,0.0,74.0,64.0,265.0,4.054054054054054,4.054054054054054,,1.3513513513513513,31.08108108108108,5.405405405405405,21.50943396226415,10.943396226415095,10.18867924528302,3.7735849056603774,0.37735849056603776,0.37735849056603776,62.0,19.0,8.72,2.67,3.8,1.19,23.39999999999999,7.199999999999999,265.0
78,Jose Butto,NYM,0.0,68.03041825095056,68.03041825095056,263,6.349206349206349,3.1746031746031744,,1.5873015873015872,25.396825396825395,,20.118839364455173,10.67530251991499,10.26471396145672,2.463531350749613,,1.6423542338330754,75.58935361216729,29.15589353612167,10.0,3.9,3.51,1.21,26.61596958174905,10.26615969581749,0.0,55.0,67.0,284.0,9.090909090909092,5.454545454545454,,1.8181818181818181,10.909090909090908,7.2727272727272725,21.830985915492956,10.915492957746478,10.211267605633804,1.4084507042253522,0.7042253521126761,0.7042253521126761,58.0,32.0,7.79,4.3,3.9,1.4,20.4,11.3,284.0
80,Bryan Hudson,MIL,0.0,18.218623481781375,18.218623481781375,247,6.666666666666667,5.0,,1.6666666666666663,18.333333333333332,,5.900768739038502,3.0733170515825536,2.827451687455949,0.8605287744431148,,0.36879804618990636,19.73684210526316,6.680161943319837,9.7,3.23,3.52,1.16,26.31578947368421,8.906882591093117,0.0,16.0,15.0,75.0,0.0,6.25,,0.0,12.5,0.0,20.0,13.333333333333334,10.666666666666668,2.666666666666667,2.666666666666667,2.666666666666667,19.0,13.0,11.4,7.8,4.8,1.87,25.3,17.299999999999997,75.0
81,Robert Suarez,SDP,0.0,65.73308270676692,65.73308270676692,266,9.230769230769228,7.692307692307692,,43.07692307692307,6.153846153846153,,21.290067273446773,11.40539318220363,10.264853863983266,2.6612584091808467,,0.7603595454802419,62.69924812030075,22.24812030075188,8.54,3.07,3.76,1.2,23.308270676691727,8.270676691729323,0.0,70.0,69.2,269.0,5.714285714285714,8.571428571428571,,57.14285714285714,0.0,7.142857142857142,17.472118959107807,8.921933085501859,8.550185873605948,2.2304832713754648,0.7434944237918215,0.7434944237918215,75.0,16.0,9.69,2.07,2.97,0.9,27.89999999999999,5.8999999999999995,269.0
83,Jacob Webb,TEX,0.0,62.94296577946768,62.94296577946768,263,4.838709677419355,6.451612903225806,,1.6129032258064515,24.193548387096772,,20.07257586491058,11.966343304081308,11.1943211554309,2.7020775202764242,,0.7720221486504069,67.00380228136882,28.425855513307983,9.59,4.0,4.16,1.28,25.09505703422053,10.646387832699618,0.0,55.0,66.0,267.0,9.090909090909092,7.2727272727272725,,1.8181818181818181,12.727272727272727,3.6363636363636362,18.352059925093634,8.98876404494382,8.239700374531834,3.7453183520599254,0.7490636704119851,0.7490636704119851,58.0,19.0,7.91,2.59,3.0,1.03,21.7,7.1,267.0
85,Braxton Ashcraft,PIT,7.487179487179487,42.427350427350426,68.63247863247864,234,5.88235294117647,5.88235294117647,,0.0,2.941176470588236,,30.39666885820732,14.398422090729785,13.33187230623128,3.7329242457447593,,0.5332748922492513,56.15384615384615,14.974358974358974,7.33,2.0,4.0,1.25,19.230769230769234,5.128205128205128,8.0,26.0,69.2,292.0,15.384615384615385,15.384615384615385,,0.0,15.384615384615385,3.8461538461538463,21.575342465753426,7.534246575342466,7.191780821917808,1.0273972602739725,0.3424657534246575,0.684931506849315,71.0,24.0,9.17,3.1,2.71,1.25,24.3,8.19999999999999,292.0
86,Justin Slaten,BOS,0.0,31.91756272401434,31.91756272401434,279,7.6923076923076925,7.6923076923076925,,3.076923076923077,23.076923076923077,,10.911987256073278,5.455993628036639,5.10399403913105,1.4079983556223585,,0.17599979445279482,33.88172043010753,11.78494623655914,9.54,3.29,3.95,1.32,24.731182795698924,8.602150538,0.0,36.0,34.0,137.0,5.555555555555555,11.11111111111111,,8.333333333333332,16.666666666666664,8.333333333333332,19.708029197080293,13.86861313868613,11.678832116788321,2.18978102189781,1.4598540145985401,0.0,25.0,10.0,6.62,2.65,4.24,1.09,18.2,7.3,137.0
87,Nick Mears,MIL,0.0,50.93359375,50.93359375,256,6.779661016949152,3.389830508474576,,0.0,18.64406779661017,,16.1865234375,9.442138671875,8.43048095703125,2.0233154296875,,0.33721923828125,63.01953125,25.03515625,11.2,4.41,3.86,1.31,28.515625,11.328125,0.0,63.0,56.2,221.0,7.936507936507936,4.761904761904762,,1.5873015873015872,25.396825396825395,9.523809523809524,19.004524886877828,11.312217194570136,9.95475113122172,3.167420814479638,0.4524886877828055,0.4524886877828055,46.0,13.0,7.31,2.06,3.49,0.97,20.8,5.8999999999999995,221.0
88,Colin Holderman,PIT,0.0,29.245283018867926,29.245283018867926,265,8.064516129032258,4.838709677419354,,4.838709677419354,20.96774193548387,,9.611961552153792,5.161979352082592,4.805980776076896,1.0679957280170878,,0.8899964400142399,29.245283018867926,12.264150943396226,9.0,3.76,3.93,1.29,23.39622641509434,9.811320754716984,0.0,24.0,25.2,125.0,0.0,8.333333333333332,,4.166666666666666,8.333333333333332,8.333333333333332,27.200000000000003,16.8,16.0,3.2,0.8,1.6,18.0,16.0,6.31,5.61,7.01,1.95,14.4,12.8,125.0
89,Gregory Soto,BAL,0.0,64.80708661417323,64.80708661417323,254,8.47457627118644,5.084745762711865,,0.0,16.94915254237288,,21.190092380184762,11.243722487444975,10.378820757641517,1.7298034596069194,,1.7298034596069194,74.69291338582677,28.559055118110237,10.31,3.93,3.6,1.27,26.77165354330709,10.236220472440944,0.0,70.0,60.1,279.0,1.4285714285714286,7.142857142857142,,1.4285714285714286,31.428571428571427,1.4285714285714286,22.22222222222222,11.827956989247312,10.03584229390681,1.4336917562724014,0.35842293906810035,3.942652329749104,70.0,24.0,10.44,3.58,4.18,1.43,25.1,8.6,279.0
90,Kenley Jansen,,0.0,56.84210526315789,56.84210526315789,247,6.666666666666667,6.666666666666667,,0.0,0.0,,19.94459833795014,10.355849137012571,9.588749200937565,2.6848497762625185,,0.3835499680375027,62.52631578947368,20.842105263157897,9.88,3.35,3.73,1.24,26.720647773279353,8.906882591093117,0.0,62.0,59.0,234.0,8.064516129032258,6.451612903225806,,46.774193548387096,0.0,1.6129032258064515,15.81196581196581,7.6923076923076925,7.264957264957266,3.418803418803419,0.8547008547008548,0.4273504273504274,57.0,19.0,8.69,2.9,2.59,0.95,24.4,8.1,234.0
91,Alex Vesia,LAD,0.0,58.19196428571428,58.19196428571428,224,7.272727272727273,5.454545454545454,,0.0,20.0,,18.893494897959183,10.39142219387755,9.446747448979592,2.834024234693877,,0.9446747448979591,76.17857142857142,25.39285714285714,11.7,3.9,3.32,1.16,32.142857142857146,10.714285714285714,0.0,68.0,59.2,237.0,5.88235294117647,2.941176470588235,,7.352941176470589,36.76470588235294,5.88235294117647,15.611814345991561,8.860759493670885,8.438818565400844,3.79746835443038,1.2658227848101267,2.109704641350211,80.0,22.0,12.07,3.32,3.02,0.99,33.79999999999999,9.3,237.0
93,Erik Miller,SFG,0.0,29.464150943396227,29.464150943396227,265,6.557377049180328,4.918032786885247,,1.639344262295082,19.672131147540988,,8.749021003915985,5.103595585617657,4.739053043787825,0.9113563545745816,,0.3645425418298327,36.70943396226415,16.90566037735849,11.16,5.13,3.77,1.36,28.67924528301887,13.20754716981132,0.0,36.0,30.0,128.0,11.11111111111111,2.7777777777777777,,0.0,27.77777777777778,5.555555555555555,18.75,3.90625,3.90625,0.0,3.125,2.34375,22.0,20.0,6.6,6.0,1.5,1.47,17.2,15.6,128.0
94,Jose A. Ferrer,WSN,0.0,75.5187969924812,75.5187969924812,266,3.225806451612904,6.451612903225808,,16.129032258064516,17.741935483870968,,27.932613488608737,13.737350896037087,12.821527502967948,2.747470179207417,,1.8316467861382781,59.684210526315795,23.142857142857142,7.13,2.72,4.08,1.28,18.421052631578945,7.142857142857142,0.0,72.0,76.1,324.0,5.555555555555555,5.555555555555555,,15.277777777777779,29.166666666666668,5.555555555555555,25.0,12.654320987654321,11.728395061728394,1.5432098765432098,0.30864197530864196,2.1604938271604937,71.0,16.0,8.37,1.89,4.48,1.27,21.899999999999988,4.9,324.0
96,Yimi Garcia,TOR,0.0,21.614173228346456,21.614173228346456,254,6.557377049180328,6.557377049180328,,4.918032786885247,22.950819672131146,,7.3935147870295745,3.906007812015624,3.4875069750139502,1.1160022320044638,,0.5580011160022319,23.38582677165354,7.086614173228346,9.72,2.92,3.69,1.19,25.984251968503933,7.874015748031496,0.0,22.0,21.0,90.0,4.545454545454546,9.090909090909092,,13.636363636363635,27.27272727272727,18.181818181818183,14.444444444444443,11.11111111111111,10.0,2.2222222222222223,1.1111111111111112,1.1111111111111112,25.0,12.0,10.71,5.14,3.86,1.19,27.800000000000004,13.3,90.0
97,Hoby Milner,TEX,0.0,69.93415637860082,69.93415637860082,243,3.4482758620689653,5.172413793103449,,0.0,18.965517241379313,,26.794695930498403,13.893546038036206,12.901149892462193,2.9771884367220443,,1.4885942183610221,63.90534979423868,18.086419753086417,8.24,2.26,4.04,1.18,21.81069958847737,6.172839506172839,0.0,73.0,70.1,293.0,4.10958904109589,5.47945205479452,,0.0,24.65753424657534,5.47945205479452,23.208191126279864,11.945392491467576,10.238907849829351,1.7064846416382253,1.023890784982935,0.6825938566552902,58.0,21.0,7.42,2.69,3.84,1.27,19.8,7.199999999999999,293.0
98,Joel Payamps,MIL,0.0,28.321428571428573,28.321428571428573,252,9.83606557377049,6.557377049180328,,3.278688524590164,21.311475409836063,,9.580498866213153,4.790249433106577,4.421768707482993,1.2896825396825395,,0.5527210884353742,27.857142857142858,9.75,8.85,3.05,3.51,1.19,23.809523809523807,8.333333333333332,0.0,30.0,26.1,117.0,0.0,3.3333333333333335,,3.3333333333333335,13.333333333333334,0.0,26.495726495726498,17.094017094017094,17.094017094017094,3.418803418803419,0.8547008547008548,1.7094017094017095,24.0,9.0,8.2,3.08,6.84,1.52,20.5,7.7,117.0
99,Ryan Thompson,ARI,0.0,42.241379310344826,42.241379310344826,261,11.111111111111112,7.936507936507936,,0.0,20.634920634920636,,15.413749064165236,6.679291261138269,6.1654996256660946,1.5413749064165236,,0.5137916354721747,33.524904214559385,11.398467432950191,7.16,2.44,3.42,1.23,19.15708812260537,6.513409961685824,0.0,48.0,41.1,175.0,6.25,4.166666666666666,,2.083333333333333,35.41666666666667,6.25,24.0,12.0,10.285714285714285,2.2857142857142856,1.1428571428571428,1.1428571428571428,36.0,13.0,7.84,2.83,3.92,1.33,20.6,7.4,175.0
100,JoJo Romero,STL,0.0,61.0,61.0,255,9.836065573770492,6.557377049180328,,1.639344262295082,19.672131147540984,,21.176470588235293,10.588235294117647,9.411764705882353,2.7450980392156863,,1.1764705882352942,61.0,20.0,9.0,2.95,3.6,1.22,23.92156862745098,7.84313725490196,0.0,65.0,61.0,255.0,6.153846153846154,9.230769230769232,,12.307692307692308,36.92307692307693,1.5384615384615385,18.43137254901961,8.235294117647058,5.490196078431373,0.7843137254901961,1.9607843137254901,0.7843137254901961,55.0,29.0,8.11,4.28,2.07,1.25,21.6,11.4,255.0
102,Seranthony Dominguez,BAL,0.0,62.72093023255814,62.72093023255814,258,9.67741935483871,4.838709677419355,,4.838709677419355,19.35483870967742,,20.38939967550027,10.97890751757707,9.80259599783667,2.744726879394267,,0.3921038399134667,66.76744186046511,27.313953488372093,9.64,3.86,3.7,1.27,25.581395348837212,10.465116279069768,0.0,67.0,62.2,261.0,5.970149253731343,5.970149253731343,,2.9850746268656714,29.850746268656714,4.477611940298507,16.85823754789272,11.494252873563218,8.42911877394636,1.9157088122605364,0.7662835249042145,0.7662835249042145,79.0,36.0,11.35,5.17,3.16,1.28,30.3,13.8,261.0
103,AJ Smith-Shawver,ATL,5.370629370629371,28.867132867132867,45.65034965034965,286,9.30232558139535,9.30232558139535,,0.0,2.3255813953488373,,14.31854858428285,7.980830358452737,7.276639444471614,2.1125727419433713,,0.2347303046603746,45.65034965034965,18.797202797202797,9.09,3.69,4.11,1.31,23.776223776223777,9.79020979,9.0,9.0,44.1,192.0,33.33333333333333,22.22222222222222,,0.0,0.0,0.0,21.875,10.416666666666668,9.895833333333332,2.083333333333333,0.0,0.5208333333333333,42.0,21.0,8.53,4.26,3.86,1.42,21.899999999999988,10.9,192.0
104,Matthew Liberatore,STL,8.975069252077562,116.67590027700832,150.78116343490305,361,7.692307692307692,6.153846153846152,,3.076923076923076,18.46153846153846,,39.281466532638646,20.88381765026358,19.392116389530464,4.972337535777043,,2.4861687678885214,138.21606648199446,55.64542936288088,8.21,3.35,4.15,1.31,21.32963988919667,8.587257617728532,29.0,29.0,151.2,648.0,27.586206896551722,41.37931034482759,,0.0,0.0,0.0,24.382716049382715,12.191358024691358,10.95679012345679,2.9320987654320985,0.0,0.6172839506172839,122.0,40.0,7.24,2.37,4.21,1.31,18.8,6.2,648.0
105,Jared Koenig,MIL,0.0,62.46616541353384,62.46616541353384,266,8.064516129032258,8.064516129032258,,3.225806451612903,19.35483870967742,,21.58968850698174,10.984227486008256,10.22669455593872,2.651365255243372,,1.1362993951043021,58.43609022556392,23.17293233082707,8.41,3.36,3.92,1.3,21.804511278195488,8.646616541353383,0.0,72.0,66.0,268.0,8.333333333333332,1.3888888888888888,,2.7777777777777777,37.5,2.7777777777777777,21.26865671641791,7.835820895522389,7.835820895522389,2.2388059701492535,0.3731343283582089,1.4925373134328357,68.0,20.0,9.27,2.73,2.86,1.17,25.4,7.5,268.0
106,Andrew Kittredge,BAL,0.0,50.84444444444444,50.84444444444444,270,9.090909090909092,7.575757575757576,,3.0303030303030303,19.696969696969695,,17.689986282578875,8.274348422496573,7.418381344307269,2.5679012345679015,,0.28532235939643347,46.22222222222222,12.325925925925926,8.17,2.2,3.61,1.19,22.22222222222222,5.9259259259259265,0.0,54.0,53.0,208.0,7.4074074074074066,5.555555555555555,,9.25925925925926,27.77777777777778,1.8518518518518516,19.71153846153846,10.576923076923077,9.615384615384617,3.3653846153846154,0.4807692307692308,0.0,64.0,11.0,10.87,1.87,3.4,0.98,30.8,5.3,208.0
107,Landen Roupp,SFG,8.095238095238095,82.57142857142857,111.71428571428572,294,5.882352941176471,5.882352941176471,,0.0,1.9607843137254901,,34.69387755102041,18.172983479105927,16.52089407191448,3.8548752834467117,,1.101392938127632,106.85714285714286,45.333333333333336,8.54,3.69,3.92,1.32,22.448979591836736,9.523809523809524,22.0,22.0,106.2,476.0,31.818181818181817,31.818181818181817,,0.0,0.0,0.0,23.739495798319325,11.554621848739496,9.453781512605042,2.3109243697478994,0.21008403361344538,0.6302521008403361,102.0,45.0,8.61,3.8,3.8,1.48,21.4,9.5,476.0
109,Tayler Scott,HOU,0.0,31.33093525179856,31.33093525179856,278,9.23076923076923,4.615384615384615,,1.5384615384615383,24.615384615384617,,9.883028828735572,4.854821179028,4.508048237668858,1.213705294757,,0.5201594120387143,32.29496402877698,13.49640287769784,9.27,3.93,3.61,1.31,24.100719424460433,10.071942446043163,0.0,24.0,27.1,134.0,4.166666666666666,8.333333333333332,,0.0,12.5,4.166666666666666,25.37313432835821,18.65671641791045,17.91044776119403,4.477611940298507,0.0,0.7462686567164178,24.0,18.0,7.9,5.93,7.9,1.9,17.9,13.4,134.0
110,Ben Brown,CHC,7.7377049180327875,79.95628415300547,113.4863387978142,183,9.67741935483871,6.451612903225806,,0.0,3.225806451612903,,50.73904864283795,28.188360357132197,25.369524321418975,7.047090089283049,,2.8188360357132196,118.6448087431694,43.84699453551913,9.58,3.51,3.74,1.22,25.136612021857925,9.289617486338798,15.0,25.0,106.1,472.0,20.0,32.0,,4.0,4.0,4.0,25.635593220338983,15.466101694915254,14.83050847457627,3.8135593220338984,0.0,0.847457627118644,121.0,32.0,10.24,2.71,5.92,1.44,25.6,6.800000000000001,472.0
111,Jose Suarez,LAA,0.5192307692307693,16.615384615384617,18.692307692307693,312,4.6875,6.249999999999998,,0.0,18.75,,5.741494082840237,3.1619822485207103,2.912352071005917,0.7488905325443787,,0.3328402366863905,17.91346153846154,7.009615384615385,8.66,3.41,4.42,1.34,22.115384615384613,8.653846153846153,1.0,7.0,19.1,81.0,28.57142857142857,0.0,,14.285714285714285,14.285714285714285,0.0,18.51851851851852,6.172839506172839,4.938271604938271,1.2345679012345678,1.2345679012345678,0.0,16.0,10.0,7.45,4.66,1.86,1.29,19.8,12.3,81.0
112,Greg Weissert,BOS,0.0,64.40154440154441,64.40154440154441,259,5.0,5.0,,0.0,19.999999999999996,,23.62218810095258,11.603881874152146,10.775033168855563,2.486546115889745,,1.2432730579448725,63.328185328185334,24.68725868725869,8.81,3.43,3.88,1.33,22.779922779922774,8.880308880308881,0.0,72.0,67.0,278.0,8.333333333333332,8.333333333333332,,5.555555555555555,23.61111111111111,12.5,20.503597122302157,9.712230215827338,7.553956834532374,2.158273381294964,0.3597122302158274,1.079136690647482,57.0,21.0,7.66,2.82,2.82,1.16,20.5,7.6,278.0
113,Caleb Thielbar,CHC,0.0,51.76470588235294,51.76470588235294,238,7.142857142857142,7.142857142857142,,0.0,17.857142857142858,,19.41953251888991,9.709766259444955,8.932984958689358,2.330343902266789,,0.38839065037779813,56.386554621848745,17.563025210084035,9.77,3.12,3.74,1.25,25.630252100840337,7.9831932773109235,0.0,67.0,58.0,220.0,4.477611940298507,5.970149253731343,,1.4925373134328357,37.3134328358209,4.477611940298507,17.272727272727273,7.727272727272727,7.727272727272727,2.272727272727273,0.45454545454545453,0.0,56.0,13.0,8.69,2.02,2.64,0.88,25.5,5.8999999999999995,220.0
114,Chad Green,TOR,0.0,46.7578125,46.7578125,256,9.523809523809524,7.936507936507936,,7.936507936507936,19.047619047619047,,15.9454345703125,8.4075927734375,7.537841796875,2.6092529296875,,0.2899169921875,43.7890625,14.1015625,8.46,2.7,3.78,1.18,23.046875,7.421875,0.0,45.0,43.2,190.0,6.666666666666667,4.444444444444445,,2.2222222222222223,15.555555555555555,0.0,26.842105263157894,14.736842105263156,14.210526315789473,7.368421052631578,1.0526315789473684,1.0526315789473684,35.0,13.0,7.21,2.68,5.56,1.47,18.4,6.800000000000001,190.0
115,Manuel Rodriguez,TBR,0.0,28.498069498069498,28.498069498069498,259,6.557377049180328,6.557377049180328,,3.278688524590164,21.311475409836067,,9.740463022316304,5.050610456015861,4.509473621442734,1.082273669146256,,1.082273669146256,27.0965250965251,10.745173745173746,8.63,3.42,3.74,1.27,22.393822393822393,8.880308880308881,0.0,31.0,30.1,121.0,3.225806451612903,6.451612903225806,,0.0,35.483870967741936,0.0,21.487603305785125,7.43801652892562,5.785123966942149,1.6528925619834711,0.0,0.8264462809917356,25.0,6.0,7.42,1.78,2.08,1.05,20.7,5.0,121.0
116,Shawn Armstrong,TEX,0.0,65.62121212121211,65.62121212121211,264,3.278688524590164,4.918032786885247,,1.639344262295082,19.672131147540988,,24.449035812672175,13.039485766758494,12.224517906336088,3.2598714416896235,,1.2224517906336088,62.39393939393939,21.515151515151516,8.56,2.91,4.36,1.31,21.96969696969697,7.575757575757576,2.0,71.0,74.0,284.0,5.633802816901409,4.225352112676056,,12.676056338028168,16.901408450704224,4.225352112676056,14.084507042253522,7.394366197183098,6.690140845070422,1.7605633802816902,0.0,2.112676056338028,74.0,20.0,9.0,2.43,2.31,0.81,26.1,7.000000000000001,284.0
118,Danny Coulombe,MIN,0.0,43.36231884057971,43.36231884057971,207,5.88235294117647,5.88235294117647,,0.0,7.8431372549019605,,18.48351186725478,8.214894163224347,7.39340474690191,2.0537235408060868,,0.4107447081612173,43.36231884057971,11.903381642512077,9.07,2.56,3.26,1.16,24.637681159420293,6.763285024154589,1.0,55.0,43.0,176.0,3.6363636363636362,1.8181818181818181,,3.6363636363636362,16.363636363636363,0.0,18.181818181818183,6.25,6.25,1.7045454545454544,0.0,0.0,43.0,18.0,9.0,3.77,2.3,1.16,24.4,10.2,176.0
119,Trent Thornton,SEA,0.0,43.07142857142858,43.07142857142858,280,4.477611940298507,4.477611940298507,,0.0,20.8955223880597,,14.234693877551022,6.658163265306122,6.198979591836735,2.066326530612245,,0.6887755102040818,42.42857142857143,11.571428571428571,8.85,2.47,3.63,1.19,23.57142857142857,6.428571428571428,0.0,33.0,42.1,180.0,6.0606060606060606,0.0,,0.0,15.151515151515152,3.0303030303030303,22.77777777777778,12.777777777777777,12.222222222222221,3.3333333333333335,1.1111111111111112,2.2222222222222223,32.0,14.0,6.8,2.98,4.68,1.3,17.8,7.8,180.0
121,John King,STL,0.0,52.18326693227092,52.18326693227092,251,6.779661016949152,5.084745762711864,,0.0,20.338983050847457,,21.847272265519592,8.809383978032097,8.104633259789527,1.7618767956064187,,0.7047507182425676,33.60956175298805,13.266932270916335,5.82,2.24,3.58,1.29,15.139442231075698,5.9760956175298805,0.0,51.0,48.1,222.0,3.9215686274509802,1.9607843137254901,,0.0,5.88235294117647,1.9607843137254901,29.27927927927928,13.513513513513514,11.26126126126126,3.6036036036036037,0.0,0.0,28.0,14.0,5.21,2.61,4.66,1.63,12.6,6.3,222.0
122,Sam Moll,CIN,0.0,19.039840637450197,19.039840637450197,251,6.779661016949152,6.779661016949152,,0.0,18.64406779661017,,6.557038777162267,3.9856510214123593,3.599942858049872,0.7714163267249725,,0.6428469389374771,19.039840637450197,8.067729083665338,8.94,3.89,4.28,1.3,23.50597609561753,9.960159363,0.0,23.0,18.1,81.0,4.3478260869565215,0.0,,0.0,8.695652173913043,0.0,19.753086419753085,19.753086419753085,16.049382716049383,4.938271604938271,0.0,0.0,22.0,10.0,10.8,4.91,6.38,1.42,27.200000000000003,12.3,81.0
125,Gabe Speier,SEA,0.0,57.76229508196722,57.76229508196722,244,5.172413793103448,1.7241379310344827,,0.0,17.24137931034483,,20.815976887933356,10.203910239183015,9.795753829615697,2.8570948669712446,,1.6326256382692825,61.74590163934427,17.926229508196723,9.61,2.86,3.68,1.2,25.40983606557377,7.377049180327869,0.0,76.0,62.0,243.0,5.263157894736842,3.9473684210526314,,0.0,31.57894736842105,7.894736842105263,17.695473251028808,7.818930041152264,7.4074074074074066,2.05761316872428,0.411522633744856,2.05761316872428,82.0,11.0,11.9,1.6,2.61,0.87,33.7,4.5,243.0
126,Tony Santillan,CIN,0.0,69.19540229885057,69.19540229885057,261,6.666666666666667,10.0,,1.6666666666666667,20.0,,22.976761938315644,14.139545808194242,13.2558241951821,3.5348864520485614,,2.20930403253035,80.727969348659,33.44444444444444,10.45,4.33,4.48,1.34,26.81992337164751,11.11111111111111,0.0,80.0,73.2,301.0,1.25,6.25,,8.75,41.25,5.0,17.60797342192691,7.641196013289036,6.64451827242525,2.3255813953488373,0.0,1.6611295681063125,75.0,29.0,9.16,3.54,2.44,1.11,24.9,9.6,301.0
127,Nic Enright,CLE,0.0,30.574074074074073,30.574074074074073,216,7.692307692307692,7.692307692307692,,0.0,9.615384615384615,,12.521433470507546,5.988511659807956,5.716306584362139,1.6332304526748969,,0.2722050754458161,32.33796296296296,8.819444444444443,9.48,2.53,3.58,1.17,25.462962962962965,6.944444444444445,0.0,27.0,31.0,127.0,7.4074074074074066,3.7037037037037033,,3.7037037037037033,11.11111111111111,3.7037037037037033,18.89763779527559,6.299212598425196,5.511811023622047,2.3622047244094486,0.0,1.574803149606299,30.0,12.0,8.71,3.48,2.03,1.16,23.6,9.4,127.0
128,Porter Hodge,CHC,0.0,34.04779411764706,34.04779411764706,272,6.349206349206349,6.349206349206349,,17.46031746031746,15.873015873015872,,10.331963667820068,5.960748269896193,5.563365051903114,1.1921496539792387,,0.993458044982699,36.75,16.213235294117645,9.73,4.35,3.97,1.31,25.0,11.029411764705882,0.0,36.0,33.0,147.0,5.555555555555555,5.555555555555555,,5.555555555555555,22.22222222222222,8.333333333333332,23.12925170068027,16.3265306122449,15.646258503401361,6.122448979591836,0.6802721088435374,0.0,40.0,18.0,10.91,4.91,6.27,1.58,27.200000000000003,12.2,147.0
129,Garrett Cleavinger,TBR,0.0,56.28308823529412,56.28308823529412,272,9.523809523809524,9.523809523809524,,4.761904761904762,23.80952380952381,,17.07936851211073,9.853481833910035,9.1965830449827,2.2991457612456747,,1.9706963667820072,66.11029411764706,25.90808823529412,10.5,4.17,4.0,1.3,27.205882352941178,10.661764705882351,0.0,67.0,61.1,243.0,2.9850746268656714,8.955223880597014,,2.9850746268656714,31.343283582089555,5.970149253731343,16.46090534979424,6.995884773662551,6.584362139917696,3.7037037037037033,0.0,2.880658436213992,82.0,18.0,12.03,2.64,2.35,0.95,33.7,7.4,243.0
130,Carmen Mlodzinski,PIT,0.0,97.55343511450384,97.55343511450384,262,6.557377049180327,8.196721311475407,,1.6393442622950818,19.67213114754098,,34.79255288153371,17.70147427306101,16.48068294388439,3.662373987529864,,1.831186993764932,84.75954198473283,38.38167938931298,7.83,3.53,3.91,1.33,20.229007633587788,9.160305344,12.0,34.0,99.0,419.0,14.705882352941178,23.52941176470588,,0.0,8.823529411764707,2.941176470588235,24.3436754176611,10.023866348448687,9.307875894988067,1.9093078758949882,0.0,0.9546539379474941,89.0,27.0,8.09,2.45,3.55,1.3,21.2,6.4,419.0
131,Kevin Kelly,TBR,0.0,41.764976958525345,41.764976958525345,217,5.660377358490567,3.7735849056603774,,0.0,9.433962264150942,,16.704538214869714,7.989126972328994,7.262842702117267,1.8157106755293166,,2.1788528106351803,38.612903225806456,9.456221198156683,8.25,1.97,3.41,1.09,22.58064516129032,5.529953917050691,0.0,41.0,39.2,171.0,4.878048780487805,12.195121951219512,,0.0,12.195121951219512,9.75609756097561,26.31578947368421,16.95906432748538,15.204678362573098,6.432748538011696,0.5847953216374269,0.0,35.0,9.0,7.94,2.04,5.9,1.36,20.5,5.3,171.0
132,Beau Brieske,DET,0.0,24.36559139784946,24.36559139784946,279,4.545454545454546,6.0606060606060606,,15.151515151515152,15.151515151515152,,7.939260800863297,4.366593440474813,3.9696304004316487,1.058568106781773,,0.26464202669544323,22.519713261648743,8.86021505376344,8.27,3.26,4.14,1.27,21.863799283154123,8.602150538,1.0,22.0,22.0,103.0,4.545454545454546,13.636363636363635,,4.545454545454546,22.727272727272727,4.545454545454546,23.300970873786408,19.41747572815534,15.53398058252427,4.854368932038835,0.9708737864077669,0.0,16.0,12.0,6.55,4.91,6.55,1.64,15.5,11.69999999999999,103.0
135,Tylor Megill,NYM,3.339416058394161,55.65693430656934,70.12773722627736,274,6.000000000000001,6.000000000000001,,0.0,2.0,,23.969044701369278,13.406414832969258,12.593904843092332,3.2500399595076988,,1.2187649848153872,70.12773722627736,27.82846715328467,9.05,3.59,4.37,1.34,22.99270072992701,9.124087591240876,14.0,14.0,68.1,305.0,35.714285714285715,35.714285714285715,,0.0,0.0,0.0,19.672131147540984,12.131147540983607,9.836065573770492,1.9672131147540985,0.0,2.2950819672131146,89.0,33.0,11.72,4.35,3.95,1.36,29.2,10.8,305.0
136,Taylor Rogers,CIN,0.0,50.375,50.375,272,6.451612903225806,6.451612903225806,,4.838709677419355,20.967741935483872,,17.325367647058822,10.454963235294118,9.558823529411764,2.9871323529411766,,1.4935661764705883,59.3125,21.125,10.62,3.78,4.68,1.36,26.838235294117645,9.558823529411764,0.0,57.0,50.2,221.0,5.263157894736842,3.508771929824561,,0.0,17.543859649122805,1.7543859649122806,21.266968325791854,11.312217194570136,8.597285067873303,3.167420814479638,0.904977375565611,1.3574660633484164,53.0,23.0,9.41,4.09,3.38,1.38,24.0,10.4,221.0
137,Andrew Chafin,,0.0,33.14163090128755,33.14163090128755,233,5.555555555555555,5.555555555555555,,0.0,0.0,,12.116635045773545,7.111937961649689,6.585127742268231,1.5804306581443752,,0.2634051096907292,36.824034334763944,16.570815450643774,10.08,4.5,4.14,1.36,25.75107296137339,11.587982832618025,0.0,42.0,33.2,143.0,2.380952380952381,2.380952380952381,,0.0,9.523809523809524,0.0,20.27972027972028,7.6923076923076925,6.293706293706294,1.3986013986013985,0.0,0.0,36.0,19.0,9.62,5.08,2.41,1.43,25.2,13.3,143.0
138,Jonathan Loaisiga,NYY,0.0,32.89340101522842,32.89340101522842,197,12.5,6.25,,0.0,2.0833333333333335,,14.957870597026462,6.261434203406425,5.913576747661624,1.0435723672344042,,0.6957149114896028,27.411167512690355,8.223350253807105,7.42,2.28,3.23,1.14,20.304568527918786,6.091370558375635,0.0,30.0,29.2,135.0,0.0,3.3333333333333335,,3.3333333333333335,23.333333333333332,10.0,25.185185185185183,11.11111111111111,10.37037037037037,5.185185185185185,2.2222222222222223,2.2222222222222223,25.0,10.0,7.58,3.03,4.25,1.48,18.5,7.4,135.0
139,Slade Cecconi,CLE,6.123595505617978,100.0187265917603,130.63670411985018,267,6.122448979591836,8.16326530612245,,0.0,2.0408163265306123,,47.398616897417554,25.99278991148704,23.699308448708774,6.880444388334807,,2.293481462778269,112.26591760299624,30.617977528089884,7.81,2.19,4.37,1.21,20.59925093632959,5.617977528089887,23.0,23.0,132.0,545.0,30.434782608695656,30.434782608695656,,0.0,0.0,0.0,22.93577981651376,12.110091743119266,11.559633027522937,4.4036697247706424,0.1834862385321101,0.5504587155963303,109.0,32.0,7.43,2.18,4.3,1.19,20.0,5.8999999999999995,545.0
140,Dane Dunning,TEX,0.8431952662721893,17.707100591715975,21.923076923076923,338,6.349206349206351,7.936507936507938,,0.0,7.936507936507938,,6.3198067294562525,3.575680123244984,3.3262140681348686,0.914708868737089,,0.4157767585168586,19.39349112426035,7.8698224852071,7.96,3.18,4.63,1.33,20.414201183431953,8.284023668639055,0.0,12.0,20.2,95.0,0.0,0.0,,16.666666666666664,0.0,0.0,25.263157894736842,17.894736842105264,16.842105263157894,4.2105263157894735,1.0526315789473684,3.1578947368421053,21.0,7.0,9.15,3.05,6.97,1.5,22.1,7.4,95.0
142,Paul Sewald,CLE,0.0,20.07983193277311,20.07983193277311,238,6.779661016949152,5.084745762711863,,1.694915254237288,20.338983050847453,,6.863922039403997,3.8609561471647487,3.4319610197019985,1.2869853823882496,,0.4289951274627498,22.802521008403364,6.466386554621849,10.21,2.89,3.66,1.13,28.15126050420168,7.9831932773109235,0.0,22.0,19.2,81.0,4.545454545454546,4.545454545454546,,9.090909090909092,18.181818181818183,9.090909090909092,22.22222222222222,13.580246913580247,12.345679012345679,4.938271604938271,0.0,0.0,20.0,6.0,9.15,2.75,4.58,1.22,24.7,7.4,81.0
143,Victor Vodnik,COL,0.0,48.26530612244898,48.26530612244898,294,4.545454545454546,7.575757575757574,,4.545454545454546,16.666666666666664,,15.919292887222916,8.95460224906289,8.208385394974318,1.7411726595400066,,0.4974779027257161,45.34013605442177,24.13265306122449,8.44,4.5,4.5,1.47,21.08843537414966,11.224489795918368,0.0,52.0,50.2,215.0,7.6923076923076925,5.769230769230769,,19.230769230769234,13.461538461538462,9.615384615384617,20.930232558139537,8.837209302325581,7.906976744186046,1.8604651162790697,0.9302325581395349,0.0,49.0,26.0,8.7,4.62,3.02,1.4,22.8,12.1,215.0
146,Scott Alexander,,0.0,19.264864864864865,19.264864864864865,185,6.818181818181819,6.818181818181819,,0.0,0.0,,10.176771365960557,4.733382030679328,4.496712929145362,0.9466764061358657,,0.47333820306793284,14.44864864864865,6.12972972972973,6.76,2.83,3.92,1.28,17.83783783783784,7.567567567567568,0.0,21.0,17.2,81.0,4.761904761904762,4.761904761904762,,0.0,14.285714285714285,4.761904761904762,28.39506172839506,14.814814814814813,14.814814814814813,6.172839506172839,0.0,1.2345679012345678,8.0,9.0,4.08,4.58,6.11,1.81,9.9,11.1,81.0
147,Erik Sabrowski,CLE,0.0,27.923076923076923,27.923076923076923,247,10.526315789473683,7.017543859649122,,0.0,19.298245614035086,,9.519906898982116,4.958284843219853,4.561622055762265,1.1899883623727645,,0.19833139372879413,32.821862348178136,14.696356275303645,10.53,4.77,3.62,1.37,27.125506072874497,12.145748987854253,0.0,33.0,29.1,121.0,0.0,3.0303030303030303,,0.0,36.36363636363637,0.0,11.570247933884298,6.6115702479338845,4.958677685950414,1.6528925619834711,0.0,2.479338842975207,42.0,21.0,12.89,6.44,1.84,1.19,34.699999999999996,17.4,121.0
150,Matt Brash,SEA,0.0,46.36893203883496,46.36893203883496,206,8.333333333333332,4.166666666666666,,0.0,2.083333333333333,,17.819775662173626,8.44094636629277,7.972004901498727,1.8757658591761712,,0.9378829295880856,59.89320388349515,21.25242718446602,11.71,4.15,3.11,1.25,30.097087378640776,10.679611650485436,0.0,53.0,47.1,199.0,1.8867924528301887,5.660377358490567,,7.547169811320755,39.62264150943396,1.8867924528301887,20.603015075376884,7.537688442211055,6.532663316582915,2.0100502512562812,1.0050251256281406,1.0050251256281406,58.0,18.0,11.03,3.42,2.47,1.25,29.1,9.0,199.0
151,Jorge Alcala,MIN,0.0,62.938775510204074,62.938775510204074,245,5.0,6.666666666666667,,1.6666666666666667,20.0,,21.835901707621822,12.416493127863388,11.56018325697626,3.4252394835485216,,0.8563098708871304,65.03673469387755,24.126530612244895,9.3,3.45,4.05,1.23,25.30612244897959,9.387755102040815,0.0,56.0,55.0,257.0,0.0,3.571428571428571,,0.0,8.928571428571429,3.571428571428571,25.680933852140075,17.120622568093385,14.785992217898833,5.058365758754864,0.38910505836575876,0.38910505836575876,61.0,30.0,9.98,4.91,6.22,1.75,23.7,11.69999999999999,257.0
152,Louie Varland,MIN,2.200743494423792,61.62081784386617,69.32342007434944,269,7.142857142857142,7.142857142857142,,0.0,12.5,,25.36172800265336,13.498984259476787,12.271803872251628,3.2724810326004343,,0.8181202581501086,64.92193308550186,20.907063197026023,8.43,2.69,4.32,1.29,21.933085501858734,7.063197026022305,1.0,74.0,72.2,296.0,5.405405405405405,4.054054054054054,,0.0,29.72972972972973,2.7027027027027026,21.95945945945946,9.121621621621621,8.108108108108109,2.027027027027027,0.33783783783783783,0.6756756756756757,75.0,22.0,9.29,2.72,2.97,1.2,25.3,7.4,296.0
153,Julian Merryweather,CHC,0.0,20.24778761061947,20.24778761061947,226,5.769230769230769,5.769230769230769,,0.0,7.6923076923076925,,7.75315216540058,3.9627222178714074,3.7904299475291716,0.8614613517111757,,0.5168768110267054,22.97345132743363,8.566371681415928,10.18,3.79,3.79,1.29,26.10619469026549,9.734513274336283,0.0,21.0,18.2,88.0,0.0,4.761904761904762,,0.0,33.33333333333333,0.0,26.136363636363637,14.772727272727273,13.636363636363635,2.272727272727273,2.272727272727273,0.0,15.0,11.0,7.23,5.3,5.79,1.82,17.0,12.5,88.0
154,Mark Leiter Jr.,NYY,0.0,51.63414634146341,51.63414634146341,246,6.896551724137931,8.620689655172415,,0.0,20.68965517241379,,17.37061273051755,10.494745191354353,9.770969660916121,2.8951021217529247,,2.1713265913146937,61.426829268292686,20.47560975609756,10.69,3.61,4.19,1.24,28.04878048780488,9.349593496,0.0,59.0,48.1,219.0,10.16949152542373,11.864406779661017,,3.389830508474576,23.728813559322035,6.779661016949152,26.027397260273972,14.15525114155251,11.87214611872146,2.28310502283105,0.0,1.82648401826484,54.0,17.0,10.06,3.17,4.84,1.53,24.7,7.8,219.0
158,Richard Fitts,BOS,2.258687258687259,35.38610038610039,45.173745173745175,259,6.382978723404255,6.382978723404255,,0.0,2.127659574468085,,18.60437381672903,9.592880249250907,8.720800226591733,2.3255467270911288,,0.5813866817727822,33.12741312741313,12.7992277992278,6.56,2.49,4.49,1.33,16.988416988416986,6.563706563706563,10.0,11.0,45.0,195.0,18.181818181818183,36.36363636363637,,0.0,0.0,0.0,22.05128205128205,13.846153846153847,12.82051282051282,5.641025641025641,0.0,1.5384615384615385,40.0,16.0,8.0,3.2,5.0,1.31,20.5,8.19999999999999,195.0
159,Will Warren,NYY,9.673469387755102,135.42857142857142,164.44897959183672,147,7.142857142857144,7.142857142857144,,0.0,3.571428571428572,,105.28946272386506,59.225322782174096,55.9350270720533,13.161182840483132,,6.580591420241566,154.77551020408163,58.04081632653061,8.54,3.09,4.42,1.28,21.768707482993197,8.163265306,33.0,33.0,162.1,711.0,27.27272727272727,24.242424242424242,,0.0,0.0,0.0,22.22222222222222,12.658227848101266,11.251758087201125,3.0942334739803097,0.0,0.5625879043600562,171.0,65.0,9.48,3.6,4.44,1.37,24.1,9.1,711.0
161,Chad Patrick,MIL,8.672413793103448,78.05172413793105,118.52298850574714,174,7.4074074074074066,7.4074074074074066,,0.0,3.7037037037037033,,66.4552781080724,36.55040295943982,33.2276390540362,9.96829171621086,,3.32276390540362,101.17816091954025,37.58045977011494,7.73,2.89,4.45,1.29,20.114942528735632,7.471264367816093,23.0,27.0,119.2,503.0,11.11111111111111,29.629629629629626,,0.0,3.7037037037037033,0.0,22.46520874751491,9.74155069582505,9.343936381709742,2.584493041749503,0.19880715705765406,0.7952286282306162,127.0,40.0,9.55,3.01,3.53,1.28,25.2,8.0,503.0
163,John Brebbia,,0.0,26.833333333333336,26.833333333333336,210,6.122448979591836,4.081632653061224,,0.0,0.0,,12.256235827664401,6.780045351473925,6.258503401360545,2.0861678004535147,,0.5215419501133787,30.11904761904762,8.761904761904763,10.07,3.02,4.43,1.3,26.190476190476193,7.6190476190476195,0.0,22.0,23.1,115.0,4.545454545454546,4.545454545454546,,0.0,9.090909090909092,0.0,24.347826086956523,20.0,17.391304347826086,4.3478260869565215,0.0,3.4782608695652173,26.0,12.0,10.03,4.63,7.71,1.71,22.6,10.4,115.0
164,Tim Hill,NYY,0.0,61.18050541516246,61.18050541516246,277,3.1746031746031744,3.1746031746031744,,0.0,17.460317460317462,,23.839747683405232,11.569289316946657,10.51753574267878,1.7529226237797964,,1.7529226237797964,33.018050541516246,17.48014440433213,4.85,2.6,4.33,1.37,12.274368231046932,6.4981949458483745,0.0,70.0,67.0,269.0,5.714285714285714,5.714285714285714,,0.0,21.428571428571427,0.0,21.561338289962826,10.037174721189592,8.550185873605948,2.973977695167286,1.1152416356877324,0.0,37.0,16.0,4.97,2.15,3.09,1.1,13.8,5.8999999999999995,269.0
167,Ryne Stanek,NYM,0.0,60.1219512195122,60.1219512195122,246,8.620689655172415,5.172413793103448,,0.0,20.689655172413797,,20.226055919095774,11.377156454491374,10.534404124529049,2.9496331548681343,,0.8427523299623241,67.3780487804878,30.0609756097561,10.12,4.44,3.91,1.32,26.422764227642276,11.788617886178862,0.0,65.0,56.0,255.0,6.153846153846154,9.230769230769232,,4.615384615384616,16.923076923076923,7.6923076923076925,21.96078431372549,15.294117647058824,12.941176470588237,2.7450980392156863,0.0,0.0,58.0,32.0,9.32,5.14,5.3,1.57,22.69999999999999,12.5,255.0
168,Brennan Bernardino,BOS,0.0,51.35177865612648,51.35177865612648,253,6.896551724137932,3.448275862068966,,0.0,17.24137931034483,,18.897342561202333,10.14857285694199,9.09872049243075,2.099704729022481,,2.4496555171928946,51.35177865612648,20.363636363636363,8.94,3.54,4.1,1.33,22.92490118577075,9.090909090909092,3.0,55.0,51.2,224.0,7.2727272727272725,5.454545454545454,,1.8181818181818181,3.6363636363636362,0.0,17.410714285714285,10.267857142857142,8.035714285714286,0.4464285714285714,2.232142857142857,1.3392857142857142,43.0,26.0,7.49,4.53,3.14,1.26,19.2,11.599999999999987,224.0
170,Jalen Beeks,,0.0,52.22608695652174,52.22608695652174,230,5.769230769230769,7.692307692307692,,0.0,0.0,,23.14366729678639,11.353497164461247,10.480151228733462,2.1833648393194705,,1.3100189035916825,44.19130434782608,21.091304347826085,7.53,3.64,4.14,1.42,19.130434782608695,9.130434782608695,2.0,61.0,57.1,231.0,8.19672131147541,4.918032786885246,,1.639344262295082,22.950819672131146,3.278688524590164,18.181818181818183,11.255411255411255,10.38961038961039,2.5974025974025974,0.8658008658008658,0.8658008658008658,47.0,20.0,7.38,3.14,3.77,1.08,20.3,8.7,231.0
171,Abner Uribe,MIL,0.0,70.28301886792453,70.28301886792453,212,4.0,4.0,,0.0,8.0,,23.869704521181916,15.250088999644001,13.923994304022782,2.652189391242435,,1.9891420434318265,82.93396226415095,42.16981132075472,10.69,5.44,3.69,1.32,27.83018867924528,14.150943396226417,0.0,75.0,75.1,298.0,4.0,2.666666666666667,,9.333333333333334,49.333333333333336,2.666666666666667,17.114093959731544,6.0402684563758395,4.697986577181208,1.342281879194631,0.6711409395973155,2.013422818791946,90.0,27.0,10.75,3.23,1.67,1.04,30.2,9.1,298.0
172,Tommy Kahnle,DET,0.0,64.25726141078839,64.25726141078839,241,1.7241379310344827,1.7241379310344827,,3.4482758620689653,17.24137931034483,,21.606032953978065,12.411976377817187,11.4925707202011,3.2179198016563078,,1.3791084864241319,66.47302904564316,28.80497925311203,9.35,4.06,3.86,1.26,24.896265560165975,10.78838174273859,0.0,66.0,63.0,267.0,1.5151515151515151,7.575757575757576,,13.636363636363635,24.242424242424242,7.575757575757576,19.101123595505616,11.985018726591761,11.610486891385769,2.9962546816479403,0.0,0.37453183520599254,50.0,31.0,7.14,4.43,4.43,1.3,18.7,11.599999999999987,267.0
174,Keider Montero,DET,9.046511627906977,56.08837209302325,90.46511627906978,215,9.67741935483871,9.67741935483871,,0.0,3.225806451612903,,41.23526230394808,22.721471065440777,21.03839913466739,5.890751757706869,,2.5246078961600866,74.18139534883721,32.56744186046512,7.34,3.22,4.55,1.34,19.069767441860467,8.372093023255815,12.0,20.0,90.2,389.0,25.0,15.0,,0.0,0.0,0.0,24.42159383033419,11.825192802056556,11.311053984575835,4.113110539845758,0.0,0.5141388174807198,72.0,31.0,7.15,3.08,4.37,1.39,18.5,8.0,389.0
176,Daysbel Hernandez,ATL,0.0,37.74603174603175,37.74603174603175,252,10.344827586206899,5.172413793103449,,0.0,18.96551724137931,,12.654320987654321,6.972789115646259,6.4562862181909795,1.8077601410934743,,1.0330057949105569,44.904761904761905,18.873015873015873,10.73,4.5,3.81,1.35,27.380952380952383,11.507936507936508,0.0,39.0,37.0,164.0,10.256410256410255,7.6923076923076925,,0.0,25.64102564102564,5.128205128205128,16.463414634146343,9.75609756097561,8.536585365853659,1.8292682926829267,0.6097560975609756,1.2195121951219512,33.0,30.0,8.03,7.3,3.41,1.54,20.1,18.3,164.0
179,Brent Suter,CIN,0.0,68.33198380566802,68.33198380566802,247,3.4482758620689653,3.4482758620689653,,0.0,17.241379310344826,,29.09570719074235,14.309364192168367,13.355406579357144,3.8158304512448984,,0.9539576128112246,51.83805668016194,20.02834008097166,6.87,2.69,4.33,1.34,17.813765182186234,6.882591093117409,3.0,48.0,67.2,291.0,2.083333333333333,4.166666666666666,,0.0,0.0,2.083333333333333,23.711340206185564,13.058419243986256,11.683848797250858,3.7800687285223367,0.3436426116838488,0.6872852233676976,53.0,18.0,7.05,2.39,4.52,1.29,18.2,6.2,291.0
180,Tristan Beck,SFG,1.7378277153558053,47.79026217228464,53.87265917602996,267,5.454545454545455,5.454545454545455,,0.0,12.727272727272728,,20.177025908625453,9.763077052560703,9.112205249056657,2.2780513122641644,,0.6508718035040469,45.18352059925094,16.50936329588015,7.58,2.72,4.03,1.3,19.475655430711612,7.116104868913857,1.0,31.0,56.2,232.0,3.225806451612903,0.0,,6.451612903225806,9.67741935483871,0.0,20.25862068965517,12.5,12.5,3.0172413793103448,0.0,0.8620689655172413,41.0,16.0,6.51,2.54,4.61,1.11,17.7,6.9,232.0
181,Michael McGreevy,STL,4.597701149425287,78.16091954022988,94.2528735632184,174,5.88235294117647,5.88235294117647,,0.0,2.941176470588235,,55.48949663099485,26.42356982428326,23.781212841854934,6.605892456070815,,1.321178491214163,66.66666666666666,25.287356321839077,6.34,2.41,3.99,1.28,16.666666666666664,6.321839080459771,16.0,17.0,95.2,400.0,47.05882352941176,23.52941176470588,,0.0,0.0,0.0,25.0,12.5,11.75,3.0,0.0,0.75,58.0,20.0,5.46,1.88,4.42,1.25,14.499999999999998,5.0,400.0
182,Justin Topa,MIN,0.0,62.616822429906534,62.616822429906534,214,8.0,4.0,,0.0,2.0,,28.08978950126648,12.874486854747138,12.289282906804086,2.340815791772207,,2.9260197397152585,52.59813084112149,20.037383177570092,7.59,2.95,3.79,1.29,19.626168224299064,7.476635514018691,1.0,54.0,60.0,268.0,1.8518518518518516,9.25925925925926,,7.4074074074074066,7.4074074074074066,7.4074074074074066,25.37313432835821,11.940298507462686,9.701492537313433,0.7462686567164178,1.1194029850746268,1.4925373134328357,49.0,18.0,7.35,2.7,3.9,1.43,18.3,6.7,268.0
183,Jorge Lopez,WSN,0.0,24.182509505703425,24.182509505703425,263,4.999999999999999,6.666666666666665,,23.33333333333333,13.33333333333333,,9.041622692246527,4.750683109485463,4.4441874250025295,1.0727348956902658,,0.9194870534487993,21.361216730038024,8.866920152091256,7.89,3.3,4.31,1.36,20.15209125475285,8.365019011406844,0.0,26.0,24.2,106.0,23.076923076923077,0.0,,3.8461538461538463,19.230769230769234,11.538461538461538,23.58490566037736,16.9811320754717,16.9811320754717,0.9433962264150944,0.0,2.8301886792452833,17.0,7.0,6.2,2.55,6.57,1.3,16.0,6.6000000000000005,106.0
184,Michael Tonkin,MIN,0.0,24.21268656716418,24.21268656716418,268,6.349206349206349,4.761904761904761,,0.0,19.047619047619047,,8.317554020940076,4.732401425707286,4.302183114279349,1.1472488304744932,,0.8604366228558699,23.828358208955223,8.83955223880597,8.9,3.29,4.25,1.28,23.13432835820895,8.582089552238806,0.0,21.0,24.0,103.0,9.523809523809524,4.761904761904762,,0.0,9.523809523809524,4.761904761904762,19.41747572815534,12.62135922330097,12.62135922330097,2.912621359223301,0.0,4.854368932038835,19.0,8.0,7.13,3.0,4.88,1.17,18.4,7.8,103.0
185,Eduard Bazardo,SEA,0.0,74.88038277511961,74.88038277511961,209,6.0,4.000000000000001,,0.0,2.0000000000000004,,31.528582221102997,15.764291110551499,14.331173736864999,3.5827934342162493,,1.4331173736865,76.377990430622,23.961722488038276,9.13,2.92,3.65,1.2,24.401913875598087,7.655502392344498,0.0,73.0,78.2,313.0,6.8493150684931505,0.0,,0.0,16.43835616438356,1.36986301369863,16.93290734824281,7.348242811501597,7.0287539936102235,2.8753993610223643,0.6389776357827476,0.6389776357827476,82.0,27.0,9.38,3.09,2.52,1.02,26.200000000000003,8.6,313.0
187,Angel Zerpa,KCR,0.0,63.627450980392155,63.627450980392155,255,5.084745762711865,3.389830508474576,,0.0,20.33898305084746,,24.529027297193387,12.264513648596694,11.418685121107266,2.960399846212995,,1.2687427912341407,51.76470588235294,21.56862745098039,7.38,3.06,4.07,1.33,18.823529411764707,7.84313725490196,2.0,69.0,64.2,275.0,7.246376811594203,2.898550724637681,,0.0,20.28985507246377,5.797101449275362,24.363636363636363,10.909090909090908,10.909090909090908,2.5454545454545454,0.0,0.7272727272727273,58.0,22.0,8.07,3.06,4.18,1.38,21.1,8.0,275.0
188,Cionel Perez,BAL,0.0,25.24590163934426,25.24590163934426,244,3.571428571428572,3.571428571428572,,0.0,12.5,,9.422870196183823,4.619054017737167,4.249529696318193,0.5542864821284602,,0.5542864821284602,22.09016393442623,11.721311475409836,7.83,4.17,3.67,1.37,20.081967213114755,10.655737704918032,0.0,19.0,21.2,110.0,0.0,0.0,,0.0,0.0,0.0,25.454545454545453,20.0,18.181818181818183,2.727272727272727,0.9090909090909091,1.8181818181818181,21.0,18.0,8.72,7.48,8.31,2.12,19.1,16.399999999999988,110.0
189,Landon Knack,LAD,1.989247311827957,37.795698924731184,43.763440860215056,186,5.263157894736842,5.263157894736842,,0.0,2.6315789473684204,,21.924499942189847,12.299109723667476,11.229621921609434,3.2084634061741246,,0.5347439010290206,40.77956989247312,14.919354838709678,8.45,2.98,4.31,1.27,22.043010752688172,8.064516129032258,7.0,10.0,42.1,185.0,30.0,20.0,,10.0,0.0,0.0,21.62162162162162,13.513513513513514,12.432432432432433,5.405405405405405,0.0,1.0810810810810811,42.0,19.0,8.93,4.04,4.89,1.39,22.69999999999999,10.3,185.0
190,Sawyer Gipson-Long,DET,1.6419753086419753,33.660493827160494,31.19753086419753,162,7.317073170731707,7.317073170731707,,0.0,0.0,,18.75095259868922,10.135650053345527,9.122085048010973,2.533912513336382,,1.0135650053345526,27.91358024691358,9.030864197530864,8.01,2.63,4.28,1.26,20.98765432098765,6.790123456790123,3.0,8.0,31.1,133.0,0.0,25.0,,0.0,12.5,0.0,25.563909774436087,19.548872180451127,18.796992481203006,6.015037593984962,0.0,1.5037593984962405,26.0,6.0,7.47,1.72,7.18,1.28,19.5,4.5,133.0
195,Noah Cameron,KCR,7.6689655172413795,107.36551724137932,130.37241379310345,145,7.142857142857142,7.142857142857142,,0.0,3.571428571428571,,89.91200951248514,47.60047562425684,42.311533888228304,13.222354340071343,,2.644470868014269,111.2,38.3448275862069,7.79,2.71,4.35,1.3,20.0,6.896551724137931,24.0,24.0,138.1,556.0,37.5,29.166666666666668,,0.0,0.0,0.0,19.60431654676259,8.273381294964029,8.273381294964029,3.237410071942446,0.1798561151079137,0.539568345323741,114.0,43.0,7.42,2.8,2.99,1.1,20.5,7.7,556.0
196,Brooks Raley,,0.0,23.153225806451612,23.153225806451612,124,3.4482758620689653,6.896551724137931,,0.0,0.0,,16.0965140478668,8.370187304890738,8.370187304890738,1.9315816857440167,,1.2877211238293444,23.951612903225804,10.379032258064516,9.32,3.92,3.92,1.31,24.193548387096776,10.483870967741936,0.0,30.0,25.2,99.0,10.0,3.3333333333333335,,0.0,33.33333333333333,0.0,14.14141414141414,7.07070707070707,7.07070707070707,0.0,0.0,2.0202020202020203,25.0,6.0,8.77,2.1,2.45,0.78,25.3,6.1,99.0
198,Cooper Criswell,BOS,1.1347517730496457,14.751773049645392,18.156028368794328,141,7.692307692307694,7.692307692307694,,0.0,3.846153846153846,,13.681404355917712,7.24309642372114,6.43830793219657,1.6095769830491424,,1.2071827372868569,13.617021276595748,5.1063829787234045,6.63,2.43,4.53,1.32,17.02127659574468,6.382978723404255,1.0,7.0,17.2,80.0,14.285714285714285,0.0,,14.285714285714285,0.0,0.0,28.749999999999996,12.5,8.75,3.75,0.0,0.0,9.0,5.0,4.58,2.55,3.57,1.58,11.3,6.3,80.0
199,Graham Ashcraft,CIN,0.0,65.13761467889908,65.13761467889908,218,4.0,8.0,,0.0,8.0,,30.477232556182138,16.732598266139213,15.537412675700699,3.5855567713155456,,1.7927783856577728,52.11009174311926,22.146788990825687,7.13,3.01,4.73,1.36,18.34862385321101,7.798165138,0.0,62.0,65.1,284.0,12.903225806451612,8.064516129032258,,0.0,37.096774193548384,9.67741935483871,23.943661971830984,13.028169014084506,10.211267605633804,0.7042253521126761,0.0,0.0,64.0,25.0,8.82,3.44,3.99,1.42,22.5,8.799999999999999,284.0
200,Kendall Graveman,,0.0,18.949579831932773,18.949579831932773,238,9.090909090909092,5.454545454545453,,0.0,0.0,,6.948661817668243,3.4743309088341214,3.184803333097945,0.8685827272085304,,0.7238189393404421,18.949579831932773,8.957983193277311,8.94,4.19,3.62,1.33,23.10924369747899,10.92436974789916,0.0,19.0,17.2,82.0,5.263157894736842,0.0,,0.0,5.263157894736842,0.0,28.04878048780488,17.073170731707318,17.073170731707318,2.4390243902439024,0.0,1.2195121951219512,9.0,12.0,4.58,6.11,7.13,1.98,11.0,14.6,82.0
201,Brandon Young,BAL,3.4133333333333336,51.2,59.733333333333334,150,6.666666666666667,6.666666666666667,,0.0,3.3333333333333335,,39.82222222222222,19.342222222222226,18.204444444444444,5.688888888888888,,2.2755555555555556,52.90666666666667,18.773333333333333,8.03,2.81,4.16,1.3,20.666666666666668,7.333333333333333,12.0,12.0,57.2,256.0,8.333333333333332,58.333333333333336,,0.0,0.0,0.0,26.171875,16.40625,15.625,4.6875,0.0,0.0,47.0,22.0,7.34,3.43,6.24,1.54,18.4,8.6,256.0
202,Fraser Ellard,CHW,0.0,16.683636363636364,16.683636363636364,275,4.838709677419355,9.67741935483871,,8.06451612903226,20.967741935483872,,5.577520661157025,3.2290909090909095,3.0333884297520664,0.6849586776859505,,0.587107438016529,16.683636363636364,8.610909090909091,9.05,4.61,4.44,1.43,22.545454545454547,11.636363636363637,3.0,18.0,17.0,74.0,5.555555555555555,11.11111111111111,,0.0,11.11111111111111,0.0,10.81081081081081,12.162162162162163,10.81081081081081,1.3513513513513513,0.0,1.3513513513513513,22.0,19.0,11.65,10.06,4.24,1.59,29.7,25.7,74.0
204,Max Lazar,PHI,0.0,40.09433962264151,40.09433962264151,212,6.0,6.0,,0.0,8.0,,18.534175863296547,9.834460662157351,9.077963688145248,2.647739409042364,,0.378248487006052,32.87735849056604,11.226415094339623,7.37,2.51,4.36,1.27,19.339622641509436,6.603773585,0.0,36.0,41.1,170.0,2.7777777777777777,2.7777777777777777,,2.7777777777777777,2.7777777777777777,0.0,24.11764705882353,13.529411764705882,12.941176470588237,4.117647058823529,0.0,0.0,26.0,12.0,5.66,2.61,4.79,1.28,15.3,7.1,170.0
206,Jose Ruiz,PHI,0.0,18.344569288389515,18.344569288389515,267,3.225806451612903,4.838709677419354,,0.0,16.129032258064516,,6.4273590596024635,3.6569456718427804,3.435312600822006,0.8865322840830983,,0.22163307102077456,18.344569288389515,7.397003745318352,9.05,3.68,4.45,1.35,23.220973782771537,9.363295880149812,0.0,18.0,16.1,79.0,5.555555555555555,0.0,,0.0,16.666666666666664,0.0,29.11392405063291,21.518987341772153,20.253164556962027,3.79746835443038,0.0,0.0,15.0,9.0,8.27,4.96,8.82,1.96,19.0,11.4,79.0
207,Yuki Matsui,SDP,0.0,64.42105263157895,64.42105263157895,228,5.555555555555555,3.7037037037037033,,0.0,11.11111111111111,,22.499230532471525,12.557710064635272,11.511234225915667,3.139427516158818,,1.046475838719606,73.96491228070175,29.82456140350877,10.39,4.19,3.69,1.27,27.192982456140353,10.964912280701752,0.0,61.0,63.1,272.0,4.918032786885246,1.639344262295082,,1.639344262295082,4.918032786885246,0.0,19.485294117647058,10.661764705882353,10.294117647058822,3.6764705882352944,0.7352941176470588,0.3676470588235294,61.0,33.0,8.67,4.69,3.98,1.36,22.399999999999988,12.1,272.0
210,Ryan Gusto,HOU,7.467032967032967,67.2032967032967,104.53846153846156,182,7.407407407407408,7.407407407407408,,0.0,3.703703703703704,,57.43871513102283,31.454534476512496,28.719357565511416,8.205530733003261,,2.735176911001087,82.13736263736264,37.33516483516483,7.16,3.28,4.47,1.37,18.13186813186813,8.241758241758241,17.0,27.0,101.2,453.0,25.925925925925924,25.925925925925924,,0.0,0.0,0.0,25.165562913907287,14.79028697571744,14.1280353200883,3.7527593818984544,0.0,1.1037527593818985,97.0,36.0,8.59,3.19,5.67,1.48,21.4,7.9,453.0
211,Justin Lawrence,COL,0.0,15.36131386861314,15.36131386861314,274,6.557377049180328,8.196721311475411,,1.639344262295082,16.393442622950822,,5.422505194736002,3.216740369758645,2.9410197666364755,0.551441206244339,,0.551441206244339,13.598540145985403,7.554744525547446,8.02,4.38,4.67,1.46,19.708029197080293,10.948905109489052,0.0,17.0,17.2,69.0,5.88235294117647,0.0,,0.0,35.294117647058826,5.88235294117647,13.043478260869565,1.4492753623188406,1.4492753623188406,0.0,2.898550724637681,2.898550724637681,23.0,8.0,11.72,4.08,0.51,0.96,33.29999999999999,11.599999999999987,69.0
212,Kyle Finnegan,,0.0,53.73646209386281,53.73646209386281,277,9.23076923076923,9.23076923076923,,0.0,0.0,,18.50408580849483,9.550495901158623,8.953589907336209,2.686076972200863,,0.29845299691120697,50.42960288808664,19.841155234657037,8.39,3.36,4.12,1.32,22.021660649819495,8.664259927797833,0.0,56.0,57.0,229.0,7.142857142857142,7.142857142857142,,42.857142857142854,5.357142857142857,12.5,19.65065502183406,10.480349344978166,9.606986899563319,1.7467248908296942,0.8733624454148471,0.43668122270742354,55.0,18.0,8.68,2.84,3.47,1.11,24.0,7.9,229.0
215,Luke Jackson,,0.0,50.63583815028902,50.63583815028902,173,7.5,5.0,,0.0,0.0,,26.342343546393128,13.90290353837415,13.171171773196564,3.6586588258879353,,1.463463530355174,54.433526011560694,24.052023121387283,9.7,4.19,4.0,1.37,24.85549132947977,10.982658959537572,0.0,52.0,51.0,219.0,3.8461538461538463,9.615384615384617,,17.307692307692307,7.6923076923076925,3.8461538461538463,18.72146118721461,13.698630136986301,10.50228310502283,1.82648401826484,2.28310502283105,1.36986301369863,38.0,28.0,6.71,4.94,4.06,1.35,17.4,12.8,219.0
220,Phil Maton,,0.0,57.985611510791365,57.985611510791365,278,4.615384615384616,3.076923076923077,,0.0,0.0,,18.290978727809122,10.589514000310544,9.947725273018994,2.5671549091661925,,2.5671549091661925,58.87769784172662,22.302158273381295,9.11,3.46,4.24,1.26,23.7410071942446,8.992805755395683,0.0,63.0,61.1,248.0,6.349206349206349,7.936507936507936,,7.936507936507936,34.92063492063492,7.936507936507936,16.93548387096774,8.46774193548387,7.661290322580645,1.2096774193548387,0.8064516129032258,2.82258064516129,81.0,23.0,11.89,3.38,2.79,1.06,32.7,9.3,248.0
221,Bryan Baker,BAL,0.0,64.96907216494846,64.96907216494846,194,6.521739130434782,6.521739130434782,,0.0,2.1739130434782608,,29.121054309703474,16.016579870336916,14.56052715485174,2.912105430970348,,1.456052715485174,63.55670103092784,26.835051546391753,8.88,3.76,3.93,1.29,23.195876288659793,9.793814432989691,0.0,73.0,68.2,274.0,5.47945205479452,5.47945205479452,,4.10958904109589,26.027397260273972,8.21917808219178,21.532846715328464,12.043795620437956,11.313868613138686,4.744525547445255,0.0,0.0,83.0,17.0,10.88,2.23,4.06,1.11,30.3,6.2,274.0
223,Daniel Lynch IV,KCR,2.2578125,58.703125,66.60546875,256,3.8461538461538463,5.769230769230769,,0.0,7.6923076923076925,,26.89971923828125,14.111328125,12.78839111328125,3.52783203125,,0.8819580078125,53.05859375,21.44921875,7.24,2.95,4.5,1.36,18.359375,7.421875,2.0,57.0,67.2,289.0,10.526315789473683,3.508771929824561,,1.7543859649122806,12.280701754385964,0.0,22.837370242214533,8.304498269896193,7.958477508650519,2.768166089965398,0.34602076124567477,2.0761245674740483,45.0,26.0,5.99,3.46,3.06,1.36,15.6,9.0,289.0
225,Mike Burrows,PIT,6.121827411167513,73.46192893401016,93.86802030456852,197,5.555555555555555,8.333333333333332,,0.0,2.7777777777777777,,46.6128990698034,25.896055038779664,23.82437063567729,6.21505320930712,,2.0716844031023736,77.54314720812184,36.73096446700508,7.37,3.44,4.54,1.35,19.289340101522843,9.137055837563452,19.0,23.0,96.0,402.0,8.695652173913043,17.391304347826086,,0.0,0.0,0.0,21.890547263681594,10.696517412935323,10.44776119402985,3.233830845771144,0.24875621890547264,1.2437810945273633,97.0,31.0,9.09,2.91,3.94,1.24,24.1,7.7,402.0
226,JT Brubaker,NYY,1.3657587548638133,21.396887159533073,26.859922178988327,257,6.382978723404256,6.382978723404256,,0.0,2.127659574468085,,10.451331587154991,6.022801253614741,5.66851882693152,1.7714121334161,,0.70856485336644,25.038910505836576,9.105058365758754,8.33,3.05,4.81,1.33,21.40077821011673,7.782101167315175,1.0,17.0,28.2,117.0,0.0,0.0,,0.0,0.0,0.0,19.65811965811966,10.256410256410255,10.256410256410255,0.0,0.8547008547008548,0.8547008547008548,22.0,12.0,6.91,3.77,3.77,1.22,18.8,10.3,117.0
228,Carson Whisenhunt,SFG,1.6721311475409837,19.229508196721312,23.40983606557377,122,4.3478260869565215,4.3478260869565215,,0.0,4.3478260869565215,,18.50309056705187,9.594195108841708,8.908895458210157,2.0558989518946515,,0.6852996506315507,21.737704918032787,9.196721311475413,8.41,3.54,4.25,1.37,21.311475409836063,9.016393443,5.0,5.0,23.1,102.0,40.0,20.0,,0.0,0.0,0.0,21.568627450980394,13.725490196078432,12.745098039215685,5.88235294117647,0.0,1.9607843137254901,16.0,12.0,6.17,4.63,5.01,1.46,15.7,11.8,102.0
230,Travis Adams,MIN,2.8990825688073394,27.541284403669724,36.23853211009174,109,5.263157894736842,10.526315789473683,,0.0,5.263157894736842,,34.57621412339029,18.617961451056306,17.28810706169514,3.9895631680834946,,1.329854389361165,27.541284403669724,11.596330275229358,6.81,2.94,4.54,1.37,17.431192660550458,7.339449541284404,2.0,18.0,33.2,158.0,5.555555555555555,22.22222222222222,,0.0,11.11111111111111,5.555555555555555,24.68354430379747,18.354430379746837,17.72151898734177,3.79746835443038,0.0,1.89873417721519,31.0,17.0,8.29,4.54,7.49,1.66,19.6,10.8,158.0
232,Brant Hurter,DET,0.0,65.95238095238095,65.95238095238095,210,6.000000000000001,6.000000000000001,,0.0,8.0,,30.149659863945576,15.702947845804987,14.44671201814059,3.768707482993197,,2.512471655328798,52.76190476190476,15.82857142857143,7.22,2.13,4.1,1.19,19.047619047619047,5.714285714285714,4.0,43.0,63.0,277.0,9.30232558139535,6.976744186046512,,4.651162790697675,11.627906976744185,0.0,20.577617328519857,9.386281588447654,6.137184115523466,1.444043321299639,1.083032490974729,3.9711191335740073,68.0,27.0,9.71,3.86,2.43,1.33,24.5,9.69999999999999,277.0
234,Kody Funderburk,MIN,0.0,41.82857142857143,41.82857142857143,210,4.166666666666666,4.166666666666666,,0.0,2.083333333333333,,18.258503401360542,9.959183673469388,9.129251700680271,2.0748299319727894,,1.6598639455782314,42.7,17.42857142857143,9.15,3.84,4.13,1.34,23.333333333333332,9.523809523809524,0.0,39.0,41.0,183.0,10.256410256410255,2.564102564102564,,2.564102564102564,17.94871794871795,0.0,24.043715846994534,9.289617486338798,8.743169398907105,1.092896174863388,0.546448087431694,1.639344262295082,40.0,18.0,8.78,3.95,3.51,1.51,21.899999999999988,9.8,183.0
235,Joe Ross,PHI,1.6521739130434785,46.26086956521739,52.04347826086956,276,5.357142857142857,5.357142857142857,,0.0,10.714285714285714,,18.85633270321361,10.475740390674229,9.877126654064272,2.3944549464398235,,0.8979206049149338,43.78260869565217,20.652173913043477,7.58,3.55,4.74,1.41,19.202898550724637,9.057971014492754,1.0,37.0,51.0,228.0,5.405405405405405,2.7027027027027026,,0.0,0.0,5.405405405405405,25.0,13.157894736842104,12.719298245614036,3.508771929824561,0.43859649122807015,1.3157894736842104,39.0,18.0,6.88,3.18,5.12,1.47,17.1,7.9,228.0
236,Hurston Waldrep,ATL,4.770833333333333,31.805555555555554,50.888888888888886,144,10.0,10.0,,0.0,5.0,,35.3395061728395,19.87847222222222,17.66975308641975,4.417438271604937,,1.1043595679012344,46.11805555555555,23.854166666666664,8.14,4.21,4.6,1.47,20.13888888888889,10.416666666666668,9.0,10.0,56.1,229.0,60.0,10.0,,0.0,0.0,0.0,19.65065502183406,7.860262008733625,7.860262008733625,1.3100436681222707,0.43668122270742354,1.3100436681222707,55.0,22.0,8.79,3.51,2.88,1.19,24.0,9.6,229.0
237,Shawn Dubin,HOU,0.0,32.74193548387097,32.74193548387097,248,3.571428571428572,5.357142857142858,,0.0,12.5,,11.787851196670134,6.365439646201873,5.893925598335067,1.1787851196670136,,0.7072710718002082,34.49596774193549,16.370967741935484,9.46,4.56,4.05,1.41,23.790322580645164,11.29032258064516,0.0,30.0,33.2,145.0,6.666666666666667,0.0,,0.0,26.666666666666668,3.3333333333333335,25.517241379310345,13.10344827586207,13.10344827586207,4.137931034482759,0.0,1.3793103448275863,28.0,11.0,7.49,2.94,5.08,1.43,19.3,7.6,145.0
239,Bradley Blalock,COL,5.030487804878049,41.920731707317074,62.042682926829265,164,4.0,12.0,,0.0,4.0,,40.8982748364069,23.516508030933966,21.47159428911362,6.134741225461034,,1.0224568709101725,45.27439024390244,23.47560975609756,6.64,3.5,5.07,1.47,16.463414634146343,8.536585365853659,12.0,14.0,58.2,275.0,14.285714285714285,42.857142857142854,,0.0,0.0,0.0,30.909090909090907,22.181818181818183,22.181818181818183,6.181818181818182,0.36363636363636365,1.090909090909091,27.0,23.0,4.14,3.53,9.36,1.84,9.8,8.4,275.0
241,Brenan Hanifee,DET,0.0,61.1764705882353,61.1764705882353,187,4.545454545454546,4.545454545454546,,0.0,2.272727272727272,,32.71469015413652,15.613829391746977,14.126798021104406,3.717578426606423,,1.487031370642569,45.88235294117647,15.294117647058824,6.78,2.34,3.97,1.26,17.647058823529413,5.882352941,0.0,54.0,60.0,260.0,5.555555555555555,5.555555555555555,,0.0,18.51851851851852,1.8518518518518516,25.0,11.923076923076923,7.6923076923076925,1.153846153846154,0.7692307692307693,0.7692307692307693,40.0,14.0,6.0,2.1,3.0,1.32,15.4,5.4,260.0
243,Colton Gordon,HOU,6.954128440366972,66.06422018348624,86.92660550458714,109,5.263157894736842,5.263157894736842,,0.0,5.263157894736842,,79.74917936200654,41.46957326824341,38.27960609376315,12.75986869792105,,3.1899671744802625,76.4954128440367,31.293577981651374,7.84,3.17,4.27,1.33,20.18348623853211,8.256880733944955,14.0,20.0,86.0,379.0,30.0,20.0,,5.0,0.0,0.0,27.176781002638524,14.24802110817942,13.456464379947231,5.540897097625329,0.5277044854881267,0.5277044854881267,72.0,19.0,7.53,1.99,5.34,1.42,19.0,5.0,379.0
248,Huascar Brazoban,NYM,0.0,60.35602094240838,60.35602094240838,191,4.545454545454546,4.545454545454546,,0.0,2.272727272727273,,26.572736492968946,15.80000548230586,14.363641347550779,2.872728269510156,,1.436364134755078,63.09947643979058,30.17801047120419,9.33,4.5,4.17,1.35,24.083769633507853,11.518324607329845,3.0,52.0,63.0,262.0,9.615384615384617,3.8461538461538463,,3.8461538461538463,23.076923076923077,7.6923076923076925,19.46564885496183,11.068702290076336,9.541984732824428,2.2900763358778624,0.38167938931297707,1.5267175572519083,57.0,27.0,8.14,3.86,3.57,1.24,21.8,10.3,262.0
249,Seth Halvorsen,COL,0.0,39.48913043478261,39.48913043478261,276,7.936507936507936,11.111111111111112,,14.285714285714285,12.698412698412698,,13.853444654484354,7.948697752572989,7.267380802352445,1.8168452005881117,,1.1355282503675699,36.981884057971016,16.297101449275363,8.37,3.76,4.61,1.39,21.37681159,9.420289855072465,0.0,42.0,39.2,173.0,2.380952380952381,4.761904761904762,,26.190476190476193,9.523809523809524,7.142857142857142,23.699421965317917,15.028901734104046,12.716763005780345,4.046242774566474,0.5780346820809248,0.0,36.0,21.0,8.17,4.76,4.99,1.56,20.8,12.1,173.0
252,Tanner Gordon,COL,4.884057971014493,63.49275362318841,78.14492753623189,138,7.692307692307692,11.538461538461538,,0.0,3.846153846153846,,63.70510396975426,33.622138206259194,31.85255198487713,8.847931106910313,,1.7695862213820628,53.72463768115942,19.536231884057973,6.15,2.3,5.05,1.41,15.942028985507244,5.797101449275362,15.0,15.0,75.1,337.0,40.0,53.333333333333336,,0.0,0.0,0.0,28.486646884272997,17.804154302670625,15.727002967359049,4.747774480712167,0.0,0.8902077151335311,62.0,17.0,7.41,2.03,6.33,1.5,18.4,5.0,337.0
253,Chase Lee,DET,0.0,34.8235294117647,34.8235294117647,102,4.166666666666667,4.166666666666667,,0.0,4.166666666666667,,31.295655517108806,15.647827758554403,14.225297962322184,2.8450595924644366,,1.4225297962322183,34.8235294117647,11.607843137254902,8.87,2.96,3.7,1.23,23.52941176470588,7.84313725490196,0.0,32.0,37.1,148.0,12.5,3.125,,0.0,12.5,3.125,21.62162162162162,11.486486486486488,11.486486486486488,4.72972972972973,0.6756756756756757,1.3513513513513513,36.0,9.0,8.68,2.17,4.1,1.1,24.3,6.1,148.0
256,Carlos Hernandez,KCR,0.0,47.25925925925927,47.25925925925927,189,4.545454545454545,6.8181818181818175,,0.0,2.2727272727272725,,22.73172643543014,13.070742700372328,11.934156378600825,2.273172643543014,,0.5682931608857535,44.03703703703704,21.481481481481485,8.39,4.0,4.26,1.35,21.693121693121693,10.582010582010582,0.0,41.0,43.1,203.0,2.4390243902439024,0.0,,0.0,2.4390243902439024,0.0,24.63054187192118,15.763546798029557,14.77832512315271,1.9704433497536946,0.49261083743842365,0.9852216748768473,39.0,22.0,8.1,4.57,6.23,1.66,19.2,10.8,203.0
258,Tim Mayza,PIT,0.0,17.100840336134453,17.100840336134453,238,3.6363636363636362,3.6363636363636362,,0.0,7.272727272727273,,7.577148506461408,3.5272932702492765,3.2660122872678485,0.7838429489442836,,0.1306404914907139,12.436974789915968,5.907563025210084,6.55,3.08,4.05,1.39,16.80672268907563,7.9831932773109235,0.0,15.0,16.2,74.0,0.0,0.0,,0.0,0.0,0.0,22.972972972972975,9.45945945945946,9.45945945945946,2.7027027027027026,0.0,2.7027027027027026,15.0,5.0,8.1,2.7,3.78,1.32,20.3,6.800000000000001,74.0
261,Emilio Pagan,CIN,0.0,65.95419847328245,65.95419847328245,262,6.25,7.8125,,4.6875,18.750000000000004,,23.600023308664998,14.160013985198997,12.980012819765749,4.720004661733,,0.3933337218110833,65.95419847328245,20.610687022900763,8.94,2.8,4.66,1.24,24.427480916030532,7.633587786259542,0.0,70.0,68.2,270.0,2.857142857142857,5.714285714285714,,45.714285714285715,2.857142857142857,8.571428571428571,15.185185185185185,9.62962962962963,8.148148148148149,3.7037037037037033,0.0,0.7407407407407408,81.0,22.0,10.62,2.88,2.88,0.92,30.0,8.1,270.0
262,Brandon Eisert,CHW,0.0,71.39999999999999,71.39999999999999,120,3.571428571428572,3.571428571428572,,0.0,3.571428571428572,,57.375,29.75,27.625,6.375,,2.125,66.3,25.5,8.28,3.22,4.14,1.31,21.666666666666668,8.333333333333332,3.0,72.0,69.2,306.0,4.166666666666666,11.11111111111111,,2.7777777777777777,11.11111111111111,4.166666666666666,24.509803921568626,11.76470588235294,11.11111111111111,3.9215686274509802,1.9607843137254901,1.6339869281045754,74.0,25.0,9.56,3.23,4.39,1.44,24.2,8.19999999999999,306.0
266,Sean Hjelle,SFG,0.0,16.729166666666664,16.729166666666664,288,6.060606060606061,4.545454545454546,,0.0,19.6969696969697,,5.984760802469136,2.904369212962963,2.7283468364197527,0.6160783179012346,,0.5280671296296297,13.6875,5.069444444444445,7.35,2.71,4.16,1.33,18.75,6.944444444444445,1.0,12.0,15.0,73.0,8.333333333333332,8.333333333333332,,0.0,0.0,0.0,28.767123287671232,17.80821917808219,17.80821917808219,2.73972602739726,2.73972602739726,0.0,11.0,9.0,6.6,5.4,7.8,2.0,15.1,12.3,73.0
267,Shelby Miller,,0.0,45.36585365853659,45.36585365853659,205,8.0,10.0,,0.0,0.0,,18.588935157644258,11.507436049970256,10.622248661511007,2.6555621653777517,,1.3277810826888758,41.73658536585366,17.2390243902439,8.3,3.4,4.34,1.22,22.439024390243905,9.268292682926829,0.0,48.0,46.0,186.0,8.333333333333332,6.25,,20.833333333333336,18.75,10.416666666666668,17.741935483870968,9.13978494623656,7.526881720430108,2.6881720430107525,2.1505376344086025,2.1505376344086025,54.0,15.0,10.57,2.93,2.74,1.04,28.999999999999996,8.1,186.0
268,Justin Wilson,BOS,0.0,45.72289156626506,45.72289156626506,249,5.454545454545454,5.454545454545454,,0.0,12.727272727272728,,19.698069385977647,9.682101901582232,9.014370735955872,2.6709246625054432,,0.6677311656263608,46.55421686746988,15.795180722891567,9.18,3.15,4.46,1.43,22.48995983935743,7.630522088353414,0.0,61.0,48.1,207.0,6.557377049180328,1.639344262295082,,0.0,29.508196721311474,6.557377049180328,23.18840579710145,10.628019323671497,8.695652173913043,1.4492753623188406,1.4492753623188406,0.966183574879227,57.0,20.0,10.61,3.72,3.35,1.41,27.500000000000004,9.69999999999999,207.0
272,Drew Pomeranz,SEA,0.0,47.578125,47.578125,64,0.0,6.666666666666667,,0.0,6.666666666666667,,64.4287109375,34.6923828125,34.6923828125,4.9560546875,,0.0,50.75,22.203125,9.56,3.98,3.98,1.33,25.0,10.9375,4.0,57.0,49.2,203.0,3.508771929824561,3.508771929824561,,1.7543859649122806,24.561403508771928,3.508771929824561,18.7192118226601,6.896551724137931,5.911330049261084,2.4630541871921183,0.49261083743842365,2.4630541871921183,57.0,15.0,10.33,2.72,2.17,1.07,28.1,7.4,203.0
277,Jack Dreyer,LAD,0.0,71.85106382978724,71.85106382978724,94,9.090909090909092,4.545454545454546,,0.0,4.545454545454546,,69.48845631507471,38.21865097329108,34.74422815753736,10.423268447261204,,0.0,71.85106382978724,26.127659574468087,9.12,3.27,4.13,1.28,23.404255319148938,8.510638298,5.0,67.0,76.1,307.0,4.477611940298507,2.9850746268656714,,5.970149253731343,14.925373134328357,1.4925373134328357,18.241042345276874,8.469055374592834,8.143322475570033,1.3029315960912053,1.6286644951140066,0.0,74.0,24.0,8.72,2.83,2.95,1.05,24.1,7.8,307.0
278,Michael Kelly,ATH,0.0,38.535714285714285,38.535714285714285,112,7.6923076923076925,3.8461538461538463,,0.0,3.8461538461538463,,33.08354591836735,17.20344387755102,15.880102040816327,2.6466836734693877,,1.3233418367346939,35.57142857142857,14.821428571428571,8.3,3.4,4.04,1.32,21.428571428571427,8.928571428571429,0.0,42.0,39.2,166.0,9.523809523809524,9.523809523809524,,4.761904761904762,16.666666666666664,2.380952380952381,19.27710843373494,10.240963855421686,8.433734939759036,3.0120481927710845,1.8072289156626504,0.6024096385542169,29.0,19.0,6.58,4.31,3.18,1.29,17.5,11.4,166.0
279,Andrew Saalfrank,ARI,0.0,25.84967320261438,25.84967320261438,153,8.571428571428571,5.714285714285714,,0.0,2.857142857142857,,14.964329958562947,7.723525139903456,6.758084497415524,1.448160963731898,,0.482720321243966,25.84967320261438,13.294117647058824,8.94,4.67,3.69,1.4,22.875816993464053,11.76470588235294,0.0,28.0,29.0,113.0,7.142857142857142,3.571428571428571,,10.714285714285714,17.857142857142858,7.142857142857142,16.8141592920354,4.424778761061947,3.5398230088495577,0.8849557522123894,0.8849557522123894,0.0,19.0,10.0,5.9,3.1,1.24,1.0,16.8,8.799999999999999,113.0
280,Nick Sandlin,TOR,0.0,16.684426229508194,16.684426229508194,244,6.779661016949152,6.779661016949152,,0.0,20.33898305084746,,5.447124428916958,3.1291991400161243,2.8974066111260415,0.9271701155603332,,0.4635850577801666,18.098360655737704,7.069672131147541,9.78,3.88,3.88,1.22,26.229508196721312,10.245901639344265,0.0,19.0,16.1,69.0,0.0,10.526315789473683,,5.263157894736842,26.31578947368421,15.789473684210526,15.942028985507244,10.144927536231885,5.797101449275362,2.898550724637681,0.0,2.898550724637681,16.0,8.0,8.82,4.41,2.2,1.16,23.19999999999999,11.599999999999987,69.0
281,Cam Booser,CHW,0.0,32.83703703703704,32.83703703703704,270,6.451612903225806,8.064516129032258,,0.0,16.129032258064516,,11.96570644718793,6.6694101508916335,6.2770919067215365,1.7654320987654324,,0.19615912208504802,32.83703703703704,13.770370370370372,9.0,3.83,4.6,1.4,22.96296296296296,9.62962963,0.0,39.0,31.0,143.0,5.128205128205128,10.256410256410255,,2.564102564102564,20.51282051282051,7.6923076923076925,19.58041958041958,15.384615384615385,13.286713286713287,5.594405594405594,0.6993006993006993,1.3986013986013985,35.0,19.0,10.16,5.52,5.52,1.52,24.5,13.3,143.0
282,Hunter Stratton,PIT,0.0,20.6219512195122,20.6219512195122,82,5.263157894736842,5.263157894736842,,0.0,5.263157894736842,,23.825104104699587,11.912552052349794,11.912552052349794,2.647233789411065,,1.3236168947055327,19.53658536585366,7.597560975609756,8.65,3.53,4.06,1.31,21.951219512195124,8.536585365853659,0.0,15.0,19.0,89.0,6.666666666666667,6.666666666666667,,6.666666666666667,20.0,6.666666666666667,25.842696629213485,13.48314606741573,12.359550561797752,3.3707865168539324,0.0,3.3707865168539324,16.0,7.0,7.58,3.32,5.21,1.58,18.0,7.9,89.0
283,Ian Gibaut,CIN,0.0,24.612903225806452,24.612903225806452,93,4.761904761904763,9.523809523809526,,0.0,4.761904761904763,,26.465487339576832,15.123135622615333,13.86287432073072,3.7807839056538333,,1.2602613018846112,23.440860215053764,10.548387096774194,8.63,3.67,4.59,1.41,21.50537634408602,9.677419355,0.0,25.0,25.1,109.0,0.0,4.0,,0.0,12.0,4.0,23.853211009174313,11.926605504587156,11.926605504587156,2.7522935779816518,0.0,0.0,15.0,8.0,5.33,2.84,4.62,1.34,13.8,7.3,109.0
284,Brendon Little,TOR,0.0,67.15447154471545,67.15447154471545,246,5.357142857142857,3.571428571428571,,0.0,17.857142857142858,,25.34866812082755,13.161808447352765,12.186859673474784,2.924846321633948,,1.462423160816974,57.5609756097561,29.979674796747968,7.74,4.1,4.1,1.38,19.51219512195122,10.16260162601626,0.0,79.0,68.1,295.0,5.063291139240507,2.5316455696202533,,1.2658227848101267,37.9746835443038,3.79746835443038,16.271186440677965,9.491525423728813,7.796610169491526,0.6779661016949152,1.3559322033898304,0.6779661016949152,91.0,45.0,11.99,5.93,3.03,1.36,30.8,15.3,295.0
285,Quinn Priester,BOS,0.0,150.6923076923077,150.6923076923077,156,5.555555555555555,5.555555555555555,,0.0,2.7777777777777777,,99.28090072320842,50.982084155161076,48.29881656804734,10.733070348454966,,5.366535174227483,121.39102564102564,50.23076923076923,7.18,3.03,4.39,1.35,18.58974358974359,7.6923076923076925,24.0,29.0,157.1,653.0,44.827586206896555,10.344827586206897,,0.0,0.0,0.0,22.2052067381317,9.494640122511486,8.88208269525268,2.756508422664625,0.0,0.9188361408882083,132.0,50.0,7.55,2.86,3.32,1.24,20.19999999999999,7.7,653.0
287,Anthony Molina,COL,0.0,36.41379310344828,36.41379310344828,145,3.03030303030303,3.03030303030303,,0.0,3.03030303030303,,27.395957193816884,14.4589774078478,13.697978596908442,3.043995243757432,,0.760998810939358,24.275862068965516,11.03448275862069,5.95,2.74,4.8,1.4,15.172413793103448,6.896551724137931,1.0,17.0,34.2,160.0,5.88235294117647,5.88235294117647,,0.0,0.0,0.0,32.5,18.75,17.5,7.5,0.0,1.25,24.0,6.0,6.23,1.56,7.27,1.67,15.0,3.8,160.0
289,Joe Boyle,TBR,3.067873303167421,39.882352941176464,50.10859728506787,221,7.692307692307694,10.256410256410257,,0.0,2.5641025641025643,,18.509039536455028,12.493601687107143,11.568149710284391,2.3136299420568784,,1.388177965234127,57.26696832579185,34.76923076923077,10.3,6.2,4.6,1.51,25.339366515837103,15.384615384615383,9.0,13.0,52.0,226.0,7.6923076923076925,30.76923076923077,,0.0,0.0,0.0,19.02654867256637,14.601769911504425,11.946902654867257,2.6548672566371683,0.4424778761061947,1.3274336283185841,58.0,28.0,10.04,4.85,4.67,1.37,25.7,12.4,226.0
292,Collin Snider,SEA,0.0,27.235915492957748,27.235915492957748,284,7.692307692307692,4.615384615384615,,4.615384615384615,18.46153846153846,,8.999950406665343,4.721285459234279,4.4262051180321365,1.0327811942074985,,0.4426205118032136,25.559859154929576,12.151408450704226,8.41,3.97,4.13,1.38,21.47887323943662,10.211267605633804,0.0,24.0,26.1,119.0,8.333333333333332,4.166666666666666,,0.0,16.666666666666664,0.0,26.89075630252101,16.80672268907563,13.445378151260504,2.5210084033613445,0.8403361344537815,1.680672268907563,24.0,6.0,8.2,2.05,5.47,1.44,20.19999999999999,5.0,119.0
295,Matt Festa,,0.0,53.325842696629216,53.325842696629216,89,4.761904761904762,9.523809523809524,,0.0,4.761904761904762,,54.210326978916804,31.384926145688674,28.53175104153516,5.706350208307032,,2.853175104153516,50.78651685393258,20.314606741573034,8.65,3.53,4.24,1.29,22.47191011235955,8.988764045,0.0,63.0,54.2,226.0,7.936507936507936,6.349206349206349,,0.0,19.047619047619047,3.1746031746031744,19.469026548672566,12.831858407079647,11.061946902654867,1.7699115044247788,0.8849557522123894,2.2123893805309733,56.0,15.0,9.22,2.47,4.12,1.08,24.8,6.6000000000000005,226.0
299,Clayton Beeter,NYY,0.0,24.074074074074073,24.074074074074073,216,6.000000000000001,6.000000000000001,,0.0,7.999999999999999,,9.585048010973935,5.795610425240053,5.349794238683128,1.5603566529492454,,0.668724279835391,25.518518518518515,11.074074074074073,9.57,4.22,4.33,1.33,24.53703703703704,10.648148148148149,0.0,26.0,25.1,104.0,0.0,11.538461538461538,,3.8461538461538463,34.61538461538461,7.6923076923076925,12.5,11.538461538461538,11.538461538461538,2.8846153846153846,0.0,0.0,33.0,18.0,11.72,6.39,4.26,1.22,31.7,17.299999999999997,104.0
303,Joey Wentz,PIT,0.0,100.59310344827584,100.59310344827584,290,4.545454545454546,4.545454545454546,,0.0,12.121212121212123,,33.63614744351962,18.39476813317479,17.343638525564803,4.730083234244947,,1.051129607609988,100.59310344827584,44.2,8.97,3.95,4.48,1.41,22.758620689655174,10.0,13.0,39.0,98.0,442.0,12.82051282051282,17.94871794871795,,0.0,0.0,2.564102564102564,24.8868778280543,14.93212669683258,13.800904977375566,2.48868778280543,0.6787330316742082,0.22624434389140274,92.0,43.0,8.45,3.95,5.6,1.56,20.8,9.69999999999999,442.0
304,Logan Evans,SEA,9.58904109589041,57.534246575342465,81.5068493150685,73,8.333333333333332,8.333333333333332,,0.0,8.333333333333332,,111.65321823981986,59.11052730343403,52.5426909363858,13.13567273409645,,6.567836367048225,62.32876712328767,28.767123287671232,6.72,3.27,4.51,1.36,17.80821917808219,8.219178082,15.0,16.0,81.1,350.0,37.5,31.25,,0.0,0.0,6.25,23.42857142857143,12.857142857142856,11.142857142857142,3.7142857142857144,0.2857142857142857,1.1428571428571428,59.0,31.0,6.53,3.43,4.32,1.39,16.89999999999999,8.9,350.0
305,Gordon Graceffo,STL,1.9396984924623115,38.79396984924623,44.61306532663316,199,7.5,7.5,,0.0,2.5,,22.905987222544884,12.184035756672813,11.209312896138986,2.9241685816014744,,0.4873614302669124,31.035175879396984,14.547738693467336,6.23,2.97,4.42,1.34,16.08040201005025,7.537688442211055,0.0,26.0,43.0,193.0,11.538461538461538,3.8461538461538463,,3.8461538461538463,0.0,7.6923076923076925,25.906735751295333,17.098445595854923,15.544041450777202,1.0362694300518136,0.0,1.0362694300518136,40.0,13.0,8.37,2.72,6.28,1.47,20.7,6.7,193.0
308,Anthony Banda,LAD,0.0,60.85589519650655,60.85589519650655,229,5.769230769230769,3.8461538461538463,,0.0,13.461538461538463,,26.063576209454435,13.798363875593525,12.776262847771783,3.5773535973760993,,1.533151541732614,58.515283842794766,24.5764192139738,8.66,3.58,4.33,1.38,21.83406113537118,9.170305676855897,1.0,71.0,65.0,268.0,7.042253521126761,1.4084507042253522,,0.0,15.492957746478872,1.4084507042253522,16.791044776119403,8.582089552238806,8.582089552238806,2.9850746268656714,2.2388059701492535,0.7462686567164178,61.0,34.0,8.45,4.71,3.18,1.22,22.8,12.7,268.0
310,Hunter Bigge,TBR,0.0,13.692946058091287,13.692946058091287,241,5.454545454545454,1.8181818181818177,,0.0,12.727272727272728,,4.958592310738451,2.8925121812640966,2.5826001618429433,0.7231280453160243,,0.10330400647371772,15.684647302904564,7.219917012448133,10.24,4.79,4.14,1.4,26.141078838174277,12.033195020746888,0.0,13.0,15.0,60.0,0.0,0.0,,0.0,7.6923076923076925,7.6923076923076925,18.333333333333332,6.666666666666667,6.666666666666667,6.666666666666667,0.0,1.6666666666666667,12.0,5.0,7.2,3.0,2.4,1.07,20.0,8.3,60.0
313,Daniel Palencia,CHC,0.0,49.23664122137404,49.23664122137404,131,3.333333333333334,3.333333333333334,,0.0,3.333333333333334,,31.321018588660337,18.7926111531962,17.539770409649787,3.75852223063924,,2.5056814870928266,54.160305343511446,24.61832061068702,10.04,4.61,4.11,1.35,25.19083969465649,11.450381679389311,0.0,54.0,52.2,215.0,1.8518518518518516,11.11111111111111,,40.74074074074074,11.11111111111111,5.555555555555555,20.46511627906977,8.837209302325581,7.906976744186046,2.3255813953488373,0.46511627906976744,0.9302325581395349,61.0,16.0,10.42,2.73,2.91,1.14,28.4,7.4,215.0
318,Rob Zastryzny,CHC,0.0,21.88235294117647,21.88235294117647,34,0.0,0.0,,0.0,12.5,,56.31487889273357,32.17993079584775,24.134948096885818,8.044982698961938,,0.0,21.88235294117647,8.205882352941178,8.51,3.16,3.89,1.27,23.52941176470588,8.823529411764707,1.0,26.0,22.0,93.0,7.6923076923076925,3.8461538461538463,,0.0,7.6923076923076925,3.8461538461538463,17.20430107526882,7.526881720430108,6.451612903225806,3.225806451612903,3.225806451612903,1.0752688172043012,20.0,10.0,8.18,4.09,2.45,1.18,21.5,10.8,93.0
319,Mason Montgomery,TBR,0.0,48.41698841698842,48.41698841698842,259,3.3333333333333335,3.3333333333333335,,1.6666666666666667,20.0,,17.44756339350934,9.346908960808575,8.72378169675467,2.4925090562156202,,0.9346908960808576,45.996138996139,18.55984555984556,8.59,3.47,4.17,1.32,22.00772200772201,8.880308880308881,0.0,57.0,46.0,209.0,1.7543859649122806,5.263157894736842,,1.7543859649122806,17.543859649122805,5.263157894736842,23.444976076555022,15.311004784688995,13.875598086124402,2.8708133971291865,0.0,0.4784688995215311,63.0,27.0,12.33,5.28,5.67,1.65,30.1,12.9,209.0
321,Randy Rodriguez,SFG,0.0,44.96414342629482,44.96414342629482,251,5.263157894736842,5.263157894736842,,0.0,17.54385964912281,,16.028317010841096,8.799860319677464,8.171298868271933,1.8856843542165995,,1.571403628513833,45.75298804780876,22.087649402390436,9.15,4.43,4.13,1.39,23.107569721115535,11.155378486055776,0.0,50.0,50.2,198.0,6.0,10.0,,8.0,26.0,6.0,17.17171717171717,6.0606060606060606,5.05050505050505,2.0202020202020203,0.0,2.0202020202020203,67.0,11.0,11.9,1.95,1.78,0.89,33.79999999999999,5.59999999999999,198.0
324,Max Kranick,NYM,0.0,34.29268292682927,34.29268292682927,82,5.2631578947368425,5.2631578947368425,,0.0,5.2631578947368425,,41.82034503271863,22.01070791195717,19.809637120761455,4.402141582391434,,2.201070791195717,28.87804878048781,10.829268292682928,7.41,3.04,4.37,1.32,19.51219512195122,7.317073170731707,0.0,24.0,37.0,148.0,12.5,8.333333333333332,,0.0,20.833333333333336,4.166666666666666,22.972972972972975,10.135135135135135,10.135135135135135,3.3783783783783785,0.0,0.0,25.0,5.0,6.08,1.22,3.65,1.05,16.89999999999999,3.4000000000000004,148.0
326,Jake Bird,COL,0.0,55.85585585585585,55.85585585585585,222,4.0,6.0,,0.0,8.0,,25.1602954305657,14.089765441116791,12.58014771528285,3.0192354516678837,,2.51602954305657,45.8018018018018,23.459459459459456,7.43,3.86,4.57,1.43,18.46846846846847,9.459459459,0.0,48.0,55.1,248.0,8.333333333333332,4.166666666666666,,0.0,20.833333333333336,12.5,24.193548387096776,14.919354838709678,13.709677419354838,2.82258064516129,1.6129032258064515,1.2096774193548387,66.0,25.0,10.73,4.07,5.53,1.54,26.6,10.099999999999987,248.0
327,Yerry De Los Santos,NYY,0.0,37.53086419753086,37.53086419753086,162,2.6315789473684217,5.263157894736842,,0.0,2.6315789473684217,,22.557536960829143,11.583600060966315,10.973936899862826,3.0483158055174515,,0.6096631611034903,29.629629629629623,12.839506172839506,7.07,3.13,4.28,1.32,18.51851851851852,8.024691358024691,0.0,25.0,35.2,160.0,0.0,4.0,,0.0,12.0,0.0,23.125,9.375,8.125,0.625,0.0,0.625,28.0,17.0,7.07,4.29,3.28,1.51,17.5,10.6,160.0
328,Bennett Sousa,HOU,0.0,46.09604519774011,46.09604519774011,177,7.317073170731707,7.317073170731707,,0.0,2.4390243902439024,,23.502186472597273,12.70388457978231,11.433496121804076,3.8111653739346933,,0.6351942289891155,47.22033898305085,19.112994350282484,9.31,3.72,4.03,1.31,23.728813559322035,9.604519774,0.0,44.0,50.2,199.0,11.363636363636363,2.272727272727273,,9.090909090909092,15.909090909090908,4.545454545454546,18.592964824120603,9.045226130653267,8.040201005025125,2.0100502512562812,0.0,0.0,59.0,15.0,10.48,2.66,2.84,1.03,29.6,7.5,199.0
331,Bryan King,HOU,0.0,62.97709923664122,62.97709923664122,262,1.6666666666666667,1.6666666666666667,,0.0,20.0,,21.63335469960958,11.21729502942719,10.416059670182392,2.8043237573567974,,2.0030883981119985,62.97709923664122,28.33969465648855,9.0,4.06,3.88,1.35,22.900763358778622,10.30534351145038,0.0,68.0,68.0,275.0,7.352941176470589,5.88235294117647,,2.941176470588235,39.705882352941174,4.411764705882353,21.818181818181817,7.636363636363637,7.636363636363637,3.6363636363636362,0.0,1.4545454545454546,69.0,11.0,9.13,1.46,2.78,1.04,25.1,4.0,275.0
338,Stephen Kolek,SDP,0.0,104.77272727272728,104.77272727272728,176,5.0,5.0,,0.0,2.5,,58.041709710743795,31.253228305785118,29.764979338842974,5.952995867768596,,5.952995867768596,86.4375,39.28977272727273,7.36,3.36,4.39,1.35,18.75,8.522727272727272,19.0,19.0,112.2,461.0,26.31578947368421,36.84210526315789,,0.0,0.0,0.0,21.25813449023861,10.629067245119305,9.544468546637743,1.9522776572668112,0.21691973969631237,1.5184381778741864,77.0,31.0,6.15,2.48,3.51,1.14,16.69999999999999,6.7,461.0
340,Dauri Moreta,PIT,0.0,16.32,16.32,175,7.142857142857142,7.142857142857142,,0.0,2.3809523809523805,,8.215510204081632,4.662857142857143,4.218775510204082,1.3322448979591837,,0.44408163265306116,17.097142857142856,6.605714285714286,9.43,3.58,4.15,1.28,25.142857142857142,9.714285714285714,0.0,18.0,16.2,68.0,5.555555555555555,5.555555555555555,,0.0,11.11111111111111,5.555555555555555,23.52941176470588,11.76470588235294,8.823529411764707,2.941176470588235,1.4705882352941175,0.0,19.0,7.0,10.26,3.78,3.24,1.38,27.89999999999999,10.3,68.0
344,Evan Sisk,KCR,0.0,18.064516129032256,18.064516129032256,155,5.714285714285714,8.571428571428571,,0.0,2.857142857142857,,10.655567117585846,5.993756503642039,5.660770031217481,0.9989594172736732,,0.9989594172736732,17.032258064516128,9.29032258064516,8.37,4.61,4.27,1.42,21.29032258064516,11.612903225806452,0.0,19.0,17.2,80.0,5.263157894736842,5.263157894736842,,0.0,10.526315789473683,0.0,20.0,8.75,8.75,1.25,0.0,2.5,25.0,10.0,12.74,5.09,3.57,1.47,31.3,12.5,80.0
345,Ronny Henriquez,MIN,0.0,69.4375,69.4375,96,4.545454545454546,4.545454545454546,,0.0,4.545454545454546,,72.33072916666666,36.16536458333333,36.16536458333333,9.86328125,,3.2877604166666665,56.8125,25.25,7.56,3.24,4.32,1.36,18.75,8.333333333333332,0.0,69.0,73.0,303.0,10.144927536231885,1.4492753623188406,,10.144927536231885,37.68115942028986,5.797101449275362,17.491749174917494,7.590759075907591,5.9405940594059405,2.6402640264026402,0.6600660066006601,1.3201320132013201,98.0,27.0,12.08,3.33,2.22,1.1,32.29999999999999,8.9,303.0
347,Jimmy Herget,COL,0.0,78.63054187192118,78.63054187192118,203,6.521739130434782,6.521739130434782,,0.0,2.1739130434782608,,41.26040428061831,21.893275740736247,20.20917760683346,5.894343468659759,,2.5261472008541825,70.08374384236453,25.64039408866995,8.02,2.93,4.7,1.39,20.19704433497537,7.389162561576355,0.0,59.0,83.1,347.0,1.694915254237288,3.389830508474576,,0.0,15.254237288135593,1.694915254237288,20.7492795389049,6.9164265129683,6.628242074927954,1.729106628242075,0.2881844380403458,2.0172910662824206,81.0,26.0,8.75,2.81,2.48,1.18,23.3,7.5,347.0
355,Logan Henderson,MIL,0.0,23.571428571428573,23.571428571428573,42,10.0,10.0,,0.0,10.0,,50.51020408163266,28.061224489795922,28.061224489795922,11.224489795918368,,0.0,23.571428571428573,7.071428571428571,9.1,2.69,4.34,1.22,23.809523809523807,7.142857142857142,5.0,5.0,25.1,99.0,60.0,0.0,,0.0,0.0,0.0,17.17171717171717,5.05050505050505,5.05050505050505,3.0303030303030303,0.0,0.0,33.0,8.0,11.72,2.84,1.78,0.99,33.29999999999999,8.1,99.0
359,Alek Jacob,SDP,0.0,35.7258883248731,35.7258883248731,197,2.1739130434782608,2.1739130434782608,,0.0,2.1739130434782608,,16.55801489345255,8.673245896570382,8.279007446726276,2.36543069906465,,1.576953799376433,34.17258883248731,13.203045685279188,8.56,3.34,4.06,1.27,22.33502538071066,8.629441624365482,0.0,29.0,33.1,153.0,3.4482758620689653,0.0,,0.0,6.896551724137931,0.0,23.52941176470588,13.071895424836603,12.418300653594772,3.9215686274509802,0.0,3.9215686274509802,23.0,14.0,6.21,3.78,5.13,1.5,15.0,9.2,153.0
360,Yohan Ramirez,PIT,0.0,34.79591836734694,34.79591836734694,98,4.545454545454545,9.09090909090909,,0.0,4.545454545454545,,32.27821740941275,19.366930445647647,17.753019575177014,3.2278217409412746,,8.069554352353187,33.214285714285715,15.816326530612246,8.49,4.01,4.48,1.34,21.428571428571427,10.20408163265306,0.0,24.0,33.1,155.0,12.5,12.5,,0.0,4.166666666666666,0.0,21.29032258064516,16.129032258064516,12.903225806451612,2.5806451612903225,0.6451612903225806,2.5806451612903225,45.0,16.0,12.15,4.32,5.4,1.47,28.999999999999996,10.3,155.0
362,Mason Englert,DET,0.0,43.02325581395348,43.02325581395348,43,10.0,10.0,,0.0,10.0,,100.05408328826391,50.027041644131955,50.027041644131955,10.005408328826391,,10.005408328826391,38.72093023255814,12.906976744186046,7.82,2.81,4.4,1.28,20.930232558139537,6.976744186046512,0.0,29.0,44.2,185.0,0.0,3.4482758620689653,,0.0,3.4482758620689653,0.0,23.243243243243246,10.81081081081081,10.27027027027027,2.1621621621621623,0.0,0.5405405405405406,44.0,11.0,8.87,2.22,3.83,1.21,23.799999999999997,5.8999999999999995,185.0
367,Matt Gage,DET,0.0,31.904109589041095,31.904109589041095,73,5.88235294117647,5.88235294117647,,0.0,5.88235294117647,,41.13342090448489,23.13754925877275,20.566710452242447,5.141677613060612,,0.0,28.15068493150685,13.136986301369864,8.12,3.95,4.17,1.39,20.54794520547945,9.589041096,2.0,33.0,31.0,137.0,0.0,3.0303030303030303,,0.0,6.0606060606060606,0.0,25.547445255474454,8.02919708029197,8.02919708029197,0.0,0.7299270072992701,1.4598540145985401,27.0,12.0,7.84,3.48,3.19,1.52,19.69999999999999,8.799999999999999,137.0
368,Jake Woodford,COL,0.0,38.857142857142854,38.857142857142854,35,0.0,0.0,,0.0,12.5,,124.89795918367346,69.38775510204081,55.51020408163265,13.877551020408163,,13.877551020408163,29.14285714285714,14.57142857142857,6.45,3.05,4.79,1.41,17.142857142857142,8.571428571428571,0.0,22.0,36.1,170.0,0.0,18.181818181818183,,13.636363636363635,9.090909090909092,18.181818181818183,26.47058823529412,16.470588235294116,15.294117647058824,1.7647058823529411,0.5882352941176471,1.7647058823529411,23.0,13.0,5.7,3.22,6.44,1.6,13.5,7.6,170.0
371,Connor Brogdon,LAA,0.0,46.109756097560975,46.109756097560975,164,5.263157894736842,5.263157894736842,,0.0,2.631578947368421,,25.896044021415825,15.537626412849493,14.79773944080904,4.439321832242713,,1.4797739440809041,47.323170731707314,19.414634146341463,9.33,3.89,4.67,1.36,23.78048780487805,9.756097561,0.0,43.0,47.0,199.0,6.976744186046512,4.651162790697675,,0.0,9.30232558139535,0.0,22.613065326633166,15.577889447236181,14.572864321608039,5.527638190954774,2.0100502512562812,0.0,49.0,18.0,9.38,3.45,5.55,1.34,24.6,9.0,199.0
376,Zack Kelly,BOS,0.0,35.0,35.0,152,5.714285714285714,5.714285714285714,,0.0,2.857142857142857,,20.394736842105264,12.5,11.18421052631579,2.631578947368421,,1.3157894736842104,37.0,18.0,9.52,4.6,4.44,1.39,24.342105263157897,11.842105263157894,0.0,28.0,35.1,152.0,3.571428571428571,10.714285714285714,,0.0,10.714285714285714,7.142857142857142,23.026315789473685,13.815789473684212,11.842105263157894,1.9736842105263157,0.6578947368421052,1.9736842105263157,35.0,12.0,8.92,3.06,4.58,1.33,23.0,7.9,152.0
377,Brent Headrick,MIN,0.0,21.23076923076923,21.23076923076923,156,5.555555555555556,5.555555555555556,,0.0,2.777777777777778,,13.231426692965155,7.182774490466799,6.804733727810652,2.2682445759368832,,0.7560815253122946,21.23076923076923,7.666666666666667,9.0,3.25,4.38,1.33,23.076923076923077,8.333333333333332,0.0,17.0,23.0,92.0,0.0,0.0,,0.0,5.88235294117647,0.0,18.478260869565215,8.695652173913043,8.695652173913043,4.3478260869565215,1.0869565217391304,1.0869565217391304,30.0,7.0,11.74,2.74,3.13,1.04,32.6,7.6,92.0
378,Eric Orze,TBR,0.0,41.0,41.0,178,7.317073170731707,4.878048780487805,,0.0,2.4390243902439024,,20.224719101123593,11.235955056179774,10.674157303370785,2.8089887640449436,,1.1235955056179776,43.0,19.0,9.43,4.16,4.16,1.35,24.15730337078652,10.674157303370784,0.0,33.0,41.2,178.0,3.0303030303030303,3.0303030303030303,,9.090909090909092,3.0303030303030303,0.0,21.34831460674157,8.98876404494382,7.865168539325842,2.247191011235955,0.5617977528089888,1.6853932584269662,40.0,19.0,8.64,4.1,3.02,1.37,22.5,10.7,178.0
379,A.J. Blubaugh,HOU,0.0,28.181818181818183,28.181818181818183,44,10.0,10.0,,0.0,10.0,,64.04958677685951,32.02479338842976,32.02479338842976,6.4049586776859515,,0.0,25.363636363636367,11.272727272727272,7.8,3.41,4.31,1.36,20.454545454545457,9.090909090909092,3.0,11.0,32.0,124.0,27.27272727272727,9.090909090909092,,0.0,0.0,0.0,13.709677419354838,8.870967741935484,4.838709677419355,4.838709677419355,0.0,0.0,35.0,11.0,9.84,3.09,1.69,0.88,28.199999999999996,8.9,124.0
382,Grant Wolfram,MIL,0.0,30.227272727272727,30.227272727272727,110,4.0,4.0,,0.0,4.0,,25.280991735537185,14.289256198347106,13.190082644628099,3.2975206611570247,,1.0991735537190082,29.018181818181816,14.509090909090908,8.78,4.31,4.48,1.42,21.818181818181817,10.909090909090908,0.0,21.0,26.2,133.0,14.285714285714285,4.761904761904762,,0.0,4.761904761904762,0.0,26.31578947368421,15.037593984962406,12.030075187969924,1.5037593984962405,0.7518796992481203,0.7518796992481203,31.0,15.0,10.46,5.06,5.4,1.88,23.3,11.3,133.0
383,Enyel De Los Santos,ATL,0.0,67.44525547445257,67.44525547445257,137,3.03030303030303,3.03030303030303,,0.0,3.03030303030303,,43.26282700197134,22.37732431136449,20.885502690606852,7.459108103788162,,2.983643241515265,69.48905109489051,24.525547445255476,9.15,3.19,3.92,1.24,24.817518248175183,8.759124088,0.0,65.0,66.0,280.0,9.230769230769232,4.615384615384616,,0.0,9.230769230769232,3.076923076923077,21.785714285714285,12.5,11.428571428571429,2.5,0.7142857142857143,0.7142857142857143,62.0,24.0,8.45,3.27,4.36,1.29,22.1,8.6,280.0
389,Adrian Houser,TEX,0.0,119.0,119.0,74,5.88235294117647,5.88235294117647,,0.0,5.88235294117647,,160.8108108108108,94.5945945945946,85.13513513513513,18.91891891891892,,9.45945945945946,84.0,49.0,6.2,3.51,4.81,1.39,16.216216216216218,9.459459459,21.0,21.0,125.0,518.0,38.095238095238095,23.809523809523807,,0.0,0.0,0.0,23.552123552123554,9.45945945945946,8.880308880308881,1.9305019305019304,0.0,1.5444015444015444,92.0,38.0,6.62,2.74,3.31,1.28,17.8,7.3,518.0
391,Taylor Clarke,KCR,0.0,45.77777777777777,45.77777777777777,45,0.0,10.0,,0.0,10.0,,111.90123456790124,61.03703703703703,50.864197530864196,10.172839506172838,,0.0,36.62222222222222,13.733333333333333,7.13,2.98,4.81,1.44,17.77777777777778,6.666666666666667,0.0,51.0,55.1,206.0,1.9607843137254901,1.9607843137254901,,1.9607843137254901,9.803921568627452,1.9607843137254901,18.446601941747574,9.70873786407767,9.70873786407767,3.8834951456310676,0.0,0.48543689320388345,44.0,9.0,7.16,1.46,3.25,0.85,21.4,4.3999999999999995,206.0
395,Shane Smith,CHW,0.0,139.87772925764193,139.87772925764193,229,3.846153846153846,7.69230769230769,,0.0,11.538461538461538,,59.90732442173109,34.06494918098434,31.715642340916457,8.2225739402376,,5.873267100169715,129.117903930131,51.109170305676855,8.35,3.32,4.69,1.35,20.96069868995633,8.296943231441048,29.0,29.0,146.1,616.0,24.137931034482758,27.586206896551722,,0.0,0.0,0.0,18.993506493506494,11.363636363636363,10.064935064935066,2.75974025974026,0.16233766233766234,1.948051948051948,145.0,58.0,8.92,3.57,3.81,1.2,23.5,9.4,616.0
396,Jake Eder,CHW,1.2093023255813953,13.906976744186046,16.930232558139533,129,4.3478260869565215,8.695652173913043,,0.0,4.3478260869565215,,13.59293311700018,7.968271137551828,7.499549305931133,1.8748873264827832,,0.9374436632413916,14.511627906976743,8.465116279069766,7.73,4.5,5.09,1.52,18.60465116,10.852713178294572,0.0,8.0,18.1,78.0,0.0,12.5,,0.0,0.0,0.0,19.230769230769234,12.82051282051282,12.82051282051282,3.8461538461538463,1.282051282051282,1.282051282051282,15.0,9.0,7.36,4.42,4.91,1.31,19.2,11.5,78.0
397,Michael Petersen,TOR,0.0,18.433333333333337,18.433333333333337,60,7.142857142857142,7.142857142857142,,0.0,7.142857142857142,,28.52777777777778,17.555555555555554,15.361111111111114,4.388888888888888,,2.1944444444444446,17.116666666666667,7.9,8.05,3.62,4.43,1.34,21.666666666666668,10.0,0.0,15.0,18.0,79.0,0.0,0.0,,0.0,13.333333333333334,6.666666666666667,22.78481012658228,13.924050632911392,10.126582278481013,3.79746835443038,2.5316455696202533,0.0,17.0,7.0,8.5,3.5,4.0,1.39,21.5,8.9,79.0
400,Josh Simpson,MIA,0.0,33.830601092896174,33.830601092896174,183,4.878048780487805,4.878048780487805,,0.0,2.4390243902439024,,16.683089969840843,9.919675117202663,9.01788647018424,2.25447161754606,,1.803577294036848,37.95628415300546,18.153005464480874,10.02,4.79,4.36,1.43,25.136612021857925,12.021857923497269,0.0,31.0,30.2,151.0,12.903225806451612,6.451612903225806,,0.0,6.451612903225806,6.451612903225806,22.516556291390728,18.543046357615893,16.55629139072848,3.3112582781456954,1.3245033112582782,1.9867549668874174,36.0,22.0,10.57,6.46,7.34,1.83,23.799999999999997,14.6,151.0
