Unnamed: 0,#,Name,Team,G,AB,PA,HIP,H,1B,2B,3B,HR,R,RBI,BB,IBB,SO,HBP,SF,SH,SB,CS,NSB,AVG,OBP,SLG,OPS,BABIP,K%,BB%,real_AB,real_PA,real_HIP,real_H,real_1B,real_2B,real_3B,real_HR,real_R,real_RBI,real_BB,real_IBB,real_SO,real_HBP,real_SF,real_SH,real_SB,real_CS,real_NSB,real_AVG,real_OBP,real_SLG,real_OPS,real_BABIP,real_K%,real_BB%
0,1,Aaron Judge,NYY,145,552.8236220472442,679.0,106.92913385826773,0.2299212598425197,0.7399999999999999,0.26,0.0,0.07244094488188978,0.16062992125984252,0.1952755905511811,0.17165354330708663,0.02204724409448819,0.2598425196850394,0.007874015748031496,0.006299212598425197,0.0,0.012598425196850394,0.0015748031496062992,0.011023622047244094,0.282,0.4094488188976378,0.5996131528046421,1.009061972,0.3225806451612903,25.984251968503933,17.165354330708663,541,679,126,0.26362297496318116,0.746031746031746,0.23809523809523808,0.015873015873015872,0.0780559646539028,0.20176730486008837,0.16789396170839468,0.18262150220913106,0.053019145802650956,0.23564064801178203,0.010309278350515464,0.010309278350515464,0.0,0.017673048600883652,0.007363770250368188,0.010309278350515464,0.331,0.457,0.688,1.144,0.376,23.6,18.3
1,2,Shohei Ohtani,LAD,152,629.7102941176471,727.0,134.70882352941175,0.25147058823529406,0.6984126984126986,0.2619047619047619,0.03968253968253969,0.0661764705882353,0.18676470588235294,0.20441176470588235,0.12058823529411765,0.014705882352941176,0.23088235294117646,0.007352941176470588,0.0058823529411764705,0.0,0.06176470588235294,0.007352941176470588,0.05441176470588235,0.29,0.3794117647058823,0.5925297113752123,0.9719414760810946,0.3222506393861892,23.08823529411765,12.058823529411764,611,727,117,0.23658872077028886,0.7094017094017094,0.21367521367521367,0.07692307692307693,0.07565337001375516,0.20082530949105915,0.14030261348005502,0.1499312242090784,0.027510316368638238,0.25722145804676755,0.0041265474552957355,0.002751031636863824,0.0,0.027510316368638238,0.008253094910591471,0.01925722145804677,0.282,0.392,0.622,1.014,0.315,25.7,15.0
2,3,Juan Soto,NYM,152,561.7857142857143,715.0000000000001,120.23065476190479,0.21726190476190477,0.7522123894201372,0.23008849557522124,0.017699115044247784,0.049107142857142856,0.16071428571428567,0.14880952380952378,0.20386904761904764,0.011904761904761904,0.16220238095238093,0.004464285714285714,0.005952380952380952,0.0,0.010416666666666666,0.005952380952380952,0.004464285714285714,0.277,0.4255952380952381,0.5208333333333334,0.9464285714285714,0.2897435897435897,16.220238095238095,20.386904761904763,577,715,109,0.2125874125874126,0.8073394495412844,0.1834862385321101,0.009174311926605505,0.06013986013986014,0.16783216783216784,0.14685314685314685,0.17762237762237762,0.01818181818181818,0.1916083916083916,0.004195804195804196,0.008391608391608392,0.0013986013986013986,0.05314685314685315,0.005594405594405594,0.04755244755244755,0.263,0.396,0.525,0.921,0.27,19.2,17.8
3,4,Bobby Witt Jr.,KCR,152,624.2649700598802,687.0,150.15269461077844,0.2619760479041916,0.6986301369863013,0.24657534246575344,0.054794520546748826,0.043413173652694606,0.155688622754491,0.15269461077844307,0.07185628742514968,0.00748502994011976,0.16766467065868262,0.008982035928143712,0.010479041916167664,0.0,0.041916167664670656,0.01646706586826347,0.02544910179640718,0.288,0.342814371257485,0.5172981878088962,0.8601125590663813,0.3086680761099366,16.766467065868262,7.185628743,623,687,161,0.2678311499272198,0.6708074534161491,0.2919254658385093,0.037267080745341616,0.033478893740902474,0.14410480349344978,0.12809315866084425,0.07132459970887918,0.011644832605531296,0.1819505094614265,0.011644832605531296,0.010189228529839884,0.0,0.055312954876273655,0.013100436681222707,0.042212518195050945,0.295,0.351,0.501,0.852,0.334,18.2,7.1
4,5,Gunnar Henderson,BAL,152,568.1454545454545,651.0,128.22727272727272,0.23939393939393938,0.7230769230769232,0.22307692307692306,0.05384615384615385,0.04242424242424242,0.1621212121212121,0.14696969696969697,0.1106060606060606,0.0015151515151515154,0.2287878787878788,0.00909090909090909,0.007575757575757575,0.0,0.02424242424242424,0.0060606060606060615,0.01818181818181818,0.274,0.359090909090909,0.4947916666666667,0.8538825757575758,0.3233830845771144,22.87878787878788,11.06060606060606,577,651,141,0.24270353302611367,0.723404255319149,0.24113475177304963,0.03546099290780142,0.026113671274961597,0.130568356374808,0.10445468509984639,0.09523809523809523,0.009216589861751152,0.21044546850998463,0.010752688172043012,0.007680491551459293,0.0,0.04608294930875576,0.007680491551459293,0.03840245775729647,0.274,0.349,0.438,0.787,0.329,21.0,9.5
5,6,Francisco Lindor,NYM,149,647.1951219512196,732.0000000000001,138.3658536585366,0.23018292682926828,0.7338709677419356,0.24193548387096772,0.024193548387096774,0.041158536585365856,0.1478658536585366,0.14176829268292682,0.09146341463414633,0.0030487804878048777,0.1890243902439024,0.01524390243902439,0.007621951219512195,0.0015243902439024393,0.03201219512195121,0.0060975609756097554,0.02591463414634146,0.26,0.3374045801526718,0.4620689655172413,0.7994735456699131,0.2857142857142857,18.902439024390244,9.146341463414634,644,732,141,0.23497267759562843,0.75177304964539,0.24822695035460993,0.0,0.04234972677595628,0.1598360655737705,0.11748633879781421,0.08879781420765027,0.00273224043715847,0.17896174863387979,0.02185792349726776,0.009562841530054645,0.0,0.04234972677595628,0.00819672131147541,0.03415300546448088,0.267,0.346,0.466,0.811,0.288,17.9,8.9
6,7,Julio Rodriguez,SEA,149,649.9230769230769,709.9999999999999,152.9230769230769,0.2569230769230769,0.7928571428571429,0.19285714285714287,0.014285714285714285,0.041538461538461545,0.14153846153846153,0.14000000000000004,0.06923076923076923,0.004615384615384616,0.23846153846153847,0.012307692307692308,0.003076923076923077,0.0,0.041538461538461545,0.01076923076923077,0.03076923076923077,0.281,0.3384615384615385,0.4689075630252101,0.8073691014867486,0.3373493975903614,23.846153846153847,6.923076923076923,652,710,142,0.24507042253521127,0.7535211267605634,0.21830985915492956,0.028169014084507043,0.04507042253521127,0.14929577464788732,0.13380281690140844,0.061971830985915494,0.007042253521126761,0.2140845070422535,0.016901408450704224,0.0028169014084507044,0.0,0.04225352112676056,0.008450704225352112,0.03380281690140845,0.267,0.324,0.474,0.798,0.302,21.4,6.2
7,8,Jose Ramirez,CLE,150,597.4169231,673.0,131.49384615384614,0.23999999999999996,0.6850393700787403,0.2913385826771654,0.02362204724409449,0.04461538461538461,0.14615384615384616,0.15384615384615383,0.09692307692307692,0.024615384615384615,0.11999999999999998,0.004615384615384615,0.010769230769230769,0.0,0.04153846153846154,0.007692307692307691,0.033846153846153845,0.27,0.3415384615384615,0.4956672443674176,0.8372057059058792,0.2662473794549266,12.0,9.692307692307692,593,673,138,0.24962852897473997,0.7318840579710145,0.2463768115942029,0.021739130434782608,0.04457652303120357,0.15304606240713226,0.1263001485884101,0.09806835066864784,0.03268945022288262,0.1099554234769688,0.01188707280832095,0.007429420505200594,0.0,0.06537890044576523,0.010401188707280832,0.0549777117384844,0.283,0.36,0.503,0.863,0.279,11.0,9.8
8,10,Corey Seager,TEX,126,392.59963768115944,445.0,87.87137681159422,0.24818840579710147,0.7522935779816513,0.23853211009174308,0.009174311926605503,0.05072463768115942,0.1358695652173913,0.15217391304347827,0.10144927536231883,0.01630434782608696,0.17028985507246377,0.009057971014492754,0.007246376811594203,0.0,0.0018115942028985507,0.0018115942028985507,0.0,0.281,0.358695652,0.5112936344969199,0.869989287,0.2953929539295393,17.02898550724638,10.144927536231885,380,445,82,0.23146067415730337,0.7682926829268293,0.23170731707317074,0.0,0.04719101123595506,0.13707865168539327,0.11235955056179775,0.1303370786516854,0.02247191011235955,0.19550561797752808,0.011235955056179775,0.0044943820224719105,0.0,0.006741573033707865,0.0,0.006741573033707865,0.271,0.373,0.487,0.86,0.299,19.6,13.0
9,11,Cal Raleigh,SEA,135,625.0378071833649,705.0,106.6162570888469,0.20415879017013236,0.7125,0.27499999999999997,0.012499999999999999,0.05293005671077505,0.12287334592907802,0.15311909262759926,0.09829867674858224,0.003780718336483932,0.27032136105860116,0.007561436672967864,0.007561436672967864,0.0,0.005671077504725898,0.001890359168241966,0.003780718336483932,0.23,0.3100189035916824,0.4605543710021322,0.7705732745938146,0.2649006622516556,27.032136105860115,9.829867674858225,596,705,87,0.20851063829787234,0.7241379310344828,0.27586206896551724,0.0,0.0851063829787234,0.15602836879432624,0.1773049645390071,0.1375886524822695,0.024113475177304965,0.26666666666666666,0.01276595744680851,0.00425531914893617,0.0,0.019858156028368795,0.005673758865248227,0.014184397163120567,0.247,0.359,0.589,0.948,0.248,26.700000000000003,13.8
10,12,Mookie Betts,LAD,130,564.5682593856656,663.0,132.37372013651878,0.2406143344709898,0.7264957264957266,0.25641025641025644,0.017094017094017092,0.04095563139931741,0.16211604095563142,0.1467576791808874,0.129692832760181,0.0051194539249146765,0.13822525597269625,0.010238907849829353,0.008532423208191127,0.0,0.02218430034129693,0.0051194539249146765,0.017064846416382253,0.283,0.3805460750853242,0.4949899799599198,0.875536055,0.2932330827067669,13.822525597269625,12.969283276450511,589,663,132,0.22926093514328807,0.8106060606060606,0.17424242424242425,0.015151515151515152,0.030165912518853696,0.14328808446455504,0.12368024132730016,0.09200603318250378,0.0030165912518853697,0.10256410256410256,0.004524886877828055,0.015082956259426848,0.0,0.012066365007541479,0.0030165912518853697,0.00904977375565611,0.258,0.326,0.406,0.732,0.258,10.3,9.2
11,13,Ronald Acuna Jr.,ATL,121,350.99085923217547,412.0,83.60511882998172,0.25045703839122485,0.7477477477477478,0.2342342342342342,0.018018018018018018,0.047531992687385734,0.19195612431444242,0.14076782449029127,0.12614259597806216,0.003656307129798903,0.1882998171846435,0.016453382084095063,0.005484460694698354,0.0,0.06581352833638025,0.014625228519195612,0.05118829981718464,0.294,0.3930530164533821,0.5257510729613734,0.9188040894147554,0.3264705882352941,18.82998171846435,12.614259597806216,338,412,77,0.23786407766990292,0.8311688311688312,0.15584415584415584,0.012987012987012988,0.050970873786407765,0.1796116504854369,0.10194174757281553,0.17233009708737865,0.009708737864077669,0.24757281553398058,0.007281553398058253,0.0,0.0,0.021844660194174758,0.0024271844660194173,0.019417475728155338,0.29,0.417,0.518,0.935,0.358,24.8,17.2
12,14,Adley Rutschman,BAL,135,319.61139896373055,364.99999999999994,72.49568221070811,0.227979274611399,0.7391304347826088,0.25217391304347825,0.008695652173913044,0.029360967184801388,0.11917098445595856,0.12089810017271158,0.11053540586301372,0.005181347150259067,0.15716753022452506,0.005181347150259067,0.008635578583765114,0.0,0.0034542314335060456,0.0,0.0034542314335060456,0.26,0.3436960276338515,0.4220907297830374,0.765786757,0.2846534653465346,15.716753022452504,11.053540587219343,322,365,62,0.19452054794520549,0.7096774193548387,0.25806451612903225,0.03225806451612903,0.024657534246575342,0.10136986301369863,0.07945205479452055,0.1095890410958904,0.0,0.15616438356164383,0.0027397260273972603,0.005479452054794521,0.0,0.0,0.0,0.0,0.22,0.307,0.366,0.673,0.24,15.6,11.0
13,15,Elly De La Cruz,CIN,152,628.4683735,699.0,138.9578313253012,0.23644578313253015,0.6893939393939393,0.2424242424242424,0.06818181818181818,0.03765060240963855,0.15662650602409636,0.13253012048192772,0.09186746987951808,0.0030120481927710845,0.29819277108433734,0.006024096385542169,0.0015060240963855422,0.0015060240963855422,0.08132530120481928,0.019578313253012045,0.06174698795180723,0.263,0.334841629,0.4723618090452261,0.8072034380045021,0.352,29.819277108433734,9.186746987951809,629,699,144,0.2374821173104435,0.7361111111111112,0.2152777777777778,0.04861111111111111,0.031473533619456366,0.1459227467811159,0.12303290414878398,0.09585121602288985,0.01430615164520744,0.25894134477825465,0.002861230329041488,0.001430615164520744,0.0,0.05293276108726753,0.011444921316165951,0.04148783977110158,0.264,0.336,0.44,0.777,0.337,25.9,9.6
14,16,Fernando Tatis Jr.,SDP,120,620.5711538461538,691.0,132.88461538461536,0.24807692307692306,0.7100000000000001,0.28,0.010000000000000002,0.05576923076923077,0.1596153846153846,0.15769230769230766,0.08846153846153847,0.001923076923076923,0.21923076923076923,0.009615384615384616,0.003846153846153846,0.0,0.030769230769230767,0.005769230769230769,0.024999999999999998,0.276,0.3461538461538461,0.5267665952890792,0.8729204414429254,0.3067484662576687,21.923076923076923,8.846153846153847,594,691,134,0.2301013024602026,0.7835820895522388,0.20149253731343283,0.014925373134328358,0.0361794500723589,0.16063675832127353,0.10274963820549927,0.1287988422575977,0.010130246020260492,0.18668596237337193,0.008683068017366137,0.002894356005788712,0.0,0.04630969609261939,0.010130246020260492,0.0361794500723589,0.268,0.368,0.446,0.814,0.303,18.7,12.9
15,17,William Contreras,MIL,135,581.1287477954145,659.0,133.65961199294532,0.23809523809523808,0.7478260869565218,0.24347826086956523,0.008695652173913044,0.03527336860670194,0.13403880069802732,0.13227513227513227,0.10934744268077601,0.005291005291005291,0.21340388007054675,0.005291005291005291,0.003527336860670194,0.0,0.010582010582010581,0.001763668430335097,0.008818342151675485,0.27,0.3527336860670194,0.45,0.8027336860670193,0.3185595567867036,21.34038800705467,10.9347442680776,566,659,130,0.22306525037936267,0.7846153846153846,0.2153846153846154,0.0,0.025796661608497723,0.13505311077389984,0.11532625189681335,0.1274658573596358,0.006069802731411229,0.18209408194233687,0.004552352048558422,0.009104704097116844,0.0,0.009104704097116844,0.006069802731411229,0.0030349013657056147,0.26,0.355,0.399,0.754,0.299,18.2,12.7
16,18,Andres Gimenez,TOR,152,333.3098360655738,369.0,81.05901639344263,0.24098360655737708,0.7761194029850746,0.2014925373134328,0.02238805970149254,0.021311475409836068,0.11147540983739838,0.11475409836065574,0.05081967213114755,0.0032786885245901635,0.16885245901639345,0.032786885245901634,0.006557377049180328,0.006557377049180328,0.042622950819672135,0.006557377049180328,0.036065573770491806,0.267,0.3267326732673267,0.397459165,0.7241918384215917,0.3052391799544419,16.885245901639344,5.081967213114754,329,369,62,0.18699186991869918,0.8064516129032258,0.1774193548387097,0.016129032258064516,0.018970189701897018,0.10569105691056911,0.0948509485094851,0.06775067750677506,0.0,0.17886178861788618,0.02981029810298103,0.008130081300813009,0.0027100271002710027,0.032520325203252036,0.005420054200542005,0.02710027100271003,0.21,0.285,0.313,0.598,0.239,17.9,6.800000000000001
17,19,Michael Harris II,ATL,137,596.3589285714286,641.0,152.23749999999998,0.2732142857142857,0.7518796992481205,0.21804511278195488,0.030075187969924814,0.03571428571428571,0.1392857142857143,0.13392857142857142,0.053571428571428575,0.0035714285714285713,0.19999999999999998,0.010714285714285713,0.005357142857142856,0.0,0.026785714285714288,0.008928571428571428,0.017857142857142856,0.294,0.3375,0.4798464491362764,0.8173464491362764,0.3392857142857143,20.0,5.357142857142857,611,641,132,0.23712948517940718,0.7575757575757576,0.19696969696969696,0.045454545454545456,0.031201248049921998,0.08580343213728549,0.13416536661466458,0.0249609984399376,0.0015600624024961,0.1996879875195008,0.0046801872074883,0.0109204368174727,0.0062402496099844,0.031201248049921998,0.0093603744149766,0.0218408736349454,0.249,0.268,0.409,0.678,0.281,20.0,2.5
18,20,Vladimir Guerrero Jr.,TOR,152,598.1954887218045,680.0,143.1578947368421,0.2556390977443609,0.7571428571428571,0.24285714285714283,0.0,0.045112781954887216,0.13684210526315788,0.14887218045112782,0.10676691729411765,0.012030075187969924,0.14135338345588236,0.009022556390977442,0.004511278195488721,0.0,0.006015037593984962,0.003007518796992481,0.003007518796992481,0.291,0.3714285714285714,0.5025641025641026,0.873992674,0.3017241379310345,14.135338345864662,10.676691729323307,589,680,149,0.2529411764705882,0.7718120805369127,0.22818791946308725,0.0,0.033823529411764704,0.1411764705882353,0.12352941176470589,0.11911764705882352,0.011764705882352941,0.13823529411764707,0.008823529411764706,0.0058823529411764705,0.0,0.008823529411764706,0.004411764705882353,0.004411764705882353,0.292,0.381,0.467,0.848,0.313,13.8,11.9
19,21,Trea Turner,PHI,134,591.6666666666666,639.0,147.37878787878788,0.265993265993266,0.7737226277372262,0.2116788321167883,0.014598540145985401,0.03535353535353535,0.14983164983164982,0.12626262626262624,0.06060606060606061,0.0016835016835016834,0.19191919191919193,0.008417508417508417,0.00505050505050505,0.0,0.03535353535353535,0.00505050505050505,0.030303030303030304,0.287,0.335016835,0.4618181818181818,0.7968350168350168,0.3277511961722488,19.19191919191919,6.0606060606060606,589,639,164,0.28012519561815336,0.7682926829268293,0.18902439024390244,0.042682926829268296,0.023474178403755867,0.14710485133020346,0.107981220657277,0.06729264475743349,0.001564945226917058,0.1674491392801252,0.00782472613458529,0.003129890453834116,0.0,0.056338028169014086,0.010954616588419406,0.04538341158059468,0.304,0.355,0.457,0.812,0.35,16.7,6.7
20,22,Jackson Merrill,SDP,152,446.775,483.00000000000006,108.675,0.25999999999999995,0.7629629629629631,0.20000000000000004,0.03703703703703704,0.034999999999999996,0.12833333333333333,0.14166666666666664,0.05833333333333333,0.003333333333333333,0.165,0.0016666666666666666,0.008333333333333333,0.006666666666666666,0.024999999999999994,0.006666666666666666,0.018333333333333333,0.281,0.3221476510067114,0.4612612612612612,0.7834089122679726,0.3068181818181818,16.5,5.833333333333333,440,483,100,0.2401656314699793,0.69,0.25,0.06,0.033126293995859216,0.12215320910973085,0.13871635610766045,0.06832298136645963,0.002070393374741201,0.2236024844720497,0.008281573498964804,0.010351966873706004,0.002070393374741201,0.002070393374741201,0.004140786749482402,-0.002070393374741201,0.264,0.317,0.457,0.774,0.312,22.4,6.800000000000001
21,23,Marcus Semien,TEX,147,479.80298507462686,534.0,101.22089552238808,0.2238805970149254,0.7401574803149605,0.23622047244094485,0.023622047244094484,0.034328358208955224,0.14477611940298507,0.12388059701492539,0.09253731343283582,0.0014925373134328358,0.15522388059701495,0.004477611940298508,0.004477611940298508,0.0,0.013432835820895522,0.002985074626865672,0.010447761194756554,0.249,0.3208955223880597,0.4235880398671096,0.7444835622551693,0.2656903765690376,15.522388059701491,9.25373134328358,470,534,93,0.20224719101123595,0.8172043010752689,0.17204301075268819,0.010752688172043012,0.028089887640449437,0.11610486891385768,0.11610486891385768,0.09363295880149813,0.0,0.17415730337078653,0.009363295880149813,0.016853932584269662,0.0,0.020599250936329586,0.0018726591760299626,0.018726591760299626,0.23,0.305,0.364,0.669,0.251,17.4,9.4
22,24,Austin Riley,ATL,140,398.8956953642384,446.99999999999994,88.067880794702,0.24503311258278151,0.7310924369747898,0.2521008403361344,0.016806722689075623,0.04801324503311258,0.14072847682119205,0.14569536423841062,0.08278145695364239,0.0016556291390728477,0.24337748344370866,0.01490066225165563,0.009933774834437087,0.0,0.0016556291390728477,0.0,0.0016556291390728477,0.275,0.3427152317880794,0.4990723562152133,0.8417875880032928,0.3224932249322493,24.337748344370866,8.278145695,416,447,92,0.24161073825503357,0.7717391304347826,0.21739130434782608,0.010869565217391304,0.035794183445190156,0.12080536912751678,0.12080536912751678,0.06040268456375839,0.0022371364653243847,0.28635346756152125,0.006711409395973154,0.0022371364653243847,0.0,0.0044742729306487695,0.0022371364653243847,0.0022371364653243847,0.26,0.309,0.428,0.737,0.337,28.6,6.0
23,25,Corbin Carroll,ARI,152,556.1398176291793,642.0,121.96048632218844,0.22188449848024316,0.7120000000000001,0.2,0.08800000000000001,0.031914893617021274,0.16565349544072946,0.13069908814589665,0.1033434650455927,0.001519756838905775,0.20212765957446807,0.0182370820668693,0.007598784194528876,0.004559270516717325,0.05167173252279635,0.00911854103343465,0.0425531914893617,0.256,0.3450381679389313,0.4491228070175438,0.7941609749564751,0.2969121140142517,20.212765957446805,10.33434650455927,564,642,115,0.22741433021806853,0.5739130434782609,0.2782608695652174,0.14782608695652175,0.048286604361370715,0.16666666666666666,0.1308411214953271,0.1043613707165109,0.006230529595015576,0.2383177570093458,0.010903426791277258,0.006230529595015576,0.0,0.04984423676012461,0.009345794392523364,0.040498442367601244,0.259,0.343,0.541,0.883,0.299,23.8,10.4
24,26,Freddie Freeman,LAD,142,542.7312000000001,627.0000000000001,139.44480000000001,0.2576,0.7338129496402878,0.2517985611510791,0.014388489208633093,0.035199999999999995,0.15039999999999998,0.1392,0.11199999999999999,0.014399999999999998,0.15999999999999995,0.014399999999999998,0.007999999999999998,0.0,0.015999999999999997,0.0031999999999999997,0.012799999999999999,0.298,0.384,0.4916820702402957,0.8756820702402958,0.3278301886792453,16.0,11.2,556,627,140,0.26156299840510366,0.7071428571428572,0.2785714285714286,0.014285714285714285,0.03827751196172249,0.1291866028708134,0.14354066985645933,0.09569377990430622,0.011164274322169059,0.20414673046251994,0.009569377990430622,0.007974481658692184,0.0,0.009569377990430622,0.003189792663476874,0.006379585326953748,0.295,0.367,0.502,0.869,0.342,20.4,9.6
25,27,Wyatt Langford,TEX,141,512.1247892074199,573.0,115.95278249477235,0.24114671169284468,0.7083333331334836,0.2499999999294648,0.041666666654910804,0.0387858347386172,0.1433389544688027,0.1467116357504216,0.09274873524451939,0.0033726812816188873,0.19898819561551434,0.008431703204047219,0.00505902192242833,0.0,0.03204047217537943,0.0067453625632377745,0.025295109612141653,0.27,0.34232715,0.4754716981132075,0.8177988481975246,0.3061224489795918,19.89881956155143,9.274873524,489,573,96,0.20593368237347295,0.7291666666666666,0.2604166666666667,0.010416666666666666,0.038394415357766144,0.1273996509598604,0.1082024432809773,0.12914485165794065,0.005235602094240838,0.26352530541012215,0.008726003490401396,0.008726003490401396,0.0,0.038394415357766144,0.010471204188481676,0.027923211169284468,0.241,0.344,0.431,0.775,0.299,26.4,12.9
26,28,Nico Hoerner,CHC,147,591.2411003236246,648.9999999999999,153.32362459514886,0.25080906148867316,0.7808219178098508,0.19863013698671644,0.02054794520552239,0.014563106796610171,0.1262135922342065,0.09708737864077671,0.06634304207119741,0.003236245954692557,0.10841423948220066,0.017799352750809065,0.004854368932038835,0.0,0.0453074433656958,0.008090614886731391,0.0372168284789644,0.275,0.3349514563106796,0.3854351687388987,0.7203866250495784,0.2979591836734694,10.841423948220063,6.634304207119741,599,649,171,0.27426810477657937,0.8070175438596491,0.1695906432748538,0.023391812865497075,0.01078582434514638,0.13713405238828968,0.09399075500770417,0.060092449922958396,0.0015408320493066256,0.07550077041602465,0.01078582434514638,0.0061633281972265025,0.0,0.04468412942989214,0.009244992295839754,0.03543913713405239,0.297,0.345,0.394,0.739,0.313,7.6,6.0
27,29,Willy Adames,SFG,152,613.6775194,686.0,126.56434108527132,0.22015503875968995,0.6974789915966386,0.29411764705882354,0.008403361344537816,0.03565891472868218,0.12093023255813955,0.12868217054263567,0.09612403100775194,0.0031007751937984504,0.2310077519379845,0.0031007751937984504,0.0062015503875969,0.0,0.020155038759689926,0.004651162790697674,0.01550387596899225,0.246,0.3193798449612403,0.4298093587521663,0.7491892037134067,0.2909535452322738,23.10077519379845,9.612403100775191,591,686,103,0.19387755102040816,0.7669902912621359,0.21359223300970873,0.019417475728155338,0.043731778425655975,0.13702623906705538,0.12682215743440234,0.11661807580174927,0.0029154518950437317,0.260932944606414,0.007288629737609329,0.013119533527696793,0.0,0.01749271137026239,0.0058309037900874635,0.011661807580174927,0.225,0.318,0.421,0.74,0.263,26.1,11.7
28,30,Will Smith,LAD,132,374.2794918330309,436.0,78.33756805807624,0.21597096188747736,0.7575757575757575,0.22222222222222215,0.020202020202020197,0.036297640653357534,0.13430127041742287,0.13430127041742287,0.10344827586206896,0.007259528130671507,0.18148820326678766,0.021778584392201834,0.01633393829401089,0.0,0.0036297640653357535,0.0,0.0036297640653357535,0.252,0.3411978221415608,0.4334038054968288,0.7746016276383896,0.2734806629834254,18.148820326678766,10.344827586206897,362,436,90,0.24541284403669725,0.7666666666666667,0.2222222222222222,0.011111111111111112,0.0389908256880734,0.14678899082568808,0.13990825688073394,0.14678899082568808,0.0022935779816513763,0.20412844036697247,0.011467889908256881,0.011467889908256881,0.0,0.0045871559633027525,0.006880733944954129,-0.0022935779816513763,0.296,0.404,0.497,0.901,0.345,20.4,14.7
29,31,Carlos Correa,MIN,115,512.0323232323233,584.0,117.97979797979798,0.2383838383838384,0.75,0.24000000000000002,0.01,0.036363636363636376,0.13131313131313133,0.1292929292929293,0.10707070707070707,0.006060606060606061,0.19191919191919193,0.00808080808080808,0.00808080808080808,0.0,0.0,0.0,0.0,0.272,0.3535353535353535,0.456221198156682,0.8097565516920355,0.3076923076923077,19.19191919191919,10.707070707070706,537,584,135,0.2534246575342466,0.7851851851851852,0.21481481481481482,0.0,0.02226027397260274,0.10787671232876712,0.08904109589041095,0.07705479452054795,0.0,0.1934931506849315,0.0017123287671232876,0.0017123287671232876,0.0,0.0,0.0,0.0,0.276,0.332,0.402,0.734,0.328,19.3,7.7
30,32,Dansby Swanson,CHC,146,580.8208955,644.9999999999999,123.00995024875623,0.22056384742951912,0.7565217391098078,0.2260869565217391,0.017391304347826084,0.02985074626865672,0.1293532338308458,0.11608623548922056,0.08955223880597016,0.001658374792703151,0.24378109452736318,0.0049751243781094535,0.0049751243781094535,0.0,0.021558872305140964,0.0049751243781094535,0.01658374792703151,0.245,0.3150912106135987,0.3996316758747698,0.7147228864883685,0.3018372703412073,24.37810945273632,8.955223880597014,590,645,120,0.22325581395348837,0.775,0.2,0.025,0.037209302325581395,0.13023255813953488,0.11937984496124031,0.07286821705426356,0.0015503875968992248,0.26046511627906976,0.0031007751937984496,0.007751937984496124,0.0015503875968992248,0.031007751937984496,0.004651162790697674,0.02635658914728682,0.244,0.3,0.417,0.717,0.298,26.0,7.3
31,33,Matt Chapman,SFG,144,468.6850921273032,535.0,92.30318257956448,0.21105527638190952,0.6893203883495147,0.2912621359223302,0.01941747572815534,0.03852596314907873,0.13400335008375208,0.11390284757118928,0.10552763819095477,0.0033500837520938024,0.2613065326633166,0.011725293132328308,0.006700167504187605,0.0,0.01507537688411215,0.0033500837520938024,0.011725293132328308,0.241,0.3283082077051926,0.4378585086042065,0.7661667163093991,0.2959770114942529,26.13065326633166,10.552763819095476,454,535,84,0.19626168224299065,0.7023809523809523,0.27380952380952384,0.023809523809523808,0.03925233644859813,0.14205607476635515,0.11401869158878504,0.13271028037383178,0.001869158878504673,0.23551401869158878,0.011214953271028037,0.007476635514018692,0.0,0.016822429906542057,0.007476635514018692,0.009345794392523364,0.231,0.34,0.43,0.77,0.27,23.6,13.3
32,34,Riley Greene,DET,131,579.6460176991151,655.0,132.15929203336285,0.23716814159292038,0.7368421052745059,0.21929824561741249,0.04385964912354946,0.035398230091603054,0.13805309734513274,0.1256637168141593,0.10442477876106196,0.003539823008849557,0.25486725663716814,0.007079646017699115,0.003539823008849557,0.0,0.008849557522137405,0.003539823008849557,0.005309734513274337,0.268,0.3486725663716814,0.458,0.8066725663716814,0.3372781065088757,25.486725663716815,10.442477876106194,600,655,119,0.2366412213740458,0.7310924369747899,0.2605042016806723,0.008403361344537815,0.0549618320610687,0.1282442748091603,0.16946564885496182,0.07022900763358779,0.0015267175572519084,0.3068702290076336,0.0061068702290076335,0.007633587786259542,0.0,0.0030534351145038168,0.0015267175572519084,0.0015267175572519084,0.258,0.313,0.493,0.806,0.323,30.7,7.000000000000001
33,35,Ketel Marte,ARI,135,487.226480836237,556.0,108.48780487804879,0.23693379790940766,0.7142857142857142,0.2589285714285714,0.026785714285714284,0.04181184668989547,0.13937282229965156,0.14285714285714285,0.10452961672473868,0.006968641114982578,0.18118466898954705,0.008710801393728223,0.010452961672473868,0.0,0.010452961672473868,0.0017421602787456446,0.008710801393728223,0.27,0.3501742160278746,0.4831013916500994,0.8332756076779739,0.2939632545931758,18.118466898954704,10.452961672473869,480,556,108,0.2446043165467626,0.7407407407407407,0.25925925925925924,0.0,0.050359712230215826,0.1564748201438849,0.12949640287769784,0.11510791366906475,0.01079136690647482,0.14928057553956833,0.01618705035971223,0.00539568345323741,0.0,0.007194244604316547,0.0035971223021582736,0.0035971223021582736,0.283,0.376,0.517,0.893,0.29,14.9,11.5
34,36,Bryce Harper,PHI,131,495.67375886524826,580.0,114.14893617021276,0.2429078014184397,0.6846846846846847,0.3153153153153153,0.0,0.04609929078014184,0.14361702127659576,0.1471631205673759,0.13120567375886524,0.017730496453900707,0.21985815602836883,0.005319148936170213,0.007092198581560284,0.001773049645390071,0.014184397163793102,0.005319148936170213,0.008865248226950354,0.284,0.3801065719360568,0.5186721991701245,0.8987787711061814,0.3303571428571428,21.98581560283688,13.120567375886525,501,580,104,0.22586206896551725,0.6923076923076923,0.3076923076923077,0.0,0.04655172413793104,0.12413793103448276,0.12931034482758622,0.1206896551724138,0.010344827586206896,0.20862068965517241,0.010344827586206896,0.005172413793103448,0.0,0.020689655172413793,0.0034482758620689655,0.017241379310344827,0.261,0.357,0.487,0.844,0.292,20.9,12.1
35,37,Isaac Paredes,HOU,152,375.010033444816,438.0,72.51170568561872,0.20735785953177255,0.7272727272727273,0.2626262626262626,0.010101010101010102,0.041806020066889625,0.11371237458193979,0.15050167224080266,0.11371237458193979,0.0016722408026755853,0.16387959866220736,0.023411371237458192,0.006688963210702341,0.0,0.0016722408026755853,0.0016722408026755853,0.0,0.242,0.3444816053511705,0.443359375,0.7878409803511706,0.2519083969465648,16.387959866220736,11.37123745819398,378,438,76,0.2191780821917808,0.7894736842105263,0.19736842105263158,0.013157894736842105,0.045662100456621,0.12100456621004566,0.12100456621004566,0.1141552511415525,0.0,0.1735159817351598,0.0182648401826484,0.0045662100456621,0.0,0.0,0.00228310502283105,-0.00228310502283105,0.254,0.352,0.458,0.809,0.268,17.4,11.4
36,38,Rafael Devers,BOS,145,642.6864,729.0000000000001,137.6352,0.23679999999999998,0.6864406779661016,0.288135593220339,0.025423728813559324,0.048,0.14079999999999998,0.152,0.10239999999999999,0.0192,0.2176,0.0096,0.0063999999999999994,0.0,0.0048,0.0015999999999999999,0.0031999999999999997,0.269,0.3488,0.5045372050816697,0.8533372050816697,0.3033419023136247,21.76,10.24,607,729,118,0.20987654320987653,0.7203389830508474,0.2796610169491525,0.0,0.04801097393689986,0.13580246913580246,0.149519890260631,0.15363511659807957,0.013717421124828532,0.26337448559670784,0.00823045267489712,0.0054869684499314125,0.0,0.0013717421124828531,0.0013717421124828531,0.0,0.252,0.372,0.479,0.851,0.307,26.3,15.4
37,39,Manny Machado,SDP,142,617.5841584158417,678.0000000000001,135.3762376237624,0.24257425742574257,0.7603305785123967,0.23140495867768596,0.008264462809917356,0.0429042904290429,0.1254125412541254,0.15346534653465346,0.07920792079207921,0.009900990099009901,0.19141914191419143,0.00165016501650165,0.00825082508250825,0.0,0.0132013201320132,0.0033003300330033,0.009900990099009901,0.266,0.3234323432343234,0.4619565217391304,0.7853888649734538,0.2915662650602409,19.141914191419144,7.920792079207921,615,678,142,0.24926253687315633,0.7676056338028169,0.2323943661971831,0.0,0.03982300884955752,0.13421828908554573,0.140117994100295,0.08112094395280237,0.0058997050147492625,0.19321533923303835,0.004424778761061947,0.007374631268436578,0.0,0.02064896755162242,0.004424778761061947,0.016224188790560472,0.275,0.335,0.46,0.795,0.307,19.3,8.1
38,40,Brent Rooker,ATH,144,618.4372881355932,699.0,122.02881355932206,0.23728813559322037,0.7475728155339805,0.233009708737864,0.019417475728155338,0.06271186440677966,0.12881355932761088,0.17118644067796612,0.09661016949152544,0.005084745762711864,0.2898305084745763,0.011864406779661017,0.006779661016949153,0.0,0.013559322033898306,0.0033898305084745766,0.010169491525423728,0.268,0.3457627118644067,0.5344827586206896,0.8802454704850964,0.3238993710691824,28.983050847457623,9.661016949152543,626,699,134,0.23462088698140202,0.6791044776119403,0.29850746268656714,0.022388059701492536,0.04291845493562232,0.13161659513590845,0.12732474964234622,0.09298998569384835,0.005722460658082976,0.2217453505007153,0.00715307582260372,0.002861230329041488,0.0,0.008583690987124463,0.001430615164520744,0.00715307582260372,0.262,0.335,0.479,0.814,0.302,22.2,9.3
39,41,Jarren Duran,BOS,149,633.7205651491366,696.0,146.41130298273157,0.23861852433281006,0.6417910447761193,0.2835820895522388,0.07462686567164178,0.028257456828885405,0.13971742543171115,0.12244897959183675,0.07535321821036108,0.0015698587127158557,0.22605965463108318,0.009419152276295134,0.0031397174254317113,0.0015698587127158557,0.04081632653061224,0.007849293563579279,0.03296703296703297,0.262,0.3238993710691824,0.4551724137931034,0.7790717848622859,0.319047619,22.605965463108323,7.535321821036106,620,696,143,0.22844827586206898,0.6223776223776224,0.2867132867132867,0.09090909090909091,0.022988505747126436,0.1235632183908046,0.1206896551724138,0.08620689655172414,0.0014367816091954023,0.24281609195402298,0.017241379310344827,0.004310344827586207,0.0014367816091954023,0.034482758620689655,0.008620689655172414,0.02586206896551724,0.256,0.332,0.442,0.774,0.326,24.3,8.6
40,42,Alex Bregman,BOS,143,436.392,495.0,92.66399999999999,0.2224,0.7435897435897436,0.23931623931623933,0.017094017094017096,0.0352,0.128,0.1312,0.0992,0.0016,0.1296,0.011200000000000002,0.008,0.0,0.0032,0.0016,0.0016,0.252,0.3328,0.4301270417422868,0.7629270417422868,0.2582781456953642,12.96,9.92,433,495,100,0.2383838383838384,0.72,0.28,0.0,0.03636363636363636,0.1292929292929293,0.12525252525252525,0.10303030303030303,0.006060606060606061,0.1414141414141414,0.01818181818181818,0.00404040404040404,0.0,0.00202020202020202,0.00202020202020202,0.0,0.273,0.36,0.462,0.821,0.288,14.099999999999998,10.3
41,43,Brandon Nimmo,NYM,141,562.9003215434084,652.0,121.59485530546624,0.2170418006430868,0.75,0.21551724137931033,0.034482758620689655,0.030546623794212215,0.1334405144631902,0.11414790996784564,0.112540192926045,0.0,0.22186495176848875,0.017684887459807074,0.00482315112540193,0.001607717041800643,0.014469453376205789,0.001607717041800643,0.012861736334405145,0.251,0.3478260869565217,0.4189944134078212,0.7668205003643429,0.3028720626631854,22.186495176848876,11.254019292604502,587,652,129,0.2361963190184049,0.7906976744186046,0.20930232558139536,0.0,0.03834355828220859,0.12423312883435583,0.1411042944785276,0.07668711656441718,0.0015337423312883436,0.21625766871165644,0.010736196319018405,0.010736196319018405,0.0015337423312883436,0.019938650306748466,0.0015337423312883436,0.018404907975460124,0.262,0.324,0.436,0.76,0.301,21.6,7.7
42,44,Steven Kwan,CLE,140,611.5362319,693.0,164.04347826086956,0.249597423510467,0.8027210884353743,0.163265306122449,0.034013605442176874,0.01288244766505636,0.14009661835748793,0.09178743961352658,0.10144927536231886,0.0016103059581320449,0.09339774557165861,0.008051529790660227,0.004830917874396136,0.0032206119162640897,0.02576489533011272,0.00644122383252818,0.019323671497584544,0.283,0.3602584814216478,0.3886861313868613,0.7489446128085091,0.3030927835051546,9.339774557165862,10.144927536231885,625,693,159,0.2453102453102453,0.8113207547169812,0.18238993710691823,0.006289308176100629,0.015873015873015872,0.11688311688311688,0.08080808080808081,0.07936507936507936,0.002886002886002886,0.08658008658008658,0.004329004329004329,0.010101010101010102,0.004329004329004329,0.030303030303030304,0.007215007215007215,0.023088023088023088,0.272,0.33,0.374,0.705,0.283,8.7,7.9
43,45,Matt McLain,CIN,122,508.1044776119403,577.0,108.7257462686567,0.22388059701492535,0.6930693069128474,0.2673267326732674,0.03960396039603961,0.03544776119402985,0.1305970149220104,0.13992537313432835,0.09888059701492538,0.0018656716417910447,0.27611940298507465,0.016791044776119403,0.0037313432835820895,0.0,0.03171641791044776,0.01119402985074627,0.02052238805970149,0.254,0.3395522388059701,0.4491525423728814,0.7887047811788515,0.3289902280130293,27.611940298507463,9.888059701492535,510,577,97,0.19410745233968804,0.8144329896907216,0.18556701030927836,0.0,0.025996533795493933,0.1265164644714038,0.08665511265164645,0.09532062391681109,0.0,0.28942807625649913,0.008665511265164644,0.006932409012131715,0.005199306759098787,0.03119584055459272,0.0034662045060658577,0.02772963604852686,0.22,0.3,0.343,0.643,0.292,28.9,9.5
44,46,Jazz Chisholm Jr.,NYY,134,479.0543478,531.0,97.15760869565219,0.22644927536231887,0.7722772277227722,0.198019801980198,0.0297029702970297,0.04347826086956522,0.13043478260869565,0.1503623188405797,0.08333333333333333,0.005434782608695653,0.25181159420289856,0.007246376811594203,0.005434782608695653,0.0018115942028985505,0.057971014492753624,0.014492753623188406,0.04347826086956522,0.251,0.3176043557168784,0.4477911646586345,0.76539552,0.2988165680473373,25.181159420289855,8.333333333333332,462,531,81,0.21092278719397364,0.8024691358024691,0.18518518518518517,0.012345679012345678,0.0583804143126177,0.14124293785310735,0.15065913370998116,0.10922787193973635,0.0018832391713747645,0.2787193973634652,0.011299435028248588,0.007532956685499058,0.0018832391713747645,0.0583804143126177,0.015065913370998116,0.04331450094161959,0.242,0.332,0.481,0.813,0.282,27.9,10.9
45,47,Jordan Westburg,BAL,123,320.9808429118774,352.0,70.80459770114942,0.23371647509578544,0.7047619047619048,0.2571428571428572,0.0380952380952381,0.03256704980842912,0.13218390804597702,0.1360153256704981,0.06704980842911877,0.0,0.22988505747126436,0.015325670498084292,0.003831417624521073,0.0019157088122605365,0.013409961685823755,0.003831417624521073,0.009578544061302681,0.256,0.3166986564299424,0.4369747899159664,0.7536734463459088,0.3079178885630498,22.988505747126435,6.704980842911877,328,352,70,0.2471590909090909,0.8428571428571429,0.14285714285714285,0.014285714285714285,0.048295454545454544,0.16761363636363635,0.11647727272727272,0.048295454545454544,0.0,0.22727272727272727,0.017045454545454544,0.002840909090909091,0.0,0.002840909090909091,0.005681818181818182,-0.002840909090909091,0.265,0.313,0.457,0.77,0.302,22.7,4.8
46,48,Zach Neto,LAA,140,492.0,554.0,103.0,0.22382671480144403,0.7087378640776699,0.2815533980582524,0.009708737864077669,0.03790613718411552,0.1263537906137184,0.13537906137184116,0.06859205776173286,0.0018050541516245488,0.22563176895306858,0.03429602888086643,0.0036101083032490976,0.005415162454873646,0.04151624548736462,0.01263537906137184,0.02888086642599278,0.252,0.3284936479128856,0.4430894308943089,0.7715830788071947,0.2959770114942529,22.563176895306857,6.859205776173286,502,554,103,0.2328519855595668,0.7087378640776699,0.2815533980582524,0.009708737864077669,0.04693140794223827,0.148014440433213,0.11191335740072202,0.05956678700361011,0.010830324909747292,0.26895306859205775,0.02527075812274368,0.005415162454873646,0.0036101083032490976,0.04693140794223827,0.016245487364620937,0.030685920577617327,0.257,0.319,0.474,0.793,0.312,26.899999999999995,6.0
47,49,Kyle Tucker,CHC,126,516.1087786259542,597.0,109.37404580152673,0.22709923664122142,0.7395833333333334,0.25,0.010416666666666666,0.04389312977099238,0.13740458015267176,0.1450381679389313,0.12595419847328246,0.009541984732824428,0.15267175572519084,0.0019083969465648856,0.0076335877862595426,0.0,0.03244274809160306,0.0038167938931297713,0.028625954198473285,0.263,0.3549618320610687,0.4724061810154525,0.8273680130765213,0.2711864406779661,15.267175572519085,12.595419847328245,500,597,111,0.22278056951423786,0.7387387387387387,0.22522522522522523,0.036036036036036036,0.03685092127303183,0.152428810720268,0.12227805695142378,0.1457286432160804,0.011725293132328308,0.1474036850921273,0.006700167504187605,0.005025125628140704,0.0016750418760469012,0.04187604690117253,0.005025125628140704,0.03685092127303183,0.266,0.377,0.464,0.841,0.282,14.7,14.6
48,50,Alejandro Kirk,TOR,118,445.7056074766355,506.0,106.40186915887851,0.2313084112149533,0.8000000000272288,0.19999999998331136,0.0,0.021028037383177572,0.08177570093457943,0.11214953271028037,0.09813084112149532,0.002336448598130841,0.1191588785046729,0.009345794392523364,0.011682242990654205,0.0,0.0,0.0,0.0,0.263,0.338785047,0.3819628647214854,0.7207479114504574,0.2795031055900621,11.91588785046729,9.813084112149532,451,506,112,0.2509881422924901,0.8392857142857143,0.16071428571428573,0.0,0.029644268774703556,0.08893280632411067,0.15019762845849802,0.09486166007905138,0.003952569169960474,0.116600790513834,0.001976284584980237,0.011857707509881422,0.0,0.001976284584980237,0.0,0.001976284584980237,0.282,0.348,0.421,0.769,0.292,11.7,9.5
49,51,Anthony Volpe,NYY,152,536.8620155,596.0,113.65581395348839,0.2155038759689923,0.6910569105691056,0.26829268292682923,0.040650406506179404,0.024806201550387597,0.12558139534883722,0.11317829457364342,0.07906976744186046,0.0015503875973154363,0.23100775193798448,0.012403100775193798,0.006201550387596899,0.0015503875973154363,0.04031007751937985,0.009302325581395349,0.0310077519379845,0.239,0.3074534161490683,0.3958691910499139,0.7033226071989822,0.2928571428571428,23.10077519379845,7.906976744186046,539,596,95,0.1912751677852349,0.6210526315789474,0.3368421052631579,0.042105263157894736,0.031879194630872486,0.10906040268456375,0.12080536912751678,0.07214765100671142,0.0,0.2516778523489933,0.006711409395973154,0.01174496644295302,0.0050335570469798654,0.030201342281879196,0.013422818791946308,0.016778523489932886,0.212,0.272,0.391,0.663,0.252,25.2,7.200000000000001
50,52,Patrick Bailey,SFG,110,406.3755868544601,452.0,84.88262910798123,0.21126760563380284,0.7625,0.22499999999999998,0.012499999999999999,0.023474178403755867,0.10798122066371682,0.10563380281690142,0.08450704225352113,0.0,0.24178403755868544,0.004694835680751174,0.009389671361502348,0.002347417840375587,0.007042253521126761,0.0,0.007042253521126761,0.235,0.3011764705882352,0.3655352480417754,0.6667117186300107,0.291970803,24.178403755868544,8.450704225352112,409,452,85,0.2013274336283186,0.7529411764705882,0.21176470588235294,0.03529411764705882,0.01327433628318584,0.10398230088495575,0.12168141592920353,0.06637168141592921,0.0,0.2942477876106195,0.00663716814159292,0.01327433628318584,0.008849557522123894,0.0022123893805309734,0.0,0.0022123893805309734,0.222,0.277,0.325,0.602,0.308,29.4,6.6000000000000005
51,53,Gabriel Moreno,ARI,101,274.11290322580646,309.0,72.26612903225806,0.25268817204301075,0.7816091954022989,0.20689655172413796,0.011494252873563218,0.01881720430107527,0.11021505376344086,0.11827956989247311,0.09677419354838711,0.002688172043010753,0.16397849462365593,0.00806451612903226,0.00806451612903226,0.0,0.010752688172043012,0.002688172043010753,0.00806451612903226,0.285,0.3575268817204301,0.4090909090909091,0.7666177908113392,0.3283018867924528,16.397849462365592,9.677419355,277,309,70,0.255663430420712,0.8142857142857143,0.17142857142857143,0.014285714285714285,0.02912621359223301,0.1423948220064725,0.12944983818770225,0.09385113268608414,0.009708737864077669,0.1715210355987055,0.003236245954692557,0.006472491909385114,0.0,0.006472491909385114,0.006472491909385114,0.0,0.285,0.353,0.433,0.786,0.323,17.2,9.4
53,55,Anthony Santander,TOR,149,197.88431061806656,221.0,37.12519809825673,0.22345483359746432,0.6886792452830189,0.3018867924528302,0.009433962264150943,0.0554675118858954,0.12678288431061807,0.15689381933438984,0.08557844690966719,0.0031695721077654514,0.20602218700475436,0.011093502377179081,0.00792393026941363,0.0,0.0031695721077654514,0.0015847860538827257,0.0015847860538827257,0.25,0.3201267828843106,0.495575221238938,0.8157020041232487,0.2617283950617284,20.602218700475436,8.557844691,194,221,28,0.15384615384615385,0.8214285714285714,0.17857142857142858,0.0,0.027149321266968326,0.07239819004524888,0.08144796380090498,0.11312217194570136,0.004524886877828055,0.27601809954751133,0.004524886877828055,0.004524886877828055,0.0,0.0,0.0,0.0,0.175,0.271,0.294,0.565,0.219,27.6,11.3
54,56,Yainer Diaz,HOU,135,533.1032608695652,567.0,129.42391304347825,0.26268115942028986,0.7777777777777779,0.20634920634920637,0.015873015873015876,0.03442028985507247,0.11775362319223985,0.14492753623188406,0.043478260869565216,0.0018115942028985512,0.1793478260869565,0.005434782608695652,0.010869565217391304,0.0,0.0018115942028985512,0.0,0.0018115942028985512,0.279,0.3115942028985507,0.4470134874759152,0.75860769,0.3095823095823096,17.934782608695652,4.3478260869565215,542,567,119,0.24514991181657847,0.7815126050420168,0.21008403361344538,0.008403361344537815,0.03527336860670194,0.09876543209876543,0.12345679012345678,0.03527336860670194,0.003527336860670194,0.1675485008818342,0.003527336860670194,0.005291005291005291,0.0,0.001763668430335097,0.001763668430335097,0.0,0.256,0.284,0.417,0.701,0.277,16.8,3.5000000000000004
55,57,Sean Murphy,ATL,106,294.9760191846523,337.0,55.76258992805756,0.2062350119904077,0.7101449275362318,0.2753623188405797,0.014492753623188404,0.0407673860911271,0.11031175059952038,0.1342925659472422,0.09592326139088729,0.002398081534772182,0.2398081534772182,0.023980815347721823,0.004796163069544364,0.0,0.0,0.0,0.0,0.236,0.3261390887290168,0.4328767123287671,0.7590158010577839,0.276,23.980815347721823,9.592326139,291,337,42,0.17210682492581603,0.6904761904761905,0.30952380952380953,0.0,0.04747774480712166,0.10089020771513353,0.13353115727002968,0.10385756676557864,0.002967359050445104,0.3115727002967359,0.02373887240356083,0.008902077151335312,0.0,0.0,0.0,0.0,0.199,0.3,0.409,0.709,0.243,31.2,10.4
56,58,Ezequiel Tovar,COL,152,367.2350230414746,390.0,83.27188940092168,0.24884792626728114,0.6906474820143883,0.2805755395683452,0.028776978417266178,0.03533026113671275,0.12288786482334868,0.1367127496159754,0.04147465437788018,0.0015360983102918587,0.2626728110599078,0.006144393241167435,0.006144393241167435,0.004608294930875576,0.01075268817204301,0.006144393241167435,0.004608294930875576,0.264,0.2978395061728395,0.4535073409461664,0.7513468471190059,0.3286052009456264,26.26728110599078,4.147465437788019,360,390,82,0.23333333333333334,0.7317073170731707,0.21951219512195122,0.04878048780487805,0.023076923076923078,0.11282051282051282,0.08461538461538462,0.05384615384615385,0.0,0.2512820512820513,0.002564102564102564,0.005128205128205128,0.015384615384615385,0.01282051282051282,0.007692307692307693,0.005128205128205128,0.253,0.294,0.4,0.694,0.322,25.1,5.4
57,59,Ian Happ,CHC,152,575.1577287066245,663.0,120.2602523659306,0.2160883280757098,0.6956521739130435,0.28695652173913044,0.017391304347826087,0.03470031545741325,0.12933753943217663,0.1277602523659306,0.1167192429022082,0.0031545741324921135,0.2429022082018927,0.009463722397476339,0.006309148264984227,0.0,0.017350157728706624,0.0047318611987381696,0.012618296529968454,0.249,0.3422712933753943,0.4363636363636363,0.7786349297390307,0.3042328042328042,24.290220820189273,11.67192429022082,569,663,115,0.2081447963800905,0.7217391304347827,0.2782608695652174,0.0,0.03469079939668175,0.13122171945701358,0.1191553544494721,0.13122171945701358,0.0030165912518853697,0.2277526395173454,0.0030165912518853697,0.007541478129713424,0.0,0.00904977375565611,0.004524886877828055,0.004524886877828055,0.243,0.342,0.42,0.762,0.288,22.8,13.1
58,61,Jose Altuve,HOU,130,591.2876712328766,654.0,138.86301369863014,0.24486301369863014,0.7741935483870966,0.2258064516129032,0.0,0.032534246575342464,0.14554794520547945,0.11643835616438356,0.0821917808219178,0.003424657533639144,0.17123287675840979,0.010273972602446483,0.003424657533639144,0.0,0.023972602739726026,0.00684931506880734,0.017123287671232872,0.271,0.3373287671232877,0.4318181818181818,0.7691469489414695,0.3017031630170316,17.123287671232877,8.219178082,588,654,130,0.23853211009174313,0.8076923076923077,0.18461538461538463,0.007692307692307693,0.039755351681957186,0.12232415902140673,0.11773700305810397,0.08409785932721713,0.00764525993883792,0.16666666666666666,0.0061162079510703364,0.009174311926605505,0.0015290519877675841,0.01529051987767584,0.009174311926605505,0.0061162079510703364,0.265,0.329,0.442,0.771,0.283,16.7,8.4
59,62,Colton Cowser,BAL,139,314.27549194991053,360.0,66.97674418293381,0.22003577816666667,0.7500000000348557,0.23076923077995565,0.01923076923166297,0.033989266547406076,0.1449016100178891,0.13237924865831843,0.1037567084078712,0.0035778175313059034,0.2933810375670841,0.016100178890876563,0.007155635062611807,0.0,0.014311270125223614,0.0053667262969588556,0.008944543828264758,0.252,0.3398926654740608,0.4262295081967213,0.7661221736707822,0.3365695792880259,29.338103756708406,10.37567084078712,327,360,48,0.17777777777777778,0.7083333333333334,0.2916666666666667,0.0,0.044444444444444446,0.1,0.1111111111111111,0.075,0.002777777777777778,0.35555555555555557,0.016666666666666666,0.0,0.0,0.03888888888888889,0.0,0.03888888888888889,0.196,0.269,0.385,0.655,0.262,35.6,7.5
60,63,James Wood,WSN,137,604.9186440677965,689.0,136.63220338983047,0.23220338983050842,0.7094017094017097,0.24786324786324793,0.04273504273504274,0.033898305084745756,0.1372881355932203,0.1288135593220339,0.11355932203389829,0.003389830508474576,0.2711864406779661,0.005084745762711864,0.003389830508474576,0.0,0.030508474576271184,0.010169491525423728,0.020338983050847453,0.264,0.3508474576271186,0.4555984555984556,0.8064459132255742,0.3441176470588235,27.11864406779661,11.35593220338983,598,689,122,0.2220609579100145,0.6885245901639344,0.3114754098360656,0.0,0.04499274310595065,0.1262699564586357,0.13642960812772134,0.12336719883889695,0.011611030478955007,0.32075471698113206,0.0043541364296081275,0.0043541364296081275,0.0,0.02177068214804064,0.010159651669085631,0.011611030478955007,0.256,0.35,0.475,0.825,0.35,32.1,12.3
61,64,Pete Crow-Armstrong,CHC,136,590.3724394785846,647.0,128.91806331471133,0.22718808193668527,0.7383177569743895,0.19626168224299068,0.06542056075114476,0.027932960893854747,0.14338919925512106,0.12662942271880817,0.055865921787709494,0.0037243947858472994,0.2588454376163873,0.014897579143389201,0.005586592178770949,0.011173184357541898,0.057728119180633135,0.011173184357541898,0.04655493482309124,0.249,0.3013182674199623,0.4122448979591837,0.713563165,0.3156342182890855,25.884543761638735,5.586592179,591,647,115,0.22565687789799072,0.6434782608695652,0.3217391304347826,0.034782608695652174,0.04791344667697063,0.14064914992272023,0.14683153013910355,0.04482225656877898,0.0015455950540958269,0.23956723338485317,0.013910355486862442,0.01854714064914992,0.00927357032457496,0.05409582689335394,0.012364760432766615,0.04173106646058733,0.247,0.287,0.481,0.768,0.276,24.0,4.5
62,65,Matt Olson,ATL,152,626.7297709923665,724.0000000000001,122.69312977099239,0.2183206106870229,0.6936936936800058,0.2972972972972972,0.009009009009009009,0.04885496183206107,0.1297709923664122,0.15419847328244274,0.11755725190607733,0.00916030534392265,0.23358778625954196,0.00916030534392265,0.007633587786259542,0.0,0.0015267175572519084,0.0,0.0015267175572519084,0.252,0.3450381679389313,0.4832451499118165,0.8282833178507478,0.2868217054263566,23.3587786259542,11.755725190839694,624,724,141,0.23480662983425415,0.6950354609929078,0.2907801418439716,0.014184397163120567,0.04005524861878453,0.13535911602209943,0.13121546961325967,0.12569060773480664,0.0027624309392265192,0.2430939226519337,0.0055248618784530384,0.006906077348066298,0.0,0.0013812154696132596,0.0,0.0013812154696132596,0.272,0.366,0.484,0.85,0.333,24.3,12.6
63,66,Bo Bichette,TOR,127,586.7445255474453,628.0,147.83211678832117,0.26277372262773724,0.7751937984496123,0.2170542635658915,0.007751937984496124,0.02737226277372263,0.12408759124087591,0.12408759124087591,0.05656934306569343,0.0018248175182481753,0.1916058394160584,0.005474452554744526,0.0036496350364963507,0.0,0.016423357664233577,0.005474452554744526,0.010948905109489052,0.281,0.3248175182481752,0.427734375,0.7525518932481752,0.3274111675126903,19.16058394160584,5.656934306569343,582,628,163,0.28821656050955413,0.7239263803680982,0.26993865030674846,0.006134969325153374,0.028662420382165606,0.12420382165605096,0.14968152866242038,0.06369426751592357,0.0031847133757961785,0.1449044585987261,0.004777070063694267,0.004777070063694267,0.0,0.006369426751592357,0.004777070063694267,0.0015923566878980893,0.311,0.357,0.483,0.84,0.342,14.499999999999998,6.4
64,67,Seiya Suzuki,CHC,131,569.7700534759358,651.0,129.96791443850267,0.23707664884135474,0.7321428571428571,0.23214285714285715,0.03571428571428571,0.0374331550802139,0.1283422459893048,0.1283422459893048,0.10873440285204991,0.005347593582887701,0.2477718360071301,0.0071301247771836,0.0089126559714795,0.0,0.0196078431372549,0.0089126559714795,0.010695187165775402,0.271,0.3529411764705882,0.4684317718940937,0.8213729483646819,0.3333333333333333,24.777183600713013,10.87344028520499,571,651,108,0.21505376344086022,0.6851851851851852,0.28703703703703703,0.027777777777777776,0.04915514592933948,0.1152073732718894,0.15821812596006143,0.10906298003072197,0.0015360983102918587,0.2519201228878648,0.0015360983102918587,0.01228878648233487,0.0,0.007680491551459293,0.0030721966205837174,0.004608294930875576,0.245,0.326,0.478,0.804,0.282,25.2,10.9
65,68,Jackson Holliday,BAL,135,556.7563451776649,649.0,112.01015228426398,0.19796954314720816,0.7058823529411763,0.2745098039215686,0.019607843137254898,0.025380710659898473,0.17089678505392913,0.11505922165820642,0.13028764805414553,0.001692047377326565,0.2622673434856176,0.00676818950930626,0.005076142131979695,0.0,0.015228426395939085,0.001692047377326565,0.01353637901861252,0.231,0.3350253807106599,0.3826429980276134,0.7176683787382734,0.3,26.22673434856176,13.028764805414554,586,649,125,0.21879815100154082,0.808,0.168,0.024,0.026194144838212634,0.10785824345146379,0.0847457627118644,0.08628659476117104,0.0015408320493066256,0.21571648690292758,0.009244992295839754,0.0015408320493066256,0.0,0.026194144838212634,0.01694915254237288,0.009244992295839754,0.242,0.314,0.375,0.69,0.291,21.6,8.6
66,69,Nolan Arenado,STL,138,396.1586206896551,435.99999999999994,90.95862068965519,0.23965517241379317,0.7603305785123965,0.23140495867768582,0.008264462809917354,0.031034482758620693,0.10517241378440369,0.1327586206896552,0.07241379310344828,0.005172413793103448,0.14655172413793105,0.008620689655172414,0.010344827586206896,0.0,0.003448275862068966,0.003448275862068966,0.0,0.264,0.3206896551724137,0.4231499051233396,0.7438395602957535,0.2813953488372093,14.6551724137931,7.241379310344828,401,436,83,0.21788990825688073,0.7710843373493976,0.21686746987951808,0.012048192771084338,0.027522935779816515,0.11009174311926606,0.11926605504587157,0.06422018348623854,0.009174311926605505,0.11238532110091744,0.006880733944954129,0.009174311926605505,0.0,0.006880733944954129,0.0,0.006880733944954129,0.237,0.289,0.377,0.666,0.241,11.2,6.4
67,70,Pete Alonso,NYM,152,613.9568567026193,709.0,113.61479198767334,0.2110939907550077,0.7403846153846154,0.25,0.009615384615384616,0.05084745762711864,0.12788906009244994,0.15562403697996918,0.10477657935285054,0.010785824345146378,0.2295839753466872,0.021571648690292756,0.007704160246533128,0.0,0.006163328197461213,0.0,0.006163328197461213,0.244,0.337442219,0.4697508896797153,0.8071931084778663,0.2701298701298701,22.95839753466872,10.477657935285054,624,709,132,0.2397743300423131,0.6818181818181818,0.3106060606060606,0.007575757575757576,0.0535966149506347,0.1227080394922426,0.1777150916784203,0.08603667136812412,0.007052186177715092,0.22849083215796898,0.021156558533145273,0.012693935119887164,0.0,0.0014104372355430183,0.0028208744710860366,-0.0014104372355430183,0.272,0.347,0.524,0.871,0.305,22.8,8.6
68,71,Alec Bohm,PHI,146,459.16309719934105,504.0,117.07413509060956,0.2586490939044481,0.7446808510908476,0.24113475177304963,0.014184397163120569,0.026359143327841845,0.11532125205930807,0.13509060955518948,0.06919275123558485,0.0016474464579901153,0.15321252059308074,0.008237232289950576,0.011532125205930808,0.0,0.006589785831960461,0.003294892915980231,0.003294892915980231,0.284,0.3360790774299835,0.4394213381555154,0.775500416,0.3126385809312638,15.32125205930807,6.919275123558484,464,504,122,0.2638888888888889,0.8278688524590164,0.14754098360655737,0.02459016393442623,0.021825396825396824,0.10515873015873016,0.11706349206349206,0.057539682539682536,0.0,0.1626984126984127,0.00992063492063492,0.011904761904761904,0.0,0.003968253968253968,0.0,0.003968253968253968,0.287,0.331,0.409,0.741,0.324,16.3,5.8
69,72,Matt Wallner,MIN,139,339.5935828877005,392.0,65.68270944741533,0.20855614973262032,0.6595744680851062,0.3085106382978723,0.031914893617021274,0.0409982174688057,0.1194295900178253,0.1443850267379679,0.09982174688057041,0.0035650623885918,0.34581105169340465,0.030303030303030307,0.0035650623885918,0.0,0.008912655971479501,0.0017825311942959,0.0071301247771836,0.241,0.338680926916221,0.4547325102880658,0.7934134372042869,0.3468634686346863,34.58110516934047,9.98217468805704,336,392,46,0.17346938775510204,0.5869565217391305,0.34782608695652173,0.06521739130434782,0.05612244897959184,0.11989795918367346,0.10204081632653061,0.11734693877551021,0.0,0.29081632653061223,0.02040816326530612,0.00510204081632653,0.0,0.01020408163265306,0.007653061224489796,0.002551020408163265,0.202,0.311,0.464,0.776,0.228,29.100000000000005,11.7
70,73,Daulton Varsho,TOR,141,243.7973484848485,271.0,43.626893939393945,0.20075757575757577,0.6941176470588235,0.2588235294117647,0.047058823529411764,0.03977272727272728,0.13257575757575757,0.1306818181818182,0.08712121212121213,0.0018939393939393942,0.24810606060606066,0.007575757575757577,0.0037878787878787884,0.0018939393939393942,0.020833333333333336,0.005681818181818183,0.015151515151515154,0.223,0.2960151802656546,0.4189473684210526,0.7149625486867073,0.2615384615384615,24.810606060606062,8.712121212121213,248,271,39,0.2177121771217712,0.6153846153846154,0.3333333333333333,0.05128205128205128,0.07380073800738007,0.15867158671586715,0.2029520295202952,0.06273062730627306,0.0036900369003690036,0.28413284132841327,0.0036900369003690036,0.01845018450184502,0.0,0.007380073800738007,0.0,0.007380073800738007,0.238,0.284,0.548,0.833,0.25,28.4,6.3
71,74,Masyn Winn,STL,146,490.77934272300473,537.0,112.61032863849765,0.23161189358372458,0.746268656716418,0.2164179104477612,0.0373134328358209,0.02190923317683881,0.13615023474178403,0.11111111111111112,0.06885758998435056,0.001564945226917058,0.18153364632237873,0.004694835680751174,0.00782472613458529,0.004694835680751174,0.020344287949921755,0.006259780907668232,0.014084507042253521,0.253,0.3066037735849056,0.3921232876712329,0.6987270612561385,0.2919389978213507,18.15336463223787,6.885758998435055,491,537,115,0.2309124767225326,0.7652173913043478,0.23478260869565218,0.0,0.01675977653631285,0.1340782122905028,0.09497206703910614,0.0633147113594041,0.0,0.18994413407821228,0.0148975791433892,0.0037243947858473,0.0037243947858473,0.01675977653631285,0.00931098696461825,0.0074487895716946,0.253,0.31,0.363,0.673,0.301,19.0,6.3
72,75,Byron Buxton,MIN,95,488.80636604774537,542.0,93.44827586206895,0.22281167108753314,0.6307692307692309,0.33846153846153854,0.030769230769230774,0.05039787798408489,0.15384615384615385,0.14588859416445624,0.07161803713527853,0.002652519893899204,0.28116710875331563,0.021220159151193633,0.005305039787798408,0.0,0.015915119363395226,0.002652519893899204,0.013262599469496022,0.247,0.3156498673740053,0.4911764705882352,0.8068263379622406,0.2995391705069124,28.116710875331563,7.161803713527852,488,542,94,0.23800738007380073,0.7021276595744681,0.22340425531914893,0.07446808510638298,0.06457564575645756,0.17896678966789667,0.15313653136531366,0.07564575645756458,0.00922509225092251,0.2730627306273063,0.012915129151291513,0.01107011070110701,0.0,0.04428044280442804,0.0,0.04428044280442804,0.264,0.327,0.551,0.878,0.302,27.3,7.6
73,76,Mark Vientos,NYM,137,420.0071428571428,463.0,83.50535714285714,0.22678571428571426,0.7425742574257426,0.23762376237623764,0.019801980198019802,0.04642857142857142,0.11785714285714284,0.15357142857142858,0.07678571428571429,0.0017857142857142857,0.30178571428571427,0.008928571428571428,0.007142857142857143,0.0,0.0,0.0,0.0,0.25,0.3125,0.4586614173228346,0.7711614173228347,0.3186119873817035,30.178571428571427,7.678571428571429,424,463,82,0.21382289416846653,0.7195121951219512,0.25609756097560976,0.024390243902439025,0.0367170626349892,0.09503239740820735,0.13174946004319654,0.06479481641468683,0.0,0.24838012958963282,0.01079913606911447,0.008639308855291577,0.0,0.0021598272138228943,0.0,0.0021598272138228943,0.233,0.289,0.413,0.702,0.277,24.8,6.5
74,77,Gleyber Torres,DET,151,555.2738654147105,628.0,127.7621283255086,0.2300469483568075,0.7846153846153846,0.2076923076923077,0.007692307692307694,0.026604068857589987,0.1189358372456964,0.09702660406885759,0.10015649452269171,0.0,0.17840375589171975,0.004694835680751174,0.009389671361502348,0.001564945226917058,0.012519561815336464,0.006259780907668232,0.006259780907668232,0.26,0.335423197,0.4017699115044247,0.7371931089965877,0.2954545454545454,17.84037558685446,10.015649452269171,532,628,120,0.21656050955414013,0.8166666666666667,0.18333333333333332,0.0,0.025477707006369428,0.12579617834394904,0.1178343949044586,0.13535031847133758,0.0,0.160828025477707,0.006369426751592357,0.011146496815286623,0.0,0.006369426751592357,0.0015923566878980893,0.004777070063694267,0.256,0.358,0.387,0.745,0.284,16.1,13.5
75,78,Oneil Cruz,PIT,140,490.24872231686544,544.0,101.94207836456559,0.2282793867120954,0.7090909090909091,0.2545454545454546,0.03636363636363637,0.040885860306643956,0.13628620102941175,0.13628620102941175,0.08858603066439523,0.006814310051107326,0.28620102214650767,0.0051107325383304945,0.0051107325383304945,0.0,0.034071550255536626,0.0051107325383304945,0.028960817717206135,0.253,0.3219761499148211,0.4574669187145557,0.7794430686293768,0.3235294117647059,28.620102214650768,8.858603066439523,471,544,74,0.17279411764705882,0.7162162162162162,0.24324324324324326,0.04054054054054054,0.03676470588235294,0.11397058823529412,0.11213235294117647,0.11764705882352941,0.007352941176470588,0.31985294117647056,0.007352941176470588,0.009191176470588236,0.0,0.06985294117647059,0.009191176470588236,0.06066176470588235,0.2,0.298,0.378,0.676,0.262,32.0,11.8
76,79,J.P. Crawford,SEA,127,566.4,654.0,123.59999999999998,0.2091743119266055,0.7572815533980584,0.23300970873786409,0.00970873786407767,0.020183486238532108,0.12477064220183486,0.09174311926605505,0.11559633027522935,0.0,0.19816513761467888,0.011009174311926604,0.005504587155963302,0.0018348623853211008,0.007339449541284403,0.0018348623853211008,0.005504587155963302,0.242,0.3363970588235294,0.3665254237288136,0.702922483,0.2893258426966292,19.816513761467892,11.559633027522937,570,654,139,0.2308868501529052,0.8273381294964028,0.17266187050359713,0.0,0.01834862385321101,0.10550458715596331,0.08868501529051988,0.11314984709480122,0.0015290519877675841,0.18654434250764526,0.0045871559633027525,0.0015290519877675841,0.009174311926605505,0.012232415902140673,0.0015290519877675841,0.010703363914373088,0.265,0.352,0.37,0.722,0.318,18.7,11.3
77,80,Mike Trout,LAA,76,475.5938461538462,556.0,92.38153846153847,0.22153846153846155,0.7037037037037036,0.25925925925925924,0.037037037037037035,0.05538461538461538,0.14461538461538462,0.15384615384615385,0.12615384615384614,0.012307692307692308,0.26769230769230773,0.015384615384615384,0.003076923076923077,0.0,0.015384615384615384,0.003076923076923077,0.012307692307692308,0.259,0.3630769230769231,0.5179856115107914,0.8810625345877144,0.3103448275862069,26.769230769230766,12.615384615384617,456,556,80,0.1906474820143885,0.8125,0.175,0.0125,0.046762589928057555,0.13129496402877697,0.11510791366906475,0.1564748201438849,0.017985611510791366,0.32014388489208634,0.01079136690647482,0.01079136690647482,0.0,0.0035971223021582736,0.0,0.0035971223021582736,0.232,0.359,0.439,0.797,0.31,32.0,15.6
78,81,Cody Bellinger,NYY,132,589.9280575539568,656.0,132.14388489208633,0.23741007194244607,0.7589285714285715,0.22321428571428573,0.017857142857142856,0.03597122302158273,0.13848920863309352,0.14568345323741005,0.07733812949640288,0.008992805755395683,0.16187050359712232,0.007194244604316547,0.016187050359712234,0.0,0.019784172661870502,0.00539568345323741,0.014388489208841464,0.264,0.3219424460431654,0.442,0.7639424460431654,0.2807017543859649,16.18705035971223,7.733812949640288,588,656,131,0.24390243902439024,0.7709923664122137,0.19083969465648856,0.03816793893129771,0.04420731707317073,0.13567073170731708,0.14939024390243902,0.08689024390243902,0.001524390243902439,0.13719512195121952,0.003048780487804878,0.013719512195121951,0.0,0.019817073170731708,0.003048780487804878,0.01676829268292683,0.272,0.334,0.48,0.813,0.274,13.699999999999998,8.7
79,82,Xander Bogaerts,SDP,129,496.0883977900553,552.0,116.9060773480663,0.23572744014732966,0.7913043478260869,0.19999999999999998,0.008695652173913044,0.02394106813996317,0.11602209944751384,0.10681399631675875,0.08103130755064458,0.001841620626151013,0.17863720073664827,0.009208103130755065,0.011049723756906079,0.0,0.020257826887661146,0.003683241252302026,0.01657458563535912,0.262,0.3259668508287293,0.3934426229508196,0.7194094737795489,0.2994791666666667,17.863720073664823,8.103130755064457,491,552,118,0.23369565217391305,0.7457627118644068,0.2542372881355932,0.0,0.019927536231884056,0.11413043478260869,0.09601449275362318,0.08695652173913043,0.005434782608695652,0.17028985507246377,0.007246376811594203,0.014492753623188406,0.0018115942028985507,0.036231884057971016,0.0036231884057971015,0.03260869565217391,0.263,0.328,0.391,0.72,0.299,17.0,8.7
80,83,Jeremy Pena,HOU,149,500.15458937198065,543.0,115.42028985507247,0.23671497584541062,0.7878787878787877,0.19696969696969696,0.01515151515151515,0.024154589371980676,0.12077294685990338,0.10950080515297907,0.05314009661835749,0.001610305958132045,0.19001610305958128,0.01610305958132045,0.00644122383252818,0.00322061191626409,0.024154589371980676,0.008051529790660225,0.01610305958132045,0.257,0.3069466882067851,0.3881118881118881,0.6950585763186732,0.2979683972911964,19.001610305958135,5.314009661835748,493,543,133,0.27624309392265195,0.7593984962406015,0.22556390977443608,0.015037593984962405,0.03130755064456722,0.1252302025782689,0.1141804788213628,0.06445672191528545,0.003683241252302026,0.1712707182320442,0.022099447513812154,0.003683241252302026,0.001841620626151013,0.03683241252302026,0.003683241252302026,0.03314917127071823,0.304,0.363,0.477,0.84,0.345,17.1,6.4
81,84,Josh Smith,TEX,139,489.0057142857143,563.0,107.23809523809526,0.21333333333333337,0.7399999999999999,0.23999999999999996,0.019999999999999997,0.022857142857142857,0.1219047619047619,0.10857142857142858,0.08952380952380953,0.0019047619047619048,0.20380952380952383,0.032380952380952385,0.005714285714285714,0.0038095238095238095,0.017142857142857144,0.005714285714285714,0.011428571428571429,0.246,0.3365200764818356,0.3859649122807017,0.7224849887625373,0.2941176470588235,20.38095238095238,8.952380952380953,495,563,114,0.2202486678507993,0.7807017543859649,0.20175438596491227,0.017543859649122806,0.017761989342806393,0.12433392539964476,0.06216696269982238,0.09769094138543517,0.003552397868561279,0.17761989342806395,0.014209591474245116,0.0017761989342806395,0.0053285968028419185,0.021314387211367674,0.0053285968028419185,0.015985790408525755,0.251,0.335,0.366,0.7,0.295,17.8,9.8
82,85,J.T. Realmuto,PHI,109,497.737556561086,550.0,109.50226244343892,0.2330316742081448,0.7386363636363636,0.22727272729049586,0.03409090909090909,0.03393665158371041,0.1221719457090909,0.1244343891402715,0.07013574660633483,0.004524886878181819,0.24660633484162897,0.01809954751090909,0.006787330316742082,0.0,0.015837104072398193,0.006787330316742082,0.009049773756363637,0.258,0.3212669683257919,0.435,0.7562669683257919,0.3154121863799283,24.660633484162897,7.013574660633484,502,550,117,0.23454545454545456,0.7692307692307693,0.2222222222222222,0.008547008547008548,0.02181818181818182,0.10363636363636364,0.09454545454545454,0.06363636363636363,0.0018181818181818182,0.23454545454545456,0.016363636363636365,0.005454545454545455,0.0,0.014545454545454545,0.0036363636363636364,0.01090909090909091,0.257,0.315,0.384,0.7,0.321,23.5,6.4
83,86,Brenton Doyle,COL,138,492.0254545454545,538.0,105.64363636363636,0.2309090909090909,0.7685185185185185,0.19444444444444445,0.037037037037037035,0.03454545454545454,0.13090909091078068,0.13090909091078068,0.06363636363636363,0.0018181818181818182,0.28363636363636363,0.007272727272727273,0.00909090909090909,0.005454545454545455,0.04,0.007272727272727273,0.03272727272727272,0.252,0.3034734917733089,0.4234592445328032,0.7269327363061122,0.3243243243243243,28.363636363636363,6.363636363636363,502,538,102,0.2174721189591078,0.7549019607843137,0.22549019607843138,0.0196078431372549,0.027881040892193308,0.10594795539033457,0.10594795539033457,0.055762081784386616,0.0,0.25650557620817843,0.0,0.007434944237918215,0.0037174721189591076,0.03345724907063197,0.0037174721189591076,0.02973977695167286,0.233,0.274,0.376,0.651,0.289,25.7,5.6
84,87,Willson Contreras,STL,104,482.95260663507105,563.0,93.38862559241706,0.2037914691943128,0.7285714285714286,0.2714285714285714,0.0,0.03791469194312795,0.11848341232227488,0.12322274881516587,0.10426540284360189,0.0023696682464454974,0.25355450236966826,0.03317535545023697,0.004739336492890995,0.0,0.00947867298578199,0.004739336492890995,0.004739336492890995,0.238,0.3412322274881517,0.4226519337016574,0.7638841611898091,0.2904564315352697,25.355450236966824,10.42654028436019,490,563,106,0.22380106571936056,0.6981132075471698,0.29245283018867924,0.009433962264150943,0.035523978685612786,0.12433392539964476,0.14209591474245115,0.07815275310834814,0.0017761989342806395,0.2522202486678508,0.04085257548845471,0.007104795737122558,0.0017761989342806395,0.008880994671403197,0.0017761989342806395,0.007104795737122558,0.257,0.344,0.447,0.791,0.319,25.2,7.8
85,88,Bryson Stott,PHI,142,504.49557522123894,560.0,118.93805309734512,0.231858407079646,0.7833333333333335,0.19166666666666668,0.025000000000000005,0.019469026548672566,0.11858407079646016,0.10619469026548672,0.0831858407079646,0.0017699115044247785,0.17522123893805308,0.005309734513274336,0.010619469026548672,0.0,0.04247787610619469,0.005309734513274336,0.03716814158928571,0.257,0.3203539823008849,0.3791748526522593,0.6995288349531443,0.2962962962962963,17.52212389380531,8.318584071,499,560,115,0.22857142857142856,0.782608695652174,0.19130434782608696,0.02608695652173913,0.023214285714285715,0.11785714285714285,0.11785714285714285,0.09642857142857143,0.0017857142857142857,0.1625,0.0017857142857142857,0.007142857142857143,0.0035714285714285713,0.04285714285714286,0.008928571428571428,0.033928571428571426,0.257,0.328,0.391,0.719,0.288,16.3,9.6
86,90,Tyler O'Neill,BAL,112,183.7516779,209.0,34.59955257270694,0.21923937360178972,0.7567567567522306,0.2297297297297297,0.01351351351351351,0.05369127516778525,0.14765100671140943,0.14765100671140943,0.10067114093959732,0.0044742729306487695,0.3064876957416268,0.01342281879194631,0.006711409395973153,0.0,0.01342281879194631,0.0022371364653243847,0.011185682326621925,0.249,0.3333333333333333,0.4809160305343511,0.8142493638676844,0.3148936170212766,30.648769574944073,10.06711409395973,181,209,27,0.1722488038277512,0.7407407407407407,0.2222222222222222,0.037037037037037035,0.0430622009569378,0.10526315789473684,0.12440191387559808,0.10526315789473684,0.004784688995215311,0.24401913875598086,0.014354066985645933,0.014354066985645933,0.0,0.019138755980861243,0.0,0.019138755980861243,0.199,0.292,0.392,0.684,0.218,24.4,10.5
87,91,Brandon Lowe,TBR,110,490.5846501128668,553.0,92.3747178329571,0.21444695259593677,0.7162162162162163,0.27027027027027034,0.013513513513513513,0.04740406320541761,0.13544018058690746,0.14672686230248308,0.09480812641083522,0.002257336343115124,0.2618510157323689,0.013544018058690745,0.004514672686230249,0.0,0.011286681715575621,0.002257336343115124,0.009029345372460498,0.242,0.3227990970654628,0.4580152671755725,0.7808143642410352,0.2868217054263566,26.18510158013544,9.480812641083524,507,553,99,0.23508137432188064,0.8080808080808081,0.1919191919191919,0.0,0.05605786618444846,0.14285714285714285,0.15009041591320071,0.06871609403254973,0.0018083182640144665,0.2694394213381555,0.003616636528028933,0.0108499095840868,0.0,0.0054249547920434,0.003616636528028933,0.0018083182640144665,0.256,0.307,0.477,0.785,0.297,26.899999999999995,6.9
88,92,Jackson Chourio,MIL,147,544.2165289256199,589.0,126.56198347107438,0.24793388429752067,0.7538461538461538,0.2230769230769231,0.023076923076923078,0.03305785123966942,0.1322314049586777,0.14049586776859505,0.06446280991735538,0.0049586776859504135,0.20826446280991737,0.0049586776859504135,0.0049586776859504135,0.0016528925619834708,0.04462809917355372,0.013223140495867768,0.03140495867768595,0.268,0.3178807947019867,0.4382826475849731,0.7561634422869599,0.3125,20.826446280991735,6.446280991735537,549,589,127,0.25127334465195245,0.6929133858267716,0.2755905511811024,0.031496062992125984,0.035653650254668934,0.1494057724957555,0.13242784380305603,0.050933786078098474,0.001697792869269949,0.20543293718166383,0.0050933786078098476,0.010186757215619695,0.001697792869269949,0.035653650254668934,0.011884550084889643,0.023769100169779286,0.27,0.308,0.463,0.77,0.308,20.5,5.1
89,93,Teoscar Hernandez,LAD,145,498.71568627450984,546.0,107.95098039215686,0.24346405228758172,0.768595041322314,0.2231404958677686,0.008264462809917356,0.0457516339869281,0.12745098039215688,0.16339869280219782,0.07026143790849675,0.0032679738562091504,0.28594771241830064,0.011437908496732025,0.004901960784313726,0.0,0.014705882352941176,0.004901960784313726,0.009803921568627453,0.267,0.3251633986928104,0.4686940966010733,0.7938574952938838,0.3370473537604457,28.594771241830063,7.026143790849673,511,546,101,0.23076923076923078,0.7029702970297029,0.2871287128712871,0.009900990099009901,0.045787545787545784,0.11904761904761904,0.163003663003663,0.047619047619047616,0.0,0.2454212454212454,0.005494505494505495,0.009157509157509158,0.0,0.009157509157509158,0.003663003663003663,0.005494505494505495,0.247,0.284,0.454,0.738,0.283,24.5,4.8
90,94,Salvador Perez,KCR,135,588.0628366247756,641.0,126.58886894075403,0.24057450628366248,0.781818181818182,0.2090909090909091,0.009090909090909092,0.04308797127468582,0.09874326750448834,0.14542190305206465,0.05385996409335727,0.010771992818671455,0.22082585278276484,0.01974865350089767,0.008976660682226212,0.0,0.0,0.0,0.0,0.262,0.3141831238779174,0.4520547945205479,0.7662379183984653,0.2981029810298103,22.082585278276483,5.385996409335727,597,641,111,0.21996879875195008,0.6846846846846847,0.3153153153153153,0.0,0.046801872074883,0.0842433697347894,0.15600624024961,0.0436817472698908,0.0078003120124804995,0.19500780031201248,0.0187207488299532,0.0015600624024961,0.0,0.0,0.0,0.0,0.236,0.284,0.446,0.729,0.251,19.5,4.4
91,95,Shea Langeliers,ATH,133,474.4429400386847,523.0,82.95164410058027,0.21083172147001936,0.7317073170533508,0.2439024390243903,0.024390243905796766,0.05222437137330755,0.11798839458413926,0.15087040618955513,0.07543520309477757,0.003868471954110899,0.2727272727272727,0.009671179883945842,0.007736943906309752,0.0,0.005802707930367505,0.003868471954110899,0.0019342359767891683,0.232,0.2959381044487427,0.4562899786780384,0.7522280831267811,0.2688524590163934,27.27272727272727,7.543520309477756,481,523,102,0.25430210325047803,0.6862745098039216,0.3137254901960784,0.0,0.05927342256214149,0.13957934990439771,0.13766730401529637,0.06883365200764818,0.0019120458891013384,0.19694072657743786,0.0019120458891013384,0.009560229445506692,0.0,0.01338432122370937,0.0019120458891013384,0.011472275334608031,0.277,0.325,0.536,0.861,0.29,19.7,6.9
92,96,Randy Arozarena,SEA,148,610.7786624203821,709.0,126.44585987261146,0.21019108280254775,0.7321428571428572,0.25892857142857145,0.008928571428571428,0.03184713375796178,0.13057324840764334,0.11464968152866242,0.10509554140127388,0.0015923566878980893,0.2531847133757962,0.027070063694267517,0.006369426751592357,0.0,0.03343949044585987,0.01592356687898089,0.017515923566878984,0.244,0.3423566878980891,0.4121996303142329,0.754556318,0.3060109289617486,25.318471337579616,10.509554140127388,613,709,119,0.2059238363892807,0.7226890756302521,0.2689075630252101,0.008403361344537815,0.0380818053596615,0.13399153737658676,0.1071932299012694,0.09026798307475317,0.0028208744710860366,0.2693935119887165,0.0380818053596615,0.007052186177715092,0.0,0.04372355430183357,0.00846262341325811,0.03526093088857546,0.238,0.334,0.426,0.76,0.298,26.899999999999995,9.0
93,97,Lawrence Butler,ATH,136,573.3577981651376,630.0,120.22018348623854,0.22752293577981653,0.7307692307760988,0.24038461538461536,0.028846153846153844,0.03669724770642201,0.13394495412844035,0.13027522935779817,0.08073394495412843,0.0018348623853211008,0.25137614678899084,0.0018348623853211008,0.007339449541284403,0.0,0.031192660550458714,0.0036697247706422016,0.027522935779816512,0.25,0.3100917431192661,0.4334677419354839,0.743559485,0.3032069970845481,25.137614678899084,8.073394495412845,569,630,112,0.2111111111111111,0.7142857142857143,0.26785714285714285,0.017857142857142856,0.03333333333333333,0.13174603174603175,0.1,0.09365079365079365,0.0,0.2841269841269841,0.0,0.0,0.0031746031746031746,0.03492063492063492,0.011111111111111112,0.023809523809523808,0.234,0.306,0.404,0.71,0.304,28.4,9.4
95,99,Tommy Edman,LAD,114,343.9014989293362,377.0,78.30620984689507,0.23126338328912466,0.7422680412675601,0.23711340207158166,0.020618556701876668,0.02355460385438972,0.13704496788008566,0.11349036402569593,0.06852248394004283,0.0021413276231263384,0.17558886509635974,0.008565310492505354,0.006423982869379015,0.004282655246252677,0.042826552462526764,0.004282655246252677,0.03854389721627409,0.254,0.3096774193548387,0.3943661971830985,0.7040436165379373,0.2886904761904761,17.558886509635975,6.852248394004283,346,377,65,0.20689655172413793,0.7846153846153846,0.2,0.015384615384615385,0.034482758620689655,0.129973474801061,0.129973474801061,0.050397877984084884,0.0,0.16180371352785147,0.015915119363395226,0.013262599469496022,0.002652519893899204,0.007957559681697613,0.002652519893899204,0.005305039787798408,0.225,0.274,0.382,0.655,0.235,16.2,5.0
96,100,Cedric Mullins,BAL,138,448.3872180451128,498.0,92.67293233082707,0.2161654135338346,0.737373737415115,0.23232323232323232,0.0303030303030303,0.03007518796992481,0.12218045112781954,0.12030075187969924,0.08082706766917293,0.0018796992481203006,0.19736842105263155,0.009398496240601503,0.005639097744360902,0.0037593984962406013,0.048872180451127824,0.011278195488721804,0.03759398496240601,0.24,0.3075471698113207,0.4008350730688935,0.7083822428802142,0.2742382271468144,19.73684210526316,8.082706766917292,435,498,77,0.18875502008032127,0.6883116883116883,0.2987012987012987,0.012987012987012988,0.03413654618473896,0.11646586345381527,0.11847389558232932,0.10040160642570281,0.0,0.24096385542168675,0.008032128514056224,0.012048192771084338,0.006024096385542169,0.04417670682730924,0.008032128514056224,0.03614457831325301,0.216,0.299,0.391,0.69,0.253,24.1,10.0
97,101,Dylan Crews,WSN,125,290.8944543828265,322.0,63.36314847942755,0.22182468694096602,0.7272727272727272,0.22727272727272727,0.04545454545454545,0.025044722719141325,0.11806797853309481,0.11806797853309481,0.06797853309481217,0.0,0.22182468694096602,0.01967799642218247,0.008944543828264756,0.0,0.046511627906976744,0.012522361359570662,0.03398926654740608,0.246,0.3094812164579606,0.398019801980198,0.7075010184381587,0.2956989247311828,22.1824686940966,6.797853309481217,293,322,51,0.18944099378881987,0.803921568627451,0.1568627450980392,0.0392156862745098,0.031055900621118012,0.13354037267080746,0.08385093167701864,0.07453416149068323,0.0,0.2360248447204969,0.015527950310559006,0.0,0.0,0.052795031055900624,0.015527950310559006,0.037267080745341616,0.208,0.28,0.352,0.631,0.246,23.6,7.5
98,102,Brendan Donovan,STL,146,453.2705479452055,515.0,116.40410958904108,0.2465753424657534,0.7878787879035011,0.19696969696969702,0.015151515151515154,0.020547945205479458,0.11815068493150685,0.10787671232876712,0.09075342465753425,0.0017123287671232878,0.13013698630136986,0.022260273972602742,0.0051369863013698645,0.0017123287671232878,0.006849315068493151,0.006849315068493151,0.0,0.28,0.3602058319039451,0.4085603112840467,0.7687661431879917,0.3076923076923077,13.013698630136986,9.075342465753424,460,515,122,0.2563106796116505,0.7377049180327869,0.26229508196721313,0.0,0.019417475728155338,0.12427184466019417,0.0970873786407767,0.08155339805825243,0.005825242718446602,0.13009708737864079,0.013592233009708738,0.007766990291262136,0.003883495145631068,0.005825242718446602,0.005825242718446602,0.0,0.287,0.353,0.422,0.775,0.315,13.0,8.2
99,103,Josh Lowe,TBR,124,395.125,435.0,89.71875,0.2375,0.7171717171717171,0.26262626262626265,0.020202020202020204,0.03125,0.12083333333333333,0.125,0.08333333333333333,0.00625,0.29791666666666666,0.0020833333333333333,0.00625,0.0,0.05,0.0020833333333333333,0.04791666666666667,0.261,0.3229166666666667,0.4334862385321101,0.7564029051987768,0.3523131672597864,29.791666666666668,8.333333333333332,396,435,76,0.2,0.6973684210526315,0.27631578947368424,0.02631578947368421,0.02528735632183908,0.12873563218390804,0.09195402298850575,0.07586206896551724,0.0022988505747126436,0.25057471264367814,0.006896551724137931,0.004597701149425287,0.0022988505747126436,0.041379310344827586,0.009195402298850575,0.03218390804597701,0.22,0.283,0.366,0.65,0.273,25.1,7.6
100,104,Ryan Jeffers,MIN,111,408.5463414634146,463.99999999999994,76.95609756,0.20731707316810347,0.7205882353032528,0.26470588235629694,0.014705882353127609,0.041463414633620695,0.11707317073170731,0.13414634146341464,0.08292682926724139,0.0,0.2341463414634146,0.02439024390243903,0.007317073170731707,0.004878048780487805,0.004878048780487805,0.0,0.004878048780487805,0.235,0.3161764705882353,0.4321329639889196,0.7483094345771549,0.2709163346613545,23.414634146341463,8.292682926829269,406,464,99,0.23275862068965517,0.7373737373737373,0.26262626262626265,0.0,0.01939655172413793,0.10129310344827586,0.10129310344827586,0.10775862068965517,0.0021551724137931034,0.1961206896551724,0.015086206896551725,0.0021551724137931034,0.0,0.0021551724137931034,0.0021551724137931034,0.0,0.266,0.356,0.397,0.752,0.322,19.6,10.8
101,105,Francisco Alvarez,NYM,119,245.94050343249427,277.0,44.370709382151034,0.20594965675057209,0.7571428572542547,0.22857142857142848,0.014285714285714284,0.04576659038901602,0.11899313501144164,0.14645308924485123,0.09382151029748283,0.0,0.25400457665903886,0.011441647597254004,0.006864988558352402,0.0,0.002288329519450801,0.002288329519450801,0.0,0.232,0.3112128146453089,0.4329896907216495,0.7442025053669584,0.2692307692307692,25.400457665903893,9.382151029748284,246,277,52,0.22743682310469315,0.75,0.23076923076923078,0.019230769230769232,0.039711191335740074,0.11552346570397112,0.11552346570397112,0.09747292418772563,0.0,0.26353790613718414,0.01444043321299639,0.0,0.0,0.0,0.0,0.0,0.256,0.339,0.447,0.787,0.321,26.4,9.7
102,106,Andy Pages,LAD,132,555.4285714285714,624.0,112.0,0.21978021978021978,0.7040816326530611,0.2755102040816327,0.02040816326530612,0.040293040293040296,0.13736263736263735,0.13736263736263735,0.07875457875457875,0.0018315018315018315,0.25457875457875456,0.021978021978021976,0.009157509157509156,0.0,0.005494505494505494,0.005494505494505494,0.0,0.247,0.3205128205128205,0.4465020576131687,0.7670148781259893,0.296969697,25.457875457875456,7.875457875457875,581,624,131,0.2532051282051282,0.7862595419847328,0.20610687022900764,0.007633587786259542,0.04326923076923077,0.11858974358974358,0.13782051282051283,0.046474358974358976,0.0,0.21634615384615385,0.01282051282051282,0.009615384615384616,0.0,0.022435897435897436,0.011217948717948718,0.011217948717948718,0.272,0.313,0.461,0.774,0.308,21.6,4.6
103,107,Christian Walker,HOU,132,560.0,640.0,99.71014492753623,0.2028985507246377,0.7209302325479651,0.2674418604651163,0.011627906976744186,0.04710144927536232,0.125,0.1503623188405797,0.09963768115942029,0.005434782608695653,0.2355072463768116,0.014492753623437498,0.010869565217391306,0.0,0.007246376810937501,0.0018115942028985507,0.005434782608695653,0.232,0.3170289855072464,0.4451345755693582,0.7621635610766047,0.2582582582582582,23.55072463768116,9.963768116,585,640,112,0.2171875,0.7767857142857143,0.21428571428571427,0.008928571428571428,0.0421875,0.1125,0.1375,0.0625,0.0015625,0.2765625,0.0171875,0.00625,0.0,0.003125,0.0015625,0.0015625,0.238,0.297,0.421,0.717,0.291,27.699999999999996,6.3
104,108,CJ Abrams,WSN,143,576.5969899665553,635.0,126.36287625418062,0.2290969899665552,0.7226890756302521,0.2436974789915966,0.03361344537815126,0.030100334448160536,0.13712374581939799,0.11705685618729096,0.05852842809364548,0.003344481605351171,0.19565217391304351,0.0234113712374582,0.006688963210702342,0.003344481605351171,0.051839464881889764,0.013377926421404684,0.038461538461538464,0.252,0.3120805369127516,0.4198895027624309,0.7319700396751826,0.2888349514563106,19.565217391304348,5.852842809364549,580,635,130,0.2346456692913386,0.6923076923076923,0.2692307692307692,0.038461538461538464,0.029921259842519685,0.14488188976377953,0.09448818897637795,0.05826771653543307,0.0015748031496062992,0.1968503937007874,0.02204724409448819,0.004724409448818898,0.0015748031496062992,0.048818897637795275,0.004724409448818898,0.04409448818897638,0.257,0.315,0.433,0.748,0.296,19.7,5.8
105,109,Luis Robert Jr.,CHW,117,397.50715746421264,431.0,81.08793456032718,0.22903885480572594,0.7282608695652175,0.2717391304347826,0.0,0.0408997955010225,0.12678936605316973,0.1329243353783231,0.05930470347648262,0.0061349693251533735,0.2842535787321064,0.014314928425357872,0.004089979550102249,0.0,0.038854805725971366,0.008179959100204498,0.030674846625766868,0.248,0.3026584867075664,0.4368070953436807,0.7394655820512472,0.3129251700680272,28.425357873210633,5.930470347648262,382,431,71,0.19721577726218098,0.8309859154929577,0.16901408450704225,0.0,0.03248259860788863,0.12064965197215777,0.12296983758700696,0.09280742459396751,0.0069605568445475635,0.25986078886310904,0.004640371229698376,0.0069605568445475635,0.002320185614849188,0.0765661252900232,0.018561484918793503,0.058004640371229696,0.223,0.297,0.364,0.661,0.274,26.0,9.3
106,110,Bo Naylor,CLE,125,363.5121951219512,414.0,65.17516629711751,0.19290465631929046,0.7042253520422536,0.28169014084507044,0.01408450704698238,0.03547671840354767,0.12416851441241686,0.12195121951219512,0.110864745,0.004434589800443459,0.2594235033259424,0.004434589800443459,0.004434589800443459,0.0022172949009661835,0.013303769401330377,0.004434589800443459,0.008869179600886918,0.22,0.3088888888888889,0.3964646464646464,0.7053535353535354,0.2679245283018868,25.94235033259423,11.086474501108649,359,414,56,0.16908212560386474,0.5892857142857143,0.39285714285714285,0.017857142857142856,0.033816425120772944,0.1111111111111111,0.11352657004830918,0.10869565217391304,0.0,0.2391304347826087,0.0024154589371980675,0.014492753623188406,0.007246376811594203,0.0024154589371980675,0.004830917874396135,-0.0024154589371980675,0.195,0.282,0.379,0.661,0.222,23.9,10.9
107,111,Ryan McMahon,COL,147,517.7470881863561,586.0,106.27953410981698,0.21630615640599002,0.7431192660140276,0.24770642203603968,0.009174311926605503,0.03494176372712147,0.1181364392662116,0.1181364392662116,0.1048252911813644,0.004991680532445923,0.28119800332778705,0.004991680532445923,0.0066555740432612314,0.0,0.0066555740432612314,0.0066555740432612314,0.0,0.245,0.3261231281198003,0.4180790960451977,0.744202224,0.3159420289855073,28.11980033,10.48252911813644,509,586,89,0.18600682593856654,0.7303370786516854,0.25842696629213485,0.011235955056179775,0.034129692832764506,0.10580204778156997,0.09044368600682594,0.11945392491467577,0.0017064846416382253,0.3225255972696246,0.006825938566552901,0.005119453924914676,0.0,0.005119453924914676,0.0017064846416382253,0.0034129692832764505,0.214,0.312,0.381,0.693,0.294,32.3,11.9
108,113,Yandy Diaz,TBR,134,576.2385159,651.0,148.37279151943463,0.25265017667844525,0.7829457364341085,0.2170542635658915,0.0,0.02473498233215548,0.11307420494623656,0.11660777385159009,0.10070671378091872,0.0017667844522968198,0.14664310954063603,0.0088339222614841,0.005300353356890459,0.0,0.0,0.0017667844522968198,-0.0017667844516129033,0.285,0.3621908127208481,0.4251497005988024,0.7873405133196505,0.3169533169533169,14.664310954063604,10.070671378091872,583,651,150,0.26881720430107525,0.8,0.19333333333333333,0.006666666666666667,0.03840245775729647,0.12135176651305683,0.12749615975422426,0.08755760368663594,0.006144393241167435,0.141321044546851,0.009216589861751152,0.007680491551459293,0.0,0.004608294930875576,0.0015360983102918587,0.0030721966205837174,0.3,0.366,0.482,0.848,0.318,14.099999999999998,8.8
109,114,Nick Gonzales,PIT,121,369.7743786,408.0,88.93307839388146,0.23900573613766732,0.6754385964912281,0.2807017543859649,0.043859649122807015,0.021032504780114723,0.12619502868068833,0.12619502868068833,0.06692160611854685,0.0019120458897058823,0.22370936902485655,0.017208413001912046,0.0076481835564053535,0.0019120458897058823,0.0076481835564053535,0.0076481835564053535,0.0,0.264,0.3237547892720306,0.4219409282700422,0.7456957175420729,0.3257142857142857,22.37093690248566,6.692160611854685,381,408,94,0.2426470588235294,0.776595744680851,0.19148936170212766,0.031914893617021274,0.012254901960784314,0.09558823529411764,0.07352941176470588,0.051470588235294115,0.0,0.17892156862745098,0.004901960784313725,0.00980392156862745,0.0,0.0,0.004901960784313725,-0.004901960784313725,0.26,0.299,0.362,0.661,0.306,17.9,5.1
110,115,Kristian Campbell,BOS,116,232.5147347740668,263.0,54.77013752455796,0.2357563850687623,0.7264150943396226,0.23584905660377356,0.03773584905660377,0.0275049115913556,0.1394891944990177,0.14538310412573674,0.09233791748526522,0.0019646365422396855,0.22986247544204322,0.021611001964636545,0.0019646365422396855,0.0,0.025540275049115914,0.011787819253438114,0.013752455795677802,0.267,0.349705304518664,0.4333333333333333,0.7830386378519973,0.33125,22.98624754420432,9.233791748526524,229,263,45,0.19391634980988592,0.7777777777777778,0.2222222222222222,0.0,0.022813688212927757,0.09125475285171103,0.07984790874524715,0.11026615969581749,0.0,0.2737642585551331,0.015209125475285171,0.0038022813688212928,0.0,0.0076045627376425855,0.0038022813688212928,0.0038022813688212928,0.223,0.319,0.345,0.664,0.296,27.399999999999995,11.0
111,116,Brice Turang,MIL,148,594.7897435897436,659.0,140.81196581196582,0.22905982905982908,0.7919999999999999,0.184,0.023999999999999997,0.015384615384615384,0.11794871794871796,0.09401709401709402,0.0837606837632777,0.0017094017094017094,0.18290598290598292,0.0017094017094017094,0.005128205128205128,0.006837606837606838,0.061538461538461535,0.008547008547008546,0.05299145299145299,0.254,0.3166953528399311,0.3598484848484848,0.6765438376884161,0.3012048192771084,18.29059829059829,8.376068376068375,584,659,150,0.2549317147192716,0.8,0.18666666666666668,0.013333333333333334,0.027314112291350532,0.1471927162367223,0.12291350531107739,0.10015174506828528,0.0015174506828528073,0.2276176024279211,0.0030349013657056147,0.007587253414264037,0.0030349013657056147,0.036418816388467376,0.012139605462822459,0.024279210925644917,0.288,0.359,0.435,0.794,0.356,22.8,10.0
112,117,Logan O'Hoppe,LAA,121,401.91786447638606,451.0,77.79055441478438,0.21765913757700203,0.8095238095238096,0.17857142855585476,0.011904761904761906,0.045174537987679675,0.12114989733059549,0.1273100616016427,0.08418891170431211,0.0020533880903490756,0.2587268993839836,0.01848049281374723,0.004106776180698151,0.0020533880903490756,0.004106776180698151,0.006160164270509977,-0.0020533880909090908,0.244,0.3209876543209876,0.4354838709677419,0.7564715252887295,0.2916666666666667,25.87268993839836,8.41889117,423,451,71,0.19955654101995565,0.8732394366197183,0.11267605633802817,0.014084507042253521,0.04212860310421286,0.07760532150776053,0.09534368070953436,0.05321507760532151,0.0,0.3082039911308204,0.004434589800443459,0.0022172949002217295,0.0022172949002217295,0.004434589800443459,0.0022172949002217295,0.0022172949002217295,0.213,0.258,0.371,0.629,0.267,30.8,5.3
113,118,Tyler Stephenson,CIN,134,303.84,342.0,69.12,0.2336842105263158,0.7604166666666665,0.22916666666666666,0.010416666666666666,0.031578947368421054,0.12631578947368421,0.12842105263157896,0.09263157894736843,0.004210526315789474,0.22947368421052633,0.012631578947368423,0.006315789473684211,0.0,0.002105263157894737,0.0,0.002105263157894737,0.263,0.3389473684210526,0.4265402843601896,0.7654876527812422,0.3189368770764119,22.94736842105263,9.263157894736842,299,342,56,0.20175438596491227,0.6785714285714286,0.32142857142857145,0.0,0.038011695906432746,0.11695906432748537,0.14619883040935672,0.10818713450292397,0.0029239766081871343,0.3391812865497076,0.005847953216374269,0.011695906432748537,0.0,0.0,0.0029239766081871343,-0.0029239766081871343,0.231,0.316,0.421,0.737,0.322,33.9,10.8
114,119,Jonathan India,KCR,138,480.73846153846154,567.0,107.58461538461539,0.21025641025641026,0.7297297297297297,0.25225225225225223,0.018018018018018018,0.020512820512820513,0.1299145299145299,0.09743589743589744,0.11282051282051282,0.0,0.1897435897435898,0.029059829059829057,0.008547008547008546,0.0017094017094017094,0.0188034188034188,0.003418803418803419,0.015384615384615384,0.248,0.3527397260273973,0.3850806451612903,0.7378203711886876,0.2936507936507936,18.974358974358974,11.282051282051285,497,567,107,0.20458553791887124,0.7289719626168224,0.27102803738317754,0.0,0.015873015873015872,0.1111111111111111,0.07936507936507936,0.09523809523809523,0.0,0.18694885361552027,0.02292768959435626,0.003527336860670194,0.001763668430335097,0.0,0.007054673721340388,-0.007054673721340388,0.233,0.323,0.346,0.669,0.279,18.7,9.5
115,120,Chase Meidroth,CHW,121,425.3119266055046,505.0,99.14678899082568,0.2091743119266055,0.822429906542056,0.15887850467289721,0.01869158878504673,0.012844036697247705,0.13027522935779817,0.08807339449541285,0.13211009174311927,0.0,0.163302752293578,0.02018348623853211,0.005504587155963303,0.0,0.014678899082568806,0.005504587155963303,0.009174311926732672,0.248,0.3614678899082569,0.3398692810457516,0.7013371709540086,0.2923497267759563,16.33027523,13.211009174311927,450,505,109,0.22574257425742575,0.8623853211009175,0.13761467889908258,0.0,0.009900990099009901,0.10693069306930693,0.04554455445544554,0.0891089108910891,0.0,0.14257425742574256,0.011881188118811881,0.0019801980198019802,0.005940594059405941,0.027722772277227723,0.007920792079207921,0.019801980198019802,0.253,0.329,0.32,0.649,0.291,14.3,8.9
116,121,Edouard Julien,MIN,134,176.35621521335807,208.0,35.888682745825605,0.19851576994434136,0.7634408602150538,0.22580645161290325,0.010752688172043008,0.025974025974025976,0.12430426716141002,0.10575139146567719,0.14100185528756956,0.0018552875695732837,0.3228200371057514,0.0074211502782931356,0.0037105751391465678,0.0,0.018552875695732836,0.0018552875695732837,0.016697588126159554,0.234,0.3469387755102041,0.3763676148796498,0.72330639,0.3431734317343173,32.28200371057514,14.100185528756956,182,208,37,0.19230769230769232,0.7297297297297297,0.2702702702702703,0.0,0.014423076923076924,0.0625,0.057692307692307696,0.10576923076923077,0.0,0.2932692307692308,0.009615384615384616,0.004807692307692308,0.004807692307692308,0.0,0.014423076923076924,-0.014423076923076924,0.22,0.309,0.324,0.633,0.311,29.299999999999997,10.6
117,122,Spencer Horwitz,PIT,138,355.08163265306126,411.00000000000006,88.7704081632653,0.2363945578231292,0.7165354330708662,0.2755905511811024,0.007874015748031498,0.02040816326530612,0.11904761904761904,0.10714285714285714,0.11564625850340136,0.003401360544217687,0.17346938775510204,0.013605442176870748,0.006802721088435374,0.0,0.005102040816326529,0.003401360544217687,0.0017006802721088435,0.274,0.3656462585034014,0.4173228346456692,0.7829690931490707,0.3190954773869346,17.346938775510203,11.564625850340136,364,411,88,0.24087591240875914,0.7045454545454546,0.29545454545454547,0.0,0.0267639902676399,0.13381995133819952,0.12408759124087591,0.1070559610705596,0.0024330900243309003,0.17761557177615572,0.004866180048661801,0.0024330900243309003,0.0,0.0,0.0024330900243309003,-0.0024330900243309003,0.272,0.353,0.434,0.787,0.313,17.8,10.7
120,125,Maikel Garcia,KCR,142,605.0515806988352,665.9999999999999,146.27620632279533,0.2312811980033278,0.7575757575757576,0.21212121212121213,0.030303030304315682,0.011647254575707157,0.1314475873573574,0.09484193011647256,0.07487520798668885,0.0,0.17803660565723795,0.0016638935108153079,0.009983361064891848,0.004991680532445924,0.04991680532445924,0.006655574043543545,0.04326123128119801,0.255,0.3093645484949833,0.358974359,0.6683389074693422,0.3013698630136986,17.803660565723796,7.487520798668886,595,666,154,0.2552552552552553,0.7142857142857143,0.2532467532467532,0.032467532467532464,0.024024024024024024,0.12162162162162163,0.1111111111111111,0.09309309309309309,0.0,0.12612612612612611,0.0015015015015015015,0.0075075075075075074,0.0045045045045045045,0.03453453453453453,0.013513513513513514,0.021021021021021023,0.286,0.351,0.449,0.8,0.308,12.6,9.3
121,126,Jake Meyers,HOU,128,343.4966443,381.0,71.59731544053692,0.2147651006824147,0.7499999999550054,0.22619047617690644,0.023809523808095416,0.026845637583892617,0.11185682326621924,0.11856823265091863,0.07158836690288714,0.0,0.24161073825503354,0.015659955257270694,0.006711409395973154,0.0044742729306487695,0.017897091722595078,0.0044742729306487695,0.013422818791946308,0.238,0.3033707865168539,0.3846153846153846,0.6879861711322386,0.2937062937062937,24.16107382550336,7.158836689038031,343,381,97,0.26246719160104987,0.8247422680412371,0.15463917525773196,0.020618556701030927,0.007874015748031496,0.13910761154855644,0.06299212598425197,0.08136482939632546,0.0,0.17585301837270342,0.007874015748031496,0.005249343832020997,0.005249343832020997,0.04199475065616798,0.013123359580052493,0.028871391076115485,0.292,0.354,0.373,0.727,0.353,17.6,8.1
122,128,Bryan Reynolds,PIT,149,582.9130434782609,654.0,134.04968944099377,0.2375776397515528,0.7575757575757576,0.21212121212121215,0.030303030303030307,0.03260869565217391,0.11490683229813664,0.13043478260869565,0.08850931677018634,0.006211180124223602,0.2158385093167702,0.013975155279503106,0.006211180124223602,0.0,0.012422360248447204,0.003105590062111801,0.009316770186335404,0.267,0.3400621118012422,0.4390243902439024,0.7790865020451447,0.3157894736842105,21.583850931677016,8.850931677018634,587,654,128,0.22018348623853212,0.6796875,0.296875,0.0234375,0.024464831804281346,0.10397553516819572,0.11162079510703364,0.0871559633027523,0.0015290519877675841,0.26452599388379205,0.010703363914373088,0.0045871559633027525,0.0,0.0045871559633027525,0.0030581039755351682,0.0015290519877675841,0.245,0.318,0.402,0.72,0.319,26.5,8.7
123,129,Adolis Garcia,TEX,143,495.7759197324414,547.0,92.38628762541806,0.2157190635451505,0.7227722772277226,0.2574257425742574,0.019801980198019802,0.046822742474916385,0.12876254180602006,0.14882943143812707,0.07525083612040133,0.0016722408026755855,0.2826086956521739,0.010033444816053512,0.008361204013377926,0.0,0.020066889632107024,0.006688963210702342,0.013377926421404682,0.238,0.3010033444816054,0.4483394833948339,0.7493428278764394,0.2885714285714286,28.26086956521739,7.5250836120401345,507,547,96,0.21023765996343693,0.7083333333333334,0.2916666666666667,0.0,0.03473491773308958,0.10603290676416818,0.13711151736745886,0.051188299817184646,0.0018281535648994515,0.24680073126142596,0.009140767824497258,0.012797074954296161,0.0,0.02376599634369287,0.007312614259597806,0.016453382084095063,0.227,0.271,0.394,0.665,0.267,24.7,5.1
124,130,Dillon Dingler,DET,96,422.8106061,468.99999999999994,81.71969696969694,0.20454545454545453,0.7246376811594204,0.24637681159420294,0.02898550724637682,0.030303030303030307,0.11363636363636363,0.13131313131313133,0.0707070707070707,0.0,0.2803030303030303,0.020202020202020204,0.007575757575757576,0.0,0.007575757575757576,0.002525252525252526,0.005050505050505051,0.227,0.2954545454545454,0.3865546218487395,0.682009167,0.2911392405063291,28.030303030303028,7.070707071,435,469,108,0.2579957356076759,0.7870370370370371,0.19444444444444445,0.018518518518518517,0.02771855010660981,0.11513859275053305,0.12153518123667377,0.04904051172707889,0.0042643923240938165,0.2345415778251599,0.019189765458422176,0.0021321961620469083,0.0,0.0,0.0,0.0,0.278,0.327,0.425,0.752,0.345,23.5,4.9
125,131,Parker Meadows,DET,134,190.5,213.0,38.25,0.20774647887323944,0.7254901960784313,0.21568627450980393,0.058823529411764705,0.028169014084507043,0.125,0.11619718309859155,0.08626760563380281,0.0017605633802816902,0.2323943661971831,0.007042253521126761,0.008802816901408451,0.0035211267605633804,0.03345070422535211,0.01056338028169014,0.022887323943661973,0.232,0.3021201413427561,0.3937007874015748,0.695820929,0.2794520547945205,23.239436619718308,8.626760563380282,191,213,37,0.19248826291079812,0.7837837837837838,0.16216216216216217,0.05405405405405406,0.018779342723004695,0.10328638497652583,0.07511737089201878,0.09859154929577464,0.0,0.26291079812206575,0.0,0.004694835680751174,0.0,0.018779342723004695,0.0,0.018779342723004695,0.215,0.291,0.33,0.621,0.28,26.3,9.9
126,132,Coby Mayo,BAL,123,263.4104046242775,294.0,52.115606936416185,0.2138728323699422,0.6956521739130436,0.282608695652174,0.02173913043478261,0.036608863198458574,0.12524084778420036,0.14065510597302505,0.08477842003853565,0.003853564547206166,0.2813102119460501,0.01348747591522158,0.005780346820809249,0.0,0.005780346820809249,0.005780346820809249,0.0,0.239,0.3121387283236994,0.4258064516129032,0.7379451799366026,0.3036303630363036,28.13102119460501,8.477842003853564,263,294,46,0.19387755102040816,0.7391304347826086,0.2608695652173913,0.0,0.03741496598639456,0.10204081632653061,0.09523809523809523,0.09183673469387756,0.0,0.2857142857142857,0.013605442176870748,0.0,0.0,0.01020408163265306,0.0,0.01020408163265306,0.217,0.299,0.388,0.687,0.274,28.6,9.2
127,133,Lars Nootbaar,STL,127,497.0842105263158,583.0,101.87157894736842,0.20842105263157892,0.6987951807228916,0.26506024096385544,0.03614457831325302,0.03368421052631579,0.13263157895368782,0.11578947368421054,0.13263157895368782,0.004210526315789474,0.2042105263157895,0.002105263157894737,0.010526315789473684,0.002105263157894737,0.01473684210526316,0.004210526315789474,0.010526315789473684,0.244,0.3438818565400844,0.4320987654320987,0.7759806219721832,0.2794612794612794,20.42105263157895,13.263157894736842,509,583,106,0.20411663807890223,0.7641509433962265,0.22641509433962265,0.009433962264150943,0.022298456260720412,0.11663807890222985,0.0823327615780446,0.1097770154373928,0.005145797598627788,0.20411663807890223,0.010291595197255575,0.005145797598627788,0.0017152658662092624,0.00686106346483705,0.008576329331046312,-0.0017152658662092624,0.234,0.325,0.361,0.686,0.279,20.4,11.0
129,135,Kyle Schwarber,PHI,145,604.2658423493045,724.0,93.9969088098918,0.18701700154559506,0.75,0.2380952380952381,0.011904761904761906,0.0571870170015456,0.1483771251931994,0.1483771251931994,0.1499227202472952,0.0061823802163833074,0.29211746522411125,0.009273570324574962,0.0061823802163833074,0.0,0.0061823802163833074,0.0030911901081916537,0.0030911901081916537,0.224,0.3462132921174652,0.4703703703703704,0.8165836624878355,0.2641509433962264,29.21174652241113,14.99227202472952,604,724,89,0.20027624309392264,0.7191011235955056,0.25842696629213485,0.02247191011235955,0.07734806629834254,0.15331491712707182,0.18232044198895028,0.14917127071823205,0.008287292817679558,0.27209944751381215,0.015193370165745856,0.0013812154696132596,0.0,0.013812154696132596,0.0027624309392265192,0.011049723756906077,0.24,0.365,0.563,0.928,0.253,27.200000000000003,14.9
130,136,Davis Schneider,TOR,124,195.7394068,227.0,34.627118643694914,0.1885593220338983,0.6666666666738457,0.30555555555884595,0.027777777784440093,0.03601694915418502,0.11864406779661017,0.12076271186440678,0.11652542372881358,0.0,0.2902542372881356,0.012711864406779662,0.00847457627118644,0.0,0.012711864406779662,0.00211864406779661,0.010593220338983052,0.219,0.3177966101694915,0.4078624078624078,0.7256590180318994,0.2801556420233463,29.02542372881356,11.652542372881356,188,227,33,0.19383259911894274,0.8484848484848485,0.15151515151515152,0.0,0.048458149779735685,0.14537444933920704,0.13656387665198239,0.15859030837004406,0.0,0.2643171806167401,0.00881057268722467,0.004405286343612335,0.0,0.013215859030837005,0.004405286343612335,0.00881057268722467,0.234,0.361,0.436,0.797,0.28,26.4,15.9
131,137,Max Muncy,LAD,108,320.8957871396896,388.0,50.75831485587584,0.17738359201773837,0.6949152542372881,0.28813559322033894,0.01694915254237288,0.04656319290465632,0.1419068736141907,0.13968957871396898,0.14855875831485588,0.0066518847006651885,0.26385809312638575,0.015521064301552107,0.008869179600886918,0.0,0.004434589800443459,0.0022172949002217295,0.0022172949002217295,0.214,0.3414634146341463,0.4343163538873995,0.7757797685215458,0.2489451476793249,26.38580931263858,14.855875831485587,313,388,57,0.1958762886597938,0.7894736842105263,0.17543859649122806,0.03508771929824561,0.04896907216494845,0.12371134020618557,0.17268041237113402,0.16494845360824742,0.005154639175257732,0.21391752577319587,0.015463917525773196,0.01288659793814433,0.0,0.010309278350515464,0.0,0.010309278350515464,0.243,0.376,0.47,0.846,0.264,21.4,16.5
132,138,Tyler Fitzgerald,SFG,120,221.67551020408163,243.0,44.632653061122454,0.21836734693877552,0.7111111111127367,0.2555555555561398,0.033333333333409536,0.03469387755144033,0.13877551020408163,0.1346938775510204,0.06530612244897958,0.0,0.3081632653061225,0.0163265306122449,0.004081632653061225,0.0020408163265306124,0.0326530612244898,0.00816326530612245,0.02448979591836735,0.239,0.3006134969325153,0.4183445190156599,0.7189580159481752,0.3202846975088968,30.816326530612244,6.530612244897959,217,243,43,0.1934156378600823,0.7441860465116279,0.23255813953488372,0.023255813953488372,0.01646090534979424,0.07818930041152264,0.05761316872427984,0.06995884773662552,0.0,0.2880658436213992,0.00823045267489712,0.00411522633744856,0.024691358024691357,0.037037037037037035,0.01646090534979424,0.0205761316872428,0.217,0.278,0.327,0.606,0.299,28.800000000000004,7.000000000000001
133,139,Ben Williamson,SEA,126,265.5,295.0,60.60909090909091,0.21272727272727274,0.7168141592920354,0.2654867256637168,0.017699115044247787,0.007272727272727273,0.11090909090909092,0.09454545454545454,0.07818181818181817,0.0,0.26363636363636367,0.01818181818181818,0.0036363636363636364,0.0,0.02,0.007272727272727273,0.012727272727272728,0.236,0.3090909090909091,0.3292929292929293,0.6383838383838384,0.3247126436781609,26.36363636363636,7.818181818181818,277,295,69,0.23728813559322035,0.8115942028985508,0.18840579710144928,0.0,0.003389830508474576,0.12203389830508475,0.0711864406779661,0.05084745762711865,0.0,0.21694915254237288,0.003389830508474576,0.0,0.006779661016949152,0.01694915254237288,0.003389830508474576,0.013559322033898305,0.253,0.294,0.31,0.604,0.325,21.7,5.1
135,141,Christian Yelich,MIL,114,555.1724137931035,644.0,126.70993914807302,0.22718052738336714,0.7731958762886598,0.2061855670103093,0.020618556701030927,0.030425963488843813,0.1460446247515528,0.11764705882352941,0.12778904665314403,0.010141987829614604,0.2210953346855984,0.006085192697768763,0.002028397565922921,0.002028397565922921,0.04056795131845842,0.004056795131845842,0.036511156180124224,0.264,0.3617886178861789,0.4258823529411765,0.7876709708273554,0.3211920529801324,22.10953346855984,12.778904665314403,573,644,122,0.234472049689441,0.8278688524590164,0.1721311475409836,0.0,0.04503105590062112,0.13664596273291926,0.15993788819875776,0.09937888198757763,0.009316770186335404,0.2593167701863354,0.009316770186335404,0.0015527950310559005,0.0,0.024844720496894408,0.009316770186335404,0.015527950310559006,0.264,0.343,0.452,0.795,0.323,25.9,9.9
136,142,Ozzie Albies,ATL,118,608.8313953488372,667.0,135.72674418604652,0.23837209302325582,0.7142857142857143,0.2571428571428571,0.02857142857142857,0.034883720930232565,0.13565891472868216,0.13953488372093026,0.06589147286821706,0.0019379844961240312,0.16085271317829458,0.009689922480620155,0.011627906976744186,0.0,0.01937984496124031,0.0038759689922480624,0.01550387596899225,0.261,0.313953488,0.445859873,0.759813361,0.2792553191489361,16.08527131782946,6.5891472868217065,603,667,129,0.21739130434782608,0.8062015503875969,0.17829457364341086,0.015503875968992248,0.0239880059970015,0.11094452773613193,0.11094452773613193,0.08245877061469266,0.0029985007496251873,0.1409295352323838,0.005997001499250375,0.0074962518740629685,0.0,0.020989505247376312,0.004497751124437781,0.01649175412293853,0.24,0.306,0.365,0.671,0.259,14.099999999999998,8.2
137,143,Roman Anthony,BOS,121,266.90252707581226,303.0,58.52166064981949,0.21660649819494582,0.691588785046729,0.26168224299065423,0.04672897196261682,0.023465703971119134,0.13176895306859204,0.12093862815884478,0.10830324909747291,0.0018050541516245488,0.26534296028880866,0.005415162454873646,0.005415162454873646,0.0,0.019855595667870037,0.009025270758122744,0.010830324909747292,0.246,0.3303249097472924,0.4036885245901639,0.7340134343374562,0.323262839879154,26.534296028880867,10.830324909747292,257,303,67,0.24752475247524752,0.7164179104477612,0.26865671641791045,0.014925373134328358,0.026402640264026403,0.15841584158415842,0.10561056105610561,0.132013201320132,0.0,0.27722772277227725,0.0165016501650165,0.0033003300330033004,0.0,0.013201320132013201,0.0033003300330033004,0.009900990099009901,0.292,0.396,0.463,0.859,0.404,27.699999999999996,13.2
138,144,Wilyer Abreu,BOS,127,367.8904958677686,417.0,74.95661157024793,0.21487603305785125,0.7011494252873564,0.2873563218390805,0.011494252873563218,0.035123966942148754,0.13429752066115702,0.13016528925619833,0.10537190081534772,0.0,0.2706611570247934,0.006198347107438017,0.006198347107438017,0.0,0.01859504132231405,0.006198347107438017,0.012396694214876032,0.244,0.3264462809917355,0.4262295081967213,0.7526757891884568,0.3085106382978723,27.066115702479337,10.537190082644628,373,417,70,0.22062350119904076,0.7571428571428571,0.24285714285714285,0.0,0.05275779376498801,0.12709832134292565,0.16546762589928057,0.09592326139088729,0.011990407673860911,0.2422062350119904,0.0,0.007194244604316547,0.002398081534772182,0.014388489208633094,0.007194244604316547,0.007194244604316547,0.247,0.317,0.469,0.786,0.277,24.2,9.6
139,145,Nathaniel Lowe,WSN,149,538.7693574958813,609.0,131.4316309719934,0.24546952224052718,0.8244274809160306,0.16030534351145037,0.015267175572519085,0.02965403624382207,0.11202635914332784,0.11532125205254516,0.10543657331136737,0.0016474464579901151,0.2075782537067545,0.0065897858319604605,0.0032948929159802303,0.0,0.004942339373970346,0.0016474464579901151,0.0032948929159802303,0.277,0.357495881,0.4245810055865922,0.7820768869704472,0.3316455696202531,20.757825370675455,10.54365733113674,540,609,105,0.2019704433497537,0.7523809523809524,0.21904761904761905,0.02857142857142857,0.029556650246305417,0.10509031198686371,0.13793103448275862,0.10180623973727422,0.003284072249589491,0.26108374384236455,0.003284072249589491,0.008210180623973728,0.0,0.0016420361247947454,0.0,0.0016420361247947454,0.228,0.307,0.381,0.689,0.285,26.1,10.2
140,146,Jonah Heim,TEX,122,399.4712389380531,433.0,78.55309734522125,0.21238938053117784,0.7682926829259636,0.20731707317049813,0.024390243902411544,0.030973451327433628,0.10176991150442478,0.12831858407079647,0.06858407079646017,0.0,0.18584070796460175,0.004424778761061947,0.004424778761061947,0.0,0.002212389380530974,0.0,0.002212389380530974,0.23,0.2853982300884956,0.381294964,0.6666931941172726,0.2554517133956386,18.58407079646018,6.8584070796460175,395,433,73,0.19399538106235567,0.8082191780821918,0.1917808219178082,0.0,0.025404157043879907,0.08775981524249422,0.09930715935334873,0.07390300230946882,0.0,0.20323325635103925,0.0023094688221709007,0.009237875288683603,0.0023094688221709007,0.006928406466512702,0.0,0.006928406466512702,0.213,0.271,0.332,0.602,0.243,20.3,7.400000000000001
141,148,Jake Burger,TEX,139,345.89323843416366,376.0,63.55871885843416,0.22241992882562278,0.7157894737154711,0.26315789474833495,0.021052631579866796,0.05338078292553191,0.1192170818505338,0.16192170818505336,0.055160142348754444,0.0017793594306049821,0.26868327402135234,0.01779359430604982,0.0071174377224199285,0.0,0.0017793594306049821,0.0017793594306049821,0.0,0.242,0.295373665480427,0.471953578336557,0.767327244,0.2794117647058823,26.868327402135233,5.5160142348754455,356,376,68,0.22340425531914893,0.7647058823529411,0.22058823529411764,0.014705882352941176,0.0425531914893617,0.11436170212765957,0.14095744680851063,0.031914893617021274,0.0,0.2473404255319149,0.013297872340425532,0.007978723404255319,0.0,0.0026595744680851063,0.0026595744680851063,0.0,0.236,0.269,0.419,0.687,0.272,24.7,3.2
142,149,Eugenio Suarez,ARI,146,577.3305647840532,657.0000000000001,109.13621262458472,0.2043189368770764,0.7399999999799086,0.25000000000000006,0.010000000000000002,0.038205980066445176,0.11627906976744186,0.132890365448505,0.09136212624048705,0.0,0.28903654485049834,0.016611295681063124,0.013289036544850497,0.0,0.0016611295681063121,0.0016611295681063121,0.0,0.233,0.3122923588039867,0.4139886578449905,0.7262810166489773,0.2941176470588235,28.90365448504983,9.13621262458472,588,657,85,0.2039573820395738,0.6705882352941176,0.32941176470588235,0.0,0.0745814307458143,0.1385083713850837,0.1796042617960426,0.0700152207001522,0.0030441400304414,0.2983257229832572,0.0243531202435312,0.0106544901065449,0.0,0.0060882800608828,0.0015220700152207,0.0045662100456621,0.228,0.298,0.526,0.824,0.243,29.799999999999997,7.000000000000001
143,150,Austin Wells,NYY,108,394.2805429864253,448.0,75.00452488687782,0.2013574660633484,0.7162162162162162,0.27027027027027023,0.013513513513513513,0.033936651583710405,0.10633484162895927,0.13122171945701358,0.09728506787330317,0.0,0.24660633484162894,0.013574660633484162,0.009049773755656108,0.0,0.009049773755656108,0.0022624434389140265,0.006787330316742081,0.229,0.3122171945701357,0.4010282776349614,0.7132454722050972,0.275092937,24.660633484162897,9.728506787330318,401,448,67,0.19642857142857142,0.6567164179104478,0.3283582089552239,0.014925373134328358,0.046875,0.11383928571428571,0.15848214285714285,0.06696428571428571,0.0,0.26339285714285715,0.011160714285714286,0.024553571428571428,0.0,0.011160714285714286,0.002232142857142857,0.008928571428571428,0.219,0.275,0.436,0.712,0.245,26.3,6.7
144,151,Trent Grisham,NYY,125,500.30555555555554,581.0,84.72916666666669,0.1828703703703704,0.6666666666666665,0.3174603174603174,0.01587301587301587,0.037037037037037035,0.11805555555555557,0.11805555555555557,0.11574074074074074,0.0023148148148148147,0.26157407407407407,0.011574074074074075,0.004629629629629629,0.006944444444444445,0.016203703703703703,0.004629629629629629,0.011574074074074075,0.212,0.3123543123543124,0.4005376344086021,0.7128919467629145,0.2571428571428571,26.15740740740741,11.574074074074074,494,581,82,0.19965576592082615,0.8780487804878049,0.10975609756097561,0.012195121951219513,0.058519793459552494,0.14974182444061962,0.12736660929432014,0.14113597246127366,0.0,0.23580034423407917,0.0068846815834767644,0.0017211703958691911,0.0,0.0051635111876075735,0.0034423407917383822,0.0017211703958691911,0.235,0.348,0.464,0.811,0.253,23.6,14.099999999999998
145,152,Curtis Mead,TBR,118,239.712,264.0,55.968,0.234,0.7358490566037736,0.24528301886792453,0.018867924528301886,0.022,0.11599999999999999,0.122,0.064,0.002,0.182,0.02,0.008,0.0,0.014,0.006,0.008,0.258,0.318,0.3964757709251101,0.7144757709251102,0.297752808988764,18.2,6.4,240,264,53,0.21212121212121213,0.7924528301886793,0.18867924528301888,0.018867924528301886,0.011363636363636364,0.09848484848484848,0.07196969696969698,0.056818181818181816,0.0,0.23863636363636365,0.030303030303030304,0.003787878787878788,0.0,0.01893939393939394,0.003787878787878788,0.015151515151515152,0.233,0.299,0.321,0.62,0.303,23.9,5.7
148,155,Sal Frelick,MIL,129,540.8059701492537,594.0,140.74253731343282,0.24813432835820895,0.7716535433070867,0.1889763779527559,0.03937007874015749,0.011194029850746266,0.1287313432835821,0.09701492537313432,0.07276119402985075,0.0018656716417910443,0.1455223880597015,0.011194029850746266,0.0037313432835820895,0.0018656716417910443,0.029850746268656716,0.007462686567164179,0.022388059701492533,0.273,0.3327102803738317,0.3790983606557377,0.7118086410295694,0.312807882,14.55223880597015,7.276119402985075,528,594,140,0.2558922558922559,0.8357142857142857,0.14285714285714285,0.02142857142857143,0.020202020202020204,0.12794612794612795,0.10606060606060606,0.07912457912457913,0.0,0.13468013468013468,0.011784511784511785,0.008417508417508417,0.005050505050505051,0.03198653198653199,0.010101010101010102,0.021885521885521887,0.288,0.351,0.405,0.756,0.317,13.5,7.9
149,156,JJ Bleday,ATH,146,301.43728813559323,344.0,55.389830508474574,0.1966101694915254,0.6526315789473685,0.3157894736842105,0.03157894736842105,0.03559322033898305,0.11864406779069768,0.11525423728813561,0.11355932203389832,0.0016949152542372883,0.2135593220338983,0.005084745762711864,0.003389830508474577,0.0016949152542372883,0.005084745762711864,0.003389830508474577,0.0016949152542372883,0.224,0.3157894736842105,0.4158607350096712,0.7316502086938816,0.2553763440860215,21.35593220338983,11.35593220338983,307,344,51,0.18895348837209303,0.6666666666666666,0.3333333333333333,0.0,0.040697674418604654,0.13953488372093023,0.11337209302325581,0.10465116279069768,0.005813953488372093,0.26453488372093026,0.0,0.0029069767441860465,0.0,0.0029069767441860465,0.005813953488372093,-0.0029069767441860465,0.212,0.294,0.404,0.698,0.251,26.5,10.5
150,158,Chandler Simpson,TBR,114,403.1754385964912,441.0,116.91228070175438,0.26705653021442494,0.8602941176470588,0.125,0.014705882352941176,0.0019493177387914231,0.14619883040935672,0.08382066276803118,0.06237816764132554,0.0019493177387914231,0.10526315789473684,0.0019493177387914231,0.0019493177387914231,0.01949317738791423,0.10136452241715399,0.021442495126705655,0.07992202729044834,0.292,0.3379721669980119,0.3432835820895522,0.6812557490875641,0.327710843,10.526315789473683,6.237816764132553,414,441,122,0.2766439909297052,0.8524590163934426,0.12295081967213115,0.02459016393442623,0.0,0.12018140589569161,0.05895691609977324,0.045351473922902494,0.0,0.09750566893424037,0.0,0.0045351473922902496,0.006802721088435374,0.09977324263038549,0.027210884353741496,0.07256235827664399,0.295,0.326,0.345,0.671,0.327,9.8,4.5
151,159,Addison Barger,TOR,120,452.62295081967216,502.00000000000006,94.6393442622951,0.2192622950819672,0.7065217391304347,0.2826086956521739,0.010869565217391304,0.030737704918032786,0.11885245901639345,0.12704918032786885,0.08401639344262295,0.0020491803278688526,0.2377049180327869,0.01024590163944223,0.004098360655737705,0.0,0.01024590163944223,0.004098360655737705,0.006147540983606557,0.243,0.3135245901639344,0.4090909090909091,0.7226154992548435,0.2958199356913183,23.770491803278688,8.401639344262295,460,502,91,0.22310756972111553,0.6373626373626373,0.3516483516483517,0.01098901098901099,0.04183266932270916,0.12151394422310757,0.14741035856573706,0.07171314741035857,0.00796812749003984,0.2410358565737052,0.00597609561752988,0.00398406374501992,0.0,0.00796812749003984,0.00199203187250996,0.00597609561752988,0.243,0.301,0.454,0.756,0.284,24.1,7.200000000000001
152,160,Junior Caminero,TBR,115,605.5090909090909,653.0,129.28080808080807,0.2383838383838384,0.7959183673469389,0.18367346938775508,0.020408163265306124,0.04040404040404041,0.11515151514548239,0.14343434343434344,0.06060606060606061,0.00404040404040404,0.21414141414141416,0.00808080808080808,0.00404040404040404,0.0,0.0060606060606060615,0.00404040404040404,0.00202020202020202,0.257,0.307070707070707,0.4357298474945534,0.7428005545652605,0.2925373134328358,21.41414141414141,6.0606060606060606,602,653,114,0.2434915773353752,0.7543859649122807,0.24561403508771928,0.0,0.06891271056661562,0.14241960183767227,0.16845329249617153,0.06278713629402756,0.0015313935681470138,0.19142419601837674,0.004594180704441042,0.010719754977029096,0.0,0.010719754977029096,0.0015313935681470138,0.009188361408882083,0.264,0.311,0.535,0.846,0.26,19.1,6.3
153,161,Luis Garcia Jr.,WSN,142,492.8288288288288,526.0,117.5207207207207,0.25225225225225223,0.7661290322580646,0.20967741935483872,0.024193548387096777,0.02882882882882883,0.11711711711026616,0.12432432431558935,0.055855855855855854,0.003603603603603604,0.1585585585551331,0.0,0.007207207207207207,0.0,0.025225225225225224,0.007207207207207207,0.018018018018018018,0.269,0.3081081081081081,0.4230769230769231,0.7311850311850312,0.2952380952380952,15.855855855855856,5.585585585585585,488,526,107,0.2338403041825095,0.7289719626168224,0.2616822429906542,0.009345794392523364,0.030418250950570342,0.12737642585551331,0.12547528517110265,0.051330798479087454,0.0019011406844106464,0.1596958174904943,0.0038022813688212928,0.017110266159695818,0.0,0.026615969581749048,0.009505703422053232,0.017110266159695818,0.252,0.289,0.412,0.701,0.27,16.0,5.1
154,162,Trey Sweeney,DET,125,294.81227436823104,326.0,57.07942238268593,0.20036101083032493,0.7422680412369256,0.22680412371128283,0.03092783505153857,0.025270758122699386,0.1227436823006135,0.10649819494584839,0.08303249097472926,0.0018050541516245488,0.27617328519855594,0.009025270758122744,0.0036101083032490976,0.0,0.025270758122699386,0.005415162454873647,0.019855595667870037,0.222,0.2924187725631769,0.3612774451097804,0.6536962176729573,0.2886904761904761,27.61732851985559,8.303249097472925,296,326,52,0.17791411042944785,0.8461538461538461,0.11538461538461539,0.038461538461538464,0.018404907975460124,0.11042944785276074,0.09815950920245399,0.07975460122699386,0.0,0.2822085889570552,0.0,0.012269938650306749,0.0,0.009202453987730062,0.003067484662576687,0.006134969325153374,0.196,0.258,0.291,0.548,0.257,28.199999999999996,8.0
155,163,Colt Keith,DET,125,424.4842105263158,468.0,97.70526315789472,0.23684210526315785,0.7142857142857143,0.2605042016806723,0.02521008403361345,0.028070175438596492,0.12982456140350876,0.13333333333333333,0.08070175438596491,0.0017543859649122807,0.22982456140350876,0.005263157894736842,0.007017543859649123,0.0,0.0035087719298245615,0.0017543859649122807,0.0017543859649122807,0.261,0.3228070175438596,0.425531915,0.7483389324374767,0.3181818181818182,22.982456140350877,8.070175438596491,414,468,93,0.2264957264957265,0.7419354838709677,0.23655913978494625,0.021505376344086023,0.027777777777777776,0.1388888888888889,0.09615384615384616,0.10256410256410256,0.002136752136752137,0.21794871794871795,0.004273504273504274,0.008547008547008548,0.0,0.002136752136752137,0.002136752136752137,0.0,0.256,0.333,0.413,0.746,0.307,21.8,10.3
157,165,Michael Busch,CHC,139,518.1282495667244,592.0,104.6516464471404,0.21317157712305027,0.7058823529411764,0.2745098039215686,0.019607843137254898,0.036395147313691506,0.1369150779896014,0.12478336221837089,0.10398613518197573,0.0017331022530329288,0.2738301559792028,0.01386481802426343,0.006932409012131715,0.0,0.0034662045060658577,0.0017331022530329288,0.0017331022530329288,0.244,0.3310225303292894,0.4316831683168317,0.7627056986461211,0.3090909090909091,27.38301559792028,10.398613518197571,524,592,103,0.23141891891891891,0.7087378640776699,0.24271844660194175,0.04854368932038835,0.057432432432432436,0.13175675675675674,0.15202702702702703,0.0945945945945946,0.0033783783783783786,0.23479729729729729,0.016891891891891893,0.0033783783783783786,0.0,0.006756756756756757,0.0,0.006756756756756757,0.261,0.343,0.523,0.866,0.292,23.5,9.5
158,166,Xavier Edwards,MIA,107,551.8633405639913,619.0,154.41431670298044,0.25596529284164854,0.8173913043469766,0.1565217391302721,0.026086956520672472,0.006507592190630048,0.1193058568329718,0.08676789587852494,0.08676789587852494,0.0021691973969631237,0.13665943600867678,0.0021691973969631237,0.006507592190630048,0.013015184381260095,0.054229934924078085,0.010845986984815618,0.04338394793926247,0.287,0.3494505494505494,0.3673965936739659,0.7168471431245154,0.3304597701149425,13.665943600867678,8.676789587852495,561,619,156,0.2568659127625202,0.8397435897435898,0.1282051282051282,0.03205128205128205,0.004846526655896607,0.12116316639741519,0.06946688206785137,0.0791599353796446,0.0032310177705977385,0.1421647819063005,0.004846526655896607,0.004846526655896607,0.004846526655896607,0.04361873990306947,0.011308562197092083,0.03231017770597738,0.283,0.343,0.353,0.695,0.33,14.2,7.9
160,169,Taylor Ward,LAA,137,581.5789474,663.0,120.96842105263157,0.21929824561403508,0.7596153846153846,0.23076923076923084,0.009615384615384616,0.0368421052631579,0.12280701754385964,0.12105263158371041,0.09999999999999999,0.0,0.23508771929824562,0.012280701754385965,0.010526315789473686,0.0,0.008771929824561403,0.005263157894736843,0.0035087719298245615,0.25,0.331578947368421,0.428,0.759578947,0.2962962962962963,23.50877192982456,10.0,579,663,96,0.19909502262443438,0.65625,0.3229166666666667,0.020833333333333332,0.05429864253393665,0.1297134238310709,0.15535444947209653,0.11312217194570136,0.0015082956259426848,0.26395173453996984,0.004524886877828055,0.00904977375565611,0.0,0.006033182503770739,0.0015082956259426848,0.004524886877828055,0.228,0.317,0.475,0.792,0.257,26.4,11.3
162,171,Jonathan Aranda,TBR,110,368.4126984126984,422.0,81.33786848072562,0.22675736961451248,0.7764705882352941,0.21176470588235294,0.011764705882352944,0.034013605442176874,0.1360544217687075,0.13378684807256236,0.09750566893424037,0.002267573696145125,0.2494331065759637,0.02040816326530612,0.009070294784580497,0.0,0.002267573696145125,0.002267573696145125,0.0,0.26,0.3446712018140589,0.4285714285714285,0.7732426303854876,0.3219696969696969,24.94331065759637,9.750566893424036,370,422,103,0.2772511848341232,0.7864077669902912,0.21359223300970873,0.0,0.03317535545023697,0.13270142180094788,0.13981042654028436,0.0971563981042654,0.0071090047393364926,0.25355450236966826,0.018957345971563982,0.0071090047393364926,0.0,0.0,0.004739336492890996,-0.004739336492890996,0.316,0.393,0.489,0.883,0.409,25.4,9.7
163,173,Brandon Marsh,PHI,133,375.0,425.0,82.14285714285714,0.22058823529411764,0.7391304347826088,0.2173913043478261,0.04347826086956522,0.0273109243697479,0.11764705882352941,0.12394957983193278,0.1008403361344538,0.0021008403361344537,0.3088235294117647,0.006302521008403362,0.008403361344537815,0.0021008403361344537,0.029411764705882353,0.006302521008403362,0.02310924369747899,0.25,0.3284210526315789,0.4095238095238095,0.7379448621553885,0.3484848484848485,30.88235294117647,10.084033613445378,379,425,95,0.24941176470588236,0.7157894736842105,0.2631578947368421,0.021052631578947368,0.02588235294117647,0.1388235294117647,0.1011764705882353,0.08941176470588236,0.002352941176470588,0.25882352941176473,0.0,0.009411764705882352,0.007058823529411765,0.01647058823529412,0.002352941176470588,0.01411764705882353,0.28,0.342,0.443,0.785,0.363,25.9,8.9
165,175,Heliot Ramos,SFG,139,634.2024013722126,695.0,137.09262435677533,0.2332761578044597,0.7565217391304345,0.21739130434782603,0.026086956521739126,0.03602058319039451,0.12178387650085765,0.13379073756432247,0.0737564322469983,0.0017152658662092624,0.2624356775300171,0.008576329331046312,0.005145797598627788,0.0,0.012006861063464838,0.005145797598627788,0.0068610634647482014,0.256,0.3156089193825043,0.4323308270676692,0.7479397464501735,0.3185595567867036,26.243567753001717,7.375643224699828,620,695,138,0.22877697841726619,0.8188405797101449,0.17391304347826086,0.007246376811594203,0.030215827338129497,0.1223021582733813,0.09928057553956834,0.07482014388489208,0.0028776978417266188,0.2273381294964029,0.02446043165467626,0.008633093525179856,0.0,0.008633093525179856,0.0057553956834532375,0.0028776978417266188,0.256,0.328,0.4,0.728,0.309,22.7,7.5
166,176,Ceddanne Rafaela,BOS,139,552.5932504440498,587.0,125.11545290923623,0.24156305502555364,0.7250000001245387,0.22500000003864995,0.050000000008588875,0.028419182948490232,0.13143872113676733,0.13321492007104796,0.033747779751332155,0.0017761989342806395,0.24511545293072826,0.014209591474245116,0.007104795737122558,0.003552397868561279,0.03197158081705151,0.014209591474245116,0.017761989342806393,0.257,0.2905525846702317,0.4207547169811321,0.7113073016513638,0.3157894736842105,24.51154529307282,3.374777975133215,546,587,120,0.23168654173764908,0.6833333333333333,0.2833333333333333,0.03333333333333333,0.027257240204429302,0.14310051107325383,0.10732538330494037,0.04770017035775128,0.0,0.19931856899488926,0.013628620102214651,0.0034071550255536627,0.005110732538330494,0.034071550255536626,0.008517887563884156,0.02555366269165247,0.249,0.295,0.414,0.708,0.289,19.9,4.8
168,179,Alec Burleson,STL,141,501.91926605504585,546.0,122.22385321100916,0.255045871559633,0.7950819672131149,0.18852459016393444,0.01639344262295082,0.031192660550458717,0.11559633027522935,0.13394495412844037,0.062385321100917435,0.0,0.13577981651376148,0.007339449541284403,0.009174311926605503,0.0018348623853211008,0.011009174311926604,0.0036697247706422016,0.007339449541284403,0.277,0.3253676470588235,0.4331337325349301,0.7585013795937536,0.2939759036144578,13.577981651376149,6.238532110091743,497,546,126,0.26373626373626374,0.7777777777777778,0.20634920634920634,0.015873015873015872,0.03296703296703297,0.0989010989010989,0.12637362637362637,0.07142857142857142,0.0018315018315018315,0.1446886446886447,0.005494505494505495,0.007326007326007326,0.0018315018315018315,0.009157509157509158,0.0018315018315018315,0.007326007326007326,0.29,0.343,0.459,0.801,0.312,14.499999999999998,7.1
169,181,Royce Lewis,MIN,92,366.2682291666667,403.0,73.46354166666667,0.22395833333333337,0.7285714285714286,0.2571428571428571,0.014285714285714285,0.04166666666666667,0.13541666666666669,0.15104166666666669,0.07812500000000001,0.002604166666666667,0.2421875,0.005208333333333334,0.0078125,0.0,0.013020833333333336,0.005208333333333334,0.0078125,0.246,0.3072916666666667,0.4412607449856733,0.7485524116523401,0.2880658436213992,24.21875,7.8125,376,403,76,0.22084367245657568,0.7631578947368421,0.23684210526315788,0.0,0.03225806451612903,0.08933002481389578,0.12903225806451613,0.062034739454094295,0.0,0.19851116625310175,0.0,0.004962779156327543,0.0,0.02977667493796526,0.004962779156327543,0.02481389578163772,0.237,0.283,0.388,0.671,0.267,19.9,6.2
170,182,Kyle Manzardo,CLE,126,459.6232179226069,531.0,94.08757637474542,0.2138492871690428,0.6666666666666665,0.32183908045977005,0.01149425287356322,0.03665987780040733,0.13238289205702647,0.13238289205702647,0.109979633401222,0.004073319755600814,0.2138492871690428,0.010183299389002037,0.01425661914460285,0.0,0.0020366598778004076,0.0020366598778004076,0.0,0.247,0.3340122199592668,0.4447058823529412,0.778718102,0.2815533980582524,21.384928716904277,10.99796334,470,531,83,0.2071563088512241,0.7469879518072289,0.2289156626506024,0.024096385542168676,0.05084745762711865,0.08851224105461393,0.1318267419962335,0.0903954802259887,0.003766478342749529,0.2542372881355932,0.015065913370998116,0.009416195856873822,0.0,0.003766478342749529,0.0,0.003766478342749529,0.234,0.313,0.455,0.768,0.265,25.4,9.0
171,183,Matt Shaw,CHC,117,390.4556213017751,437.0,82.74556213017752,0.22090729783037474,0.8020833333333333,0.16666666666666666,0.031249999999999993,0.03155818540433925,0.1242603550295858,0.1282051282051282,0.08284023668639054,0.0,0.21499013806706116,0.015779092702169626,0.007889546351084813,0.0,0.03550295857988166,0.013806706114416476,0.02169625246548323,0.247,0.3195266272189349,0.401766004415011,0.721292632,0.2891566265060241,21.499013806706113,8.284023668639055,393,437,76,0.2036613272311213,0.6842105263157895,0.27631578947368424,0.039473684210526314,0.029748283752860413,0.13043478260869565,0.10068649885583524,0.08695652173913043,0.0,0.2151029748283753,0.004576659038901602,0.009153318077803204,0.0,0.038901601830663615,0.011441647597254004,0.02745995423340961,0.226,0.295,0.394,0.69,0.262,21.5,8.7
172,184,Brayan Rocchio,CLE,136,340.52443609022555,383.0,75.59210526315789,0.21428571428571427,0.7428571428571429,0.23809523809523808,0.01904761904761905,0.016917293233082706,0.12593984962406016,0.09962406015037595,0.08458646616541353,0.0018796992481203009,0.1917293233082707,0.015037593984962407,0.0075187969924812035,0.0037593984962406017,0.02067669172932331,0.011278195488721806,0.009398496240601503,0.241,0.3150943396226415,0.3594080338266385,0.674502373,0.2868852459016393,19.172932330827063,8.458646616541353,344,383,75,0.20887728459530025,0.7333333333333333,0.24,0.02666666666666667,0.013054830287206266,0.08877284595300261,0.11488250652741515,0.057441253263707574,0.0,0.2010443864229765,0.020887728459530026,0.013054830287206266,0.010443864229765013,0.020887728459530026,0.010443864229765013,0.010443864229765013,0.233,0.29,0.34,0.63,0.281,20.1,5.7
174,186,Ivan Herrera,STL,95,392.279792746114,452.0,88.99481865284972,0.2176165803108808,0.7631578947368424,0.21052631578947373,0.026315789473684216,0.020725388601036263,0.12176165803108807,0.10880829015544041,0.11139896373056994,0.0,0.2176165803108808,0.012953367875647668,0.007772020725388601,0.0,0.012953367875647668,0.0025906735751295333,0.010362694300518133,0.251,0.3419689119170984,0.382089552,0.7240584641559045,0.3089430894308943,21.76165803108808,11.139896373056994,388,452,91,0.24336283185840707,0.8571428571428571,0.14285714285714285,0.0,0.0420353982300885,0.11946902654867257,0.14601769911504425,0.09513274336283185,0.0022123893805309734,0.18584070796460178,0.033185840707964605,0.008849557522123894,0.0,0.017699115044247787,0.004424778761061947,0.01327433628318584,0.284,0.373,0.464,0.837,0.315,18.6,9.5
175,187,Jake Cronenworth,SDP,144,453.0642504118616,515.0,95.87314662273477,0.21087314662273476,0.7168141592920354,0.24778761061946902,0.035398230088495575,0.02471169686985173,0.1169686985172982,0.11202635914332784,0.09060955518945635,0.0032948929159802307,0.18286655683690284,0.019769357495881386,0.008237232289950578,0.0016474464579901153,0.006589785831960461,0.0032948929159802307,0.0032948929159802307,0.24,0.3217821782178218,0.3913857677902622,0.713167946,0.2736077481840194,18.28665568369028,9.060955518945637,419,515,92,0.2,0.7717391304347826,0.21739130434782608,0.010869565217391304,0.021359223300970873,0.11844660194174757,0.1145631067961165,0.13398058252427184,0.001941747572815534,0.20776699029126214,0.02912621359223301,0.013592233009708738,0.007766990291262136,0.005825242718446602,0.005825242718446602,0.0,0.246,0.367,0.377,0.744,0.299,20.8,13.4
176,188,Paul Goldschmidt,NYY,136,476.68824531516185,534.0,98.24872231686541,0.2231686541737649,0.7314814814814816,0.26851851851851855,0.0,0.039182282793867124,0.1243611584327087,0.13798977853492334,0.09710391822827939,0.0034071550255536627,0.26575809199318573,0.0051107325383304945,0.0051107325383304945,0.0,0.015332197614991482,0.0,0.015332197614991482,0.25,0.3253833049403747,0.4370229007633587,0.7624062057037335,0.3103448275862069,26.575809199318567,9.71039182282794,489,534,124,0.250936329588015,0.7419354838709677,0.25,0.008064516129032258,0.018726591760299626,0.14232209737827714,0.08426966292134831,0.06741573033707865,0.009363295880149813,0.18726591760299627,0.00749063670411985,0.003745318352059925,0.0,0.009363295880149813,0.0018726591760299626,0.00749063670411985,0.274,0.328,0.403,0.731,0.325,18.7,6.7
177,189,Jesus Sanchez,MIA,139,450.3752495,497.0,97.21756487025947,0.23353293413173648,0.7346938775510206,0.23469387755102045,0.03061224489795919,0.03792415169660679,0.1157684630738523,0.1317365269461078,0.08183632734530939,0.003992015968063872,0.2534930139720559,0.007984031936127744,0.0019960079840319364,0.0019960079840319364,0.017964071856287428,0.0019960079840319364,0.015968063872255488,0.258,0.324,0.4471365638766519,0.771136564,0.3171521035598705,25.349301397205583,8.183632734530939,451,497,93,0.2152917505030181,0.7311827956989247,0.22580645161290322,0.043010752688172046,0.028169014084507043,0.1227364185110664,0.096579476861167,0.08450704225352113,0.002012072434607646,0.22132796780684105,0.004024144869215292,0.004024144869215292,0.0,0.026156941649899398,0.006036217303822937,0.02012072434607646,0.237,0.304,0.395,0.699,0.283,22.1,8.5
178,190,Nacho Alvarez Jr.,ATL,125,184.25046040515656,208.0,42.902394106814,0.22099447513812157,0.830357142804344,0.1607142857142857,0.008928571428571428,0.014732965009208104,0.11049723756906078,0.10313075504807692,0.09208103130755065,0.001841620626151013,0.20626151014423078,0.01841620626151013,0.003683241252302026,0.0,0.02578268876442308,0.005524861878453039,0.020257826887661142,0.249,0.3314917127071823,0.340956341,0.6724480536635233,0.3085399449035813,20.626151012891345,9.208103130755063,188,208,42,0.21153846153846154,0.7142857142857143,0.2857142857142857,0.0,0.009615384615384616,0.08653846153846154,0.07211538461538461,0.057692307692307696,0.0,0.23557692307692307,0.02403846153846154,0.004807692307692308,0.009615384615384616,0.0,0.0,0.0,0.234,0.296,0.33,0.626,0.304,23.6,5.8
180,192,Joey Ortiz,MIL,131,450.3204633204633,506.0,101.59073359073359,0.222007722007722,0.6923076923076923,0.25961538461538464,0.04807692307692307,0.021235521235521238,0.1254826254743083,0.11776061776061776,0.08687258687258687,0.0,0.20077220077220082,0.009652509652509652,0.009652509652509652,0.0038610038610038607,0.017374517374517374,0.007722007722007721,0.009652509652509652,0.249,0.3197674418604651,0.4013015184381778,0.72106896,0.2962962962962963,20.077220077220076,8.687258687258687,470,506,101,0.2134387351778656,0.8118811881188119,0.1782178217821782,0.009900990099009901,0.01383399209486166,0.1225296442687747,0.08893280632411067,0.0533596837944664,0.0,0.14624505928853754,0.005928853754940711,0.0,0.011857707509881422,0.02766798418972332,0.005928853754940711,0.021739130434782608,0.23,0.276,0.317,0.593,0.26,14.6,5.3
182,194,Cole Young,SEA,130,228.10906040268455,257.0,48.29530201677853,0.20302013424124515,0.7499999999478876,0.22321428569877608,0.02678571428385313,0.015100671140939598,0.11577181208053691,0.10067114093959732,0.087248322147651,0.0,0.18959731544747083,0.015100671140939598,0.0050335570469798654,0.0050335570469798654,0.02181208053691275,0.013422818791946308,0.008389261744966445,0.229,0.3069139966273187,0.3383742911153119,0.6452882877426307,0.2731707317073171,18.95973154362416,8.724832214765101,223,257,43,0.1828793774319066,0.813953488372093,0.16279069767441862,0.023255813953488372,0.01556420233463035,0.0933852140077821,0.0933852140077821,0.10894941634241245,0.0038910505836575876,0.1828793774319066,0.007782101167315175,0.007782101167315175,0.007782101167315175,0.0038910505836575876,0.0,0.0038910505836575876,0.211,0.302,0.305,0.607,0.247,18.3,10.9
184,196,Kameron Misner,TBR,119,190.6196078431373,217.0,34.89019607843137,0.18431372549019606,0.6951219512195123,0.28048780488366865,0.024390243902439022,0.023529411764705882,0.1196078431372549,0.11176470588235295,0.10980392156862745,0.0019607843137254897,0.3392156862745098,0.00784313725490196,0.00392156862745098,0.0,0.03333333333333333,0.00784313725490196,0.025490196078431372,0.21,0.3019607843137254,0.3504464285714285,0.652407213,0.3094339622641509,33.92156862745098,10.980392156862743,197,217,37,0.1935483870967742,0.7297297297297297,0.24324324324324326,0.02702702702702703,0.02304147465437788,0.12442396313364056,0.10138248847926268,0.07373271889400922,0.0,0.31797235023041476,0.004608294930875576,0.009216589861751152,0.004608294930875576,0.03686635944700461,0.004608294930875576,0.03225806451612903,0.213,0.273,0.345,0.618,0.296,31.8,7.400000000000001
185,197,Jeff McNeil,NYM,132,417.1722772277228,462.0,100.63366336633665,0.23564356435643566,0.7636363636363636,0.22727272727272724,0.009090909090909089,0.017821782178217824,0.11287128712871289,0.09900990099009901,0.06534653465346535,0.0019801980198019802,0.12673267326732673,0.02178217821782178,0.007920792079207921,0.0019801980198019802,0.009900990099009903,0.0,0.009900990099009903,0.261,0.3234126984126984,0.3793859649122807,0.7027986633249792,0.2842377260981912,12.673267326732674,6.534653465346535,399,462,85,0.20995670995670995,0.6941176470588235,0.24705882352941178,0.058823529411764705,0.025974025974025976,0.09090909090909091,0.11688311688311688,0.10606060606060606,0.008658008658008658,0.11904761904761904,0.017316017316017316,0.008658008658008658,0.004329004329004329,0.006493506493506494,0.0,0.006493506493506494,0.243,0.335,0.411,0.746,0.253,11.9,10.6
186,198,Joc Pederson,TEX,126,260.34965034965035,306.0,49.21678321769231,0.21212121212418303,0.7391304347689561,0.23188405796673128,0.02898550724584142,0.05128205128205128,0.1351981351981352,0.14685314685314688,0.11421911421911422,0.006993006993464053,0.2447552447552448,0.025641025641025644,0.009324009324009324,0.0,0.009324009324009324,0.004662004662004663,0.004662004662004663,0.249,0.351981352,0.4849315068493151,0.8369128588306671,0.2851239669421487,24.475524475524477,11.421911421911425,265,306,39,0.1568627450980392,0.717948717948718,0.2564102564102564,0.02564102564102564,0.029411764705882353,0.0915032679738562,0.08496732026143791,0.1111111111111111,0.0,0.21241830065359477,0.016339869281045753,0.0032679738562091504,0.0,0.006535947712418301,0.0,0.006535947712418301,0.181,0.285,0.328,0.614,0.203,21.2,11.1
188,200,Connor Norby,MIA,135,305.6127450980392,337.0,66.62908496732027,0.23039215686274514,0.7355371900826446,0.24793388429752064,0.016528925619834708,0.032679738562091505,0.14705882352941177,0.12254901960784315,0.07843137254901962,0.0,0.2777777777777778,0.008169934640522876,0.006535947712418301,0.0,0.016339869281045753,0.008169934640522876,0.008169934640522876,0.254,0.3169934640522875,0.4234234234234234,0.740416887,0.3279132791327913,27.77777777777778,7.84313725490196,311,337,70,0.2314540059347181,0.7428571428571429,0.24285714285714285,0.014285714285714285,0.02373887240356083,0.12462908011869436,0.10089020771513353,0.05341246290801187,0.0,0.26706231454005935,0.01483679525222552,0.008902077151335312,0.0,0.02373887240356083,0.005934718100890208,0.017804154302670624,0.251,0.3,0.389,0.689,0.324,26.700000000000003,5.3
189,202,Kyle Teel,CHW,113,263.9331983805668,297.0,58.91902834008097,0.21659919028340083,0.8163265306122448,0.18367346938775508,0.0,0.018218623481781375,0.13157894736842105,0.09514170040485828,0.09716599191919191,0.0020242914979757085,0.24898785424242423,0.008097165991902834,0.006072874493927125,0.0,0.01417004048582996,0.006072874493927125,0.008097165991902834,0.244,0.3218623481781376,0.3462414578587699,0.6681038060369076,0.3161290322580645,24.898785425101213,9.71659919,253,297,61,0.23232323232323232,0.819672131147541,0.18032786885245902,0.0,0.026936026936026935,0.12794612794612795,0.11784511784511785,0.12457912457912458,0.0,0.25925925925925924,0.016835016835016835,0.003367003367003367,0.003367003367003367,0.010101010101010102,0.003367003367003367,0.006734006734006734,0.273,0.375,0.411,0.786,0.361,25.9,12.5
190,203,Geraldo Perdomo,ARI,131,606.3157894736843,720.0,140.96842105263158,0.20842105263157898,0.7634408602150539,0.2043010752688172,0.03225806451612903,0.012631578947368423,0.14526315789473682,0.09263157894736843,0.11157894736842106,0.0,0.16210526315789472,0.010526315789473686,0.008421052631578947,0.02736842105263158,0.02736842105263158,0.008421052631578947,0.018947368421052633,0.248,0.3398268398268398,0.355,0.6948268398268398,0.2897196261682243,16.210526315789473,11.157894736842106,597,720,153,0.24027777777777778,0.7516339869281046,0.21568627450980393,0.032679738562091505,0.027777777777777776,0.1361111111111111,0.1388888888888889,0.13055555555555556,0.001388888888888889,0.11527777777777778,0.013888888888888888,0.015277777777777777,0.011111111111111112,0.0375,0.008333333333333333,0.029166666666666667,0.29,0.389,0.462,0.851,0.303,11.5,13.1
191,204,Nolan Gorman,STL,133,362.66536203522503,402.0,62.14872798434442,0.2074363992172211,0.7594936708860759,0.24050632911392403,0.0,0.05283757338551858,0.13111545988258316,0.14677103718199608,0.09001956947162425,0.001956947161691542,0.3326810176125244,0.003913894324853229,0.003913894324853229,0.0,0.011741682974559686,0.001956947161691542,0.009784735812133072,0.23,0.3013698630136986,0.4468546637744034,0.748224527,0.2969924812030075,33.268101761252446,9.001956947162427,351,402,58,0.1791044776119403,0.7413793103448276,0.2413793103448276,0.017241379310344827,0.03482587064676617,0.11940298507462686,0.11442786069651742,0.11691542288557213,0.004975124378109453,0.3383084577114428,0.0,0.009950248756218905,0.0,0.0024875621890547263,0.0024875621890547263,0.0,0.205,0.296,0.37,0.666,0.283,33.8,11.7
192,206,Danny Jansen,TBR,93,293.27531645569616,337.0,51.18987341772151,0.19303797468354428,0.7083333333333335,0.2916666666666667,0.0,0.04113924050632911,0.12341772151898733,0.12025316456973294,0.10443037974683543,0.0,0.19936708860534125,0.01582278481012658,0.009493670886075948,0.0,0.0,0.0,0.0,0.222,0.3132911392405063,0.4145454545454545,0.7278365937859609,0.2376237623762376,19.936708860759495,10.443037974683543,288,337,48,0.18397626112759644,0.7708333333333334,0.22916666666666666,0.0,0.04154302670623145,0.11275964391691394,0.10682492581602374,0.12462908011869436,0.0,0.2551928783382789,0.011869436201780416,0.005934718100890208,0.002967359050445104,0.0,0.0,0.0,0.215,0.321,0.399,0.721,0.253,25.5,12.5
193,207,Brett Baty,NYM,119,387.0,432.0,77.4,0.21458333333333335,0.8139534883720929,0.18604651162790697,0.0,0.035416666666666666,0.11875,0.12708333333333333,0.08958333333333333,0.0020833333333333333,0.2583333333333333,0.010416666666666666,0.0020833333333333333,0.0020833333333333333,0.004166666666666667,0.0020833333333333333,0.0020833333333333333,0.24,0.3152400835073068,0.3953488372093023,0.7105889207166092,0.296551724,25.833333333333336,8.958333333333334,393,432,82,0.23148148148148148,0.8170731707317073,0.15853658536585366,0.024390243902439025,0.041666666666666664,0.12268518518518519,0.11574074074074074,0.0763888888888889,0.0,0.25,0.004629629629629629,0.006944444444444444,0.0,0.018518518518518517,0.0,0.018518518518518517,0.254,0.313,0.435,0.748,0.304,25.0,7.6
194,208,George Springer,TOR,128,522.1887477313975,586.0,107.41560798548093,0.21415607985480942,0.7722772277303755,0.20792079207920794,0.019801980198019806,0.0308529945553539,0.12704174228675136,0.11070780399274047,0.09437386569872958,0.0,0.19419237749546278,0.009074410163339383,0.0054446460980036296,0.0,0.023593466424682397,0.003629764065335753,0.019963702359346643,0.24,0.3176043557168784,0.395112016,0.7127163720101575,0.2729729729729729,19.419237749546276,9.43738657,498,586,122,0.2627986348122867,0.7704918032786885,0.22131147540983606,0.00819672131147541,0.05460750853242321,0.18088737201365188,0.14334470989761092,0.11774744027303755,0.005119453924914676,0.189419795221843,0.013651877133105802,0.006825938566552901,0.0,0.030716723549488054,0.0017064846416382253,0.02901023890784983,0.309,0.399,0.56,0.959,0.34,18.9,11.8
195,209,Jasson Dominguez,NYY,102,385.81208053691273,429.0,82.53691275167786,0.22818791946308728,0.8023255813945357,0.17441860465116277,0.02325581395348837,0.035794183445190156,0.13870246085011184,0.12527964205816552,0.09395973154362418,0.0022371364662004665,0.25279642058165547,0.0022371364662004665,0.0044742729306487695,0.0,0.04474272930648769,0.006711409395973154,0.03803131991051454,0.254,0.3243847874720358,0.4203980099502487,0.7447827974222845,0.3127272727272727,25.279642058165543,9.395973154362416,381,429,88,0.22843822843822845,0.7840909090909091,0.20454545454545456,0.011363636363636364,0.023310023310023312,0.1351981351981352,0.10955710955710955,0.09557109557109557,0.002331002331002331,0.2680652680652681,0.006993006993006993,0.009324009324009324,0.0,0.053613053613053616,0.011655011655011656,0.04195804195804196,0.257,0.331,0.388,0.719,0.338,26.8,9.6
196,211,Oswald Peraza,NYY,112,239.60416666666669,265.0,48.03125000000001,0.2104166666666667,0.8045977011494252,0.1839080459770115,0.011494252873563218,0.029166666666666667,0.125,0.12291666666666669,0.07291666666666667,0.0020833333333333333,0.23958333333333334,0.01875,0.0020833333333333333,0.0020833333333333333,0.0375,0.0125,0.025,0.233,0.302713987,0.3709677419354839,0.6736817294093879,0.284313725490196,23.958333333333336,7.291666666666667,244,265,35,0.1509433962264151,0.8285714285714286,0.17142857142857143,0.0,0.018867924528301886,0.09056603773584905,0.07547169811320754,0.06415094339622641,0.0,0.3018867924528302,0.007547169811320755,0.0037735849056603774,0.0,0.033962264150943396,0.0,0.033962264150943396,0.164,0.223,0.25,0.473,0.219,30.2,6.4
197,212,Luis Arraez,SDP,148,629.1469194312797,675.0,186.6113744075829,0.2859399684044233,0.8228571428571431,0.16000000000000003,0.017142857142857147,0.009478672985781991,0.12006319115323855,0.0947867298578199,0.05371248025276461,0.00631911532385466,0.05371248025276461,0.007898894155555555,0.004739336492890996,0.001579778830963665,0.009478672985781991,0.004739336492890996,0.004739336492890996,0.307,0.3481012658227848,0.3949152542372881,0.7430165200600729,0.3164556962025316,5.371248025276461,5.371248025276461,620,675,173,0.26814814814814814,0.8034682080924855,0.17341040462427745,0.023121387283236993,0.011851851851851851,0.09777777777777778,0.09037037037037036,0.05037037037037037,0.0,0.03111111111111111,0.002962962962962963,0.01037037037037037,0.017777777777777778,0.016296296296296295,0.005925925925925926,0.01037037037037037,0.292,0.327,0.392,0.719,0.289,3.1,5.0
199,216,Travis d'Arnaud,LAA,87,210.19565217391303,231.0,39.45652173913043,0.20807453416149066,0.7090909090909091,0.27272727272727276,0.018181818173002757,0.03726708074534161,0.11180124223602485,0.12422360248447205,0.06832298136645963,0.0,0.2608695652173913,0.015527950310559006,0.006211180124223602,0.0,0.0,0.0,0.0,0.229,0.2919254658385093,0.409556313993174,0.7014817798316834,0.2763819095477386,26.08695652173913,6.832298136645963,213,231,36,0.18181818181818182,0.6388888888888888,0.3611111111111111,0.0,0.025974025974025976,0.06926406926406926,0.09090909090909091,0.05627705627705628,0.0,0.3203463203463203,0.017316017316017316,0.004329004329004329,0.0,0.0,0.0,0.0,0.197,0.255,0.343,0.598,0.269,32.0,5.6
201,218,Luis Urias,ATH,117,287.01986754966885,330.0,56.09271523569536,0.19646799118181815,0.7792207791665006,0.20779220777773352,0.012987012986108343,0.026490066225165563,0.11258278145454545,0.10816777041942603,0.09713024282560706,0.0,0.23399558498896245,0.026490066225165563,0.006622516556291391,0.0,0.008830022075055188,0.002207505518763797,0.006622516556291391,0.226,0.3200883002207506,0.3629441624365482,0.6830324626572988,0.2759856630824372,23.399558498896248,9.713024282560706,287,330,58,0.2,0.8793103448275862,0.1206896551724138,0.0,0.024242424242424242,0.08181818181818182,0.07575757575757576,0.09393939393939393,0.0,0.13636363636363635,0.01818181818181818,0.00909090909090909,0.0,0.006060606060606061,0.0030303030303030303,0.0030303030303030303,0.23,0.315,0.338,0.653,0.245,13.6,9.4
202,220,Drake Baldwin,ATL,105,396.6594360086768,446.0,80.29934924240781,0.20824295011210764,0.7349397590212544,0.25301204818764494,0.012048192770840236,0.02819956616052061,0.10845986984815618,0.12364425162689804,0.09327548806941431,0.0021691973969631237,0.26247288503253796,0.015184381778741866,0.0021691973969631237,0.0,0.0,0.0,0.0,0.234,0.316702819956616,0.3853658536585366,0.7020686736151527,0.2996389891696751,26.247288503253795,9.327548806941431,405,446,92,0.24887892376681614,0.782608695652174,0.1956521739130435,0.021739130434782608,0.042600896860986545,0.12556053811659193,0.17937219730941703,0.08520179372197309,0.0,0.15246636771300448,0.006726457399103139,0.0,0.0,0.0,0.0,0.0,0.274,0.341,0.469,0.81,0.289,15.2,8.5
203,221,Jose Trevino,CIN,85,278.3358208955224,302.0,60.85074626865672,0.22761194029850748,0.8148148148148148,0.16666666666666666,0.018518518518518517,0.026119402985074626,0.1044776119402985,0.11194029850746269,0.06343283582089553,0.0,0.16791044774834438,0.007462686567164179,0.0037313432835820895,0.0037313432835820895,0.0037313432835820895,0.0037313432835820895,0.0,0.247,0.299625468,0.3765182186234818,0.6761436867882757,0.2755102040816326,16.791044776119403,6.343283582089552,282,302,63,0.22185430463576158,0.6825396825396826,0.31746031746031744,0.0,0.013245033112582781,0.09933774834437085,0.0728476821192053,0.04966887417218543,0.0,0.1291390728476821,0.0,0.013245033112582781,0.0033112582781456954,0.0,0.0,0.0,0.238,0.272,0.351,0.623,0.259,12.9,5.0
204,222,Dylan Moore,SEA,125,206.4193548387097,243.0,36.58064516129032,0.18010752688172044,0.6428571428571429,0.30357142857142855,0.05357142857142856,0.02956989247311828,0.12634408602150538,0.1021505376344086,0.11290322580645161,0.0026881720430107525,0.2903225806451613,0.02956989247311828,0.005376344086021505,0.0026881720430107525,0.06451612903225806,0.016129032258064516,0.04838709677419355,0.212,0.3234501347708894,0.3892405063291139,0.7126906411000034,0.2814070351758794,29.03225806451613,11.29032258064516,219,243,33,0.18106995884773663,0.8484848484848485,0.15151515151515152,0.0,0.04526748971193416,0.1440329218106996,0.102880658436214,0.0823045267489712,0.0,0.3374485596707819,0.00411522633744856,0.012345679012345678,0.0,0.05761316872427984,0.0205761316872428,0.037037037037037035,0.201,0.267,0.374,0.642,0.256,33.7,8.2
205,223,Otto Lopez,MIA,115,547.6138828633406,594.0,144.31236442516268,0.25379609544468545,0.7678571428571428,0.1964285714042208,0.03571428571428571,0.010845986984815618,0.12364425162689804,0.09327548806397307,0.06073752711496746,0.0,0.17136659436008678,0.008676789587852495,0.004338394793926247,0.004338394793926247,0.03253796095444686,0.008676789587852495,0.02386117136659436,0.275,0.3246187363834422,0.3811764705882353,0.7057952069716775,0.3265306122448979,17.136659436008678,6.073752711496746,544,594,119,0.2255892255892256,0.8235294117647058,0.17647058823529413,0.0,0.025252525252525252,0.1111111111111111,0.12962962962962962,0.07407407407407407,0.003367003367003367,0.13804713804713806,0.005050505050505051,0.005050505050505051,0.0,0.025252525252525252,0.010101010101010102,0.015151515151515152,0.246,0.305,0.368,0.672,0.264,13.8,7.400000000000001
206,224,Michael Massey,KCR,120,255.55483870967743,277.0,57.18709677419355,0.23870967741935484,0.71875,0.2604166666666667,0.020833333333333332,0.03225806451612903,0.11827956989247312,0.12903225806451613,0.05161290322580645,0.002150537634408602,0.1870967741935484,0.010752688172043012,0.010752688172043012,0.004301075268817204,0.008602150537634409,0.002150537634408602,0.0064516129032258064,0.259,0.3023758099352052,0.4312354312354312,0.7336112411706364,0.2891566265060241,18.70967741935484,5.161290322580645,262,277,61,0.23104693140794225,0.8524590163934426,0.14754098360655737,0.0,0.010830324909747292,0.07220216606498195,0.07220216606498195,0.032490974729241874,0.0,0.1552346570397112,0.0036101083032490976,0.01444043321299639,0.0036101083032490976,0.007220216606498195,0.0036101083032490976,0.0036101083032490976,0.244,0.268,0.313,0.581,0.277,15.5,3.2
207,225,Ernie Clement,TOR,119,555.5789474,588.0,131.15789473684208,0.24561403508771926,0.7640449438202249,0.21348314606741578,0.022471910112359553,0.022556390977443608,0.11027568922305764,0.11528822055137844,0.03759398496240601,0.0,0.09523809523809523,0.005012531328320802,0.005012531328320802,0.007518796992481203,0.020050125313283207,0.005012531328320802,0.015037593984962405,0.26,0.2904040404040404,0.3925729442970822,0.6829769847011227,0.2680722891566265,9.523809523809524,3.7593984962406015,545,588,142,0.2568027210884354,0.7394366197183099,0.24647887323943662,0.014084507042253521,0.015306122448979591,0.141156462585034,0.08503401360544217,0.04591836734693878,0.0017006802721088435,0.10374149659863946,0.006802721088435374,0.008503401360544218,0.011904761904761904,0.01020408163265306,0.008503401360544218,0.0017006802721088435,0.277,0.313,0.398,0.711,0.296,10.4,4.6
209,227,Agustin Ramirez,MIA,118,528.6836935166993,585.0,108.0353634577603,0.21807465618860508,0.7446808510638299,0.24468085106382984,0.010638297872340427,0.03339882121807465,0.12377210215384615,0.12180746562393162,0.08055009823182711,0.0019646365422396855,0.20825147347740672,0.009823182711111112,0.005893909626719057,0.0,0.019646365422396856,0.003929273084479371,0.015717092337917484,0.241,0.3084479371316306,0.4065217391304347,0.7149696762620654,0.2764705882352941,20.825147347740668,8.055009823182711,537,585,103,0.21196581196581196,0.6699029126213593,0.32038834951456313,0.009708737864077669,0.035897435897435895,0.12307692307692308,0.11452991452991453,0.06153846153846154,0.003418803418803419,0.19316239316239317,0.013675213675213675,0.006837606837606838,0.0,0.02735042735042735,0.005128205128205128,0.022222222222222223,0.231,0.287,0.413,0.701,0.253,19.3,6.2
211,229,Marcell Ozuna,ATL,141,527.5646258503401,592.0,106.72108843537414,0.22959183673469385,0.7735849056673891,0.22641509433962265,0.0,0.04931972789115646,0.12414965986394558,0.14965986394557823,0.09863945578231292,0.0017006802721088435,0.25,0.00510204081632653,0.00510204081632653,0.0,0.0017006802721088435,0.0,0.0017006802721088435,0.258,0.3333333333333333,0.4694656488549618,0.8027989821882952,0.301994302,25.0,9.863945578231291,487,592,92,0.19087837837837837,0.7934782608695652,0.20652173913043478,0.0,0.03547297297297297,0.10304054054054054,0.11486486486486487,0.15878378378378377,0.0033783783783783786,0.24324324324324326,0.005067567567567568,0.011824324324324325,0.0,0.0,0.0,0.0,0.232,0.355,0.4,0.756,0.28,24.3,15.9
213,231,Jose Caballero,TBR,125,327.61336515513125,370.0,65.34606205250596,0.19809069212410502,0.7432432432432434,0.24324324324324328,0.013513513519612858,0.021479713603818618,0.11933174224324325,0.10023866348448687,0.07398568019093078,0.002386634845945946,0.25298329355608595,0.028639618138424822,0.007159904534606206,0.00477326968973747,0.0883054892601432,0.028639618138424822,0.059665871135135135,0.224,0.302158273,0.3504043126684636,0.6525625860497586,0.2857142857142857,25.29832935560859,7.398568019093078,314,370,69,0.2,0.7246376811594203,0.2608695652173913,0.014492753623188406,0.013513513513513514,0.14054054054054055,0.0972972972972973,0.12702702702702703,0.0,0.2648648648648649,0.008108108108108109,0.005405405405405406,0.010810810810810811,0.13243243243243244,0.02972972972972973,0.10270270270270271,0.236,0.339,0.347,0.686,0.324,26.5,12.7
214,232,Luis Rengifo,LAA,113,497.5711009174312,541.0,115.3967889908257,0.23853211009174313,0.7956989247534434,0.17204301075268816,0.032258064516129024,0.02522935779816514,0.11697247706422019,0.11467889908256881,0.06192660550458716,0.0,0.1628440366972477,0.011467889908256881,0.0045871559633027525,0.0022935779816513763,0.034403669724770644,0.011467889908256881,0.022935779816513763,0.259,0.3126436781609195,0.3965087281795511,0.7091524063404706,0.2897196261682243,16.28440366972477,6.192660550458716,501,541,110,0.2199630314232902,0.8272727272727273,0.14545454545454545,0.02727272727272727,0.0166358595194085,0.10166358595194085,0.07948243992606285,0.06099815157116451,0.0,0.1922365988909427,0.005545286506469501,0.005545286506469501,0.0018484288354898336,0.018484288354898338,0.012939001848428836,0.005545286506469501,0.238,0.287,0.335,0.622,0.281,19.2,6.1
216,234,Jung Hoo Lee,SFG,101,564.6651785714286,617.0,148.74107142857142,0.25669642857142855,0.7685185185185185,0.20370370370370372,0.027777777777777783,0.015625,0.10267857142857142,0.10714285714285715,0.07142857142857142,0.004464285714285714,0.07366071428571429,0.006696428571428572,0.002232142857142857,0.004464285714285714,0.004464285714285714,0.013392857142857144,-0.008928571427876824,0.28,0.33632287,0.4,0.73632287,0.2911051212938005,7.366071428571429,7.142857142857142,560,617,141,0.24149108589951376,0.6950354609929078,0.2198581560283688,0.0851063829787234,0.012965964343598054,0.11831442463533225,0.08914100486223663,0.07617504051863858,0.0,0.11507293354943274,0.009724473257698542,0.006482982171799027,0.0,0.01620745542949757,0.004862236628849271,0.011345218800648298,0.266,0.327,0.407,0.735,0.291,11.5,7.6
220,238,Spencer Steer,CIN,151,498.2146189735614,568.0,106.00311041990668,0.2192846034214619,0.6916666666666668,0.2833333333333334,0.025,0.03265940902021773,0.11664074650077762,0.13374805598755832,0.1026438569206843,0.0015552099533437014,0.20684292379471228,0.015552099533437015,0.004665629860031104,0.0,0.026438569206842923,0.004665629860031104,0.02177293934681182,0.25,0.3374805598755832,0.4326241134751773,0.7701046733507606,0.2905569007263922,20.684292379471227,10.26438569206843,509,568,100,0.2130281690140845,0.77,0.21,0.02,0.03697183098591549,0.11619718309859155,0.13204225352112675,0.0897887323943662,0.0,0.22711267605633803,0.008802816901408451,0.0035211267605633804,0.0017605633802816902,0.01232394366197183,0.0017605633802816902,0.01056338028169014,0.238,0.312,0.411,0.723,0.277,22.7,9.0
221,239,Luke Raley,SEA,120,192.99049881235152,218.99999999999997,37.45368171021377,0.21140142517814728,0.75,0.22222222222222224,0.02777777777777778,0.040380047505938245,0.12826603325415678,0.13539192399049882,0.06650831353919241,0.0,0.29691211401425177,0.04513064133016627,0.004750593824228029,0.0023752969121140144,0.021377672209026127,0.004750593824228029,0.016627078384798103,0.24,0.3238095238095238,0.431266846,0.7550763701707098,0.3116883116883117,29.69121140142518,6.650831354,183,219,33,0.1689497716894977,0.7575757575757576,0.24242424242424243,0.0,0.0182648401826484,0.1050228310502283,0.0867579908675799,0.0867579908675799,0.0,0.2922374429223744,0.0593607305936073,0.0045662100456621,0.0136986301369863,0.0091324200913242,0.0045662100456621,0.0045662100456621,0.202,0.319,0.311,0.631,0.284,29.2,8.7
222,240,Drew Waters,KCR,115,195.5021459227468,219.0,41.35622317596567,0.2124463519313305,0.6363636363636364,0.29545454545454547,0.06818181818181818,0.023605150214592276,0.14377682403433478,0.11158798283261803,0.09012875536480687,0.0,0.2939914163090129,0.01072961373390558,0.006437768240343348,0.0,0.03218884120171674,0.01072961373390558,0.02145922746781116,0.238,0.3133047210300429,0.4086538461538461,0.7219585671838891,0.3247232472324723,29.399141630901287,9.012875536480689,206,219,49,0.228310502283105,0.8163265306122449,0.12244897959183673,0.061224489795918366,0.0045662100456621,0.0958904109589041,0.0639269406392694,0.0502283105022831,0.0,0.273972602739726,0.0091324200913242,0.0,0.0,0.0228310502283105,0.0136986301369863,0.0091324200913242,0.243,0.288,0.316,0.603,0.338,27.399999999999995,5.0
224,243,Ke'Bryan Hayes,PIT,111,524.0522875816994,570.0,121.69934640522877,0.23093681917211328,0.7755102040816327,0.20408163265306123,0.02040816326530612,0.017429193899782133,0.11111111111111112,0.09368191721132899,0.06753812636165576,0.002178649237472767,0.19389978213507625,0.0065359477124183,0.0065359477124183,0.0,0.02396514161220044,0.0065359477124183,0.017429193899782133,0.251,0.3050108932461873,0.3649289099526066,0.669939803,0.298780487804878,19.389978213507625,6.753812636165578,527,570,119,0.21754385964912282,0.8403361344537815,0.13445378151260504,0.025210084033613446,0.008771929824561403,0.08771929824561403,0.08596491228070176,0.06315789473684211,0.0017543859649122807,0.19473684210526315,0.008771929824561403,0.0017543859649122807,0.0017543859649122807,0.021052631578947368,0.005263157894736842,0.015789473684210527,0.235,0.29,0.306,0.595,0.289,19.5,6.3
225,245,Jacob Wilson,ATH,78,480.50625,523.0,129.115625,0.2625,0.708860759493671,0.26582278481012656,0.02531645569620253,0.015625,0.140625,0.109375,0.05312499999999999,0.0,0.09062499999999998,0.015625,0.0062499999999999995,0.0062499999999999995,0.0031249999999999997,0.0031249999999999997,0.0,0.286,0.3333333333333333,0.4217687074829932,0.7551020408163265,0.3015267175572519,9.0625,5.3125,486,523,138,0.2887189292543021,0.8115942028985508,0.18840579710144928,0.0,0.0248565965583174,0.11854684512428298,0.12045889101338432,0.05162523900573614,0.0019120458891013384,0.0745697896749522,0.01338432122370937,0.0019120458891013384,0.0038240917782026767,0.009560229445506692,0.0038240917782026767,0.0057361376673040155,0.311,0.355,0.444,0.8,0.317,7.5,5.2
228,248,Edgar Quero,CHW,103,358.01822323462414,403.0,75.2756264236902,0.21184510250569474,0.8170731707317074,0.18292682926829268,0.0,0.02505694760820046,0.0888382687927107,0.1184510250569476,0.08428246013667426,0.0,0.19362186788154895,0.01822323462414579,0.009111617312072894,0.0,0.0022779043280182236,0.0022779043280182236,0.0,0.238,0.3143507972665148,0.3615384615384615,0.6758892588049763,0.2751677852348993,19.362186788154897,8.428246013667426,365,403,93,0.24317617866004962,0.8172043010752689,0.1827956989247312,0.0,0.01240694789081886,0.07692307692307693,0.08933002481389578,0.0794044665012407,0.0,0.1761786600496278,0.009925558312655087,0.004962779156327543,0.0,0.0,0.0024813895781637717,-0.0024813895781637717,0.268,0.333,0.356,0.689,0.32,17.6,7.9
230,250,Mike Yastrzemski,SFG,123,494.59090909090907,558.0,90.04090909090908,0.19772727272727272,0.647887323943662,0.29577464788732394,0.056338028169014086,0.03636363636363636,0.12954545454545455,0.11818181818181817,0.09545454545454544,0.0022727272727272726,0.26590909090909093,0.011363636363799284,0.004545454545454545,0.0022727272727272726,0.006818181818181818,0.0022727272727272726,0.004545454545454545,0.223,0.3052391799544419,0.4205128205128205,0.7257520004672624,0.2741312741312741,26.590909090909093,9.545454545454549,477,558,94,0.1989247311827957,0.6914893617021277,0.2978723404255319,0.010638297872340425,0.03046594982078853,0.12186379928315412,0.08243727598566308,0.12903225806451613,0.007168458781362007,0.1935483870967742,0.0035842293906810036,0.008960573476702509,0.0035842293906810036,0.012544802867383513,0.0035842293906810036,0.008960573476702509,0.233,0.333,0.403,0.735,0.263,19.4,12.9
232,252,Josh Naylor,ARI,141,541.7319587628866,604.0,120.38487972508592,0.2371134020618557,0.7327586206896551,0.2672413793103448,0.0,0.037800687285223365,0.10996563574503311,0.1632302405498282,0.08247422680412372,0.012027491408934709,0.15292096219931273,0.010309278350515465,0.010309278350515465,0.0,0.012027491408934709,0.0034364261168384883,0.00859106529209622,0.264,0.3298969072164948,0.4501915708812261,0.7800884780977209,0.2781774580335731,15.292096219931272,8.24742268,543,604,140,0.26490066225165565,0.7857142857142857,0.20714285714285716,0.007142857142857143,0.033112582781456956,0.13410596026490065,0.152317880794702,0.07947019867549669,0.006622516556291391,0.13741721854304637,0.006622516556291391,0.008278145695364239,0.0,0.04966887417218543,0.0033112582781456954,0.046357615894039736,0.295,0.353,0.462,0.816,0.315,13.699999999999998,7.9
233,253,Vinnie Pasquantino,KCR,125,604.2392523364485,682.0,130.02616822429906,0.23177570093457944,0.6960784313725492,0.28431372549019607,0.0196078431372549,0.041121495327102804,0.11028037383177569,0.14766355140186915,0.08971962616822429,0.0037383177570093455,0.12897196260997068,0.009345794392523364,0.01308411214953271,0.0018691588785046728,0.0018691588785046728,0.0,0.0018691588785046728,0.262,0.3314606741573033,0.4704641350210971,0.8019248091784004,0.2615384615384615,12.897196261682245,8.971962617,621,682,132,0.2404692082111437,0.7424242424242424,0.25,0.007575757575757576,0.0469208211143695,0.10557184750733138,0.1656891495601173,0.0718475073313783,0.007331378299120235,0.15689149560117302,0.010263929618768328,0.007331378299120235,0.0,0.001466275659824047,0.0,0.001466275659824047,0.264,0.323,0.475,0.798,0.271,15.7,7.200000000000001
235,255,Jake Mangum,TBR,99,401.6926714,427.99999999999994,104.2174940898345,0.2529550827423168,0.7378640776347428,0.22330097087378642,0.03883495145631068,0.009456264775413711,0.1182033096926714,0.11347517730496454,0.0425531914893617,0.0,0.19385342789719628,0.014184397163120567,0.004728132387706856,0.0,0.028368794326241134,0.011820330969267141,0.016548463356973995,0.27,0.309692671394799,0.3778337531486146,0.6875264245434136,0.329073482,19.38534278959811,4.255319149,405,428,117,0.2803738317757009,0.8376068376068376,0.15384615384615385,0.008547008547008548,0.007009345794392523,0.08644859813084112,0.09345794392523364,0.04439252336448598,0.0,0.14953271028037382,0.004672897196261682,0.002336448598130841,0.002336448598130841,0.0630841121495327,0.014018691588785047,0.04906542056074766,0.296,0.33,0.368,0.698,0.345,15.0,4.4
237,257,Kerry Carpenter,DET,114,421.03703703703707,464.00000000000006,87.00000000000001,0.23148148148148148,0.728395061728395,0.23456790123456786,0.037037037037037035,0.043981481481481476,0.11805555555555555,0.1527777777801724,0.06944444444444445,0.004629629629629629,0.24768518518518517,0.016203703703703703,0.006944444444444444,0.0,0.004629629629629629,0.006944444444444444,-0.0023148148146551724,0.255,0.3171296296296296,0.4642857142857143,0.781415344,0.3011152416356877,24.76851851851852,6.944444444444445,433,464,83,0.2349137931034483,0.7228915662650602,0.21686746987951808,0.060240963855421686,0.05603448275862069,0.14224137931034483,0.1336206896551724,0.03879310344827586,0.0,0.22844827586206898,0.015086206896551725,0.004310344827586207,0.0,0.0021551724137931034,0.0021551724137931034,0.0,0.252,0.291,0.497,0.788,0.274,22.8,3.9
239,259,Nolan Jones,COL,113,349.5586956521739,403.0,78.84782608695653,0.22608695652173916,0.7222222222222222,0.25555555555555554,0.02222222222222222,0.030434782608695653,0.1282608695652174,0.13043478260869565,0.1173913043478261,0.006521739130434783,0.29347826086956524,0.008695652173913044,0.004347826086956522,0.002173913043478261,0.017391304347826087,0.006521739130434783,0.010869565217391306,0.261,0.3529411764705882,0.4335839598997493,0.7865251363703376,0.3571428571428571,29.347826086956523,11.73913043478261,355,403,70,0.18610421836228289,0.7714285714285715,0.2,0.02857142857142857,0.01240694789081886,0.08436724565756824,0.08436724565756824,0.0967741935483871,0.0024813895781637717,0.2803970223325062,0.01240694789081886,0.007444168734491315,0.0024813895781637717,0.019851116625310174,0.007444168734491315,0.01240694789081886,0.211,0.296,0.304,0.6,0.292,28.000000000000004,9.7
240,260,Spencer Torkelson,DET,151,569.7328244,649.0,103.04732824427482,0.2,0.6826923076923076,0.30769230769230765,0.009615384615384614,0.04122137404580153,0.13129770992366413,0.1282442748091603,0.10229007633587786,0.0015267175572519084,0.26717557251908397,0.01068702290076336,0.00916030534351145,0.0,0.0030534351145038168,0.0,0.0030534351145038168,0.228,0.3129770992366412,0.4278260869565217,0.740803186,0.2744063324538258,26.717557251908396,10.229007633587786,563,649,104,0.20801232665639446,0.7307692307692307,0.25961538461538464,0.009615384615384616,0.04776579352850539,0.1263482280431433,0.12018489984591679,0.11093990755007704,0.009244992295839754,0.26040061633281975,0.01386748844375963,0.007704160246533128,0.0,0.0030816640986132513,0.0015408320493066256,0.0015408320493066256,0.24,0.333,0.456,0.789,0.283,26.0,11.1
241,261,Jared Triolo,PIT,115,334.8621444201313,376.0,76.5164113785558,0.21881838074398252,0.7741935483870968,0.2043010752688172,0.02150537634408602,0.015317286652078774,0.10940919037199126,0.10065645514223194,0.09409190371991247,0.0,0.24945295404814005,0.0087527352297593,0.006564551422319475,0.0,0.02188183807439825,0.00437636761487965,0.0175054704595186,0.246,0.3216630196936542,0.3538083538083538,0.675471374,0.3217993079584775,24.945295404814004,9.409190371991247,331,376,68,0.19946808510638298,0.7058823529411765,0.2647058823529412,0.029411764705882353,0.018617021276595744,0.10904255319148937,0.06382978723404255,0.10372340425531915,0.0026595744680851063,0.20212765957446807,0.005319148936170213,0.0026595744680851063,0.007978723404255319,0.034574468085106384,0.005319148936170213,0.02925531914893617,0.227,0.311,0.356,0.667,0.273,20.2,10.4
242,263,Ramon Urias,BAL,107,354.27624309392263,391.0,78.84806629834253,0.2292817679558011,0.767123287671233,0.20547945205479454,0.027397260273972605,0.027624309392265192,0.11602209943734017,0.11878453038674033,0.07458563535911603,0.0,0.22099447513812154,0.016574585635359115,0.0027624309392265192,0.0,0.0027624309392265192,0.0027624309392265192,0.0,0.253,0.3204419889502762,0.4024390243902439,0.7228810133405201,0.3054393305439331,22.099447513812155,7.458563535911603,352,391,74,0.21739130434782608,0.7702702702702703,0.22972972972972974,0.0,0.028132992327365727,0.08439897698209718,0.11253196930946291,0.06905370843989769,0.0,0.22506393861892582,0.005115089514066497,0.02557544757033248,0.0,0.0076726342710997444,0.0,0.0076726342710997444,0.241,0.292,0.384,0.675,0.281,22.5,6.9
247,268,Thomas Saggese,STL,138,273.27910958904107,295.0,59.10102739726027,0.22602739726027396,0.7606837606837608,0.20512820512820515,0.03418803418803419,0.025684931506849314,0.11986301369863013,0.125,0.04794520547945205,0.0,0.2585616438356164,0.017123287671232876,0.00684931506849315,0.0017123287671232876,0.011986301369863013,0.005136986301369863,0.00684931506849315,0.244,0.2915951972555746,0.3863216266173752,0.6779168238729498,0.3087071240105541,25.85616438356164,4.794520547945205,275,295,69,0.24067796610169492,0.7536231884057971,0.2463768115942029,0.0,0.006779661016949152,0.0847457627118644,0.0847457627118644,0.05423728813559322,0.0,0.28135593220338984,0.003389830508474576,0.006779661016949152,0.003389830508474576,0.010169491525423728,0.0,0.010169491525423728,0.258,0.299,0.342,0.641,0.359,28.1,5.4
248,269,Evan Carter,TEX,104,191.4814814814815,220.00000000000003,40.23148148148148,0.20833333333333331,0.7341772151898736,0.21518987341772156,0.05063291139240507,0.02546296296296296,0.13888888888888887,0.12037037037037036,0.1111111111111111,0.0023148148148148147,0.2569444444444444,0.013888888888888888,0.004629629629629629,0.0,0.02314814814814815,0.006944444444444444,0.016203703703703703,0.239,0.3333333333333333,0.3936170212765957,0.7269503546099291,0.30859375,25.694444444444443,11.11111111111111,194,220,43,0.21818181818181817,0.7441860465116279,0.20930232558139536,0.046511627906976744,0.022727272727272728,0.1409090909090909,0.11363636363636363,0.08636363636363636,0.004545454545454545,0.18636363636363637,0.031818181818181815,0.0,0.0,0.06363636363636363,0.00909090909090909,0.05454545454545454,0.247,0.336,0.392,0.728,0.291,18.6,8.6
250,272,Casey Schmitt,SFG,121,320.8354430379747,348.0,69.74683544303797,0.22784810126582278,0.7578947368421054,0.23157894736842108,0.010526315789473686,0.027426160337552744,0.10970464135021098,0.12236286919831224,0.05485232067510549,0.0021097046413502112,0.22362869198312238,0.012658227848101267,0.008438818565400845,0.0021097046413502112,0.010548523206751054,0.0042194092827004225,0.006329113924050634,0.247,0.2959830866807611,0.391304348,0.687287435,0.2950310559006211,22.362869198312236,5.485232067510549,312,348,62,0.21264367816091953,0.7580645161290323,0.24193548387096775,0.0,0.034482758620689655,0.09770114942528736,0.11494252873563218,0.07758620689655173,0.0028735632183908046,0.23850574712643677,0.014367816091954023,0.008620689655172414,0.0028735632183908046,0.0,0.0,0.0,0.237,0.305,0.401,0.706,0.282,23.9,7.8
251,273,Gabriel Arias,CLE,107,435.1496062992126,471.0,95.18897637795274,0.22834645669291337,0.7272727272727274,0.2337662337662338,0.03896103896103896,0.026246719160104987,0.11286089238845144,0.11548556430446195,0.06036745406824147,0.0026246719160104987,0.2755905511811024,0.010498687664543524,0.005249343832271762,0.0,0.023622047244094488,0.005249343832271762,0.01837270341207349,0.247,0.2992125984251969,0.4005681818181818,0.6997807802433786,0.3221757322175732,27.559055118110237,6.036745406824147,432,471,84,0.20169851380042464,0.6785714285714286,0.2976190476190476,0.023809523809523808,0.02335456475583864,0.09341825902335456,0.11464968152866242,0.05732484076433121,0.0021231422505307855,0.34394904458598724,0.014861995753715499,0.008492569002123142,0.0021231422505307855,0.016985138004246284,0.008492569002123142,0.008492569002123142,0.22,0.274,0.363,0.638,0.319,34.4,5.7
253,277,Miguel Rojas,LAD,105,290.5121293800539,317.0,69.21024258760107,0.23180592991913745,0.7654320987654322,0.22222222222222227,0.01234567901234568,0.013477088948787063,0.10242587601078168,0.09973045822102426,0.06199460916442048,0.0,0.11859838274932614,0.01078167115902965,0.005390835579514825,0.005390835579514825,0.018867924528301886,0.005390835579514825,0.013477088948787063,0.253,0.3062330623306233,0.3558823529411765,0.6621154152717998,0.2764505119453925,11.859838274932615,6.199460916442049,290,317,69,0.23974763406940064,0.7391304347826086,0.2608695652173913,0.0,0.022082018927444796,0.11041009463722397,0.08517350157728706,0.07570977917981073,0.0031545741324921135,0.14511041009463724,0.0,0.0,0.00946372239747634,0.015772870662460567,0.0,0.015772870662460567,0.262,0.318,0.397,0.715,0.291,14.499999999999998,7.6
254,278,Yoan Moncada,LAA,94,259.41732283464563,289.0,57.64829396325459,0.22309711286089237,0.7236842105263158,0.2631578947368421,0.013157894736842106,0.023622047244094488,0.11023622047244093,0.10236220472440945,0.09186351706036744,0.0026246719160104987,0.27296587926509186,0.007874015748031496,0.0026246719160104987,0.0,0.007874015748031496,0.0,0.007874015748031496,0.249,0.3228346456692913,0.391812865,0.7146475111663673,0.3304347826086956,27.296587926509183,9.186351706036746,248,289,46,0.20069204152249134,0.6739130434782609,0.2826086956521739,0.043478260869565216,0.04152249134948097,0.13494809688581316,0.12110726643598616,0.11072664359861592,0.0034602076124567475,0.25951557093425603,0.02422145328719723,0.006920415224913495,0.0,0.0,0.0,0.0,0.234,0.336,0.448,0.783,0.282,26.0,11.1
255,280,Ryan Ritter,COL,104,183.06122448979593,207.0,41.30612244897959,0.22448979591836735,0.75,0.22727272727272724,0.022727272727272724,0.024943310657596373,0.1383219954648526,0.13151927437641725,0.072562358276644,0.0022675736961451243,0.2811791383219955,0.02947845804988662,0.004535147392290249,0.009070294784580497,0.024943310657596373,0.0022675736961451243,0.02267573696145125,0.254,0.3295194508009153,0.4,0.7295194508009153,0.3424124513618677,28.117913832199548,7.2562358276644,187,207,44,0.21739130434782608,0.7272727272727273,0.20454545454545456,0.06818181818181818,0.004830917874396135,0.10628019323671498,0.08695652173913043,0.04830917874396135,0.0,0.2946859903381642,0.024154589371980676,0.004830917874396135,0.01932367149758454,0.014492753623188406,0.004830917874396135,0.00966183574879227,0.241,0.296,0.337,0.632,0.349,29.5,4.8
256,281,Alex Call,WSN,112,276.2144522144522,322.0,54.041958043589744,0.19347319347826086,0.7499999999773551,0.23611111110398217,0.013888888888469538,0.025641025641025644,0.12121212121212122,0.10489510489510488,0.11655011655011654,0.0,0.19114219114219116,0.01631701631701632,0.006993006993006993,0.002331002331002331,0.025641025641025644,0.009324009324009324,0.01631701631701632,0.226,0.3271028037383177,0.3668478260869565,0.6939506298252742,0.2589928057553957,19.11421911421911,11.655011655011654,270,322,67,0.2236024844720497,0.7761194029850746,0.19402985074626866,0.029850746268656716,0.015527950310559006,0.13354037267080746,0.09627329192546584,0.11180124223602485,0.0,0.17080745341614906,0.018633540372670808,0.012422360248447204,0.018633540372670808,0.006211180124223602,0.003105590062111801,0.003105590062111801,0.267,0.361,0.385,0.746,0.313,17.1,11.2
257,282,Nathan Lukes,TOR,90,398.6292134831461,438.0,100.88764044943821,0.24719101123595505,0.7682926829268292,0.2195121951219512,0.012195121951219511,0.016853932584269662,0.12359550561797752,0.1151685393258427,0.07303370786516854,0.0028089887640449437,0.17134831461187214,0.008426966292134831,0.0056179775280898875,0.0028089887640449437,0.011235955056179775,0.0056179775280898875,0.0056179775280898875,0.272,0.3295774647887324,0.3888888888888889,0.7184663536776212,0.3166023166023166,17.134831460674157,7.303370786516854,388,438,87,0.22602739726027396,0.7586206896551724,0.21839080459770116,0.022988505747126436,0.0273972602739726,0.12557077625570776,0.14840182648401826,0.0867579908675799,0.0045662100456621,0.136986301369863,0.0045662100456621,0.00684931506849315,0.01598173515981735,0.0045662100456621,0.0091324200913242,-0.0045662100456621,0.255,0.323,0.407,0.73,0.273,13.699999999999998,8.7
258,283,Kyle Isbel,KCR,122,370.529703,409.0,79.97772277227722,0.21782178217821782,0.708860759493671,0.2278481012658228,0.06329113924050633,0.022277227722772273,0.1410891089108911,0.10643564356435643,0.06683168316831684,0.0,0.20544554455445546,0.012376237623762375,0.0049504950495049506,0.009900990099009901,0.02475247524752475,0.007425742574257426,0.017326732673267328,0.24,0.3,0.3907103825136612,0.6907103825136611,0.286231884,20.544554455445542,6.683168316831684,368,409,90,0.22982885085574573,0.7777777777777778,0.17777777777777778,0.044444444444444446,0.009779951100244499,0.10268948655256724,0.08068459657701711,0.05623471882640587,0.0,0.18092909535452323,0.004889975550122249,0.007334963325183374,0.03178484107579462,0.009779951100244499,0.012224938875305624,-0.0024449877750611247,0.255,0.301,0.353,0.654,0.307,18.1,5.6
259,284,Alek Thomas,ARI,120,431.3125,469.0,98.40625,0.23214285714285715,0.723404255319149,0.22340425531914893,0.05319148936170213,0.022321428571428572,0.12946428571428573,0.12053571428571429,0.0625,0.0,0.18973214285714285,0.006696428571428571,0.006696428571428571,0.004464285714285714,0.020089285714285716,0.006696428571428571,0.013392857142857142,0.252,0.3026905829596412,0.4004854368932038,0.7031760198528452,0.29375,18.973214285714285,6.25,433,469,99,0.2302771855010661,0.7777777777777778,0.1919191919191919,0.030303030303030304,0.019189765458422176,0.10874200426439233,0.08102345415778252,0.04477611940298507,0.0,0.2601279317697228,0.010660980810234541,0.008528784648187633,0.01279317697228145,0.014925373134328358,0.008528784648187633,0.006396588486140725,0.249,0.289,0.37,0.659,0.324,26.0,4.5
262,289,Harrison Bader,MIN,119,461.58121827411173,501.00000000000006,96.63959390862945,0.2182741116751269,0.7763157894736843,0.21052631578947367,0.013157894736842105,0.02538071065989847,0.12436548223350252,0.1116751269035533,0.05583756345177665,0.0025380710659898475,0.2131979695431472,0.012690355329949237,0.01015228426395939,0.0,0.04060913705583756,0.012690355329949237,0.027918781725888325,0.237,0.2868020304568528,0.3691460055096419,0.6559480359664946,0.2783882783882784,21.31979695431472,5.583756345177665,448,501,107,0.24750499001996007,0.7663551401869159,0.22429906542056074,0.009345794392523364,0.033932135728542916,0.1217564870259481,0.10778443113772455,0.07784431137724551,0.0,0.2714570858283433,0.021956087824351298,0.005988023952095809,0.0,0.021956087824351298,0.013972055888223553,0.007984031936127744,0.277,0.347,0.449,0.796,0.359,27.1,7.8
264,291,Lourdes Gurriel Jr.,ARI,129,505.3625954198473,546.0,121.91221374045799,0.25190839694656486,0.7606837606837609,0.22222222222222224,0.017094017094017096,0.028625954198473278,0.11259541984732824,0.12786259541984732,0.057251908396946556,0.0019083969465648854,0.18129770992673994,0.009541984732824426,0.007633587786259542,0.0,0.009541984732824426,0.0019083969465648854,0.007633587786259542,0.272,0.3187022900763359,0.4268041237113402,0.7455064137876761,0.3087071240105541,18.12977099236641,5.7251908396946565,500,546,105,0.2271062271062271,0.7523809523809524,0.22857142857142856,0.01904761904761905,0.0347985347985348,0.09523809523809523,0.14652014652014653,0.056776556776556776,0.0,0.1391941391941392,0.01098901098901099,0.016483516483516484,0.0,0.018315018315018316,0.007326007326007326,0.01098901098901099,0.248,0.295,0.418,0.713,0.254,13.900000000000002,5.7
267,295,TJ Friedl,CIN,115,599.7555555555555,685.0,129.38888888888886,0.21555555555555553,0.7764705882352945,0.17647058823529416,0.04705882352941177,0.026666666666666665,0.11555555555555555,0.1288888888888889,0.08222222222222222,0.0,0.1622222222222222,0.024444444444444442,0.008888888888888889,0.008888888888888889,0.026666666666666665,0.006666666666666666,0.02,0.246,0.3251121076233184,0.3959390862944162,0.7210511939177346,0.2715654952076677,16.22222222222222,8.222222222222223,579,685,137,0.22043795620437956,0.8248175182481752,0.16058394160583941,0.014598540145985401,0.020437956204379562,0.11970802919708029,0.07737226277372262,0.11824817518248175,0.0,0.1678832116788321,0.02335766423357664,0.0072992700729927005,0.00583941605839416,0.017518248175182483,0.004379562043795621,0.013138686131386862,0.261,0.364,0.378,0.742,0.301,16.8,11.8
268,296,Christopher Morel,TBR,144,271.5180102915952,305.0,49.69982847341338,0.2058319039451115,0.7473684210526315,0.2210526315789474,0.031578947368421054,0.04288164665523156,0.12349914236065573,0.13550600343053174,0.09262435677530018,0.0034305317324185244,0.2761578044596913,0.010291595197255575,0.005145797598627788,0.0017152658662092624,0.015437392795883362,0.008576329331046312,0.006861063464837049,0.231,0.3092783505154639,0.4277456647398844,0.7370240152553483,0.2827380952380952,27.61578044596912,9.262435677530018,278,305,50,0.2,0.68,0.32,0.0,0.036065573770491806,0.12131147540983607,0.10819672131147541,0.08196721311475409,0.0,0.35737704918032787,0.006557377049180328,0.0,0.0,0.022950819672131147,0.006557377049180328,0.01639344262295082,0.219,0.289,0.396,0.684,0.316,35.7,8.2
269,297,Jake McCarthy,ARI,137,200.01980198019805,222.0,49.67524752475247,0.2396039603960396,0.7787610619469029,0.1592920353982301,0.06194690265486726,0.015841584158415842,0.1306930693069307,0.11089108910891089,0.06732673267326733,0.0,0.1801980198198198,0.019801980198019802,0.0039603960396039604,0.007920792079207921,0.05148514851485148,0.011881188118811881,0.039603960396039604,0.266,0.3293413173652694,0.389010989,0.7183523063762585,0.3156424581005586,18.019801980198014,6.732673267326733,206,222,38,0.1891891891891892,0.6842105263157895,0.18421052631578946,0.13157894736842105,0.018018018018018018,0.08108108108108109,0.09009009009009009,0.04504504504504504,0.0,0.18018018018018017,0.009009009009009009,0.0045045045045045045,0.013513513513513514,0.02702702702702703,0.0,0.02702702702702703,0.204,0.247,0.345,0.591,0.233,18.0,4.5
271,299,Nick Allen,ATL,129,373.7235772357724,416.0,88.78048780487805,0.22357723577235775,0.7904761904917582,0.2,0.009523809523809525,0.01016260162601626,0.10772357723557692,0.10569105691056911,0.07723577235772358,0.0,0.15650406504065043,0.006097560975609756,0.0040650406504065045,0.014227642276442307,0.02032520325203252,0.01016260162601626,0.01016260162601626,0.249,0.311340206,0.334841629,0.646181835,0.2900552486187845,15.65040650406504,7.723577235772358,371,416,82,0.1971153846153846,0.8658536585365854,0.13414634146341464,0.0,0.0,0.07692307692307693,0.052884615384615384,0.07451923076923077,0.0,0.23798076923076922,0.007211538461538462,0.007211538461538462,0.019230769230769232,0.019230769230769232,0.016826923076923076,0.002403846153846154,0.221,0.284,0.251,0.535,0.298,23.8,7.5
273,301,Mike Tauchman,CHW,114,328.230563,385.0,72.2520107238606,0.20911528150134048,0.7571428571428571,0.22857142857142856,0.014285714285714285,0.021447721179624665,0.14745308310991956,0.09115281501340482,0.13136729222520108,0.002680965147453083,0.21715817693506495,0.010723860589812333,0.005361930294906166,0.0,0.018766756032171584,0.002680965147453083,0.0160857908847185,0.245,0.3512064343163539,0.3773584905660377,0.7285649248823917,0.303030303030303,21.715817694369974,13.136729222520108,335,385,79,0.22857142857142856,0.7721518987341772,0.21518987341772153,0.012658227848101266,0.023376623376623377,0.11428571428571428,0.1038961038961039,0.11688311688311688,0.0,0.22337662337662337,0.01038961038961039,0.0025974025974025974,0.0,0.0,0.0,0.0,0.263,0.356,0.4,0.756,0.328,22.3,11.7
276,304,Gavin Lux,CIN,126,446.0152505446623,503.0,105.20261437908496,0.23093681917211328,0.7604166666666666,0.2083333333333333,0.03125,0.021786492374727663,0.13725490196819087,0.09803921568627451,0.10021786492374728,0.0021786492374727667,0.21350762527233114,0.004357298474945533,0.0065359477124183,0.0021786492374727667,0.013071895425447316,0.004357298474945533,0.008714596949891067,0.26,0.3362445414847161,0.398034398034398,0.7342789395191143,0.3178807947019867,21.350762527233115,10.021786492374728,446,503,115,0.23856858846918488,0.7391304347826086,0.24347826086956523,0.017391304347826087,0.009940357852882704,0.09741550695825049,0.10536779324055666,0.11133200795228629,0.0,0.22664015904572565,0.0,0.0019880715705765406,0.0,0.0019880715705765406,0.0,0.0019880715705765406,0.269,0.35,0.374,0.724,0.351,22.7,11.1
279,307,Freddy Fermin,KCR,95,315.3617647058823,347.0,71.44117647094117,0.22941176470588232,0.785714285710404,0.19999999999901194,0.01428571428564371,0.02352941176368876,0.1088235294117647,0.11176470588235293,0.07352941176470587,0.0,0.18823529411764706,0.0058823529411764705,0.008823529411764706,0.0029411764705882353,0.0029411764705882353,0.0,0.0029411764705882353,0.252,0.3097345132743362,0.3818770226537217,0.6916115359280579,0.2916666666666667,18.823529411764707,7.352941176470589,319,347,75,0.23054755043227665,0.8266666666666667,0.17333333333333334,0.0,0.01440922190201729,0.09221902017291066,0.07492795389048991,0.05475504322766571,0.002881844380403458,0.1873198847262248,0.005763688760806916,0.0,0.020172910662824207,0.002881844380403458,0.005763688760806916,-0.002881844380403458,0.251,0.297,0.339,0.636,0.301,18.7,5.5
280,308,Max Muncy,ATH,94,349.29675810473816,388.0,73.53615960099751,0.2119700748129676,0.7236842105263158,0.2631578947368421,0.013157894736842105,0.022443890274314215,0.10972568578553617,0.11970074812967581,0.06234413965087283,0.0,0.3192019950124689,0.022443890274314215,0.004987531172069825,0.00997506234413965,0.012468827930174564,0.004987531172069825,0.007481296758104738,0.235,0.2997481108312342,0.371191135734072,0.6709392465653063,0.336283186,31.92019950124688,6.234413965087282,313,388,57,0.1958762886597938,0.7894736842105263,0.17543859649122806,0.03508771929824561,0.04896907216494845,0.12371134020618557,0.17268041237113402,0.16494845360824742,0.005154639175257732,0.21391752577319587,0.015463917525773196,0.01288659793814433,0.0,0.010309278350515464,0.0,0.010309278350515464,0.243,0.376,0.47,0.846,0.264,21.4,16.5
284,315,Alex Verdugo,,141,192.78305084745764,213.00000000000003,43.32203389830509,0.2271186440677966,0.7416666666666667,0.25,0.008333333333333333,0.02372881355932203,0.1271186440677966,0.10508474576271186,0.07796610169491525,0.001694915254237288,0.15254237288135591,0.005084745762711864,0.010169491525423728,0.001694915254237288,0.005084745762711864,0.003389830508474576,0.001694915254237288,0.251,0.3106960950764006,0.3895131086142322,0.7002092036906329,0.2752293577981651,15.254237288135592,7.796610169491526,197,213,47,0.22065727699530516,0.7872340425531915,0.2127659574468085,0.0,0.0,0.09859154929577464,0.056338028169014086,0.06572769953051644,0.0,0.14553990610328638,0.009389671361502348,0.0,0.0,0.004694835680751174,0.0,0.004694835680751174,0.239,0.296,0.289,0.585,0.283,14.6,6.6000000000000005
286,318,Ezequiel Duran,TEX,119,204.9179600886918,219.0,44.674057649667404,0.23059866962305986,0.7282608695652174,0.23913043478260868,0.03260869565217391,0.026607538802660754,0.1130820399113082,0.11529933481152993,0.05099778270509978,0.002217294900221729,0.24833702882483372,0.008869179600886918,0.00443458980044346,0.0,0.015521064301552107,0.008869179600886918,0.0066518847006651885,0.246,0.2904656319290465,0.3981042654028436,0.6885698973318901,0.3066666666666666,24.833702882483372,5.099778270509978,205,219,46,0.2100456621004566,0.6956521739130435,0.30434782608695654,0.0,0.0,0.0730593607305936,0.0639269406392694,0.0365296803652968,0.0,0.2511415525114155,0.0182648401826484,0.0045662100456621,0.0045662100456621,0.0502283105022831,0.0091324200913242,0.0410958904109589,0.224,0.266,0.293,0.559,0.305,25.1,3.7000000000000006
289,321,Willi Castro,MIN,147,404.94139194139194,454.0,88.97069597069597,0.21794871794871795,0.7383177570093458,0.22429906542056074,0.03738317757009346,0.02197802197802198,0.13919413918502202,0.10256410256410257,0.07142857142857144,0.0,0.23443223443223443,0.027472527472527472,0.007326007326007326,0.0018315018315018315,0.029304029304029304,0.01098901098901099,0.018315018315018316,0.244,0.3174311926605505,0.3839835728952772,0.7014147655558276,0.3048433048433048,23.44322344322344,7.142857142857142,402,454,80,0.20044052863436124,0.75,0.2125,0.0375,0.024229074889867842,0.1277533039647577,0.07268722466960352,0.0881057268722467,0.0022026431718061676,0.2444933920704846,0.024229074889867842,0.0,0.0022026431718061676,0.022026431718061675,0.00881057268722467,0.013215859030837005,0.226,0.313,0.366,0.679,0.286,24.4,8.8
290,323,Josh Jung,TEX,85,475.31564245810057,511.0,101.3435754189944,0.2346368715083799,0.7605633802816901,0.22535211267605637,0.014084507042253523,0.036312849162011177,0.11731843575418995,0.13687150837988826,0.05307262569832402,0.0,0.27374301675977647,0.0111731843575419,0.00558659217877095,0.0,0.008379888268156424,0.002793296089385475,0.00558659217877095,0.252,0.2988826815642458,0.4234234234234234,0.7223061049876692,0.3169642857142857,27.37430167597765,5.307262569832402,482,511,107,0.23679060665362034,0.7757009345794392,0.21495327102803738,0.009345794392523364,0.0273972602739726,0.10371819960861056,0.11937377690802348,0.05283757338551859,0.0,0.25244618395303325,0.003913894324853229,0.0,0.0,0.007827788649706457,0.0019569471624266144,0.005870841487279843,0.251,0.294,0.39,0.684,0.316,25.2,5.3
292,326,Jorge Polanco,SEA,112,464.27526881720433,524.0,86.76989247311829,0.20215053763440863,0.7922077922077922,0.20779220779220778,0.0,0.03655913978494624,0.11182795698924732,0.11827956989247312,0.10107526881720431,0.004301075268817204,0.2666666666666667,0.0064516129032258064,0.0064516129032258064,0.0,0.008602150538167938,0.004301075268817204,0.004301075268817204,0.228,0.3096774193548387,0.3907766990291262,0.700454118,0.2810218978102189,26.666666666666668,10.10752688172043,471,524,99,0.2385496183206107,0.696969696969697,0.30303030303030304,0.0,0.04961832061068702,0.12213740458015267,0.14885496183206107,0.08015267175572519,0.0019083969465648854,0.15648854961832062,0.0057251908396946565,0.009541984732824428,0.0057251908396946565,0.011450381679389313,0.0057251908396946565,0.0057251908396946565,0.265,0.326,0.495,0.821,0.269,15.6,8.0
299,335,Henry Davis,PIT,99,246.3276283618582,283.0,48.43520782396088,0.20293398533007334,0.7285714285714285,0.2571428571428572,0.014285714285714287,0.03178484107579463,0.11735941320293398,0.12958435207823962,0.09046454767726161,0.004889975550122249,0.2665036674816626,0.03178484107579463,0.004889975550122249,0.0024449877750611247,0.014669926650176678,0.007334963325183374,0.007334963325183374,0.233,0.3259803921568627,0.398876404,0.7248567966512447,0.2966101694915254,26.65036674816626,9.046454768,252,283,35,0.14840989399293286,0.8,0.2,0.0,0.024734982332155476,0.08833922261484099,0.07773851590106007,0.0636042402826855,0.0,0.26855123674911663,0.0176678445229682,0.01060070671378092,0.01060070671378092,0.007067137809187279,0.0035335689045936395,0.0035335689045936395,0.167,0.234,0.278,0.512,0.203,26.899999999999995,6.4
301,337,Andrew Benintendi,CHW,131,421.5917602996255,470.0,98.57677902621725,0.23595505617977533,0.7589285714042551,0.22321428571428567,0.017857142857142853,0.02621722846441948,0.11797752808988765,0.11235955056179776,0.09176029962546817,0.003745318352059925,0.16666666666666669,0.003745318352059925,0.00749063670411985,0.0,0.013108614232209739,0.003745318352059925,0.009363295880149813,0.263,0.3314606741573033,0.4112734864300626,0.742734161,0.2947368421052631,16.666666666666664,9.176029962546815,420,470,81,0.2148936170212766,0.7777777777777778,0.19753086419753085,0.024691358024691357,0.0425531914893617,0.12127659574468085,0.13404255319148936,0.0851063829787234,0.00425531914893617,0.17446808510638298,0.006382978723404255,0.01276595744680851,0.0,0.002127659574468085,0.0,0.002127659574468085,0.24,0.307,0.431,0.738,0.25,17.4,8.5
305,342,Angel Martinez,CLE,117,432.5931863727455,484.0,93.1142284569138,0.2104208416833667,0.7291666666666667,0.23958333333333337,0.03125000000000001,0.018036072144288578,0.1062124248496994,0.1062124248496994,0.07615230460921846,0.0,0.20440881763527055,0.012024048096192385,0.008016032064128256,0.01002004008016032,0.012024048096192385,0.008016032064128256,0.004008016032064128,0.235,0.3016194331983806,0.3609865470852018,0.6626059802835824,0.2831858407079646,20.440881763527056,7.615230460921844,446,484,89,0.2066115702479339,0.7191011235955056,0.25842696629213485,0.02247191011235955,0.022727272727272728,0.11570247933884298,0.09297520661157024,0.047520661157024795,0.0,0.22727272727272727,0.012396694214876033,0.008264462809917356,0.010330578512396695,0.01652892561983471,0.004132231404958678,0.012396694214876033,0.224,0.269,0.359,0.628,0.271,22.7,4.8
306,343,Josh Rojas,CHW,124,186.97991071428572,211.0,40.033482142857146,0.20982142857142858,0.7529411764705881,0.23529411764705882,0.01176470588235294,0.020089285714285712,0.12053571428571429,0.08705357142857142,0.09821428571428571,0.002232142857142857,0.21651785714285712,0.004464285714285714,0.006696428571428572,0.004464285714285714,0.024553571428571428,0.006696428571428572,0.017857142857142856,0.237,0.3139013452914798,0.3602015113350126,0.6741028566264924,0.2891156462585034,21.651785714285715,9.821428571428571,189,211,32,0.16113744075829384,0.71875,0.28125,0.0,0.009478672985781991,0.06635071090047394,0.052132701421800945,0.09004739336492891,0.0,0.22748815165876776,0.0,0.009478672985781991,0.004739336492890996,0.018957345971563982,0.004739336492890996,0.014218009478672985,0.18,0.252,0.259,0.512,0.227,22.7,9.0
307,344,Tyler Freeman,CLE,112,374.3685503685504,428.0,86.23095823054057,0.21621621621621626,0.7926829268331078,0.19512195122045728,0.01219512195127858,0.014742014742990653,0.12776412776412777,0.10810810810810811,0.0687960687960688,0.002457002457002457,0.13513513513513514,0.044226044226044224,0.007371007371007371,0.004914004914004914,0.02702702702702703,0.009828009828009828,0.0171990171990172,0.247,0.3308641975308642,0.348314606741573,0.6791788042724373,0.2751677852348993,13.513513513513514,6.87960688,377,428,104,0.24766355140186916,0.7884615384615384,0.19230769230769232,0.019230769230769232,0.004672897196261682,0.11682242990654206,0.07242990654205607,0.0794392523364486,0.0,0.1191588785046729,0.02570093457943925,0.009345794392523364,0.004672897196261682,0.04205607476635514,0.02102803738317757,0.02102803738317757,0.281,0.354,0.361,0.715,0.317,11.9,7.9
309,347,Max Kepler,PHI,112,426.492027334852,474.0,83.13895216400911,0.21184510250569477,0.7272727272727273,0.24675324675324678,0.025974025974025976,0.03644646924829157,0.1252847380410023,0.1252847380410023,0.08200455580865604,0.0,0.20273348519362186,0.011389521640091115,0.00683371298405467,0.0,0.00683371298405467,0.0,0.00683371298405467,0.235,0.3052391799544419,0.4151898734177215,0.7204290533721633,0.2627986348122867,20.273348519362187,8.200455580865604,417,474,72,0.189873417721519,0.7361111111111112,0.2638888888888889,0.0,0.0379746835443038,0.12236286919831224,0.10970464135021098,0.10126582278481013,0.006329113924050633,0.1962025316455696,0.008438818565400843,0.008438818565400843,0.002109704641350211,0.006329113924050633,0.0,0.006329113924050633,0.216,0.3,0.391,0.691,0.232,19.6,10.1
315,354,Eli White,ATL,96,242.60179640718565,271.0,50.30538922155689,0.2095808383233533,0.8064516129936912,0.16129032258064518,0.03225806451612903,0.023952095808383235,0.14071856287425152,0.11077844311377245,0.08682634730538923,0.0,0.2934131736526946,0.014970059880239523,0.002994011977859779,0.0,0.04491017964071856,0.008982035928143712,0.03592814371257485,0.234,0.311377245508982,0.3612040133779264,0.6725812588869085,0.3195876288659793,29.34131736526946,8.682634730538922,256,271,50,0.22140221402214022,0.78,0.16,0.06,0.03690036900369004,0.15867158671586715,0.12915129151291513,0.04059040590405904,0.0036900369003690036,0.25830258302583026,0.007380073800738007,0.0036900369003690036,0.0036900369003690036,0.03690036900369004,0.0036900369003690036,0.033210332103321034,0.234,0.27,0.406,0.677,0.282,25.8,4.1
323,367,Carson Kelly,CHC,91,373.62057877813504,421.0,73.09967845659163,0.19935691318327972,0.7962962962962964,0.20370370370370372,0.0,0.02572347266881029,0.10610932475884245,0.10932475884244372,0.09003215434083602,0.0,0.19614147909967844,0.012861736334405145,0.009646302250803858,0.0,0.003215434083601286,0.0,0.003215434083601286,0.225,0.3022508038585209,0.3514492753623188,0.6537000792208397,0.2571428571428571,19.614147909967848,9.003215434083602,369,421,75,0.21852731591448932,0.8133333333333334,0.17333333333333334,0.013333333333333334,0.040380047505938245,0.11401425178147269,0.1187648456057007,0.10688836104513064,0.0,0.19002375296912113,0.007125890736342043,0.009501187648456057,0.0,0.004750593824228029,0.0,0.004750593824228029,0.249,0.333,0.428,0.761,0.272,19.0,10.7
326,370,Brooks Lee,MIN,100,486.36682242990656,527.0,108.35514018691588,0.2266355140186916,0.7272727272727274,0.2613636363636364,0.011363636363636366,0.021028037383177572,0.102803738317757,0.11682242990654206,0.06775700934579439,0.004672897196261682,0.16822429906542058,0.002336448598130841,0.007009345795066414,0.0,0.009345794392523364,0.002336448598130841,0.007009345795066414,0.246,0.2967289719626168,0.3772151898734177,0.6739441618360346,0.277602524,16.822429906542055,6.775700934579438,487,527,99,0.21821631878557876,0.8383838383838383,0.15151515151515152,0.010101010101010102,0.030360531309297913,0.09487666034155598,0.12144212523719165,0.058823529411764705,0.0,0.174573055028463,0.007590132827324478,0.009487666034155597,0.0,0.0056925996204933585,0.0018975332068311196,0.003795066413662239,0.236,0.285,0.37,0.654,0.258,17.5,5.9
330,375,Trevor Story,BOS,77,588.1886792452831,654.0000000000001,115.16981132075472,0.20440251572327042,0.6785714285714286,0.30357142856323727,0.01785714285714286,0.028301886792452824,0.11635220125786162,0.11949685534591194,0.08176100628930817,0.006289308176100628,0.28930817610062887,0.012578616352201257,0.006289308176100628,0.0,0.03773584905660377,0.009433962264150943,0.028301886792452824,0.227,0.2987421383647798,0.3881118881118881,0.686854026,0.2994652406417112,28.930817610062892,8.176100628930817,612,654,136,0.24617737003058104,0.7867647058823529,0.21323529411764705,0.0,0.0382262996941896,0.13914373088685014,0.14678899082568808,0.05045871559633028,0.0015290519877675841,0.2691131498470948,0.010703363914373088,0.0015290519877675841,0.0015290519877675841,0.047400611620795105,0.0015290519877675841,0.045871559633027525,0.263,0.308,0.433,0.741,0.33,26.899999999999995,5.0
332,378,Dylan Carlson,BAL,114,211.17929292929293,241.0,45.64393939393939,0.20959595959595959,0.7466666666666668,0.22666666666666666,0.02666666666666667,0.0202020202020202,0.10858585858585858,0.10858585858585858,0.09343434343434344,0.0,0.22727272727272727,0.0202020202020202,0.0101010101010101,0.0,0.007575757575757575,0.002525252525252525,0.00505050505050505,0.239,0.3232323232323232,0.3688760806916426,0.6921084039239659,0.2964426877470356,22.727272727272727,9.343434343434344,217,241,38,0.1825726141078838,0.7368421052631579,0.23684210526315788,0.02631578947368421,0.024896265560165973,0.07053941908713693,0.08298755186721991,0.08713692946058091,0.0,0.22406639004149378,0.008298755186721992,0.004149377593360996,0.0,0.012448132780082987,0.012448132780082987,0.0,0.203,0.278,0.336,0.614,0.241,22.4,8.7
334,380,Javier Sanoja,MIA,142,316.4352159468438,341.99999999999994,81.80730897009967,0.24750830564784057,0.7638888888888888,0.19444444444444442,0.04166666666666666,0.008305647840531562,0.09136212624584718,0.09468438538205981,0.059800664451827246,0.0,0.07641196013289037,0.0033222591362126247,0.006644518272425249,0.0049833887043189366,0.021594684385382062,0.014950166112956811,0.006644518272425249,0.268,0.3121869782971619,0.3662477558348294,0.6784347341319914,0.2823529411764706,7.641196013289036,5.980066445182724,313,342,70,0.2222222222222222,0.6285714285714286,0.3142857142857143,0.05714285714285714,0.017543859649122806,0.11695906432748537,0.1111111111111111,0.05555555555555555,0.0,0.11988304093567251,0.005847953216374269,0.011695906432748537,0.011695906432748537,0.017543859649122806,0.014619883040935672,0.0029239766081871343,0.243,0.287,0.396,0.683,0.259,12.0,5.6
335,381,Edmundo Sosa,PHI,102,237.76027397260273,261.0,52.736301369863014,0.22602739726027396,0.728813559322034,0.20338983050847462,0.06779661016949153,0.023972602739726026,0.13013698630136986,0.10958904109589043,0.041095890410958916,0.0,0.2363013698630137,0.03767123287671232,0.006849315068493151,0.0034246575342465756,0.020547945205479454,0.006849315068493151,0.013698630136986302,0.248,0.3058419243986254,0.4022556390977443,0.7080975634963698,0.3072916666666667,23.63013698630137,4.109589041,243,261,56,0.2567049808429119,0.7678571428571429,0.21428571428571427,0.017857142857142856,0.0421455938697318,0.11494252873563218,0.14942528735632185,0.038314176245210725,0.0,0.21455938697318008,0.007662835249042145,0.007662835249042145,0.011494252873563218,0.0038314176245210726,0.0038314176245210726,0.0,0.276,0.307,0.469,0.777,0.315,21.5,3.8
336,382,Brooks Baldwin,CHW,108,302.0483516483516,328.0,67.76263736263736,0.2285714285714286,0.7872340425531915,0.20212765957446807,0.010638297872340425,0.02197802197802198,0.10549450548780487,0.10549450548780487,0.06593406593406594,0.0,0.22417582417582416,0.004395604395604395,0.002197802197802198,0.006593406593406593,0.02417582417682927,0.006593406593406593,0.017582417582417582,0.248,0.3008849557522124,0.3699284009546539,0.6708133567068664,0.3051948051948052,22.41758241758242,6.593406593406594,300,328,61,0.21951219512195122,0.7377049180327869,0.2459016393442623,0.01639344262295082,0.03353658536585366,0.0975609756097561,0.11585365853658537,0.06402439024390244,0.0,0.2621951219512195,0.003048780487804878,0.006097560975609756,0.012195121951219513,0.01524390243902439,0.0,0.01524390243902439,0.24,0.29,0.407,0.697,0.298,26.200000000000003,6.4
337,383,Victor Caratini,HOU,88,342.5070422535211,386.0,70.67605633802816,0.2077464788732394,0.8461538461538463,0.15384615384615385,0.0,0.024647887323943664,0.09154929577464788,0.11267605633802817,0.08450704225352113,0.007042253521126761,0.20422535211267606,0.017605633802816902,0.01056338028169014,0.0,0.0,0.0035211267605633804,-0.003521126761658031,0.234,0.3098591549295774,0.3492063492063492,0.6590655041359266,0.2736842105263158,20.422535211267608,8.450704225352112,344,386,77,0.23056994818652848,0.8181818181818182,0.18181818181818182,0.0,0.031088082901554404,0.09067357512953368,0.11917098445595854,0.05958549222797927,0.0,0.16839378238341968,0.03367875647668394,0.015544041450777202,0.0,0.0025906735751295338,0.0,0.0025906735751295338,0.259,0.324,0.404,0.728,0.282,16.8,6.0
339,385,Jurickson Profar,ATL,148,318.6235294117647,371.0,73.5764705882353,0.22016806722689078,0.7542372881355932,0.23728813559322037,0.00847457627118644,0.021848739495798318,0.1226890756302521,0.10924369747899162,0.11260504201680671,0.0033613445378151263,0.15966386554621848,0.01680672268907563,0.0067226890756302525,0.005042016806722689,0.011764705882352943,0.0033613445378151263,0.008403361344537815,0.256,0.3513513513513513,0.3913894324853229,0.7427407838366742,0.2899262899262899,15.966386554621849,11.260504201680671,318,371,64,0.21024258760107817,0.734375,0.25,0.015625,0.03773584905660377,0.1509433962264151,0.11590296495956873,0.1293800539083558,0.0,0.15902964959568733,0.013477088948787063,0.0,0.0,0.02425876010781671,0.005390835579514825,0.018867924528301886,0.245,0.353,0.434,0.787,0.261,15.9,12.9
340,386,Keibert Ruiz,WSN,123,249.4558521560575,267.0,53.18069815179876,0.22997946611909648,0.7628865979403242,0.2371134020625332,0.0,0.030800821355805245,0.09650924024640657,0.11704312114989732,0.04928131416837782,0.0,0.10882956878850102,0.01026694045174538,0.006160164271047227,0.0,0.006160164271047227,0.002053388090349076,0.004106776180698152,0.246,0.2895277207392197,0.3956043956043956,0.6851321163436153,0.2487179487179487,10.882956878850102,4.9281314168377826,255,267,61,0.23595505617977527,0.8032786885245902,0.19672131147540983,0.0,0.00749063670411985,0.07116104868913857,0.09363295880149813,0.0299625468164794,0.0,0.09737827715355805,0.011235955056179775,0.003745318352059925,0.0,0.0,0.00749063670411985,-0.00749063670411985,0.247,0.277,0.318,0.595,0.268,9.7,3.0
347,393,Jacob Young,WSN,138,326.8029197080292,364.0,78.37956204379562,0.22080291970802918,0.8050847457627118,0.16949152542372883,0.025423728813559324,0.005474452554744525,0.13138686131386862,0.08211678832116787,0.06204379562043796,0.0,0.18248175182481752,0.020072992700729927,0.0036496350364963507,0.016423357664233577,0.05474452554744526,0.012773722626373628,0.04197080291970803,0.246,0.3079777365491651,0.3170731707317073,0.6250509072808724,0.3017902813299232,18.248175182481752,6.204379562043796,324,364,73,0.20604395604395603,0.8493150684931506,0.136986301369863,0.0136986301369863,0.005494505494505495,0.09340659340659341,0.08516483516483517,0.07417582417582418,0.0,0.17857142857142858,0.008241758241758242,0.0027472527472527475,0.024725274725274724,0.04120879120879121,0.03021978021978022,0.01098901098901099,0.231,0.296,0.287,0.583,0.283,17.9,7.400000000000001
352,400,Caleb Durbin,MIL,95,443.2116788321168,506.0,96.02919708047202,0.20681265206812652,0.7179487179531994,0.25641025640977566,0.025641025640977567,0.017031630169960475,0.12652068126520682,0.11435523114355231,0.08272506082725062,0.0024330900243309003,0.11435523114355231,0.02919708029197081,0.004866180048661801,0.0072992700729927005,0.048661800486618,0.009732360097323601,0.038929440389294405,0.236,0.321078431372549,0.3611111111111111,0.6821895424836601,0.2532467532467532,11.435523114355233,8.272506083,445,506,103,0.22529644268774704,0.7572815533980582,0.24271844660194175,0.0,0.021739130434782608,0.11857707509881422,0.10474308300395258,0.05928853754940711,0.0,0.09881422924901186,0.04743083003952569,0.007905138339920948,0.005928853754940711,0.03557312252964427,0.011857707509881422,0.023715415019762844,0.256,0.334,0.387,0.721,0.265,9.9,5.9
354,402,Ryan O'Hearn,BAL,128,493.7459584295612,544.0,111.81524249422634,0.2424942263279446,0.786516853948075,0.19101123595505617,0.022471910116634995,0.03695150115473441,0.12702078521939952,0.13856812933823529,0.07852193995381063,0.004618937645220588,0.18475750577367206,0.006928406466911764,0.006928406466911764,0.0,0.006928406466911764,0.0023094688216911763,0.004618937645220588,0.267,0.3279445727482679,0.4427480916030534,0.7706926643513213,0.2966666666666667,18.475750577367204,7.852193995381063,474,544,116,0.24448529411764705,0.8103448275862069,0.1810344827586207,0.008620689655172414,0.03125,0.12316176470588236,0.11580882352941177,0.10661764705882353,0.007352941176470588,0.20036764705882354,0.014705882352941176,0.007352941176470588,0.0,0.0055147058823529415,0.001838235294117647,0.003676470588235294,0.281,0.366,0.437,0.803,0.33,20.0,10.7
355,403,Isaac Collins,MIL,113,384.2468354,441.0,78.15189873848101,0.1962025316553288,0.7142857142463788,0.2380952380821263,0.047619047616425256,0.018987341772151896,0.12236286919831223,0.10970464135021098,0.10548523206751055,0.002109704641723356,0.23839662447257384,0.014767932489451477,0.004219409282700422,0.004219409282700422,0.03375527426160337,0.010548523206751054,0.023206751054852322,0.225,0.3177966101694915,0.3583535108958838,0.6761501210653753,0.2866894197952218,23.839662447257385,10.548523206751057,372,441,89,0.2222222222222222,0.7191011235955056,0.24719101123595505,0.033707865168539325,0.02040816326530612,0.12698412698412698,0.12244897959183673,0.1292517006802721,0.0,0.2108843537414966,0.013605442176870748,0.006802721088435374,0.006802721088435374,0.036281179138321996,0.015873015873015872,0.02040816326530612,0.263,0.368,0.411,0.779,0.326,21.1,12.9
358,406,Myles Straw,TOR,131,269.09999999999997,299.0,61.594,0.21,0.7766990291262136,0.18446601941747573,0.038834951456310676,0.004,0.11399999999999999,0.06999999999999999,0.082,0.002,0.194,0.002,0.008,0.008,0.042,0.006,0.036,0.233,0.2963709677419355,0.3066666666666666,0.6030376344086021,0.2901408450704225,19.4,8.200000000000001,267,299,66,0.23411371237458195,0.7727272727272727,0.21212121212121213,0.015151515151515152,0.013377926421404682,0.1705685618729097,0.10702341137123746,0.06354515050167224,0.0,0.16722408026755853,0.0033444816053511705,0.0033444816053511705,0.03678929765886288,0.04013377926421405,0.0033444816053511705,0.03678929765886288,0.262,0.313,0.367,0.68,0.308,16.7,6.4
359,407,Paul DeJong,WSN,125,190.07709750566897,208.0,32.07256235827664,0.19501133786848074,0.7500000000000001,0.25000000001343325,0.0,0.04081632653061225,0.10657596371882086,0.11564625850340136,0.061224489795918366,0.0,0.30612244897959184,0.015873015873015872,0.0090702947845805,0.0,0.00453514739229025,0.00453514739229025,0.0,0.213,0.272108844,0.3895781637717121,0.6616870073091272,0.2677165354330709,30.612244897959183,6.122448979591836,193,208,38,0.21153846153846154,0.7368421052631579,0.2631578947368421,0.0,0.028846153846153848,0.08653846153846154,0.11057692307692307,0.052884615384615384,0.0,0.33653846153846156,0.004807692307692308,0.014423076923076924,0.0,0.019230769230769232,0.0,0.019230769230769232,0.228,0.269,0.373,0.642,0.317,33.7,5.3
360,408,Liam Hicks,MIA,103,335.70765661252904,390.0,79.62877030162413,0.21345707656612528,0.7954545454545455,0.19318181818181818,0.011363636363636362,0.009280742459396753,0.09976798143851509,0.09280742459396751,0.09976798143851509,0.0,0.1577726218097448,0.027842227384615385,0.01160092807424594,0.0,0.0046403712296983765,0.002320185614849188,0.002320185614849188,0.248,0.3410672853828306,0.3315363881401617,0.6726036735229923,0.2894736842105263,15.777262180974477,9.976798143851507,332,390,76,0.21025641025641026,0.8157894736842105,0.17105263157894737,0.013157894736842105,0.015384615384615385,0.09487179487179487,0.11538461538461539,0.11025641025641025,0.0,0.14358974358974358,0.023076923076923078,0.007692307692307693,0.007692307692307693,0.005128205128205128,0.0,0.005128205128205128,0.247,0.346,0.346,0.693,0.278,14.400000000000002,11.0
361,410,Ramon Laureano,BAL,103,441.7025641025641,488.0,90.0923076923077,0.21794871794871795,0.7222222222222221,0.24999999999999997,0.027777777777777776,0.03333333333333333,0.12307692307692307,0.13076923076923078,0.06666666666666667,0.0,0.29743589743589743,0.02564102564102564,0.002564102564102564,0.0,0.023076923076923075,0.007692307692307692,0.015384615384615384,0.241,0.3102564102564102,0.4135977337110481,0.7238541439674584,0.32,29.743589743589745,6.666666666666667,441,488,100,0.2540983606557377,0.72,0.26,0.02,0.04918032786885246,0.14754098360655737,0.1557377049180328,0.07172131147540983,0.0020491803278688526,0.24385245901639344,0.01639344262295082,0.00819672131147541,0.0,0.014344262295081968,0.00819672131147541,0.006147540983606557,0.281,0.342,0.512,0.855,0.331,24.4,7.200000000000001
362,411,Orlando Arcia,ATL,137,195.4092664092664,214.0,38.833976833976834,0.21042471042471042,0.7765957446808511,0.22340425531914893,0.0,0.028957528957528955,0.1003861003861004,0.10810810810810811,0.07335907335907337,0.0019305019305019303,0.2084942084942085,0.003861003861003861,0.009652509652509652,0.0,0.003861003861003861,0.0,0.003861003861003861,0.23,0.2876447876447876,0.3699788583509514,0.657623646,0.2647887323943662,20.84942084942085,7.335907335907336,203,214,38,0.19158878504672897,0.7894736842105263,0.18421052631578946,0.02631578947368421,0.014018691588785047,0.06074766355140187,0.06074766355140187,0.04672897196261682,0.0,0.21962616822429906,0.0,0.004672897196261682,0.0,0.0,0.004672897196261682,-0.004672897196261682,0.202,0.238,0.291,0.529,0.247,22.0,4.7
363,412,Romy Gonzalez,BOS,91,314.95138888888886,341.0,71.04166666666666,0.23958333333333331,0.7333333333333333,0.2166666666666667,0.05,0.03125,0.12152777777777778,0.13888888888888887,0.059027777777777776,0.0,0.27777777777777773,0.006944444444444444,0.010416666666666666,0.0,0.041666666666666664,0.010416666666666666,0.03125,0.259,0.3055555555555556,0.4323308270676692,0.7378863826232247,0.3333333333333333,27.77777777777778,5.902777777777778,315,341,87,0.28152492668621704,0.7011494252873564,0.26436781609195403,0.034482758620689655,0.026392961876832845,0.1378299120234604,0.15542521994134897,0.05278592375366569,0.002932551319648094,0.2375366568914956,0.008797653958944282,0.01466275659824047,0.0,0.017595307917888565,0.01466275659824047,0.002932551319648094,0.305,0.343,0.483,0.826,0.378,23.8,5.3
366,415,Tyrone Taylor,NYM,115,313.24418604651163,341.0,62.450581395348834,0.2122093023255814,0.6825396825396826,0.28571428571428575,0.031746031746031744,0.02906976744186047,0.13372093023255813,0.1191860465116279,0.05523255813953487,0.0029069767441860465,0.23255813953488372,0.020348837209302324,0.005813953488372093,0.0,0.023255813953488372,0.0029069767441860465,0.020348837209302324,0.231,0.2877906976744186,0.3955696202531645,0.6833603179275831,0.2763157894736842,23.25581395348837,5.523255813953488,310,341,67,0.20234604105571846,0.6865671641791045,0.26865671641791045,0.04477611940298507,0.005865102639296188,0.09970674486803519,0.07917888563049853,0.0469208211143695,0.002932551319648094,0.22287390029325513,0.026392961876832845,0.005865102639296188,0.008797653958944282,0.03519061583577713,0.005865102639296188,0.02932551319648094,0.223,0.279,0.319,0.598,0.286,22.3,4.7
368,417,Masataka Yoshida,BOS,119,185.47619047619048,205.0,47.11180124192133,0.2567287784679089,0.765765765770881,0.22522522522672972,0.009009009009069188,0.02691511387317073,0.11387163561076605,0.13043478260869565,0.07246376811594203,0.004140786749482402,0.12422360248447206,0.016563146997929608,0.006211180124223603,0.0,0.006211180124223603,0.0,0.006211180124223603,0.284,0.3457556935817805,0.4347826086956521,0.7805383022774327,0.3024523160762943,12.422360248447204,7.246376811594203,188,205,46,0.24390243902439024,0.7608695652173914,0.2391304347826087,0.0,0.01951219512195122,0.07804878048780488,0.12682926829268293,0.04878048780487805,0.0,0.11707317073170732,0.014634146341463415,0.01951219512195122,0.0,0.014634146341463415,0.0,0.014634146341463415,0.266,0.307,0.388,0.696,0.28,11.7,4.9
370,420,Pedro Pages,STL,92,352.83943661971836,389.00000000000006,69.03380281690141,0.2,0.7936507935875463,0.1904761904761905,0.015873015873015872,0.02253521126760563,0.08450704225352113,0.11267605633802816,0.07323943661971831,0.0,0.2619718309859155,0.008450704225352114,0.008450704225352114,0.002816901408450704,0.005633802816901408,0.0,0.005633802816901408,0.22,0.2824858757062147,0.3385093167701863,0.620995192,0.28125,26.197183098591548,7.323943661971831,361,389,72,0.2133676092544987,0.7916666666666666,0.20833333333333334,0.0,0.028277634961439587,0.09768637532133675,0.11568123393316196,0.04884318766066838,0.002570694087403599,0.2750642673521851,0.007712082262210797,0.007712082262210797,0.007712082262210797,0.0,0.0,0.0,0.23,0.272,0.363,0.635,0.293,27.500000000000004,4.9
376,426,Miguel Vargas,CHW,124,494.6861598440546,569.0,99.82456140350877,0.2046783625730994,0.7222222222222223,0.2555555555555556,0.022222222222222223,0.029239766081871347,0.13645224171539963,0.10526315789473684,0.1091617933723197,0.0,0.20662768031189083,0.011695906432748537,0.009746588693957114,0.0,0.017543859649122806,0.007797270955165692,0.009746588693957114,0.235,0.3255360623781676,0.3968609865470852,0.7223970489252528,0.2727272727272727,20.66276803118908,10.916179337231968,504,569,102,0.20738137082601055,0.6666666666666666,0.3137254901960784,0.0196078431372549,0.028119507908611598,0.140597539543058,0.1054481546572935,0.0984182776801406,0.0,0.1757469244288225,0.01054481546572935,0.005272407732864675,0.0,0.01054481546572935,0.0,0.01054481546572935,0.234,0.316,0.401,0.717,0.261,17.6,9.8
377,427,Abraham Toro,BOS,107,257.6780487804878,284.0,57.492682926829254,0.22439024390243897,0.7108433734939761,0.2650602409638555,0.02409638554216868,0.02195121951219512,0.10487804878048779,0.1146341463414634,0.07317073170731707,0.0024390243902439024,0.17317073170731706,0.012195121951219511,0.004878048780487805,0.0024390243902439024,0.00975609756097561,0.004878048780487805,0.004878048780487805,0.247,0.3105134474327628,0.3897849462365591,0.7002983936693219,0.282312925,17.317073170731707,7.317073170731707,259,284,55,0.21830985915492956,0.7636363636363637,0.23636363636363636,0.0,0.02464788732394366,0.11619718309859155,0.09507042253521127,0.04929577464788732,0.0035211267605633804,0.14788732394366197,0.02112676056338028,0.017605633802816902,0.0,0.007042253521126761,0.0035211267605633804,0.0035211267605633804,0.239,0.289,0.371,0.659,0.256,14.800000000000002,4.9
378,428,Joey Bart,PIT,89,297.43848580441636,332.0,61.79179810725552,0.21766561514195581,0.7966101694915254,0.2033898305084746,0.0,0.031545741324921134,0.12302839116719243,0.11987381704819278,0.07886435331230283,0.0,0.27760252365930604,0.022082018927444793,0.0031545741324921135,0.0,0.0,0.0,0.0,0.243,0.3186119873817035,0.3908450704225352,0.7094570578042387,0.3155080213903743,27.760252365930597,7.886435331230284,285,332,67,0.21385542168674698,0.8059701492537313,0.1791044776119403,0.014925373134328358,0.012048192771084338,0.06325301204819277,0.09036144578313253,0.12048192771084337,0.0,0.28012048192771083,0.02108433734939759,0.0,0.0,0.0030120481927710845,0.0030120481927710845,0.0,0.249,0.355,0.34,0.696,0.356,28.000000000000004,12.0
381,432,Lenyn Sosa,CHW,125,511.6190476190476,544.0,111.17460317460316,0.23214285714285712,0.7864077669902914,0.20388349514563106,0.00970873786407767,0.027777777777777776,0.10119047619047616,0.11309523809523808,0.041666666666666664,0.001984126984126984,0.21825396825396823,0.005952380952380952,0.005952380952380952,0.005952380952380952,0.005952380952380952,0.003968253968253968,0.001984126984126984,0.247,0.281437126,0.3839662447257383,0.6654033704742414,0.291784702549575,21.825396825396822,4.166666666666666,518,544,115,0.25183823529411764,0.8173913043478261,0.17391304347826086,0.008695652173913044,0.04044117647058824,0.10477941176470588,0.13786764705882354,0.03308823529411765,0.0,0.23345588235294118,0.007352941176470588,0.0055147058823529415,0.001838235294117647,0.003676470588235294,0.001838235294117647,0.001838235294117647,0.264,0.293,0.434,0.727,0.309,23.3,3.3000000000000003
382,433,Daniel Schneemann,CLE,117,373.19727891156464,422.0,74.63945578231292,0.19727891156462585,0.717948717948718,0.25641025641025644,0.02564102564102564,0.02040816326530612,0.10657596372037915,0.10204081632653061,0.10430839002267576,0.0,0.272108843537415,0.002267573696145125,0.006802721088435375,0.002267573696145125,0.018140589569160998,0.006802721088435375,0.011337868480725623,0.223,0.3045454545454545,0.3538461538461538,0.6583916083916084,0.2954545454545454,27.21088435,10.430839002267572,379,422,66,0.1848341232227488,0.7121212121212122,0.2727272727272727,0.015151515151515152,0.02843601895734597,0.11374407582938388,0.0971563981042654,0.09004739336492891,0.002369668246445498,0.2772511848341232,0.0071090047393364926,0.002369668246445498,0.002369668246445498,0.02132701421800948,0.0071090047393364926,0.014218009478672985,0.206,0.283,0.354,0.636,0.263,27.699999999999996,9.0
387,439,Jo Adell,LAA,118,517.2212389380531,573.0,90.00663716814158,0.20575221238938052,0.7042253521126762,0.26760563380281693,0.028169014084507046,0.048672566371681415,0.12831858407079647,0.1504424778761062,0.0752212389380531,0.0022123893805309734,0.2986725663716814,0.015486725663716814,0.006637168141592919,0.0,0.024336283185840708,0.01327433628318584,0.011061946902654869,0.228,0.2964601769911504,0.446078431372549,0.7425386083636996,0.2795275590551181,29.867256637168143,7.522123894,526,573,87,0.2164048865619546,0.7816091954022989,0.20689655172413793,0.011494252873563218,0.06457242582897033,0.1099476439790576,0.17102966841186737,0.05759162303664921,0.0,0.26352530541012215,0.017452006980802792,0.0017452006980802793,0.0,0.008726003490401396,0.0017452006980802793,0.006980802792321117,0.236,0.293,0.485,0.778,0.257,26.4,5.8
388,440,Jorge Soler,LAA,126,274.0194174757281,315.0,47.708737859514564,0.1980582524126984,0.7051282051956471,0.2948717948999979,0.0,0.04660194174757281,0.1320388349514563,0.13009708737864076,0.11456310679365078,0.001941747572815534,0.25825242717460317,0.009708737864077669,0.005825242718446602,0.0,0.001941747572815534,0.0,0.001941747572815534,0.228,0.3223300970873786,0.4397321428571428,0.7620622399445215,0.2653061224489796,25.82524272,11.45631067961165,279,315,48,0.19047619047619047,0.75,0.25,0.0,0.0380952380952381,0.09841269841269841,0.10793650793650794,0.08888888888888889,0.0,0.2984126984126984,0.012698412698412698,0.009523809523809525,0.0,0.0,0.0,0.0,0.215,0.293,0.387,0.68,0.273,29.799999999999997,8.9
396,448,Christian Vazquez,MIN,93,197.63914373088684,214.0,42.538226299694195,0.21406727828746178,0.7999999999999999,0.19999999999999998,0.0,0.01529051987767584,0.09174311926605505,0.09174311926605505,0.055045871559633024,0.0,0.20489296636085627,0.0030581039766355137,0.009174311926605505,0.009174311926605505,0.0061162079510703364,0.0030581039766355137,0.0030581039766355137,0.232,0.2746913580246913,0.3245033112582781,0.5991946692829695,0.278969957081545,20.489296636085623,5.5045871559633035,190,214,33,0.16822429906542055,0.7878787878787878,0.21212121212121213,0.0,0.014018691588785047,0.06542056074766354,0.06542056074766354,0.08411214953271028,0.0,0.16355140186915887,0.018691588785046728,0.009345794392523364,0.0,0.004672897196261682,0.004672897196261682,0.0,0.189,0.271,0.274,0.545,0.214,16.4,8.4
397,450,Miguel Andujar,ATH,99,319.2696078431373,341.0,78.56372548647059,0.25245098038123165,0.7659574468672944,0.22340425532974276,0.010638297872844893,0.022058823529411766,0.1053921568627451,0.10784313725490195,0.053921568627450976,0.0024509803921568627,0.13725490196078433,0.004901960784313725,0.004901960784313725,0.0,0.00980392156862745,0.004901960784313725,0.004901960784313725,0.27,0.3112745098039216,0.4005235602094241,0.7117980700133457,0.2946708463949843,13.725490196078432,5.392156862745098,321,341,92,0.2991202346041056,0.8043478260869565,0.18478260869565216,0.010869565217391304,0.02932551319648094,0.10557184750733138,0.12903225806451613,0.04985337243401759,0.002932551319648094,0.1436950146627566,0.002932551319648094,0.005865102639296188,0.0,0.002932551319648094,0.0,0.002932551319648094,0.318,0.352,0.47,0.822,0.348,14.400000000000002,5.0
398,452,Luke Keaschall,MIN,99,179.00221729490022,207.0,40.390243902195124,0.21951219512077294,0.7500000000045289,0.23863636363780466,0.011363636355141083,0.024390243902439025,0.14412416851441243,0.13303769401330376,0.0975609756097561,0.0022172948985507246,0.21951219512077294,0.031042128603104215,0.0066518847006651885,0.0,0.026607538802660754,0.008869179600886918,0.017738359201773836,0.254,0.3481152993348115,0.3974358974358974,0.7455511967707089,0.3109540636042402,21.951219512195124,9.756097561,182,207,51,0.26570048309178745,0.7254901960784313,0.27450980392156865,0.0,0.01932367149758454,0.12077294685990338,0.13526570048309178,0.09178743961352658,0.0,0.14009661835748793,0.024154589371980676,0.004830917874396135,0.0,0.06763285024154589,0.014492753623188406,0.05314009661835749,0.302,0.382,0.445,0.827,0.34,14.000000000000002,9.2
402,457,Michael Conforto,LAD,116,427.59183673469386,485.99999999999994,79.3469387755102,0.20408163265306123,0.736111111111111,0.25,0.013888888888888888,0.04081632653061225,0.11791383219954649,0.14965986394557823,0.09750566893424037,0.0045351473922902496,0.2448979591836735,0.015873015873015872,0.006802721088435374,0.0,0.0022675736961451248,0.0022675736961451248,0.0,0.232,0.3174603174603174,0.422680412,0.7401407298314515,0.2716981132075471,24.489795918367346,9.750566893424036,418,486,71,0.17078189300411523,0.7183098591549296,0.28169014084507044,0.0,0.024691358024691357,0.1111111111111111,0.07407407407407407,0.11522633744855967,0.0,0.24897119341563786,0.018518518518518517,0.006172839506172839,0.0,0.00205761316872428,0.0,0.00205761316872428,0.199,0.305,0.333,0.637,0.247,24.9,11.5
403,458,Rob Refsnyder,BOS,95,181.94498381877025,209.0,42.61165048543689,0.2297734627831715,0.7301587301587302,0.25396825396825395,0.015873015873015872,0.02588996763754045,0.11650485436893201,0.12621359223300968,0.1035598705501618,0.0032362459546925564,0.25242718446601936,0.019417475728155338,0.006472491909385113,0.0,0.009708737864077669,0.0032362459546925564,0.006472491909385113,0.264,0.3527508090614886,0.4200743494423792,0.7728251585038679,0.3405405405405405,25.24271844660194,10.355987055016184,182,209,40,0.23444976076555024,0.7,0.3,0.0,0.0430622009569378,0.13875598086124402,0.14354066985645933,0.11483253588516747,0.004784688995215311,0.2583732057416268,0.004784688995215311,0.009569377990430622,0.0,0.014354066985645933,0.0,0.014354066985645933,0.269,0.354,0.484,0.838,0.331,25.8,11.5
406,462,Kyle Stowers,MIA,118,408.3195652173913,457.0,78.48478260869567,0.2108695652173913,0.6962025316455694,0.27848101265822783,0.025316455696202528,0.03913043478260869,0.11304347826086956,0.13260869565217392,0.08260869565217391,0.0,0.3065217391304348,0.015217391304347827,0.008695652173913044,0.0,0.002173913043478261,0.002173913043478261,0.0,0.236,0.308695652173913,0.4306569343065693,0.7393525864804824,0.30859375,30.65217391304348,8.260869565,399,457,90,0.25164113785557984,0.7333333333333333,0.23333333333333334,0.03333333333333333,0.05470459518599562,0.13347921225382933,0.15973741794310722,0.1050328227571116,0.006564551422319475,0.2735229759299781,0.010940919037199124,0.0087527352297593,0.002188183807439825,0.010940919037199124,0.002188183807439825,0.0087527352297593,0.288,0.368,0.544,0.912,0.356,27.399999999999995,10.5
410,467,Mickey Moniak,LAA,115,432.32535885167465,461.0,83.81818181818181,0.22009569377990432,0.7236842105263159,0.2236842105263158,0.052631578947368425,0.03827751196172249,0.11244019138755981,0.1291866028708134,0.04784688995215312,0.0023923444976076554,0.291866028708134,0.009569377990430622,0.004784688995215311,0.0,0.01674641148325359,0.007177033492822965,0.009569377990430622,0.235,0.277511961722488,0.4209183673469387,0.6984303290694268,0.296875,29.18660287,4.784688995215311,434,461,93,0.25379609544468545,0.6989247311827957,0.21505376344086022,0.08602150537634409,0.052060737527114966,0.13449023861171366,0.1475054229934924,0.04772234273318872,0.0021691973969631237,0.2386117136659436,0.004338394793926247,0.006507592190889371,0.0,0.019522776572668113,0.006507592190889371,0.013015184381778741,0.27,0.306,0.518,0.824,0.307,23.9,4.8
416,475,Michael A. Taylor,CHW,112,293.8732394366197,325.0,56.76056338,0.2,0.8225806451653727,0.1612903225814456,0.01612903225814456,0.025352112676923076,0.11267605633802816,0.09014084507042254,0.07323943661971831,0.0,0.3183098591549296,0.005633802816901408,0.008450704225352112,0.008450704225352112,0.02816901408450704,0.005633802816901408,0.022535211267605635,0.221,0.28125,0.3426791277258567,0.6239291277258567,0.3069306930693069,31.83098591549296,7.323943661971831,295,325,50,0.18153846153846154,0.58,0.4,0.02,0.027692307692307693,0.10153846153846154,0.1076923076923077,0.07076923076923076,0.003076923076923077,0.3384615384615385,0.003076923076923077,0.006153846153846154,0.012307692307692308,0.024615384615384615,0.009230769230769232,0.015384615384615385,0.2,0.259,0.366,0.625,0.281,33.8,7.1
417,476,Andrew Vaughn,CHW,144,407.3165829145729,447.0,88.35175879396986,0.2328308207705193,0.7457627119076327,0.24576271186440676,0.008474576271186439,0.03517587939698493,0.09882747068676717,0.1273031825795645,0.06867671691792296,0.0,0.19765494137353434,0.01340033500837521,0.006700167504187605,0.0,0.0016750418760469012,0.0,0.0016750418760469012,0.256,0.3149078726968174,0.4283088235294117,0.7432166962262292,0.2885085574572127,19.765494137353436,6.867671691792294,406,447,89,0.23042505592841164,0.7528089887640449,0.24719101123595505,0.0,0.03131991051454139,0.07829977628635347,0.14541387024608501,0.06935123042505593,0.0,0.1789709172259508,0.006711409395973154,0.013422818791946308,0.0022371364653243847,0.0,0.0,0.0,0.254,0.307,0.411,0.719,0.28,17.9,6.9
418,478,Ryan Mountcastle,BAL,128,327.81558935361215,357.0,71.94296577946767,0.23574144486692014,0.7547169811320755,0.23584905660377362,0.009433962264150945,0.03422053231939163,0.11216730038022814,0.13117870722433458,0.06463878326996197,0.0019011406844106464,0.23764258555133078,0.003802281368821293,0.013307984790874524,0.0,0.0057034220532319385,0.0019011406844106464,0.003802281368821293,0.257,0.3041825095057034,0.4244306418219462,0.7286131513276496,0.3054755043227665,23.76425855513308,6.4638783269961975,332,357,76,0.23249299719887956,0.7631578947368421,0.23684210526315788,0.0,0.0196078431372549,0.09523809523809523,0.09803921568627451,0.04201680672268908,0.0,0.27450980392156865,0.011204481792717087,0.01680672268907563,0.0,0.008403361344537815,0.0,0.008403361344537815,0.25,0.286,0.367,0.653,0.326,27.500000000000004,4.2
422,483,Nolan Schanuel,LAA,140,483.1535836177474,564.0,109.72013651877133,0.2167235494880546,0.8070175438596492,0.18421052631578946,0.008771929825619012,0.02218430034129693,0.11604095563139932,0.10238907849829351,0.11604095563139932,0.0,0.16552901023890787,0.015358361774744027,0.008532423208191127,0.0034129692832764505,0.013651877133105802,0.0017064846418439717,0.011945392491467578,0.253,0.3493150684931507,0.3764940239043824,0.7258090923975331,0.2871536523929471,16.552901023890783,11.604095563139932,488,564,117,0.22872340425531915,0.7948717948717948,0.19658119658119658,0.008547008547008548,0.02127659574468085,0.11347517730496454,0.09397163120567376,0.10460992907801418,0.0070921985815602835,0.12588652482269502,0.01773049645390071,0.0070921985815602835,0.005319148936170213,0.008865248226950355,0.0017730496453900709,0.0070921985815602835,0.264,0.353,0.389,0.742,0.286,12.6,10.5
426,487,Kyle Higashioka,TEX,82,300.6290322580645,327.0,48.786290322580655,0.19354838709677422,0.7297297297297296,0.27027027027027023,0.0,0.04435483870967742,0.09677419354838711,0.1370967741935484,0.06451612903225806,0.0,0.2701612903225806,0.0,0.012096774193548388,0.004032258064516129,0.004032258064516129,0.0,0.004032258064516129,0.211,0.2591093117408907,0.3991228070175439,0.6582321187584346,0.2418300653594771,27.016129032258064,6.451612903225806,303,327,62,0.22324159021406728,0.7580645161290323,0.22580645161290322,0.016129032258064516,0.03363914373088685,0.10091743119266056,0.1437308868501529,0.06116207951070336,0.0,0.22018348623853212,0.0061162079510703364,0.0061162079510703364,0.0,0.009174311926605505,0.0030581039755351682,0.0061162079510703364,0.241,0.291,0.403,0.693,0.279,22.0,6.1
429,491,Dominic Canzone,SEA,107,245.33333333333331,268.0,49.33333333333333,0.22139303482587064,0.7567567567567567,0.22972972972972971,0.013513513513513514,0.03731343283582089,0.12189054726368158,0.12686567164179105,0.07213930348258706,0.0024875621890547263,0.23134328358208955,0.004975124378109453,0.007462686567164179,0.0,0.009950248756218905,0.0024875621890547263,0.007462686567164179,0.242,0.2985074626865671,0.4157608695652174,0.7142683322517845,0.2813688212927757,23.13432835820895,7.213930348258707,243,268,62,0.27238805970149255,0.8225806451612904,0.1774193548387097,0.0,0.041044776119402986,0.11194029850746269,0.11940298507462686,0.07462686567164178,0.0,0.22014925373134328,0.011194029850746268,0.007462686567164179,0.0,0.011194029850746268,0.0037313432835820895,0.007462686567164179,0.3,0.358,0.481,0.84,0.354,22.0,7.5
433,495,Austin Hays,CIN,121,381.6428571428572,416.0,85.42857142857143,0.23883928571428573,0.6847826086956521,0.30434782608695654,0.010869565217391304,0.033482142857142856,0.12946428571428573,0.12053571428571429,0.060267857142857144,0.002232142857142857,0.2477678571428571,0.013392857142857142,0.006696428571428571,0.002232142857142857,0.006696428571428571,0.004464285714285714,0.002232142857142857,0.26,0.3131991051454139,0.4428223844282238,0.7560214895736377,0.3194444444444444,24.776785714285715,6.026785714285714,380,416,86,0.24278846153846154,0.7558139534883721,0.18604651162790697,0.05813953488372093,0.036057692307692304,0.14423076923076922,0.15384615384615385,0.06971153846153846,0.004807692307692308,0.25721153846153844,0.002403846153846154,0.014423076923076924,0.0,0.016826923076923076,0.0,0.016826923076923076,0.266,0.315,0.453,0.768,0.326,25.7,7.000000000000001
434,496,Carlos Narvaez,BOS,96,389.1122448979592,446.0,75.091836734,0.1887755102017937,0.7575757575827579,0.24242424242648253,0.0,0.02040816326457399,0.1020408163265306,0.1020408163265306,0.10459183673469388,0.002551020408163265,0.29591836734693877,0.015306122448979593,0.007653061224489797,0.0,0.01020408163265306,0.002551020408163265,0.007653061224489797,0.216,0.3086734693877551,0.3333333333333333,0.6420068027210883,0.2986425339366516,29.59183673469388,10.459183673469388,403,446,82,0.21748878923766815,0.6707317073170732,0.32926829268292684,0.0,0.033632286995515695,0.11434977578475336,0.11210762331838565,0.08520179372197309,0.0,0.24887892376681614,0.002242152466367713,0.004484304932735426,0.004484304932735426,0.002242152466367713,0.002242152466367713,0.0,0.241,0.306,0.419,0.726,0.294,24.9,8.5
435,497,Dane Myers,MIA,102,301.86233766233767,333.0,68.32987012987013,0.2311688311688312,0.7848101265822784,0.18987341772151897,0.02531645569620253,0.02597402597402597,0.12987012987012989,0.1272727272727273,0.06753246753246753,0.0,0.2753246753246753,0.01818181818181818,0.007792207792207792,0.0,0.02597402597402597,0.005194805194805195,0.02077922077922078,0.255,0.3168831168831169,0.3954154727793696,0.7122985896624865,0.3347457627118644,27.532467532467532,6.753246753246753,307,333,66,0.21621621621621623,0.8484848484848485,0.15151515151515152,0.0,0.018018018018018018,0.08708708708708708,0.09309309309309309,0.06906906906906907,0.0,0.23123123123123124,0.006006006006006006,0.003003003003003003,0.0,0.05405405405405406,0.015015015015015015,0.03903903903903904,0.235,0.291,0.326,0.617,0.293,23.1,6.9
449,516,LaMonte Wade Jr.,SFG,116,202.7409200968523,242.0,41.60290556900726,0.19854721549636806,0.7887323943661971,0.19718309859154928,0.014084507031079038,0.026634382566585957,0.12106537530266344,0.09685230024213075,0.13801452784503632,0.007263922518159807,0.21549636805785122,0.012106537530266344,0.007263922518159807,0.004842615012106538,0.004842615012106538,0.0024213075041322318,0.0024213075041322318,0.237,0.3503649635036496,0.3786127167630058,0.7289776802666554,0.285140562,21.54963680387409,13.801452784503631,209,242,33,0.1446280991735537,0.696969696969697,0.24242424242424243,0.06060606060606061,0.008264462809917356,0.07851239669421488,0.0743801652892562,0.1115702479338843,0.004132231404958678,0.2396694214876033,0.012396694214876033,0.004132231404958678,0.008264462809917356,0.004132231404958678,0.0,0.004132231404958678,0.167,0.271,0.254,0.524,0.22,24.0,11.2
450,517,Carlos Santana,CLE,124,411.92857142857144,474.0,75.23809523809523,0.19047619047619047,0.7500000000000001,0.25000000000000006,0.0,0.031746031746031744,0.10317460317460317,0.11309523809523808,0.11904761904761905,0.003968253968253968,0.17857142857142858,0.005952380952380952,0.005952380952380952,0.0,0.005952380952380952,0.0,0.005952380952380952,0.219,0.3154761904761904,0.3744292237442922,0.6899054142204827,0.2388059701492537,17.857142857142858,11.904761904761903,415,474,80,0.19198312236286919,0.8625,0.1375,0.0,0.023206751054852322,0.10337552742616034,0.11392405063291139,0.10970464135021098,0.002109704641350211,0.19198312236286919,0.006329113924050633,0.008438818565400843,0.0,0.014767932489451477,0.0,0.014767932489451477,0.219,0.308,0.325,0.633,0.252,19.2,11.0
452,519,Mauricio Dubon,HOU,127,371.8540145985402,398.0,91.02676399026763,0.2457420924574209,0.7765957446808512,0.21276595744680854,0.010638297872340429,0.0170316301703163,0.12165450121654502,0.10462287104622871,0.043795620437956206,0.0,0.1362530413625304,0.007299270072992701,0.009732360097323603,0.0048661800486618015,0.009732360097323603,0.0048661800486618015,0.0048661800486618015,0.263,0.2982885085574572,0.375,0.6732885085574571,0.2892307692307692,13.62530413625304,4.379562044,369,398,82,0.2236180904522613,0.7439024390243902,0.25609756097560976,0.0,0.017587939698492462,0.10804020100502512,0.0829145728643216,0.06030150753768844,0.0,0.10552763819095477,0.002512562814070352,0.002512562814070352,0.007537688442211055,0.007537688442211055,0.0,0.007537688442211055,0.241,0.289,0.355,0.644,0.255,10.6,6.0
463,531,Javier Baez,DET,110,407.6643518518519,437.00000000000006,82.9490740751852,0.21527777778032034,0.7682926829165379,0.20731707316795464,0.024390243902112314,0.025462962962962965,0.1111111111111111,0.11574074074074074,0.0462962962962963,0.0023148148148148147,0.25231481481481477,0.013888888888888888,0.006944444444444444,0.0,0.02314814814814815,0.0023148148148148147,0.020833333333333332,0.231,0.2754629629629629,0.3647642679900744,0.6402272309530375,0.2867132867132867,25.23148148148148,4.62962963,417,437,95,0.2448512585812357,0.7894736842105263,0.17894736842105263,0.031578947368421054,0.02745995423340961,0.12585812356979406,0.13043478260869565,0.02288329519450801,0.0,0.2494279176201373,0.013729977116704805,0.006864988558352402,0.0,0.011441647597254004,0.002288329519450801,0.009153318077803204,0.257,0.282,0.398,0.68,0.318,24.9,2.3
468,537,Taylor Walls,TBR,108,276.4032697547684,317.0,51.82561307901907,0.17983651226158037,0.7333333333333333,0.23333333333333334,0.03333333333333333,0.01634877384196185,0.1226158038147139,0.08446866485013624,0.11716621253405995,0.0,0.24795640326975477,0.0027247956403269754,0.005449591280653951,0.0027247956403269754,0.04632152588555859,0.010899182561307902,0.035422343324250684,0.206,0.3005464480874317,0.31875,0.6192964480874317,0.2666666666666666,24.795640326975477,11.716621253405997,282,317,58,0.19558359621451105,0.7413793103448276,0.2413793103448276,0.017241379310344827,0.012618296529968454,0.11356466876971609,0.11987381703470032,0.08201892744479496,0.0,0.22082018927444794,0.0,0.01892744479495268,0.00946372239747634,0.04416403785488959,0.01892744479495268,0.025236593059936908,0.22,0.28,0.319,0.599,0.271,22.1,8.2
469,538,Josh Bell,WSN,140,472.4318181818182,533.0,99.70454545454544,0.222027972027972,0.7757009345703215,0.2149532710280374,0.009345794392523366,0.03496503496503497,0.10664335664335664,0.11713286713286714,0.09965034965034965,0.0034965034965034965,0.1958041958041958,0.006993006993006993,0.006993006993006993,0.0,0.0,0.0017482517482517483,-0.0017482517485928706,0.25,0.3286713286713286,0.4181459566074951,0.7468172852788237,0.2823218997361477,19.58041958041958,9.965034965034963,468,533,89,0.20825515947467166,0.8089887640449438,0.1797752808988764,0.011235955056179775,0.04127579737335835,0.10131332082551595,0.11819887429643527,0.10694183864915573,0.001876172607879925,0.1651031894934334,0.009380863039399626,0.005628517823639775,0.0,0.0,0.005628517823639775,-0.005628517823639775,0.237,0.325,0.417,0.741,0.247,16.5,10.7
470,539,Nick Fortes,MIA,102,219.53892215568865,242.00000000000003,45.6467065872515,0.2095808383233533,0.7936507936434017,0.20634920634728443,0.0,0.02095808383057851,0.10179640718562873,0.09880239520958083,0.05389221556886228,0.0,0.1467065868263473,0.01796407185628742,0.00898203592814371,0.011976047904191616,0.005988023952095807,0.002994011976047904,0.002994011976047904,0.231,0.2848484848484848,0.3432343234323432,0.6280828082808281,0.252,14.67065868263473,5.389221556886228,218,242,45,0.2066115702479339,0.7777777777777778,0.2,0.022222222222222223,0.02066115702479339,0.07851239669421488,0.08677685950413223,0.05785123966942149,0.0,0.19421487603305784,0.028925619834710745,0.004132231404958678,0.008264462809917356,0.004132231404958678,0.0,0.004132231404958678,0.229,0.296,0.349,0.644,0.269,19.4,5.8
471,540,Giancarlo Stanton,NYY,107,251.62272727272727,281.0,41.51136363636364,0.20454545454545456,0.7538461538461538,0.2461538461538462,0.0,0.05681818181818182,0.10227272727272728,0.15681818181818183,0.09545454545454544,0.004545454545454545,0.2977272727272728,0.004545454545454545,0.004545454545454545,0.0,0.0,0.0,0.0,0.228,0.3045454545454545,0.4593908629441624,0.763936317,0.2708333333333333,29.772727272727273,9.545454545454549,249,281,44,0.24199288256227758,0.8181818181818182,0.18181818181818182,0.0,0.08540925266903915,0.12811387900355872,0.23487544483985764,0.10320284697508897,0.010676156583629894,0.3416370106761566,0.0035587188612099642,0.0035587188612099642,0.0,0.0,0.0,0.0,0.273,0.35,0.594,0.944,0.338,34.2,10.3
476,545,Brady House,WSN,126,256.4887218045113,274.0,52.01879699248119,0.21804511278195485,0.7722772277227724,0.20792079207920797,0.019801980198019806,0.028195488721804513,0.11466165413533833,0.12218045112781956,0.045112781954887216,0.0,0.28007518795620434,0.015037593984962405,0.0037593984962406013,0.0,0.007518796992481203,0.0037593984962406013,0.0037593984962406013,0.233,0.2781954887218045,0.3734939759036144,0.651689465,0.3005952380952381,28.00751879699248,4.511278195488721,261,274,57,0.22262773722627738,0.8070175438596491,0.19298245614035087,0.0,0.014598540145985401,0.0948905109489051,0.10583941605839416,0.029197080291970802,0.0,0.2846715328467153,0.0,0.01824817518248175,0.0,0.01824817518248175,0.010948905109489052,0.0072992700729927005,0.234,0.252,0.322,0.574,0.31,28.499999999999996,2.9
480,549,Colson Montgomery,CHW,119,248.97153700189756,284.0,44.728652751423155,0.17836812144212527,0.7469879518072289,0.21686746987951808,0.03614457831325301,0.020872865275142316,0.10056925996204934,0.10815939278937382,0.09297912713472486,0.003795066413662239,0.2903225806451613,0.026565464895635674,0.003795066413662239,0.0,0.007590132827324478,0.003795066413662239,0.003795066413662239,0.203,0.2979127134724857,0.3268398268398268,0.6247525403123126,0.2766666666666666,29.03225806451613,9.297912713472485,255,284,40,0.2147887323943662,0.75,0.225,0.025,0.07394366197183098,0.15140845070422534,0.1936619718309859,0.0880281690140845,0.0035211267605633804,0.29225352112676056,0.007042253521126761,0.0035211267605633804,0.0,0.0,0.0,0.0,0.239,0.311,0.529,0.84,0.263,29.2,8.8
482,551,Hunter Goodman,COL,116,532.4282608695652,579.0,100.69565217391302,0.2195652173913043,0.6500000000000002,0.3250000000000001,0.025000000000000005,0.045652173913043485,0.11956521739130435,0.15869565217391304,0.058695652173913045,0.0,0.26956521739130435,0.013043478260869565,0.008695652173913044,0.0,0.004347826086956522,0.002173913043478261,0.002173913043478261,0.239,0.2913043478260869,0.458628842,0.749933189,0.2836879432624113,26.956521739130434,5.869565217391305,540,579,119,0.25906735751295334,0.7226890756302521,0.23529411764705882,0.04201680672268908,0.0535405872193437,0.12607944732297063,0.15716753022452504,0.05699481865284974,0.0,0.26252158894645944,0.0069084628670120895,0.0034542314335060447,0.0,0.0017271157167530224,0.0034542314335060447,-0.0017271157167530224,0.278,0.323,0.52,0.843,0.331,26.3,5.7
484,554,Zach McKinstry,DET,120,460.95360824742266,511.0,98.77577319587628,0.211340206185567,0.72,0.21333333333333335,0.06666666666666667,0.018041237113402064,0.11597938144329896,0.08247422680412371,0.07989690721649484,0.0,0.211340206185567,0.010309278350515464,0.005154639175257732,0.002577319587628866,0.03350515463917526,0.005154639175257732,0.02835051546391753,0.234,0.3023255813953488,0.3685714285714285,0.6708970099667774,0.2851711026615969,21.13402062,7.989690721649484,452,511,105,0.22896281800391388,0.6761904761904762,0.21904761904761905,0.10476190476190476,0.023483365949119372,0.13307240704500978,0.0958904109589041,0.09001956947162426,0.0019569471624266144,0.2172211350293542,0.0136986301369863,0.009784735812133072,0.0019569471624266144,0.03718199608610567,0.009784735812133072,0.0273972602739726,0.259,0.333,0.438,0.771,0.314,21.7,9.0
491,562,Kody Clemens,PHI,110,356.0194174757282,386.0,66.51941747572815,0.2111650485436893,0.7042253521126761,0.23943661971830985,0.05633802816901409,0.03883495145631068,0.12864077669902912,0.14563106796116507,0.06310679611650485,0.0,0.24514563106796114,0.007281553398058252,0.007281553398058252,0.0,0.00970873786407767,0.0024271844660194177,0.007281553398058252,0.229,0.2815533980582524,0.4210526315789473,0.7026060296371998,0.2669172932330827,24.51456310679612,6.310679611650485,348,386,55,0.19170984455958548,0.7090909090909091,0.21818181818181817,0.07272727272727272,0.04922279792746114,0.11917098445595854,0.13471502590673576,0.07512953367875648,0.0025906735751295338,0.24093264248704663,0.012953367875647668,0.0051813471502590676,0.0051813471502590676,0.012953367875647668,0.0025906735751295338,0.010362694300518135,0.213,0.281,0.434,0.715,0.231,24.1,7.5
493,564,Santiago Espinal,CIN,120,298.8062827225131,328.0,72.12565445026178,0.2356020942408377,0.8095238095238095,0.1904761904761905,0.0,0.015706806282722516,0.0968586387434555,0.10209424082317073,0.07068062827225131,0.002617801047120419,0.14136125654450263,0.005235602094240838,0.005235602094240838,0.007853403141361258,0.020942408376963352,0.005235602094240838,0.015706806282722516,0.259,0.3139841688654353,0.3563218390804598,0.6703060079458951,0.2896551724137931,14.136125654450264,7.068062827225131,301,328,73,0.2225609756097561,0.8356164383561644,0.1643835616438356,0.0,0.0,0.07621951219512195,0.04878048780487805,0.06402439024390244,0.0,0.11585365853658537,0.003048780487804878,0.006097560975609756,0.009146341463414634,0.006097560975609756,0.003048780487804878,0.003048780487804878,0.243,0.292,0.282,0.575,0.275,11.6,6.4
494,565,Isiah Kiner-Falefa,PIT,128,425.3207547169811,459.0,106.81132075471697,0.2431865828092243,0.8198198198198198,0.16216216216216217,0.018018018018018018,0.010482180293501047,0.10691823899371068,0.0880503144654088,0.04821802935010482,0.0020964360587002098,0.1509433962264151,0.014675052410901468,0.006289308176100629,0.0041928721174004195,0.02515723270440252,0.006289308176100629,0.018867924528301886,0.262,0.3073684210526315,0.3461538461538461,0.6535222672064778,0.3016304347826087,15.09433962264151,4.821802935010482,431,459,111,0.24618736383442266,0.7927927927927928,0.1891891891891892,0.018018018018018018,0.004357298474945534,0.09803921568627451,0.08714596949891068,0.037037037037037035,0.0,0.16775599128540306,0.010893246187363835,0.002178649237472767,0.010893246187363835,0.032679738562091505,0.008714596949891068,0.023965141612200435,0.262,0.297,0.334,0.631,0.314,16.8,3.7000000000000006
502,574,Starling Marte,NYM,91,298.2933333333333,329.0,72.81866666666666,0.24,0.7951807228915664,0.1807228915662651,0.024096385542168676,0.018666666666666665,0.12799999999999997,0.10933333333333334,0.06399999999999999,0.0026666666666666666,0.21333333333333335,0.021333333333333333,0.0026666666666666666,0.005333333333333333,0.04533333333333332,0.007999999999999998,0.03733333333333333,0.265,0.3270777479892761,0.3823529411764705,0.7094306891657467,0.326771653543307,21.333333333333336,6.4,293,329,70,0.24012158054711247,0.8,0.2,0.0,0.02735562310030395,0.11246200607902736,0.1033434650455927,0.0668693009118541,0.0,0.2066869300911854,0.02735562310030395,0.0121580547112462,0.00303951367781155,0.02127659574468085,0.0060790273556231,0.015197568389057751,0.27,0.335,0.41,0.745,0.318,20.7,6.7
505,579,Rhys Hoskins,MIL,124,286.1960784313726,328.0,48.87843137254902,0.19411764705882353,0.6973684210526316,0.2894736842105264,0.013157894736842106,0.04509803921568628,0.11568627450980393,0.13725490196078433,0.10784313725490197,0.00196078431372549,0.2784313725490196,0.011764705882352943,0.00784313725490196,0.0,0.00392156862745098,0.00196078431372549,0.00196078431372549,0.222,0.3137254901960784,0.4314606741573034,0.7451861643533818,0.2676056338028169,27.84313725490196,10.784313725490197,279,328,54,0.20121951219512196,0.7592592592592593,0.2222222222222222,0.018518518518518517,0.036585365853658534,0.09146341463414634,0.13109756097560976,0.11585365853658537,0.006097560975609756,0.2774390243902439,0.01524390243902439,0.018292682926829267,0.0,0.006097560975609756,0.003048780487804878,0.003048780487804878,0.237,0.332,0.416,0.748,0.297,27.699999999999996,11.6
515,590,Ty France,MIN,136,434.0,490.0,99.75,0.23035714285714284,0.7719298245614035,0.22807017543859648,0.0,0.026785714285714284,0.10892857142857143,0.1125,0.06964285714285715,0.0017857142857142857,0.18571428571428572,0.0375,0.007142857142857143,0.0,0.0017857142857142857,0.0,0.0017857142857142857,0.26,0.3375,0.4032258064516129,0.7407258064516129,0.2992125984251969,18.571428571428573,6.964285714285714,444,490,107,0.23265306122448978,0.7663551401869159,0.2336448598130841,0.0,0.014285714285714285,0.10204081632653061,0.10612244897959183,0.044897959183673466,0.0020408163265306124,0.16938775510204082,0.04285714285714286,0.006122448979591836,0.0,0.0020408163265306124,0.0,0.0020408163265306124,0.257,0.32,0.36,0.681,0.3,16.9,4.5
522,597,Blaze Alexander,ARI,104,238.68459657701712,266.0,49.427872860635695,0.20293398533007334,0.763157894736842,0.21052631578947373,0.026315789473684213,0.017114914425427872,0.1002444987775061,0.11491442542787286,0.07334963325183375,0.0,0.3251833740831296,0.022004889975550123,0.004889975550122249,0.0024449877750611247,0.012224938875305624,0.004889975550122249,0.007334963325183374,0.226,0.2990196078431372,0.3378746594005449,0.6368942672436821,0.3318777292576419,32.51833740831296,7.334963325183375,230,266,46,0.19924812030075187,0.717391304347826,0.2608695652173913,0.021739130434782608,0.02631578947368421,0.11654135338345864,0.10526315789473684,0.08270676691729323,0.0,0.3233082706766917,0.03759398496240601,0.0037593984962406013,0.011278195488721804,0.015037593984962405,0.022556390977443608,-0.007518796992481203,0.23,0.323,0.383,0.706,0.333,32.3,8.3
526,601,Otto Kemp,PHI,118,192.42942345924453,218.0,38.139165009940356,0.19284294234592445,0.7386363636363635,0.19318181819344246,0.06818181818181818,0.017892644135188866,0.12524850894632206,0.11928429423459244,0.07157057654075547,0.003976143141153081,0.26043737574552683,0.03777335984095427,0.007952286282306164,0.0,0.019880715705765408,0.011928429423459244,0.007952286282306164,0.218,0.3021868787276341,0.3445945945945945,0.6467814733222288,0.2857142857142857,26.043737574552683,7.157057654075547,197,218,38,0.21100917431192662,0.7105263157894737,0.2894736842105263,0.0,0.03669724770642202,0.11926605504587157,0.12844036697247707,0.05504587155963303,0.0,0.3073394495412844,0.03211009174311927,0.009174311926605505,0.0,0.009174311926605505,0.009174311926605505,0.0,0.234,0.298,0.411,0.709,0.306,30.7,5.5
535,611,Max Schuemann,ATH,117,182.96153846153845,213.0,37.32051282051282,0.19017094017094016,0.7926829268292683,0.18292682926829268,0.024390243902439025,0.014957264957264956,0.12393162393162392,0.09401709401709402,0.09829059829059826,0.0,0.2585470085470085,0.02564102564102564,0.008547008547008546,0.008547008547008546,0.03205128205128205,0.00641025641025641,0.02564102564102564,0.221,0.3168103448275862,0.3208955223880597,0.6377058672156459,0.2949640287769784,25.85470085470086,9.829059829,183,213,34,0.16901408450704225,0.8235294117647058,0.11764705882352941,0.058823529411764705,0.009389671361502348,0.09389671361502347,0.06103286384976526,0.10328638497652583,0.0,0.1643192488262911,0.018779342723004695,0.004694835680751174,0.014084507042253521,0.03286384976525822,0.004694835680751174,0.028169014084507043,0.197,0.295,0.273,0.568,0.231,16.4,10.3
539,615,Victor Scott II,STL,127,417.7443609022556,463.0,87.03007518796993,0.20112781954887218,0.7999999999999999,0.15,0.049999999999999996,0.013157894736842105,0.10902255639097745,0.08834586466165414,0.06203007518796993,0.0,0.19924812030075187,0.013157894736842105,0.009398496240601503,0.013157894736842105,0.06015037593984962,0.011278195488721804,0.04887218045112783,0.223,0.28,0.31875,0.59875,0.2688172043010752,19.924812030075188,6.203007518796992,398,463,81,0.1857451403887689,0.8024691358024691,0.18518518518518517,0.012345679012345678,0.01079913606911447,0.11663066954643629,0.07991360691144708,0.09071274298056156,0.0,0.23974082073434125,0.02159827213822894,0.0064794816414686825,0.02159827213822894,0.0734341252699784,0.008639308855291577,0.06479481641468683,0.216,0.305,0.296,0.601,0.284,24.0,9.1
547,623,Jose Iglesias,SDP,105,322.4713216957606,343.0,79.54862842892767,0.24438902743142144,0.7741935483870969,0.21505376344086027,0.010752688172043012,0.012468827930174564,0.10972568577259476,0.0972568578553616,0.04239401496259351,0.0,0.16458852867830423,0.012468827930174564,0.004987531172069825,0.0,0.007481296758104739,0.004987531172069825,0.0024937655860349127,0.26,0.2992518703241895,0.3580901856763925,0.657342056,0.3019480519480519,16.458852867830423,4.239401496259352,306,343,67,0.20408163265306123,0.835820895522388,0.16417910447761194,0.0,0.008746355685131196,0.08454810495626822,0.10495626822157435,0.06997084548104957,0.0,0.16326530612244897,0.02040816326530612,0.0058309037900874635,0.011661807580174927,0.014577259475218658,0.0029154518950437317,0.011661807580174927,0.229,0.298,0.294,0.592,0.269,16.3,7.000000000000001
553,630,Pavin Smith,ARI,120,253.0516853932584,288.0,54.364044943820225,0.21797752808988763,0.75,0.22619047619047614,0.023809523800843252,0.029213483146067414,0.12134831460674156,0.12808988764044943,0.1101123595505618,0.004494382020833333,0.20224719101123592,0.004494382020833333,0.0067415730337078645,0.0,0.004494382020833333,0.0022471910104166666,0.0022471910104166666,0.248,0.3325842696629214,0.4066496163682864,0.7392338860312078,0.2886597938144329,20.224719101123593,11.01123595505618,244,288,55,0.21875,0.6727272727272727,0.3090909090909091,0.01818181818181818,0.027777777777777776,0.125,0.09722222222222222,0.1423611111111111,0.003472222222222222,0.3194444444444444,0.0,0.006944444444444444,0.0,0.006944444444444444,0.006944444444444444,0.0,0.258,0.362,0.434,0.797,0.377,31.9,14.2
566,644,Wenceel Perez,DET,119,347.1181262729124,383.0,75.66395112016293,0.21588594704684316,0.7319587628865979,0.1958762886597938,0.07216494845360824,0.018329938900203666,0.12830957230142565,0.10183299389002036,0.07942973523421588,0.0,0.20570264765784113,0.006109979633401223,0.006109979633401223,0.0020366598772845954,0.02443991853360489,0.008146639511201629,0.016293279022403257,0.238,0.3020408163265306,0.3730337078651685,0.6750745241916991,0.2869822485207101,20.570264765784113,7.942973523421588,344,383,71,0.2193211488250653,0.704225352112676,0.23943661971830985,0.056338028169014086,0.033942558746736295,0.1227154046997389,0.1122715404699739,0.08093994778067885,0.0,0.22715404699738903,0.007832898172323759,0.013054830287206266,0.0,0.020887728459530026,0.007832898172323759,0.013054830287206266,0.244,0.308,0.43,0.738,0.285,22.7,8.1
567,645,Luis Torrens,NYM,83,258.3018181818182,283.0,51.45454545454545,0.2109090909090909,0.7599999999999999,0.24,0.0,0.02909090909090909,0.09818181818181818,0.12000000000000001,0.06909090909090908,0.0,0.26181818181818184,0.007272727272727273,0.010909090909090908,0.0,0.0036363636363636364,0.0036363636363636364,0.0,0.231,0.2872727272727273,0.3745019920318725,0.6617747193045997,0.2873563218390804,26.181818181818183,6.909090909090909,261,283,54,0.20848056537102475,0.7222222222222222,0.25925925925925924,0.018518518518518517,0.0176678445229682,0.0706713780918728,0.10247349823321555,0.06713780918727916,0.0,0.1978798586572438,0.007067137809187279,0.0,0.0035335689045936395,0.0035335689045936395,0.0,0.0035335689045936395,0.226,0.284,0.345,0.629,0.27,19.8,6.7
575,653,Jordan Walker,STL,143,360.3667232597623,396.0,75.30050933786077,0.22241086587436332,0.7321428571428572,0.2410714285714286,0.02678571428571428,0.03225806451612904,0.0967741935483871,0.1205432937181664,0.07130730050933785,0.0,0.23089983022071306,0.011884550084889645,0.006791171477079796,0.0,0.010186757215619693,0.005093378607809846,0.005093378607809846,0.244,0.3056027164685908,0.4123134328358209,0.7179161493044117,0.2909090909090909,23.089983022071305,7.130730050933787,363,396,72,0.19696969696969696,0.8055555555555556,0.18055555555555555,0.013888888888888888,0.015151515151515152,0.10101010101010101,0.10353535353535354,0.07323232323232323,0.0025252525252525255,0.3181818181818182,0.007575757575757576,0.0025252525252525255,0.0,0.025252525252525252,0.007575757575757576,0.017676767676767676,0.215,0.278,0.306,0.584,0.31,31.8,7.3
585,665,Trevor Larnach,MIN,111,496.125,567.0,100.29481132075473,0.20990566037735853,0.7333333333145208,0.2533333333333333,0.01333333333333333,0.0330188679245283,0.1297169811287478,0.1297169811287478,0.10613207547169812,0.0023584905660377358,0.27122641509433965,0.009433962264150943,0.009433962264150943,0.0,0.007075471698113209,0.0023584905660377358,0.0047169811320754715,0.24,0.3254716981132075,0.4097035040431266,0.7351752021563343,0.3048780487804878,27.122641509433965,10.61320754716981,503,567,109,0.2222222222222222,0.7706422018348624,0.22018348623853212,0.009174311926605505,0.029982363315696647,0.10934744268077601,0.10582010582010581,0.09347442680776014,0.003527336860670194,0.21516754850088182,0.007054673721340388,0.010582010582010581,0.0,0.007054673721340388,0.007054673721340388,0.0,0.25,0.323,0.404,0.727,0.295,21.5,9.3
597,679,Jakob Marsee,MIA,128,199.50266429840144,234.0,36.57548845470693,0.17229129662522202,0.7727272727272727,0.18181818181818182,0.045454545454545456,0.015985790408525755,0.13676731793960922,0.09236234458259328,0.11545293072824157,0.0,0.2380106571936057,0.019538188277087035,0.003552397868561279,0.008880994671403198,0.04618117229129664,0.008880994671403198,0.03730017761989343,0.202,0.3100358422939068,0.3083333333333333,0.6183691756272401,0.2595870206489675,23.80106571936057,11.545293072824157,209,234,56,0.2606837606837607,0.625,0.32142857142857145,0.05357142857142857,0.021367521367521368,0.11965811965811966,0.14102564102564102,0.09401709401709402,0.0,0.20512820512820512,0.008547008547008548,0.004273504273504274,0.0,0.05982905982905983,0.02564102564102564,0.03418803418803419,0.292,0.363,0.478,0.842,0.357,20.5,9.4
598,680,Jake Fraley,CIN,106,193.75,217.0,43.519230769230774,0.22527472527472528,0.7808219178082192,0.20547945205479448,0.0136986301369863,0.024725274725274724,0.10989010989010989,0.11263736263736264,0.09065934065934066,0.002747252747252747,0.1978021978021978,0.010989010989010988,0.005494505494505494,0.0,0.04395604395604395,0.010989010989010988,0.03296703296703297,0.252,0.3269230769230769,0.3876923076923076,0.7146153846153847,0.2967479674796748,19.78021978021978,9.065934065934066,191,217,40,0.2119815668202765,0.775,0.225,0.0,0.027649769585253458,0.14285714285714285,0.10599078341013825,0.1152073732718894,0.004608294930875576,0.22580645161290322,0.004608294930875576,0.0,0.0,0.018433179723502304,0.013824884792626729,0.004608294930875576,0.241,0.332,0.382,0.714,0.294,22.6,11.5
630,715,Will Benson,CIN,123,217.96009389671363,253.0,37.41549295774648,0.1807511737089202,0.6507936507936508,0.28571428571428575,0.06349206349206349,0.03286384976525821,0.13145539906103285,0.11737089201877936,0.12206572769953053,0.002347417840375587,0.3474178403755869,0.009389671361502348,0.004694835680751174,0.002347417840375587,0.03990610328063241,0.014084507042253521,0.025821596244131453,0.21,0.3129411764705882,0.3950953678474114,0.7080365443179997,0.3043478260869565,34.74178403755869,12.206572769953052,230,253,40,0.20553359683794467,0.75,0.2,0.05,0.04743083003952569,0.1225296442687747,0.16205533596837945,0.06324110671936758,0.003952569169960474,0.2648221343873518,0.003952569169960474,0.023715415019762844,0.0,0.007905138339920948,0.007905138339920948,0.0,0.226,0.273,0.435,0.708,0.255,26.5,6.3
632,717,Tim Tawa,ARI,128,206.5909090909091,225.0,40.5,0.20363636363636364,0.7575757575757576,0.2222222222222222,0.020202020202020204,0.023636363636363636,0.1,0.1090909090909091,0.0690909090909091,0.0,0.2545454545454546,0.007272727272727274,0.005454545454545455,0.0,0.01272727272727273,0.007272727272727274,0.005454545454545455,0.222,0.28,0.3504950495049505,0.6304950495049505,0.2788732394366197,25.454545454545453,6.909090909090909,199,225,33,0.17777777777777778,0.7575757575757576,0.24242424242424243,0.0,0.03111111111111111,0.1288888888888889,0.08,0.08888888888888889,0.0,0.28444444444444444,0.0044444444444444444,0.013333333333333334,0.008888888888888889,0.035555555555555556,0.008888888888888889,0.02666666666666667,0.201,0.274,0.347,0.62,0.252,28.4,8.9
646,731,Eric Wagaman,MIA,121,474.62525879917183,514.0,104.28985507246375,0.22774327122153204,0.7244897959183675,0.25510204081632654,0.020408163265306124,0.024844720496894405,0.11180124223602483,0.10973084886128365,0.06832298136645962,0.0,0.20289855072463767,0.004140786749482401,0.004140786749482401,0.0,0.010351966873706004,0.004140786749482401,0.006211180124223602,0.247,0.3002070393374741,0.3923766816143498,0.692583721,0.2899408284023668,20.28985507246377,6.832298136645963,476,514,110,0.23151750972762647,0.7181818181818181,0.2545454545454545,0.02727272727272727,0.017509727626459144,0.10894941634241245,0.10311284046692606,0.0622568093385214,0.0,0.19455252918287938,0.0019455252918287938,0.009727626459143969,0.0,0.007782101167315175,0.0019455252918287938,0.005836575875486381,0.25,0.296,0.378,0.674,0.296,19.5,6.2
665,751,Enrique Hernandez,LAD,110,231.64878048780488,256.0,44.956097560975614,0.2,0.736111111111111,0.24999999999999997,0.013888888891059025,0.024390243902439025,0.11463414634146342,0.11463414634146342,0.07560975609756097,0.0,0.20243902439024392,0.007317073170731707,0.00975609756097561,0.002439024390625,0.002439024390625,0.002439024390625,0.0,0.221,0.2836185819070904,0.3557951482479784,0.6394137301550689,0.2553191489361702,20.243902439024392,7.560975609756097,232,256,37,0.18359375,0.7837837837837838,0.21621621621621623,0.0,0.0390625,0.1171875,0.13671875,0.0703125,0.0,0.265625,0.0,0.01953125,0.00390625,0.0,0.0,0.0,0.203,0.255,0.366,0.621,0.233,26.6,7.000000000000001
700,792,Adam Frazier,PIT,121,413.6530120481927,459.0,95.11807228908432,0.2192771084337349,0.7674418604656995,0.20930232558155445,0.02325581395350605,0.01204819277124183,0.11807228915662651,0.08433734939759036,0.07228915662650602,0.0,0.15903614457831322,0.014457831325301205,0.0048192771084337345,0.007228915662650603,0.014457831325301205,0.0048192771084337345,0.009638554216867469,0.243,0.308252427,0.3422459893048128,0.6504984164892789,0.2819672131147541,15.903614457831324,7.228915662650602,419,459,105,0.2440087145969499,0.8095238095238095,0.19047619047619047,0.0,0.015250544662309368,0.09368191721132897,0.09586056644880174,0.05664488017429194,0.004357298474945534,0.17647058823529413,0.017429193899782137,0.010893246187363835,0.002178649237472767,0.017429193899782137,0.013071895424836602,0.004357298474945534,0.267,0.319,0.365,0.684,0.313,17.6,5.7
705,797,Alexander Canario,NYM,95,213.21319796954316,234.0,35.040609138375636,0.1878172588888889,0.7288135592945832,0.2542372881260174,0.016949152541734496,0.03807106598984771,0.10913705583756345,0.12944162436548223,0.07614213197969542,0.0,0.3451776649746193,0.0076142131979695426,0.005076142131979695,0.0,0.015228426395939085,0.005076142131979695,0.01015228426395939,0.206,0.2715736040609137,0.3788300835654596,0.6504036876263732,0.2809523809523809,34.51776649746193,7.614213197969544,216,234,41,0.20085470085470086,0.8292682926829268,0.14634146341463414,0.024390243902439025,0.02564102564102564,0.10683760683760683,0.08547008547008547,0.07264957264957266,0.0,0.3418803418803419,0.0,0.004273504273504274,0.0,0.01282051282051282,0.004273504273504274,0.008547008547008548,0.218,0.274,0.338,0.611,0.313,34.2,7.3
