#,Name,Team,G,AB,PA,HIP,H,1B,2B,3B,HR,R,RBI,BB,IBB,SO,HBP,SF,SH,SB,CS,NSB,AVG,OBP,SLG,OPS,BABIP,K%,BB%,real_AB,real_PA,real_HIP,real_H,real_1B,real_2B,real_3B,real_HR,real_R,real_RBI,real_BB,real_IBB,real_SO,real_HBP,real_SF,real_SH,real_SB,real_CS,real_NSB,real_AVG,real_OBP,real_SLG,real_OPS,real_BABIP,real_K%,real_BB%
1,Aaron Judge,NYY,156,385.0744047619048,458.0,75.65178571428572,0.2336309523809524,0.7747747747747747,0.22522522522522523,0.0,0.06845238095238096,0.16517857142857145,0.17113095238095238,0.14136904761904762,0.017857142857142856,0.2544642857142857,0.008928571428571428,0.005952380952380953,0.0029761904761904756,0.016369047620087337,0.004464285714285714,0.011904761904761906,0.278,0.385074627,0.566371681,0.951446308,0.315340909,25.44642857,14.13690476,367,458,61,0.21397379912663755,0.7377049180327869,0.26229508196721313,0.0,0.08078602620087336,0.17248908296943233,0.16375545851528384,0.19213973799126638,0.019650655021834062,0.2838427947598253,0.0,0.006550218340611353,0.0,0.006550218340611353,0.002183406113537118,0.004366812227074236,0.267,0.406,0.613,1.019,0.3,28.4,19.2
2,Nolan Arenado,STL,156,551.8928571428571,612.0,122.94642857142858,0.24404761904761904,0.7185185185185184,0.274074074074074,0.007407407407407406,0.043154761904761904,0.12053571428571427,0.15327380952380956,0.08184523809523811,0.005952380952380952,0.12648809523809523,0.008928571428571428,0.007440476190476191,0.0,0.007440476190476191,0.0029761904761904773,0.004464285714285714,0.271,0.334821429,0.478547855,0.813369283,0.271629779,12.64880952,8.18452381,560,612,123,0.2434640522875817,0.7723577235772358,0.21138211382113822,0.016260162601626018,0.042483660130718956,0.11601307189542484,0.15196078431372548,0.06699346405228758,0.008169934640522876,0.1650326797385621,0.004901960784313725,0.013071895424836602,0.0,0.004901960784313725,0.004901960784313725,0.0,0.266,0.315,0.459,0.774,0.279,16.5,6.7
3,Trea Turner,PHI,156,630.3318452380953,691.0,161.43898809523807,0.2663690476190476,0.7515923566878981,0.22292993630573252,0.02547770700636943,0.03273809523809524,0.14732142857142858,0.12053571428571429,0.06994047619047619,0.001488095238095238,0.17708333333333331,0.007440476190476192,0.005952380952380952,0.004464285714285715,0.04166666666666667,0.007440476190476192,0.03422619047619048,0.292,0.34529148,0.469820555,0.815112034,0.329831933,17.70833333,6.994047619,639,691,144,0.2460202604920405,0.7222222222222222,0.24305555555555555,0.034722222222222224,0.03762662807525326,0.1476121562952243,0.10998552821997105,0.06512301013024602,0.002894356005788712,0.2170767004341534,0.008683068017366137,0.001447178002894356,0.0,0.04341534008683068,0.0,0.04341534008683068,0.266,0.32,0.459,0.778,0.31,21.7,6.5
4,Francisco Lindor,NYM,156,611.3482142857143,687.0,128.8125,0.22470238095238096,0.7539682539682541,0.2142857142857143,0.031746031746031744,0.03720238095238095,0.13095238095238096,0.1324404761904762,0.08779761904761904,0.004464285714285714,0.18154761904761904,0.011904761904761906,0.007440476190476191,0.0029761904761904765,0.022321428571428572,0.007440476190476191,0.014880952380952382,0.252,0.325373134,0.436454849,0.761827984,0.276315789,18.1547619,8.779761905,602,687,122,0.22270742358078602,0.7131147540983607,0.27049180327868855,0.01639344262295082,0.04512372634643377,0.1572052401746725,0.14264919941775836,0.09606986899563319,0.001455604075691412,0.19941775836972345,0.017467248908296942,0.010189228529839884,0.0,0.04512372634643377,0.005822416302765648,0.039301310043668124,0.254,0.336,0.47,0.806,0.277,19.9,9.6
5,Manny Machado,SDP,156,533.9241071428572,601.0,115.37053571428572,0.23660714285714288,0.7596899224806202,0.2325581395348837,0.007751937984496124,0.044642857142857144,0.13690476190476192,0.1488095238095238,0.09821428571428573,0.013392857142857142,0.1875,0.004464285714285715,0.00892857142857143,0.0014880952380952382,0.014880952380952382,0.004464285714285715,0.010416666666666668,0.266,0.339285714,0.470686767,0.809972481,0.288590604,18.75,9.821428571,543,601,110,0.23294509151414308,0.8090909090909091,0.19090909090909092,0.0,0.04991680532445923,0.12479201331114809,0.15141430948419302,0.08319467554076539,0.0016638935108153079,0.18136439267886856,0.0033277870216306157,0.009983361064891847,0.0,0.004991680532445923,0.0033277870216306157,0.0016638935108153079,0.258,0.319,0.462,0.782,0.268,18.1,8.3
6,Austin Riley,ATL,156,637.3288690476192,715.0000000000001,136.1904761904762,0.24404761904761904,0.7265625,0.2578125,0.015625,0.05357142857142857,0.13839285714285712,0.16071428571428567,0.08184523809523808,0.002976190476190476,0.2425595238095238,0.017857142857142856,0.007440476190476189,0.0014880952380952378,0.0014880952380952378,0.0014880952380952378,0.0,0.274,0.344262295,0.515859766,0.860122061,0.316049383,24.25595238,8.18452381,636,715,142,0.25034965034965034,0.7535211267605634,0.22535211267605634,0.02112676056338028,0.05174825174825175,0.16363636363636364,0.13566433566433567,0.08251748251748252,0.005594405594405594,0.24055944055944056,0.012587412587412588,0.015384615384615385,0.0,0.004195804195804196,0.0013986013986013986,0.002797202797202797,0.281,0.345,0.516,0.861,0.324,24.1,8.3
7,Marcus Semien,TEX,156,674.5624999999999,752.9999999999999,143.42857142857142,0.23065476190476192,0.7265625,0.2421875,0.03125,0.04017857142857143,0.14136904761904762,0.11160714285714288,0.08779761904761905,0.0,0.17410714285714285,0.004464285714285714,0.005952380952380953,0.004464285714285714,0.028273809523809524,0.008928571428571428,0.019345238095238096,0.257,0.324850299,0.456810631,0.781660931,0.277056277,17.41071429,8.779761905,670,753,156,0.2456839309428951,0.717948717948718,0.2564102564102564,0.02564102564102564,0.03851261620185923,0.16201859229747675,0.13280212483399734,0.09561752988047809,0.0013280212483399733,0.1460823373173971,0.006640106241699867,0.006640106241699867,0.0,0.01859229747675963,0.00398406374501992,0.014608233731739707,0.276,0.348,0.478,0.826,0.291,14.6,9.6
8,Rafael Devers,BOS,156,588.6428571428571,656.0,134.7142857142857,0.2544642857142857,0.6884057971014494,0.29710144927536236,0.014492753623188408,0.049107142857142856,0.150297619047619,0.15625,0.08333333333333331,0.013392857142857142,0.19345238095238093,0.010416666666666666,0.005952380952380952,0.002976190476190476,0.00744047619047619,0.004464285714285714,0.002976190476190476,0.284,0.349253731,0.52238806,0.871641791,0.310810811,19.3452381,8.333333333,580,656,124,0.23932926829268292,0.7258064516129032,0.27419354838709675,0.0,0.05030487804878049,0.13719512195121952,0.1524390243902439,0.09451219512195122,0.01524390243902439,0.19207317073170732,0.01676829268292683,0.004573170731707317,0.0,0.007621951219512195,0.001524390243902439,0.006097560975609756,0.271,0.351,0.5,0.851,0.292,19.2,9.5
9,Freddie Freeman,LAD,156,630.0595238095237,730.0,156.42857142857142,0.25297619047619047,0.75,0.23611111111111113,0.013888888888888886,0.038690476190476185,0.15327380952380953,0.14583333333333331,0.11904761904109588,0.017857142857142856,0.15327380952380953,0.008928571428571428,0.005952380952380952,0.002976190476190475,0.014880952380952377,0.004464285714285714,0.010416666666666666,0.293,0.382089552,0.493103448,0.875193001,0.316483516,15.32738095,11.9047619,637,730,182,0.28904109589041094,0.6648351648351648,0.3241758241758242,0.01098901098901099,0.03972602739726028,0.17945205479452056,0.13972602739726028,0.09863013698630137,0.01643835616438356,0.16575342465753426,0.021917808219178082,0.00684931506849315,0.0,0.031506849315068496,0.0013698630136986301,0.030136986301369864,0.331,0.41,0.567,0.976,0.37,16.6,9.9
10,Paul Goldschmidt,STL,156,599.0803571428571,687.0,134.94642857142856,0.23958333333333334,0.7424242424242425,0.25000000000000006,0.007575757575757577,0.04315476190476191,0.13988095238095236,0.1473214285714286,0.11160714285714285,0.0014880952380952382,0.21875,0.007440476190476191,0.007440476190476191,0.0014880952380952382,0.010416666666666666,0.0029761904761904765,0.007440476190476191,0.274,0.359165425,0.482935154,0.842100578,0.318072289,21.875,11.16071429,593,687,134,0.2314410480349345,0.7686567164179104,0.23134328358208955,0.0,0.036390101892285295,0.12954876273653565,0.11644832605531295,0.12663755458515283,0.008733624454148471,0.23435225618631733,0.004366812227074236,0.004366812227074236,0.0,0.01601164483260553,0.002911208151382824,0.013100436681222707,0.268,0.363,0.447,0.81,0.327,23.4,12.7
11,Matt Olson,ATL,156,621.4285714285714,720.0,118.92857142857143,0.21875,0.6936936936936937,0.30630630630630634,0.0,0.05357142857142857,0.13839285714285715,0.1547619047619048,0.11607142857142858,0.010416666666666666,0.22172619047619047,0.010416666666666666,0.00744047619047619,0.002976190476190476,0.002976190476190476,0.001488095238095238,0.001488095238095238,0.253,0.346268657,0.498275862,0.844544519,0.2775,22.17261905,11.60714286,608,720,118,0.2388888888888889,0.7457627118644068,0.2288135593220339,0.025423728813559324,0.075,0.1763888888888889,0.19305555555555556,0.14444444444444443,0.011111111111111112,0.23194444444444445,0.005555555555555556,0.005555555555555556,0.0,0.001388888888888889,0.0,0.001388888888888889,0.283,0.389,0.604,0.993,0.302,23.2,14.4
12,Juan Soto,SDP,154,551.4947368421053,708.0,119.24210526315791,0.21503759398496244,0.7589285714285713,0.2232142857142857,0.017857142857142856,0.046616541353383466,0.16390977443609023,0.1323308270676692,0.2075187969924812,0.01654135338345865,0.14586466165413534,0.006015037593984963,0.006015037593984963,0.0030075187969924814,0.015037593984962405,0.004511278195488723,0.010526315789473682,0.276,0.429216867,0.511583012,0.940799879,0.284263959,14.58646617,20.7518797,568,708,121,0.22033898305084745,0.7272727272727273,0.2644628099173554,0.008264462809917356,0.04943502824858757,0.1370056497175141,0.153954802259887,0.1864406779661017,0.015536723163841809,0.18220338983050846,0.002824858757062147,0.007062146892655367,0.0014124293785310734,0.01694915254237288,0.007062146892655367,0.009887005649717515,0.275,0.41,0.519,0.93,0.296,18.2,18.6
13,Alex Bregman,HOU,154,608.5954887218045,723.9999999999999,136.09022556390977,0.2255639097744361,0.7040000000000001,0.288,0.008,0.03759398496240601,0.13984962406015036,0.1443609022556391,0.13533834586466167,0.0030075187969924814,0.12481203007518797,0.015037593984962409,0.009022556390977444,0.0,0.0030075187969924814,0.0015037593984962407,0.0015037593984962407,0.267,0.37593985,0.470483005,0.846422855,0.273522976,12.48120301,13.53383459,622,724,138,0.22513812154696133,0.7681159420289855,0.2028985507246377,0.028985507246376812,0.034530386740331494,0.14226519337016574,0.13535911602209943,0.1270718232044199,0.0013812154696132596,0.12016574585635359,0.011049723756906077,0.0027624309392265192,0.0,0.004143646408839779,0.0013812154696132596,0.0027624309392265192,0.262,0.363,0.441,0.804,0.27,12.0,12.7
14,Matt Chapman,TOR,154,503.2421052631579,581.0,87.36842105263159,0.19699248120300752,0.71,0.28,0.02,0.04661654135338346,0.1293233082706767,0.13233082707401034,0.11127819548872182,0.0,0.28421052631578947,0.012030075187969926,0.009022556390977444,0.0015037593984962407,0.004511278195488722,0.0030075187969924814,0.0015037593984962407,0.228,0.320783133,0.446180556,0.766963688,0.276243094,28.42105263,11.12781955,509,581,105,0.2099827882960413,0.6095238095238096,0.37142857142857144,0.01904761904761905,0.029259896729776247,0.11359724612736662,0.09294320137693632,0.10671256454388985,0.0017211703958691911,0.28399311531841653,0.013769363166953529,0.0034423407917383822,0.0,0.0068846815834767644,0.0034423407917383822,0.0034423407917383822,0.24,0.33,0.424,0.755,0.319,28.4,10.7
15,Dansby Swanson,CHC,154,575.6390977443609,638.0,123.76240601503758,0.22857142857142856,0.7441860465116278,0.24031007751937986,0.01550387596899225,0.03458646616541353,0.12932330827067667,0.12030075187969926,0.07819548872180451,0.0015037593984962407,0.2481203007518797,0.0075187969924812035,0.0075187969924812035,0.003007518796992481,0.021052631578947368,0.0075187969924812035,0.013533834586466164,0.253,0.31570997,0.426666667,0.742376636,0.309352518,24.81203008,7.819548872,565,638,116,0.21630094043887146,0.7586206896551724,0.21551724137931033,0.02586206896551724,0.034482758620689655,0.12695924764890282,0.12539184952978055,0.10344827586206896,0.0,0.2413793103448276,0.007836990595611285,0.003134796238244514,0.0,0.014106583072100314,0.001567398119122257,0.012539184952978056,0.244,0.328,0.416,0.744,0.297,24.1,10.3
16,Pete Alonso,NYM,154,573.8947368421052,658.0,110.82105263157894,0.22706766917293233,0.7410714285714286,0.2410714285714286,0.00892857142857143,0.05864661654135338,0.13684210525835866,0.16842105263157894,0.10075187969924812,0.016541353383458645,0.19699248120300752,0.019548872180451128,0.0075187969924812035,0.0015037593984962407,0.006015037593984962,0.0015037593984962407,0.004511278195488722,0.26,0.347368421,0.510344828,0.857713249,0.269879518,19.69924812,10.07518797,568,658,77,0.18693009118541035,0.7012987012987013,0.2727272727272727,0.025974025974025976,0.06990881458966565,0.1398176291793313,0.17933130699088146,0.09878419452887538,0.00911854103343465,0.22948328267477203,0.031914893617021274,0.0060790273556231,0.0,0.0060790273556231,0.001519756838905775,0.004559270516717325,0.217,0.318,0.504,0.821,0.205,22.9,9.9
17,Bryan Reynolds,PIT,154,561.0827067669172,640.0,127.99999999999997,0.23609022556390974,0.7368421052343751,0.21804511278195493,0.03759398496093751,0.03609022556390977,0.13233082706766916,0.11428571428571428,0.09924812029687499,0.009022556390977442,0.21353383458646613,0.015037593984375,0.006015037593984963,0.0030075187969924814,0.010526315789473684,0.004511278195488721,0.006015037593984963,0.269,0.351432881,0.457975986,0.809408867,0.315914489,21.35338346,9.92481203,574,640,127,0.2359375,0.7165354330708661,0.2440944881889764,0.03937007874015748,0.0375,0.1328125,0.13125,0.0828125,0.003125,0.215625,0.0109375,0.009375,0.0,0.01875,0.0015625,0.0171875,0.263,0.33,0.46,0.79,0.304,21.6,8.3
18,Christian Walker,ARI,154,583.4691729323308,661.0,119.27819548872179,0.2225563909774436,0.7333333333333334,0.25000000000000006,0.01666666666666667,0.042105263157894736,0.12781954887218047,0.13533834586466167,0.09924812030257187,0.003007518796992482,0.21503759398496242,0.010526315789473684,0.007518796992481204,0.001503759398496241,0.004511278195488721,0.001503759398496241,0.003007518796992482,0.253,0.332330827,0.453151618,0.785482445,0.285035629,21.5037594,9.92481203,582,661,117,0.22692889561270801,0.6752136752136753,0.3076923076923077,0.017094017094017096,0.049924357034795766,0.13010590015128592,0.15582450832072617,0.09379727685325265,0.0045385779122541605,0.19213313161875945,0.012102874432677761,0.012102874432677761,0.0,0.01664145234493192,0.0,0.01664145234493192,0.258,0.333,0.497,0.83,0.272,19.2,9.4
19,Anthony Santander,BAL,154,594.8390977443609,656.0,117.38947368421054,0.2255639097744361,0.7310924369747898,0.26890756302521,0.0,0.04661654135338346,0.12481203007518797,0.14436090225563908,0.07218045112781955,0.0015037593984962407,0.19849624060150375,0.013533834586466165,0.007518796992481203,0.0015037593984962407,0.003007518796992482,0.003007518796992482,0.0,0.25,0.311278195,0.456053068,0.767331263,0.26741573,19.84962406,7.218045113,591,656,124,0.23170731707317074,0.6612903225806451,0.33064516129032256,0.008064516129032258,0.042682926829268296,0.12347560975609756,0.1448170731707317,0.08384146341463415,0.001524390243902439,0.23170731707317074,0.009146341463414634,0.006097560975609756,0.0,0.007621951219512195,0.001524390243902439,0.006097560975609756,0.257,0.325,0.472,0.797,0.299,23.2,8.4
20,Mike Trout,LAA,152,304.7841945288754,362.00000000000006,57.765957446808514,0.2234042553191489,0.6952380952380952,0.2761904761904762,0.028571428571428577,0.06382978723404255,0.16109422491712705,0.14741641337386016,0.1337386018237082,0.016717325227963525,0.2644376899696048,0.01519756838905775,0.0060790273556231,0.00303951367781155,0.0060790273556231,0.001519756838905775,0.004559270516717326,0.265,0.37347561,0.555956679,0.929432288,0.307017544,26.443769,13.37386018,308,362,63,0.22375690607734808,0.7619047619047619,0.2222222222222222,0.015873015873015872,0.049723756906077346,0.14917127071823205,0.12154696132596685,0.12430939226519337,0.0055248618784530384,0.287292817679558,0.019337016574585635,0.0055248618784530384,0.0,0.0055248618784530384,0.0,0.0055248618784530384,0.263,0.367,0.49,0.858,0.335,28.7,12.4
21,Kyle Tucker,HOU,152,601.2735562,674.0,131.11246200607903,0.24468085106382978,0.703125,0.27343750000000006,0.0234375,0.05015197568389058,0.14133738602373888,0.16869300911854102,0.09422492401215805,0.006079027356083086,0.1656534954407295,0.004559270516717325,0.006079027356083086,0.001519756838905775,0.03647416413373861,0.007598784194528875,0.028875379939209734,0.274,0.344512195,0.512776831,0.857289026,0.285077951,16.56534954,9.422492401,574,674,134,0.24183976261127596,0.6865671641791045,0.27611940298507465,0.03731343283582089,0.04302670623145401,0.14391691394658754,0.1661721068249258,0.11869436201780416,0.013353115727002967,0.13649851632047477,0.004451038575667656,0.01483679525222552,0.0,0.04451038575667656,0.00741839762611276,0.037091988130563795,0.284,0.369,0.517,0.886,0.289,13.6,11.9
22,Bo Bichette,TOR,152,554.4179331306991,601.0,131.5258358662614,0.2583586626139817,0.7361111111161953,0.2569444444444444,0.006944444444444445,0.03951367781155015,0.14285714285714285,0.1413373860182371,0.062310030399334436,0.0,0.20364741641337383,0.0060790273556231,0.0060790273556231,0.0030395136778115493,0.025835866261398176,0.00911854103343465,0.016717325227963525,0.28,0.327743902,0.472817133,0.800561036,0.319290466,20.36474164,6.23100304,571,601,155,0.2911813643926789,0.7870967741935484,0.1935483870967742,0.01935483870967742,0.033277870216306155,0.11480865224625623,0.12146422628951747,0.04492512479201331,0.0,0.1913477537437604,0.0033277870216306157,0.0016638935108153079,0.0,0.008319467554076539,0.004991680532445923,0.0033277870216306157,0.306,0.339,0.475,0.814,0.355,19.1,4.5
23,Jose Abreu,HOU,152,526.2948328267477,594.0,126.38297872340425,0.24468085106382978,0.7428571428571429,0.24285714285714288,0.007142857142857143,0.03191489361702128,0.12158054711246201,0.13677811550151975,0.08206686930091185,0.00303951367781155,0.19756838905775076,0.021276595744680847,0.00911854103343465,0.001519756838905775,0.001519756838905775,0.001519756838905775,0.0,0.276,0.348554033,0.444253859,0.792807893,0.319634703,19.75683891,8.20668693,540,594,110,0.21548821548821548,0.7818181818181819,0.20909090909090908,0.00909090909090909,0.030303030303030304,0.10437710437710437,0.15151515151515152,0.0707070707070707,0.0016835016835016834,0.21885521885521886,0.010101010101010102,0.010101010101010102,0.0,0.0,0.0016835016835016834,-0.0016835016835016834,0.237,0.296,0.383,0.68,0.276,21.9,7.1
24,Adolis Garcia,TEX,152,584.9361702,632.0,111.41641337386018,0.22036474164133737,0.7241379310344828,0.25,0.03448275862289939,0.044072948328267476,0.12765957446808512,0.1398176291793313,0.05623100303951368,0.0015197568386075948,0.2933130699088146,0.010638297872340425,0.0060790273560126585,0.0015197568386075948,0.0303951367721519,0.010638297872340425,0.019756838905775075,0.238,0.287671233,0.443349754,0.731020987,0.296675192,29.33130699,5.623100304,555,632,97,0.21518987341772153,0.7010309278350515,0.29896907216494845,0.0,0.061708860759493674,0.17088607594936708,0.16930379746835442,0.10284810126582279,0.0,0.27689873417721517,0.00949367088607595,0.00949367088607595,0.0,0.014240506329113924,0.0015822784810126582,0.012658227848101266,0.245,0.328,0.508,0.836,0.28,27.7,10.3
25,Mookie Betts,LAD,151,603.5806451612902,693.0,130.93548387096774,0.2350230414746544,0.6991869918945552,0.2764227642276422,0.024390243902439022,0.046082949308755755,0.16743471582181257,0.13364055299539168,0.10445468509984637,0.0015360983102918587,0.15821812596006143,0.01228878648233487,0.007680491551226552,0.004608294930875576,0.023041474654377878,0.006144393241167435,0.016897081413210443,0.269,0.353395062,0.499118166,0.852513228,0.280182232,15.8218126,10.44546851,584,693,140,0.2582972582972583,0.7071428571428572,0.2857142857142857,0.007142857142857143,0.05627705627705628,0.18181818181818182,0.1544011544011544,0.13852813852813853,0.004329004329004329,0.1544011544011544,0.011544011544011544,0.007215007215007215,0.0,0.020202020202020204,0.004329004329004329,0.015873015873015872,0.307,0.408,0.579,0.987,0.316,15.4,13.9
26,Jose Ramirez,CLE,151,603.9615975422428,691.0000000000001,129.4961597542243,0.23348694316436253,0.6639344262295082,0.30327868852459017,0.032786885245901634,0.04608294930875576,0.141321044546851,0.15821812596006146,0.10752688172043011,0.02150537634408602,0.1321044546888567,0.00921658986175115,0.00921658986175115,0.0,0.03379416282642089,0.00921658986175115,0.02457757296466974,0.266,0.350230415,0.504393673,0.854624088,0.265795207,13.21044547,10.75268817,611,691,148,0.24891461649782923,0.722972972972973,0.24324324324324326,0.033783783783783786,0.03473227206946455,0.12590448625180897,0.11577424023154848,0.10564399421128799,0.03183791606367583,0.10564399421128799,0.001447178002894356,0.008683068017366137,0.0,0.04052098408104197,0.008683068017366137,0.03183791606367583,0.282,0.356,0.475,0.831,0.285,10.6,10.6
27,Julio Rodriguez,SEA,149,643.0434782608696,714.0,140.80434782608694,0.24378881987577639,0.7637795275590552,0.22047244094488191,0.02362204724409449,0.046583850931677016,0.14596273291925468,0.14130434782608697,0.07919254658385094,0.006211180124223603,0.24378881987577639,0.013975155280112044,0.004658385093167702,0.0031055900621118015,0.043478260869565216,0.013975155280112044,0.029503105590062112,0.271,0.33748056,0.486206897,0.823687456,0.320707071,24.37888199,7.919254658,654,714,148,0.25210084033613445,0.7364864864864865,0.25,0.013513513513513514,0.04481792717086835,0.14285714285714285,0.14425770308123248,0.06582633053221289,0.008403361344537815,0.24509803921568626,0.015406162464985995,0.0028011204481792717,0.0,0.05182072829131653,0.014005602240896359,0.037815126050420166,0.275,0.333,0.485,0.818,0.33,24.5,6.6
28,Jose Altuve,HOU,149,361.6149068322982,410.0,84.03726708074534,0.24378881987577639,0.7424242424242425,0.24242424242424246,0.007575757575757577,0.03881987577639752,0.15527950310559008,0.11180124223602485,0.09627329192546584,0.0031055900621118015,0.14751552795031056,0.010869565217391308,0.006211180124223603,0.004658385093167702,0.018633540372670808,0.004658385093167702,0.013975155279503106,0.276,0.352574103,0.466549296,0.819123399,0.292035398,14.7515528,9.627329193,360,410,95,0.2731707317073171,0.7578947368421053,0.22105263157894736,0.021052631578947368,0.041463414634146344,0.18536585365853658,0.12439024390243902,0.1073170731707317,0.0,0.17317073170731706,0.012195121951219513,0.0024390243902439024,0.0,0.03414634146341464,0.004878048780487805,0.02926829268292683,0.311,0.393,0.522,0.915,0.348,17.3,10.7
29,Xander Bogaerts,SDP,149,585.4891304347825,665.0,136.30434782608697,0.2360248447204969,0.7575757575757575,0.23484848484848483,0.0,0.031055900621118016,0.13354037267080746,0.11645962732919253,0.09937888198757763,0.0031055900621118015,0.19099378881987575,0.010869565217391304,0.007763975155279502,0.0031055900621118015,0.010869565217391304,0.0031055900621118015,0.007763975155279502,0.267,0.34681182,0.42680776,0.77361958,0.307692308,19.09937888,9.937888199,596,665,151,0.2556390977443609,0.7814569536423841,0.2052980132450331,0.013245033112582781,0.02857142857142857,0.12481203007518797,0.08721804511278196,0.08421052631578947,0.0,0.16541353383458646,0.010526315789473684,0.009022556390977444,0.0,0.02857142857142857,0.0030075187969924814,0.02556390977443609,0.285,0.35,0.44,0.79,0.319,16.5,8.4
30,Bobby Witt Jr.,KCR,149,639.0403726708075,694.0000000000001,142.24844720496895,0.24068322981366455,0.696969696969697,0.26515151515151514,0.03787878787878787,0.03571428571428571,0.13819875776397514,0.12732919255043224,0.05745341614906831,0.003105590062111801,0.21118012422360247,0.009316770186335402,0.007763975155279502,0.003105590062111801,0.04503105590062112,0.013975155279503104,0.031055900619596535,0.262,0.308892356,0.453625632,0.762517988,0.300683371,21.11801242,5.745341615,641,694,147,0.25504322766570603,0.7346938775510204,0.19047619047619047,0.07482993197278912,0.043227665706051875,0.13976945244956773,0.138328530259366,0.05763688760806916,0.001440922190201729,0.17435158501440923,0.005763688760806916,0.011527377521613832,0.001440922190201729,0.07060518731988473,0.021613832853025938,0.04899135446685879,0.276,0.319,0.495,0.813,0.295,17.4,5.8
31,Randy Arozarena,TBR,149,581.8975155279503,654.0,128.97204968944098,0.22981366459627328,0.7086614173387273,0.2677165354330709,0.02362204724409449,0.03260869565217391,0.12732919254658384,0.13043478260869565,0.08229813664596274,0.004658385093167702,0.25,0.021739130434782608,0.006211180124223602,0.0015527950310559005,0.04503105590062111,0.018633540372670808,0.026397515527950312,0.259,0.333850932,0.438045375,0.771896307,0.321518987,25.0,8.229813665,551,654,117,0.21406727828746178,0.811965811965812,0.1623931623931624,0.02564102564102564,0.035168195718654434,0.1452599388379205,0.12691131498470948,0.12232415902140673,0.0015290519877675841,0.23853211009174313,0.027522935779816515,0.00764525993883792,0.0,0.03363914373088685,0.01529051987767584,0.01834862385321101,0.254,0.364,0.425,0.789,0.31,23.9,12.2
32,Ronald Acuna Jr.,ATL,147,628.8461538461538,734.9999999999999,136.15384615384616,0.23233908948194668,0.7457627118644066,0.24576271186440676,0.008474576271186437,0.04709576138147567,0.16640502354788067,0.1271585557299843,0.11773940345368918,0.006279434850863423,0.2307692307692308,0.017268445839874413,0.006279434850863423,0.004709576138147566,0.054945054945054944,0.017268445839874413,0.03767660910518054,0.272,0.368503937,0.493577982,0.862081919,0.317204301,23.07692308,11.77394035,643,735,176,0.29523809523809524,0.7784090909090909,0.19886363636363635,0.022727272727272728,0.055782312925170066,0.20272108843537415,0.14421768707482993,0.10884353741496598,0.004081632653061225,0.11428571428571428,0.012244897959183673,0.004081632653061225,0.0,0.09931972789115646,0.01904761904761905,0.08027210884353742,0.337,0.416,0.596,1.012,0.338,11.4,10.9
33,Vladimir Guerrero Jr.,TOR,147,602.7723704866562,681.9999999999999,135.9717425431711,0.25431711145996866,0.7480314960629921,0.23622047244094488,0.007874015748031496,0.054945054945054944,0.14756671899529042,0.16483516483516483,0.10047095761381476,0.007849293563579279,0.1554160125588697,0.009419152275659825,0.0047095761378299125,0.0015698587127158557,0.01098901098901099,0.0047095761378299125,0.006279434850863423,0.287,0.364779874,0.529307282,0.894087157,0.293981481,15.54160126,10.04709576,602,682,133,0.23313782991202345,0.7744360902255639,0.22556390977443608,0.0,0.03812316715542522,0.11436950146627566,0.1378299120234604,0.09824046920821114,0.007331378299120235,0.1466275659824047,0.013196480938416423,0.005865102639296188,0.0,0.007331378299120235,0.004398826979472141,0.002932551319648094,0.264,0.345,0.444,0.788,0.277,14.7,9.8
34,Cedric Mullins,BAL,147,409.2857142857143,455.0,92.14285714285714,0.23076923076923078,0.7364341085271319,0.2248062015503876,0.0310077519379845,0.0282574568288854,0.13186813186813187,0.10204081632653061,0.07535321821036106,0.0031397174254317113,0.18681318681318682,0.01098901098901099,0.006279434850863423,0.006279434850863423,0.04866562009419152,0.0141287284144427,0.03453689167974883,0.256,0.319620253,0.413612565,0.733232819,0.293181818,18.68131868,7.535321821,404,455,79,0.20659340659340658,0.6708860759493671,0.2911392405063291,0.0379746835443038,0.03296703296703297,0.11208791208791209,0.16263736263736264,0.0945054945054945,0.002197802197802198,0.22197802197802197,0.002197802197802198,0.008791208791208791,0.006593406593406593,0.041758241758241756,0.006593406593406593,0.035164835164835165,0.233,0.305,0.416,0.721,0.271,22.2,9.5
35,Ian Happ,CHC,147,607.4725274725274,690.9999999999999,124.74882260596544,0.2150706436420722,0.7130434782616247,0.2608695652173913,0.017391304347826087,0.03453689167974883,0.11773940345875546,0.11930926216640503,0.10361067503617948,0.0031397174254317113,0.2480376766091052,0.009419152276295134,0.004709576138147567,0.0015698587127158557,0.0141287284144427,0.006279434850863423,0.007849293562952244,0.244,0.329133858,0.421428571,0.75056243,0.300261097,24.80376766,10.3610675,580,691,123,0.20839363241678727,0.6829268292682927,0.2845528455284553,0.032520325203252036,0.030390738060781478,0.12445730824891461,0.12156295224312591,0.14327062228654125,0.002894356005788712,0.22141823444283648,0.008683068017366137,0.008683068017366137,0.0,0.020260492040520984,0.004341534008683068,0.015918958031837915,0.248,0.36,0.431,0.791,0.299,22.1,14.3
36,Willy Adames,MIL,146,571.1619047619047,638.0,112.40952380952382,0.22063492063492066,0.7207207207207206,0.27027027027027023,0.00900900900900901,0.04444444444444444,0.13333333333333333,0.1349206349206349,0.09206349206349206,0.0031746031746031746,0.2634920634920635,0.0031746031746031746,0.0047619047619047615,0.0031746031746031746,0.012698412698412698,0.006349206349206349,0.006349206349206349,0.247,0.31738437,0.45212766,0.76951203,0.297587131,26.34920635,9.206349206,553,638,96,0.18808777429467086,0.6770833333333334,0.3020833333333333,0.020833333333333332,0.03761755485893417,0.11442006269592477,0.12539184952978055,0.11128526645768025,0.001567398119122257,0.25862068965517243,0.009404388714733543,0.009404388714733543,0.0,0.007836990595611285,0.004702194357366771,0.003134796238244514,0.217,0.31,0.407,0.717,0.259,25.9,11.1
37,Tommy Edman,STL,146,481.9047619047619,528.0,115.65714285714286,0.2396825396825397,0.746376811594203,0.2246376811594203,0.028985507246376812,0.020634920634920634,0.1365079365079365,0.09682539682539683,0.06507936507936507,0.0015873015873015873,0.1619047619128788,0.011111111111111112,0.006349206349206349,0.0047619047619047615,0.04603174603174603,0.007936507936507936,0.038095238095238106,0.262,0.31738437,0.39826087,0.71564524,0.297413793,16.19047619,6.507936508,479,528,106,0.22537878787878787,0.7264150943396226,0.2358490566037736,0.03773584905660377,0.02462121212121212,0.13068181818181818,0.08901515151515152,0.06628787878787878,0.001893939393939394,0.1590909090909091,0.013257575757575758,0.007575757575757576,0.005681818181818182,0.05113636363636364,0.007575757575757576,0.043560606060606064,0.248,0.307,0.399,0.705,0.275,15.9,6.6
38,Shohei Ohtani,LAA,146,518.1825396825396,599.0,99.83333333333334,0.22222222222222224,0.7047619047619047,0.2476190476190476,0.047619047619047616,0.05555555555555556,0.14444444444444443,0.14444444444444443,0.11904761904761905,0.020634920634920634,0.2555555555555556,0.007936507936507936,0.006349206349206349,0.0015873015873015873,0.02698412698412698,0.01111111111111111,0.015873015873015872,0.257,0.349761526,0.51559633,0.865357857,0.297450425,25.55555556,11.9047619,497,599,107,0.25208681135225375,0.6822429906542056,0.24299065420560748,0.07476635514018691,0.07345575959933222,0.17028380634390652,0.15859766277128548,0.15191986644407346,0.035058430717863104,0.2387312186978297,0.005008347245409015,0.005008347245409015,0.0,0.0333889816360601,0.01001669449081803,0.02337228714524207,0.304,0.412,0.654,1.066,0.342,23.9,15.2
39,Kyle Schwarber,PHI,146,614.8571428571428,720.0,98.28571428571428,0.1968253968253968,0.7209302325581395,0.2558139534883721,0.023255813953488372,0.06031746031746031,0.146031746031746,0.1476190476190476,0.12857142857142856,0.0047619047619047615,0.2857142857142857,0.009523809523809523,0.006349206349206349,0.0031746031746031746,0.011111111111111112,0.0031746031746031746,0.007936507936507936,0.23,0.3354531,0.49070632,0.82615942,0.265432099,28.57142857,12.85714286,585,720,68,0.1597222222222222,0.7058823529411765,0.27941176470588236,0.014705882352941176,0.06527777777777778,0.15,0.14444444444444443,0.175,0.006944444444444444,0.2986111111111111,0.008333333333333333,0.004166666666666667,0.0,0.0,0.002777777777777778,-0.002777777777777778,0.197,0.343,0.474,0.817,0.209,29.9,17.5
40,Nathaniel Lowe,TEX,146,640.1079365079364,724.0,145.94920634920635,0.23968253968253966,0.7795275590551181,0.2047244094488189,0.015748031496062992,0.03809523809523809,0.12063492063492062,0.1253968253968254,0.10158730158730157,0.003174603174603174,0.23015873015873015,0.006349206349206348,0.004761904761904762,0.001587301587301587,0.006349206349206348,0.001587301587301587,0.004761904761904762,0.272,0.348726115,0.454219031,0.802945145,0.324808184,23.01587302,10.15873016,623,724,146,0.22513812154696133,0.7191780821917808,0.2602739726027397,0.02054794520547945,0.023480662983425413,0.12292817679558012,0.1132596685082873,0.12845303867403315,0.0027624309392265192,0.22790055248618785,0.006906077348066298,0.004143646408839779,0.0,0.0013812154696132596,0.0,0.0013812154696132596,0.262,0.36,0.414,0.775,0.329,22.8,12.8
41,Christian Yelich,MIL,146,535.6952380952381,632.0,112.35555555555555,0.20793650793650795,0.7589285714285714,0.22321428571428573,0.02678571428571428,0.03015873015873016,0.1380952380952381,0.10634920634920636,0.1349206349206349,0.009523809523809523,0.24285714285714288,0.007936507936507936,0.0047619047619047615,0.0031746031746031746,0.026984126984126985,0.006349206349206349,0.02063492063492063,0.246,0.352472089,0.411985019,0.764457108,0.306849315,24.28571429,13.49206349,550,632,134,0.24208860759493672,0.7388059701492538,0.2537313432835821,0.007462686567164179,0.030063291139240507,0.16772151898734178,0.12025316455696203,0.12341772151898735,0.011075949367088608,0.22151898734177214,0.004746835443037975,0.0015822784810126582,0.0,0.04430379746835443,0.004746835443037975,0.03955696202531646,0.278,0.37,0.447,0.818,0.342,22.2,12.3
43,Alec Bohm,PHI,146,558.6285714285714,611.0,137.71746031746034,0.2492063492063492,0.7816901408450704,0.19718309859154926,0.014084507044558676,0.023809523809523808,0.11428571428571427,0.11587301587561374,0.06666666666666665,0.0015873015873015873,0.19206349206349205,0.007936507936507936,0.009523809523809523,0.0031746031751227494,0.006349206349206349,0.0047619047619047615,0.0015873015873015873,0.272,0.324324324,0.404513889,0.728838213,0.31838565,19.20634921,6.666666667,558,611,133,0.25040916530278234,0.7669172932330827,0.23308270676691728,0.0,0.03273322422258593,0.12111292962356793,0.15875613747954173,0.06873977086743044,0.0016366612111292963,0.15384615384615385,0.008183306055646482,0.009819967266775777,0.0,0.006546644844517185,0.0016366612111292963,0.004909983633387889,0.274,0.327,0.437,0.765,0.296,15.4,6.9
44,Carlos Correa,MIN,144,509.24558587479936,580.0,117.30337078651684,0.2407704654895666,0.746031746031746,0.2380952380952381,0.007936507936507938,0.038523274478330656,0.13162118780096307,0.12841091492776885,0.10433386837881219,0.0032102728731942215,0.19422150882825043,0.008025682182985553,0.008025682182985553,0.0032102728731942215,0.0016051364365971107,0.0016051364365971107,0.0,0.273,0.353697749,0.462522852,0.816220601,0.30958231,19.42215088,10.43338684,514,580,100,0.20344827586206896,0.69,0.29,0.02,0.03103448275862069,0.10344827586206896,0.11206896551724138,0.10172413793103448,0.005172413793103448,0.22586206896551725,0.006896551724137931,0.005172413793103448,0.0,0.0,0.0,0.0,0.23,0.312,0.399,0.711,0.272,22.6,10.2
45,Wander Franco,TBR,144,444.5008025682183,491.0,112.70144462279293,0.2552166934189406,0.7062937062937064,0.2447552447552448,0.04895104895473773,0.025682182985553772,0.1364365971107544,0.12038523274478331,0.07865168539325842,0.0016051364365971107,0.10754414125200644,0.006420545746388443,0.006420545746388443,0.0032102728731942215,0.019261637239165328,0.006420545746388443,0.012841091492776886,0.282,0.341384863,0.453900709,0.795285572,0.294845361,10.75441413,7.865168539,442,491,107,0.2525458248472505,0.7289719626168224,0.21495327102803738,0.056074766355140186,0.034623217922606926,0.13238289205702647,0.11812627291242363,0.0855397148676171,0.006109979633401222,0.14052953156822812,0.006109979633401222,0.008146639511201629,0.0,0.06109979633401222,0.020366598778004074,0.04073319755600815,0.281,0.344,0.475,0.819,0.297,14.1,8.6
46,Brandon Nimmo,NYM,144,581.2873194,682.0,140.1219903691814,0.22953451043338688,0.75,0.21093749997502748,0.0390625,0.024077046548956663,0.13964686998394865,0.09791332263242378,0.1187800963081862,0.0,0.17977528089887643,0.01926163723916533,0.003210272873194222,0.008025682182985555,0.008025682182985555,0.004815409309791333,0.003210272873194222,0.269,0.369951535,0.423728814,0.793680348,0.315270936,17.97752809,11.87800963,592,682,138,0.2375366568914956,0.7391304347826086,0.21739130434782608,0.043478260869565216,0.03519061583577713,0.13049853372434017,0.09970674486803519,0.10850439882697947,0.0,0.21407624633431085,0.016129032258064516,0.005865102639296188,0.001466275659824047,0.004398826979472141,0.004398826979472141,0.0,0.274,0.363,0.466,0.829,0.324,21.4,10.9
47,Andres Gimenez,CLE,144,550.7415730337078,616.0,129.52808988764045,0.2375601926163724,0.7480916030534349,0.22137404580152673,0.022900763358778626,0.027287319422150885,0.11556982343499198,0.1219903691813804,0.06099518459069021,0.004815409309791333,0.20224719101123595,0.033707865168539325,0.006420545746388443,0.006420545746388443,0.03531300160513644,0.009630818619582666,0.025682182985553772,0.265,0.333870968,0.418312388,0.752183356,0.313397129,20.2247191,6.099518459,557,616,125,0.22727272727272727,0.744,0.216,0.04,0.024350649350649352,0.12337662337662338,0.10064935064935066,0.05194805194805195,0.00487012987012987,0.18181818181818182,0.032467532467532464,0.00487012987012987,0.006493506493506494,0.048701298701298704,0.00974025974025974,0.03896103896103896,0.251,0.314,0.399,0.712,0.289,18.2,5.2
48,Eugenio Suarez,SEA,144,605.9967897271267,694.0,95.80096306404495,0.1829855537463977,0.7441860466500312,0.23255813957813476,0.011627906978906737,0.04494382022471909,0.11235955056179775,0.12680577849117175,0.1043338683788122,0.0016051364365971107,0.30818619582664525,0.012841091492776886,0.008025682182985553,0.0016051364365971107,0.0016051364365971107,0.0016051364365971107,0.0,0.209,0.300643087,0.402573529,0.703216616,0.261398176,30.81861958,10.43338684,598,694,117,0.20028818443804033,0.7521367521367521,0.24786324786324787,0.0,0.03170028818443804,0.09798270893371758,0.138328530259366,0.10086455331412104,0.0,0.30835734870317005,0.021613832853025938,0.01585014409221902,0.0,0.002881844380403458,0.001440922190201729,0.001440922190201729,0.232,0.323,0.391,0.714,0.314,30.8,10.1
49,Corey Seager,TEX,143,475.09090909090907,536.0,107.02597402597401,0.24025974025974023,0.7235772357723579,0.25203252032520324,0.016260162601626018,0.0405844155844156,0.13798701298701296,0.129870129869403,0.09415584415584416,0.008116883117537313,0.1590909090909091,0.011363636363636364,0.006493506493506493,0.0032467532467532465,0.00487012987012987,0.0016233766233766233,0.0032467532467532465,0.27,0.346341463,0.470695971,0.817037434,0.288056206,15.90909091,9.415584416,477,536,123,0.291044776119403,0.6585365853658537,0.34146341463414637,0.0,0.061567164179104475,0.16417910447761194,0.1791044776119403,0.0914179104477612,0.016791044776119403,0.16417910447761194,0.007462686567164179,0.011194029850746268,0.0,0.0037313432835820895,0.0018656716417910447,0.0018656716417910447,0.327,0.39,0.623,1.013,0.34,16.4,9.1
50,Jake Cronenworth,SDP,143,456.75,522.0,100.84090909090908,0.21915584415584413,0.7226890756302521,0.2521008403361345,0.03361344537815126,0.025974025974025972,0.1282467532375479,0.12175324676245211,0.0974025974025974,0.00487012987012987,0.1737012987012987,0.017857142857142856,0.008116883116883116,0.0016233766233766233,0.006493506493506492,0.0032467532467532465,0.0032467532467532465,0.251,0.33495935,0.41187384,0.74683319,0.282660333,17.37012987,9.74025974,458,522,95,0.20114942528735633,0.6736842105263158,0.25263157894736843,0.07368421052631578,0.019157088122605363,0.10344827586206896,0.09195402298850575,0.08812260536398467,0.0038314176245210726,0.18582375478927204,0.0210727969348659,0.009578544061302681,0.0019157088122605363,0.011494252873563218,0.0019157088122605363,0.009578544061302681,0.229,0.312,0.378,0.689,0.267,18.6,8.8
51,Amed Rosario,CLE,143,511.3798701298701,545.0,130.94155844155844,0.2597402597402597,0.7770270270270272,0.1756756756756757,0.040540540540540536,0.01948051948051948,0.12175324675324674,0.10551948051948051,0.04545454545454547,0.0,0.17694805194805197,0.006493506493506493,0.006493506493506493,0.0032467532467532465,0.02435064935064935,0.008116883116883116,0.016233766233766232,0.276,0.312703583,0.403114187,0.71581777,0.321041215,17.69480519,4.545454545,510,545,128,0.24587155963302754,0.7421875,0.1953125,0.0625,0.011009174311926606,0.12844036697247707,0.10642201834862386,0.05321100917431193,0.0,0.181651376146789,0.005504587155963303,0.005504587155963303,0.0,0.027522935779816515,0.003669724770642202,0.023853211009174313,0.263,0.305,0.378,0.683,0.314,18.2,5.3
52,Teoscar Hernandez,SEA,143,622.9675324675325,678.0,123.27272727272728,0.2305194805194805,0.7678571428571429,0.23214285714285715,0.00892857142857143,0.0487012987012987,0.1266233766233766,0.1444805194837758,0.06655844155844157,0.0016233766233766237,0.2743506493506493,0.008116883116883116,0.00487012987012987,0.0016233766233766237,0.016233766233766232,0.006493506493506494,0.00974025974025974,0.251,0.305691057,0.461130742,0.766821799,0.302702703,27.43506494,6.655844156,625,678,135,0.2374631268436578,0.7703703703703704,0.21481481481481482,0.014814814814814815,0.038348082595870206,0.10324483775811209,0.13716814159292035,0.05604719764011799,0.0029498525073746312,0.3112094395280236,0.011799410029498525,0.01032448377581121,0.0,0.01032448377581121,0.0029498525073746312,0.007374631268436578,0.258,0.305,0.435,0.741,0.342,31.1,5.6
53,Michael Harris II,ATL,141,496.5172413793104,539.0,117.71264367816092,0.25287356321839083,0.7067669172932332,0.2631578947368421,0.030075187969924814,0.03448275862068967,0.13628899835796388,0.14121510673234813,0.059113300492610835,0.0016420361247947454,0.22660098522167488,0.011494252873563218,0.004926108374384237,0.003284072249589491,0.03776683087027915,0.009852216748768473,0.02791461412151067,0.274,0.324546952,0.463458111,0.788005063,0.328395062,22.66009852,5.911330049,505,539,130,0.274582560296846,0.7230769230769231,0.25384615384615383,0.023076923076923078,0.03339517625231911,0.14100185528756956,0.10575139146567718,0.04638218923933209,0.0018552875695732839,0.18738404452690166,0.00927643784786642,0.0055658627087198514,0.0018552875695732839,0.03710575139146568,0.0074211502782931356,0.029684601113172542,0.293,0.331,0.477,0.808,0.334,18.7,4.6
54,Jeff McNeil,NYM,141,584.1576354679803,648.0,157.47783251231527,0.26108374384236455,0.75,0.23648648648648646,0.006756756756756757,0.018062397372742206,0.11658456486042694,0.11165845648604271,0.06896551724137931,0.0016420361247947454,0.11822660098522167,0.019704433497536943,0.00656814449845679,0.0016420361247947454,0.00656814449845679,0.0016420361247947454,0.0049261083743842365,0.289,0.350906096,0.415300546,0.766206642,0.314893617,11.8226601,6.896551724,585,648,148,0.24382716049382716,0.8040540540540541,0.16891891891891891,0.02702702702702703,0.015432098765432098,0.11574074074074074,0.08487654320987655,0.06018518518518518,0.0,0.10030864197530864,0.027777777777777776,0.004629629629629629,0.004629629629629629,0.015432098765432098,0.0,0.015432098765432098,0.27,0.333,0.378,0.711,0.288,10.0,6.0
55,Steven Kwan,CLE,141,631.9343185550082,717.9999999999999,166.23645320197045,0.2446633825944171,0.7801418437533337,0.17730496453900707,0.03546099290780142,0.013136288998357962,0.13136288998357962,0.08538587848932676,0.09688013136289,0.0032840722495894913,0.10180623973727422,0.009852216748768475,0.006568144499178983,0.006568144499178983,0.026272577996715923,0.00821018062397373,0.0180623973727422,0.277,0.353719008,0.38619403,0.739913038,0.3,10.18062397,9.688013136,638,718,166,0.2381615598885794,0.7409638554216867,0.21686746987951808,0.04216867469879518,0.006963788300835654,0.12952646239554316,0.07520891364902507,0.09749303621169916,0.002785515320334262,0.10445682451253482,0.004178272980501393,0.008356545961002786,0.001392757660167131,0.02924791086350975,0.004178272980501393,0.025069637883008356,0.268,0.34,0.37,0.71,0.294,10.4,9.7
56,Ketel Marte,ARI,141,580.6239737,650.0,140.88669950738918,0.24466338259441708,0.6818181818146852,0.2954545454293706,0.022727272727272724,0.027914614121510674,0.1297208538587849,0.1116584564860427,0.08866995073891626,0.0049261083743842365,0.17077175697865354,0.009852216748768473,0.006568144499178982,0.003284072249589491,0.009852216748768473,0.003284072249589491,0.006568144499178982,0.274,0.34375,0.450367647,0.794117647,0.309133489,17.0771757,8.866995074,569,650,132,0.24153846153846154,0.7348484848484849,0.19696969696969696,0.06818181818181818,0.038461538461538464,0.14461538461538462,0.12615384615384614,0.10923076923076923,0.003076923076923077,0.1676923076923077,0.007692307692307693,0.007692307692307693,0.0,0.012307692307692308,0.003076923076923077,0.009230769230769232,0.276,0.358,0.485,0.844,0.3,16.8,10.9
57,J.P. Crawford,SEA,141,559.4285714285714,638.0,133.04761904761907,0.22167487684729067,0.7559055118110236,0.2204724409448819,0.015748031496062995,0.013136288998357965,0.1116584564860427,0.08866995073891626,0.10180623973727422,0.0,0.1510673234811166,0.01149425287356322,0.006568144499178983,0.004926108374384237,0.009852216748768475,0.004926108374384237,0.004926108374384237,0.253,0.336079077,0.355805243,0.691884321,0.289954338,15.10673235,10.18062397,534,638,123,0.2225705329153605,0.7154471544715447,0.2845528455284553,0.0,0.029780564263322883,0.14733542319749215,0.10188087774294671,0.14733542319749215,0.001567398119122257,0.19592476489028213,0.007836990595611285,0.003134796238244514,0.004702194357366771,0.003134796238244514,0.0,0.003134796238244514,0.266,0.38,0.438,0.818,0.314,19.6,14.7
58,Ty France,SEA,141,592.9310344827587,665.0000000000001,139.77011494252875,0.24137931034482754,0.765625,0.2265625,0.007812500000000002,0.03119868637110016,0.12151067323481116,0.12643678160919541,0.06568144499178981,0.0032840722495894913,0.16420361247947454,0.03284072249589491,0.008210180623973726,0.0016420361247947456,0.0,0.0016420361247947456,-0.0016420361248120298,0.271,0.340460526,0.432780847,0.773241373,0.298368298,16.42036125,6.568144499,587,665,135,0.22105263157894736,0.762962962962963,0.23703703703703705,0.0,0.01804511278195489,0.11879699248120301,0.08721804511278196,0.06466165413533835,0.0,0.17593984962406015,0.05112781954887218,0.0015037593984962407,0.0,0.0015037593984962407,0.0,0.0015037593984962407,0.25,0.337,0.366,0.703,0.294,17.6,6.5
59,Javier Baez,DET,141,510.1740558292282,547.0,104.19047619047619,0.22660098522167488,0.732758620667276,0.2413793103448276,0.025862068965517238,0.0361247947454844,0.11658456486042693,0.12315270935960593,0.047619047619047616,0.0016420361247947454,0.27257799671592775,0.013136288998357963,0.006568144499178982,0.0016420361247947454,0.0180623973727422,0.006568144499178982,0.011494252873563218,0.243,0.287356322,0.419014085,0.706370406,0.302083333,27.25779967,4.761904762,510,547,104,0.20658135283363802,0.7884615384615384,0.17307692307692307,0.038461538461538464,0.016453382084095063,0.10603290676416818,0.10786106032906764,0.043875685557586835,0.0,0.22851919561243145,0.016453382084095063,0.005484460694698354,0.0,0.021937842778793418,0.0,0.021937842778793418,0.222,0.267,0.325,0.593,0.274,22.9,4.4
60,Eloy Jimenez,CHW,141,447.2463054187192,489.0,95.55172413793106,0.24630541871921188,0.7731092436974788,0.21008403361344533,0.008403361344537813,0.05090311986863711,0.12315270935960593,0.15763546798029557,0.0722495894909688,0.0,0.2298850574712644,0.006568144499178982,0.006568144499178982,0.0,0.0,0.0016420361247947454,-0.0016420361247443764,0.27,0.325123153,0.482944345,0.808067497,0.305128205,22.98850575,7.224958949,456,489,106,0.25357873210633947,0.7830188679245284,0.2169811320754717,0.0,0.03680981595092025,0.10224948875255624,0.130879345603272,0.06134969325153374,0.00408997955010225,0.1901840490797546,0.002044989775051125,0.00408997955010225,0.0,0.0,0.0,0.0,0.272,0.317,0.441,0.758,0.305,19.0,6.1
61,Andrew Vaughn,CHW,141,552.3891625615763,615.0,120.17241379310343,0.23809523809523808,0.7478991596585367,0.24369747899159666,0.008403361344537816,0.04269293924466338,0.11494252873170731,0.1330049261083744,0.07717569786535304,0.0,0.17405582922824298,0.01477832512315271,0.008210180623973728,0.0016420361247947454,0.0016420361247947454,0.0016420361247947454,0.0,0.265,0.330592105,0.464351005,0.794943111,0.283333333,17.40558292,7.717569787,566,615,125,0.23739837398373984,0.744,0.24,0.016,0.03414634146341464,0.10894308943089431,0.13008130081300814,0.05853658536585366,0.0,0.2097560975609756,0.01788617886178862,0.0032520325203252032,0.0,0.0,0.0,0.0,0.258,0.314,0.429,0.743,0.299,21.0,5.9
62,Ryan Mountcastle,BAL,141,428.32512315270935,470.0,91.06732348111657,0.23809523809523808,0.7627118644067796,0.22881355932203393,0.00847457627118644,0.04433497536945813,0.11986863711001641,0.14285714285714285,0.07060755336617405,0.0016420361247947454,0.25123152709359603,0.006568144499178982,0.008210180623973728,0.0016420361247947454,0.006568144499178982,0.003284072249589491,0.003284072249589491,0.261,0.31630972,0.459459459,0.775769179,0.310526316,25.12315271,7.060755337,423,470,96,0.2425531914893617,0.7708333333333334,0.21875,0.010416666666666666,0.03829787234042553,0.13617021276595745,0.14468085106382977,0.07872340425531915,0.002127659574468085,0.2276595744680851,0.006382978723404255,0.014893617021276596,0.0,0.006382978723404255,0.002127659574468085,0.00425531914893617,0.27,0.328,0.452,0.779,0.315,22.8,7.9
63,Jonathan India,CIN,141,460.3776683087028,529.0,101.6305418719212,0.2183908045977012,0.7435897435897435,0.23076923076923075,0.025641025641025637,0.026272577996715934,0.128078817731569,0.10344827586206895,0.090311986863711,0.0016420361247947456,0.22003284072249588,0.02955665024630542,0.006568144499178983,0.0032840722495894913,0.013136288998357965,0.006568144499178983,0.006568144499178983,0.252,0.33937397,0.403773585,0.743147555,0.3046875,22.00328407,9.031198686,454,529,94,0.20982986767485823,0.7553191489361702,0.24468085106382978,0.0,0.03213610586011342,0.14744801512287334,0.11531190926275993,0.09829867674858223,0.0,0.2060491493383743,0.030245746691871456,0.013232514177693762,0.0,0.026465028355387523,0.003780718336483932,0.022684310018903593,0.244,0.338,0.407,0.746,0.281,20.6,9.8
64,Nick Castellanos,PHI,141,618.1133004926108,671.0000000000001,137.7257799671593,0.23973727422003283,0.7039999999999998,0.279999999994158,0.008,0.034482758620689655,0.12151067323397911,0.13300492610837436,0.06239737274220032,0.003284072249589491,0.22660098522167485,0.009852216748768471,0.006568144499178982,0.0016420361247947454,0.008210180623973726,0.003284072249589491,0.004926108374384236,0.26,0.311986864,0.436720143,0.748707006,0.307881773,22.66009852,6.239737274,626,671,141,0.2533532041728763,0.723404255319149,0.2624113475177305,0.014184397163120567,0.043219076005961254,0.11773472429210134,0.15797317436661698,0.05365126676602087,0.0,0.2757078986587183,0.004470938897168405,0.00894187779433681,0.0,0.01639344262295082,0.0029806259314456036,0.013412816691505217,0.272,0.311,0.476,0.788,0.337,27.6,5.4
65,Yordan Alvarez,HOU,139,426.7906976744186,496.0,93.1029900332226,0.24916943521594687,0.6902654867160292,0.2831858407079646,0.017699115044247787,0.061461794019933555,0.15780730897009965,0.1827242525,0.12126245847176079,0.013289036544850497,0.20764119601328904,0.011627906976744186,0.0066445182724252485,0.0,0.0016611295681063121,0.0016611295681063121,0.0,0.289,0.382059801,0.571428571,0.953488372,0.313888889,20.7641196,12.12624585,410,496,89,0.24193548387096775,0.7191011235955056,0.2696629213483146,0.011235955056179775,0.0625,0.15524193548387097,0.19556451612903225,0.13911290322580644,0.010080645161290322,0.18548387096774194,0.02620967741935484,0.008064516129032258,0.0,0.0,0.0,0.0,0.293,0.407,0.583,0.99,0.306,18.5,13.9
66,Luis Robert Jr.,CHW,139,550.5232558139535,595.0,128.48837209302326,0.2558139534883721,0.7615384615384615,0.2307692307692308,0.015384615384615387,0.03986710963455149,0.13953488372093023,0.14119601328903655,0.053156146179401995,0.0016611295681063123,0.20930232558139533,0.011627906976744188,0.006644518272425249,0.003322259136212625,0.028239202657807307,0.009966777408637873,0.01827242524916944,0.277,0.321666667,0.468581688,0.790248354,0.316301703,20.93023256,5.315614618,546,595,106,0.24201680672268908,0.6509433962264151,0.33962264150943394,0.009433962264150943,0.06386554621848739,0.15126050420168066,0.13445378151260504,0.05042016806722689,0.008403361344537815,0.28907563025210087,0.020168067226890758,0.0033613445378151263,0.0,0.03361344537815126,0.0067226890756302525,0.02689075630252101,0.264,0.315,0.542,0.857,0.314,28.9,5.0
67,Gunnar Henderson,BAL,139,538.3089700996678,622.0,115.72093023255815,0.21926910299003322,0.7232142857142857,0.23214285714285712,0.04464285714285714,0.03322259136212624,0.1345514950166113,0.12790697674418605,0.11461794019933555,0.0016611295681063123,0.2558139534883721,0.011627906976744186,0.00830564784053156,0.0,0.018272425249169433,0.0049833887043189366,0.013289036545016076,0.253,0.34551495,0.437619962,0.783134912,0.318181818,25.58139535,11.46179402,560,622,115,0.22990353697749197,0.6695652173913044,0.25217391304347825,0.0782608695652174,0.04501607717041801,0.1607717041800643,0.13183279742765272,0.09003215434083602,0.001607717041800643,0.25562700964630225,0.00482315112540193,0.00482315112540193,0.0,0.01607717041800643,0.00482315112540193,0.011254019292604502,0.255,0.325,0.489,0.814,0.306,25.6,9.0
68,Luis Arraez,MIA,139,554.4800664451827,617.0000000000001,160.91196013289039,0.27242524916943517,0.802547770700637,0.18471337579617833,0.025477707006369425,0.011627906976744186,0.12458471760129658,0.09136212624584718,0.08637873754152824,0.0033222591362126242,0.07973421926910298,0.0049833887043189366,0.00830564784053156,0.0016611295681063121,0.0066445182724252485,0.0049833887043189366,0.0016611295681063121,0.304,0.364392679,0.414048059,0.778440738,0.319755601,7.973421927,8.637873754,574,617,193,0.32901134521880065,0.8290155440414507,0.15544041450777202,0.015544041450777202,0.01620745542949757,0.11507293354943274,0.11183144246353323,0.05672609400324149,0.01620745542949757,0.055105348460291734,0.006482982171799027,0.004862236628849271,0.0016207455429497568,0.004862236628849271,0.0032414910858995136,0.0016207455429497568,0.354,0.393,0.469,0.861,0.362,5.5,5.7
69,Yandy Diaz,TBR,139,512.2923588039866,600.0,127.57475083056478,0.23588039867109634,0.7734375,0.22656249999999997,0.0078125,0.023255813953488372,0.12956810631229237,0.10132890365448506,0.12790697674418605,0.0033222591362126247,0.13289036545,0.008305647840531562,0.0066445182724252485,0.0033222591362126247,0.0066445182724252485,0.0033222591362126247,0.0033222591362126247,0.277,0.373333333,0.420233463,0.793566796,0.301886792,13.28903654,12.79069767,525,600,151,0.28833333333333333,0.7682119205298014,0.23178807947019867,0.0,0.03666666666666667,0.15833333333333333,0.13,0.10833333333333334,0.0,0.15666666666666668,0.013333333333333334,0.0033333333333333335,0.0,0.0,0.0016666666666666668,-0.0016666666666666668,0.33,0.41,0.522,0.932,0.367,15.7,10.8
70,Tim Anderson,CHW,139,494.4053156,524.0,128.8239202657807,0.2724252491694352,0.8040540540540543,0.1891891891891892,0.006756756756756758,0.026578073089701,0.13787375415282394,0.09634551495016612,0.03986710963455149,0.0016611295681063123,0.18936877076411962,0.00830564784053156,0.0049833887043189366,0.0049833887043189366,0.029900332225913623,0.00830564784053156,0.021594684389312977,0.289,0.321666667,0.426056338,0.747723005,0.335600907,18.93687708,3.986710963,493,524,120,0.23091603053435114,0.8333333333333334,0.15,0.016666666666666666,0.0019083969465648854,0.09923664122137404,0.04770992366412214,0.04961832061068702,0.0,0.23282442748091603,0.0057251908396946565,0.003816793893129771,0.0,0.02480916030534351,0.003816793893129771,0.02099236641221374,0.245,0.286,0.296,0.582,0.323,23.3,5.0
71,Jeremy Pena,HOU,139,583.4485049833886,633.9999999999999,120.05980066445181,0.22591362126245848,0.7894736842105262,0.19298245614035087,0.017543859649122806,0.036544850498338874,0.1196013289036545,0.12458471760797343,0.05647840531561462,0.0,0.23421926910299004,0.011627906976744186,0.008305647840694009,0.0033222591362126247,0.019933554817275753,0.006644518272425249,0.013289036544850499,0.246,0.295,0.411552347,0.706552347,0.287878788,23.42192691,5.647840532,577,634,142,0.23974763406940064,0.7535211267605634,0.22535211267605634,0.02112676056338028,0.015772870662460567,0.1277602523659306,0.08201892744479496,0.06782334384858044,0.0015772870662460567,0.20347003154574134,0.014195583596214511,0.0015772870662460567,0.0015772870662460567,0.02050473186119874,0.014195583596214511,0.006309148264984227,0.263,0.324,0.381,0.705,0.323,20.3,6.8
72,Ramon Laureano,OAK,139,360.3787375415282,404.0,70.46511627906978,0.20930232558139536,0.7142857142857142,0.2761904761904762,0.009523809523809523,0.03488372093023255,0.1245847176079734,0.10299003322259136,0.07142857142857141,0.0,0.260797342192691,0.026578073089700994,0.0066445182724252485,0.0033222591362126242,0.028239202657807307,0.011627906976744184,0.016611295681063124,0.235,0.308333333,0.409683426,0.71801676,0.289256198,26.07973422,7.142857143,361,404,72,0.2004950495049505,0.6944444444444444,0.25,0.05555555555555555,0.022277227722772276,0.11386138613861387,0.08663366336633663,0.08168316831683169,0.0,0.28217821782178215,0.022277227722772276,0.0024752475247524753,0.0,0.0297029702970297,0.0024752475247524753,0.027227722772277228,0.224,0.304,0.371,0.676,0.301,28.2,8.2
73,Josh Bell,CLE,139,533.9817275747508,617.0000000000001,114.79069767132893,0.21760797342192692,0.7589285714489987,0.22321428572029373,0.017857142857623496,0.031561461799027545,0.11794019933554817,0.12790697674230145,0.11794019933554817,0.0049833887043189366,0.19102990033222592,0.00830564784053156,0.0066445182724252485,0.0016611295681063121,0.0016611295681063121,0.0016611295681063121,0.0,0.252,0.344425957,0.416506718,0.760932675,0.286445013,19.10299003,11.79401993,547,617,113,0.2188006482982172,0.7522123893805309,0.24778761061946902,0.0,0.03565640194489465,0.08427876823338736,0.11993517017828201,0.10210696920583469,0.0032414910858995136,0.2171799027552674,0.0032414910858995136,0.004862236628849271,0.0,0.0,0.0016207455429497568,-0.0016207455429497568,0.247,0.325,0.419,0.744,0.287,21.7,10.2
74,Joey Meneses,WSN,139,605.7059800664452,657.0000000000001,130.96345514950167,0.24252491694352157,0.7666666666666668,0.22500000000000003,0.008333333333333333,0.04318936877076412,0.10797342192691028,0.12790697674418602,0.061461794019933555,0.0049833887043189366,0.2308970099667774,0.0066445182724252485,0.009966777408637873,0.0016611295681063121,0.0016611295681063121,0.0016611295681063121,0.0,0.263,0.310631229,0.455855856,0.766487085,0.303030303,23.089701,6.146179402,611,657,155,0.2557077625570776,0.7612903225806451,0.23225806451612904,0.0064516129032258064,0.0197869101978691,0.1080669710806697,0.1354642313546423,0.0578386605783866,0.0,0.197869101978691,0.0076103500761035,0.0045662100456621,0.0,0.0,0.0,0.0,0.275,0.321,0.401,0.722,0.329,19.8,5.8
75,George Springer,TOR,138,598.0554621848739,683.0,121.67731092462184,0.22689075630252098,0.7547169811305119,0.22641509433915355,0.028301886792394194,0.04873949579795022,0.15126050420168066,0.13445378151260504,0.09915966386554621,0.0016806722689075631,0.1899159663865546,0.013445378151260503,0.006722689075630252,0.0050420168067226885,0.018487394957983194,0.0050420168067226885,0.013445378151260503,0.26,0.341216216,0.485604607,0.826820823,0.276762402,18.99159664,9.915966387,613,683,137,0.23133235724743778,0.8102189781021898,0.18248175182481752,0.0072992700729927005,0.03074670571010249,0.1273792093704246,0.1054172767203514,0.08784773060029283,0.0014641288433382138,0.18301610541727673,0.007320644216691069,0.004392386530014641,0.0,0.029282576866764276,0.007320644216691069,0.021961932650073207,0.258,0.327,0.405,0.732,0.291,18.3,8.8
76,Gleyber Torres,NYY,138,603.1058823529412,672.0,131.01176470588237,0.23361344537815126,0.7672413793103446,0.2241379310344827,0.008620689655172412,0.038655462184873944,0.12773109243697478,0.12773109243697478,0.08403361344537816,0.003361344537815126,0.2084033613445378,0.006722689075630252,0.006722689075630252,0.005042016806722689,0.020168067226890758,0.008403361344537815,0.011764705882352941,0.26,0.326013514,0.441947566,0.767961079,0.296675192,20.84033613,8.403361345,596,672,138,0.2425595238095238,0.782608695652174,0.2028985507246377,0.014492753623188406,0.03720238095238095,0.13392857142857142,0.10119047619047619,0.09970238095238096,0.0,0.14583333333333334,0.004464285714285714,0.008928571428571428,0.0,0.019345238095238096,0.008928571428571428,0.010416666666666666,0.273,0.347,0.453,0.8,0.288,14.6,10.0
77,Riley Greene,DET,138,371.2537815,416.0,84.59831932773108,0.22689075630252095,0.7438016528925622,0.20661157024793392,0.041322314049586785,0.02352941176470588,0.12436974789915965,0.09915966386554621,0.08907563025210083,0.001680672268907563,0.2638655462184874,0.008403361344537815,0.006722689075630252,0.0050420168067226885,0.01176470588235294,0.006722689075630252,0.0050420168067226885,0.253,0.325463744,0.397363465,0.722827209,0.332417582,26.38655462,8.907563025,378,416,98,0.2620192307692308,0.7653061224489796,0.19387755102040816,0.04081632653061224,0.026442307692307692,0.12259615384615384,0.0889423076923077,0.08413461538461539,0.0,0.27403846153846156,0.002403846153846154,0.004807692307692308,0.0,0.016826923076923076,0.0,0.016826923076923076,0.288,0.349,0.447,0.796,0.384,27.4,8.4
78,Taylor Ward,LAA,138,356.0705882352941,409.0,77.67563025235295,0.22521008403422985,0.7345132743338992,0.25663716814076,0.017699115044190344,0.03529411764705883,0.13781512605042018,0.11596638655462184,0.10756302521008404,0.0,0.2235294117603912,0.011764705882352941,0.005042016806845966,0.005042016806845966,0.011764705882352941,0.0033613445378151263,0.008403361344537816,0.26,0.346283784,0.445945946,0.79222973,0.307901907,22.35294118,10.75630252,356,409,76,0.2200488997555012,0.7631578947368421,0.23684210526315788,0.0,0.034229828850855744,0.1466992665036675,0.11491442542787286,0.09535452322738386,0.0,0.19559902200489,0.019559902200488997,0.014669926650366748,0.0,0.009779951100244499,0.004889975550122249,0.004889975550122249,0.253,0.335,0.421,0.756,0.284,19.6,9.5
79,Yoan Moncada,CHW,138,316.2,357.0,67.2,0.2184873949579832,0.7321428571428572,0.25,0.017857142857142856,0.030252100840336138,0.11596638655462184,0.11428571428571428,0.09747899159663864,0.003361344537815126,0.25882352941176473,0.010084033613445379,0.0050420168067226885,0.001680672268907563,0.006722689075630252,0.003361344537815126,0.003361344537815126,0.247,0.326599327,0.409867173,0.736466499,0.312849162,25.88235294,9.74789916,334,357,76,0.24369747899159663,0.7236842105263158,0.2631578947368421,0.013157894736842105,0.03081232492997199,0.1092436974789916,0.11204481792717087,0.056022408963585436,0.0,0.29971988795518206,0.0056022408963585435,0.0028011204481792717,0.0,0.0028011204481792717,0.0,0.0028011204481792717,0.26,0.305,0.425,0.73,0.35,30.0,5.6
80,Alex Verdugo,BOS,138,546.3529411764706,602.0,144.68235294117645,0.2621848739495798,0.7272727272727274,0.2517482517482518,0.013986013986013988,0.021848739495798318,0.1226890756302521,0.11596638655462185,0.07563025210084034,0.0050420168067226885,0.1445378151260504,0.006722689075630252,0.008403361344537815,0.001680672268907563,0.006722689075630252,0.003361344537815126,0.003361344537815126,0.288,0.345117845,0.433333333,0.778451178,0.320627803,14.45378151,7.56302521,546,602,131,0.23920265780730898,0.6793893129770993,0.2824427480916031,0.03816793893129771,0.02159468438538206,0.1345514950166113,0.08970099667774087,0.07475083056478406,0.0016611295681063123,0.15448504983388706,0.009966777408637873,0.008305647840531562,0.0,0.008305647840531562,0.0049833887043189366,0.0033222591362126247,0.264,0.324,0.421,0.745,0.294,15.4,7.5
81,C.J. Cron,COL,138,248.5647058823529,278.0,51.39495798319329,0.23025210084033615,0.7272727272727273,0.2545454545454545,0.0181818181913015,0.0453781512605042,0.1226890756302521,0.15294117647058822,0.08235294117647059,0.008403361344537815,0.2453781512605042,0.01680672268907563,0.006722689075539568,0.0016806722689075631,0.0,0.0016806722689075631,-0.0016806722697841727,0.258,0.329411765,0.469924812,0.799336577,0.303030303,24.53781513,8.235294118,258,278,52,0.2302158273381295,0.7692307692307693,0.23076923076923078,0.0,0.04316546762589928,0.1366906474820144,0.13309352517985612,0.06115107913669065,0.0,0.23381294964028776,0.0035971223021582736,0.007194244604316547,0.0,0.0,0.0,0.0,0.248,0.295,0.434,0.729,0.284,23.4,6.1
82,Ozzie Albies,ATL,136,605.0,660.0,134.69387755102042,0.24149659863945577,0.7083333333333333,0.2666666666666666,0.025000000001666665,0.03741496598639456,0.13435374149659862,0.13265306122448978,0.06632653061224489,0.0017006802721088435,0.17687074833333333,0.006802721088435374,0.008503401360544217,0.0017006802721088435,0.023809523809523808,0.008503401360544217,0.015306122448979591,0.264,0.31516184,0.456400742,0.771562582,0.28708134,17.68707483,6.632653061,596,660,134,0.25303030303030305,0.7388059701492538,0.22388059701492538,0.03731343283582089,0.05,0.14545454545454545,0.16515151515151516,0.0696969696969697,0.0030303030303030303,0.1621212121212121,0.012121212121212121,0.012121212121212121,0.0,0.019696969696969695,0.0015151515151515152,0.01818181818181818,0.28,0.336,0.513,0.849,0.289,16.2,7.0
83,Nico Hoerner,CHC,136,629.4965986394558,688.0,161.46938775510202,0.25170068027210885,0.7753623188405798,0.19565217391304354,0.028985507246376815,0.017006802721088437,0.11564625850340136,0.1054421768707483,0.06292517006802721,0.006802721088435374,0.12244897959183673,0.013605442176870751,0.00510204081632653,0.003401360544217687,0.034013605442176874,0.008503401360544218,0.02551020408163265,0.276,0.329351536,0.395910781,0.725262317,0.300653595,12.24489796,6.292517007,619,688,166,0.2543604651162791,0.8132530120481928,0.16265060240963855,0.024096385542168676,0.01308139534883721,0.14244186046511628,0.09883720930232558,0.07122093023255814,0.0,0.12063953488372094,0.020348837209302327,0.007267441860465116,0.0014534883720930232,0.0625,0.010174418604651164,0.05232558139534884,0.283,0.346,0.383,0.729,0.312,12.1,7.1
85,Ke'Bryan Hayes,PIT,136,472.3214285714286,525.0,108.92857142857143,0.2261904761904762,0.721311475409836,0.24590163934426232,0.024590163934426233,0.01870748299319728,0.11224489795918367,0.09183673469387757,0.08503401360544219,0.0,0.21258503401360546,0.008503401360544218,0.005102040816326531,0.0017006802721088437,0.02891156462585034,0.006802721088435376,0.022108843537414966,0.251,0.320272572,0.379962193,0.700234765,0.308080808,21.2585034,8.503401361,494,525,119,0.25523809523809526,0.680672268907563,0.2605042016806723,0.058823529411764705,0.02857142857142857,0.12380952380952381,0.11619047619047619,0.05333333333333334,0.0019047619047619048,0.1980952380952381,0.0,0.005714285714285714,0.0,0.01904761904761905,0.011428571428571429,0.007619047619047619,0.271,0.309,0.453,0.762,0.315,19.8,5.3
86,Ryan McMahon,COL,136,553.4234693877551,627.0,114.09693877551021,0.21938775510204084,0.7476635514108125,0.24299065420560748,0.018691588783079194,0.037414965986394565,0.12244897959183673,0.1292517006802721,0.10034013605442177,0.0017006802721088435,0.2568027210884354,0.008503401360544218,0.006802721087719298,0.0017006802721088435,0.010204081632653062,0.005102040816326531,0.005102040816326531,0.249,0.32879046,0.435452794,0.764243254,0.305714286,25.68027211,10.03401361,555,627,110,0.21212121212121213,0.6909090909090909,0.2818181818181818,0.02727272727272727,0.03668261562998405,0.12759170653907495,0.11164274322169059,0.10845295055821372,0.003189792663476874,0.3157894736842105,0.001594896331738437,0.004784688995215311,0.0,0.007974481658692184,0.007974481658692184,0.0,0.24,0.322,0.431,0.753,0.326,31.6,10.8
87,Austin Hays,BAL,136,519.7959183673469,566.0,111.65986394557822,0.2312925170068027,0.7155172413793104,0.25862068965517243,0.017241379310344827,0.03401360544217687,0.12074829931972787,0.12414965985865725,0.057823129251700675,0.0,0.1989795918367347,0.01530612244876325,0.00510204081632653,0.003401360544217687,0.008503401360544217,0.00510204081632653,0.003401360544217687,0.252,0.305460751,0.424074074,0.729534825,0.285714286,19.89795918,5.782312925,520,566,127,0.25265017667844525,0.7007874015748031,0.28346456692913385,0.015748031496062992,0.028268551236749116,0.13427561837455831,0.11837455830388692,0.06713780918727916,0.0017667844522968198,0.24911660777385158,0.00530035335689046,0.0088339222614841,0.0,0.0088339222614841,0.0017667844522968198,0.007067137809187279,0.275,0.325,0.444,0.769,0.345,24.9,6.7
89,Jorge Polanco,MIN,134,304.03614457831327,343.0,66.12048192771086,0.22891566265060243,0.7499999999999999,0.24107142857142855,0.017857142857142853,0.03614457831325302,0.12908777969018934,0.12564543889845098,0.09810671256454388,0.0017211703958691911,0.19277108433734938,0.00688468158309038,0.008605851979345956,0.0017211703958691911,0.012048192771084336,0.00688468158309038,0.0051635111876075735,0.259,0.333907057,0.442718447,0.776625503,0.289405685,19.27710843,9.810671256,302,343,63,0.22448979591836735,0.7142857142857143,0.2857142857142857,0.0,0.04081632653061224,0.11078717201166181,0.13994169096209913,0.10495626822157435,0.0,0.2565597667638484,0.0058309037900874635,0.008746355685131196,0.0,0.011661807580174927,0.0,0.011661807580174927,0.255,0.335,0.454,0.789,0.31,25.7,10.5
90,Max Muncy,LAD,134,482.3339070567986,579.0,81.71772805507743,0.1858864027538726,0.7195121951219515,0.2560975609756099,0.012195121951219514,0.04475043029259897,0.1342512908777969,0.13253012048192772,0.14629948364888123,0.0034423407917383835,0.23752151462994836,0.013769363166953529,0.006884681583476765,0.001721170395869191,0.0034423407917383835,0.001721170395869191,0.001721170395869191,0.223,0.34595525,0.429752066,0.775707316,0.25308642,23.75215146,14.62994836,482,579,66,0.17616580310880828,0.7272727272727273,0.25757575757575757,0.015151515151515152,0.06217616580310881,0.16407599309153714,0.18134715025906736,0.14680483592400692,0.0069084628670120895,0.26424870466321243,0.010362694300518135,0.010362694300518135,0.0,0.0017271157167530224,0.0034542314335060447,-0.0017271157167530224,0.212,0.333,0.475,0.808,0.221,26.4,14.7
91,Jake McCarthy,ARI,134,281.9277108433735,312.0,64.9776247848537,0.23063683304647162,0.7272727272727274,0.21487603305785127,0.057851239669421496,0.022375215146299483,0.12392426850258176,0.11531841652323581,0.07573149741824442,0.0,0.22719449225473326,0.01204819277108434,0.0051635111876075735,0.0034423407917383822,0.04819277108433736,0.013769363166953529,0.03442340791738382,0.255,0.319516408,0.405714286,0.725230693,0.315926893,22.71944923,7.573149742,276,312,65,0.21474358974358973,0.8153846153846154,0.1076923076923077,0.07692307692307693,0.00641025641025641,0.11858974358974358,0.05128205128205128,0.08333333333333333,0.0,0.1987179487179487,0.016025641025641024,0.003205128205128205,0.01282051282051282,0.08333333333333333,0.01282051282051282,0.07051282051282051,0.243,0.318,0.326,0.644,0.305,19.9,8.3
92,Jeimer Candelario,WSN,134,515.5249569707402,576.0,107.07056798623063,0.21686746987951805,0.6944444444444445,0.27777777777777785,0.018518518518518517,0.030981067125645436,0.11187607573149744,0.11531841652323581,0.08777969018932875,0.0017211703958333333,0.2271944922547332,0.010327022375215147,0.0051635111876075735,0.0017211703958333333,0.0017211703958333333,0.0017211703958333333,0.0,0.242,0.315517241,0.409615385,0.725132626,0.289544236,22.71944923,8.777969019,505,576,105,0.2204861111111111,0.6,0.37142857142857144,0.02857142857142857,0.03819444444444445,0.13368055555555555,0.12152777777777778,0.0920138888888889,0.001736111111111111,0.2204861111111111,0.022569444444444444,0.006944444444444444,0.0,0.013888888888888888,0.001736111111111111,0.012152777777777778,0.251,0.336,0.471,0.807,0.292,22.0,9.2
93,Tyler O'Neill,STL,133,237.26829268292684,266.0,45.41463414634146,0.2177700348432056,0.7653061224489797,0.22448979591836735,0.010204081632653062,0.047038327526132406,0.1393728222996516,0.14285714285714285,0.0818815331010453,0.0,0.28222996515679444,0.0156794425087108,0.008710801393728226,0.0017421602787456446,0.027874564459930314,0.008710801393728226,0.01916376306620209,0.245,0.315881326,0.44921875,0.765100076,0.298780488,28.22299652,8.18815331,238,266,46,0.20676691729323307,0.6956521739130435,0.30434782608695654,0.0,0.03383458646616541,0.10150375939849623,0.07894736842105263,0.10526315789473684,0.0,0.2518796992481203,0.0,0.0,0.0,0.018796992481203006,0.0,0.018796992481203006,0.231,0.312,0.403,0.715,0.284,25.2,10.5
94,Starling Marte,NYM,133,310.10801393728224,341.0,73.66550522648083,0.2421602787456446,0.7661290322580646,0.20161290322580647,0.03225806451329108,0.02613240418118467,0.13937282229965156,0.11672473867595819,0.059233449477351915,0.0017421602787456446,0.19337979094076654,0.024390243902439022,0.005226480836236933,0.003484320557491289,0.045296167247386755,0.01393728222996516,0.0313588850174216,0.266,0.326352531,0.415708812,0.742061343,0.310776942,19.33797909,5.923344948,315,341,73,0.2287390029325513,0.8904109589041096,0.0958904109589041,0.0136986301369863,0.01466275659824047,0.11143695014662756,0.08211143695014662,0.0469208211143695,0.002932551319648094,0.20234604105571846,0.02346041055718475,0.0,0.005865102639296188,0.07038123167155426,0.011730205278592375,0.05865102639296188,0.248,0.301,0.324,0.625,0.303,20.2,4.7
95,Thairo Estrada,SFG,133,481.0627177700349,530.0,110.80139372822299,0.23693379790940766,0.7666666666666667,0.21666666666666665,0.016666666666666666,0.027874564459930314,0.1289198606271777,0.11498257839721254,0.06271777003773585,0.0,0.17247386759581881,0.019163763066202093,0.005226480836236933,0.003484320557491289,0.0313588850174216,0.010452961672473867,0.020905923344947733,0.261,0.320490368,0.41074856,0.731238928,0.293398533,17.24738676,6.271777003,495,530,120,0.2528301886792453,0.7666666666666667,0.21666666666666667,0.016666666666666666,0.026415094339622643,0.11886792452830189,0.09245283018867924,0.04150943396226415,0.0018867924528301887,0.22641509433962265,0.020754716981132074,0.0037735849056603774,0.0,0.04339622641509434,0.013207547169811321,0.03018867924528302,0.271,0.315,0.416,0.731,0.331,22.6,4.2
96,Vinnie Pasquantino,KCR,133,227.8397212543554,260.0,52.543554006968634,0.24041811846689895,0.7155172413793104,0.26724137931034486,0.01724137931034483,0.038327526132404185,0.12195121951219512,0.13588850174216027,0.10452961672473866,0.003484320557491289,0.13763066202090593,0.010452961672473865,0.008710801393728223,0.0,0.003484320557491289,0.0017421602787456446,0.0017421602787456446,0.273,0.355400697,0.475149105,0.830549802,0.285012285,13.7630662,10.45296167,231,260,48,0.21923076923076923,0.6458333333333334,0.3541666666666667,0.0,0.03461538461538462,0.09230769230769231,0.1,0.09615384615384616,0.007692307692307693,0.11923076923076924,0.007692307692307693,0.0038461538461538464,0.0,0.0,0.0,0.0,0.247,0.324,0.437,0.762,0.25,11.9,9.6
97,Mitch Haniger,SFG,133,203.06794425087108,229.0,41.49128919875959,0.22125435540069688,0.7499999999972287,0.22115384614933395,0.01923076923069817,0.040069686410480344,0.1324041811790393,0.13588850174216027,0.09059233449477352,0.003484320557491289,0.2369337979094077,0.013937282229965157,0.008710801393728223,0.0017421602787456446,0.0017421602787456446,0.0017421602787456446,0.0,0.249,0.325783972,0.436149312,0.761933285,0.292957746,23.69337979,9.059233449,211,229,38,0.19213973799126638,0.631578947368421,0.34210526315789475,0.02631578947368421,0.026200873362445413,0.11790393013100436,0.1222707423580786,0.06550218340611354,0.0,0.2838427947598253,0.008733624454148471,0.004366812227074236,0.0,0.004366812227074236,0.0,0.004366812227074236,0.209,0.266,0.365,0.631,0.27,28.4,6.6
100,Daulton Varsho,TOR,133,523.2041884816755,581.0,98.35427574171031,0.21989528795811522,0.7216494845360825,0.2577319587628865,0.030927835051546393,0.05061082024432809,0.13961605584642234,0.15183246073298431,0.07853403141361258,0.0017452006980802795,0.23211169284467717,0.010471204188481678,0.006980802792321118,0.003490401396160559,0.02443280977312391,0.008726003490401396,0.015706806282271946,0.244,0.309982487,0.474806202,0.784788688,0.270949721,23.21116928,7.853403141,527,581,96,0.19965576592082615,0.7291666666666666,0.23958333333333334,0.03125,0.03442340791738382,0.11187607573149742,0.10499139414802065,0.0774526678141136,0.0,0.23235800344234078,0.0068846815834767644,0.0051635111876075735,0.0017211703958691911,0.027538726333907058,0.012048192771084338,0.01549053356282272,0.22,0.285,0.389,0.674,0.256,23.2,7.7
101,Salvador Perez,KCR,141,541.4685314685314,580.0,109.51048951048949,0.24125874125874125,0.7592592592592594,0.22222222222222224,0.01851851851851852,0.05244755244755245,0.11713286713286712,0.1555944055944056,0.043706293706293704,0.0034965034965034965,0.24125874125874125,0.01573426573426573,0.006993006993006993,0.0,0.0017482517482517483,0.0017482517482517483,0.0,0.259,0.300699301,0.479400749,0.78010005,0.291891892,24.12587413,4.370629371,538,580,114,0.23620689655172414,0.8157894736842105,0.18421052631578946,0.0,0.039655172413793106,0.10172413793103448,0.13793103448275862,0.032758620689655175,0.010344827586206896,0.23275862068965517,0.022413793103448276,0.013793103448275862,0.0,0.0,0.0,0.0,0.255,0.292,0.422,0.714,0.294,23.3,3.3
102,Sean Murphy,ATL,141,384.8857644991213,438.0,77.74692442882251,0.2161687170474517,0.6930693069306929,0.29702970297029696,0.0099009900990099,0.03866432337434095,0.12302284710017575,0.140597539543379,0.09490333919156414,0.0017574692442882249,0.22495606326889278,0.019332161687170474,0.00702987697716895,0.0017574692442882249,0.0017574692442882249,0.0017574692442882249,0.0,0.247,0.330404218,0.442,0.772404218,0.285310734,22.49560633,9.490333919,370,438,72,0.21232876712328766,0.7083333333333334,0.2916666666666667,0.0,0.04794520547945205,0.14840182648401826,0.1552511415525114,0.11187214611872145,0.0,0.2237442922374429,0.0410958904109589,0.00228310502283105,0.0,0.0,0.0,0.0,0.251,0.365,0.478,0.844,0.286,22.4,11.2
104,Jazz Chisholm Jr.,MIA,131,345.17283950617286,383.0,68.22398589065256,0.22222222222222224,0.7425742574257428,0.21782178217821785,0.04950495049504951,0.04409171075837742,0.14462081128747795,0.12698412698412698,0.07760141093474428,0.0,0.2592592592689295,0.008818342151675485,0.0070546737213403885,0.005291005291005292,0.04938271604938272,0.01940035273368607,0.029982363315696647,0.247,0.310283688,0.457925636,0.768209324,0.294460641,25.92592593,7.760141093,352,383,69,0.2297650130548303,0.7971014492753623,0.17391304347826086,0.028985507246376812,0.04960835509138381,0.13054830287206268,0.13315926892950392,0.06788511749347259,0.0,0.30809399477806787,0.005221932114882507,0.005221932114882507,0.0026109660574412533,0.057441253263707574,0.007832898172323759,0.04960835509138381,0.25,0.304,0.457,0.761,0.318,30.8,6.8
106,Anthony Rizzo,NYY,131,360.1146384479718,421.0,67.5679012307231,0.2045855379097387,0.7472527472952681,0.2307692307823622,0.010989010989636295,0.04409171075837742,0.12874779541446207,0.13580246913580246,0.10052910052910052,0.0070546737213403885,0.1763668430335097,0.03527336860670194,0.0070546737213403885,0.0017636684303350971,0.012345679012345678,0.00529100529100529,0.0070546737213403885,0.239,0.340989399,0.439175258,0.780164657,0.25,17.6366843,10.05291005,373,421,79,0.2161520190023753,0.8227848101265823,0.17721518987341772,0.0,0.028503562945368172,0.10688836104513064,0.09738717339667459,0.0831353919239905,0.0023752969121140144,0.23040380047505937,0.028503562945368172,0.0023752969121140144,0.0,0.0,0.007125890736342043,-0.007125890736342043,0.244,0.328,0.378,0.706,0.298,23.0,8.3
107,J.D. Martinez,LAD,131,430.0017636684303,479.0,90.3932980599647,0.22751322751322747,0.7196261682242991,0.2710280373831776,0.009345794392523367,0.03880070546737214,0.12345679012345681,0.13580246913580246,0.08641975308641976,0.005291005291005291,0.25044091710758376,0.0070546737213403885,0.0070546737213403885,0.0017636684303350971,0.0,0.0017636684303350971,-0.0017636684300626304,0.253,0.32155477,0.444007859,0.765562629,0.306590258,25.04409171,8.641975309,432,479,84,0.24425887265135698,0.6547619047619048,0.32142857142857145,0.023809523809523808,0.06889352818371608,0.12734864300626306,0.2150313152400835,0.0709812108559499,0.0020876826722338203,0.31106471816283926,0.0041753653444676405,0.018789144050104383,0.0,0.0020876826722338203,0.0,0.0020876826722338203,0.271,0.321,0.572,0.893,0.324,31.1,7.1
108,Byron Buxton,MIN,130,312.9196428571429,347.0,57.00714285714285,0.2232142857142857,0.641304347826087,0.3260869565217392,0.032608695652173926,0.05892857142857144,0.16071428571428573,0.13749999999999998,0.07321428571428572,0.0,0.2767857142857143,0.01607142857142857,0.005357142857142859,0.0035714285714285718,0.02142857142857143,0.005357142857142859,0.01607142857142857,0.247,0.313620072,0.514851485,0.828471557,0.2875,27.67857143,7.321428571,304,347,46,0.18155619596541786,0.6086956521739131,0.3695652173913043,0.021739130434782608,0.04899135446685879,0.14121037463976946,0.12103746397694524,0.10086455331412104,0.005763688760806916,0.31412103746397696,0.011527377521613832,0.011527377521613832,0.0,0.025936599423631124,0.0,0.025936599423631124,0.207,0.294,0.438,0.731,0.253,31.4,10.1
109,Harrison Bader,NYY,130,310.2142857142857,344.0,66.95714285714286,0.225,0.743119266055046,0.22018348623853212,0.027522935779816515,0.030357142857142864,0.12142857142857143,0.11964285714285715,0.075,0.0035714285714285718,0.225,0.01607142857142857,0.005357142857142857,0.0017857142857142859,0.03571428571428572,0.010714285714285714,0.025000000000000005,0.249,0.316636852,0.407920792,0.724557644,0.298630137,22.5,7.5,319,344,67,0.21511627906976744,0.7910447761194029,0.1791044776119403,0.029850746268656716,0.020348837209302327,0.12790697674418605,0.11627906976744186,0.04941860465116279,0.0,0.17151162790697674,0.00872093023255814,0.011627906976744186,0.0029069767441860465,0.05813953488372093,0.00872093023255814,0.04941860465116279,0.232,0.274,0.348,0.622,0.261,17.2,4.9
110,Brandon Lowe,TBR,130,383.8357142857143,436.0,71.62857142857143,0.21250000000000002,0.7065217391304348,0.2717391304347826,0.021739130434782608,0.04821428571428571,0.13392857142857142,0.14464285714285716,0.09821428571428571,0.0017857142857142857,0.25,0.014285714285714285,0.005357142857142857,0.0017857142857142857,0.008928571428571428,0.0017857142857142857,0.007142857142857143,0.242,0.325581395,0.464503043,0.790084438,0.279635258,25.0,9.821428571,377,436,66,0.19954128440366972,0.7575757575757576,0.22727272727272727,0.015151515151515152,0.0481651376146789,0.13302752293577982,0.1559633027522936,0.11467889908256881,0.0,0.27293577981651373,0.013761467889908258,0.006880733944954129,0.0,0.016055045871559634,0.0,0.016055045871559634,0.231,0.328,0.443,0.771,0.275,27.3,11.5
111,Jean Segura,MIA,130,296.8928571428572,326.0,74.51428571428572,0.24821428571428572,0.796875,0.1875,0.015625,0.019642857142857146,0.11249999999999999,0.09464285714285715,0.06607142857142857,0.0035714285714285718,0.15000000000000002,0.014285714285714287,0.005357142857142857,0.0017857142857142859,0.023214285714285715,0.00892857142857143,0.014285714285714287,0.272,0.329749104,0.392156863,0.721905967,0.306220096,15.0,6.607142857,301,326,63,0.20245398773006135,0.8888888888888888,0.07936507936507936,0.031746031746031744,0.009202453987730062,0.07668711656441718,0.06441717791411043,0.06748466257668712,0.003067484662576687,0.1441717791411043,0.006134969325153374,0.0,0.003067484662576687,0.018404907975460124,0.006134969325153374,0.012269938650306749,0.219,0.277,0.279,0.556,0.251,14.4,6.7
112,Enrique Hernandez,BOS,130,451.75714285714287,508.0,97.06428571428572,0.21785714285714286,0.691588785046729,0.29906542056074764,0.01869158878504673,0.026785714285714288,0.12142857142857143,0.1125,0.0857142857142857,0.0017857142857142859,0.1910714285714286,0.012499999999999999,0.008928571428571428,0.0035714285714285718,0.0035714285714285718,0.0017857142857142859,0.0017857142857142859,0.245,0.317204301,0.409638554,0.726842855,0.280839895,19.10714286,8.571428571,465,508,99,0.21653543307086615,0.7676767676767676,0.23232323232323232,0.0,0.021653543307086614,0.11220472440944881,0.12007874015748031,0.06692913385826772,0.001968503937007874,0.19094488188976377,0.005905511811023622,0.011811023622047244,0.0,0.007874015748031496,0.001968503937007874,0.005905511811023622,0.237,0.289,0.357,0.646,0.273,19.1,6.7
113,Mike Yastrzemski,SFG,130,334.05535714285713,381.0,64.63392857142857,0.20535714285714285,0.6526315789473685,0.3157894736842105,0.031578947368421054,0.03571428571428571,0.13035714285714287,0.11964285714285715,0.1,0.0035714285714285718,0.25178571428571433,0.0125,0.0071428571428571435,0.0035714285714285718,0.008928571428571428,0.0035714285714285718,0.005357142857142857,0.234,0.318996416,0.429735234,0.74873165,0.284431138,25.17857143,10.0,330,381,62,0.2020997375328084,0.6129032258064516,0.3709677419354839,0.016129032258064516,0.03937007874015748,0.14173228346456693,0.11286089238845144,0.11811023622047244,0.007874015748031496,0.25984251968503935,0.007874015748031496,0.0026246719160104987,0.005249343832020997,0.005249343832020997,0.005249343832020997,0.0,0.233,0.33,0.445,0.775,0.286,26.0,11.8
114,Ezequiel Tovar,COL,130,566.6785714285714,615.0,138.375,0.2535714285714286,0.746031746031746,0.22222222222222224,0.03174603174603175,0.028571428571428574,0.12321428571428572,0.13035714285714287,0.05357142857142858,0.0,0.1875,0.010714285714285716,0.0071428571428571435,0.0071428571428571435,0.025,0.0071428571428571435,0.01785714285714286,0.274,0.320143885,0.437984496,0.758128381,0.315789474,18.75,5.357142857,581,615,132,0.23902439024390243,0.6893939393939394,0.2803030303030303,0.030303030303030304,0.024390243902439025,0.12845528455284552,0.11869918699186992,0.04065040650406504,0.0,0.26991869918699185,0.0065040650406504065,0.004878048780487805,0.0032520325203252032,0.01788617886178862,0.008130081300813009,0.00975609756097561,0.253,0.287,0.408,0.695,0.328,27.0,4.1
115,Hunter Renfroe,LAA,130,495.1571428571429,548.0,91.98571428571428,0.22142857142857142,0.7127659574468086,0.26595744680851063,0.010638297872340425,0.053571428571428575,0.13035714285714287,0.1446428571350365,0.07857142857142857,0.0017857142857142854,0.2392857142857143,0.007142857142857143,0.008928571428571428,0.0017857142857142854,0.0035714285714285713,0.0017857142857142854,0.0017857142857142854,0.245,0.307692308,0.4743083,0.782000608,0.270893372,23.92857143,7.857142857,498,548,96,0.2116788321167883,0.6770833333333334,0.3229166666666667,0.0,0.0364963503649635,0.10948905109489052,0.10948905109489052,0.08029197080291971,0.0,0.2281021897810219,0.005474452554744526,0.005474452554744526,0.0,0.0,0.0,0.0,0.233,0.297,0.416,0.713,0.27,22.8,8.0
116,CJ Abrams,WSN,130,571.2392857142858,614.0,138.15,0.24285714285714288,0.7539682539682538,0.23015873015873015,0.02380952380952381,0.01785714285714286,0.11607142857142859,0.09642857142857143,0.0375,0.0,0.1767857142857143,0.019642857142857146,0.0071428571428571435,0.005357142857142858,0.03214285714285715,0.014285714285714287,0.01785714285714286,0.261,0.301615799,0.387715931,0.68933173,0.302884615,17.67857143,3.75,563,614,120,0.2247557003257329,0.7166666666666667,0.23333333333333334,0.05,0.029315960912052116,0.13517915309446255,0.10423452768729642,0.05211726384364821,0.003257328990228013,0.19218241042345277,0.021172638436482084,0.004885993485342019,0.004885993485342019,0.07654723127035831,0.006514657980456026,0.07003257328990228,0.245,0.3,0.412,0.712,0.279,19.2,5.2
117,Josh Naylor,CLE,130,446.38392857142856,495.0,98.11607142857144,0.23571428571428574,0.7207207207207206,0.27027027027027023,0.0,0.0375,0.11607142857142856,0.1392857142857143,0.08035714285714288,0.005357142857142857,0.15892857142857145,0.008928571428571428,0.007142857142857143,0.0017857142857142857,0.010714285714285714,0.0035714285714285713,0.007142857142857143,0.262,0.325581395,0.443564356,0.769145752,0.278195489,15.89285714,8.035714286,452,495,122,0.2808080808080808,0.7459016393442623,0.2540983606557377,0.0,0.03434343434343434,0.10505050505050505,0.19595959595959597,0.06666666666666667,0.01818181818181818,0.13737373737373737,0.006060606060606061,0.014141414141414142,0.0,0.020202020202020204,0.006060606060606061,0.014141414141414142,0.308,0.354,0.489,0.842,0.326,13.7,6.7
119,Spencer Torkelson,DET,130,596.0571428571429,684.0,113.59285714285714,0.2017857142857143,0.7204301075268817,0.2580645161290323,0.010752688172043012,0.03571428571428572,0.1125,0.11607142857142859,0.10357142857142859,0.0017857142857142859,0.2392857142857143,0.0125,0.00892857142857143,0.0035714285714285718,0.0035714285714285718,0.0035714285714285718,0.0,0.232,0.318996416,0.405737705,0.724734121,0.274336283,23.92857143,10.35714286,606,684,110,0.20614035087719298,0.6818181818181818,0.3090909090909091,0.00909090909090909,0.04532163742690058,0.1286549707602339,0.13742690058479531,0.097953216374269,0.0014619883040935672,0.25,0.008771929824561403,0.007309941520467836,0.0,0.0043859649122807015,0.0,0.0043859649122807015,0.233,0.313,0.446,0.758,0.269,25.0,9.8
120,Jorge Soler,MIA,130,505.4285714285715,580.0,89.07142857142857,0.2,0.7209302325581396,0.2790697674418605,0.0,0.04642857142857143,0.12321428571428573,0.1285714285714286,0.10714285714285715,0.0017857142857142859,0.27142857142857146,0.0125,0.0071428571428571435,0.0035714285714285726,0.0035714285714285726,0.0017857142857142859,0.0017857142857142859,0.229,0.320214669,0.43852459,0.758739259,0.27388535,27.14285714,10.71428571,504,580,90,0.21724137931034482,0.7333333333333333,0.26666666666666666,0.0,0.06206896551724138,0.13275862068965516,0.12931034482758622,0.11379310344827587,0.006896551724137931,0.24310344827586206,0.010344827586206896,0.006896551724137931,0.0,0.0017241379310344827,0.0,0.0017241379310344827,0.25,0.341,0.512,0.853,0.272,24.3,11.4
121,Lane Thomas,WSN,130,608.9285714285713,681.9999999999999,124.22142857142856,0.21428571428571433,0.7058823529411765,0.2647058823529412,0.02941176470588236,0.03214285714285715,0.1214285714222874,0.10357142857142859,0.0892857142857143,0.0,0.24285714285714285,0.00892857142857143,0.0071428571428571435,0.003571428571428571,0.01785714285714286,0.00892857142857143,0.00892857142857143,0.239,0.313059034,0.414,0.727059034,0.291428571,24.28571429,8.928571429,628,682,140,0.24633431085043989,0.7214285714285714,0.2571428571428571,0.02142857142857143,0.04105571847507331,0.14809384164222875,0.12609970674486803,0.05278592375366569,0.0,0.25806451612903225,0.016129032258064516,0.010263929618768328,0.0,0.02932551319648094,0.007331378299120235,0.021994134897360705,0.268,0.315,0.468,0.783,0.325,25.8,5.3
122,Adley Rutschman,BAL,138,585.4972972972973,687.0,129.97297297297297,0.2198198198198198,0.6666666666666666,0.3238095238095238,0.009523809523809526,0.03063063063063063,0.13873873873873874,0.10990990991266375,0.12612612612612611,0.0,0.17117117117117117,0.012612612612612614,0.007207207207207207,0.003603603603603604,0.007207207207207207,0.001801801801801802,0.005405405405405405,0.257,0.359205776,0.441860465,0.801066241,0.287671233,17.11711712,12.61261261,588,687,143,0.23726346433770015,0.7762237762237763,0.21678321678321677,0.006993006993006993,0.02911208151382824,0.1222707423580786,0.11644832605531295,0.1339155749636099,0.008733624454148471,0.1470160116448326,0.002911208151382824,0.00727802037845706,0.0,0.001455604075691412,0.002911208151382824,-0.001455604075691412,0.277,0.374,0.435,0.809,0.303,14.7,13.4
124,Andrew Benintendi,CHW,128,549.1301989,621.0,132.50994575045206,0.23869801084990955,0.7627118644067796,0.211864406779661,0.016949152542372888,0.025316455696202528,0.12839059674502712,0.11573236889692586,0.09945750452495974,0.0,0.16455696202531644,0.005424954792043399,0.009041591320072333,0.0018083182640144665,0.019891500904159132,0.005424954792043399,0.014466546112721418,0.269,0.344202899,0.413087935,0.757290833,0.303341902,16.4556962,9.945750452,562,621,142,0.23671497584541062,0.7464788732394366,0.23943661971830985,0.014084507042253521,0.008051529790660225,0.11594202898550725,0.07246376811594203,0.08373590982286634,0.008051529790660225,0.143317230273752,0.004830917874396135,0.004830917874396135,0.001610305958132045,0.020933977455716585,0.00322061191626409,0.017713365539452495,0.262,0.326,0.356,0.682,0.301,14.3,8.4
125,Michael Conforto,SFG,128,405.40687160940325,470.0,84.99095840867993,0.21338155515370705,0.73,0.26,0.01,0.0325497287522604,0.11573236889692586,0.11573236889692586,0.11030741410488247,0.0054249547920434,0.22423146473779385,0.01989150090415913,0.0054249547920434,0.0018083182640144665,0.007233273056057866,0.003616636528028933,0.003616636528028933,0.247,0.344202899,0.419287212,0.76349011,0.295857988,22.42314647,11.03074141,406,470,82,0.20638297872340425,0.8292682926829268,0.17073170731707318,0.0,0.031914893617021274,0.12340425531914893,0.12340425531914893,0.1127659574468085,0.00851063829787234,0.225531914893617,0.014893617021276596,0.00851063829787234,0.0,0.00851063829787234,0.0,0.00851063829787234,0.239,0.334,0.384,0.718,0.284,22.6,11.3
126,Rowdy Tellez,MIL,128,309.7432188,351.0,57.124773960217,0.21699819168173598,0.7444444444444444,0.24444444444444444,0.0,0.054249547920433995,0.11934900542495479,0.1518987341772152,0.09945750452079566,0.012658227848101266,0.2043399638336347,0.010849909584086798,0.007233273056057866,0.0018083182640144665,0.0036166365280289334,0.0018083182640144665,0.0018083182640144665,0.246,0.327305606,0.473360656,0.800666262,0.257879656,20.43399638,9.945750452,311,351,54,0.1908831908831909,0.8148148148148148,0.16666666666666666,0.018518518518518517,0.037037037037037035,0.07407407407407407,0.1339031339031339,0.09971509971509972,0.005698005698005698,0.245014245014245,0.0,0.014245014245014245,0.0,0.0,0.0,0.0,0.215,0.291,0.376,0.667,0.249,24.5,10.0
127,Manuel Margot,TBR,128,305.62025316455697,336.0,69.87341772151899,0.22784810126582278,0.7565217391304349,0.21739130434782608,0.026086956521739132,0.019891500904159132,0.108499095840868,0.10669077757685352,0.07594936708860762,0.0018083182640144667,0.17540687160940327,0.0054249547920434005,0.0054249547920434005,0.0018083182640144667,0.027124773960217,0.010849909584086801,0.0162748643761302,0.251,0.310344828,0.377733598,0.688078426,0.288944724,17.54068716,7.594936709,311,336,78,0.24404761904761904,0.717948717948718,0.2692307692307692,0.01282051282051282,0.011904761904761904,0.11607142857142858,0.1130952380952381,0.05357142857142857,0.0,0.1636904761904762,0.011904761904761904,0.008928571428571428,0.0,0.026785714285714284,0.008928571428571428,0.017857142857142856,0.264,0.31,0.376,0.686,0.306,16.4,5.4
128,MJ Melendez,KCR,131,527.9746835443038,602.0,100.15189873417721,0.20795660036166363,0.6956521739130436,0.28260869565217395,0.03260869565217392,0.04159132007233273,0.1301989150090416,0.12839059674502712,0.10669077757685352,0.0,0.24412296564195302,0.003616636528028933,0.007233273056057868,0.003616636528028933,0.0054249547920434,0.0054249547920434,0.0,0.237,0.32,0.44742268,0.76742268,0.277945619,24.41229656,10.66907776,533,602,109,0.20764119601328904,0.6880733944954128,0.26605504587155965,0.045871559633027525,0.026578073089700997,0.1079734219269103,0.09302325581395349,0.10299003322259136,0.0033222591362126247,0.2823920265780731,0.0049833887043189366,0.006644518272425249,0.0,0.009966777408637873,0.006644518272425249,0.0033222591362126247,0.235,0.316,0.398,0.713,0.311,28.2,10.3
129,Garrett Cooper,MIA,128,404.1103074141049,457.0,91.73056060018082,0.22784810131291028,0.7387387385654388,0.2432432431861811,0.01801801801379119,0.027124773960216998,0.10669077757685352,0.11573236889692587,0.09222423146473781,0.0,0.2549728752260398,0.0162748643761302,0.007233273056057867,0.0018083182640144667,0.0018083182640144667,0.0018083182640144667,0.0,0.257,0.336347197,0.413087935,0.749435132,0.329376855,25.49728752,9.222423146,422,457,89,0.23194748358862144,0.7865168539325843,0.20224719101123595,0.011235955056179775,0.037199124726477024,0.09190371991247265,0.13347921225382933,0.06783369803063458,0.0,0.2888402625820569,0.00437636761487965,0.00437636761487965,0.0,0.0,0.0,0.0,0.251,0.304,0.419,0.724,0.324,28.9,6.8
130,Brandon Marsh,PHI,128,427.61663652802895,472.0,88.76672694370525,0.20795660036166366,0.7500000000250213,0.21153846153902606,0.0384615384616411,0.019891500904661016,0.10849909584086799,0.10488245931283907,0.0759493670886076,0.0018083182640144665,0.31103074141048825,0.007233273056057866,0.0054249547920434005,0.0054249547920434005,0.025316455696202535,0.007233273056057866,0.018083182640144666,0.23,0.292727273,0.355289421,0.648016694,0.323987539,31.10307414,7.594936709,404,472,100,0.23728813559322035,0.69,0.25,0.06,0.025423728813559324,0.1228813559322034,0.1271186440677966,0.125,0.00423728813559322,0.3050847457627119,0.00847457627118644,0.00847457627118644,0.00211864406779661,0.0211864406779661,0.00423728813559322,0.01694915254237288,0.277,0.372,0.458,0.829,0.397,30.5,12.5
131,Charlie Blackmon,COL,128,373.4177215189873,413.0,89.62025316455696,0.24231464737793848,0.7583333333728813,0.20833333333333331,0.03333333333333333,0.025316455696202528,0.12296564195298372,0.12296564195298372,0.06871609403254973,0.0054249547920434,0.1826401446654611,0.014466546112115732,0.007233273056057866,0.0054249547920434,0.007233273056057866,0.0018083182640144665,0.0054249547920434,0.268,0.327272727,0.418,0.745272727,0.30848329,18.26401447,6.871609403,359,413,92,0.24213075060532688,0.6847826086956522,0.2608695652173913,0.05434782608695652,0.01937046004842615,0.13801452784503632,0.09685230024213075,0.09443099273607748,0.0,0.13317191283292978,0.026634382566585957,0.009685230024213076,0.0,0.009685230024213076,0.002421307506053269,0.007263922518159807,0.279,0.363,0.44,0.803,0.307,13.3,9.4
132,Will Smith,LAD,136,478.04021937842776,553.9999999999999,96.21572212451552,0.2193784277879342,0.7263157894445653,0.25263157893724014,0.021052631578103345,0.045703839115523476,0.13162705667276053,0.1480804387568556,0.1060329067641682,0.007312614259597807,0.18281535648994518,0.02010968921389397,0.01096892138939671,0.0,0.0036563071297989035,0.0018281535648994518,0.0018281535648994518,0.254,0.345521024,0.472457627,0.817978651,0.269121813,18.28153565,10.60329068,464,554,102,0.2184115523465704,0.7745098039215687,0.20588235294117646,0.0196078431372549,0.03429602888086643,0.1444043321299639,0.1371841155234657,0.11371841155234658,0.0036101083032490976,0.16064981949458484,0.02707581227436823,0.021660649819494584,0.0,0.005415162454873646,0.0,0.005415162454873646,0.261,0.359,0.438,0.797,0.277,16.1,11.4
133,Seiya Suzuki,CHC,126,508.2564102564102,583.0,108.91208791208791,0.23076923076923078,0.7254901960784313,0.2549019607843137,0.0196078431372549,0.04395604395604396,0.13186813186813187,0.11904761903945112,0.10989010989010987,0.007326007326007326,0.23076923076923078,0.009157509157509158,0.007326007326007326,0.001831501831501831,0.018315018315018312,0.01098901098901099,0.007326007326007326,0.264,0.350458716,0.478991597,0.829450312,0.309090909,23.07692308,10.98901099,515,583,127,0.2521440823327616,0.7086614173228346,0.2440944881889764,0.047244094488188976,0.03430531732418525,0.12864493996569468,0.1269296740994854,0.10120068610634649,0.005145797598627788,0.22298456260720412,0.003430531732418525,0.012006861063464836,0.0,0.010291595197255575,0.012006861063464836,-0.0017152658662092624,0.285,0.357,0.485,0.842,0.341,22.3,10.1
134,Corbin Carroll,ARI,126,565.8516483516484,645.0,119.31318681428573,0.2142857142857143,0.7128712871221471,0.21782178217621162,0.06930693069049682,0.029304029302325584,0.13003663003663005,0.11904761904761905,0.09706959706959707,0.003663003663003663,0.2728937728937729,0.016483516483516484,0.005494505494505494,0.005494505494505494,0.03296703296703297,0.009157509157509158,0.02380952380952381,0.245,0.329044118,0.419624217,0.748668335,0.318611987,27.28937729,9.706959707,565,645,136,0.2496124031007752,0.7058823529411765,0.22058823529411764,0.07352941176470588,0.03875968992248062,0.17984496124031008,0.11782945736434108,0.08837209302325581,0.0015503875968992248,0.1937984496124031,0.020155038759689922,0.006201550387596899,0.009302325581395349,0.08372093023255814,0.007751937984496124,0.07596899224806201,0.285,0.362,0.506,0.868,0.325,19.4,8.8
135,Tony Kemp,OAK,126,366.04945054945057,419.0,85.18131868151285,0.217948717948718,0.7567567567550318,0.21621621621572337,0.02702702702696542,0.014652014651551313,0.11355311355311355,0.07692307692307693,0.09340659340659342,0.0,0.13003663003663005,0.016483516483516484,0.009157509157509158,0.009157509157509158,0.020146520146520148,0.005494505494505495,0.014652014651551313,0.249,0.330258303,0.362683438,0.692941741,0.275434243,13.003663,9.340659341,359,419,70,0.17899761336515513,0.7714285714285715,0.18571428571428572,0.04285714285714286,0.011933174224343675,0.10023866348448687,0.06443914081145585,0.10501193317422435,0.0,0.0954653937947494,0.014319809069212411,0.007159904534606206,0.016706443914081145,0.03579952267303103,0.00954653937947494,0.026252983293556086,0.209,0.303,0.304,0.607,0.221,9.5,10.5
136,Giancarlo Stanton,NYY,126,365.5952380952381,415.0,64.60622710622711,0.2142857142857143,0.788235294117647,0.2117647058823529,0.0,0.05860805860805861,0.12087912087912087,0.16117216117216118,0.10622710622710622,0.001831501831325301,0.28205128205128205,0.005494505493975904,0.005494505493975904,0.001831501831325301,0.0,0.001831501831325301,-0.001831501831325301,0.244,0.326605505,0.48024948,0.806854985,0.285234899,28.20512821,10.62271062,371,415,47,0.1710843373493976,0.723404255319149,0.2765957446808511,0.0,0.05783132530120482,0.10361445783132531,0.14457831325301204,0.09879518072289156,0.007228915662650603,0.2987951807228916,0.004819277108433735,0.0024096385542168677,0.0,0.0,0.0,0.0,0.191,0.275,0.42,0.695,0.21,29.9,9.9
137,Kris Bryant,COL,126,293.89194139194143,335.0,69.94505494505495,0.24542124542124544,0.6929824561403508,0.2894736842105263,0.008771929824561403,0.03663003663003663,0.14102564102564105,0.12271062271062272,0.0989010989010989,0.0036630036630036634,0.20512820512820518,0.016483516483516484,0.005494505494505495,0.0018315018315018317,0.009157509157509158,0.0036630036630036634,0.005494505494505495,0.279,0.36146789,0.475991649,0.837459539,0.325714286,20.51282051,9.89010989,300,335,60,0.208955223880597,0.8333333333333334,0.16666666666666666,0.0,0.029850746268656716,0.10746268656716418,0.09253731343283582,0.08656716417910448,0.0,0.20298507462686566,0.01791044776119403,0.0,0.0,0.0,0.0,0.0,0.233,0.313,0.367,0.68,0.27,20.3,8.7
138,Mark Canha,NYM,126,427.1428571428572,507.0,89.14285714285712,0.20329670329670327,0.7708333333333336,0.21875000000000006,0.020833333333333332,0.027472527472527472,0.12637362637362637,0.10622710622710624,0.10805860805860806,0.0018315018315018315,0.19963369963369965,0.038461538461538464,0.007326007326007324,0.003663003663003662,0.009157509157509158,0.003663003663003662,0.005494505494505494,0.242,0.351102941,0.395652174,0.746755115,0.282352941,19.96336996,10.80586081,435,507,103,0.22485207100591717,0.7475728155339806,0.24271844660194175,0.009708737864077669,0.021696252465483234,0.10059171597633136,0.1222879684418146,0.09664694280078895,0.0019723865877712033,0.15581854043392504,0.03353057199211045,0.011834319526627219,0.0,0.021696252465483234,0.0019723865877712033,0.01972386587771203,0.262,0.355,0.4,0.755,0.293,15.6,9.7
139,Justin Turner,BOS,126,551.4761904761905,626.0,135.28937728937728,0.24358974358974356,0.7457627118644067,0.2457627118644068,0.0,0.027472527472527472,0.1227106227106227,0.13003663003194887,0.0934065934065934,0.0018315018315018313,0.1703296703296703,0.01648351648351648,0.009157509157509156,0.0018315018315018313,0.005494505495207668,0.0018315018315018313,0.0036630036630036626,0.276,0.353479853,0.428274428,0.781754282,0.312169312,17.03296703,9.340659341,558,626,131,0.24600638977635783,0.7633587786259542,0.2366412213740458,0.0,0.036741214057507986,0.13738019169329074,0.15335463258785942,0.08146964856230032,0.0,0.1757188498402556,0.01757188498402556,0.009584664536741214,0.0,0.006389776357827476,0.001597444089456869,0.004792332268370607,0.276,0.345,0.455,0.8,0.304,17.6,8.1
140,J.T. Realmuto,PHI,136,484.30939226519337,540.0,105.41436464088397,0.2302025782688766,0.7358490566037735,0.23584905660377367,0.02830188679245283,0.034990791896869246,0.1270718232044199,0.13443830570902393,0.07734806629834255,0.003683241252302026,0.22099447513812157,0.01841620626111111,0.007366482504604052,0.0018416206259259259,0.027624309392265192,0.0055248618784530384,0.022099447513812154,0.256,0.325966851,0.437371663,0.763338514,0.301136364,22.09944751,7.73480663,489,540,103,0.22777777777777777,0.6796116504854369,0.27184466019417475,0.04854368932038835,0.037037037037037035,0.12962962962962962,0.11666666666666667,0.06481481481481481,0.005555555555555556,0.25555555555555554,0.016666666666666666,0.009259259259259259,0.0,0.02962962962962963,0.009259259259259259,0.020370370370370372,0.252,0.31,0.452,0.762,0.307,25.6,6.5
141,Tyler Stephenson,CIN,131,460.8250460405157,517.0,104.73296500920812,0.23020257826887663,0.7636363636363636,0.2272727272727272,0.0,0.027624309392265192,0.11786372007366484,0.1252302025782689,0.08287292817679558,0.0,0.22283609576427257,0.014732965009208104,0.009208103130755065,0.0018416206261510127,0.0036832412523020272,0.0018416206261510127,0.0018416206261510127,0.259,0.328413284,0.400826446,0.72923973,0.311614731,22.28360958,8.287292818,465,517,100,0.218568665377176,0.78,0.2,0.02,0.025145067698259187,0.11411992263056092,0.10831721470019343,0.09090909090909091,0.0038684719535783366,0.2611218568665377,0.007736943907156673,0.0019342359767891683,0.0,0.0,0.0019342359767891683,-0.0019342359767891683,0.243,0.317,0.378,0.696,0.314,26.1,9.1
142,Trent Grisham,SDP,125,478.80333951762526,555.0,86.4935064935065,0.18923933209647498,0.7261904761904762,0.25,0.03571428571428571,0.033395176252319116,0.12059369202226346,0.11317254174397032,0.11131725417439704,0.0037105751391465673,0.25417439703153993,0.011131725417439705,0.0074211502782931356,0.0074211502782931356,0.020408163265306124,0.005565862708719852,0.014842300556586271,0.22,0.314018692,0.395698925,0.709717616,0.267515924,25.4174397,11.13172542,469,555,80,0.16756756756756758,0.6,0.3875,0.0125,0.023423423423423424,0.12072072072072072,0.09009009009009009,0.13513513513513514,0.0,0.2774774774774775,0.009009009009009009,0.0018018018018018018,0.007207207207207207,0.02702702702702703,0.005405405405405406,0.021621621621621623,0.198,0.315,0.352,0.666,0.264,27.7,13.5
143,Miguel Vargas,LAD,125,271.28756957328386,304.0,62.60482374768088,0.23376623376623373,0.7477477477477478,0.23423423423423423,0.018018018018018018,0.027829313543599257,0.13172541743970317,0.12615955473098328,0.08534322819078947,0.0018552875695732837,0.1799628942486085,0.009276437847866421,0.007421150278293135,0.0037105751391465673,0.01484230055658627,0.005565862708719851,0.009276437847866421,0.262,0.330223881,0.417879418,0.748103298,0.297587131,17.99628942,8.53432282,256,304,43,0.16447368421052633,0.5581395348837209,0.3488372093023256,0.09302325581395349,0.023026315789473683,0.11842105263157894,0.10526315789473684,0.125,0.003289473684210526,0.20065789473684212,0.013157894736842105,0.013157894736842105,0.003289473684210526,0.009868421052631578,0.006578947368421052,0.003289473684210526,0.195,0.305,0.367,0.672,0.224,20.1,12.5
144,Josh Jung,TEX,125,474.87012987012986,515.0,94.59183673469389,0.22263450834879406,0.7272727272727272,0.2525252525252525,0.0202020202020202,0.03896103896103896,0.10946196660482375,0.137291280148423,0.05936920222634509,0.0,0.2782931354359926,0.012987012987012986,0.0037105751391465678,0.0018552875695732839,0.009276437847866418,0.0037105751391465678,0.0055658627087198514,0.241,0.295539033,0.426559356,0.72209839,0.301829268,27.82931354,5.936920223,478,515,104,0.24660194174757283,0.75,0.2403846153846154,0.009615384615384616,0.04466019417475728,0.14563106796116504,0.13592233009708737,0.05825242718446602,0.0,0.29320388349514565,0.009708737864077669,0.003883495145631068,0.0,0.001941747572815534,0.005825242718446602,-0.003883495145631068,0.266,0.315,0.467,0.781,0.34,29.3,5.8
145,Fernando Tatis Jr.,SDP,123,556.2218045112782,635.0,109.81203007518796,0.24060150375939848,0.7065217391653544,0.2608695652173913,0.021739130434782608,0.06766917293233082,0.17105263157894737,0.16917293233082703,0.1033834586456693,0.005639097744360902,0.24812030075187966,0.009398496240601503,0.007518796992481203,0.0037593984962406013,0.045112781954887216,0.011278195488721804,0.03383458646616542,0.274,0.354716981,0.564377682,0.919094664,0.304635762,24.81203008,10.33834586,575,635,123,0.23307086614173228,0.7235772357723578,0.2682926829268293,0.008130081300813009,0.03937007874015748,0.14330708661417324,0.12283464566929134,0.08346456692913386,0.0,0.2220472440944882,0.004724409448818898,0.004724409448818898,0.0015748031496062992,0.04566929133858268,0.006299212598425197,0.03937007874015748,0.257,0.322,0.449,0.77,0.299,22.2,8.3
146,Chris Taylor,LAD,123,337.8045112781955,384.0,67.84962406015038,0.2030075187969925,0.6914893616566933,0.2659574468085106,0.031914893617021274,0.02631578947368421,0.11654135338345865,0.11654135338345865,0.09774436090225563,0.0037593984962406013,0.3082706766917293,0.013157894736842105,0.007518796992481203,0.0018796992481203006,0.018796992481203003,0.0037593984962406013,0.015037593984962405,0.23,0.314500942,0.384615385,0.699116326,0.319727891,30.82706767,9.77443609,338,384,65,0.20833333333333334,0.7538461538461538,0.23076923076923078,0.015384615384615385,0.0390625,0.1328125,0.14583333333333334,0.10677083333333333,0.005208333333333333,0.3255208333333333,0.010416666666666666,0.0026041666666666665,0.0,0.041666666666666664,0.0078125,0.033854166666666664,0.237,0.326,0.42,0.746,0.327,32.6,10.7
148,Triston Casas,BOS,123,429.3421052631579,502.0,89.64285714285714,0.212406015037594,0.7157894736414342,0.26315789473684215,0.02105263157894737,0.03383458646616542,0.13533834586466167,0.12218045112781956,0.12593984962151394,0.005639097744360903,0.2255639097744361,0.0075187969924812035,0.0075187969924812035,0.0037593984962406017,0.0075187969924812035,0.0037593984962406017,0.0037593984962406017,0.248,0.347169811,0.430769231,0.777939042,0.295950156,22.55639098,12.59398496,429,502,89,0.2250996015936255,0.7415730337078652,0.23595505617977527,0.02247191011235955,0.04780876494023904,0.13147410358565736,0.1294820717131474,0.1394422310756972,0.00398406374501992,0.250996015936255,0.00199203187250996,0.00398406374501992,0.0,0.0,0.0,0.0,0.263,0.367,0.49,0.856,0.317,25.1,13.9
149,Joc Pederson,SFG,123,374.67105263157896,425.0,72.69736842105262,0.21428571428571425,0.7252747252747256,0.24175824175824182,0.03296703296703298,0.043233082706766915,0.12593984962406016,0.13157894736842107,0.09210526315789475,0.0037593984962406017,0.2349624060150376,0.01691729323308271,0.0075187969924812035,0.0018796992481203009,0.005639097744360904,0.0037593984962406017,0.0018796992481203009,0.242,0.323917137,0.44989339,0.773810528,0.28,23.4962406,9.210526316,358,425,69,0.1976470588235294,0.7536231884057971,0.2028985507246377,0.043478260869565216,0.03529411764705882,0.1388235294117647,0.12,0.13411764705882354,0.01411764705882353,0.20941176470588235,0.01647058823529412,0.007058823529411765,0.0,0.0,0.0,0.0,0.235,0.348,0.416,0.764,0.268,20.9,13.4
150,Lourdes Gurriel Jr.,ARI,123,543.0375939849624,592.0,139.09774436090223,0.25939849624060146,0.7280000000000001,0.25600000000000006,0.016000000000000004,0.024436090225563905,0.11278195488721804,0.11654135338345864,0.06203007518796992,0.0018796992481203006,0.18233082706766918,0.009398496239864865,0.007518796992481203,0.0018796992481203006,0.007518796992481203,0.005639097744360902,0.0018796992481203006,0.282,0.332075472,0.43647541,0.768550882,0.327225131,18.23308271,6.203007519,551,592,120,0.24324324324324326,0.6916666666666667,0.2916666666666667,0.016666666666666666,0.04054054054054054,0.1097972972972973,0.13851351351351351,0.05574324324324324,0.0016891891891891893,0.17398648648648649,0.010135135135135136,0.0033783783783783786,0.0,0.008445945945945946,0.0,0.008445945945945946,0.261,0.309,0.463,0.772,0.282,17.4,5.6
151,Kevin Newman,CIN,123,234.4530075,253.0,59.445488721804516,0.2481203007518797,0.7839999999999999,0.1999999999266403,0.015999999999999997,0.013157894736842105,0.09962406015037593,0.09022556390977446,0.05263157894736842,0.0018796992481203006,0.12781954887218044,0.007518796992481203,0.005639097744360903,0.007518796992481203,0.01691729323308271,0.007518796992481203,0.009398496240601503,0.267,0.310606061,0.369168357,0.679774418,0.296912114,12.78195489,5.263157895,225,253,54,0.22529644268774704,0.7037037037037037,0.2962962962962963,0.0,0.011857707509881422,0.11067193675889328,0.11067193675889328,0.06719367588932806,0.0,0.13438735177865613,0.015810276679841896,0.019762845849802372,0.007905138339920948,0.03162055335968379,0.003952569169960474,0.02766798418972332,0.253,0.311,0.364,0.675,0.28,13.4,6.7
152,Trey Mancini,CHC,123,234.3270676691729,263.0,48.94172932330827,0.2180451127819549,0.7474747475377348,0.24242424242424243,0.0101010101010101,0.03195488721804512,0.11466165413533834,0.11842105263157895,0.08834586466165414,0.0037593984962406017,0.231203007518797,0.013157894736842106,0.005639097744360903,0.0018796992481203009,0.0,0.0018796992481203009,-0.001879699247148289,0.245,0.320150659,0.407172996,0.727323655,0.293768546,23.12030075,8.834586466,235,263,51,0.20912547528517111,0.7647058823529411,0.23529411764705882,0.0,0.015209125475285171,0.11787072243346007,0.10646387832699619,0.07984790874524715,0.0038022813688212928,0.2965779467680608,0.0076045627376425855,0.011406844106463879,0.0,0.0,0.0,0.0,0.234,0.299,0.336,0.635,0.327,29.7,8.0
153,Willson Contreras,STL,131,427.6275992438564,495.0,82.34404536862004,0.20604914933837432,0.7272727272727273,0.26136363636363635,0.011363636363636364,0.0396975425330813,0.12665406426262626,0.1285444234404537,0.09262759924385634,0.001890359168241966,0.2344045368620038,0.03402646502835539,0.007561436672967864,0.001890359168241966,0.007561436672967864,0.005671077505050506,0.001890359168241966,0.238,0.333333333,0.43107221,0.764405543,0.278481013,23.44045369,9.262759924,428,495,93,0.22828282828282828,0.7096774193548387,0.2903225806451613,0.0,0.04040404040404041,0.1111111111111111,0.13535353535353536,0.10303030303030303,0.0,0.22424242424242424,0.026262626262626262,0.00404040404040404,0.00202020202020202,0.012121212121212121,0.006060606060606061,0.006060606060606061,0.264,0.358,0.467,0.826,0.311,22.4,10.3
154,Masataka Yoshida,BOS,121,509.2952380952381,580.0,133.67619047619047,0.26476190476190475,0.7603305785123968,0.2231404958677686,0.01652892561983471,0.034285714285714294,0.12761904761904763,0.14095238095238097,0.10285714285714286,0.019047619047619046,0.10476190476190476,0.009523809523809523,0.00761904761904762,0.0,0.005714285714285714,0.001904761904761905,0.00380952380952381,0.302,0.377862595,0.485900217,0.863762812,0.308673469,10.47619048,10.28571429,537,580,140,0.2672413793103448,0.7428571428571429,0.2357142857142857,0.02142857142857143,0.02586206896551724,0.12241379310344827,0.12413793103448276,0.05862068965517241,0.0,0.1396551724137931,0.01206896551724138,0.0034482758620689655,0.0,0.013793103448275862,0.0,0.013793103448275862,0.289,0.338,0.445,0.783,0.316,14.0,5.9
155,Ha-Seong Kim,SDP,121,556.8419047619047,626.0,120.43047619047618,0.21714285714285714,0.7326732673267327,0.2376237623762376,0.0297029702970297,0.024761904761904763,0.10666666666666666,0.11047619047619046,0.0857142857142857,0.0,0.18285714285714286,0.011428571428571429,0.007619047619047619,0.005714285714285714,0.020952380952380955,0.005714285714285714,0.015238095238019169,0.243,0.316091954,0.391862955,0.707954909,0.279005525,18.28571429,8.571428571,538,626,123,0.22364217252396165,0.8130081300813008,0.18699186991869918,0.0,0.027156549520766772,0.134185303514377,0.09584664536741214,0.11980830670926518,0.001597444089456869,0.19808306709265175,0.004792332268370607,0.007987220447284345,0.007987220447284345,0.06070287539936102,0.01437699680511182,0.0463258785942492,0.26,0.351,0.398,0.749,0.306,19.8,12.0
156,Kolten Wong,SEA,122,221.9047619047619,250.0,49.52380952380952,0.22095238095238093,0.75,0.22115384615384617,0.019230769230769235,0.022857142857142854,0.1238095238095238,0.09714285714285714,0.07619047619047618,0.00380952380952381,0.17714285714285713,0.022857142857142854,0.00761904761904762,0.005714285714285713,0.03238095238095238,0.011428571428571427,0.02095238095238095,0.249,0.32183908,0.381974249,0.703813329,0.284931507,17.71428571,7.619047619,224,250,37,0.164,0.8378378378378378,0.16216216216216217,0.0,0.016,0.1,0.108,0.072,0.0,0.212,0.02,0.012,0.0,0.012,0.008,0.004,0.183,0.256,0.263,0.519,0.218,21.2,7.2
157,Brandon Crawford,SFG,122,284.03809523809525,320.00000000000006,61.56190476666667,0.21904761906249998,0.7524752474665475,0.22772277225961304,0.01980198019648809,0.02666666666666667,0.11047619047619046,0.11238095238095236,0.0895238095238095,0.007619047619047618,0.21333333333333335,0.011428571428571427,0.007619047619047618,0.003809523809523809,0.007619047619047618,0.003809523809523809,0.003809523809523809,0.246,0.321223709,0.394849785,0.716073495,0.293604651,21.33333333,8.952380952,283,320,48,0.171875,0.75,0.22916666666666666,0.020833333333333332,0.021875,0.096875,0.11875,0.0875,0.003125,0.253125,0.0125,0.0125,0.003125,0.009375,0.0,0.009375,0.194,0.273,0.314,0.587,0.241,25.3,8.8
158,Max Kepler,MIN,122,428.3390476190476,491.0,81.36571428571429,0.2,0.7126436781023948,0.27586206896551724,0.022988505747126433,0.03428571428571428,0.12380952380952381,0.11619047619047618,0.10666666666666667,0.0019047619047619048,0.16952380952380952,0.011428571428571429,0.007619047619047619,0.0019047619047619048,0.009523809523809523,0.0038095238095238095,0.005714285714285714,0.23,0.31870229,0.410480349,0.729182639,0.245070423,16.95238095,10.66666667,438,491,90,0.23217922606924643,0.7333333333333333,0.24444444444444444,0.022222222222222223,0.048879837067209775,0.14663951120162932,0.13441955193482688,0.09164969450101833,0.0,0.2158859470468432,0.008146639511201629,0.008146639511201629,0.0,0.002036659877800407,0.002036659877800407,0.0,0.26,0.332,0.484,0.816,0.288,21.6,9.2
159,Cody Bellinger,CHC,122,494.5752380952381,556.0,92.13714285714286,0.20190476190476192,0.7241379310344827,0.25287356321839083,0.034482758620689655,0.03619047619047618,0.1276190476190476,0.1219047619047619,0.09523809523809523,0.005714285714285714,0.2419047619047619,0.005714285714285714,0.007619047619047619,0.0019047619047619048,0.02476190476190476,0.007619047619047619,0.01714285714208633,0.226,0.303435115,0.411134904,0.714570018,0.267692308,24.19047619,9.523809524,499,556,127,0.2751798561151079,0.7637795275590551,0.2283464566929134,0.007874015748031496,0.046762589928057555,0.17086330935251798,0.17446043165467626,0.07194244604316546,0.00539568345323741,0.1564748201438849,0.008992805755395683,0.02158273381294964,0.0,0.03597122302158273,0.01079136690647482,0.025179856115107913,0.307,0.356,0.525,0.881,0.319,15.6,7.2
160,Myles Straw,CLE,122,461.76,518.0,114.45333333333335,0.22476190476190477,0.793103448275862,0.18103448275862066,0.01724137931034482,0.0038095238095238082,0.12,0.07238095238095238,0.09523809523809525,0.0,0.16380952380952382,0.0038095238095238082,0.005714285714285714,0.005714285714285714,0.043809523809523805,0.0076190476190476164,0.03619047619047618,0.251,0.325047801,0.316239316,0.641287117,0.302872063,16.38095238,9.523809524,462,518,109,0.21235521235521235,0.8073394495412844,0.1651376146788991,0.027522935779816515,0.0019305019305019305,0.10038610038610038,0.055984555984555984,0.08108108108108109,0.0,0.18725868725868725,0.003861003861003861,0.011583011583011582,0.011583011583011582,0.03861003861003861,0.011583011583011582,0.02702702702702703,0.238,0.301,0.297,0.597,0.295,18.7,8.1
161,Leody Taveras,TEX,122,504.4038095238096,554.0,108.6895238095238,0.21714285714285714,0.7475728155339807,0.21359223300970875,0.03883495145631068,0.02095238095238095,0.11238095238095239,0.09904761904761905,0.07238095238095238,0.001904761904761905,0.24571428571428572,0.005714285714285714,0.00761904761904762,0.005714285714285714,0.034285714285714294,0.011428571428571429,0.022857142857142857,0.239,0.296367113,0.370292887,0.66666,0.301169591,24.57142857,7.238095238,511,554,122,0.24548736462093862,0.7213114754098361,0.2540983606557377,0.02459016393442623,0.02527075812274368,0.12093862815884476,0.12093862815884476,0.0631768953068592,0.0,0.2111913357400722,0.0018050541516245488,0.007220216606498195,0.005415162454873646,0.02527075812274368,0.007220216606498195,0.018050541516245487,0.266,0.312,0.421,0.733,0.318,21.1,6.3
162,Andrew McCutchen,PIT,122,412.6361904761905,473.0,83.78857142857143,0.20761904761904762,0.7419354838709677,0.25806451612903225,0.010752688172611335,0.030476190476190476,0.12,0.1085714285714286,0.11238095238095239,0.0019047619048625792,0.20952380951374208,0.007619047619047619,0.007619047619047619,0.0019047619048625792,0.013333333333333332,0.005714285714285714,0.007619047619047619,0.239,0.327619048,0.401746725,0.729365773,0.276785714,20.95238095,11.23809524,390,473,88,0.21141649048625794,0.7840909090909091,0.2159090909090909,0.0,0.02536997885835095,0.11627906976744186,0.09090909090909091,0.15856236786469344,0.0021141649048625794,0.21141649048625794,0.008456659619450317,0.008456659619450317,0.0,0.023255813953488372,0.006342494714587738,0.016913319238900635,0.256,0.378,0.397,0.776,0.312,21.1,15.9
163,Brendan Donovan,STL,120,318.7162162162162,371.0,77.35135135135135,0.22200772200772204,0.7777777777777778,0.21296296296296294,0.009259259259259259,0.013513513513513514,0.12355212355212356,0.09652509652509654,0.11003861003861004,0.0019305019305019305,0.16216216216216217,0.021235521235521238,0.005791505791505791,0.003861003861003861,0.009652509652509652,0.005791505791505791,0.003861003861003861,0.259,0.354651163,0.361797753,0.716448916,0.302521008,16.21621622,11.003861,327,371,82,0.25067385444743934,0.8658536585365854,0.12195121951219512,0.012195121951219513,0.029649595687331536,0.1293800539083558,0.09164420485175202,0.0889487870619946,0.005390835579514825,0.14285714285714285,0.02425876010781671,0.0026954177897574125,0.0026954177897574125,0.013477088948787063,0.0026954177897574125,0.01078167115902965,0.284,0.365,0.422,0.787,0.311,14.3,8.9
164,Seth Brown,OAK,120,341.5135135135135,378.0,62.027027026216224,0.20849420849206352,0.6823529411853901,0.2823529411801614,0.035294117647520176,0.044401544401544396,0.11969111969111969,0.1274131274131274,0.08108108108108109,0.003861003861003861,0.27220077220077216,0.005791505791505791,0.005791505791505791,0.0019305019305019305,0.015444015444015444,0.003861003861003861,0.011583011583011582,0.231,0.296511628,0.442307692,0.73881932,0.276872964,27.22007722,8.108108108,343,378,62,0.20105820105820105,0.6774193548387096,0.3064516129032258,0.016129032258064516,0.037037037037037035,0.0873015873015873,0.13756613756613756,0.07936507936507936,0.0026455026455026454,0.2671957671957672,0.005291005291005291,0.005291005291005291,0.0026455026455026454,0.007936507936507936,0.0026455026455026454,0.005291005291005291,0.222,0.286,0.405,0.692,0.27,26.7,7.9
165,Elvis Andrus,CHW,120,372.2972972972973,406.0,83.08108108108108,0.22393822393822393,0.7735849056603774,0.22641509433962265,0.009433962264150943,0.019305019305019305,0.11003861003861004,0.1003861003861004,0.06177606177606178,0.0019305019305019305,0.16023166023166022,0.007722007722007722,0.007722007722007722,0.003861003861003861,0.03088803088803089,0.007722007722007722,0.02316602316602316,0.245,0.295145631,0.364210526,0.659356157,0.274611399,16.02316602,6.177606178,374,406,88,0.2315270935960591,0.7613636363636364,0.22727272727272727,0.011363636363636364,0.014778325123152709,0.0960591133004926,0.10837438423645321,0.06157635467980296,0.0024630541871921183,0.1748768472906404,0.009852216748768473,0.0049261083743842365,0.0024630541871921183,0.029556650246305417,0.009852216748768473,0.019704433497536946,0.251,0.304,0.358,0.662,0.294,17.5,6.2
166,Jose Siri,TBR,118,334.0821917808219,364.0,64.82191780821918,0.21135029354207438,0.7362637362637363,0.23076923076923075,0.03296703296703296,0.03326810176125244,0.1232876712328767,0.11937377690802346,0.060665362035225046,0.0,0.33268101761252444,0.009784735812133072,0.005870841487279842,0.005870841487279842,0.03913894324853229,0.009784735812133072,0.02935420743639922,0.23,0.283464567,0.396588486,0.680053053,0.319298246,33.26810176,6.066536204,338,364,50,0.20604395604395603,0.7,0.26,0.04,0.06868131868131869,0.15934065934065933,0.15384615384615385,0.054945054945054944,0.0,0.35714285714285715,0.005494505494505495,0.008241758241758242,0.0027472527472527475,0.03296703296703297,0.008241758241758242,0.024725274725274724,0.222,0.267,0.494,0.761,0.269,35.7,5.5
167,Santiago Espinal,TOR,118,230.63796477495103,254.0,57.65949119378865,0.24266144814090018,0.7672413793096678,0.22413793103428495,0.008620689650718704,0.0156555772992126,0.10763209393700787,0.10371819960861056,0.07436399217221135,0.0019569471614173228,0.14481409001956946,0.005870841488188976,0.005870841488188976,0.003913894326771653,0.0156555772992126,0.009784735812133072,0.005870841488188976,0.268,0.32480315,0.379310345,0.704113494,0.301298701,14.481409,7.436399217,230,254,55,0.22440944881889763,0.7454545454545455,0.2545454545454545,0.0,0.007874015748031496,0.11811023622047244,0.0984251968503937,0.07086614173228346,0.003937007874015748,0.14173228346456693,0.011811023622047244,0.003937007874015748,0.007874015748031496,0.007874015748031496,0.003937007874015748,0.003937007874015748,0.248,0.31,0.335,0.644,0.285,14.2,7.1
168,Josh Rojas,ARI,118,306.8493150684931,350.0,69.17808219178082,0.2172211350293542,0.7227722772277229,0.26732673267326734,0.01980198020237624,0.019569471624266147,0.1232876712328767,0.10176125244618395,0.10763209393346376,0.001956947162857143,0.21135029354207438,0.003913894325714286,0.005870841487279843,0.005870841487279843,0.033268101761252444,0.009784735812133075,0.023483365948571432,0.248,0.330708661,0.386160714,0.716869376,0.303303303,21.13502935,10.76320939,314,350,73,0.22,0.7671232876712328,0.2328767123287671,0.0,0.011428571428571429,0.13428571428571429,0.11428571428571428,0.07714285714285714,0.0,0.23142857142857143,0.002857142857142857,0.011428571428571429,0.005714285714285714,0.03428571428571429,0.0,0.03428571428571429,0.245,0.303,0.338,0.641,0.313,23.1,7.7
169,Brandon Drury,LAA,118,480.01369863013696,523.0,97.23091976516633,0.22309197651663404,0.7263157894736842,0.26315789473684215,0.010526315789473686,0.03718199608610568,0.11741682974559688,0.12720156555772993,0.06457925636007827,0.0,0.22700587084148727,0.009784735812133074,0.005870841487279843,0.0019569471624266144,0.003913894324853229,0.003913894324853229,0.0,0.243,0.298039216,0.42217484,0.720214056,0.28189911,22.70058708,6.457925636,485,523,101,0.24282982791587,0.6732673267326733,0.297029702970297,0.0297029702970297,0.0497131931166348,0.11663479923518165,0.1586998087954111,0.04780114722753346,0.0,0.26003824091778205,0.015296367112810707,0.009560229445506692,0.0,0.0,0.0038240917782026767,-0.0038240917782026767,0.262,0.306,0.497,0.803,0.308,26.0,4.8
170,Luis Garcia,WSN,118,450.8727984344423,482.0,105.64383561643835,0.2465753424657534,0.7410714285714285,0.22321428571428573,0.026785714285714288,0.0273972602739726,0.11350293542074363,0.11154598825831702,0.048923679060665366,0.00391389432485323,0.19178082191780824,0.00391389432485323,0.005870841487279843,0.00391389432485323,0.009784735812133072,0.005870841487279843,0.00391389432485323,0.263,0.301181102,0.414225941,0.715407044,0.303523035,19.17808219,4.892367906,447,482,110,0.24688796680497926,0.8,0.16363636363636364,0.03636363636363636,0.01867219917012448,0.12655601659751037,0.1037344398340249,0.056016597510373446,0.002074688796680498,0.12448132780082988,0.0,0.014522821576763486,0.002074688796680498,0.01867219917012448,0.008298755186721992,0.01037344398340249,0.266,0.304,0.385,0.688,0.286,12.4,5.6
171,Kyle Isbel,KCR,118,284.21135029354207,313.0,61.25244618395303,0.2172211350293542,0.7300000000000001,0.22,0.05000000000000001,0.02152641878669276,0.11350293542074363,0.1056751467710372,0.06849315068493152,0.0019569471624266144,0.2407045009784736,0.0136986301369863,0.005870841487279844,0.003913894324853229,0.03131115459882583,0.0136986301369863,0.017612524461839533,0.239,0.300589391,0.379310345,0.679899736,0.3003003,24.0704501,6.849315068,292,313,65,0.22364217252396165,0.6307692307692307,0.3384615384615385,0.03076923076923077,0.01597444089456869,0.14376996805111822,0.10862619808306709,0.054313099041533544,0.0,0.18849840255591055,0.003194888178913738,0.006389776357827476,0.003194888178913738,0.022364217252396165,0.003194888178913738,0.019169329073482427,0.24,0.282,0.38,0.662,0.283,18.8,5.4
173,Dylan Carlson,STL,117,224.6428571428572,255.0,49.58333333333333,0.22023809523809523,0.7040816326530612,0.2653061224489796,0.030612244897959186,0.025793650793650796,0.12301587301587301,0.11111111111111109,0.09325396825396826,0.001984126984126984,0.20238095238095233,0.013888888888888888,0.007936507936507938,0.001984126984126984,0.00992063492063492,0.003968253968253969,0.005952380952380952,0.25,0.328685259,0.40990991,0.738595169,0.294294294,20.23809524,9.325396825,219,255,43,0.18823529411764706,0.7906976744186046,0.18604651162790697,0.023255813953488372,0.0196078431372549,0.10588235294117647,0.10588235294117647,0.10196078431372549,0.0,0.19215686274509805,0.027450980392156862,0.011764705882352941,0.0,0.011764705882352941,0.0,0.011764705882352941,0.219,0.318,0.333,0.651,0.256,19.2,10.2
174,Miguel Rojas,LAD,117,388.5892857142857,423.0,92.32142857142857,0.2341269841269841,0.7636363636363637,0.21818181818181817,0.01818181818181818,0.015873015873015872,0.10119047619047619,0.10912698412698413,0.05952380952380953,0.001984126984126984,0.13293650793650794,0.00992063492063492,0.005952380952380952,0.003968253968253968,0.01984126984126984,0.005952380952380952,0.013888888888888888,0.256,0.305389222,0.367170626,0.672559848,0.281329923,13.29365079,5.952380952,385,423,86,0.21513002364066194,0.8023255813953488,0.18604651162790697,0.011627906976744186,0.01182033096926714,0.11583924349881797,0.07328605200945626,0.061465721040189124,0.0,0.11347517730496454,0.01182033096926714,0.01182033096926714,0.004728132387706856,0.018912529550827423,0.0070921985815602835,0.01182033096926714,0.236,0.29,0.322,0.612,0.255,11.3,6.1
175,Joey Wendle,MIA,117,293.3928571428571,318.0,72.55952380952381,0.24404761904761907,0.7130434782608694,0.2608695652173913,0.02608695652173913,0.015873015873015876,0.10714285714285714,0.09722222222222221,0.0496031746031746,0.001984126984126984,0.1746031746031746,0.01785714285714286,0.007936507936507938,0.001984126984126984,0.025793650793650796,0.00992063492063492,0.015873015873015876,0.264,0.312127237,0.393548387,0.705675624,0.308310992,17.46031746,4.96031746,297,318,61,0.19811320754716982,0.6885245901639344,0.26229508196721313,0.04918032786885246,0.006289308176100629,0.10377358490566038,0.06289308176100629,0.040880503144654086,0.0,0.21069182389937108,0.006289308176100629,0.009433962264150943,0.009433962264150943,0.0220125786163522,0.0031446540880503146,0.018867924528301886,0.212,0.248,0.306,0.554,0.264,21.1,4.1
176,Bryan De La Cruz,MIA,117,575.0753968253969,626.0,131.65873015873015,0.24007936507936506,0.7547169811320754,0.22641509433962265,0.01886792452830189,0.02976190476190476,0.11706349206349208,0.11706349206349208,0.06349206349206349,0.0,0.23809523809523808,0.005952380952380952,0.007936507936507936,0.003968253968253968,0.00992063492063492,0.003968253968253968,0.005952380952380952,0.262,0.310756972,0.419006479,0.729763452,0.319277108,23.80952381,6.349206349,579,626,130,0.2380191693290735,0.7538461538461538,0.24615384615384617,0.0,0.03035143769968051,0.09584664536741214,0.12460063897763578,0.06389776357827476,0.0,0.2268370607028754,0.001597444089456869,0.007987220447284345,0.0,0.006389776357827476,0.001597444089456869,0.004792332268370607,0.257,0.304,0.411,0.715,0.307,22.7,6.4
177,Carlos Santana,PIT,117,521.9742063492064,619.0,100.71031746031747,0.19444444444444445,0.7682926829268292,0.2195121951219512,0.0,0.031746031746031744,0.11706349206785137,0.10714285714285714,0.14285714285714285,0.003968253968253969,0.16666666666666669,0.005952380952380953,0.005952380952380953,0.0019841269841269845,0.0019841269841269845,0.0019841269841269845,0.0,0.23,0.343936382,0.383529412,0.727465793,0.25,16.66666667,14.28571429,550,619,109,0.21324717285945072,0.6880733944954128,0.30275229357798167,0.009174311926605505,0.03715670436187399,0.1260096930533118,0.13893376413570274,0.1050080775444265,0.0,0.1680129240710824,0.0,0.006462035541195477,0.0,0.009693053311793215,0.0,0.009693053311793215,0.24,0.318,0.429,0.747,0.255,16.8,10.5
178,Whit Merrifield,TOR,117,545.015873,592.0,126.85714285714286,0.23412698412698413,0.7592592592592592,0.23148148148148148,0.009259259259259259,0.019841269841269847,0.12301587301587301,0.10515873015873016,0.061507936507936505,0.0,0.16071428571428573,0.005952380952380953,0.009920634920634922,0.003968253968253968,0.03571428571428571,0.009920634920634922,0.025793650793650796,0.255,0.302186879,0.377155172,0.679342051,0.285714286,16.07142857,6.150793651,547,592,138,0.2516891891891892,0.8043478260869565,0.1956521739130435,0.0,0.018581081081081082,0.11148648648648649,0.11317567567567567,0.060810810810810814,0.0033783783783783786,0.17060810810810811,0.005067567567567568,0.010135135135135136,0.0,0.04391891891891892,0.016891891891891893,0.02702702702702703,0.272,0.318,0.382,0.7,0.313,17.1,6.1
179,Joey Votto,CIN,117,207.90873015873007,242.0,38.89285714285714,0.19642857142857142,0.7160493827160496,0.2592592592592593,0.01234567901234568,0.03571428571428571,0.1130952380952381,0.1130952380952381,0.12301587301587302,0.003968253968253968,0.25396825396825395,0.011904761904761904,0.005952380952380952,0.0,0.001984126984126984,0.001984126984126984,0.0,0.229,0.331349206,0.404157044,0.73550625,0.279310345,25.3968254,12.3015873,208,242,28,0.17355371900826447,0.7857142857142857,0.21428571428571427,0.0,0.05785123966942149,0.10743801652892562,0.15702479338842976,0.1115702479338843,0.0,0.256198347107438,0.028925619834710745,0.0,0.0,0.0,0.0,0.0,0.202,0.314,0.433,0.747,0.212,25.6,11.2
180,Isaac Paredes,TBR,115,492.8752515090544,571.0,90.7625754527163,0.20321931589537226,0.7088607595045334,0.26582278481012656,0.012658227848101267,0.044265593561368215,0.12072434607645877,0.13279678068410464,0.11468812877263582,0.0,0.17505030181086523,0.010060362173380034,0.008048289738430586,0.0020120724346076465,0.0020120724346076465,0.0020120724346076465,0.0,0.234,0.329292929,0.440559441,0.76985237,0.24382716,17.50503018,11.46881288,492,571,92,0.21541155866900175,0.7391304347826086,0.2608695652173913,0.0,0.0542907180385289,0.1243432574430823,0.17162872154115585,0.10157618213660245,0.0,0.18213660245183888,0.03502626970227671,0.0017513134851138354,0.0,0.0017513134851138354,0.0,0.0017513134851138354,0.25,0.352,0.488,0.84,0.257,18.2,10.2
181,Joey Gallo,MIN,115,275.8873239,332.0,36.072434607645874,0.15895372233400404,0.7222222221307452,0.25925925925925924,0.01851851851851852,0.05030181086519116,0.12676056338028172,0.12273641851106641,0.1529175050301811,0.004024144869215292,0.3641851106639839,0.01006036217303823,0.004024144869215292,0.002012072434607646,0.008048289738430584,0.002012072434607646,0.006036217303822938,0.191,0.322580645,0.411622276,0.734202921,0.258373206,36.41851107,15.2917505,282,332,29,0.15060240963855423,0.6551724137931034,0.3103448275862069,0.034482758620689655,0.06325301204819277,0.11746987951807229,0.12048192771084337,0.14457831325301204,0.0030120481927710845,0.42771084337349397,0.006024096385542169,0.0,0.0,0.0030120481927710845,0.0030120481927710845,0.0,0.177,0.301,0.44,0.741,0.244,42.8,14.5
182,Bryson Stott,PHI,115,575.6136820925553,640.0,127.48490945674045,0.2233400402414487,0.7575757575666034,0.2121212121212121,0.030303030299526513,0.02414486921529175,0.11670020120724348,0.11066398390342051,0.08450704225352113,0.0,0.20925553319919515,0.004024144869215292,0.006036217303125,0.004024144869215292,0.022132796780684104,0.008048289738430584,0.014084507042253521,0.247,0.313765182,0.389261745,0.703026927,0.296407186,20.92555332,8.450704225,585,640,149,0.25625,0.7718120805369127,0.21476510067114093,0.013422818791946308,0.0234375,0.121875,0.096875,0.0609375,0.0015625,0.15625,0.0109375,0.0125,0.0015625,0.0484375,0.0046875,0.04375,0.28,0.329,0.419,0.747,0.312,15.6,6.1
183,Nick Allen,OAK,115,297.88732394366195,329.0,64.87323943661973,0.20925553319919518,0.7551020408163264,0.23469387755102036,0.01020408163265306,0.012072434607645875,0.096579476861167,0.08249496981891348,0.07042253521126761,0.0,0.19517102615694165,0.006036217303822937,0.006036217303822937,0.012072434607645875,0.01609657947686117,0.008048289738430584,0.008048289738430584,0.23,0.289205703,0.326666667,0.615872369,0.28,19.51710262,7.042253521,303,329,63,0.20364741641337386,0.9047619047619048,0.06349206349206349,0.031746031746031744,0.0121580547112462,0.08814589665653495,0.060790273556231005,0.05167173252279635,0.0,0.1580547112462006,0.00303951367781155,0.0060790273556231,0.0182370820668693,0.015197568389057751,0.00303951367781155,0.0121580547112462,0.221,0.263,0.287,0.55,0.253,15.8,5.2
185,Alejandro Kirk,TOR,122,367.5483870967742,422.0,87.63306451612902,0.23991935483870966,0.766990291262136,0.22330097087378645,0.0,0.03225806451612903,0.1189516129032258,0.13508064516129034,0.11088709677419355,0.0020161290322580645,0.11491935483870969,0.010080645161290322,0.008064516129032258,0.0020161290322580645,0.0,0.0020161290322580645,-0.0020161290331753554,0.275,0.360887097,0.4375,0.798387097,0.283746556,11.49193548,11.08870968,372,422,85,0.22037914691943128,0.8117647058823529,0.18823529411764706,0.0,0.018957345971563982,0.08056872037914692,0.1018957345971564,0.0995260663507109,0.002369668246445498,0.1066350710900474,0.014218009478672985,0.004739336492890996,0.0,0.0,0.0,0.0,0.25,0.334,0.358,0.692,0.265,10.7,10.0
186,Lars Nootbaar,STL,113,430.1163265306123,503.00000000000006,82.12244897959184,0.2020408163265306,0.7125000000000001,0.25,0.037500000000000006,0.03877551020408163,0.1326530612244898,0.12448979591836734,0.12448979591836734,0.004081632653061224,0.21224489795918366,0.006122448979591836,0.012244897959183673,0.002040816326530612,0.012244897959183673,0.004081632653061224,0.008163265306122448,0.236,0.333333333,0.434367542,0.767700875,0.264900662,21.2244898,12.44897959,426,503,97,0.220675944333996,0.7525773195876289,0.23711340206185566,0.010309278350515464,0.027833001988071572,0.147117296222664,0.09145129224652088,0.14314115308151093,0.003976143141153081,0.19681908548707752,0.0019880715705765406,0.005964214711729622,0.0019880715705765406,0.02186878727634195,0.0019880715705765406,0.019880715705765408,0.261,0.367,0.418,0.784,0.307,19.7,14.3
187,DJ LeMahieu,NYY,113,496.6244897959184,562.0,122.72244897959183,0.24081632653061222,0.8130841121495328,0.17757009345794397,0.009345794392523366,0.022448979591836733,0.1306122448979592,0.1,0.1,0.0020408163265306124,0.13673469387755102,0.006122448979591836,0.006122448979591836,0.004081632653061225,0.00816326530612245,0.004081632653061225,0.004081632653061225,0.273,0.348360656,0.397228637,0.745589293,0.298882682,13.67346939,10.0,497,562,106,0.21530249110320285,0.7641509433962265,0.20754716981132076,0.02830188679245283,0.026690391459074734,0.09786476868327403,0.07829181494661921,0.10676156583629894,0.0035587188612099642,0.22241992882562278,0.005338078291814947,0.0035587188612099642,0.0,0.0035587188612099642,0.0035587188612099642,0.0,0.243,0.327,0.39,0.718,0.295,22.2,10.7
189,Brian Anderson,MIL,113,316.7959183673469,361.0,61.88571428571427,0.2020408163265306,0.7380952380952382,0.25000000000000006,0.011904761906740538,0.03061224489795918,0.10612244897959182,0.11428571428571427,0.09387755102040816,0.004081632653061224,0.2714285714285714,0.01836734693877551,0.0061224489795918356,0.004081632653061224,0.0061224489795918356,0.002040816326869806,0.004081632653061224,0.23,0.31557377,0.388372093,0.703945864,0.294736842,27.14285714,9.387755102,318,361,63,0.1994459833795014,0.7619047619047619,0.19047619047619047,0.047619047619047616,0.024930747922437674,0.10526315789473684,0.11080332409972299,0.0997229916897507,0.0,0.29916897506925205,0.0110803324099723,0.008310249307479225,0.0,0.002770083102493075,0.008310249307479225,-0.00554016620498615,0.226,0.31,0.368,0.678,0.309,29.9,10.0
191,Oscar Colas,CHW,113,244.2142857142857,263.0,50.453061224489794,0.22857142857142856,0.776595744680851,0.19148936170212766,0.02127659574468085,0.03673469387755102,0.1163265306122449,0.1306122448979592,0.055102040816326525,0.004081632653061225,0.2551020408163265,0.01020408163265306,0.004081632653061225,0.004081632653061225,0.006122448979591836,0.004081632653061225,0.0020408163269961975,0.246,0.294478528,0.410989011,0.705467539,0.299363057,25.51020408,5.510204082,245,263,48,0.20152091254752852,0.8125,0.1875,0.0,0.019011406844106463,0.12167300380228137,0.07224334600760456,0.045627376425855515,0.0038022813688212928,0.26996197718631176,0.0076045627376425855,0.0076045627376425855,0.0076045627376425855,0.015209125475285171,0.011406844106463879,0.0038022813688212928,0.216,0.257,0.314,0.571,0.281,27.0,4.6
193,William Contreras,MIL,122,548.3975409836065,611.0,107.67622950819671,0.2192622950819672,0.7790697674418605,0.2093023255813954,0.011627906976744188,0.0430327868852459,0.12090163934426228,0.13319672131147542,0.09016393442622951,0.0020491803278688526,0.26229508196721313,0.00819672131147541,0.004098360655737705,0.0020491803278688526,0.004098360655737705,0.0020491803278688526,0.0020491803278688526,0.245,0.317622951,0.433789954,0.751412905,0.295532646,26.2295082,9.016393443,540,611,139,0.2553191489361702,0.7194244604316546,0.2733812949640288,0.007194244604316547,0.027823240589198037,0.1407528641571195,0.1276595744680851,0.10310965630114566,0.0032733224222585926,0.20621931260229132,0.008183306055646482,0.0032733224222585926,0.0016366612111292963,0.009819967266775777,0.0016366612111292963,0.008183306055646482,0.289,0.367,0.457,0.825,0.348,20.6,10.3
194,Cal Raleigh,SEA,120,514.9214876033058,569.0,85.82024793388432,0.2004132231404959,0.6575342466206031,0.3287671232876711,0.013698630136986299,0.04958677685950413,0.1115702479338843,0.14049586776859505,0.07644628099173553,0.002066115702479339,0.2706611570247934,0.008264462809917356,0.008264462809917356,0.002066115702479339,0.004132231404958679,0.002066115702479339,0.002066115702479339,0.221,0.285714286,0.445205479,0.730919765,0.254355401,27.0661157,7.644628099,513,569,89,0.20913884007029876,0.7303370786516854,0.25842696629213485,0.011235955056179775,0.05272407732864675,0.13708260105448156,0.13181019332161686,0.09490333919156414,0.0017574692442882249,0.27768014059753954,0.0017574692442882249,0.0017574692442882249,0.0,0.0,0.0,0.0,0.232,0.306,0.456,0.762,0.273,27.8,9.5
195,Adam Frazier,BAL,112,411.6666666666666,455.0,104.56521739130434,0.2401656314699793,0.7747747747747747,0.19819819819819812,0.02702702702702703,0.010351966873706006,0.10973084886128363,0.0869565217391304,0.07246376811594203,0.002070393374741201,0.12008281573498965,0.012422360248447208,0.006211180124223603,0.006211180124223603,0.016563146997929604,0.008281573498964804,0.008281573498964804,0.265,0.326403326,0.363844394,0.69024772,0.294429708,12.00828157,7.246376812,412,455,86,0.2175824175824176,0.7325581395348837,0.2441860465116279,0.023255813953488372,0.02857142857142857,0.12967032967032968,0.13186813186813187,0.07032967032967033,0.0,0.14945054945054945,0.008791208791208791,0.004395604395604396,0.008791208791208791,0.024175824175824177,0.008791208791208791,0.015384615384615385,0.24,0.3,0.396,0.696,0.258,14.9,7.0
197,Randal Grichuk,COL,112,438.8198757763975,471.0,96.54037267080743,0.24430641821946164,0.737373737335135,0.23232323232323238,0.03030303030303031,0.039337474120082816,0.11801242236024843,0.13664596273291926,0.05175983436853002,0.0,0.22153209109730845,0.008281573498964802,0.006211180124223602,0.002070393374741201,0.004140786749482401,0.002070393374741201,0.002070393374741201,0.262,0.304979253,0.453333333,0.758312586,0.302752294,22.15320911,5.175983437,434,471,100,0.24628450106157113,0.67,0.31,0.02,0.03397027600849257,0.13800424628450106,0.09341825902335456,0.06157112526539278,0.004246284501061571,0.20382165605095542,0.012738853503184714,0.004246284501061571,0.0,0.004246284501061571,0.004246284501061571,0.0,0.267,0.321,0.459,0.779,0.309,20.4,6.2
198,Jake Fraley,CIN,110,328.10924369747903,380.0,64.66386554621849,0.20798319327731093,0.7530864197530864,0.2345679012345679,0.01234567901234568,0.03781512605042017,0.1323529411764706,0.12184873949579833,0.11344537815789474,0.002100840336134454,0.25,0.012605042016806725,0.006302521008403362,0.004201680672268908,0.025210084034210524,0.008403361344736843,0.016806722689473686,0.242,0.335443038,0.423357664,0.758800702,0.292418773,25.0,11.34453782,336,380,71,0.22631578947368422,0.7464788732394366,0.2535211267605634,0.0,0.039473684210526314,0.10789473684210527,0.17105263157894737,0.09736842105263158,0.005263157894736842,0.1868421052631579,0.015789473684210527,0.002631578947368421,0.0,0.05526315789473684,0.013157894736842105,0.042105263157894736,0.256,0.339,0.443,0.783,0.283,18.7,9.7
199,Dominic Smith,WSN,110,526.9075630252102,586.0,115.72268907563027,0.2247899159663866,0.702127659574468,0.28723404255319146,0.010638297872558274,0.027310924369747903,0.10714285714285715,0.11554621848739498,0.07352941176470588,0.0021008403361774744,0.21008403361774744,0.016806722689419795,0.008403361344709898,0.0021008403361774744,0.006302521008532423,0.0021008403361774744,0.004201680672354949,0.25,0.315789474,0.408878505,0.724667978,0.294670846,21.00840336,7.352941176,527,586,122,0.22866894197952217,0.819672131147541,0.1721311475409836,0.00819672131147541,0.020477815699658702,0.09726962457337884,0.07849829351535836,0.08020477815699659,0.0017064846416382253,0.1552901023890785,0.017064846416382253,0.0034129692832764505,0.0,0.0017064846416382253,0.0017064846416382253,0.0,0.254,0.326,0.366,0.692,0.286,15.5,8.0
202,Eduardo Escobar,NYM,109,281.3283582089552,309.0,54.025586353944554,0.2110874200426439,0.7317073170731709,0.23170731707317072,0.03658536585365854,0.03624733475479744,0.11300639658848613,0.12579957356076757,0.07462686567164178,0.0042643923240938165,0.22388059701492533,0.0042643923240938165,0.008528784648187633,0.0021321961620469083,0.0021321961620469083,0.0021321961620469083,0.0,0.233,0.290598291,0.409836066,0.700434356,0.265372168,22.3880597,7.462686567,288,309,59,0.21035598705501618,0.8135593220338984,0.1016949152542373,0.0847457627118644,0.019417475728155338,0.10355987055016182,0.10032362459546926,0.05825242718446602,0.0,0.2524271844660194,0.0,0.006472491909385114,0.003236245954692557,0.006472491909385114,0.003236245954692557,0.003236245954692557,0.226,0.269,0.344,0.613,0.286,25.2,5.8
203,Nick Senzel,CIN,109,298.3368869936034,330.0,68.25159914712154,0.22601279317697226,0.7628865979793814,0.21649484536082472,0.020618556701030927,0.019189765458422176,0.11513859275053304,0.08742004264392324,0.0746268656716418,0.0,0.185501066098081,0.008528784648187633,0.006396588486140724,0.0042643923240938165,0.02345415778251599,0.010660980810234541,0.012793176972281448,0.249,0.311158798,0.372641509,0.683800308,0.29305136,18.55010661,7.462686567,301,330,58,0.21515151515151515,0.8275862068965517,0.1724137931034483,0.0,0.03939393939393939,0.1484848484848485,0.12727272727272726,0.07878787878787878,0.0,0.22424242424242424,0.0030303030303030303,0.006060606060606061,0.0,0.01818181818181818,0.006060606060606061,0.012121212121212121,0.236,0.297,0.399,0.696,0.269,22.4,7.9
204,Shea Langeliers,OAK,115,446.60907127429806,490.0,82.54859611231102,0.20518358531317493,0.7307692307692308,0.25641025641025644,0.01282051282051282,0.0367170626349892,0.10583153347732181,0.11231101511879052,0.0734341252699784,0.0021598272138228943,0.27645788336933047,0.008639308855291577,0.0064794816414686825,0.0021598272138228943,0.004319654427645789,0.0021598272138228943,0.0021598272138228943,0.225,0.287257019,0.398104265,0.685361285,0.278571429,27.64578834,7.343412527,448,490,70,0.18775510204081633,0.6714285714285714,0.2714285714285714,0.05714285714285714,0.044897959183673466,0.10612244897959183,0.12857142857142856,0.06938775510204082,0.004081632653061225,0.29183673469387755,0.01020408163265306,0.004081632653061225,0.0020408163265306124,0.006122448979591836,0.004081632653061225,0.0020408163265306124,0.205,0.268,0.413,0.681,0.246,29.2,6.9
207,Adam Duvall,BOS,107,321.67316017316017,353.0,54.24891774891775,0.20562770562770563,0.6901408450704226,0.28169014084507044,0.028169014084507046,0.051948051948051945,0.11904761904761905,0.14285714285714285,0.0670995670995671,0.0021645021645021645,0.3008658008658009,0.012987012987012986,0.006493506493506493,0.0021645021645021645,0.004329004329004329,0.0021645021645021645,0.0021645021645021645,0.225,0.286334056,0.45368171,0.740015767,0.272030651,30.08658009,6.70995671,320,353,58,0.2237960339943343,0.5517241379310345,0.41379310344827586,0.034482758620689655,0.059490084985835696,0.1274787535410765,0.1643059490084986,0.06232294617563739,0.0028328611898017,0.311614730878187,0.0169971671388102,0.014164305949008499,0.0,0.0113314447592068,0.0,0.0113314447592068,0.247,0.303,0.531,0.834,0.299,31.2,6.2
208,Jordan Walker,STL,107,422.7272727272728,465.0,91.5909090909091,0.22077922077922077,0.7252747252747253,0.24175824175824173,0.02197802197802198,0.023809523809523808,0.12121212121212122,0.11904761904761905,0.06926406926406926,0.0021645021645021645,0.2510822510822511,0.012987012987012988,0.008658008658008658,0.0021645021645021645,0.01948051948051948,0.006493506492473118,0.012987012987012988,0.242,0.303030303,0.380952381,0.683982684,0.306397306,25.10822511,6.926406926,420,465,100,0.24946236559139784,0.79,0.19,0.02,0.034408602150537634,0.10967741935483871,0.10967741935483871,0.07956989247311828,0.0,0.22365591397849463,0.012903225806451613,0.004301075268817204,0.0,0.015053763440860216,0.008602150537634409,0.0064516129032258064,0.276,0.342,0.445,0.787,0.331,22.4,8.0
209,JJ Bleday,OAK,107,262.9935064935065,303.0,44.597402597402606,0.17748917748917753,0.6911764705882353,0.2794117647058823,0.02941176470588235,0.030303030303030307,0.10173160173160174,0.10173160173160174,0.1168831168831169,0.0,0.27489177488448846,0.00865800865800866,0.006493506493506495,0.0021645021645021645,0.00865800865800866,0.004329004329004329,0.004329004329004329,0.204,0.303030303,0.366583541,0.669613844,0.258555133,27.48917749,11.68831169,256,303,40,0.16501650165016502,0.725,0.275,0.0,0.033003300330033,0.11551155115511551,0.0891089108910891,0.13861386138613863,0.0,0.2376237623762376,0.006600660066006601,0.009900990099009901,0.0,0.0165016501650165,0.0033003300330033004,0.013201320132013201,0.195,0.31,0.355,0.666,0.226,23.8,13.9
210,Danny Jansen,TOR,113,265.0889370932755,301.0,48.31670281995661,0.20824295010845986,0.7297297297297298,0.2702702702702703,0.0,0.04772234273318872,0.1301518438177874,0.14533622559652926,0.09327548806941431,0.0021691973969631233,0.19305856832971802,0.013015184381778741,0.006507592190889371,0.0043383947939262466,0.0043383947939262466,0.0021691973969631233,0.0021691973969631233,0.235,0.316593886,0.448275862,0.764869749,0.248322148,19.30585683,9.327548807,268,301,44,0.2026578073089701,0.6590909090909091,0.3409090909090909,0.0,0.05647840531561462,0.12624584717607973,0.1760797342192691,0.07641196013289037,0.0033222591362126247,0.2059800664451827,0.03322259136212625,0.0,0.0,0.0,0.0,0.0,0.228,0.312,0.474,0.786,0.233,20.6,7.6
211,Keibert Ruiz,WSN,115,510.6869565217392,562.0,116.06521739130437,0.23695652173913045,0.7578947368421051,0.24210526315789468,0.0,0.030434782608695653,0.10652173913043478,0.11304347825622776,0.07173913043478261,0.0021739130434782613,0.11086956521739132,0.010869565217391304,0.004347826086956522,0.0021739130434782613,0.008695652173913044,0.004347826086956522,0.004347826086956522,0.261,0.320960699,0.416267943,0.737228641,0.267605634,11.08695652,7.173913043,523,562,118,0.24199288256227758,0.7966101694915254,0.2033898305084746,0.0,0.03202846975088968,0.09786476868327403,0.11921708185053381,0.05516014234875445,0.0017793594306049821,0.10320284697508897,0.010676156583629894,0.0035587188612099642,0.0,0.0017793594306049821,0.0017793594306049821,0.0,0.26,0.308,0.409,0.717,0.263,10.3,5.5
212,Jack Suwinski,PIT,105,471.79780219780224,534.0,88.02197802197804,0.20439560439560442,0.7466666666666666,0.23999999999999994,0.01333333333333333,0.03956043956043956,0.11868131868131869,0.11208791208791209,0.09890109890109891,0.002197802197802198,0.29890109890109884,0.008791208791208791,0.006593406593406593,0.002197802197802198,0.01098901098901099,0.0043956043956043965,0.006593406593406593,0.232,0.31277533,0.415422886,0.728198216,0.298804781,29.89010989,9.89010989,447,534,74,0.18726591760299627,0.6891891891891891,0.28378378378378377,0.02702702702702703,0.04868913857677903,0.11797752808988764,0.13857677902621723,0.1404494382022472,0.003745318352059925,0.32209737827715357,0.011235955056179775,0.011235955056179775,0.0,0.024344569288389514,0.003745318352059925,0.020599250936329586,0.224,0.339,0.454,0.793,0.29,32.2,14.0
213,Spencer Steer,CIN,105,590.4615384615385,665.0,116.9230769230769,0.21098901098901096,0.725,0.2625,0.012500000000000002,0.035164835164835165,0.12087912087912088,0.13186813186466168,0.08571428571428572,0.002197802197802198,0.22637362637362635,0.015384615384615384,0.0065934065934065925,0.002197802197802198,0.0065934065934065925,0.004395604395604396,0.002197802197802198,0.239,0.313465784,0.413366337,0.72683212,0.277777778,22.63736264,8.571428571,582,665,135,0.23759398496240602,0.7037037037037037,0.2740740740740741,0.022222222222222223,0.03458646616541353,0.11127819548872181,0.1293233082706767,0.10225563909774436,0.0,0.20902255639097744,0.016541353383458645,0.006015037593984963,0.0,0.022556390977443608,0.004511278195488722,0.01804511278195489,0.271,0.356,0.464,0.82,0.318,20.9,10.2
215,Chas McCormick,HOU,104,399.87500000000006,457.00000000000006,77.52678571428572,0.20089285714285712,0.8026315789473685,0.17105263157894737,0.026315789473684216,0.03125,0.11830357142857142,0.12053571428571427,0.10267857142857142,0.0,0.26339285714285715,0.008928571428571428,0.011160714285714284,0.004464285714285715,0.013392857142857144,0.006696428571428572,0.006696428571428572,0.229,0.313199105,0.380102041,0.693301146,0.286792453,26.33928571,10.26785714,403,457,88,0.24070021881838075,0.7840909090909091,0.19318181818181818,0.022727272727272728,0.04814004376367615,0.12910284463894967,0.15317286652078774,0.087527352297593,0.0,0.25601750547045954,0.024070021881838075,0.00437636761487965,0.002188183807439825,0.04157549234135667,0.01312910284463895,0.028446389496717725,0.273,0.353,0.489,0.842,0.331,25.6,8.8
216,Eddie Rosario,ATL,104,476.83928571428567,516.0,99.05357142857142,0.2232142857142857,0.7558139534883721,0.22093023255813954,0.011627906976744186,0.03125,0.11160714285714285,0.125,0.060267857142857144,0.002232142857142857,0.19866071428571425,0.002232142857142857,0.008928571428571428,0.004464285714285714,0.01339285714285714,0.004464285714285714,0.008928571428571428,0.241,0.286995516,0.391304348,0.678299864,0.273015873,19.86607143,6.026785714,478,516,101,0.2364341085271318,0.7326732673267327,0.2376237623762376,0.0297029702970297,0.040697674418604654,0.12403100775193798,0.1434108527131783,0.06589147286821706,0.001937984496124031,0.2364341085271318,0.001937984496124031,0.003875968992248062,0.001937984496124031,0.005813953488372093,0.007751937984496124,-0.001937984496124031,0.255,0.305,0.45,0.755,0.3,23.6,6.6
217,Wilmer Flores,SFG,102,404.5850340136054,454.0,88.53514739229024,0.22675736961451246,0.7441860465116279,0.2441860465116279,0.011627906976744186,0.031746031746031744,0.11791383220264316,0.12018140589569161,0.08616780045351474,0.0022675736961451248,0.16099773242630383,0.013605442176211454,0.006802721088105727,0.0022675736961451248,0.0022675736961451248,0.0022675736961451248,0.0,0.254,0.327272727,0.419847328,0.747120056,0.276527331,16.09977324,8.616780045,405,454,92,0.2533039647577093,0.7608695652173914,0.2391304347826087,0.0,0.05066079295154185,0.11233480176211454,0.13215859030837004,0.09030837004405286,0.0022026431718061676,0.13876651982378854,0.011013215859030838,0.006607929515418502,0.0,0.0,0.0,0.0,0.284,0.355,0.509,0.863,0.286,13.9,9.0
218,Gio Urshela,LAA,102,209.3877551020408,228.0,50.66666666666667,0.24943310657596374,0.7551020408163264,0.22448979591836732,0.02040816326530612,0.027210884353741496,0.11337868480725624,0.11791383219298246,0.06349206349206349,0.0022675736961451248,0.19274376417233563,0.006802721088435374,0.009070294784580499,0.0022675736961451248,0.0022675736961451248,0.0022675736961451248,0.0,0.272,0.320454545,0.424691358,0.745145903,0.314102564,19.27437642,6.349206349,214,228,62,0.2807017543859649,0.8548387096774194,0.12903225806451613,0.016129032258064516,0.008771929824561403,0.09649122807017543,0.10526315789473684,0.043859649122807015,0.0,0.15789473684210525,0.0043859649122807015,0.013157894736842105,0.0,0.013157894736842105,0.008771929824561403,0.0043859649122807015,0.299,0.329,0.374,0.703,0.346,15.8,4.4
219,Aledmys Diaz,OAK,102,314.35827664399096,344.0,67.8639455782313,0.22448979591836737,0.7471264367816092,0.25287356321839083,0.0,0.027210884353741503,0.0997732426303855,0.1088435374127907,0.06349206349206349,0.002267573694767442,0.16780045351744188,0.013605442176870748,0.006802721088435374,0.002267573694767442,0.0045351473922902496,0.002267573694767442,0.002267573694767442,0.245,0.302272727,0.389578164,0.691850891,0.271875,16.78004535,6.349206349,315,344,68,0.20930232558139536,0.6911764705882353,0.29411764705882354,0.014705882352941176,0.011627906976744186,0.07267441860465117,0.06976744186046512,0.04941860465116279,0.005813953488372093,0.19186046511627908,0.020348837209302327,0.011627906976744186,0.0029069767441860465,0.0029069767441860465,0.0,0.0029069767441860465,0.229,0.28,0.337,0.616,0.273,19.2,4.9
220,Brice Turang,MIL,102,401.26984126984127,448.0,87.36507936507937,0.2108843537414966,0.7906976744186046,0.19767441860465115,0.011627906976744186,0.015873015873015872,0.11111111111111109,0.0929705215419501,0.09070294784580499,0.0022675736961451248,0.21315192743303574,0.0022675736961451248,0.006802721088435373,0.00453514739229025,0.029478458049886618,0.006802721088435373,0.022675736961451247,0.236,0.30523918,0.336708861,0.641948041,0.28956229,21.31519274,9.070294785,404,448,82,0.19642857142857142,0.8536585365853658,0.10975609756097561,0.036585365853658534,0.013392857142857142,0.10267857142857142,0.07589285714285714,0.08482142857142858,0.002232142857142857,0.20982142857142858,0.002232142857142857,0.004464285714285714,0.006696428571428571,0.05803571428571429,0.008928571428571428,0.049107142857142856,0.218,0.285,0.3,0.585,0.268,21.0,8.5
221,Jarred Kelenic,SEA,102,375.4376417,416.0,66.97505668934241,0.19954648526077096,0.6901408450704225,0.28169014084507044,0.028169014084507043,0.03854875283446712,0.11791383219954649,0.12471655328798185,0.07936507936507937,0.00453514739229025,0.25396825396825395,0.0090702947845805,0.006802721088435376,0.0022675736971153847,0.020408163265306124,0.0090702947845805,0.011337868480769231,0.221,0.288636364,0.409547739,0.698184102,0.261029412,25.3968254,7.936507937,372,416,83,0.22596153846153846,0.6746987951807228,0.30120481927710846,0.024096385542168676,0.026442307692307692,0.10576923076923077,0.11778846153846154,0.0985576923076923,0.009615384615384616,0.3173076923076923,0.002403846153846154,0.004807692307692308,0.0,0.03125,0.01201923076923077,0.019230769230769232,0.253,0.327,0.419,0.746,0.359,31.7,9.9
223,David Peralta,LAD,102,381.8095238095238,422.0,81.3378684807256,0.21995464852607705,0.7176470588706442,0.2588235294117648,0.023529411764705885,0.0272108843537415,0.09977324263038549,0.11337868480725624,0.07936507936507937,0.006802721088435375,0.22448979591836735,0.006802721088435375,0.006802721088435375,0.002267573696145125,0.004535147392290249,0.002267573696145125,0.002267573696145125,0.242,0.306818182,0.398496241,0.705314422,0.29209622,22.44897959,7.936507937,394,422,95,0.24170616113744076,0.7263157894736842,0.2631578947368421,0.010526315789473684,0.016587677725118485,0.11137440758293839,0.13033175355450238,0.04739336492890995,0.002369668246445498,0.17061611374407584,0.004739336492890996,0.014218009478672985,0.0,0.009478672985781991,0.002369668246445498,0.0071090047393364926,0.259,0.294,0.381,0.675,0.296,17.1,4.7
224,LaMonte Wade Jr.,SFG,102,446.03401360544217,519.0,87.08843537414967,0.19954648526077098,0.7432432432432432,0.22972972972972977,0.027027027027027025,0.031746031746031744,0.12698412697495182,0.10430839002267575,0.11111111111111109,0.0045351473922902496,0.20861678004535145,0.015873015873015872,0.006802721088631985,0.006802721088631985,0.009070294784580499,0.0022675736961451248,0.006802721088631985,0.232,0.328767123,0.398416887,0.72718401,0.268115942,20.861678,11.11111111,429,519,93,0.2119460500963391,0.8279569892473119,0.15053763440860216,0.021505376344086023,0.03275529865125241,0.1233140655105973,0.08670520231213873,0.1464354527938343,0.005780346820809248,0.18304431599229287,0.011560693641618497,0.007707129094412331,0.007707129094412331,0.0038535645472061657,0.0,0.0038535645472061657,0.256,0.373,0.417,0.79,0.29,18.3,14.6
225,Christopher Morel,CHC,100,385.5069124423963,429.0,73.14746543723501,0.2073732718881119,0.7297297297352465,0.2297297297314665,0.05405405405446271,0.03686635944700461,0.12442396313364054,0.11520737327188943,0.07834101382488479,0.0,0.2972350230414747,0.009216589861751152,0.0069124423963133645,0.0069124423963133645,0.02534562211981567,0.01152073732718894,0.013824884792626729,0.23,0.296983759,0.420512821,0.717496579,0.298387097,29.7235023,7.834101382,388,429,70,0.22377622377622378,0.7142857142857143,0.24285714285714285,0.04285714285714286,0.06060606060606061,0.1445221445221445,0.16317016317016317,0.08391608391608392,0.0,0.31002331002331,0.004662004662004662,0.004662004662004662,0.002331002331002331,0.013986013986013986,0.004662004662004662,0.009324009324009324,0.247,0.313,0.508,0.821,0.303,31.0,8.4
226,Jace Peterson,OAK,100,377.48847926267285,430.0,78.27188940092167,0.20046082949308758,0.7341772151898733,0.24050632911392406,0.025316455696202528,0.018433179723502304,0.11059907834101382,0.09216589861751152,0.10368663595348837,0.002304147465437788,0.23963133640552994,0.009216589861751154,0.009216589861751154,0.004608294930875576,0.027649769585253454,0.006912442396313364,0.020737327188372092,0.228,0.313364055,0.351706037,0.665070092,0.289377289,23.96313364,10.36866359,374,430,73,0.18372093023255814,0.8082191780821918,0.136986301369863,0.0547945205479452,0.013953488372093023,0.08139534883720931,0.08604651162790698,0.10930232558139535,0.004651162790697674,0.23488372093023255,0.009302325581395349,0.0069767441860465115,0.004651162790697674,0.03488372093023256,0.004651162790697674,0.030232558139534883,0.211,0.304,0.307,0.611,0.27,23.5,10.9
227,Esteury Ruiz,OAK,100,438.5967741935484,497.00000000000006,95.0483870967742,0.2096774193548387,0.7228915662650602,0.25301204822670964,0.02409638554216867,0.018433179723502304,0.12442396313364054,0.11059907834101382,0.07603686635944701,0.0,0.21889400921658983,0.025345622119815666,0.006912442396313364,0.01152073732718894,0.07142857142857142,0.02073732718894009,0.05069124423963133,0.237,0.313953488,0.365535248,0.679488736,0.293286219,21.88940092,7.603686636,449,497,109,0.22937625754527163,0.7706422018348624,0.22018348623853212,0.009174311926605505,0.01006036217303823,0.09456740442655935,0.09456740442655935,0.04024144869215292,0.002012072434607646,0.19919517102615694,0.03219315895372234,0.002012072434607646,0.008048289738430584,0.13480885311871227,0.026156941649899398,0.10865191146881288,0.254,0.309,0.345,0.654,0.315,19.9,4.0
228,Nick Maton,DET,100,258.5691244239632,293.0,51.983870967741936,0.19815668202764977,0.7142857142857143,0.2467532467532467,0.03896103896103897,0.020737327188940096,0.10368663594470046,0.08755760368663594,0.0967741935483871,0.0,0.25806451612903225,0.011520737327188939,0.0069124423963133645,0.004608294930875576,0.0069124423963133645,0.004608294930875576,0.002304147465437788,0.225,0.307159353,0.360313316,0.667472669,0.290566038,25.80645161,9.677419355,249,293,35,0.14675767918088736,0.7428571428571429,0.2571428571428571,0.0,0.027303754266211604,0.09897610921501707,0.10921501706484642,0.1296928327645051,0.0034129692832764505,0.24914675767918087,0.010238907849829351,0.006825938566552901,0.0034129692832764505,0.0034129692832764505,0.006825938566552901,-0.0034129692832764505,0.173,0.288,0.305,0.593,0.206,24.9,13.0
229,Drew Waters,KCR,100,304.38709677419354,337.0,65.2258064516129,0.21658986175115208,0.7023809523809524,0.25000000000000006,0.04761904761904762,0.02304147465437788,0.11981566818991098,0.10368663594470047,0.08064516129032259,0.0,0.30184331797235026,0.006912442396313365,0.004608294930875576,0.002304147465437788,0.02534562211869436,0.009216589861751152,0.016129032258064516,0.24,0.305555556,0.390306122,0.695861678,0.33201581,30.1843318,8.064516129,302,337,61,0.20474777448071216,0.7377049180327869,0.18032786885245902,0.08196721311475409,0.02373887240356083,0.11869436201780416,0.09495548961424333,0.08011869436201781,0.0,0.31750741839762614,0.01483679525222552,0.008902077151335312,0.0,0.04747774480712166,0.01483679525222552,0.032640949554896145,0.228,0.3,0.377,0.677,0.321,31.8,8.0
230,Rodolfo Castro,PIT,100,231.81566820276493,256.0,44.23963133640553,0.20506912442396313,0.7200000000000001,0.24,0.039999999999999994,0.03225806451612903,0.10829493087557603,0.11059907834101382,0.07373271889400922,0.0,0.2626728110546875,0.009216589861751152,0.006912442396313364,0.004608294930875577,0.013824884792626727,0.006912442396313364,0.006912442396313364,0.227,0.289351852,0.394402036,0.683753887,0.279850746,26.26728111,7.373271889,227,256,42,0.1875,0.8333333333333334,0.16666666666666666,0.0,0.0234375,0.08203125,0.09375,0.08984375,0.00390625,0.2890625,0.01953125,0.00390625,0.0,0.00390625,0.015625,-0.01171875,0.211,0.297,0.322,0.618,0.284,28.9,9.0
231,Matt Carpenter,SDP,100,201.50460829493088,237.0,34.403225806451616,0.18202764976958527,0.6984126984126984,0.2857142857142857,0.015873015873015872,0.03686635944700461,0.1175115207373272,0.1175115207373272,0.12211981566820278,0.002304147465437788,0.2764976958525346,0.018433179723502304,0.006912442396313364,0.002304147465437788,0.006912442396313364,0.002304147465437788,0.004608294930875576,0.214,0.323325635,0.398373984,0.721699619,0.266949153,27.64976959,12.21198157,188,237,28,0.13924050632911392,0.5714285714285714,0.42857142857142855,0.0,0.02109704641350211,0.0759493670886076,0.1308016877637131,0.1729957805907173,0.0,0.28270042194092826,0.008438818565400843,0.02109704641350211,0.0,0.004219409282700422,0.0,0.004219409282700422,0.176,0.322,0.319,0.641,0.231,28.3,17.3
232,Aaron Hicks,NYY,100,265.2718894009217,312.0,50.32258064516129,0.18663594470046083,0.7857142857142857,0.2,0.028571428571428567,0.02534562211981567,0.1152073732718894,0.09907834101382489,0.13133640552995393,0.004608294930875575,0.23963133640552997,0.006912442396313364,0.006912442396313364,0.004608294930875575,0.018433179723502304,0.006912442396313364,0.01152073732718894,0.219,0.326388889,0.360433604,0.686822493,0.272373541,23.96313364,13.13364055,269,312,60,0.21794871794871795,0.8333333333333334,0.15,0.016666666666666666,0.02564102564102564,0.14102564102564102,0.11538461538461539,0.1346153846153846,0.003205128205128205,0.22115384615384615,0.0,0.003205128205128205,0.0,0.019230769230769232,0.0,0.019230769230769232,0.253,0.353,0.383,0.735,0.311,22.1,13.5
233,TJ Friedl,CIN,100,489.3824884792627,556.0,106.33179723502303,0.21889400921658986,0.746987951807229,0.19277108433734938,0.06024096385542169,0.027649769585253458,0.11981566820276497,0.11520737327338128,0.08755760368663595,0.002304147465827338,0.18894009216589863,0.02073732718894009,0.0069124423963133645,0.004608294930875576,0.023041474658273383,0.009216589861751152,0.013824884792626729,0.248,0.328703704,0.410994764,0.739698468,0.285223368,18.89400922,8.755760369,488,556,118,0.2446043165467626,0.7457627118644068,0.1864406779661017,0.06779661016949153,0.03237410071942446,0.13129496402877697,0.11870503597122302,0.08453237410071943,0.0017985611510791368,0.1618705035971223,0.017985611510791366,0.00539568345323741,0.014388489208633094,0.048561151079136694,0.01079136690647482,0.03776978417266187,0.279,0.352,0.467,0.819,0.308,16.2,8.5
234,Ramon Urias,BAL,99,354.26697892271665,396.0,76.04683840749415,0.22248243559718972,0.7560975609756098,0.23170731707317072,0.012195121946169006,0.03044496487119438,0.11241217797979798,0.12177985949494949,0.07962529274004684,0.002341920373737374,0.23419203747474748,0.014051522247474748,0.00702576112412178,0.00468384075,0.00468384075,0.002341920373737374,0.002341920373737374,0.25,0.317647059,0.405759162,0.723406221,0.301470588,23.41920375,7.962529274,360,396,91,0.2398989898989899,0.7252747252747253,0.24175824175824176,0.03296703296703297,0.010101010101010102,0.11363636363636363,0.10606060606060606,0.06818181818181818,0.0,0.255050505050505,0.020202020202020204,0.0025252525252525255,0.0,0.007575757575757576,0.0025252525252525255,0.005050505050505051,0.264,0.328,0.375,0.703,0.355,25.5,6.8
236,Kevin Kiermaier,TOR,99,371.6908665105386,408.0,76.44028103044496,0.20843091334894615,0.7124999999999999,0.23750000000000002,0.049999999999999996,0.021077283372365335,0.11475409836065574,0.10772833723653395,0.0702576112412178,0.002341920375,0.2529274004683841,0.00936768149882904,0.00468384074941452,0.00468384074941452,0.028103044496487116,0.00936768149882904,0.01873536299765808,0.229,0.289411765,0.367609254,0.657021019,0.291970803,25.29274005,7.025761124,370,408,90,0.24019607843137256,0.7,0.23333333333333334,0.06666666666666667,0.0196078431372549,0.14215686274509803,0.08823529411764706,0.07107843137254902,0.0,0.2107843137254902,0.00980392156862745,0.00980392156862745,0.0024509803921568627,0.03431372549019608,0.0024509803921568627,0.031862745098039214,0.265,0.322,0.419,0.741,0.321,21.1,7.1
237,Michael Massey,KCR,99,421.0538641686183,461.00000000000006,93.92740046838408,0.22950819672131148,0.7356321839574139,0.26436781609195403,0.011494252873563218,0.025761124121779857,0.11241217798594848,0.11241217798594848,0.05620608899297424,0.00234192037470726,0.2224824355971897,0.016393442622950817,0.00936768149882904,0.00468384074941452,0.01405152224824356,0.00468384074941452,0.00936768149882904,0.252,0.303529412,0.402564103,0.706093514,0.302083333,22.24824356,5.620608899,428,461,83,0.21258134490238612,0.7710843373493976,0.21686746987951808,0.012048192771084338,0.03253796095444685,0.0911062906724512,0.1193058568329718,0.052060737527114966,0.0,0.21475054229934923,0.008676789587852495,0.008676789587852495,0.0021691973969631237,0.013015184381778741,0.004338394793926247,0.008676789587852495,0.229,0.274,0.381,0.655,0.261,21.5,5.2
238,Alex Kirilloff,MIN,99,290.61124121779864,319.0,63.501170960187366,0.2295081967213115,0.7529411764705881,0.22352941176470587,0.01176470588972893,0.030444964871194382,0.11007025761124123,0.13348946135831383,0.06791569086651054,0.0023419203761755485,0.2154566744730679,0.01405152224824356,0.00468384074941452,0.0023419203761755485,0.00468384074941452,0.0023419203761755485,0.0023419203761755485,0.251,0.312206573,0.403598972,0.715805544,0.297202797,21.54566745,6.791569087,281,319,65,0.23824451410658307,0.7692307692307693,0.2153846153846154,0.015384615384615385,0.034482758620689655,0.109717868338558,0.12852664576802508,0.0877742946708464,0.003134796238244514,0.2507836990595611,0.0219435736677116,0.009404388714733543,0.0,0.003134796238244514,0.0,0.003134796238244514,0.27,0.348,0.445,0.793,0.337,25.1,8.8
240,Travis d'Arnaud,ATL,102,266.5188679245283,292.0,58.5377358490566,0.2358490566037736,0.7294117647058823,0.24705882352941178,0.023529411764705882,0.03537735849056604,0.1179245283018868,0.1344339622641509,0.06132075471698113,0.0,0.22169811320754715,0.016509433962264147,0.007075471698113207,0.0023584905660377358,0.0,0.0023584905660377358,-0.0023584905650684933,0.258,0.314420804,0.439276486,0.75369729,0.302491103,22.16981132,6.132075472,267,292,49,0.2054794520547945,0.7346938775510204,0.2653061224489796,0.0,0.03767123287671233,0.10616438356164383,0.13356164383561644,0.07191780821917808,0.0,0.22945205479452055,0.010273972602739725,0.003424657534246575,0.0,0.0,0.0,0.0,0.225,0.288,0.397,0.685,0.258,22.9,7.2
241,Martin Maldonado,HOU,107,363.59952606635073,407.0,55.938388625592424,0.16824644549763035,0.7586206896551724,0.22413793103448273,0.0,0.030805687203791468,0.1042654028436019,0.1042654028436019,0.08293838862559241,0.0,0.3009478672985782,0.014218009478672985,0.004739336492890996,0.007109004739336494,0.002369668246445498,0.002369668246445498,0.0,0.19,0.266666667,0.323607427,0.590274094,0.242677824,30.09478673,8.293838863,362,407,54,0.16953316953316952,0.7777777777777778,0.2222222222222222,0.0,0.036855036855036855,0.08108108108108109,0.08845208845208845,0.07371007371007371,0.0,0.3415233415233415,0.007371007371007371,0.0,0.029484029484029485,0.0,0.0,0.0,0.191,0.258,0.348,0.606,0.26,34.2,7.4
243,Nick Ahmed,ARI,97,191.0,210.0,41.0,0.21428571428571427,0.6951219512195121,0.2682926829268293,0.024390243902439025,0.01904761904761905,0.10952380952380952,0.1,0.07142857142857142,0.002380952380952381,0.21666666666666667,0.004761904761904762,0.007142857142857143,0.004761904761904762,0.014285714285714285,0.004761904761904762,0.009523809523809525,0.236,0.292565947,0.363874346,0.656440293,0.286713287,21.66666667,7.142857143,198,210,40,0.2,0.725,0.25,0.025,0.009523809523809525,0.06666666666666667,0.08095238095238096,0.05714285714285714,0.0,0.24761904761904763,0.0,0.0,0.0,0.023809523809523808,0.004761904761904762,0.01904761904761905,0.212,0.257,0.303,0.56,0.278,24.8,5.7
244,Evan Longoria,ARI,97,212.1714285714285,237.0,42.885714285714286,0.21666666666666667,0.7499999999999999,0.23684210526315788,0.0,0.03571428571428571,0.1119047619047619,0.1261904761904762,0.08571428571428574,0.007142857142857143,0.25952380952380955,0.009523809523809523,0.007142857142857143,0.0023809523809523807,0.0023809523809523807,0.0023809523809523807,0.0,0.241,0.312649165,0.406914894,0.719564058,0.298039216,25.95238095,8.571428571,211,237,36,0.19831223628691982,0.75,0.25,0.0,0.046413502109704644,0.10548523206751055,0.11814345991561181,0.0970464135021097,0.0,0.3080168776371308,0.0,0.012658227848101266,0.0,0.0,0.0,0.0,0.223,0.295,0.422,0.717,0.277,30.8,9.7
245,Jurickson Profar,,97,454.0142857142857,521.0,95.51666666666668,0.20714285714285716,0.7272727272727272,0.2597402597402597,0.012987012987012986,0.023809523809523808,0.11904761904761905,0.09761904761904762,0.10476190476190476,0.0,0.15714285714285714,0.009523809523809525,0.0071428571428571435,0.004761904761904762,0.014285714285714285,0.004761904761904762,0.009523809523809525,0.237,0.323741007,0.379781421,0.703522428,0.262798635,15.71428571,10.47619048,459,521,102,0.21305182341650672,0.7156862745098039,0.2647058823529412,0.0196078431372549,0.01727447216890595,0.10556621880998081,0.08829174664107485,0.09596928982725528,0.0,0.1727447216890595,0.011516314779270634,0.009596928982725527,0.0,0.0019193857965451055,0.0,0.0019193857965451055,0.242,0.321,0.368,0.689,0.279,17.3,9.6
246,Jonah Heim,TEX,105,453.0574162679426,501.00000000000006,91.0909090909091,0.21531100478468898,0.736842105263158,0.25000000000000006,0.026315789473684213,0.03349282296650718,0.10526315789473685,0.11483253588822354,0.08133971291417165,0.0,0.1889952153093812,0.004784688995215311,0.007177033492822966,0.0023923444976076554,0.007177033492822966,0.0023923444976076554,0.004784688995215311,0.238,0.302158273,0.412698413,0.714856686,0.263888889,18.89952153,8.133971292,457,501,100,0.23552894211576847,0.72,0.28,0.0,0.03592814371257485,0.1217564870259481,0.18962075848303392,0.07984031936127745,0.003992015968063872,0.19161676646706588,0.001996007984031936,0.005988023952095809,0.0,0.003992015968063872,0.0,0.003992015968063872,0.258,0.317,0.438,0.755,0.289,19.2,8.0
247,Nicky Lopez,KCR,96,236.62469733656167,262.0,59.6319612590799,0.23244552058111378,0.7978723404255319,0.1702127659574468,0.031914893617021274,0.004842615012106537,0.11138014527845036,0.07506053268765132,0.07263922518159807,0.0,0.13559322033898305,0.009685230024213072,0.004842615012106537,0.012106537530266344,0.02905569007263922,0.007263922518159805,0.021791767554479417,0.258,0.317848411,0.332439678,0.650288089,0.296529968,13.55932203,7.263922518,225,262,51,0.1984732824427481,0.7843137254901961,0.1568627450980392,0.058823529411764705,0.003816793893129771,0.12213740458015267,0.09541984732824428,0.09923664122137404,0.0,0.15267175572519084,0.022900763358778626,0.003816793893129771,0.015267175572519083,0.022900763358778626,0.007633587786259542,0.015267175572519083,0.231,0.326,0.307,0.632,0.276,15.3,9.9
248,Akil Baddoo,DET,96,316.37288135593224,357.0,66.55932203389831,0.20823244552058112,0.7402597402597402,0.1948051948051948,0.06493506493506493,0.02179176755447942,0.11380145277310924,0.09685230024213075,0.09927360774818401,0.0,0.2542372881355932,0.004842615012106538,0.007263922518159807,0.004842615012106538,0.0387409200968523,0.014527845036319613,0.02421307506162465,0.236,0.313106796,0.37704918,0.690155976,0.301960784,25.42372881,9.927360775,312,357,57,0.19047619047619047,0.7543859649122807,0.22807017543859648,0.017543859649122806,0.03081232492997199,0.11204481792717087,0.09523809523809523,0.11764705882352941,0.0056022408963585435,0.24929971988795518,0.0,0.0028011204481792717,0.0056022408963585435,0.0392156862745098,0.008403361344537815,0.03081232492997199,0.218,0.31,0.372,0.682,0.268,24.9,11.8
249,Marcell Ozuna,ATL,96,534.6634382566587,592.0,106.07263922518159,0.22276029055690072,0.7567567567567568,0.22972972972105551,0.0,0.04358353510895884,0.12106537530266344,0.1404358353510896,0.0847457627118644,0.002421307506053269,0.23244552058111387,0.004842615012106538,0.004842615012106538,0.002421307506053269,0.0072639225181598075,0.002421307506053269,0.004842615012106538,0.246,0.313106796,0.434316354,0.74742315,0.283524904,23.24455206,8.474576271,530,592,105,0.24493243243243243,0.7142857142857143,0.2761904761904762,0.009523809523809525,0.06756756756756757,0.14189189189189189,0.16891891891891891,0.09628378378378379,0.0016891891891891893,0.22635135135135134,0.005067567567567568,0.0033783783783783786,0.0,0.0,0.0,0.0,0.274,0.346,0.558,0.905,0.293,22.6,9.6
250,Harold Ramirez,TBR,96,403.5254237288136,434.00000000000006,100.88135593184747,0.2542372881355932,0.7604166666693496,0.23958333333417864,0.01041666666670342,0.021791767555299536,0.10653753026634383,0.11864406779661016,0.04600484261501211,0.0024213075060532684,0.17191283292978207,0.014527845036319613,0.007263922518159807,0.0024213075060532684,0.009685230024213074,0.004842615012106536,0.004842615012106536,0.273,0.315533981,0.411458333,0.726992314,0.312703583,17.19128329,4.600484262,400,434,113,0.2880184331797235,0.8141592920353983,0.168141592920354,0.017699115044247787,0.027649769585253458,0.1336405529953917,0.15668202764976957,0.05069124423963134,0.0,0.18202764976958524,0.013824884792626729,0.013824884792626729,0.0,0.01152073732718894,0.0069124423963133645,0.004608294930875576,0.313,0.353,0.46,0.813,0.359,18.2,5.1
251,Mitch Garver,TEX,99,300.3707317073171,344.0,54.53658536560976,0.2024390243895349,0.7230769230801567,0.2615384615396312,0.0,0.04390243902439025,0.12439024390243902,0.1219512195121951,0.1048780487804878,0.0,0.2731707317073171,0.012195121951219513,0.00731707317073171,0.0024390243902439024,0.004878048780487805,0.0024390243902439024,0.0024390243902439024,0.231,0.320293399,0.427374302,0.7476677,0.281385281,27.31707317,10.48780488,296,344,61,0.23255813953488372,0.819672131147541,0.18032786885245902,0.0,0.055232558139534885,0.1308139534883721,0.14534883720930233,0.12790697674418605,0.0029069767441860465,0.23837209302325582,0.00872093023255814,0.0,0.0,0.0,0.0,0.0,0.27,0.37,0.5,0.87,0.313,23.8,12.8
252,Luis Rengifo,LAA,94,409.9261083743842,445.0,92.06896551724138,0.23399014778325125,0.773809523809524,0.2023809523809524,0.03571428571428571,0.027093596059113302,0.11330049261083744,0.10837438423645321,0.05911330049261084,0.0024630541871921187,0.17733990147783252,0.009852216748768473,0.0049261083743842365,0.0049261083743842365,0.01477832512315271,0.007389162561576354,0.007389162561576354,0.255,0.304455446,0.406417112,0.710872558,0.28668942,17.73399015,5.911330049,394,445,88,0.23370786516853934,0.7840909090909091,0.17045454545454544,0.045454545454545456,0.035955056179775284,0.12359550561797752,0.1146067415730337,0.09213483146067415,0.0,0.1842696629213483,0.01348314606741573,0.008988764044943821,0.0,0.01348314606741573,0.008988764044943821,0.0044943820224719105,0.264,0.339,0.444,0.783,0.293,18.4,9.2
254,Jorge Mateo,BAL,92,325.43859649122805,350.0,66.66666666666667,0.2130325814536341,0.7105263157894736,0.23684210526315788,0.05263157894736841,0.022556390977443608,0.11278195488721807,0.10526315789473682,0.05012531328320801,0.0,0.27067669172932335,0.010025062656641603,0.005012531328320802,0.005012531328320802,0.06015037593984962,0.017543859649122806,0.04260651629072681,0.23,0.274559194,0.371967655,0.646526849,0.296875,27.06766917,5.012531328,318,350,62,0.19714285714285715,0.7419354838709677,0.22580645161290322,0.03225806451612903,0.02,0.1657142857142857,0.09714285714285714,0.06285714285714286,0.0,0.2342857142857143,0.002857142857142857,0.008571428571428572,0.014285714285714285,0.09142857142857143,0.014285714285714285,0.07714285714285714,0.217,0.267,0.34,0.607,0.267,23.4,6.3
255,Tyrone Taylor,MIL,92,220.46616541353384,243.0,43.2406015037594,0.2155388471177945,0.7183098591549295,0.2535211267605634,0.028169014084507043,0.03759398496240602,0.11528822055137845,0.13032581453634084,0.06265664160401002,0.0,0.2406015037593985,0.01754385964912281,0.0075187969924812035,0.0025062656641604013,0.012531328320802004,0.005012531328320803,0.0075187969924812035,0.238,0.297229219,0.422651934,0.719881153,0.279527559,24.06015038,6.26566416,231,243,44,0.2222222222222222,0.5909090909090909,0.38636363636363635,0.022727272727272728,0.0411522633744856,0.14814814814814814,0.1440329218106996,0.03292181069958848,0.0,0.22633744855967078,0.012345679012345678,0.00411522633744856,0.0,0.037037037037037035,0.0,0.037037037037037035,0.234,0.267,0.446,0.713,0.263,22.6,3.3
256,Jacob Stallings,MIA,100,246.1057934508816,276.0,53.531486146095716,0.21158690176322417,0.7922077921442688,0.2077922077922078,0.0,0.017632241813602016,0.0906801007556675,0.09319899244332494,0.08312342569269521,0.0025188916876574307,0.21914357682619648,0.010075566750629723,0.007556675062972292,0.005037783375314861,0.0025188916876574307,0.0025188916876574307,0.0,0.237,0.307106599,0.34180791,0.648914509,0.292775665,21.91435768,8.312342569,241,276,43,0.16666666666666666,0.6744186046511628,0.32558139534883723,0.0,0.010869565217391304,0.07971014492753623,0.07246376811594203,0.09782608695652174,0.0,0.2427536231884058,0.010869565217391304,0.007246376811594203,0.010869565217391304,0.0,0.0,0.0,0.191,0.278,0.286,0.565,0.249,24.3,9.8
258,Alek Thomas,ARI,91,367.13265306122446,402.0,85.11734694326532,0.23469387756218907,0.7228915662269289,0.24096385540897625,0.03614457831134644,0.022959183673469382,0.11479591836734694,0.11479591836734694,0.06887755102040816,0.0,0.1913265306122449,0.01020408163265306,0.007653061224489796,0.002551020408163265,0.015306122448979591,0.01020408163265306,0.00510204081632653,0.257,0.31377551,0.405027933,0.718803443,0.299638989,19.13265306,6.887755102,374,402,77,0.21393034825870647,0.7142857142857143,0.22077922077922077,0.06493506493506493,0.022388059701492536,0.12686567164179105,0.09701492537313433,0.0472636815920398,0.0024875621890547263,0.21393034825870647,0.009950248756218905,0.007462686567164179,0.004975124378109453,0.022388059701492536,0.0024875621890547263,0.01990049751243781,0.23,0.273,0.374,0.647,0.273,21.4,4.7
259,Kerry Carpenter,DET,89,419.6571428571429,459.0,85.83896103896103,0.22597402597402597,0.7222222221662431,0.25000000000000006,0.027777777777777783,0.03896103896103896,0.1116883116883117,0.12987012987012986,0.06233766233766234,0.005194805194805195,0.2285714285714286,0.015584415584415584,0.007792207792207792,0.002597402597402598,0.007792207792207792,0.007792207792207792,0.0,0.247,0.303896104,0.4375,0.741396104,0.285714286,22.85714286,6.233766234,418,459,96,0.25272331154684097,0.8020833333333334,0.17708333333333334,0.020833333333333332,0.04357298474945534,0.12418300653594772,0.1394335511982571,0.06971677559912855,0.006535947712418301,0.25054466230936817,0.017429193899782137,0.002178649237472767,0.0,0.013071895424836602,0.0,0.013071895424836602,0.278,0.34,0.471,0.811,0.338,25.1,7.0
260,Robbie Grossman,TEX,89,358.9090909090909,420.0,70.9090909090909,0.1922077922077922,0.7384615384615384,0.23076923076923078,0.015384615384615384,0.023376623376623374,0.10909090909090907,0.10389610389610389,0.12467532467532466,0.0025974025974025974,0.2545454545454545,0.012987012987012986,0.007792207792207791,0.0025974025974025974,0.01818181818181818,0.007792207792207791,0.01038961038961039,0.224,0.32987013,0.3556231,0.68549323,0.288888889,25.45454545,12.46753247,353,420,74,0.2,0.6756756756756757,0.3108108108108108,0.013513513513513514,0.023809523809523808,0.13333333333333333,0.11666666666666667,0.1357142857142857,0.0,0.23333333333333334,0.004761904761904762,0.01904761904761905,0.0,0.002380952380952381,0.0,0.002380952380952381,0.238,0.34,0.394,0.734,0.292,23.3,13.6
262,Christian Vazquez,MIN,96,326.89973614775727,355.0,75.87071240105541,0.23482849604221637,0.7777777777777777,0.20987654320987653,0.0,0.021108179419525065,0.1029023746701847,0.1029023746701847,0.06068601583113456,0.0,0.17678100263852242,0.005277044854881266,0.0079155672823219,0.002638522427440633,0.010554089709762533,0.005277044854881266,0.005277044854881266,0.254,0.302387268,0.369627507,0.672014775,0.292418773,17.67810026,6.068601583,327,355,67,0.2056338028169014,0.8059701492537313,0.19402985074626866,0.0,0.016901408450704224,0.09577464788732394,0.09014084507042254,0.07042253521126761,0.0028169014084507044,0.23098591549295774,0.0028169014084507044,0.0028169014084507044,0.0028169014084507044,0.0028169014084507044,0.0,0.0028169014084507044,0.223,0.28,0.318,0.598,0.279,23.1,7.0
263,Elias Diaz,COL,96,480.0793650793651,526.0,107.14814814814815,0.23280423280423282,0.7402597402597402,0.2337662337662338,0.012987012987012988,0.029100529100529102,0.10846560846560847,0.1216931216931217,0.06878306878306878,0.0,0.1931216931216931,0.007936507936507938,0.007936507936507938,0.002645502645502646,0.002645502645502646,0.002645502645502646,0.0,0.254,0.310344828,0.405797101,0.716141929,0.291666667,19.31216931,6.878306878,486,526,116,0.24714828897338403,0.7758620689655172,0.21551724137931033,0.008620689655172414,0.026615969581749048,0.09125475285171103,0.13688212927756654,0.06463878326996197,0.0,0.22433460076045628,0.0038022813688212928,0.0076045627376425855,0.0,0.0019011406844106464,0.0,0.0019011406844106464,0.267,0.316,0.409,0.725,0.324,22.4,6.5
265,Tommy Pham,NYM,86,421.3611859838275,481.0,82.97574123989219,0.1967654986522911,0.7812500000000001,0.20312500000000003,0.015625,0.02425876010781671,0.11859838274932616,0.09973045822102426,0.10781671159029649,0.0026954177897574125,0.2560646900269542,0.01078167115902965,0.005390835579514825,0.0026954177897574125,0.01886792452830189,0.005390835579514825,0.013477088948787061,0.226,0.315363881,0.353846154,0.669210035,0.286995516,25.606469,10.78167116,426,481,93,0.22661122661122662,0.6774193548387096,0.2903225806451613,0.03225806451612903,0.033264033264033266,0.11434511434511435,0.14137214137214138,0.09771309771309772,0.002079002079002079,0.2203742203742204,0.004158004158004158,0.012474012474012475,0.0,0.04573804573804574,0.006237006237006237,0.0395010395010395,0.256,0.328,0.446,0.774,0.3,22.0,9.8
266,Nolan Gorman,STL,84,420.6593406593406,464.0,75.20879120879121,0.21153846153846156,0.7627118644067795,0.22033898305084743,0.0,0.04945054945054944,0.13186813186813187,0.13736263736263735,0.07692307692307693,0.0,0.3131868131868132,0.005494505494505494,0.005494505494505494,0.002747252747252747,0.005494505494505494,0.002747252747252747,0.002747252747252747,0.233,0.29558011,0.433333333,0.728913444,0.295,31.31868132,7.692307692,406,464,69,0.20689655172413793,0.7536231884057971,0.2463768115942029,0.0,0.05818965517241379,0.1271551724137931,0.16379310344827586,0.11422413793103449,0.0021551724137931034,0.31896551724137934,0.00646551724137931,0.004310344827586207,0.0,0.015086206896551725,0.004310344827586207,0.010775862068965518,0.236,0.328,0.478,0.805,0.296,31.9,11.4
267,Brandon Belt,TOR,84,347.39560439560444,404.0,63.26373626373627,0.20054945054945056,0.7192982456140351,0.2456140350877193,0.017543859650859823,0.04395604395604396,0.12362637362637363,0.12912087912087913,0.11813186813186814,0.005494505495049505,0.26648351648351654,0.013736263736263736,0.005494505495049505,0.0027472527475247525,0.005494505495049505,0.0027472527475247525,0.0027472527475247525,0.232,0.333333333,0.434504792,0.767838126,0.282178218,26.64835165,11.81318681,339,404,67,0.21287128712871287,0.6567164179104478,0.34328358208955223,0.0,0.04702970297029703,0.1311881188118812,0.10643564356435643,0.15099009900990099,0.0024752475247524753,0.349009900990099,0.0049504950495049506,0.0049504950495049506,0.0,0.0,0.0,0.0,0.254,0.369,0.49,0.858,0.37,34.9,15.1
268,Daniel Vogelbach,NYM,84,264.66483516483515,319.0,45.57142857142857,0.1813186813186813,0.7692307692307692,0.21153846153605016,0.019230769230769232,0.038461538461538464,0.11538461538461538,0.12087912087912088,0.15934065934065933,0.005494505494505494,0.25,0.005494505494505494,0.005494505494505494,0.002747252747252747,0.0,0.002747252747252747,-0.0027472527460815047,0.218,0.346153846,0.400662252,0.746816098,0.261306533,25.0,15.93406593,275,319,51,0.2006269592476489,0.8431372549019608,0.1568627450980392,0.0,0.04075235109717868,0.10344827586206896,0.15047021943573669,0.13166144200626959,0.003134796238244514,0.25391849529780564,0.006269592476489028,0.0,0.0,0.0,0.0,0.0,0.233,0.339,0.404,0.742,0.282,25.4,13.2
269,J.D. Davis,SFG,84,475.5,546.0,102.0,0.21703296703296704,0.7352941176470589,0.23529411764705882,0.014705882352941176,0.03021978021978022,0.11263736263736264,0.11263736263736264,0.1043956043956044,0.0027472527472527475,0.3021978021978022,0.016483516483516484,0.005494505494505495,0.0027472527472527475,0.0027472527472527475,0.0027472527472527475,0.0,0.248,0.338842975,0.406940063,0.745783038,0.343434343,30.21978022,10.43956044,480,546,101,0.21794871794871795,0.7623762376237624,0.22772277227722773,0.009900990099009901,0.03296703296703297,0.11172161172161173,0.12637362637362637,0.09523809523809523,0.0,0.2783882783882784,0.01098901098901099,0.01098901098901099,0.0,0.0018315018315018315,0.0,0.0018315018315018315,0.248,0.325,0.413,0.738,0.32,27.8,9.5
272,Michael A. Taylor,MIN,83,352.1344537815126,388.0,73.9047619047619,0.21288515406162462,0.7794117647058824,0.2058823529411765,0.014705882352941173,0.02240896358543417,0.10364145658263303,0.10084033613445377,0.07282913165266106,0.0,0.2745098039215686,0.008403361344537813,0.008403361344537813,0.005602240896358543,0.01680672268907563,0.008403361344537813,0.008403361344537813,0.235,0.29494382,0.358024691,0.652968512,0.307692308,27.45098039,7.282913165,355,388,57,0.20103092783505155,0.7368421052631579,0.24561403508771928,0.017543859649122806,0.05412371134020619,0.12371134020618557,0.13144329896907217,0.06701030927835051,0.0,0.33505154639175255,0.007731958762886598,0.002577319587628866,0.007731958762886598,0.03350515463917526,0.002577319587628866,0.030927835051546393,0.22,0.278,0.442,0.72,0.278,33.5,6.7
273,Patrick Wisdom,CHC,83,267.31652661064425,302.0,40.605042016806735,0.18487394957983197,0.7083333333333331,0.2916666666666666,0.0,0.050420168067226885,0.12044817927170869,0.12605042016556292,0.09523809523809525,0.0028011204470198676,0.3529411764705882,0.014005602241721853,0.005602240897350993,0.0028011204470198676,0.014005602241721853,0.005602240897350993,0.008403361344370862,0.208,0.294117647,0.424050633,0.71816828,0.275862069,35.29411765,9.523809524,268,302,32,0.18211920529801323,0.71875,0.25,0.03125,0.076158940397351,0.1423841059602649,0.152317880794702,0.09933774834437085,0.0,0.3675496688741722,0.006622516556291391,0.0033112582781456954,0.0033112582781456954,0.013245033112582781,0.006622516556291391,0.006622516556291391,0.205,0.289,0.5,0.789,0.237,36.8,9.9
276,Yasmani Grandal,CHW,89,335.2118644067797,405.0,60.63559322406779,0.18644067797530864,0.7924528301399472,0.20754716979855756,0.0,0.03672316384180791,0.10734463276836159,0.11299435028248588,0.15254237288135597,0.002824858757062147,0.22033898305084745,0.00847457627118644,0.00847457627118644,0.002824858757062147,0.002824858757062147,0.002824858757062147,0.0,0.225,0.348441926,0.395904437,0.744346363,0.258536585,22.03389831,15.25423729,363,405,77,0.20987654320987653,0.8181818181818182,0.18181818181818182,0.0,0.019753086419753086,0.08148148148148149,0.08148148148148149,0.08888888888888889,0.0024691358024691358,0.2123456790123457,0.009876543209876543,0.0049382716049382715,0.0,0.0,0.0,0.0,0.234,0.309,0.339,0.647,0.284,21.2,8.9
278,Christian Arroyo,BOS,81,189.52,206.0,44.73142857142857,0.24285714285714288,0.7236842105263157,0.24999999999999992,0.013157894736842105,0.025714285714285714,0.11428571428571428,0.1257142857142857,0.05428571428571427,0.0028571428571428567,0.19428571428571428,0.01714285714285714,0.005714285714285713,0.005714285714285713,0.014285714285714285,0.005714285714285713,0.00857142857142857,0.264,0.315186246,0.409937888,0.725124135,0.307692308,19.42857143,5.428571429,195,206,44,0.22815533980582525,0.6363636363636364,0.36363636363636365,0.0,0.014563106796116505,0.11165048543689321,0.11650485436893204,0.03398058252427184,0.0,0.21844660194174756,0.0048543689320388345,0.009708737864077669,0.0048543689320388345,0.0048543689320388345,0.014563106796116505,-0.009708737864077669,0.241,0.268,0.369,0.638,0.295,21.8,3.4
279,Ji Hwan Bae,PIT,81,332.84000000000003,371.0,79.50000000000001,0.2285714285714286,0.7466666666666665,0.21333333333333332,0.039999999999999994,0.014285714285714287,0.13142857142857145,0.09714285714285714,0.08,0.002857142857142857,0.19428571428571428,0.008571428571428572,0.005714285714285714,0.005714285714285714,0.037142857142857144,0.014285714285714287,0.022857142857142857,0.255,0.319884726,0.372611465,0.692496191,0.308641975,19.42857143,8.0,334,371,75,0.20754716981132076,0.7466666666666667,0.22666666666666666,0.02666666666666667,0.005390835579514825,0.14555256064690028,0.0862533692722372,0.08086253369272237,0.0,0.24797843665768193,0.005390835579514825,0.005390835579514825,0.008086253369272238,0.0646900269541779,0.02425876010781671,0.04043126684636118,0.231,0.296,0.311,0.608,0.31,24.8,8.1
280,Jon Berti,MIA,81,370.69714285714286,424.00000000000006,81.16571428571429,0.2057142857142857,0.7611940298507462,0.20895522388059704,0.02985074626865672,0.014285714285714285,0.12285714285714285,0.07999999999999999,0.10285714285714286,0.0,0.22857142857142856,0.011428571428571429,0.005714285714285714,0.005714285714285714,0.07714285714285714,0.01714285714285714,0.06,0.235,0.32183908,0.343137255,0.664976335,0.30044843,22.85714286,10.28571429,388,424,107,0.2688679245283019,0.822429906542056,0.14953271028037382,0.028037383177570093,0.01650943396226415,0.125,0.07783018867924528,0.06839622641509434,0.0047169811320754715,0.18160377358490565,0.0047169811320754715,0.007075471698113208,0.0047169811320754715,0.03773584905660377,0.014150943396226415,0.02358490566037736,0.294,0.344,0.405,0.748,0.349,18.2,6.8
282,Matt Vierling,DET,81,481.54285714285714,530.0,109.02857142857142,0.2257142857142857,0.7638888888888888,0.19444444444444445,0.027777777777777776,0.02,0.10285714285714286,0.09142857142857143,0.06857142857142857,0.0,0.20285714285714285,0.011428571428571429,0.008571428571428572,0.002857142857142857,0.025714285714285714,0.008571428571428572,0.01714285714285714,0.248,0.306590258,0.367924528,0.674514786,0.296296296,20.28571429,6.857142857,479,530,115,0.2358490566037736,0.7739130434782608,0.1826086956521739,0.043478260869565216,0.018867924528301886,0.11886792452830189,0.0830188679245283,0.0830188679245283,0.0018867924528301887,0.21132075471698114,0.009433962264150943,0.0018867924528301887,0.0018867924528301887,0.011320754716981131,0.011320754716981131,0.0,0.261,0.329,0.388,0.717,0.321,21.1,8.3
286,Bryce Harper,PHI,78,461.5,546.0,97.5,0.2261904761904762,0.6833333333333333,0.31666666666666665,0.016666666666666666,0.047619047619047616,0.14583333333333334,0.15178571428571427,0.13690476190476192,0.017857142857142856,0.21428571428571427,0.008928571428571428,0.008928571428571428,0.002976190476190476,0.023809523809523808,0.008928571428571428,0.01488095238095238,0.27,0.37202381,0.514084507,0.886108317,0.301507538,21.42857143,13.69047619,457,546,113,0.2454212454212454,0.7345132743362832,0.25663716814159293,0.008849557522123894,0.038461538461538464,0.15384615384615385,0.13186813186813187,0.14652014652014653,0.014652014652014652,0.21794871794871795,0.009157509157509158,0.007326007326007326,0.0,0.020146520146520148,0.005494505494505495,0.014652014652014652,0.293,0.401,0.499,0.9,0.352,21.8,14.7
288,Alex Call,WSN,76,381.6231003039514,439.00000000000006,77.3920972644377,0.20364741641337383,0.7413793103448276,0.2413793103448276,0.017241379310344827,0.02735562310030395,0.12158054711246201,0.11550151975683891,0.10030395136778116,0.0,0.20364741641337383,0.015197568389057751,0.00911854103343465,0.00303951367781155,0.015197568389057751,0.00911854103343465,0.0060790273556230985,0.235,0.321100917,0.384615385,0.705716302,0.272300469,20.36474164,10.03039514,375,439,67,0.17084282460136674,0.7761194029850746,0.208955223880597,0.014925373134328358,0.018223234624145785,0.0979498861047836,0.08656036446469248,0.12072892938496584,0.0,0.1776765375854214,0.01366742596810934,0.004555808656036446,0.00683371298405467,0.02050113895216401,0.018223234624145785,0.002277904328018223,0.2,0.307,0.307,0.614,0.23,17.8,12.1
291,Josh Lowe,TBR,75,446.5434782608696,501.0,88.68633540267079,0.20186335403726705,0.6842105263239358,0.2631578947399753,0.035087719298663375,0.024844720499001997,0.11180124223602485,0.10869565217391305,0.09316770186335403,0.003105590062111801,0.32298136645962733,0.006211180124223602,0.006211180124223602,0.003105590062111801,0.031055900621118012,0.006211180124223602,0.024844720499001997,0.225,0.302180685,0.3728223,0.675002985,0.322033898,32.29813665,9.316770186,466,501,116,0.2714570858283433,0.6982758620689655,0.28448275862068967,0.017241379310344827,0.03992015968063872,0.14171656686626746,0.1656686626746507,0.06187624750499002,0.003992015968063872,0.24750499001996007,0.001996007984031936,0.005988023952095809,0.0,0.06387225548902195,0.005988023952095809,0.05788423153692615,0.292,0.335,0.5,0.835,0.357,24.8,6.2
293,Oswaldo Cabrera,NYY,75,300.2795031055901,330.0,59.44099378881988,0.2111801242236025,0.7068965517241381,0.2586206896551724,0.017241379310344827,0.031055900621118012,0.11180124224242426,0.12111801242236024,0.07142857142857144,0.0,0.26086956521739135,0.006211180124223603,0.006211180124223603,0.0031055900621118015,0.02173913043478261,0.009316770186335406,0.012422360248447206,0.23,0.290625,0.389078498,0.679703498,0.288557214,26.08695652,7.142857143,298,330,58,0.19090909090909092,0.8103448275862069,0.1896551724137931,0.0,0.015151515151515152,0.10606060606060606,0.08787878787878788,0.07575757575757576,0.0030303030303030303,0.21818181818181817,0.006060606060606061,0.006060606060606061,0.00909090909090909,0.024242424242424242,0.0,0.024242424242424242,0.211,0.275,0.299,0.574,0.26,21.8,7.6
294,Edward Olivares,KCR,75,350.3260869565217,385.0,80.10869565478261,0.23602484472727273,0.7761194029598008,0.2089552238737925,0.014925373133842325,0.02795031055900621,0.12111801242236024,0.11490683229813664,0.06521739130434785,0.0,0.19254658385093165,0.012422360248447204,0.006211180124223602,0.003105590062111802,0.018633540372670808,0.009316770186335404,0.009316770186335404,0.26,0.315625,0.406143345,0.721768345,0.299107143,19.25465839,6.52173913,354,385,81,0.24155844155844156,0.6666666666666666,0.2839506172839506,0.04938271604938271,0.03116883116883117,0.12207792207792208,0.09350649350649351,0.05714285714285714,0.0025974025974025974,0.16623376623376623,0.01818181818181818,0.005194805194805195,0.0,0.02857142857142857,0.012987012987012988,0.015584415584415584,0.263,0.317,0.452,0.769,0.289,16.6,5.7
296,Miguel Cabrera,DET,75,336.6770186335404,370.0,75.8385093167702,0.22670807453416153,0.8484848484848484,0.1515151515151515,0.0,0.02173913043478261,0.08385093167701864,0.10248447204968944,0.07142857142857144,0.0031055900621118006,0.2360248447204969,0.009316770186486486,0.009316770186486486,0.0,0.0031055900621118006,0.0031055900621118006,0.0,0.249,0.307453416,0.354948805,0.662402222,0.309859155,23.60248447,7.142857143,334,370,82,0.23243243243243245,0.7560975609756098,0.24390243902439024,0.0,0.010810810810810811,0.05675675675675676,0.0918918918918919,0.08378378378378379,0.0,0.2,0.005405405405405406,0.008108108108108109,0.0,0.0,0.0,0.0,0.257,0.322,0.353,0.675,0.317,20.0,8.4
297,Gabriel Moreno,ARI,79,344.375,380.0,86.6875,0.246875,0.7808219178082192,0.2054794520547945,0.0136986301369863,0.01875,0.1125,0.109375,0.06875,0.0,0.16875,0.0125,0.00625,0.003125,0.009375,0.003125,0.00625,0.273,0.330188679,0.393103448,0.723292128,0.314655172,16.875,6.875,341,380,90,0.25526315789473686,0.7777777777777778,0.2111111111111111,0.011111111111111112,0.018421052631578946,0.0868421052631579,0.13157894736842105,0.07631578947368421,0.0,0.19736842105263158,0.007894736842105263,0.018421052631578946,0.0,0.015789473684210527,0.005263157894736842,0.010526315789473684,0.284,0.339,0.408,0.747,0.338,19.7,7.6
298,Reese McGuire,BOS,81,188.61875,206.0,44.41875,0.23125,0.7246376811594203,0.2608695652173913,0.014492753623188406,0.015625,0.1,0.0875,0.059375,0.0,0.2,0.009375,0.00625,0.009375,0.003125,0.003125,0.0,0.254,0.302839117,0.372013652,0.674852769,0.305309735,20.0,5.9375,187,206,49,0.24271844660194175,0.7346938775510204,0.24489795918367346,0.02040816326530612,0.0048543689320388345,0.07281553398058252,0.07766990291262135,0.05339805825242718,0.0,0.25728155339805825,0.0048543689320388345,0.0048543689320388345,0.009708737864077669,0.009708737864077669,0.0048543689320388345,0.0048543689320388345,0.267,0.31,0.358,0.668,0.366,25.7,5.3
299,Jake Rogers,DET,81,323.9375,365.0,52.46875,0.178125,0.717391304347826,0.2391304347826087,0.043478260869565216,0.034375,0.1125,0.115625,0.0875,0.0,0.321875,0.0125,0.00625,0.00625,0.0125,0.00625,0.00625,0.201,0.279874214,0.36971831,0.649592524,0.26744186,32.1875,8.75,331,365,52,0.2,0.7884615384615384,0.21153846153846154,0.0,0.057534246575342465,0.12876712328767123,0.13424657534246576,0.07671232876712329,0.0,0.3232876712328767,0.00821917808219178,0.005479452054794521,0.0027397260273972603,0.0027397260273972603,0.0027397260273972603,0.0,0.221,0.286,0.444,0.73,0.268,32.3,7.7
300,Eric Haase,DET,78,267.0379746835443,293.0,48.21518987341772,0.20569620253164558,0.75,0.23076923076923075,0.01923076923076923,0.04113924050632911,0.11392405063291142,0.12658227848101264,0.07278481012658228,0.0,0.2974683544303797,0.0063291139240506345,0.0063291139240506345,0.003164556962025316,0.003164556962025316,0.003164556962025316,0.0,0.226,0.285714286,0.409722222,0.695436508,0.284153005,29.74683544,7.278481013,274,293,51,0.18771331058020477,0.8235294117647058,0.1568627450980392,0.0196078431372549,0.013651877133105802,0.07508532423208192,0.08873720136518772,0.05802047781569966,0.0034129692832764505,0.2764505119453925,0.0,0.0034129692832764505,0.0034129692832764505,0.013651877133105802,0.0034129692832764505,0.010238907849829351,0.201,0.247,0.281,0.528,0.268,27.6,5.8
301,Orlando Arcia,ATL,73,480.54603174603176,533.0,99.83174603174604,0.21904761904761907,0.7796610169491525,0.22033898308264696,0.0,0.031746031746031744,0.11428571428571428,0.12063492063789868,0.08253968253283302,0.0031746031746031746,0.19047619047619047,0.006349206349206349,0.006349206349206349,0.0031746031746031746,0.006349206349206349,0.0031746031746031746,0.0031746031746031746,0.243,0.308917197,0.394366197,0.703283395,0.273148148,19.04761905,8.253968254,488,533,112,0.24202626641651032,0.7767857142857143,0.22321428571428573,0.0,0.03189493433395872,0.12382739212007504,0.12195121951219512,0.07317073170731707,0.0,0.19136960600375236,0.005628517823639775,0.005628517823639775,0.0,0.001876172607879925,0.0,0.001876172607879925,0.264,0.321,0.42,0.741,0.301,19.1,7.3
302,Mauricio Dubon,HOU,73,452.95238095238096,492.0,104.64761904761905,0.23492063492063492,0.791044776119403,0.19402985074626866,0.014925373134328358,0.022222222222222223,0.11428571428571428,0.11746031746031746,0.057142857142857155,0.0031746031746031746,0.1587301587398374,0.009523809523809525,0.006349206349206349,0.006349206349206349,0.015873015873015872,0.009523809523809525,0.006349206349206349,0.255,0.303514377,0.379310345,0.682824722,0.285106383,15.87301587,5.714285714,467,492,120,0.26422764227642276,0.7583333333333333,0.21666666666666667,0.025,0.02032520325203252,0.15447154471544716,0.09349593495934959,0.03861788617886179,0.0,0.14227642276422764,0.006097560975609756,0.006097560975609756,0.0,0.014227642276422764,0.0040650406504065045,0.01016260162601626,0.278,0.309,0.411,0.72,0.308,14.2,3.9
305,Nolan Jones,COL,71,371.68831168831167,424.0,81.22077922077924,0.2207792207792208,0.7118644067796609,0.25423728813559315,0.016949152542372878,0.02922077922077922,0.1233766233766234,0.12987012987012986,0.10714285714285715,0.003246753246753247,0.2824675324675324,0.006493506493506494,0.003246753246753247,0.003246753246753247,0.009740259740566037,0.003246753246753247,0.006493506493506494,0.251,0.336601307,0.411111111,0.747712418,0.337142857,28.24675325,10.71428571,367,424,89,0.25707547169811323,0.7078651685393258,0.24719101123595505,0.0449438202247191,0.04716981132075472,0.14150943396226415,0.14622641509433962,0.125,0.007075471698113208,0.2971698113207547,0.007075471698113208,0.0023584905660377358,0.0,0.04716981132075472,0.009433962264150943,0.03773584905660377,0.297,0.389,0.542,0.931,0.401,29.7,12.5
308,Anthony Volpe,NYY,70,531.1162790697674,601.0,107.82059800355482,0.20598006644518274,0.6851851852048197,0.27777777778573776,0.03703703703809837,0.02657807309484193,0.12624584717607973,0.11960132890365448,0.08637873754152825,0.0,0.22591362126245845,0.01661129568106312,0.006644518272425249,0.0033222591362126255,0.0398671096345515,0.013289036544093179,0.02657807309484193,0.232,0.311036789,0.394736842,0.705773631,0.28125,22.59136213,8.637873754,541,601,92,0.18801996672212978,0.7065217391304348,0.25,0.043478260869565216,0.03494176372712146,0.10316139767054909,0.09983361064891846,0.08652246256239601,0.0,0.2778702163061564,0.008319467554076539,0.0033277870216306157,0.0016638935108153079,0.03993344425956739,0.008319467554076539,0.03161397670549085,0.209,0.283,0.383,0.666,0.259,27.8,8.7
310,Will Brennan,CLE,70,414.1860465116279,455.0,101.27906976744188,0.239202657807309,0.7462686567278988,0.23880597014925367,0.014925373134328354,0.016611295681063124,0.10963455149501662,0.11295681063122924,0.06976744186046512,0.0,0.14617940199335547,0.009966777408637873,0.006644518272425249,0.0033222591362126247,0.016611295681063124,0.006644518272425249,0.009966777408637873,0.264,0.32,0.383211679,0.703211679,0.295154185,14.6179402,6.976744186,432,455,110,0.25274725274725274,0.7818181818181819,0.21818181818181817,0.0,0.01098901098901099,0.09010989010989011,0.09010989010989011,0.035164835164835165,0.004395604395604396,0.12527472527472527,0.01098901098901099,0.004395604395604396,0.0,0.02857142857142857,0.01098901098901099,0.017582417582417582,0.266,0.299,0.356,0.655,0.296,12.5,3.5
311,Gary Sanchez,,75,235.85,267.0,37.38,0.18666666666666668,0.7142857142857142,0.2857142857142857,0.023809523809523808,0.04666666666666667,0.11,0.12666666666666668,0.09333333333333334,0.0,0.28,0.013333333333333334,0.006666666666666667,0.0033333333333333335,0.0033333333333333335,0.0033333333333333335,0.0,0.211,0.294314381,0.426415094,0.720729476,0.24852071,28.0,9.333333333,240,267,33,0.1947565543071161,0.7272727272727273,0.2727272727272727,0.0,0.07116104868913857,0.12359550561797752,0.1760299625468165,0.07865168539325842,0.0,0.250936329588015,0.0149812734082397,0.00749063670411985,0.0,0.0,0.0,0.0,0.217,0.288,0.492,0.78,0.212,25.1,7.9
312,Christian Bethancourt,TBR,75,309.49152542372883,332.0,63.02372881355932,0.22372881355932203,0.75,0.23214285714285712,0.0,0.033898305084745756,0.10847457626506024,0.1288135593220339,0.05084745762711865,0.0,0.24745762711864408,0.006779661016949152,0.006779661016949152,0.0033898305084745757,0.01016949152542373,0.0033898305084745757,0.006779661016949152,0.24,0.282312925,0.392727273,0.675040198,0.288659794,24.74576271,5.084745763,315,332,60,0.21385542168674698,0.7333333333333333,0.26666666666666666,0.0,0.03313253012048193,0.14759036144578314,0.09939759036144578,0.0391566265060241,0.0,0.2740963855421687,0.0,0.009036144578313253,0.0030120481927710845,0.0030120481927710845,0.0,0.0030120481927710845,0.225,0.254,0.381,0.635,0.278,27.4,3.9
313,Austin Hedges,PIT,75,190.3673469387755,212.0,31.727891156462587,0.17687074829931973,0.7954545454545455,0.18181818181818182,0.0,0.0272108843537415,0.09523809523809523,0.09183673469387756,0.07142857142857144,0.0034013605442176874,0.2448979591836735,0.01360544217687075,0.006802721088435375,0.01360544217687075,0.006802721088435375,0.0034013605442176874,0.0034013605442176874,0.196,0.264604811,0.314393939,0.57899875,0.23655914,24.48979592,7.142857143,185,212,33,0.16037735849056603,0.8484848484848485,0.15151515151515152,0.0,0.0047169811320754715,0.0660377358490566,0.07547169811320754,0.05188679245283019,0.0,0.22169811320754718,0.009433962264150943,0.014150943396226415,0.04716981132075472,0.0047169811320754715,0.0,0.0047169811320754715,0.184,0.234,0.227,0.461,0.236,22.2,5.2
314,Josh H. Smith,TEX,68,200.43537414965985,232.0,44.1904761904762,0.20748299319727892,0.7499999999999998,0.21428571428340512,0.035714285714285705,0.017006802721088433,0.11564625850340136,0.1020408163362069,0.09863945577586207,0.0,0.20748299319727892,0.023809523809523808,0.006802721088435374,0.006802721088435374,0.023809523809523808,0.01020408163362069,0.013605442176870748,0.239,0.332191781,0.362204724,0.694396505,0.294736842,20.74829932,9.863945578,195,232,30,0.15517241379310345,0.7,0.26666666666666666,0.03333333333333333,0.02586206896551724,0.125,0.06465517241379311,0.10775862068965517,0.0,0.23706896551724138,0.03879310344827586,0.004310344827586207,0.008620689655172414,0.004310344827586207,0.0,0.004310344827586207,0.185,0.304,0.328,0.633,0.222,23.7,10.8
316,Yuli Gurriel,,68,301.0238095238095,329.0,73.85714285714286,0.24489795918367346,0.7424242424242424,0.2575757575757576,0.0,0.020408163265306124,0.10884353741496598,0.11224489795918367,0.06462585034013606,0.0,0.1292517006802721,0.010204081632653062,0.010204081632653062,0.003401360544217687,0.010204081632653062,0.003401360544217687,0.006802721088435374,0.268,0.319727891,0.397769517,0.717497408,0.289473684,12.92517007,6.462585034,298,329,69,0.22188449848024316,0.7246376811594203,0.2318840579710145,0.043478260869565216,0.0121580547112462,0.0972644376899696,0.08206686930091185,0.0790273556231003,0.00911854103343465,0.1337386018237082,0.00303951367781155,0.0121580547112462,0.0,0.0121580547112462,0.0,0.0121580547112462,0.245,0.304,0.359,0.663,0.272,13.4,7.9
319,Yan Gomes,CHC,71,387.7978723404255,419.0,81.71985815730497,0.2234042553221957,0.7818181818059685,0.21818181817840981,0.01818181818153415,0.028368794326241134,0.09929078014184396,0.11347517730496454,0.04964539007092198,0.0035460992907801418,0.19148936170212766,0.014184397163120567,0.0070921985815602835,0.0035460992907801418,0.0035460992907801418,0.0035460992907801418,0.0,0.243,0.288256228,0.390804598,0.679060825,0.273631841,19.14893617,4.964539007,382,419,92,0.24343675417661098,0.7608695652173914,0.21739130434782608,0.021739130434782608,0.02386634844868735,0.10501193317422435,0.15035799522673032,0.050119331742243436,0.002386634844868735,0.19331742243436753,0.021479713603818614,0.016706443914081145,0.0,0.002386634844868735,0.0,0.002386634844868735,0.267,0.315,0.408,0.723,0.309,19.3,5.0
321,Gavin Sheets,CHW,65,312.0571428571429,344.0,62.65714285714286,0.22142857142857145,0.7647058823529412,0.23529411764705882,0.0,0.03928571428571429,0.11071428571428572,0.12857142857142856,0.075,0.0,0.2178571428571429,0.0071428571428571435,0.0071428571428571435,0.0035714285714285718,0.0,0.0,0.0,0.245,0.304659498,0.421259843,0.725919341,0.277173913,21.78571429,7.5,311,344,53,0.18313953488372092,0.8113207547169812,0.18867924528301888,0.0,0.029069767441860465,0.06976744186046512,0.125,0.08139534883720931,0.005813953488372093,0.19186046511627908,0.0029069767441860465,0.011627906976744186,0.0,0.0029069767441860465,0.0,0.0029069767441860465,0.203,0.267,0.331,0.599,0.222,19.2,8.1
326,Ryan Noda,OAK,63,424.2857142857143,495.0,72.52747252747253,0.17582417582417584,0.7250000000000001,0.25,0.0,0.0293040293040293,0.10622710622710622,0.10989010989898991,0.11355311355311355,0.003663003663003662,0.32234432234432236,0.018315018315018316,0.007326007326007324,0.003663003663003662,0.014652014652014652,0.003663003663003662,0.01098901098989899,0.203,0.308823529,0.346153846,0.654977376,0.285714286,32.23443223,11.35531136,406,495,77,0.18787878787878787,0.7012987012987013,0.2857142857142857,0.012987012987012988,0.03232323232323232,0.12727272727272726,0.10909090909090909,0.15555555555555556,0.00202020202020202,0.3434343434343434,0.020202020202020204,0.00404040404040404,0.0,0.006060606060606061,0.00202020202020202,0.00404040404040404,0.229,0.364,0.406,0.77,0.347,34.3,15.6
327,Trevor Larnach,MIN,63,187.15018315018315,212.0,37.27472527472527,0.20146520146520144,0.7500000000000002,0.25000000000854955,0.0,0.025641025641025644,0.10256410256410257,0.10989010989010989,0.09157509157509158,0.003663003663003663,0.31501831501831506,0.014652014652014652,0.007326007326007326,0.003663003663003663,0.003663003663003663,0.003663003663003663,0.0,0.23,0.308823529,0.365145228,0.673968758,0.32,31.5018315,9.157509158,183,212,31,0.18396226415094338,0.6774193548387096,0.22580645161290322,0.0967741935483871,0.03773584905660377,0.12264150943396226,0.18867924528301888,0.12735849056603774,0.0047169811320754715,0.33962264150943394,0.0,0.009433962264150943,0.0,0.0047169811320754715,0.0047169811320754715,0.0,0.213,0.311,0.415,0.727,0.295,34.0,12.7
329,Jesus Sanchez,MIA,62,362.7067669172933,402.0,74.05263157894737,0.22180451127819548,0.7551020407746979,0.20408163265306123,0.04081632653061225,0.03759398496240601,0.11654135338345864,0.12781954887218044,0.07894736842105264,0.0037593984962406013,0.2518796992481203,0.011278195488721804,0.0037593984962406013,0.0037593984962406013,0.007518796992481204,0.0037593984962406013,0.0037593984962406013,0.244,0.313207547,0.429166667,0.742374214,0.298780488,25.18796992,7.894736842,360,402,77,0.2263681592039801,0.6623376623376623,0.2987012987012987,0.03896103896103896,0.03482587064676617,0.10696517412935323,0.12935323383084577,0.0945273631840796,0.0024875621890547263,0.26616915422885573,0.004975124378109453,0.0024875621890547263,0.0024875621890547263,0.007462686567164179,0.0024875621890547263,0.004975124378109453,0.253,0.327,0.45,0.777,0.321,26.6,9.5
330,Nick Pratto,KCR,62,299.60526315789474,345.0,54.473684210526315,0.19172932330827067,0.6666666666666667,0.2619047619047619,0.04761904761904762,0.03383458646616542,0.11654135338345865,0.12030075187969926,0.10902255639097744,0.0,0.32330827067669177,0.011278195488721806,0.0075187969924812035,0.0037593984962406017,0.011278195488721806,0.0037593984962406017,0.0075187969924812035,0.219,0.313207547,0.398268398,0.711475945,0.304347826,32.33082707,10.90225564,306,345,64,0.20579710144927535,0.75,0.25,0.0,0.020289855072463767,0.09565217391304348,0.10144927536231885,0.08405797101449275,0.0,0.4,0.017391304347826087,0.011594202898550725,0.0,0.002898550724637681,0.002898550724637681,0.0,0.232,0.307,0.353,0.66,0.388,40.0,8.4
331,Nick Fortes,MIA,66,290.0905660377358,323.0,59.72452830188679,0.21509433962264152,0.7959183673469388,0.20408163265306123,0.02040816326530612,0.030188679245283023,0.10943396226415095,0.11698113207547171,0.07547169811320754,0.0,0.1811320754716981,0.018867924529411766,0.007547169811320756,0.0037735849056603774,0.01509433962264151,0.007547169811320756,0.007547169811320756,0.241,0.309433962,0.394957983,0.704391945,0.266304348,18.11320755,7.547169811,294,323,54,0.18575851393188855,0.8148148148148148,0.18518518518518517,0.0,0.018575851393188854,0.1021671826625387,0.0804953560371517,0.05263157894736842,0.0,0.1826625386996904,0.021671826625386997,0.006191950464396285,0.009287925696594427,0.01238390092879257,0.006191950464396285,0.006191950464396285,0.204,0.263,0.299,0.562,0.234,18.3,5.3
333,Austin Slater,SFG,60,179.02702702702703,207.0,37.56370656370656,0.2084942084942085,0.7446808510638298,0.2340425531914894,0.02127659574468085,0.02702702702702703,0.12355212355212353,0.10424710424710425,0.11196911196911197,0.0,0.27027027027027023,0.015444015444015443,0.0038610038610038607,0.0038610038610038607,0.03474903474903474,0.007722007722007721,0.02702702702702703,0.242,0.337209302,0.392857143,0.730066445,0.317567568,27.02702703,11.1969112,185,207,45,0.24154589371980675,0.8,0.2,0.0,0.024154589371980676,0.11594202898550725,0.0966183574879227,0.0966183574879227,0.0,0.28019323671497587,0.00966183574879227,0.0,0.0,0.00966183574879227,0.00966183574879227,0.0,0.27,0.348,0.4,0.748,0.369,28.0,9.7
335,Isiah Kiner-Falefa,NYY,60,331.72972972972974,361.0,80.84169884169884,0.23552123552123552,0.8103448275862069,0.1724137931034483,0.017241379310344827,0.011583011583011586,0.10810810810810811,0.0888030888030888,0.05791505791505792,0.003861003861003861,0.138996138996139,0.011583011583011586,0.007722007722007722,0.003861003861003861,0.03474903474903475,0.011583011583011586,0.023166023166023172,0.258,0.30620155,0.344537815,0.650739366,0.288557214,13.8996139,5.791505792,326,361,73,0.2188365650969529,0.821917808219178,0.1643835616438356,0.0136986301369863,0.01662049861495845,0.10803324099722991,0.10249307479224377,0.07756232686980609,0.0,0.19390581717451524,0.008310249307479225,0.008310249307479225,0.002770083102493075,0.038781163434903045,0.013850415512465374,0.024930747922437674,0.242,0.306,0.34,0.646,0.289,19.4,7.8
336,Ildemaro Vargas,WSN,60,266.12355212355214,286.0,61.83783783783784,0.23166023166023167,0.7321428571428572,0.23214285714285715,0.03571428571428571,0.015444015444015444,0.1003861003861004,0.09652509652509653,0.05405405405405406,0.0,0.1312741312741313,0.003861003861003862,0.007722007722007722,0.003861003861003862,0.011583011583011582,0.003861003861003862,0.007722007722007722,0.25,0.290697674,0.369294606,0.65999228,0.273170732,13.12741313,5.405405405,262,286,62,0.23076923076923078,0.7580645161290323,0.20967741935483872,0.03225806451612903,0.013986013986013986,0.11188811188811189,0.10839160839160839,0.06643356643356643,0.0,0.06993006993006994,0.0034965034965034965,0.0034965034965034965,0.01048951048951049,0.0034965034965034965,0.0034965034965034965,0.0,0.252,0.304,0.363,0.666,0.259,7.0,6.6
337,Endy Rodriguez,PIT,65,184.2325581395349,204.0,41.11627906976745,0.2286821705426357,0.6730769230769228,0.3076923076923076,0.019230769230769225,0.027131782945736434,0.11627906976744186,0.12015503875968991,0.07751937984496124,0.003875968992248062,0.2131782945736434,0.011627906976744184,0.007751937984496124,0.003875968992248062,0.003875968992248062,0.003875968992248062,0.0,0.253,0.317829457,0.420600858,0.738430316,0.300578035,21.31782946,7.751937984,186,204,38,0.20098039215686275,0.7631578947368421,0.18421052631578946,0.05263157894736842,0.014705882352941176,0.1323529411764706,0.06372549019607843,0.08333333333333333,0.0,0.24019607843137256,0.0,0.004901960784313725,0.0,0.0,0.0,0.0,0.22,0.284,0.328,0.612,0.281,24.0,8.3
338,Ryan Jeffers,MIN,65,298.359375,335.0,53.65234375,0.1953125,0.7560975609756098,0.21951219512195122,0.024390243902439025,0.03515625,0.10546875,0.1171875,0.0859375,0.0,0.27734375,0.01171875,0.00390625,0.00390625,0.00390625,0.00390625,0.0,0.219,0.295275591,0.385964912,0.681240503,0.275167785,27.734375,8.59375,286,335,65,0.23582089552238805,0.7384615384615385,0.23076923076923078,0.03076923076923077,0.041791044776119404,0.1373134328358209,0.12835820895522387,0.09850746268656717,0.0029850746268656717,0.27761194029850744,0.029850746268656716,0.005970149253731343,0.011940298507462687,0.008955223880597015,0.005970149253731343,0.0029850746268656717,0.276,0.369,0.49,0.858,0.359,27.8,9.9
340,Kyle Higashioka,NYY,63,239.2,260.0,41.6,0.204,0.75,0.25,0.0,0.044,0.112,0.128,0.06,0.0,0.24000000000000002,0.004,0.008,0.004,0.004,0.004,0.0,0.222,0.27016129,0.408695652,0.678856942,0.248447205,24.0,6.0,242,260,47,0.21923076923076923,0.723404255319149,0.2765957446808511,0.0,0.038461538461538464,0.09230769230769231,0.13076923076923078,0.05384615384615385,0.0,0.2846153846153846,0.0,0.011538461538461539,0.0038461538461538464,0.0,0.0,0.0,0.236,0.274,0.413,0.687,0.292,28.5,5.4
341,James McCann,BAL,62,206.78542510121457,226.0,43.91902834008097,0.2186234817813765,0.7916666666666666,0.18750000000000003,0.0,0.024291497975708502,0.10121457489878541,0.10526315789473685,0.06477732793522267,0.0,0.27125506072874495,0.012145748987854251,0.008097165991902834,0.004048582995951417,0.008097165991902834,0.004048582995951417,0.004048582995951417,0.24,0.295546559,0.353982301,0.64952886,0.309677419,27.12550607,6.477732794,207,226,40,0.20353982300884957,0.65,0.35,0.0,0.02654867256637168,0.11061946902654868,0.11504424778761062,0.03982300884955752,0.0,0.252212389380531,0.022123893805309734,0.008849557522123894,0.01327433628318584,0.01327433628318584,0.004424778761061947,0.008849557522123894,0.222,0.269,0.377,0.646,0.274,25.2,4.0
342,Royce Lewis,MIN,57,216.56326530612245,239.0,48.775510204081634,0.23673469387755103,0.7000000000000001,0.28,0.020000000000000004,0.03265306122448979,0.1306122448979592,0.12653061224489795,0.07346938775510205,0.0,0.20408163265306123,0.012244897959183673,0.008163265306122446,0.004081632653061225,0.028571428571428574,0.008163265306122446,0.020408163265306124,0.262,0.32244898,0.441441441,0.763890421,0.301204819,20.40816327,7.346938776,217,239,52,0.2803347280334728,0.8653846153846154,0.1346153846153846,0.0,0.06276150627615062,0.1506276150627615,0.2175732217573222,0.08368200836820083,0.0,0.2301255230125523,0.008368200836820083,0.0,0.0,0.02510460251046025,0.0041841004184100415,0.02092050209205021,0.309,0.372,0.548,0.921,0.354,23.0,8.4
344,Victor Caratini,MIL,62,198.2131147540984,226.0,39.82786885245902,0.20081967213114754,0.767441860452768,0.20930232558139533,0.0,0.02459016393442623,0.09836065573770492,0.10655737704918034,0.09836065573770492,0.00819672131147541,0.22131147540983612,0.016393442622950817,0.00819672131147541,0.004098360655737704,0.004098360655737704,0.004098360655737704,0.0,0.227,0.31557377,0.35046729,0.66604106,0.275641026,22.13114754,9.836065574,201,226,45,0.23008849557522124,0.9111111111111111,0.08888888888888889,0.0,0.030973451327433628,0.10176991150442478,0.11061946902654868,0.084070796460177,0.0,0.19911504424778761,0.01327433628318584,0.01327433628318584,0.0,0.004424778761061947,0.004424778761061947,0.0,0.259,0.327,0.383,0.711,0.296,19.9,8.4
345,Connor Joe,PIT,55,402.5882352941177,472.0,87.26050420344538,0.20588235294491525,0.7272727272580194,0.22727272726813105,0.022727272726813106,0.02100840336134454,0.12184873949579832,0.08403361344537816,0.12184873949579832,0.0,0.21428571428571427,0.01680672268907563,0.008403361344537815,0.004201680672268907,0.008403361344537815,0.004201680672268907,0.004201680672268907,0.241,0.344537815,0.369458128,0.713995943,0.295302013,21.42857143,12.18487395,413,472,91,0.21610169491525424,0.6153846153846154,0.34065934065934067,0.04395604395604396,0.023305084745762712,0.13347457627118645,0.08898305084745763,0.1059322033898305,0.0,0.2330508474576271,0.01694915254237288,0.00211864406779661,0.0,0.006355932203389831,0.01059322033898305,-0.00423728813559322,0.247,0.339,0.421,0.76,0.311,23.3,10.6
346,Kyle Farmer,MIN,55,336.44117647058823,369.0,74.42016806722688,0.2226890756302521,0.7916666666666667,0.20833333333333334,0.020833333333333336,0.02100840336134454,0.09663865546218488,0.1092436974796748,0.05042016806722689,0.0,0.18067226890756302,0.025210084033613446,0.008403361344537815,0.004201680672268907,0.008403361344537815,0.004201680672268907,0.004201680672268907,0.246,0.299578059,0.373271889,0.672849948,0.280701754,18.06722689,5.042016807,336,369,75,0.23306233062330622,0.7866666666666666,0.18666666666666668,0.02666666666666667,0.02981029810298103,0.13279132791327913,0.12466124661246612,0.06233062330623306,0.0,0.23306233062330622,0.02168021680216802,0.005420054200542005,0.0,0.005420054200542005,0.01084010840108401,-0.005420054200542005,0.256,0.317,0.408,0.725,0.311,23.3,6.2
347,Ezequiel Duran,TEX,55,407.6428571428572,439.0,84.84873949579833,0.22268907563025211,0.717391304347826,0.2608695652173913,0.021739130434782605,0.02941176470588235,0.11344537815126052,0.12184873949579833,0.054621848739495805,0.0,0.2563025210084034,0.008403361344537815,0.008403361344537815,0.004201680672268907,0.021008403361344536,0.008403361344537815,0.012605042016806723,0.24,0.285714286,0.398190045,0.683904331,0.296774194,25.6302521,5.462184874,406,439,98,0.255125284738041,0.7551020408163265,0.22448979591836735,0.02040816326530612,0.03189066059225513,0.1252847380410023,0.10478359908883828,0.05239179954441914,0.002277904328018223,0.2733485193621868,0.015945330296127564,0.004555808656036446,0.002277904328018223,0.018223234624145785,0.009111617312072893,0.009111617312072893,0.276,0.324,0.443,0.768,0.358,27.3,5.2
348,Geraldo Perdomo,ARI,55,430.5252100840336,495.00000000000006,89.43277310924371,0.19327731092436976,0.7906976744186046,0.18604651162790697,0.046511627906976744,0.012605042016806723,0.10924369747899161,0.08823529412121212,0.10084033613445378,0.0,0.21008403361344538,0.012605042016806723,0.004201680672268907,0.012605042016806723,0.01680672268907563,0.008403361344537815,0.008403361344537815,0.224,0.310638298,0.328502415,0.639140713,0.277419355,21.00840336,10.08403361,407,495,94,0.20202020202020202,0.7446808510638298,0.2127659574468085,0.0425531914893617,0.012121212121212121,0.14343434343434344,0.09494949494949495,0.1292929292929293,0.00202020202020202,0.17373737373737375,0.012121212121212121,0.00808080808080808,0.028282828282828285,0.03232323232323232,0.00808080808080808,0.024242424242424242,0.246,0.353,0.359,0.712,0.295,17.4,12.9
350,Donovan Solano,MIN,53,411.038961,450.0,105.19480520779221,0.2510822511111111,0.7777777776817557,0.22222222219478732,0.0,0.017316017316017316,0.09956709957777779,0.09956709957777779,0.06060606060606062,0.004329004329004329,0.19480519480519481,0.017316017316017316,0.008658008658008658,0.004329004329004329,0.0,0.004329004329004329,-0.004329004328888889,0.277,0.329004329,0.388625592,0.717629921,0.329268293,19.48051948,6.060606061,394,450,106,0.24666666666666667,0.7452830188679245,0.24528301886792453,0.009433962264150943,0.011111111111111112,0.09555555555555556,0.08444444444444445,0.08888888888888889,0.0022222222222222222,0.2222222222222222,0.03333333333333333,0.0022222222222222222,0.0,0.0,0.0,0.0,0.282,0.369,0.391,0.76,0.366,22.2,8.9
351,Jake Meyers,HOU,53,308.5238095238095,341.0,63.47619047619048,0.21212121212121215,0.7674418604651163,0.23255813953488375,0.023255813953488375,0.025974025974025976,0.11255411255411255,0.12554112554112554,0.07359307359307359,0.0,0.26406926406926406,0.012987012987012988,0.00432900432900433,0.00432900432900433,0.012987012987012988,0.00432900432900433,0.00865800865800866,0.236,0.3,0.38277512,0.68277512,0.300699301,26.40692641,7.359307359,309,341,60,0.20527859237536658,0.7166666666666667,0.26666666666666666,0.016666666666666666,0.02932551319648094,0.12316715542521994,0.0967741935483871,0.07624633431085044,0.0,0.25806451612903225,0.01466275659824047,0.002932551319648094,0.0,0.01466275659824047,0.005865102639296188,0.008797653958944282,0.227,0.296,0.382,0.678,0.283,25.8,7.6
353,Taylor Walls,TBR,53,303.6753246753247,349.0,57.41125541125541,0.18181818181818182,0.6842105263157895,0.2631578947368421,0.026315789473684213,0.017316017316017316,0.11255411255411256,0.09090909090909091,0.11255411255411256,0.0,0.2554112554112554,0.004329004329004329,0.008658008658008658,0.004329004329004329,0.025974025974025976,0.012987012987012988,0.012987012987012988,0.208,0.3,0.323383085,0.623383085,0.271428571,25.54112554,11.25541126,303,349,53,0.17478510028653296,0.7358490566037735,0.22641509433962265,0.03773584905660377,0.022922636103151862,0.14326647564469913,0.10315186246418338,0.12607449856733524,0.0,0.2636103151862464,0.0028653295128939827,0.0,0.0028653295128939827,0.06303724928366762,0.0028653295128939827,0.06017191977077364,0.201,0.305,0.333,0.638,0.261,26.4,12.6
358,Stuart Fairchild,CIN,52,226.54017857142856,255.0,43.25892857142857,0.20535714285714288,0.736842105263158,0.2631578947368421,0.026315789473684213,0.03571428571428572,0.11160714285714286,0.125,0.08035714285714286,0.004464285714285715,0.28571428571428575,0.02232142857142858,0.004464285714285715,0.004464285714285715,0.013392857142857146,0.00892857142857143,0.004464285714285715,0.23,0.30941704,0.417085427,0.726502467,0.296875,28.57142857,8.035714286,219,255,45,0.19607843137254902,0.6,0.35555555555555557,0.044444444444444446,0.0196078431372549,0.13333333333333333,0.10980392156862745,0.09803921568627451,0.0,0.27058823529411763,0.023529411764705882,0.00784313725490196,0.011764705882352941,0.0392156862745098,0.011764705882352941,0.027450980392156862,0.228,0.321,0.388,0.71,0.306,27.1,9.8
360,Bo Naylor,CLE,55,201.9004524886878,230.00000000000003,36.42533936651584,0.18552036199095023,0.7142857142857144,0.2571428571428571,0.02857142857142857,0.027149321266968326,0.11312217194570137,0.11312217194570137,0.10407239819004524,0.0,0.28959276018099545,0.009049773755656108,0.004524886877828054,0.004524886877828054,0.018099547513043476,0.004524886877828054,0.013574660633484163,0.211,0.3,0.360824742,0.660824742,0.28,28.95927602,10.40723982,198,230,36,0.20434782608695654,0.6388888888888888,0.3611111111111111,0.0,0.04782608695652174,0.14347826086956522,0.1391304347826087,0.13043478260869565,0.004347826086956522,0.23043478260869565,0.004347826086956522,0.004347826086956522,0.0,0.021739130434782608,0.0,0.021739130434782608,0.237,0.339,0.47,0.809,0.267,23.0,13.0
361,James Outman,LAD,50,506.9032258064516,567.0,94.06451612903228,0.20276497695852538,0.6944444444444442,0.24999999999999992,0.05555555555555554,0.0368663594470046,0.12442396313364056,0.13364055299539168,0.08294930875576037,0.0,0.32718894009216587,0.013824884792626727,0.004608294930875576,0.004608294930875576,0.013824884792626727,0.004608294930875576,0.009216589861751152,0.226,0.300925926,0.417525773,0.718451699,0.310344828,32.71889401,8.294930876,483,567,97,0.21164021164021163,0.8041237113402062,0.16494845360824742,0.030927835051546393,0.04056437389770723,0.15167548500881833,0.12345679012345678,0.11992945326278659,0.001763668430335097,0.31922398589065254,0.021164021164021163,0.007054673721340388,0.0,0.02821869488536155,0.005291005291005291,0.02292768959435626,0.248,0.353,0.437,0.79,0.343,31.9,12.0
362,Stone Garrett,WSN,50,253.51612903225808,271.0,47.45622119815668,0.21658986175115208,0.7105263157894737,0.2631578947368421,0.02631578947368421,0.041474654377880185,0.1152073732718894,0.12903225806451613,0.04608294930875576,0.004608294930875576,0.2857142857142857,0.009216589861751152,0.004608294930875576,0.004608294930875576,0.02304147465437788,0.009216589861751152,0.013824884792626729,0.232,0.273148148,0.42364532,0.696793468,0.285714286,28.57142857,4.608294931,234,271,54,0.23247232472324722,0.6851851851851852,0.3148148148148148,0.0,0.033210332103321034,0.14760147601476015,0.14760147601476015,0.0959409594095941,0.0,0.3025830258302583,0.01107011070110701,0.01845018450184502,0.0,0.01107011070110701,0.0036900369003690036,0.007380073800738007,0.269,0.343,0.457,0.801,0.365,30.3,9.6
367,Elehuris Montero,COL,49,279.2238095238095,307.0,58.47619047619047,0.22857142857142854,0.7499999999999999,0.25000000000000006,0.025,0.0380952380952381,0.11428571428571427,0.13809523809523808,0.06666666666666667,0.0,0.2523809523809524,0.014285714285714284,0.009523809523809525,0.0047619047619047615,0.0047619047619047615,0.0,0.0047619047619047615,0.254,0.30952381,0.445026178,0.754549988,0.303030303,25.23809524,6.666666667,284,307,58,0.2247557003257329,0.7068965517241379,0.25862068965517243,0.034482758620689655,0.035830618892508145,0.13029315960912052,0.1270358306188925,0.048859934853420196,0.0,0.36156351791530944,0.016286644951140065,0.009771986970684038,0.0,0.0,0.0,0.0,0.243,0.29,0.426,0.716,0.352,36.2,4.9
368,Jason Heyward,LAD,49,335.70952380952383,377.0,70.0142857142857,0.2095238095238095,0.7435897435897437,0.20512820512820515,0.025641025641025644,0.023809523809523808,0.10476190476190475,0.10476190476190475,0.09047619047619047,0.004761904761904762,0.2047619047745358,0.009523809523809525,0.004761904761904762,0.004761904761904762,0.009523809523809525,0.004761904761904762,0.004761904761904762,0.233,0.311004785,0.363636364,0.674641148,0.278571429,20.47619048,9.047619048,334,377,75,0.23872679045092837,0.6933333333333334,0.30666666666666664,0.0,0.03978779840848806,0.14854111405835543,0.10610079575596817,0.09018567639257294,0.002652519893899204,0.16976127320954906,0.007957559681697613,0.007957559681697613,0.0,0.005305039787798408,0.005305039787798408,0.0,0.269,0.34,0.473,0.813,0.291,17.0,9.0
372,Paul DeJong,STL,47,354.679803,400.0,59.11330049197045,0.187192118225,0.7333333333412777,0.2666666666695555,0.0,0.039408866995073885,0.11330049261083744,0.11822660098522167,0.08374384236453203,0.0,0.270935960591133,0.014778325123152709,0.009852216748768471,0.004926108374384236,0.009852216748768471,0.004926108374384236,0.004926108374384236,0.21,0.287128713,0.388888889,0.676017602,0.25210084,27.09359606,8.374384236,372,400,63,0.1925,0.7936507936507936,0.20634920634920634,0.0,0.035,0.1025,0.095,0.0525,0.0,0.3025,0.0125,0.005,0.0,0.01,0.01,0.0,0.207,0.258,0.355,0.612,0.264,30.3,5.3
374,Austin Barnes,LAD,50,174.74747474747477,200.0,34.343434343434346,0.20202020202020204,0.7647058823529411,0.23529411764705882,0.0,0.030303030303030304,0.12121212121212119,0.11616161616161617,0.10101010101010102,0.0,0.21212121212121215,0.015151515151515152,0.005050505050505051,0.010101010101010102,0.010101010101010102,0.005050505050505051,0.005050505050505051,0.23,0.319796954,0.38150289,0.701299844,0.26984127,21.21212121,10.1010101,178,200,30,0.16,0.8333333333333334,0.16666666666666666,0.0,0.01,0.075,0.055,0.085,0.0,0.215,0.01,0.01,0.005,0.01,0.005,0.005,0.18,0.256,0.242,0.498,0.222,21.5,8.5
375,Cavan Biggio,TOR,45,284.5408163265306,338.0,55.183673469387756,0.18877551020408165,0.6875,0.28125000000000006,0.0,0.025510204081632654,0.12244897959183673,0.09693877551020409,0.1326530612244898,0.0,0.2602040816326531,0.010204081632653062,0.005102040816326531,0.005102040816326531,0.015306122448979591,0.005102040816326531,0.010204081632653062,0.221,0.335051546,0.363636364,0.69868791,0.290909091,26.02040816,13.26530612,289,338,59,0.20118343195266272,0.7966101694915254,0.2033898305084746,0.0,0.026627218934911243,0.15976331360946747,0.11834319526627218,0.11834319526627218,0.0,0.2603550295857988,0.020710059171597635,0.005917159763313609,0.0,0.014792899408284023,0.005917159763313609,0.008875739644970414,0.235,0.34,0.37,0.71,0.304,26.0,11.8
376,Elly De La Cruz,CIN,45,398.6785714285714,427.0,84.96428571428571,0.22959183673469385,0.717948717948718,0.2307692307692307,0.05128205128205128,0.03061224489795918,0.11734693877551018,0.12755102040816324,0.0510204081632653,0.0,0.3112244897959184,0.00510204081632653,0.00510204081632653,0.00510204081632653,0.03571428571428571,0.01020408163265306,0.02551020408163265,0.248,0.287179487,0.415300546,0.702480034,0.333333333,31.12244898,5.102040816,388,427,78,0.21311475409836064,0.717948717948718,0.19230769230769232,0.08974358974358974,0.03044496487119438,0.15690866510538642,0.10304449648711944,0.08196721311475409,0.00702576112412178,0.3372365339578454,0.00468384074941452,0.00234192037470726,0.00234192037470726,0.08196721311475409,0.01873536299765808,0.06323185011709602,0.235,0.3,0.41,0.71,0.336,33.7,8.2
379,Edmundo Sosa,PHI,44,274.6031746031746,300.0,60.31746031746031,0.22222222222222218,0.7631578947368423,0.1842105263157895,0.052631578947368425,0.021164021164021163,0.1164021164021164,0.10582010582010581,0.042328042328042326,0.0,0.22222222222222218,0.031746031746031744,0.010582010582010581,0.005291005291005291,0.021164021164021163,0.005291005291005291,0.015873015873015872,0.243,0.296296296,0.375722543,0.67201884,0.294573643,22.22222222,4.232804233,279,300,60,0.23333333333333334,0.7166666666666667,0.25,0.03333333333333333,0.03333333333333333,0.11333333333333333,0.1,0.02666666666666667,0.0,0.24666666666666667,0.03,0.0033333333333333335,0.006666666666666667,0.013333333333333334,0.006666666666666667,0.006666666666666667,0.251,0.293,0.427,0.719,0.306,24.7,2.7
382,Alan Trejo,COL,42,213.2802197802198,227.0,46.14835164835165,0.23626373626373626,0.7027027027027027,0.2702702702702703,0.027027027027027025,0.03296703296703297,0.11538461538461539,0.12637362637362637,0.04395604395604396,0.0,0.23076923076923078,0.01098901098901099,0.005494505494505495,0.005494505494505495,0.005494505494505495,0.005494505494505495,0.0,0.251,0.291208791,0.426900585,0.718109376,0.298387097,23.07692308,4.395604396,207,227,44,0.21145374449339208,0.75,0.25,0.0,0.01762114537444934,0.10572687224669604,0.1145374449339207,0.07048458149779736,0.0,0.22466960352422907,0.004405286343612335,0.00881057268722467,0.004405286343612335,0.022026431718061675,0.004405286343612335,0.01762114537444934,0.232,0.288,0.343,0.631,0.286,22.5,7.0
383,Emmanuel Rivera,ARI,42,259.6758241758242,283.0,54.42307692527472,0.21978021978798587,0.7428571428271437,0.22857142856219806,0.028571428570274757,0.027472527472527472,0.11538461538461538,0.11538461538461538,0.06593406593406594,0.0,0.21978021978798587,0.010989010989399292,0.005494505494505495,0.005494505494505495,0.005494505494505495,0.005494505494505495,0.0,0.241,0.296703297,0.389221557,0.685924854,0.284552846,21.97802198,6.593406593,257,283,63,0.23674911660777384,0.7936507936507936,0.20634920634920634,0.0,0.014134275618374558,0.11307420494699646,0.10247349823321555,0.07773851590106007,0.0,0.1978798586572438,0.0,0.014134275618374558,0.0,0.0035335689045936395,0.0,0.0035335689045936395,0.261,0.314,0.358,0.672,0.313,19.8,7.8
388,Connor Wong,BOS,44,372.7167630057804,403.0,81.53179190751445,0.2312138728323699,0.6857142857142858,0.2571428571428572,0.028571428571428584,0.028901734104046246,0.10982658959537572,0.1329479768786127,0.057803468208092505,0.0,0.2716763005780347,0.005780346820809251,0.005780346820809251,0.005780346820809251,0.011560693641618498,0.005780346820809251,0.005780346820809251,0.251,0.296511628,0.40625,0.702761628,0.321100917,27.16763006,5.780346821,371,403,78,0.21588089330024815,0.6538461538461539,0.32051282051282054,0.02564102564102564,0.022332506203473945,0.13647642679900746,0.08933002481389578,0.05459057071960298,0.0,0.3325062034739454,0.01488833746898263,0.0024813895781637717,0.007444168734491315,0.019851116625310174,0.004962779156327543,0.01488833746898263,0.235,0.288,0.385,0.673,0.341,33.3,5.5
390,Gabriel Arias,CLE,39,314.19642857142856,344.99999999999994,65.71428571428571,0.21428571428571427,0.78125,0.21875,0.03125,0.02380952380952381,0.1130952380952381,0.11904761904761905,0.07142857142857142,0.0,0.24404761904761907,0.011904761904761906,0.005952380952380953,0.005952380952380953,0.011904761904761906,0.005952380952380953,0.005952380952380953,0.239,0.297619048,0.379084967,0.676704015,0.293577982,24.4047619,7.142857143,315,345,56,0.19130434782608696,0.7321428571428571,0.26785714285714285,0.0,0.028985507246376812,0.10434782608695652,0.07536231884057971,0.08115942028985507,0.0,0.32753623188405795,0.002898550724637681,0.002898550724637681,0.0,0.008695652173913044,0.011594202898550725,-0.002898550724637681,0.21,0.275,0.352,0.628,0.29,32.8,8.1
391,Harold Castro,COL,39,253.92857142857144,270.0,69.10714285714286,0.27380952380952384,0.813953488372093,0.1627906976744186,0.023255813953488372,0.017857142857142856,0.10119047619047619,0.11904761904761905,0.041666666666666664,0.0,0.18452380952380953,0.005952380952380953,0.005952380952380953,0.005952380952380953,0.005952380952380953,0.005952380952380953,0.0,0.29,0.323353293,0.405063291,0.728416585,0.344,18.45238095,4.166666667,258,270,64,0.24074074074074073,0.796875,0.203125,0.0,0.003703703703703704,0.08888888888888889,0.11481481481481481,0.03333333333333333,0.0,0.24444444444444444,0.0,0.007407407407407408,0.003703703703703704,0.003703703703703704,0.0,0.003703703703703704,0.252,0.275,0.314,0.589,0.332,24.4,3.3
392,Will Benson,CIN,37,279.95652173913044,329.00000000000006,49.04347826565217,0.18012422361702124,0.7083333332642584,0.2499999999756206,0.041666666662603435,0.031055900621118012,0.12422360248447205,0.11180124223602485,0.12422360248447205,0.006211180124223602,0.3043478260869565,0.012422360248447204,0.006211180124223602,0.006211180124223602,0.018633540372670804,0.006211180124223602,0.012422360248447204,0.209,0.31875,0.379562044,0.698312044,0.285714286,30.43478261,12.42236025,287,329,68,0.24012158054711247,0.6617647058823529,0.22058823529411764,0.11764705882352941,0.03343465045592705,0.15501519756838905,0.09422492401215805,0.12158054711246201,0.0,0.3130699088145897,0.00303951367781155,0.00303951367781155,0.0,0.057750759878419454,0.00911854103343465,0.0486322188449848,0.275,0.365,0.498,0.863,0.391,31.3,12.2
394,Mike Moustakas,COL,37,345.2422360248447,386.0,67.13043478260869,0.21118012422360247,0.7142857142857144,0.28571428571428575,0.0,0.037267080745341616,0.11180124223602485,0.11801242235751296,0.08074534161490685,0.0,0.22981366459627328,0.012422360248447204,0.006211180124223602,0.0,0.006211180124223602,0.0,0.006211180124223602,0.235,0.30625,0.416666667,0.722916667,0.274509804,22.98136646,8.074534161,352,386,75,0.22538860103626943,0.8,0.2,0.0,0.031088082901554404,0.11139896373056994,0.12435233160621761,0.05958549222797927,0.0025906735751295338,0.24611398963730569,0.007772020725388601,0.02072538860103627,0.0,0.0,0.0,0.0,0.247,0.293,0.392,0.685,0.296,24.6,6.0
396,Andrew Knizner,STL,40,213.8875,241.0,43.681250000000006,0.2,0.7931034482758621,0.2068965517241379,0.0,0.018750000000000003,0.1,0.09375,0.08125,0.0,0.20625,0.018750000000000003,0.00625,0.00625,0.00625,0.0,0.00625,0.228,0.301886792,0.330985915,0.632872708,0.271028037,20.625,8.125,224,241,44,0.22406639004149378,0.75,0.25,0.0,0.04149377593360996,0.12448132780082988,0.12863070539419086,0.04979253112033195,0.0,0.2572614107883817,0.012448132780082987,0.004149377593360996,0.004149377593360996,0.008298755186721992,0.0,0.008298755186721992,0.241,0.288,0.424,0.712,0.288,25.7,5.0
400,Rob Refsnyder,BOS,34,213.24489795918367,243.0,47.93877551020408,0.22448979591836735,0.7241379310344828,0.27586206896551724,0.0,0.0272108843537415,0.12244897959183675,0.11564625850340135,0.09523809523809523,0.0,0.25850340136054417,0.01360544217687075,0.006802721088435375,0.0,0.006802721088435375,0.0,0.006802721088435375,0.256,0.335616438,0.410852713,0.746469152,0.329545455,25.85034014,9.523809524,202,243,49,0.205761316872428,0.7959183673469388,0.1836734693877551,0.02040816326530612,0.00411522633744856,0.12757201646090535,0.11522633744855967,0.13580246913580246,0.0,0.1934156378600823,0.0205761316872428,0.00411522633744856,0.00411522633744856,0.02880658436213992,0.00823045267489712,0.0205761316872428,0.248,0.365,0.317,0.682,0.316,19.3,13.6
402,Jake Burger,CHW,34,492.2448979591837,540.0,95.51020408163265,0.2108843537414966,0.7692307692307693,0.19230769230769232,0.038461538461538464,0.034013605442176874,0.10884353741496598,0.1292517006802721,0.061224489795918366,0.0,0.27891156462585037,0.013605442176870748,0.006802721088435374,0.006802721088435374,0.0,0.0,0.0,0.231,0.287671233,0.395522388,0.683193621,0.292134831,27.89115646,6.12244898,492,540,89,0.22777777777777777,0.6741573033707865,0.3146067415730337,0.011235955056179775,0.06296296296296296,0.13148148148148148,0.14814814814814814,0.05925925925925926,0.0,0.2759259259259259,0.022222222222222223,0.007407407407407408,0.0,0.001851851851851852,0.001851851851851852,0.0,0.25,0.309,0.518,0.828,0.284,27.6,5.9
407,Zach McKinstry,CHC,32,466.2000000000001,518.0,103.60000000000001,0.22142857142857145,0.7142857142857142,0.2142857142857143,0.07142857142857142,0.02142857142857143,0.12142857142857144,0.10714285714285714,0.08571428571428573,0.0,0.2285714285714286,0.0071428571428571435,0.0071428571428571435,0.0071428571428571435,0.014285714285714287,0.0071428571428571435,0.0071428571428571435,0.244,0.314285714,0.396825397,0.711111111,0.304347826,22.85714286,8.571428571,464,518,98,0.20656370656370657,0.7448979591836735,0.21428571428571427,0.04081632653061224,0.017374517374517374,0.11583011583011583,0.06756756756756757,0.08494208494208494,0.0,0.21814671814671815,0.009652509652509652,0.005791505791505791,0.003861003861003861,0.03088803088803089,0.011583011583011582,0.019305019305019305,0.231,0.302,0.351,0.654,0.284,21.8,8.5
408,Jake Cave,PHI,32,182.7,203.0,36.25,0.20714285714285713,0.7200000000000001,0.24,0.08,0.02857142857142857,0.11428571428571428,0.12142857142857143,0.07142857142857142,0.0,0.29285714285714287,0.014285714285714285,0.007142857142857143,0.0,0.014285714285714285,0.0,0.014285714285714285,0.23,0.294964029,0.412698413,0.707662441,0.304878049,29.28571429,7.142857143,184,203,34,0.1921182266009852,0.7352941176470589,0.23529411764705882,0.029411764705882353,0.024630541871921183,0.08866995073891626,0.10344827586206896,0.07389162561576355,0.0,0.270935960591133,0.0049261083743842365,0.009852216748768473,0.0049261083743842365,0.014778325123152709,0.0,0.014778325123152709,0.212,0.272,0.348,0.62,0.27,27.1,7.4
410,Francisco Alvarez,NYM,34,365.1798561,423.0,63.906474820143885,0.18705035971223022,0.761904761904762,0.2380952380952381,0.0,0.03597122302158273,0.1223021582733813,0.1223021582733813,0.10791366906474821,0.007194244604316547,0.2733812949640288,0.014388489208633094,0.007194244604316547,0.0,0.0,0.0,0.0,0.219,0.311594203,0.383333333,0.694927536,0.269230769,27.3381295,10.79136691,382,423,55,0.18912529550827423,0.7818181818181819,0.21818181818181817,0.0,0.0591016548463357,0.12056737588652482,0.14893617021276595,0.08037825059101655,0.0,0.26004728132387706,0.014184397163120567,0.002364066193853428,0.0,0.004728132387706856,0.0,0.004728132387706856,0.209,0.284,0.437,0.721,0.222,26.0,8.0
411,Jordan Westburg,BAL,31,204.0,228.0,41.142857142857146,0.21052631578947367,0.7083333333333333,0.24999999999999994,0.041666666666666664,0.03007518796992481,0.12030075187969924,0.11278195488721804,0.08270676691729323,0.0,0.2556390977443609,0.015037593984962405,0.007518796992481203,0.0,0.015037593984962405,0.007518796992481203,0.007518796992481203,0.233,0.308270677,0.403361345,0.711632021,0.292682927,25.56390977,8.270676692,208,228,51,0.23684210526315788,0.6274509803921569,0.3333333333333333,0.0392156862745098,0.013157894736842105,0.11403508771929824,0.10087719298245613,0.07017543859649122,0.0,0.24561403508771928,0.0043859649122807015,0.013157894736842105,0.0,0.017543859649122806,0.0043859649122807015,0.013157894736842105,0.26,0.311,0.404,0.715,0.336,24.6,7.0
418,Luke Raley,TBR,29,357.6666666666667,406.0,67.66666666666667,0.19841269841269843,0.7619047619047619,0.19047619047619047,0.0,0.031746031746031744,0.11904761904761905,0.11904761904761905,0.07142857142857142,0.0,0.3095238095238096,0.031746031746031744,0.007936507936507936,0.007936507936507936,0.007936507936507936,0.007936507936507936,0.0,0.223,0.304,0.36036036,0.66436036,0.304347826,30.95238095,7.142857143,357,406,70,0.21921182266009853,0.6285714285714286,0.32857142857142857,0.04285714285714286,0.046798029556650245,0.13793103448275862,0.1206896551724138,0.06896551724137931,0.0,0.31527093596059114,0.04433497536945813,0.0049261083743842365,0.0024630541871921183,0.034482758620689655,0.007389162561576354,0.027093596059113302,0.249,0.333,0.49,0.824,0.33,31.5,6.9
419,Tucupita Marcano,PIT,29,195.5555555555556,220.0,41.9047619079365,0.20634920636363635,0.791666666606692,0.20833333331755055,0.041666666663510106,0.015873015873015872,0.1111111111111111,0.07936507936507937,0.08730158730158731,0.0,0.19047619047619052,0.007936507936507936,0.007936507936507936,0.007936507936507936,0.015873015873015872,0.007936507936507936,0.007936507936507936,0.235,0.304,0.357142857,0.661142857,0.275862069,19.04761905,8.73015873,202,220,44,0.21363636363636362,0.6818181818181818,0.2727272727272727,0.045454545454545456,0.013636363636363636,0.07272727272727272,0.08181818181818182,0.045454545454545456,0.0,0.1590909090909091,0.013636363636363636,0.00909090909090909,0.013636363636363636,0.022727272727272728,0.00909090909090909,0.013636363636363636,0.233,0.276,0.356,0.633,0.265,15.9,4.5
420,Garrett Hampson,,29,228.0,252.0,46.0,0.1984126984126984,0.7391304347826086,0.17391304347826086,0.043478260869565216,0.015873015873015872,0.1111111111111111,0.07936507936507936,0.07142857142857142,0.0,0.2698412698412698,0.007936507936507936,0.007936507936507936,0.007936507936507936,0.03968253968253968,0.007936507936507936,0.031746031746031744,0.218,0.28,0.315789474,0.595789474,0.291139241,26.98412698,7.142857143,221,252,58,0.24206349206349206,0.7758620689655172,0.20689655172413793,0.017241379310344827,0.011904761904761904,0.11904761904761904,0.09126984126984126,0.09126984126984126,0.0,0.26587301587301587,0.011904761904761904,0.007936507936507936,0.011904761904761904,0.01984126984126984,0.0,0.01984126984126984,0.276,0.349,0.38,0.729,0.379,26.6,9.1
424,Sal Frelick,MIL,26,203.0892857142857,223.0,49.776785714285715,0.24107142857142858,0.76,0.19999999999999998,0.04,0.017857142857142856,0.11607142857142858,0.10714285714285714,0.07142857142857142,0.0,0.15178571428571427,0.00892857142857143,0.00892857142857143,0.0,0.017857142857142856,0.00892857142857143,0.00892857142857143,0.265,0.321428571,0.392156863,0.713585434,0.297619048,15.17857143,7.142857143,191,223,44,0.21076233183856502,0.7727272727272727,0.20454545454545456,0.022727272727272728,0.013452914798206279,0.13004484304932734,0.10762331838565023,0.12556053811659193,0.0,0.16591928251121077,0.004484304932735426,0.013452914798206279,0.0,0.03139013452914798,0.0,0.03139013452914798,0.246,0.341,0.351,0.692,0.286,16.6,12.6
432,Jarren Duran,BOS,24,330.9714285714286,362.0,72.4000000047619,0.2190476190607735,0.7142857142387342,0.23809523807957808,0.047619047615915615,0.01904761904761905,0.12380952380952383,0.1142857142857143,0.06666666666666667,0.0,0.2666666666666666,0.009523809523809525,0.009523809523809525,0.0,0.0380952380952381,0.009523809523809525,0.028571428571428574,0.244,0.295238095,0.375,0.670238095,0.313432836,26.66666667,6.666666667,332,362,90,0.27071823204419887,0.6,0.37777777777777777,0.022222222222222223,0.022099447513812154,0.1270718232044199,0.11049723756906077,0.06629834254143646,0.0027624309392265192,0.24861878453038674,0.008287292817679558,0.0055248618784530384,0.0,0.06629834254143646,0.0055248618784530384,0.06077348066298342,0.295,0.346,0.482,0.828,0.381,24.9,6.6
436,Brett Baty,NYM,23,349.3061224489796,389.0,75.41836734469388,0.2244897959125964,0.7894736842340258,0.21052631579574022,0.0,0.030612244897959183,0.12244897959183673,0.1326530612244898,0.08163265306122448,0.0,0.2653061224489796,0.01020408163265306,0.0,0.0,0.0,0.0,0.0,0.25,0.319587629,0.397727273,0.717314902,0.322033898,26.53061224,8.163265306,353,389,66,0.1928020565552699,0.8181818181818182,0.18181818181818182,0.0,0.02313624678663239,0.10539845758354756,0.08740359897172237,0.07455012853470437,0.0,0.2802056555269923,0.005141388174807198,0.002570694087403599,0.002570694087403599,0.005141388174807198,0.0,0.005141388174807198,0.212,0.275,0.323,0.598,0.28,28.0,7.5
437,Nick Madrigal,CHC,23,270.0,294.0,75.0,0.25510204081632654,0.76,0.16,0.04,0.0,0.11224489795918367,0.08163265306122448,0.061224489795918366,0.0,0.10204081632653061,0.01020408163265306,0.0,0.01020408163265306,0.02040816326530612,0.01020408163265306,0.01020408163265306,0.274,0.329896907,0.333333333,0.663230241,0.3125,10.20408163,6.12244898,270,294,69,0.24149659863945577,0.7536231884057971,0.2318840579710145,0.014492753623188406,0.006802721088435374,0.11564625850340136,0.09523809523809523,0.034013605442176874,0.0,0.08163265306122448,0.030612244897959183,0.0,0.017006802721088437,0.034013605442176874,0.006802721088435374,0.027210884353741496,0.263,0.311,0.352,0.663,0.283,8.2,3.4
441,Zack Gelof,OAK,23,272.44897959183675,300.0,55.10204081632653,0.20408163265306123,0.7222222222222222,0.2222222222222222,0.0,0.02040816326530612,0.10204081632653061,0.09183673469387754,0.07142857142857142,0.0,0.30612244897959184,0.0,0.0,0.0,0.01020408163265306,0.0,0.01020408163265306,0.22,0.28125,0.325842697,0.607092697,0.315789474,30.6122449,7.142857143,270,300,58,0.24,0.6379310344827587,0.3448275862068966,0.017241379310344827,0.04666666666666667,0.13333333333333333,0.10666666666666667,0.08666666666666667,0.0033333333333333335,0.2733333333333333,0.01,0.0033333333333333335,0.0,0.04666666666666667,0.006666666666666667,0.04,0.267,0.337,0.504,0.84,0.331,27.3,8.7
442,Pavin Smith,ARI,23,204.73469387755105,228.0,44.20408163265307,0.22448979591836737,0.7894736842105262,0.21052631578947362,0.0,0.03061224489795918,0.11224489795918369,0.10204081632653061,0.09183673469387756,0.0,0.20408163265306123,0.01020408163265306,0.01020408163265306,0.0,0.0,0.0,0.0,0.25,0.323232323,0.397727273,0.720959596,0.287878788,20.40816327,9.183673469,191,228,29,0.15789473684210525,0.8275862068965517,0.1724137931034483,0.0,0.03070175438596491,0.11403508771929824,0.13157894736842105,0.15350877192982457,0.0,0.19736842105263158,0.0043859649122807015,0.0,0.0,0.0043859649122807015,0.0043859649122807015,0.0,0.188,0.317,0.325,0.642,0.209,19.7,15.4
454,Matt Wallner,MIN,21,220.50549450549448,254.0,39.07692307692307,0.1868131868131868,0.7142857142857144,0.28571428571428575,0.0,0.03296703296703296,0.10989010989010989,0.13186813186813184,0.0989010989010989,0.010989010989010988,0.3626373626377953,0.021978021978021976,0.010989010989010988,0.0,0.010989010989010988,0.0,0.010989010989010988,0.214,0.307692308,0.379746835,0.687439143,0.318181818,36.26373626,9.89010989,213,254,39,0.20866141732283464,0.6923076923076923,0.28205128205128205,0.02564102564102564,0.05511811023622047,0.16535433070866143,0.16141732283464566,0.11023622047244094,0.003937007874015748,0.31496062992125984,0.051181102362204724,0.0,0.0,0.007874015748031496,0.003937007874015748,0.003937007874015748,0.249,0.37,0.507,0.877,0.328,31.5,11.0
455,Freddy Fermin,KCR,23,211.5,235.0,44.3888888888889,0.21111111111111117,0.7647058823529409,0.23529411764705876,0.0,0.022222222222222223,0.1111111111111111,0.1,0.07777777777777778,0.0,0.21111111111111117,0.011111111111111112,0.011111111111111112,0.0,0.0,0.0,0.0,0.234,0.3,0.358024691,0.658024691,0.278688525,21.11111111,7.777777778,217,235,52,0.25957446808510637,0.7884615384615384,0.19230769230769232,0.019230769230769232,0.03829787234042553,0.11063829787234042,0.13617021276595745,0.05531914893617021,0.0,0.2127659574468085,0.00425531914893617,0.01276595744680851,0.00425531914893617,0.0,0.0,0.0,0.281,0.321,0.461,0.781,0.323,21.3,5.5
457,Yainer Diaz,HOU,21,350.3882352941177,377.0,79.83529411764707,0.24705882352941178,0.7777777777777777,0.2222222222222222,0.0,0.03529411764705882,0.11764705882352942,0.12941176470588237,0.047058823529411764,0.0,0.18823529411764706,0.011764705882352941,0.011764705882352941,0.0,0.0,0.0,0.0,0.259,0.305882353,0.430379747,0.7362621,0.295081967,18.82352941,4.705882353,355,377,77,0.26525198938992045,0.7142857142857143,0.2857142857142857,0.0,0.0610079575596817,0.13527851458885942,0.15915119363395225,0.029177718832891247,0.0,0.1962864721485411,0.013262599469496022,0.015915119363395226,0.0,0.0,0.0,0.0,0.282,0.308,0.538,0.846,0.292,19.6,2.9
461,Matt Duffy,,19,189.0952380952381,209.0,47.27380952380952,0.23809523809523808,0.8421052631578948,0.15789473684210528,0.0,0.011904761904761904,0.09523809523809523,0.08333333333333334,0.07142857142857142,0.0,0.19047619047619047,0.011904761904761904,0.0,0.0,0.011904761904761904,0.0,0.011904761904761904,0.262,0.325301205,0.342105263,0.667406468,0.322033898,19.04761905,7.142857143,191,209,46,0.22966507177033493,0.8260869565217391,0.17391304347826086,0.0,0.009569377990430622,0.08133971291866028,0.07655502392344497,0.05741626794258373,0.0,0.18660287081339713,0.019138755980861243,0.009569377990430622,0.0,0.004784688995215311,0.0,0.004784688995215311,0.251,0.306,0.325,0.631,0.303,18.7,5.7
480,Zack Short,DET,15,216.8571428571429,253.0,40.158730158730165,0.17460317460317462,0.6999999999999998,0.29999999999999993,0.0,0.015873015873015872,0.1111111111111111,0.09523809523809522,0.1111111111111111,0.0,0.30158730158102764,0.015873015873015872,0.015873015873015872,0.0,0.015873015873015872,0.0,0.015873015873015872,0.198,0.301587302,0.314814815,0.616402116,0.285714286,30.15873016,11.11111111,221,253,38,0.17786561264822134,0.7631578947368421,0.23684210526315788,0.0,0.02766798418972332,0.06719367588932806,0.13043478260869565,0.11067193675889328,0.0,0.2608695652173913,0.0,0.003952569169960474,0.011857707509881422,0.019762845849802372,0.0,0.019762845849802372,0.204,0.292,0.339,0.631,0.255,26.1,11.1
484,Mickey Moniak,LAA,15,297.3650793650794,323.0,56.396825396825406,0.20634920634920637,0.7272727272727272,0.2727272727272727,0.0909090909090909,0.03174603174603175,0.11111111111111112,0.11111111111111112,0.0634920634920635,0.0,0.3015873015873016,0.015873015873015876,0.0,0.0,0.015873015873015876,0.0,0.015873015873015876,0.22,0.285714286,0.431034483,0.716748768,0.297297297,30.15873016,6.349206349,311,323,73,0.2693498452012384,0.684931506849315,0.2876712328767123,0.0273972602739726,0.043343653250773995,0.10835913312693499,0.1393188854489164,0.02786377708978328,0.0030959752321981426,0.3498452012383901,0.009287925696594427,0.0,0.0,0.018575851393188854,0.009287925696594427,0.009287925696594427,0.28,0.307,0.495,0.802,0.397,35.0,2.8
486,Alec Burleson,STL,13,322.2142857142857,347.0,74.35714285714286,0.25,0.8333333333333333,0.16666666666666666,0.0,0.03571428571428571,0.10714285714285715,0.125,0.053571428571428575,0.0,0.17857142857142855,0.0,0.0,0.0,0.0,0.0,0.0,0.268,0.309090909,0.423076923,0.732167832,0.3,17.85714286,5.357142857,315,347,69,0.2219020172910663,0.6956521739130435,0.2898550724637681,0.014492753623188406,0.023054755043227664,0.09798270893371758,0.1037463976945245,0.06628242074927954,0.0,0.12968299711815562,0.008645533141210375,0.005763688760806916,0.002881844380403458,0.008645533141210375,0.002881844380403458,0.005763688760806916,0.244,0.3,0.39,0.691,0.261,13.0,6.6
498,Kevin Pillar,,11,189.1836734693877,206.0,37.83673469387756,0.22448979591836737,0.7777777777777776,0.22222222222222215,0.0,0.04081632653061224,0.12244897959183675,0.12244897959183675,0.04081632653061224,0.0,0.2040816326530612,0.02040816326530612,0.0,0.0,0.02040816326530612,0.0,0.02040816326530612,0.246,0.291666667,0.422222222,0.713888889,0.272727273,20.40816327,4.081632653,197,206,36,0.21844660194174756,0.7222222222222222,0.2777777777777778,0.0,0.043689320388349516,0.1407766990291262,0.1553398058252427,0.02912621359223301,0.0,0.24271844660194175,0.0,0.014563106796116505,0.0,0.019417475728155338,0.0048543689320388345,0.014563106796116505,0.228,0.248,0.416,0.664,0.255,24.3,2.9
