Unnamed: 0,#,Name,Team,G,AB,PA,HIP,H,1B,2B,3B,HR,R,RBI,BB,IBB,SO,HBP,SF,SH,SB,CS,NSB,AVG,OBP,SLG,OPS,BABIP,K%,BB%,real_AB,real_PA,real_HIP,real_H,real_1B,real_2B,real_3B,real_HR,real_R,real_RBI,real_BB,real_IBB,real_SO,real_HBP,real_SF,real_SH,real_SB,real_CS,real_NSB,real_AVG,real_OBP,real_SLG,real_OPS,real_BABIP,real_K%,real_BB%
0,1,Aaron Judge,NYY,159,552.3061224489796,679.0,105.90816326530611,0.22740524781341107,0.7476635514018692,0.2429906542056075,0.0,0.07142857142857142,0.1661807580174927,0.18075801749271136,0.16909620991253643,0.021865889212827987,0.2594752186588921,0.008746355685131196,0.007288629737609329,0.0014577259475218656,0.011661807580174927,0.002915451895043732,0.008746355685131196,0.279,0.4058394160583942,0.5878136200716846,0.9936530361300788,0.3184523809523809,25.94752186588921,16.909620991253643,541,679,126,0.26362297496318116,0.746031746031746,0.23809523809523808,0.015873015873015872,0.0780559646539028,0.20176730486008837,0.16789396170839468,0.18262150220913106,0.053019145802650956,0.23564064801178203,0.010309278350515464,0.010309278350515464,0.0,0.017673048600883652,0.007363770250368188,0.010309278350515464,0.331,0.457,0.688,1.144,0.376,23.6,18.3
1,2,Bobby Witt Jr.,KCR,159,623.9081632653061,687.0,152.22157434402328,0.26530612244897955,0.7039473684210528,0.243421052631579,0.05263157894736844,0.04373177842565598,0.1574344023323615,0.14723032069970848,0.0728862973760933,0.007288629737991266,0.16180758017492713,0.008746355685131196,0.008746355685131196,0.0014577259475218659,0.046647230320232894,0.016034985422740528,0.030612244897959183,0.292,0.3474452554744525,0.521669342,0.8691145973685135,0.3114754098360656,16.18075801749271,7.288629737609329,623,687,161,0.2678311499272198,0.6708074534161491,0.2919254658385093,0.037267080745341616,0.033478893740902474,0.14410480349344978,0.12809315866084425,0.07132459970887918,0.011644832605531296,0.1819505094614265,0.011644832605531296,0.010189228529839884,0.0,0.055312954876273655,0.013100436681222707,0.042212518195050945,0.295,0.351,0.501,0.852,0.334,18.2,7.1
2,3,Gunnar Henderson,BAL,157,567.5876288659794,651.0,125.59793814432986,0.23858615611192927,0.7251908396946567,0.22900763358778634,0.045801526717557266,0.04565537555228277,0.15905743740795286,0.13991163475699558,0.11045655375552282,0.0014727540500736377,0.22091310751104565,0.008836524300441826,0.007363770250368188,0.0014727540500736377,0.02503681885125184,0.005891016200294551,0.01914580265095729,0.274,0.3584070796460177,0.5016891891891891,0.8600962688352068,0.3149038461538461,22.091310751104565,11.045655375552284,577,651,141,0.24270353302611367,0.723404255319149,0.24113475177304963,0.03546099290780142,0.026113671274961597,0.130568356374808,0.10445468509984639,0.09523809523809523,0.009216589861751152,0.21044546850998463,0.010752688172043012,0.007680491551459293,0.0,0.04608294930875576,0.007680491551459293,0.03840245775729647,0.274,0.349,0.438,0.787,0.329,21.0,9.5
3,4,Juan Soto,NYM,159,564.9125364431487,715.0000000000001,120.90379008419826,0.22011661807580174,0.7500000000202557,0.23275862069594142,0.017241379310810472,0.051020408167832154,0.16472303206997083,0.14577259475218657,0.19679300291545188,0.01020408163265306,0.16326530612244897,0.0058309037900874635,0.0058309037900874635,0.0014577259475218659,0.011661807580174927,0.0058309037900874635,0.0058309037900874635,0.279,0.4233576642335766,0.5295202952029521,0.9528779594365286,0.2907268170426065,16.32653061,19.67930029154519,577,715,109,0.2125874125874126,0.8073394495412844,0.1834862385321101,0.009174311926605505,0.06013986013986014,0.16783216783216784,0.14685314685314685,0.17762237762237762,0.01818181818181818,0.1916083916083916,0.004195804195804196,0.008391608391608392,0.0013986013986013986,0.05314685314685315,0.005594405594405594,0.04755244755244755,0.263,0.396,0.525,0.921,0.27,19.2,17.8
4,5,Julio Rodriguez,SEA,157,646.2150220913107,710.0,149.52871870397644,0.25331369661266573,0.7832167832167832,0.2027972027972028,0.013986013986013986,0.042709867452135494,0.1399116347569956,0.13549337260677466,0.07069219440353462,0.004418262150220914,0.2341678939617084,0.013254786450662737,0.004418262150220914,0.0014727540500736379,0.04123711340206186,0.010309278350704226,0.030927835051546393,0.278,0.3377581120943952,0.4724919093851132,0.8102500214795085,0.3302540415704388,23.41678939617084,7.069219440353461,652,710,142,0.24507042253521127,0.7535211267605634,0.21830985915492956,0.028169014084507043,0.04507042253521127,0.14929577464788732,0.13380281690140844,0.061971830985915494,0.007042253521126761,0.2140845070422535,0.016901408450704224,0.0028169014084507044,0.0,0.04225352112676056,0.008450704225352112,0.03380281690140845,0.267,0.324,0.474,0.798,0.302,21.4,6.2
5,6,Mookie Betts,LAD,157,569.2621502209131,663.0,131.81885125184093,0.24005891016200293,0.7259259259259259,0.2518518518518518,0.022222222222222223,0.041237113402061855,0.16053019145802647,0.13843888070692192,0.12371134020618556,0.004418262150220913,0.13843888070692192,0.010309278350515464,0.0073637702503681875,0.0014727540500736377,0.022091310751104563,0.004418262150220913,0.017673048600883652,0.28,0.374079529,0.4922813036020583,0.8663608323207623,0.2896995708154506,13.843888070692197,12.371134020618555,589,663,132,0.22926093514328807,0.8106060606060606,0.17424242424242425,0.015151515151515152,0.030165912518853696,0.14328808446455504,0.12368024132730016,0.09200603318250378,0.0030165912518853697,0.10256410256410256,0.004524886877828055,0.015082956259426848,0.0,0.012066365007541479,0.0030165912518853697,0.00904977375565611,0.258,0.326,0.406,0.732,0.258,10.3,9.2
6,7,Francisco Lindor,NYM,159,647.7026239067055,732.0,137.65014577259475,0.22886297376093295,0.7364341085271319,0.24031007751937988,0.023255813953488372,0.04081632653061224,0.14723032069970848,0.12973760932944606,0.09183673469387756,0.0029154518950437317,0.18950437317784258,0.01457725947521866,0.007288629737704918,0.0029154518950437317,0.033527696793002916,0.007288629737704918,0.026239067055393587,0.259,0.3357664233576642,0.457990115321252,0.7937565386789163,0.2841409691629956,18.950437317784257,9.183673469387756,644,732,141,0.23497267759562843,0.75177304964539,0.24822695035460993,0.0,0.04234972677595628,0.1598360655737705,0.11748633879781421,0.08879781420765027,0.00273224043715847,0.17896174863387979,0.02185792349726776,0.009562841530054645,0.0,0.04234972677595628,0.00819672131147541,0.03415300546448088,0.267,0.346,0.466,0.811,0.288,17.9,8.9
7,8,Shohei Ohtani,LAD,151,626.4930875576038,727.0,131.77572969354839,0.24577572971114167,0.7033898302583942,0.25423728804520274,0.04237288134086713,0.06451612903225806,0.1827956989247312,0.17818740399385563,0.12135176651305685,0.015360983102918587,0.23041474654377883,0.007680491551459293,0.006144393241167436,0.0015360983102918585,0.055299539170506916,0.009216589861751152,0.04608294930875576,0.285,0.3759630200308166,0.5811051693404634,0.957068189,0.3163538873994638,23.04147465437788,12.135176651305684,611,727,117,0.23658872077028886,0.7094017094017094,0.21367521367521367,0.07692307692307693,0.07565337001375516,0.20082530949105915,0.14030261348005502,0.1499312242090784,0.027510316368638238,0.25722145804676755,0.0041265474552957355,0.002751031636863824,0.0,0.027510316368638238,0.008253094910591471,0.01925722145804677,0.282,0.392,0.622,1.014,0.315,25.7,15.0
8,9,Fernando Tatis Jr.,SDP,152,619.5896656534954,691.0,132.31914893617022,0.24772036474164133,0.7222222222222222,0.2698412698412698,0.007936507936507936,0.05623100303951368,0.15805471124620063,0.1534954407294833,0.08662613981762916,0.001519756838905775,0.2142857142857143,0.010638297872340425,0.004559270516717326,0.001519756838905775,0.02887537993920973,0.0060790273556231,0.022796352583586626,0.277,0.3455098934550989,0.5254237288135594,0.8709336222686583,0.3036144578313253,21.428571428571427,8.662613981762918,594,691,134,0.2301013024602026,0.7835820895522388,0.20149253731343283,0.014925373134328358,0.0361794500723589,0.16063675832127353,0.10274963820549927,0.1287988422575977,0.010130246020260492,0.18668596237337193,0.008683068017366137,0.002894356005788712,0.0,0.04630969609261939,0.010130246020260492,0.0361794500723589,0.268,0.368,0.446,0.814,0.303,18.7,12.9
9,10,Jose Ramirez,CLE,156,598.889881,673.0000000000001,134.1994047619048,0.24404761904761904,0.6940298507462686,0.28358208955223874,0.022388059701492536,0.044642857142857144,0.14583333333333331,0.14732142857142858,0.09523809524517086,0.023809523809523808,0.12053571428571427,0.005952380952380952,0.008928571428571428,0.0014880952380952376,0.043154761904761904,0.008928571428571428,0.03422619047619047,0.275,0.3452380952380952,0.4983277591973244,0.8435658544354196,0.2718052738336714,12.053571428571429,9.523809523809524,593,673,138,0.24962852897473997,0.7318840579710145,0.2463768115942029,0.021739130434782608,0.04457652303120357,0.15304606240713226,0.1263001485884101,0.09806835066864784,0.03268945022288262,0.1099554234769688,0.01188707280832095,0.007429420505200594,0.0,0.06537890044576523,0.010401188707280832,0.0549777117384844,0.283,0.36,0.503,0.863,0.279,11.0,9.8
10,12,Cal Raleigh,SEA,146,624.1181506849316,705.0000000000001,105.02568493150686,0.20034246575342465,0.7241379310344828,0.26436781609195403,0.011494252873563218,0.05136986301369862,0.12157534246575341,0.14554794520547948,0.09931506849315068,0.003424657534246575,0.2722602739726027,0.00684931506849315,0.00684931506849315,0.0,0.005136986301369863,0.0017123287671232876,0.003424657534246575,0.227,0.30703259,0.448742746615087,0.7557753366665451,0.2620481927710843,27.22602739726027,9.931506849315069,596,705,87,0.20851063829787234,0.7241379310344828,0.27586206896551724,0.0,0.0851063829787234,0.15602836879432624,0.1773049645390071,0.1375886524822695,0.024113475177304965,0.26666666666666666,0.01276595744680851,0.00425531914893617,0.0,0.019858156028368795,0.005673758865248227,0.014184397163120567,0.247,0.359,0.589,0.948,0.248,26.700000000000003,13.8
11,13,Patrick Bailey,SFG,128,406.4426877470355,452.0,85.75494071146244,0.21343873517786557,0.7604166667132192,0.22916666666666669,0.010416666666666668,0.023715415019762844,0.1067193675889328,0.10276679841897232,0.08300395256916995,0.0,0.23913043478260868,0.005928853754940711,0.00790513833992095,0.001976284584980237,0.00790513833992095,0.001976284584980237,0.005928853754940711,0.236,0.3035714285714285,0.3692307692307692,0.6728021978021979,0.294478528,23.91304347826087,8.300395256916996,409,452,85,0.2013274336283186,0.7529411764705882,0.21176470588235294,0.03529411764705882,0.01327433628318584,0.10398230088495575,0.12168141592920353,0.06637168141592921,0.0,0.2942477876106195,0.00663716814159292,0.01327433628318584,0.008849557522123894,0.0022123893805309734,0.0,0.0022123893805309734,0.222,0.277,0.325,0.602,0.308,29.4,6.6000000000000005
12,14,Michael Harris II,ATL,146,594.1968253968254,641.0,148.54920634920632,0.2698412698412698,0.7534246575342468,0.21917808219178087,0.02739726027504115,0.03809523809523809,0.13809523809523808,0.1365079365079365,0.05555555555555555,0.0031746031746031746,0.19206349206349205,0.01111111111111111,0.006349206349453978,0.0015873015873015873,0.02857142857142857,0.007936507936507936,0.020634920634920634,0.291,0.3365079365079365,0.4828767123287671,0.8193846488367036,0.3295711060948081,19.20634920634921,5.555555555555555,611,641,132,0.23712948517940718,0.7575757575757576,0.19696969696969696,0.045454545454545456,0.031201248049921998,0.08580343213728549,0.13416536661466458,0.0249609984399376,0.0015600624024961,0.1996879875195008,0.0046801872074883,0.0109204368174727,0.0062402496099844,0.031201248049921998,0.0093603744149766,0.0218408736349454,0.249,0.268,0.409,0.678,0.281,20.0,2.5
13,15,Ronald Acuna Jr.,ATL,128,353.14285714285717,412.00000000000006,84.93309222423147,0.2513562386980108,0.7456140350877193,0.22807017543859648,0.017543859649122803,0.045207956600361664,0.1826401446654611,0.13200723327669903,0.11934900542495477,0.003616636528028932,0.18083182640144665,0.014466546112115732,0.005424954792043399,0.0018083182640144665,0.07052441229656418,0.016274864376130196,0.054249547920433995,0.293,0.3865698729582577,0.5126582278481012,0.899228101,0.3238636363636363,18.083182640144667,11.93490054249548,338,412,77,0.23786407766990292,0.8311688311688312,0.15584415584415584,0.012987012987012988,0.050970873786407765,0.1796116504854369,0.10194174757281553,0.17233009708737865,0.009708737864077669,0.24757281553398058,0.007281553398058253,0.0,0.0,0.021844660194174758,0.0024271844660194173,0.019417475728155338,0.29,0.417,0.518,0.935,0.358,24.8,17.2
14,16,Elly De La Cruz,CIN,154,625.4210526,699.0,134.54436090225562,0.2300751879699248,0.6953125000000002,0.24218750000000003,0.06250000000000001,0.03759398496240602,0.1473684210526316,0.1323308270676692,0.09323308270676692,0.0030075187969924814,0.29323308270676696,0.0075187969924812035,0.004511278195488722,0.0015037593984962407,0.08120300752503577,0.02105263157894737,0.06015037593984963,0.258,0.3308270676691729,0.4621848739495798,0.7930119416187528,0.3386243386243386,29.32330827067669,9.323308270676693,629,699,144,0.2374821173104435,0.7361111111111112,0.2152777777777778,0.04861111111111111,0.031473533619456366,0.1459227467811159,0.12303290414878398,0.09585121602288985,0.01430615164520744,0.25894134477825465,0.002861230329041488,0.001430615164520744,0.0,0.05293276108726753,0.011444921316165951,0.04148783977110158,0.264,0.336,0.44,0.777,0.337,25.9,9.6
15,17,Jackson Merrill,SDP,154,447.4105263157895,483.0,106.76842105263157,0.25864661654135335,0.7551020408163266,0.21088435374149664,0.034013605442176874,0.03759398496240601,0.12631578947368421,0.14135338345864662,0.05864661654135339,0.0030075187969924814,0.16541353383458646,0.004511278195488722,0.007518796992481203,0.004511278195488722,0.02255639097744361,0.006015037593984963,0.01654135338345865,0.28,0.3227752639517345,0.4675324675324675,0.7903077314842021,0.3024691358024691,16.541353383458645,5.864661654135339,440,483,100,0.2401656314699793,0.69,0.25,0.06,0.033126293995859216,0.12215320910973085,0.13871635610766045,0.06832298136645963,0.002070393374741201,0.2236024844720497,0.008281573498964804,0.010351966873706004,0.002070393374741201,0.002070393374741201,0.004140786749482402,-0.002070393374741201,0.264,0.317,0.457,0.774,0.312,22.4,6.800000000000001
16,18,Corey Seager,TEX,126,392.0238095238095,445.0,88.02197802197803,0.2490842490842491,0.75,0.24074074074074073,0.009259259259051186,0.05128205128205128,0.1446886446886447,0.14652014651685394,0.10073260073260074,0.016483516483516484,0.17032967033707866,0.009157509157509156,0.007326007325842696,0.001831501831460674,0.003663003662921348,0.001831501831460674,0.001831501831460674,0.282,0.3596330275229358,0.5155925155925156,0.8752255431154514,0.2967032967032967,17.032967032967033,10.073260073260071,380,445,82,0.23146067415730337,0.7682926829268293,0.23170731707317074,0.0,0.04719101123595506,0.13707865168539327,0.11235955056179775,0.1303370786516854,0.02247191011235955,0.19550561797752808,0.011235955056179775,0.0044943820224719105,0.0,0.006741573033707865,0.0,0.006741573033707865,0.271,0.373,0.487,0.86,0.299,19.6,13.0
17,19,William Contreras,MIL,156,580.0463258785942,659.0,133.69488817891374,0.23961661341853036,0.748031496062992,0.2440944881889764,0.007874015748031496,0.03674121405750798,0.13258785942492013,0.13258785942492013,0.10862619808306709,0.004792332268588771,0.21086261980830667,0.006389776357827476,0.004792332268588771,0.0,0.01118210862619808,0.003194888178913738,0.007987220447284345,0.272,0.3546325878594249,0.4573502722323049,0.8119828600917298,0.3182957393483709,21.08626198083067,10.86261980830671,566,659,130,0.22306525037936267,0.7846153846153846,0.2153846153846154,0.0,0.025796661608497723,0.13505311077389984,0.11532625189681335,0.1274658573596358,0.006069802731411229,0.18209408194233687,0.004552352048558422,0.009104704097116844,0.0,0.009104704097116844,0.006069802731411229,0.0030349013657056147,0.26,0.355,0.399,0.754,0.299,18.2,12.7
18,20,Vladimir Guerrero Jr.,TOR,157,597.8792342,680.0,143.21060382916053,0.2577319587628866,0.7552447552447553,0.24475524475524477,0.0,0.047128129602356406,0.14432989690721645,0.1487481590574374,0.10456553755522828,0.011782032400589101,0.14285714285714285,0.008836524300441826,0.005891016200294551,0.0014727540500736377,0.007363770250368188,0.0029455081001472753,0.004418262150220913,0.294,0.3716814159292035,0.5125628140703518,0.8842442299995553,0.3029661016949153,14.285714285714285,10.456553755522828,589,680,149,0.2529411764705882,0.7718120805369127,0.22818791946308725,0.0,0.033823529411764704,0.1411764705882353,0.12352941176470589,0.11911764705882352,0.011764705882352941,0.13823529411764707,0.008823529411764706,0.0058823529411764705,0.0,0.008823529411764706,0.004411764705882353,0.004411764705882353,0.292,0.381,0.467,0.848,0.313,13.8,11.9
19,21,Kyle Tucker,CHC,154,516.2030075,597.0,112.21804511278195,0.23308270676691728,0.7360000000000001,0.248,0.016,0.04511278195488722,0.1443609022556391,0.14285714285714285,0.12330827067669173,0.009022556390977444,0.15338345864661654,0.003007518796992481,0.007518796992481203,0.0015037593984962405,0.031578947368421054,0.004511278195488722,0.02706766917293233,0.27,0.3599397590361445,0.4869565217391304,0.846896281,0.2790178571428571,15.338345864661656,12.330827067669173,500,597,111,0.22278056951423786,0.7387387387387387,0.22522522522522523,0.036036036036036036,0.03685092127303183,0.152428810720268,0.12227805695142378,0.1457286432160804,0.011725293132328308,0.1474036850921273,0.006700167504187605,0.005025125628140704,0.0016750418760469012,0.04187604690117253,0.005025125628140704,0.03685092127303183,0.266,0.377,0.464,0.841,0.282,14.7,14.6
20,22,Adley Rutschman,BAL,146,318.2849829351536,365.00000000000006,71.6296928327645,0.22696245733788395,0.7565217391304349,0.24347826086956523,0.008695652173913044,0.030716723549488054,0.12627986348122866,0.1160409556313993,0.11262798634812285,0.005119453924914676,0.15699658703071673,0.0068259385665529,0.0068259385665529,0.001706484641638225,0.0034129692832764497,0.0,0.0034129692832764497,0.261,0.347008547,0.4266144814090019,0.7736230284175489,0.2839506172839506,15.699658703071671,11.262798634812286,322,365,62,0.19452054794520549,0.7096774193548387,0.25806451612903225,0.03225806451612903,0.024657534246575342,0.10136986301369863,0.07945205479452055,0.1095890410958904,0.0,0.15616438356164383,0.0027397260273972603,0.005479452054794521,0.0,0.0,0.0,0.0,0.22,0.307,0.366,0.673,0.24,15.6,11.0
21,23,Bryce Harper,PHI,154,495.3984962406015,580.0,112.51127819548871,0.24060150375939848,0.6976744186046512,0.3023255813953489,0.0,0.046616541353383466,0.14736842105263157,0.14436090225563908,0.13082706767241378,0.01654135338345865,0.2180451127819549,0.006015037593984962,0.007518796992481203,0.0015037593984962405,0.015037593984962405,0.004511278195488721,0.010526315789473684,0.282,0.378012048192771,0.5140845070422535,0.8920965552350246,0.3249370277078086,21.804511278195488,13.082706766917292,501,580,104,0.22586206896551725,0.6923076923076923,0.3076923076923077,0.0,0.04655172413793104,0.12413793103448276,0.12931034482758622,0.1206896551724138,0.010344827586206896,0.20862068965517241,0.010344827586206896,0.005172413793103448,0.0,0.020689655172413793,0.0034482758620689655,0.017241379310344827,0.261,0.357,0.487,0.844,0.292,20.9,12.1
22,24,Austin Riley,ATL,157,399.6008837,447.0,86.89837997054494,0.2415316642120766,0.7348484848484846,0.24999999999999997,0.015151515151515148,0.047128129602356406,0.14138438880706922,0.1443298969072165,0.08247422680412371,0.0014727540492170022,0.24300441826215025,0.014727540501118568,0.008836524300441828,0.0014727540492170022,0.0029455081001472753,0.0,0.0029455081001472753,0.271,0.3387334315169367,0.4892915980230642,0.8280250295400009,0.3173076923076923,24.30044182621502,8.24742268,416,447,92,0.24161073825503357,0.7717391304347826,0.21739130434782608,0.010869565217391304,0.035794183445190156,0.12080536912751678,0.12080536912751678,0.06040268456375839,0.0022371364653243847,0.28635346756152125,0.006711409395973154,0.0022371364653243847,0.0,0.0044742729306487695,0.0022371364653243847,0.0022371364653243847,0.26,0.309,0.428,0.737,0.337,28.6,6.0
23,25,Trea Turner,PHI,156,589.5535714285714,639.0,144.53571428571428,0.2604166666666667,0.763157894736842,0.21710526315789475,0.013157894736842106,0.03422619047619047,0.14434523809523808,0.12053571428571429,0.06101190476190475,0.0014880952380952382,0.1919642857142857,0.008928571428571428,0.005952380952380953,0.0014880952380952382,0.03571428571428571,0.005952380952380953,0.02976190476190476,0.282,0.3308494783904619,0.4516129032258064,0.7824623816162684,0.3220338983050847,19.196428571428573,6.101190476190476,589,639,164,0.28012519561815336,0.7682926829268293,0.18902439024390244,0.042682926829268296,0.023474178403755867,0.14710485133020346,0.107981220657277,0.06729264475743349,0.001564945226917058,0.1674491392801252,0.00782472613458529,0.003129890453834116,0.0,0.056338028169014086,0.010954616588419406,0.04538341158059468,0.304,0.355,0.457,0.812,0.35,16.7,6.7
24,26,Ketel Marte,ARI,147,487.0455259026688,556.0,110.850863422292,0.2401883830455259,0.7165354330708662,0.25196850393700787,0.031496062992125984,0.04081632653061225,0.14442700156985874,0.13657770800627944,0.10518053375196233,0.007849293563579279,0.18053375196232338,0.009419152276295134,0.007849293563579279,0.0015698587127158557,0.010989010989208634,0.0031397174254317113,0.007849293563579279,0.274,0.3553459119496855,0.4856630824372759,0.8410089943869614,0.3009478672985782,18.053375196232334,10.518053375196232,480,556,108,0.2446043165467626,0.7407407407407407,0.25925925925925924,0.0,0.050359712230215826,0.1564748201438849,0.12949640287769784,0.11510791366906475,0.01079136690647482,0.14928057553956833,0.01618705035971223,0.00539568345323741,0.0,0.007194244604316547,0.0035971223021582736,0.0035971223021582736,0.283,0.376,0.517,0.893,0.29,14.9,11.5
25,27,Matt Chapman,SFG,157,468.8144329896907,535.0,92.18703976088365,0.2106038291605302,0.6923076923337942,0.29059829060924697,0.017094017094661584,0.03829160530841121,0.12665684830633284,0.12223858615611191,0.10456553755522827,0.0029455081001472753,0.2592047128129602,0.011782032400589101,0.007363770250368188,0.0,0.014727540500736377,0.004418262150220914,0.010309278350515464,0.241,0.3269513991163476,0.4352941176470588,0.7622455167634063,0.2939698492462311,25.920471281296027,10.456553755522828,454,535,84,0.19626168224299065,0.7023809523809523,0.27380952380952384,0.023809523809523808,0.03925233644859813,0.14205607476635515,0.11401869158878504,0.13271028037383178,0.001869158878504673,0.23551401869158878,0.011214953271028037,0.007476635514018692,0.0,0.016822429906542057,0.007476635514018692,0.009345794392523364,0.231,0.34,0.43,0.77,0.27,23.6,13.3
26,28,Freddie Freeman,LAD,154,543.0857142857143,627.0,135.77142857142857,0.25263157894736843,0.736111111111111,0.25,0.013888888888888888,0.03609022556390976,0.14586466165413534,0.13834586466165413,0.11127819548872181,0.013533834586466165,0.1639097744360902,0.013533834586466165,0.0075187969924812035,0.0,0.01654135338345865,0.003007518796992481,0.013533834586466165,0.292,0.378012048192771,0.4861111111111111,0.8641231593038822,0.3214285714285714,16.390977443609025,11.12781954887218,556,627,140,0.26156299840510366,0.7071428571428572,0.2785714285714286,0.014285714285714285,0.03827751196172249,0.1291866028708134,0.14354066985645933,0.09569377990430622,0.011164274322169059,0.20414673046251994,0.009569377990430622,0.007974481658692184,0.0,0.009569377990430622,0.003189792663476874,0.006379585326953748,0.295,0.367,0.502,0.869,0.342,20.4,9.6
27,29,Dansby Swanson,CHC,157,579.4550810014728,645.0,121.59057437407954,0.21944035346097202,0.765625,0.22656249999999997,0.015624999999999997,0.030927835051546393,0.12223858615611193,0.11634756995348837,0.08836524300441825,0.0014727540500736379,0.24447717231222385,0.005891016200294551,0.005891016200294551,0.0014727540500736379,0.022091310751104563,0.005891016200294551,0.016200294550810016,0.245,0.3141592920353982,0.4032786885245901,0.7174379805599884,0.2997658079625293,24.447717231222384,8.836524300441827,590,645,120,0.22325581395348837,0.775,0.2,0.025,0.037209302325581395,0.13023255813953488,0.11937984496124031,0.07286821705426356,0.0015503875968992248,0.26046511627906976,0.0031007751937984496,0.007751937984496124,0.0015503875968992248,0.031007751937984496,0.004651162790697674,0.02635658914728682,0.244,0.3,0.417,0.717,0.298,26.0,7.3
28,30,Marcus Semien,TEX,154,479.3954887218045,534.0,102.78496240601504,0.22706766917293233,0.7421875,0.2265625,0.0234375,0.03458646616541353,0.14135338345864662,0.1142857142857143,0.09022556390977444,0.0015037593984962407,0.15338345864661657,0.006015037593632959,0.004511278195488722,0.0015037593984962407,0.015037593984962405,0.0030075187969924814,0.012030075187265917,0.252,0.3237951807228915,0.4254606365159128,0.7492558172388044,0.2694736842105263,15.338345864661656,9.022556390977442,470,534,93,0.20224719101123595,0.8172043010752689,0.17204301075268819,0.010752688172043012,0.028089887640449437,0.11610486891385768,0.11610486891385768,0.09363295880149813,0.0,0.17415730337078653,0.009363295880149813,0.016853932584269662,0.0,0.020599250936329586,0.0018726591760299626,0.018726591760299626,0.23,0.305,0.364,0.669,0.251,17.4,9.4
29,31,Riley Greene,DET,147,577.8806907378336,655.0,131.61695447409733,0.2354788069073783,0.7343750000000001,0.21875,0.0390625,0.03453689167974882,0.13500784929356358,0.12244897959183673,0.10518053375196233,0.003139717425431711,0.24803767660910517,0.007849293563579279,0.004709576138147566,0.0015698587127158554,0.009419152276295133,0.003139717425431711,0.006279434850863422,0.268,0.3485086342229199,0.4501779359430605,0.7986865701659804,0.3324675324675324,24.803767660910516,10.518053375196232,600,655,119,0.2366412213740458,0.7310924369747899,0.2605042016806723,0.008403361344537815,0.0549618320610687,0.1282442748091603,0.16946564885496182,0.07022900763358779,0.0015267175572519084,0.3068702290076336,0.0061068702290076335,0.007633587786259542,0.0,0.0030534351145038168,0.0015267175572519084,0.0015267175572519084,0.258,0.313,0.493,0.806,0.323,30.7,7.000000000000001
30,32,Gabriel Moreno,ARI,128,273.6508875739645,309.0,71.3076923076923,0.2504930966469428,0.7692307692307693,0.21367521367521367,0.008547008547008548,0.01972386587771203,0.11439842209072978,0.11637080867313916,0.09664694280078896,0.0019723865877712033,0.16370808678500987,0.007889546351084813,0.007889546351084813,0.0019723865877712033,0.011834319526627217,0.0039447731755424065,0.007889546351084813,0.283,0.3557312252964427,0.4075723830734966,0.7633036083699394,0.325,16.370808678500985,9.664694280078894,277,309,70,0.255663430420712,0.8142857142857143,0.17142857142857143,0.014285714285714285,0.02912621359223301,0.1423948220064725,0.12944983818770225,0.09385113268608414,0.009708737864077669,0.1715210355987055,0.003236245954692557,0.006472491909385114,0.0,0.006472491909385114,0.006472491909385114,0.0,0.285,0.353,0.433,0.786,0.323,17.2,9.4
31,33,Corbin Carroll,ARI,156,556.9732142857143,642.0,122.28571428571429,0.22470238095238096,0.7109375,0.203125,0.0859375,0.03422619047619048,0.16071428571428573,0.125,0.10416666666666667,0.001488095238095238,0.19345238095238096,0.01636904761904762,0.007440476190476191,0.004464285714285715,0.05654761904761905,0.010416666666666666,0.046130952380952384,0.259,0.3467862481315396,0.4596912521440823,0.8064775002756219,0.2942528735632184,19.345238095238095,10.416666666666668,564,642,115,0.22741433021806853,0.5739130434782609,0.2782608695652174,0.14782608695652175,0.048286604361370715,0.16666666666666666,0.1308411214953271,0.1043613707165109,0.006230529595015576,0.2383177570093458,0.010903426791277258,0.006230529595015576,0.0,0.04984423676012461,0.009345794392523364,0.040498442367601244,0.259,0.343,0.541,0.883,0.299,23.8,10.4
32,34,Andres Gimenez,TOR,147,335.4018838304553,369.0,80.51962323379907,0.24018838304552592,0.769784172662921,0.2086330935254646,0.021582733812979097,0.021978021978319783,0.11145996860282575,0.10989010989010989,0.05180533751962323,0.0031397174254317118,0.16797488226059654,0.0282574568288854,0.006279434850863423,0.004709576138147567,0.0423861852433281,0.007849293563579277,0.03453689167974883,0.265,0.3217665615141956,0.3972366148531951,0.7190031763673908,0.3008658008658009,16.797488226059652,5.180533751962323,329,369,62,0.18699186991869918,0.8064516129032258,0.1774193548387097,0.016129032258064516,0.018970189701897018,0.10569105691056911,0.0948509485094851,0.06775067750677506,0.0,0.17886178861788618,0.02981029810298103,0.008130081300813009,0.0027100271002710027,0.032520325203252036,0.005420054200542005,0.02710027100271003,0.21,0.285,0.313,0.598,0.239,17.9,6.800000000000001
33,35,Willy Adames,SFG,156,609.4375,686.0,123.52083333333331,0.2157738095238095,0.694214876033058,0.2892561983471075,0.008264462809917356,0.03571428571428571,0.12351190476190475,0.125,0.09970238095238095,0.002976190476190476,0.23511904761904762,0.004464285714285714,0.005952380952380952,0.001488095238095238,0.020833333333333332,0.005952380952380952,0.014880952380952378,0.243,0.3204172876304024,0.423785595,0.7442028822702684,0.2887828162291169,23.511904761904763,9.970238095238097,591,686,103,0.19387755102040816,0.7669902912621359,0.21359223300970873,0.019417475728155338,0.043731778425655975,0.13702623906705538,0.12682215743440234,0.11661807580174927,0.0029154518950437317,0.260932944606414,0.007288629737609329,0.013119533527696793,0.0,0.01749271137026239,0.0058309037900874635,0.011661807580174927,0.225,0.318,0.421,0.74,0.263,26.1,11.7
34,36,Carlos Correa,MIN,130,512.0428571428572,584.0,116.80000000000001,0.23571428571428574,0.75,0.24107142857142855,0.017857142857142856,0.03571428571428571,0.13214285714285715,0.1232142857142857,0.10714285714285715,0.0071428571428571435,0.19464285714285715,0.008928571428571428,0.0071428571428571435,0.0017857142857142859,0.0017857142857142859,0.0,0.0017857142857142859,0.269,0.3517857142857143,0.4562118126272912,0.8079975269130055,0.3060109289617486,19.464285714285715,10.714285714285714,537,584,135,0.2534246575342466,0.7851851851851852,0.21481481481481482,0.0,0.02226027397260274,0.10787671232876712,0.08904109589041095,0.07705479452054795,0.0,0.1934931506849315,0.0017123287671232876,0.0017123287671232876,0.0,0.0,0.0,0.0,0.276,0.332,0.402,0.734,0.328,19.3,7.7
35,37,Manny Machado,SDP,151,616.5529954,678.0,134.35023041474653,0.24270353302611364,0.7596899224806202,0.2325581395348837,0.007751937984496122,0.0445468509984639,0.1259600614439324,0.15207373271889402,0.07987711213517665,0.009216589861751152,0.19508448540706605,0.0030721966205837165,0.007680491551622419,0.0,0.01228878648233487,0.0030721966205837165,0.009216589861751152,0.266,0.325652841781874,0.4679054054054054,0.7935582471872795,0.2925170068027211,19.50844854070661,7.987711213517665,615,678,142,0.24926253687315633,0.7676056338028169,0.2323943661971831,0.0,0.03982300884955752,0.13421828908554573,0.140117994100295,0.08112094395280237,0.0058997050147492625,0.19321533923303835,0.004424778761061947,0.007374631268436578,0.0,0.02064896755162242,0.004424778761061947,0.016224188790560472,0.275,0.335,0.46,0.795,0.307,19.3,8.1
36,38,Steven Kwan,CLE,156,610.5,693.0,161.90625,0.25,0.7961783439490446,0.17197452229299362,0.03184713375796178,0.01636904761904762,0.13839285714285715,0.09077380952380952,0.10119047619047619,0.001488095238095238,0.09821428571428571,0.00744047619047619,0.005952380952380952,0.004464285714285714,0.026785714285714284,0.005952380952380952,0.020833333333333332,0.283,0.3602391629297459,0.402027027027027,0.7622661899567729,0.302504817,9.821428571428571,10.11904761904762,625,693,159,0.2453102453102453,0.8113207547169812,0.18238993710691823,0.006289308176100629,0.015873015873015872,0.11688311688311688,0.08080808080808081,0.07936507936507936,0.002886002886002886,0.08658008658008658,0.004329004329004329,0.010101010101010102,0.004329004329004329,0.030303030303030304,0.007215007215007215,0.023088023088023088,0.272,0.33,0.374,0.705,0.283,8.7,7.9
37,39,Wyatt Langford,TEX,143,509.74675324675326,573.0,116.27435064935065,0.23863636363636365,0.72,0.24000000000000002,0.032,0.03571428571428572,0.13474025974025974,0.137987012987013,0.09577922077922078,0.003246753246753247,0.19805194805194806,0.008116883116883118,0.006493506493506494,0.0,0.03084415584642234,0.008116883116883118,0.022727272727272724,0.268,0.3425324675324675,0.4562043795620438,0.7987368470945113,0.3063725490196078,19.805194805194805,9.57792207792208,489,573,96,0.20593368237347295,0.7291666666666666,0.2604166666666667,0.010416666666666666,0.038394415357766144,0.1273996509598604,0.1082024432809773,0.12914485165794065,0.005235602094240838,0.26352530541012215,0.008726003490401396,0.008726003490401396,0.0,0.038394415357766144,0.010471204188481676,0.027923211169284468,0.241,0.344,0.431,0.775,0.299,26.4,12.9
38,40,Alejandro Kirk,TOR,110,446.8119266055046,506.0,107.93119266055048,0.23623853211009177,0.7849462365591398,0.2043010752688172,0.0,0.022935779816513763,0.0963302752293578,0.11238532110091744,0.09862385321100917,0.0022935779816513763,0.12155963302752294,0.009174311926605505,0.009174311926605505,0.0,0.0022935779816513763,0.0,0.0022935779816513763,0.267,0.3440366972477064,0.3922077922077922,0.7362444894554987,0.2852760736196319,12.155963302752294,9.862385321100918,451,506,112,0.2509881422924901,0.8392857142857143,0.16071428571428573,0.0,0.029644268774703556,0.08893280632411067,0.15019762845849802,0.09486166007905138,0.003952569169960474,0.116600790513834,0.001976284584980237,0.011857707509881422,0.0,0.001976284584980237,0.0,0.001976284584980237,0.282,0.348,0.421,0.769,0.292,11.7,9.5
39,41,Anthony Volpe,NYY,157,536.3122238586157,596.0,113.23122238586157,0.21649484536082475,0.713178294541517,0.25581395348837205,0.03875968992248062,0.026509572901325478,0.12223858615771813,0.11045655375838927,0.08100147275405008,0.0014727540500736377,0.22238586156111928,0.010309278350515464,0.00589101620029455,0.0014727540500736377,0.041237113402061855,0.010309278350515464,0.03092783505154639,0.241,0.3087149187592319,0.4009819967266775,0.7096969154859094,0.289237668,22.23858615611193,8.100147275405007,539,596,95,0.1912751677852349,0.6210526315789474,0.3368421052631579,0.042105263157894736,0.031879194630872486,0.10906040268456375,0.12080536912751678,0.07214765100671142,0.0,0.2516778523489933,0.006711409395973154,0.01174496644295302,0.0050335570469798654,0.030201342281879196,0.013422818791946308,0.016778523489932886,0.212,0.272,0.391,0.663,0.252,25.2,7.200000000000001
40,42,Isaac Paredes,HOU,141,374.70935960591135,438.0,73.35960591133006,0.2085385878489327,0.7352941176470587,0.25490196078431365,0.009803921568627449,0.041050903119868636,0.12315270935960591,0.13793103448275862,0.11330049260273974,0.0016420361247947454,0.16584564860426929,0.02298850574712644,0.006568144499178982,0.0016420361247947454,0.003284072249589491,0.0016420361247947454,0.0016420361247947454,0.244,0.3453947368421052,0.4414587332053742,0.7868534700474795,0.2556390977443609,16.58456486042693,11.330049261083744,378,438,76,0.2191780821917808,0.7894736842105263,0.19736842105263158,0.013157894736842105,0.045662100456621,0.12100456621004566,0.12100456621004566,0.1141552511415525,0.0,0.1735159817351598,0.0182648401826484,0.0045662100456621,0.0,0.0,0.00228310502283105,-0.00228310502283105,0.254,0.352,0.458,0.809,0.268,17.4,11.4
41,43,Rafael Devers,BOS,157,642.0353460972018,729.0,137.42562592309278,0.2371134020618557,0.7031249999865873,0.27343749999478395,0.023437499999552913,0.048600883648834026,0.14285714285714285,0.1472754050073638,0.101620029455081,0.01914580265095729,0.21649484536082475,0.010309278350515464,0.005891016200294551,0.0014727540500736377,0.005891016200294551,0.0014727540500736377,0.004418262150220913,0.269,0.3495575221238938,0.5033444816053512,0.852902004,0.3033175355450237,21.649484536082475,10.16200295,607,729,118,0.20987654320987653,0.7203389830508474,0.2796610169491525,0.0,0.04801097393689986,0.13580246913580246,0.149519890260631,0.15363511659807957,0.013717421124828532,0.26337448559670784,0.00823045267489712,0.0054869684499314125,0.0,0.0013717421124828531,0.0013717421124828531,0.0,0.252,0.372,0.479,0.851,0.307,26.3,15.4
42,44,Jazz Chisholm Jr.,NYY,141,477.81280788177344,531.0,95.9113300492611,0.22495894909688016,0.7636363636363636,0.19999999999999998,0.02727272727483307,0.04433497536945813,0.1313628899811676,0.14285714285714288,0.08374384236453203,0.004926108374764595,0.25123152709359603,0.008210180623352166,0.006568144499178983,0.0016420361247947456,0.05582922824302135,0.01477832512315271,0.04105090311986864,0.249,0.3174342105263157,0.4470802919708029,0.7645145024971187,0.2956989247311828,25.12315270935961,8.374384236453201,462,531,81,0.21092278719397364,0.8024691358024691,0.18518518518518517,0.012345679012345678,0.0583804143126177,0.14124293785310735,0.15065913370998116,0.10922787193973635,0.0018832391713747645,0.2787193973634652,0.011299435028248588,0.007532956685499058,0.0018832391713747645,0.0583804143126177,0.015065913370998116,0.04331450094161959,0.242,0.332,0.481,0.813,0.282,27.9,10.9
43,45,Brent Rooker,ATH,149,616.5093167701863,699.0,118.3090062111801,0.22826086956521738,0.743119266055046,0.22935779816513763,0.01834862385321101,0.059006211180124224,0.13354037267080743,0.15683229813664595,0.09782608695652173,0.004658385093167702,0.2950310559006211,0.012422360248447204,0.006211180124223602,0.0015527950310559005,0.012422360248447204,0.003105590062111801,0.009316770186335404,0.258,0.3390357698289269,0.5088028169014085,0.8478385867303354,0.3168604651162791,29.503105590062113,9.782608695652174,626,699,134,0.23462088698140202,0.6791044776119403,0.29850746268656714,0.022388059701492536,0.04291845493562232,0.13161659513590845,0.12732474964234622,0.09298998569384835,0.005722460658082976,0.2217453505007153,0.00715307582260372,0.002861230329041488,0.0,0.008583690987124463,0.001430615164520744,0.00715307582260372,0.262,0.335,0.479,0.814,0.302,22.2,9.3
44,46,Xander Bogaerts,SDP,149,497.1428571428571,552.0,117.42857142857143,0.2391304347826087,0.7883211678832115,0.20437956204379562,0.0072992700729927005,0.026397515527950312,0.11490683229813664,0.11024844720496894,0.08074534161490683,0.0015527950310559005,0.17701863354037267,0.009316770186335402,0.009316770186335402,0.0015527950310559005,0.020186335403726708,0.004658385093167701,0.015527950310559006,0.266,0.3291925465838509,0.4051724137931034,0.7343649603769544,0.3010989010989011,17.70186335403727,8.074534161490684,491,552,118,0.23369565217391305,0.7457627118644068,0.2542372881355932,0.0,0.019927536231884056,0.11413043478260869,0.09601449275362318,0.08695652173913043,0.005434782608695652,0.17028985507246377,0.007246376811594203,0.014492753623188406,0.0018115942028985507,0.036231884057971016,0.0036231884057971015,0.03260869565217391,0.263,0.328,0.391,0.72,0.299,17.0,8.7
45,47,Alex Bregman,BOS,157,435.94992636229745,495.0,95.50073637702504,0.22827687776141384,0.7404580152671755,0.24427480916030533,0.02290076335877863,0.035346097201767304,0.12960235640648013,0.13107511045655376,0.10014727540500735,0.0014727540500736377,0.12812960235640647,0.011782032400589101,0.0073637702503681875,0.0,0.004418262150220914,0.0014727540500736377,0.0029455081001472753,0.26,0.3402061855670103,0.4448160535117056,0.785022239,0.266260163,12.812960235640649,10.014727540500736,433,495,100,0.2383838383838384,0.72,0.28,0.0,0.03636363636363636,0.1292929292929293,0.12525252525252525,0.10303030303030303,0.006060606060606061,0.1414141414141414,0.01818181818181818,0.00404040404040404,0.0,0.00202020202020202,0.00202020202020202,0.0,0.273,0.36,0.462,0.821,0.288,14.099999999999998,10.3
46,48,Bo Bichette,TOR,144,583.6468699839487,628.0,145.15569823434993,0.26003210272873195,0.7708333333333333,0.2222222222222222,0.013888888888888888,0.028892455858747994,0.12841091492776888,0.11878009630818621,0.05778491171749599,0.0016051364365971107,0.19101123595505617,0.006420545746388443,0.004815409309791333,0.0016051364365971107,0.01605136436597111,0.004815409309791333,0.011235955056179777,0.28,0.3247588424437299,0.4369602763385147,0.7617191187822445,0.3235955056179775,19.101123595505616,5.778491171749598,582,628,163,0.28821656050955413,0.7239263803680982,0.26993865030674846,0.006134969325153374,0.028662420382165606,0.12420382165605096,0.14968152866242038,0.06369426751592357,0.0031847133757961785,0.1449044585987261,0.004777070063694267,0.004777070063694267,0.0,0.006369426751592357,0.004777070063694267,0.0015923566878980893,0.311,0.357,0.483,0.84,0.342,14.499999999999998,6.4
47,49,Mike Trout,LAA,120,478.7181467181467,556.0,92.3088803088803,0.22007722007722005,0.7209302325581397,0.24418604651162792,0.034883720930232565,0.05405405405405406,0.14864864864864866,0.14092664092664092,0.11776061776061778,0.009652509652509654,0.26833976833976836,0.013513513513513514,0.003861003861003861,0.0019305019305019305,0.01737451737451737,0.003861003861003861,0.013513513513513514,0.255,0.3527131782945736,0.5044843049327354,0.857197483,0.3060498220640569,26.83397683397683,11.776061776061775,456,556,80,0.1906474820143885,0.8125,0.175,0.0125,0.046762589928057555,0.13129496402877697,0.11510791366906475,0.1564748201438849,0.017985611510791366,0.32014388489208634,0.01079136690647482,0.01079136690647482,0.0,0.0035971223021582736,0.0,0.0035971223021582736,0.232,0.359,0.439,0.797,0.31,32.0,15.6
48,50,Jordan Westburg,BAL,133,320.7247386759582,352.0,71.13588849763066,0.23693379789772726,0.7155172414206656,0.2586206896701201,0.03448275862268268,0.03484320557491289,0.12717770034843204,0.13588850174216027,0.06794425087108014,0.0,0.22648083623693377,0.013937282229965155,0.005226480836236934,0.0017421602787456444,0.013937282229965155,0.0034843205574912883,0.010452961672473868,0.26,0.3193717277486911,0.4493307839388145,0.7687025116875057,0.3085106382978723,22.64808362369338,6.794425087108014,328,352,70,0.2471590909090909,0.8428571428571429,0.14285714285714285,0.014285714285714285,0.048295454545454544,0.16761363636363635,0.11647727272727272,0.048295454545454544,0.0,0.22727272727272727,0.017045454545454544,0.002840909090909091,0.0,0.002840909090909091,0.005681818181818182,-0.002840909090909091,0.265,0.313,0.457,0.77,0.302,22.7,4.8
49,51,Francisco Alvarez,NYM,123,245.78073770491807,277.0,44.8422131147541,0.20696721311475413,0.759493670886076,0.2278481012658228,0.012658227848101266,0.04508196721311476,0.12090163934426229,0.13934426229508198,0.09221311475409837,0.0,0.24385245902527075,0.010245901639344262,0.006147540983606557,0.0020491803278688526,0.004098360655737705,0.0020491803278688526,0.0020491803278688526,0.234,0.3106995884773662,0.4318706697459584,0.7425702582233247,0.2677966101694915,24.385245901639344,9.221311475409836,246,277,52,0.22743682310469315,0.75,0.23076923076923078,0.019230769230769232,0.039711191335740074,0.11552346570397112,0.11552346570397112,0.09747292418772563,0.0,0.26353790613718414,0.01444043321299639,0.0,0.0,0.0,0.0,0.0,0.256,0.339,0.447,0.787,0.321,26.4,9.7
50,52,Matt McLain,CIN,138,507.1781512605042,577.0,108.61176470588236,0.22689075630252103,0.7053571428571428,0.2589285714285714,0.035714285714285705,0.03865546218487395,0.13781512605042015,0.13277310924369748,0.09915966386554621,0.0016806722689075631,0.2621848739495798,0.015126050420168066,0.0050420168067226885,0.0016806722689075631,0.03025210084033613,0.010084033613445377,0.020168067226890754,0.257,0.3417508417508417,0.4608030592734226,0.8025539010242644,0.3227665706051873,26.218487394957982,9.915966386554622,510,577,97,0.19410745233968804,0.8144329896907216,0.18556701030927836,0.0,0.025996533795493933,0.1265164644714038,0.08665511265164645,0.09532062391681109,0.0,0.28942807625649913,0.008665511265164644,0.006932409012131715,0.005199306759098787,0.03119584055459272,0.0034662045060658577,0.02772963604852686,0.22,0.3,0.343,0.643,0.292,28.9,9.5
51,53,Zach Neto,LAA,130,494.6428571428572,554.0,103.875,0.225,0.7142857142857143,0.2761904761904762,0.009523809523809525,0.0375,0.12857142857142856,0.12857142857142856,0.06964285714285715,0.0017857142857142859,0.22142857142857145,0.028571428571428574,0.005357142857142857,0.0035714285714285718,0.04107142857142857,0.0125,0.028571428571428574,0.252,0.3243727598566308,0.44,0.7643727598566308,0.2932960893854748,22.142857142857142,6.964285714285714,502,554,103,0.2328519855595668,0.7087378640776699,0.2815533980582524,0.009708737864077669,0.04693140794223827,0.148014440433213,0.11191335740072202,0.05956678700361011,0.010830324909747292,0.26895306859205775,0.02527075812274368,0.005415162454873646,0.0036101083032490976,0.04693140794223827,0.016245487364620937,0.030685920577617327,0.257,0.319,0.474,0.793,0.312,26.899999999999995,6.0
52,54,Mark Vientos,NYM,154,419.1368421052632,463.0,82.1563909774436,0.2255639097744361,0.7457627118644069,0.23728813559322037,0.01694915254237288,0.04812030075187971,0.12330827067669173,0.15037593984962405,0.07819548872180451,0.0015037593984962407,0.29172932330827067,0.009022556390977446,0.007518796992481203,0.0015037593984962407,0.0015037593984962407,0.0,0.0015037593984962407,0.249,0.312781954887218,0.4617940199335548,0.7745759748207729,0.3097112860892388,29.172932330827063,7.819548872180452,424,463,82,0.21382289416846653,0.7195121951219512,0.25609756097560976,0.024390243902439025,0.0367170626349892,0.09503239740820735,0.13174946004319654,0.06479481641468683,0.0,0.24838012958963282,0.01079913606911447,0.008639308855291577,0.0,0.0021598272138228943,0.0,0.0021598272138228943,0.233,0.289,0.413,0.702,0.277,24.8,6.5
53,55,Masyn Winn,STL,154,490.1639097744361,537.0,113.86015037593987,0.2360902255639098,0.7446808510638296,0.21985815602836875,0.035460992907801414,0.02406015037593985,0.13233082706766916,0.10526315789473685,0.0706766917293233,0.0015037593984962405,0.1744360902255639,0.006015037593984962,0.0075187969924812035,0.004511278195488721,0.021052631578947364,0.006015037593984962,0.015037593984962407,0.258,0.3137254901960784,0.4052718286655684,0.7189973188616468,0.29375,17.44360902255639,7.067669172932331,491,537,115,0.2309124767225326,0.7652173913043478,0.23478260869565218,0.0,0.01675977653631285,0.1340782122905028,0.09497206703910614,0.0633147113594041,0.0,0.18994413407821228,0.0148975791433892,0.0037243947858473,0.0037243947858473,0.01675977653631285,0.00931098696461825,0.0074487895716946,0.253,0.31,0.363,0.673,0.301,19.0,6.3
54,56,Nico Hoerner,CHC,130,589.8946428571429,649.0,152.97857142857143,0.25,0.7803030303030304,0.20454545454545456,0.015151515151515154,0.014285714285714287,0.11964285714285715,0.09642857142857143,0.06785714285714287,0.0017857142857142859,0.11071428571428571,0.016071428571428573,0.005357142857142857,0.0017857142857142859,0.04642857142857143,0.00892857142857143,0.0375,0.276,0.334525939,0.3831041257367387,0.7176300649138407,0.2986425339366516,11.071428571428571,6.785714285714286,599,649,171,0.27426810477657937,0.8070175438596491,0.1695906432748538,0.023391812865497075,0.01078582434514638,0.13713405238828968,0.09399075500770417,0.060092449922958396,0.0015408320493066256,0.07550077041602465,0.01078582434514638,0.0061633281972265025,0.0,0.04468412942989214,0.009244992295839754,0.03543913713405239,0.297,0.345,0.394,0.739,0.313,7.6,6.0
55,57,Jacob Wilson,ATH,128,479.4954792,523.0,128.62206148282092,0.26220614828209754,0.7279411764705885,0.2500000000000001,0.022058823529411773,0.0162748643761302,0.12839059674502712,0.10669077757685352,0.05786618444846293,0.0,0.09945750452079566,0.012658227848101266,0.007233273056057866,0.0054249547920434,0.007233273056057866,0.003616636528028933,0.003616636528028933,0.287,0.3345454545454545,0.4181459566074951,0.7526914111529497,0.3042505592841163,9.945750452079563,5.786618444846293,486,523,138,0.2887189292543021,0.8115942028985508,0.18840579710144928,0.0,0.0248565965583174,0.11854684512428298,0.12045889101338432,0.05162523900573614,0.0019120458891013384,0.0745697896749522,0.01338432122370937,0.0019120458891013384,0.0038240917782026767,0.009560229445506692,0.0038240917782026767,0.0057361376673040155,0.311,0.355,0.444,0.8,0.317,7.5,5.2
56,58,Austin Wells,NYY,120,394.24,448.0,74.50947368421052,0.20210526315789473,0.7215189873417722,0.2658227848101266,0.012658227848101266,0.035789473684210524,0.11789473684210525,0.12,0.09894736842105263,0.0,0.23578947368421055,0.01263157894736842,0.008421052631578945,0.0021052631578947364,0.010526315790178572,0.0021052631578947364,0.008421052631578945,0.23,0.3136842105263158,0.4066985645933014,0.7203827751196172,0.2696245733788396,23.57894736842105,9.894736842105264,401,448,67,0.19642857142857142,0.6567164179104478,0.3283582089552239,0.014925373134328358,0.046875,0.11383928571428571,0.15848214285714285,0.06696428571428571,0.0,0.26339285714285715,0.011160714285714286,0.024553571428571428,0.0,0.011160714285714286,0.002232142857142857,0.008928571428571428,0.219,0.275,0.436,0.712,0.245,26.3,6.7
57,59,Jarren Duran,BOS,152,631.4772036474164,696.0,147.0273556231003,0.2386018237082067,0.6546762589928057,0.28057553956834536,0.06474820143884892,0.027355623100303955,0.14133738601823706,0.11246200607902736,0.07598784194528875,0.0015197568389057755,0.22796352583586627,0.009118541033434652,0.004559270516717326,0.00303951367781155,0.04255319148936171,0.009118541033434652,0.033434650455927056,0.263,0.3246951219512195,0.4489112227805695,0.773606345,0.3217592592592592,22.796352583586625,7.598784194528875,620,696,143,0.22844827586206898,0.6223776223776224,0.2867132867132867,0.09090909090909091,0.022988505747126436,0.1235632183908046,0.1206896551724138,0.08620689655172414,0.0014367816091954023,0.24281609195402298,0.017241379310344827,0.004310344827586207,0.0014367816091954023,0.034482758620689655,0.008620689655172414,0.02586206896551724,0.256,0.332,0.442,0.774,0.326,24.3,8.6
58,60,Jeremy Pena,HOU,157,501.4153166421208,543.0,115.95729013254787,0.24005891016200295,0.7793103448275864,0.20689655172413796,0.013793103448275862,0.026509572901325478,0.1163475699558174,0.11192930780559647,0.053019145802650956,0.0014727540500736379,0.18851251840942565,0.016200294550810016,0.0058910162002945516,0.0029455081001472758,0.025036818851251846,0.008836524300441828,0.016200294550810016,0.26,0.3097345132743362,0.4003189792663477,0.710053493,0.2989690721649484,18.851251840942563,5.3019145802650955,493,543,133,0.27624309392265195,0.7593984962406015,0.22556390977443608,0.015037593984962405,0.03130755064456722,0.1252302025782689,0.1141804788213628,0.06445672191528545,0.003683241252302026,0.1712707182320442,0.022099447513812154,0.003683241252302026,0.001841620626151013,0.03683241252302026,0.003683241252302026,0.03314917127071823,0.304,0.363,0.477,0.84,0.345,17.1,6.4
59,61,Oneil Cruz,PIT,146,487.8730158730159,544.0,101.8920634920635,0.2285714285714286,0.7118644067796609,0.2542372881355932,0.03389830508474576,0.041269841269841276,0.13174603174603175,0.13650793650793652,0.08888888888888889,0.006349206349206349,0.28730158730158734,0.006349206349206349,0.006349206349206349,0.0,0.03174603174603175,0.006349206349206349,0.025396825396825397,0.255,0.3243243243243243,0.4601769911504424,0.7845013154747669,0.3259668508287293,28.730158730158728,8.888888889,471,544,74,0.17279411764705882,0.7162162162162162,0.24324324324324326,0.04054054054054054,0.03676470588235294,0.11397058823529412,0.11213235294117647,0.11764705882352941,0.007352941176470588,0.31985294117647056,0.007352941176470588,0.009191176470588236,0.0,0.06985294117647059,0.009191176470588236,0.06066176470588235,0.2,0.298,0.378,0.676,0.262,32.0,11.8
60,62,Lawrence Butler,ATH,149,572.2826086956521,630.0,119.34782608695653,0.2298136645962733,0.7377049180327868,0.23770491803278687,0.02459016393442623,0.040372670807453416,0.13509316770186336,0.12422360248447205,0.07919254658385093,0.0015527950310559007,0.23913043478260868,0.0031055900621118015,0.006211180124223603,0.0015527950310559007,0.031055900621118012,0.004658385093167702,0.02639751552795031,0.253,0.3130841121495327,0.4461538461538462,0.7592379583033788,0.2982885085574572,23.91304347826087,7.919254658385093,569,630,112,0.2111111111111111,0.7142857142857143,0.26785714285714285,0.017857142857142856,0.03333333333333333,0.13174603174603175,0.1,0.09365079365079365,0.0,0.2841269841269841,0.0,0.0,0.0031746031746031746,0.03492063492063492,0.011111111111111112,0.023809523809523808,0.234,0.306,0.404,0.71,0.304,28.4,9.4
61,63,Junior Caminero,TBR,141,602.6042692939244,653.0,129.74220032840722,0.2413793103448276,0.7851239669421488,0.1983471074380165,0.01652892561983471,0.04269293924466338,0.11986863711001641,0.1444991789819376,0.06403940886699507,0.003284072249589491,0.21510673234811165,0.008210180623973728,0.004926108374384236,0.0,0.006568144499178982,0.003284072249589491,0.003284072249589491,0.261,0.3136288998357964,0.4501779359430605,0.7638068357788569,0.2965686274509804,21.510673234811165,6.403940886699508,602,653,114,0.2434915773353752,0.7543859649122807,0.24561403508771928,0.0,0.06891271056661562,0.14241960183767227,0.16845329249617153,0.06278713629402756,0.0015313935681470138,0.19142419601837674,0.004594180704441042,0.010719754977029096,0.0,0.010719754977029096,0.0015313935681470138,0.009188361408882083,0.264,0.311,0.535,0.846,0.26,19.1,6.3
62,64,Brandon Lowe,TBR,123,489.5921052631579,553.0,91.47368421052632,0.212406015037594,0.7272727272727273,0.25,0.022727272727272728,0.04699248120300752,0.13533834586466165,0.13909774436090225,0.09398496240601503,0.0018796992481203009,0.2575187969924812,0.013157894736842105,0.005639097744360902,0.0018796992481203009,0.011278195488721804,0.0018796992481203009,0.009398496240601505,0.24,0.320150659,0.4543524416135881,0.7745031007472981,0.282051282051282,25.75187969924812,9.398496240601505,507,553,99,0.23508137432188064,0.8080808080808081,0.1919191919191919,0.0,0.05605786618444846,0.14285714285714285,0.15009041591320071,0.06871609403254973,0.0018083182640144665,0.2694394213381555,0.003616636528028933,0.0108499095840868,0.0,0.0054249547920434,0.003616636528028933,0.0018083182640144665,0.256,0.307,0.477,0.785,0.297,26.899999999999995,6.9
63,65,Matt Olson,ATL,159,625.8483965014577,724.0000000000001,121.37026239067055,0.217201166180758,0.7130434782608698,0.27826086956521745,0.008695652173913045,0.049562682215743434,0.13411078717201164,0.15160349854227403,0.11807580174927114,0.008746355685131194,0.23760932944606414,0.008746355685131194,0.007288629737609329,0.0,0.0014577259475218659,0.0,0.0014577259475218659,0.252,0.3445255474452555,0.4806070826306914,0.82513263,0.286783042,23.760932944606413,11.807580174927114,624,724,141,0.23480662983425415,0.6950354609929078,0.2907801418439716,0.014184397163120567,0.04005524861878453,0.13535911602209943,0.13121546961325967,0.12569060773480664,0.0027624309392265192,0.2430939226519337,0.0055248618784530384,0.006906077348066298,0.0,0.0013812154696132596,0.0,0.0013812154696132596,0.272,0.366,0.484,0.85,0.333,24.3,12.6
64,66,Will Smith,LAD,126,377.6926147704591,436.0,78.32335329341318,0.21756487025948104,0.7444444444444445,0.23333333333333334,0.022222222222222223,0.03792415169660678,0.12974051896207586,0.13173652694610777,0.10179640718562875,0.007984031936127744,0.17964071856287425,0.019960079840319365,0.011976047904191617,0.0,0.003992015968063872,0.0,0.003992015968063872,0.251,0.3393213572854291,0.4400921658986175,0.7794135231840467,0.2719033232628399,17.964071856287426,10.179640718562874,362,436,90,0.24541284403669725,0.7666666666666667,0.2222222222222222,0.011111111111111112,0.0389908256880734,0.14678899082568808,0.13990825688073394,0.14678899082568808,0.0022935779816513763,0.20412844036697247,0.011467889908256881,0.011467889908256881,0.0,0.0045871559633027525,0.006880733944954129,-0.0022935779816513763,0.296,0.404,0.497,0.901,0.345,20.4,14.7
65,67,Royce Lewis,MIN,133,363.6829268292683,403.0,72.31533101045298,0.2247386759581882,0.7378640776699028,0.25242718446601936,0.009708737864077667,0.045296167247386755,0.13066202090592335,0.14634146341463414,0.0818815331010453,0.003484320557491289,0.23867595818815335,0.006968641114982578,0.006968641114982578,0.0,0.012195121951219513,0.003484320557491289,0.008710801393728223,0.249,0.3141361256544502,0.4536679536679536,0.7678040793224039,0.2869080779944289,23.86759581881533,8.188153310104529,376,403,76,0.22084367245657568,0.7631578947368421,0.23684210526315788,0.0,0.03225806451612903,0.08933002481389578,0.12903225806451613,0.062034739454094295,0.0,0.19851116625310175,0.0,0.004962779156327543,0.0,0.02977667493796526,0.004962779156327543,0.02481389578163772,0.237,0.283,0.388,0.671,0.267,19.9,6.2
66,68,Nolan Arenado,STL,152,396.9057750759879,436.0,88.790273556231,0.23708206686930092,0.7686567164179106,0.23134328358208958,0.007462686569834315,0.03343465045592705,0.10942249240825687,0.13221884498480244,0.07142857142857142,0.004559270516717326,0.15045592705167174,0.009118541033434652,0.009118541033434652,0.0,0.004559270516717326,0.00303951367781155,0.0015197568394495413,0.26,0.3176291793313069,0.4273789649415693,0.7450081442728762,0.2768595041322314,15.045592705167174,7.142857142857142,401,436,83,0.21788990825688073,0.7710843373493976,0.21686746987951808,0.012048192771084338,0.027522935779816515,0.11009174311926606,0.11926605504587157,0.06422018348623854,0.009174311926605505,0.11238532110091744,0.006880733944954129,0.009174311926605505,0.0,0.006880733944954129,0.0,0.006880733944954129,0.237,0.289,0.377,0.666,0.241,11.2,6.4
67,69,Ozzie Albies,ATL,152,609.2203647416413,667.0,136.8465045343465,0.24012158050974514,0.7259259260581395,0.2592592593064784,0.02222222222626958,0.034954407294832825,0.13069908814589665,0.13221884498480244,0.0668693009118541,0.001519756838905775,0.15957446808510636,0.010638297872340425,0.00911854103343465,0.001519756838905775,0.018237082066869303,0.004559270516717325,0.013677811550151976,0.263,0.3176291793313069,0.4475873544093178,0.7652165337406247,0.2818371607515658,15.95744680851064,6.686930091,603,667,129,0.21739130434782608,0.8062015503875969,0.17829457364341086,0.015503875968992248,0.0239880059970015,0.11094452773613193,0.11094452773613193,0.08245877061469266,0.0029985007496251873,0.1409295352323838,0.005997001499250375,0.0074962518740629685,0.0,0.020989505247376312,0.004497751124437781,0.01649175412293853,0.24,0.306,0.365,0.671,0.259,14.099999999999998,8.2
68,70,Yandy Diaz,TBR,151,574.0,651.0,148.0,0.2534562211981567,0.7837837837837838,0.21621621621621623,0.0,0.026113671274961597,0.1259600614439324,0.10906298003072197,0.10138248847926268,0.0015360983102918587,0.1490015360983103,0.009216589861751152,0.006144393241167435,0.0015360983102918587,0.0015360983102918587,0.0015360983102918587,0.0,0.288,0.3646153846153846,0.4320557491289198,0.7966711337443044,0.3189655172413793,14.90015360983103,10.138248847926269,583,651,150,0.26881720430107525,0.8,0.19333333333333333,0.006666666666666667,0.03840245775729647,0.12135176651305683,0.12749615975422426,0.08755760368663594,0.006144393241167435,0.141321044546851,0.009216589861751152,0.007680491551459293,0.0,0.004608294930875576,0.0015360983102918587,0.0030721966205837174,0.3,0.366,0.482,0.848,0.318,14.099999999999998,8.8
69,71,Ezequiel Tovar,COL,159,366.6909620991254,390.0,82.43440233236149,0.24635568513119527,0.696551724102918,0.2689655172413794,0.027586206896551734,0.034985422740524776,0.12099125364102564,0.12973760932944606,0.042274052478134115,0.0014577259475218659,0.2594752186588921,0.007288629737609329,0.0058309037900874635,0.0029154518950437317,0.013119533527696792,0.0058309037900874635,0.007288629737609329,0.261,0.2972181551976574,0.4449612403100775,0.7421793955077349,0.3243847874720358,25.94752186588921,4.227405247813411,360,390,82,0.23333333333333334,0.7317073170731707,0.21951219512195122,0.04878048780487805,0.023076923076923078,0.11282051282051282,0.08461538461538462,0.05384615384615385,0.0,0.2512820512820513,0.002564102564102564,0.005128205128205128,0.015384615384615385,0.01282051282051282,0.007692307692307693,0.005128205128205128,0.253,0.294,0.4,0.694,0.322,25.1,5.4
70,72,Christian Walker,HOU,149,561.4906832298136,640.0,102.36024844720497,0.2080745341614907,0.7281553398058253,0.2621359223300971,0.00970873786407767,0.04813664596273292,0.12732919254658387,0.14906832298136644,0.09937888198757763,0.006211180124223602,0.2329192546583851,0.013975155279503104,0.009316770186335404,0.0,0.007763975155279502,0.0015527950310559005,0.006211180124223602,0.237,0.3214285714285714,0.4530973451327433,0.7745259165613148,0.2641025641025641,23.29192546583851,9.937888198757763,585,640,112,0.2171875,0.7767857142857143,0.21428571428571427,0.008928571428571428,0.0421875,0.1125,0.1375,0.0625,0.0015625,0.2765625,0.0171875,0.00625,0.0,0.003125,0.0015625,0.0015625,0.238,0.297,0.421,0.717,0.291,27.699999999999996,6.3
71,73,Jung Hoo Lee,SFG,143,562.9123376623377,617.0,150.2435064935065,0.26136363636363635,0.7600000000000001,0.21333333333333335,0.02666666666666667,0.017857142857142856,0.1103896103896104,0.11201298701298702,0.07305194805194805,0.004870129870340357,0.08603896103896104,0.008116883116883116,0.004870129870340357,0.003246753246753247,0.009740259740680714,0.009740259740680714,0.0,0.287,0.3430894308943089,0.4163701067615658,0.7594595376558748,0.2994011976047904,8.603896103896105,7.305194805194805,560,617,141,0.24149108589951376,0.6950354609929078,0.2198581560283688,0.0851063829787234,0.012965964343598054,0.11831442463533225,0.08914100486223663,0.07617504051863858,0.0,0.11507293354943274,0.009724473257698542,0.006482982171799027,0.0,0.01620745542949757,0.004862236628849271,0.011345218800648298,0.266,0.327,0.407,0.735,0.291,11.5,7.6
72,74,Ian Happ,CHC,156,573.21875,663.0,118.39285714285715,0.21279761904761907,0.7083333333333334,0.27499999999999997,0.016666666666666663,0.03422619047619048,0.13095238095238096,0.11904761904761905,0.11755952380952382,0.002976190476190476,0.24107142857142858,0.010416666666666666,0.005952380952380952,0.001488095238095238,0.01785714285714286,0.004464285714285715,0.013392857142857144,0.247,0.3412816691505216,0.4285714285714285,0.7698530977219502,0.3,24.107142857142858,11.75595238095238,569,663,115,0.2081447963800905,0.7217391304347827,0.2782608695652174,0.0,0.03469079939668175,0.13122171945701358,0.1191553544494721,0.13122171945701358,0.0030165912518853697,0.2277526395173454,0.0030165912518853697,0.007541478129713424,0.0,0.00904977375565611,0.004524886877828055,0.004524886877828055,0.243,0.342,0.42,0.762,0.288,22.8,13.1
73,75,Anthony Santander,TOR,156,197.97916666666663,221.0,37.16220238095238,0.22172619047619047,0.6991150442477877,0.2831858407079646,0.008849557522123894,0.05357142857142857,0.12797619047619047,0.15327380952380953,0.08482142857142858,0.002976190476190476,0.2068452380952381,0.011904761904761904,0.00744047619047619,0.0,0.002976190476190476,0.001488095238095238,0.001488095238095238,0.247,0.3184523809523809,0.4817275747508305,0.8001799557032114,0.261574074074074,20.684523809523807,8.482142857142858,194,221,28,0.15384615384615385,0.8214285714285714,0.17857142857142858,0.0,0.027149321266968326,0.07239819004524888,0.08144796380090498,0.11312217194570136,0.004524886877828055,0.27601809954751133,0.004524886877828055,0.004524886877828055,0.0,0.0,0.0,0.0,0.175,0.271,0.294,0.565,0.219,27.6,11.3
74,76,J.P. Crawford,SEA,141,564.8669950738916,654.0,122.42364532019705,0.20689655172413796,0.7631578947368421,0.2280701754385965,0.008771929824561403,0.019704433497536946,0.11658456486042694,0.09031198686371099,0.11658456486042694,0.0,0.1986863711001642,0.011494252873563218,0.006568144499178982,0.003284072249589491,0.008210180623973728,0.0016420361247947454,0.006568144499178982,0.24,0.3355263157894737,0.3612167300380228,0.6967430458274965,0.2871536523929471,19.868637110016422,11.658456486042692,570,654,139,0.2308868501529052,0.8273381294964028,0.17266187050359713,0.0,0.01834862385321101,0.10550458715596331,0.08868501529051988,0.11314984709480122,0.0015290519877675841,0.18654434250764526,0.0045871559633027525,0.0015290519877675841,0.009174311926605505,0.012232415902140673,0.0015290519877675841,0.010703363914373088,0.265,0.352,0.37,0.722,0.318,18.7,11.3
75,77,Colton Cowser,BAL,130,313.7142857142857,360.0,64.28571428571429,0.2142857142857143,0.76,0.22999999999999998,0.02,0.03571428571428571,0.13392857142857142,0.1267857142857143,0.10535714285714286,0.0035714285714285718,0.29107142857142854,0.014285714285714287,0.0071428571428571435,0.0017857142857142859,0.014285714285714287,0.005357142857142858,0.008928571428571428,0.246,0.334525939,0.4262295081967213,0.7607554473738233,0.3236245954692556,29.107142857142858,10.535714285714286,327,360,48,0.17777777777777778,0.7083333333333334,0.2916666666666667,0.0,0.044444444444444446,0.1,0.1111111111111111,0.075,0.002777777777777778,0.35555555555555557,0.016666666666666666,0.0,0.0,0.03888888888888889,0.0,0.03888888888888889,0.196,0.269,0.385,0.655,0.262,35.6,7.5
76,78,Jackson Chourio,MIL,149,540.5263975,589.0,122.55590062111803,0.24534161490683232,0.753731343283582,0.22388059701492535,0.022388059701492536,0.037267080745341616,0.13664596273291926,0.13043478260869568,0.06832298136645963,0.004658385093167702,0.20496894409937888,0.006211180124223603,0.006211180124223603,0.0031055900621118015,0.04192546583850931,0.012422360248447206,0.02950310559006211,0.268,0.3203732503888025,0.4500846023688663,0.7704578527576689,0.3052391799544419,20.496894409937887,6.832298136645963,549,589,127,0.25127334465195245,0.6929133858267716,0.2755905511811024,0.031496062992125984,0.035653650254668934,0.1494057724957555,0.13242784380305603,0.050933786078098474,0.001697792869269949,0.20543293718166383,0.0050933786078098476,0.010186757215619695,0.001697792869269949,0.035653650254668934,0.011884550084889643,0.023769100169779286,0.27,0.308,0.463,0.77,0.308,20.5,5.1
77,79,James Wood,WSN,139,603.1611295681063,689.0,133.90863787375417,0.22923588039867113,0.7264957264957266,0.24786324786324782,0.034188034188034185,0.03488372093023256,0.13122923588039867,0.12790697674418605,0.11295681063122923,0.0033222591362126247,0.26744186046511625,0.006644518272425249,0.0049833887043189366,0.0,0.02990033222591362,0.009966777408637873,0.019933554817275746,0.263,0.3488372093023256,0.4535104364326375,0.8023476457349632,0.3362068965517241,26.744186046511626,11.295681063122924,598,689,122,0.2220609579100145,0.6885245901639344,0.3114754098360656,0.0,0.04499274310595065,0.1262699564586357,0.13642960812772134,0.12336719883889695,0.011611030478955007,0.32075471698113206,0.0043541364296081275,0.0043541364296081275,0.0,0.02177068214804064,0.010159651669085631,0.011611030478955007,0.256,0.35,0.475,0.825,0.35,32.1,12.3
78,80,Jose Altuve,HOU,152,589.3951367781156,654.0,138.1550151975684,0.24316109422492402,0.7697841726618705,0.22302158273381295,0.0,0.03191489361702128,0.14285714285714288,0.1094224924012158,0.08206686930091185,0.00303951367781155,0.1717325227963526,0.010638297872340427,0.004559270516717326,0.0015197568394495413,0.02583586626139818,0.007598784194528876,0.018237082066869303,0.269,0.3363774733637747,0.4266441821247892,0.7630216554885639,0.3008658008658009,17.17325227963526,8.206686930091186,588,654,130,0.23853211009174313,0.8076923076923077,0.18461538461538463,0.007692307692307693,0.039755351681957186,0.12232415902140673,0.11773700305810397,0.08409785932721713,0.00764525993883792,0.16666666666666666,0.0061162079510703364,0.009174311926605505,0.0015290519877675841,0.01529051987767584,0.009174311926605505,0.0061162079510703364,0.265,0.329,0.442,0.771,0.283,16.7,8.4
79,81,Gleyber Torres,DET,152,556.4194529,628.0,126.93617021276594,0.22948328267477203,0.781954887218045,0.2180451127819549,0.007518796992481204,0.02735562310030395,0.12006079027070063,0.0972644376899696,0.0972644376899696,0.0,0.17781155015197567,0.0060790273556231,0.007598784194528876,0.0030395136778115506,0.013677811550151976,0.004559270515923567,0.009118541033439492,0.259,0.3338414634146341,0.4065180102915952,0.7403594737062293,0.293598234,17.78115501519757,9.726443769,532,628,120,0.21656050955414013,0.8166666666666667,0.18333333333333332,0.0,0.025477707006369428,0.12579617834394904,0.1178343949044586,0.13535031847133758,0.0,0.160828025477707,0.006369426751592357,0.011146496815286623,0.0,0.006369426751592357,0.0015923566878980893,0.004777070063694267,0.256,0.358,0.387,0.745,0.284,16.1,13.5
80,82,Xavier Edwards,MIA,136,550.5731292517007,619.0,151.59183673469389,0.2534013605442177,0.8125,0.16666666666666666,0.027777777777777776,0.008503401360544218,0.12244897959183675,0.08163265306122448,0.09183673470113086,0.0017006802721088435,0.13945578231292516,0.003401360544217687,0.006802721088435374,0.008503401360544218,0.05442176870748299,0.011904761904761904,0.04251700680272109,0.285,0.3516295025728988,0.3766730401529636,0.7283025427258625,0.3272727272727272,13.945578231292515,9.183673469387756,561,619,156,0.2568659127625202,0.8397435897435898,0.1282051282051282,0.03205128205128205,0.004846526655896607,0.12116316639741519,0.06946688206785137,0.0791599353796446,0.0032310177705977385,0.1421647819063005,0.004846526655896607,0.004846526655896607,0.004846526655896607,0.04361873990306947,0.011308562197092083,0.03231017770597738,0.283,0.343,0.353,0.695,0.33,14.2,7.9
81,83,Brandon Nimmo,NYM,134,563.3459552495697,652.0,122.32013769363168,0.21686746987951808,0.7522935779816514,0.22018348620124384,0.027522935779816512,0.029259896729776243,0.13080895008605853,0.11531841652323581,0.11187607573149741,0.0,0.22030981067125646,0.017211703958691912,0.005163511187607573,0.0017211703958691911,0.013769363167177914,0.0034423407917383822,0.010327022375215145,0.252,0.346551724137931,0.4123505976095618,0.7589023217474928,0.3027777777777777,22.030981067125648,11.187607573149744,587,652,129,0.2361963190184049,0.7906976744186046,0.20930232558139536,0.0,0.03834355828220859,0.12423312883435583,0.1411042944785276,0.07668711656441718,0.0015337423312883436,0.21625766871165644,0.010736196319018405,0.010736196319018405,0.0015337423312883436,0.019938650306748466,0.0015337423312883436,0.018404907975460124,0.262,0.324,0.436,0.76,0.301,21.6,7.7
82,84,Yainer Diaz,HOU,143,532.4268292682926,567.0,128.41463414634146,0.26306620209059234,0.776923076923077,0.21538461538461537,0.015384615384615385,0.036585365853658534,0.11846689895470383,0.14111498257839722,0.04355400696864112,0.0017421602787456444,0.17770034843205573,0.006968641114982578,0.008710801393728224,0.0,0.0017421602787456444,0.0,0.0017421602787456444,0.28,0.3141361256544502,0.4582560296846011,0.7723921553390514,0.3087885985748218,17.770034843205575,4.355400696864112,542,567,119,0.24514991181657847,0.7815126050420168,0.21008403361344538,0.008403361344537815,0.03527336860670194,0.09876543209876543,0.12345679012345678,0.03527336860670194,0.003527336860670194,0.1675485008818342,0.003527336860670194,0.005291005291005291,0.0,0.001763668430335097,0.001763668430335097,0.0,0.256,0.284,0.417,0.701,0.277,16.8,3.5000000000000004
83,85,Luis Robert Jr.,CHW,151,397.2350230414746,431.0,80.10906298003071,0.22734254992319508,0.7355371900826447,0.256198347107438,0.0,0.041474654377880185,0.1259600614439324,0.12903225806451613,0.059907834101382486,0.006144393241167435,0.2857142857142857,0.013824884792626727,0.006144393241167435,0.0015360983102918587,0.039938556067588324,0.009216589861751152,0.03072196620583717,0.246,0.3006134969325153,0.4316666666666666,0.732280164,0.309462916,28.57142857142857,5.990783410138248,382,431,71,0.19721577726218098,0.8309859154929577,0.16901408450704225,0.0,0.03248259860788863,0.12064965197215777,0.12296983758700696,0.09280742459396751,0.0069605568445475635,0.25986078886310904,0.004640371229698376,0.0069605568445475635,0.002320185614849188,0.0765661252900232,0.018561484918793503,0.058004640371229696,0.223,0.297,0.364,0.661,0.274,26.0,9.3
84,86,JJ Bleday,ATH,152,299.5623100303951,344.0,55.41641337386017,0.19756838905775073,0.6792452830188681,0.30188679245283023,0.028301886792452834,0.0364741641337386,0.12006079027355622,0.11702127659574467,0.11702127659574467,0.001519756838905775,0.21428571428571427,0.0060790273556231,0.004559270516717325,0.001519756838905775,0.007598784194528876,0.00303951367781155,0.004559270516717325,0.228,0.3211567732115677,0.4205933682373473,0.7417501414489149,0.2579075425790754,21.428571428571427,11.702127659574469,307,344,51,0.18895348837209303,0.6666666666666666,0.3333333333333333,0.0,0.040697674418604654,0.13953488372093023,0.11337209302325581,0.10465116279069768,0.005813953488372093,0.26453488372093026,0.0,0.0029069767441860465,0.0,0.0029069767441860465,0.005813953488372093,-0.0029069767441860465,0.212,0.294,0.404,0.698,0.251,26.5,10.5
85,87,Lars Nootbaar,STL,125,497.5510204081633,583.0,104.9183673469388,0.2133580705009277,0.7216494845360825,0.24742268041237112,0.03092783505154639,0.03339517625231911,0.13358070500927643,0.1150278293135436,0.13172541743970317,0.003710575139146568,0.20408163265306123,0.003710575139146568,0.00927643784786642,0.001855287569573284,0.016697588126929674,0.005565862708719852,0.011131725417439705,0.249,0.3494423791821561,0.4326086956521739,0.7820510748343301,0.2878338278931751,20.40816326530612,13.172541743970315,509,583,106,0.20411663807890223,0.7641509433962265,0.22641509433962265,0.009433962264150943,0.022298456260720412,0.11663807890222985,0.0823327615780446,0.1097770154373928,0.005145797598627788,0.20411663807890223,0.010291595197255575,0.005145797598627788,0.0017152658662092624,0.00686106346483705,0.008576329331046312,-0.0017152658662092624,0.234,0.325,0.361,0.686,0.279,20.4,11.0
86,88,Cody Bellinger,NYY,141,592.4466338259442,656.0,129.26108374384236,0.23481116584564862,0.7583333333333333,0.21666666666666667,0.016666666666666666,0.03776683087027915,0.13136288998357964,0.1412151067323481,0.07881773399014778,0.008210180623973728,0.17241379310344826,0.006568144499178982,0.011494252873563218,0.0,0.019704433497536946,0.0049261083743842365,0.01477832512315271,0.26,0.3201970443349753,0.4381818181818182,0.7583788625167935,0.2797202797202797,17.24137931034483,7.881773399014779,588,656,131,0.24390243902439024,0.7709923664122137,0.19083969465648856,0.03816793893129771,0.04420731707317073,0.13567073170731708,0.14939024390243902,0.08689024390243902,0.001524390243902439,0.13719512195121952,0.003048780487804878,0.013719512195121951,0.0,0.019817073170731708,0.003048780487804878,0.01676829268292683,0.272,0.334,0.48,0.813,0.274,13.699999999999998,8.7
87,89,Bryson Stott,PHI,139,503.2558139534884,560.0,117.20930232558138,0.2308970099667774,0.7777777777777779,0.19841269841269843,0.023809523809523815,0.02159468438538206,0.11794019933554818,0.1079734219269103,0.08471760797342193,0.0016611295681063121,0.17109634551495015,0.0066445182724252485,0.008305647840531562,0.0016611295681063121,0.04318936877076412,0.008305647840531562,0.03488372093023256,0.258,0.3227953410981697,0.3863216266173752,0.7091169677155449,0.2930232558139535,17.109634551495017,8.471760797342192,499,560,115,0.22857142857142856,0.782608695652174,0.19130434782608696,0.02608695652173913,0.023214285714285715,0.11785714285714285,0.11785714285714285,0.09642857142857143,0.0017857142857142857,0.1625,0.0017857142857142857,0.007142857142857143,0.0035714285714285713,0.04285714285714286,0.008928571428571428,0.033928571428571426,0.257,0.328,0.391,0.719,0.288,16.3,9.6
88,90,Byron Buxton,MIN,118,488.9667318982388,542.0,92.27788649706457,0.2191780821917808,0.6551724137931035,0.31034482758620696,0.02298850574636298,0.04892367906066536,0.14090019569471626,0.14481409001956946,0.07240704500978473,0.0019569471624266144,0.2837573385518591,0.01956947162426615,0.005870841487279844,0.0,0.015655577298892987,0.003913894324723247,0.011741682974559688,0.242,0.3111545988258317,0.4707158351409978,0.7818704339668295,0.2959183673469387,28.37573385518591,7.240704500978473,488,542,94,0.23800738007380073,0.7021276595744681,0.22340425531914893,0.07446808510638298,0.06457564575645756,0.17896678966789667,0.15313653136531366,0.07564575645756458,0.00922509225092251,0.2730627306273063,0.012915129151291513,0.01107011070110701,0.0,0.04428044280442804,0.0,0.04428044280442804,0.264,0.327,0.551,0.878,0.302,27.3,7.6
89,91,Pete Crow-Armstrong,CHC,130,591.5428571428571,646.9999999999999,127.08928571428571,0.22500000000000003,0.7363636363636363,0.20909090909090908,0.06363636363636363,0.028571428571428574,0.1285714285714286,0.12142857142194746,0.058928571428571434,0.0035714285714285718,0.2535714285714286,0.014285714285714287,0.0071428571428571435,0.0071428571428571435,0.05357142857142858,0.0125,0.04107142857142857,0.246,0.2998204667863555,0.4140625,0.7138829667863555,0.3072625698324022,25.357142857142858,5.892857142857142,591,647,115,0.22565687789799072,0.6434782608695652,0.3217391304347826,0.034782608695652174,0.04791344667697063,0.14064914992272023,0.14683153013910355,0.04482225656877898,0.0015455950540958269,0.23956723338485317,0.013910355486862442,0.01854714064914992,0.00927357032457496,0.05409582689335394,0.012364760432766615,0.04173106646058733,0.247,0.287,0.481,0.768,0.276,24.0,4.5
90,92,CJ Abrams,WSN,139,575.9302325581396,635.0,125.52325581395348,0.22923588039867107,0.7310924369747899,0.23529411764705882,0.03361344537815126,0.03156146179401993,0.1362126245847176,0.11129568106312293,0.059800664456692916,0.003322259136212625,0.1926910299003322,0.02159468438538206,0.006644518272425249,0.003322259136212625,0.054817275747508304,0.013289036544850499,0.04152823920265781,0.253,0.3121869782971619,0.4230769230769231,0.7352639013740849,0.2867469879518072,19.269102990033225,5.980066445182724,580,635,130,0.2346456692913386,0.6923076923076923,0.2692307692307692,0.038461538461538464,0.029921259842519685,0.14488188976377953,0.09448818897637795,0.05826771653543307,0.0015748031496062992,0.1968503937007874,0.02204724409448819,0.004724409448818898,0.0015748031496062992,0.048818897637795275,0.004724409448818898,0.04409448818897638,0.257,0.315,0.433,0.748,0.296,19.7,5.8
91,93,Brenton Doyle,COL,154,491.88571428571424,538.0,103.55488721804512,0.22706766917293236,0.7656249999999999,0.203125,0.03906249999999999,0.03458646616541353,0.12781954887218044,0.12030075187732342,0.06466165413533835,0.0015037593984962405,0.28270676691729324,0.007518796992481203,0.007518796992481203,0.004511278195488722,0.042105263157894736,0.009022556390977444,0.033082706765799254,0.249,0.3010590015128593,0.4226973684210526,0.72375637,0.3184079601990049,28.270676691729324,6.466165413533835,502,538,102,0.2174721189591078,0.7549019607843137,0.22549019607843138,0.0196078431372549,0.027881040892193308,0.10594795539033457,0.10594795539033457,0.055762081784386616,0.0,0.25650557620817843,0.0,0.007434944237918215,0.0037174721189591076,0.03345724907063197,0.0037174721189591076,0.02973977695167286,0.233,0.274,0.376,0.651,0.289,25.7,5.6
92,94,Pete Alonso,NYM,154,615.1774436090225,709.0,110.88120302631579,0.2090225564174894,0.7403846152591026,0.2403846153438645,0.009615384613754578,0.05263157894736841,0.13233082706766916,0.1533834586466165,0.1037593984962406,0.010526315789473684,0.23157894736842105,0.019548872180451125,0.007518796992481203,0.0,0.006015037593984962,0.0015037593984962403,0.004511278195488721,0.241,0.3328313253012048,0.4679376083188908,0.8007689336200956,0.2646310432569974,23.157894736842103,10.37593984962406,624,709,132,0.2397743300423131,0.6818181818181818,0.3106060606060606,0.007575757575757576,0.0535966149506347,0.1227080394922426,0.1777150916784203,0.08603667136812412,0.007052186177715092,0.22849083215796898,0.021156558533145273,0.012693935119887164,0.0,0.0014104372355430183,0.0028208744710860366,-0.0014104372355430183,0.272,0.347,0.524,0.871,0.305,22.8,8.6
93,96,Bo Naylor,CLE,110,363.5586206896552,414.0,64.71724138310346,0.19310344828502415,0.7205882352518836,0.26470588233742665,0.014705882352079256,0.0367816091954023,0.11724137931034483,0.11954022988505747,0.10804597701149427,0.004597701149425287,0.2597701149425287,0.006896551724137931,0.006896551724137931,0.0022988505747126436,0.016091954022988506,0.004597701149425287,0.011494252873563218,0.22,0.3080459770114943,0.3979057591623036,0.7059517361737979,0.265625,25.97701149425287,10.804597701149426,359,414,56,0.16908212560386474,0.5892857142857143,0.39285714285714285,0.017857142857142856,0.033816425120772944,0.1111111111111111,0.11352657004830918,0.10869565217391304,0.0,0.2391304347826087,0.0024154589371980675,0.014492753623188406,0.007246376811594203,0.0024154589371980675,0.004830917874396135,-0.0024154589371980675,0.195,0.282,0.379,0.661,0.222,23.9,10.9
94,97,Alec Bohm,PHI,143,459.8181818181818,504.00000000000006,114.54545454545456,0.25487012987012986,0.75,0.24285714285714285,0.014285714285714285,0.027597402597402596,0.11688311688311688,0.12987012987012986,0.06818181818181818,0.0016233766233766233,0.1542207792207792,0.00974025974025974,0.00974025974025974,0.0,0.008116883116883116,0.0032467532467532465,0.00487012987012987,0.28,0.3327922077922078,0.4395017793594306,0.7722939871516383,0.3070175438596491,15.422077922077923,6.8181818181818175,464,504,122,0.2638888888888889,0.8278688524590164,0.14754098360655737,0.02459016393442623,0.021825396825396824,0.10515873015873016,0.11706349206349206,0.057539682539682536,0.0,0.1626984126984127,0.00992063492063492,0.011904761904761904,0.0,0.003968253968253968,0.0,0.003968253968253968,0.287,0.331,0.409,0.741,0.324,16.3,5.8
95,98,Cedric Mullins,BAL,130,448.2,498.0,93.37499999999997,0.2178571428571428,0.7428571428571431,0.22857142857142862,0.028571428571428577,0.030357142857142857,0.12142857142857143,0.11964285714285713,0.08035714285714285,0.0017857142857142857,0.19999999999999998,0.008928571428571428,0.007142857142857143,0.0035714285714285713,0.049999999999999996,0.012499999999999999,0.03749999999999999,0.242,0.3082437275985663,0.4027777777777778,0.7110215053763441,0.2770448548812665,20.0,8.035714285714286,435,498,77,0.18875502008032127,0.6883116883116883,0.2987012987012987,0.012987012987012988,0.03413654618473896,0.11646586345381527,0.11847389558232932,0.10040160642570281,0.0,0.24096385542168675,0.008032128514056224,0.012048192771084338,0.006024096385542169,0.04417670682730924,0.008032128514056224,0.03614457831325301,0.216,0.299,0.391,0.69,0.253,24.1,10.0
96,100,Tommy Edman,LAD,141,343.57142857142856,377.0,77.38095238095238,0.2298850574712644,0.752,0.232,0.024,0.024630541871921183,0.12807881773399016,0.11330049261083744,0.06896551724137931,0.0016420361247947456,0.17733990147783252,0.009852216748768473,0.006568144499178983,0.0032840722495894904,0.041050903119868636,0.006568144499178983,0.034482758620689655,0.253,0.3097199341021416,0.3981981981981982,0.7079181323003398,0.286697248,17.733990147783253,6.896551724137931,346,377,65,0.20689655172413793,0.7846153846153846,0.2,0.015384615384615385,0.034482758620689655,0.129973474801061,0.129973474801061,0.050397877984084884,0.0,0.16180371352785147,0.015915119363395226,0.013262599469496022,0.002652519893899204,0.007957559681697613,0.002652519893899204,0.005305039787798408,0.225,0.274,0.382,0.655,0.235,16.2,5.0
97,101,Brendan Donovan,STL,138,453.5462185,515.0,115.11764705882352,0.2453781512605042,0.7894736842105264,0.20300751879699247,0.015037593985181402,0.02184873949579832,0.11764705882352942,0.1092436974789916,0.09075630252100841,0.001680672267961165,0.1327731092436975,0.020168067226890758,0.006722689075728155,0.001680672267961165,0.010084033613592234,0.005042016806722689,0.005042016806722689,0.279,0.3569023569023569,0.4141221374045801,0.7710244943069371,0.305045871559633,13.277310924369749,9.075630252,460,515,122,0.2563106796116505,0.7377049180327869,0.26229508196721313,0.0,0.019417475728155338,0.12427184466019417,0.0970873786407767,0.08155339805825243,0.005825242718446602,0.13009708737864079,0.013592233009708738,0.007766990291262136,0.003883495145631068,0.005825242718446602,0.005825242718446602,0.0,0.287,0.353,0.422,0.775,0.315,13.0,8.2
98,102,Sean Murphy,ATL,92,294.52876712328765,337.0,56.320547945205476,0.2054794520547945,0.7213114754098361,0.2622950819672132,0.016393442622950824,0.038356164383561646,0.11506849315068492,0.12876712328767123,0.0958904109589041,0.0027397260273972607,0.23561643835616436,0.021917808219178086,0.0054794520547945215,0.0,0.0,0.0,0.0,0.234,0.3241758241758242,0.4231974921630094,0.7473733163388336,0.2760180995475113,23.56164383561644,9.589041096,291,337,42,0.17210682492581603,0.6904761904761905,0.30952380952380953,0.0,0.04747774480712166,0.10089020771513353,0.13353115727002968,0.10385756676557864,0.002967359050445104,0.3115727002967359,0.02373887240356083,0.008902077151335312,0.0,0.0,0.0,0.0,0.199,0.3,0.409,0.709,0.243,31.2,10.4
99,103,Daulton Varsho,TOR,138,243.21680672268903,271.0,43.72436974789916,0.2,0.7083333333333334,0.25,0.04166666666666667,0.03865546218487395,0.12436974789915967,0.12605042016806722,0.08739495798319329,0.0016806722689075627,0.24705882352941178,0.008403361344537815,0.005042016806722689,0.0016806722689075627,0.02184873949579832,0.0067226890756302525,0.015126050420168066,0.224,0.2962962962962963,0.4119850187265917,0.708281315,0.2615803814713896,24.705882352941178,8.739495798319327,248,271,39,0.2177121771217712,0.6153846153846154,0.3333333333333333,0.05128205128205128,0.07380073800738007,0.15867158671586715,0.2029520295202952,0.06273062730627306,0.0036900369003690036,0.28413284132841327,0.0036900369003690036,0.01845018450184502,0.0,0.007380073800738007,0.0,0.007380073800738007,0.238,0.284,0.548,0.833,0.25,28.4,6.3
100,104,Teoscar Hernandez,LAD,151,498.1935483870968,546.0,104.83870967741936,0.23809523809523808,0.768,0.224,0.008,0.04608294930875576,0.12749615975422426,0.15668202764976957,0.07066052227342551,0.003072196620583717,0.28417818740399386,0.010752688172043012,0.006144393241167435,0.0,0.013824884792626729,0.004608294930875576,0.009216589861751152,0.262,0.3195084485407066,0.4629629629629629,0.7824714115036695,0.3263707571801567,28.417818740399387,7.066052227342549,511,546,101,0.23076923076923078,0.7029702970297029,0.2871287128712871,0.009900990099009901,0.045787545787545784,0.11904761904761904,0.163003663003663,0.047619047619047616,0.0,0.2454212454212454,0.005494505494505495,0.009157509157509158,0.0,0.009157509157509158,0.003663003663003663,0.005494505494505495,0.247,0.284,0.454,0.738,0.283,24.5,4.8
101,105,Randy Arozarena,SEA,152,613.1018237082067,709.0,123.91337386018236,0.20820668693009117,0.7391304347826085,0.2608695652173913,0.008695652173913044,0.033434650455927056,0.12462006079027355,0.11702127659574467,0.10334346504559269,0.0015197568389057749,0.2553191489361702,0.024316109422492398,0.006079027355623099,0.0,0.033434650455927056,0.013677811550070522,0.019756838905775075,0.241,0.3363774733637747,0.4147627416520211,0.7511402150157958,0.3002610966057441,25.53191489361702,10.33434650455927,613,709,119,0.2059238363892807,0.7226890756302521,0.2689075630252101,0.008403361344537815,0.0380818053596615,0.13399153737658676,0.1071932299012694,0.09026798307475317,0.0028208744710860366,0.2693935119887165,0.0380818053596615,0.007052186177715092,0.0,0.04372355430183357,0.00846262341325811,0.03526093088857546,0.238,0.334,0.426,0.76,0.298,26.899999999999995,9.0
102,106,Max Muncy,LAD,126,322.62271062271066,388.0,51.16483516483517,0.17765567765567766,0.7222222222222224,0.27777777777777773,0.013888888888888888,0.04578754578754579,0.13553113553113555,0.13553113553113555,0.14652014652014653,0.005494505494505494,0.26739926739926745,0.014652014652014652,0.007326007326007326,0.0,0.005494505494505494,0.0018315018315018315,0.003663003663003663,0.214,0.3388278388278388,0.4295154185022026,0.7683432573300415,0.2508710801393728,26.73992673992674,14.652014652014651,313,388,57,0.1958762886597938,0.7894736842105263,0.17543859649122806,0.03508771929824561,0.04896907216494845,0.12371134020618557,0.17268041237113402,0.16494845360824742,0.005154639175257732,0.21391752577319587,0.015463917525773196,0.01288659793814433,0.0,0.010309278350515464,0.0,0.010309278350515464,0.243,0.376,0.47,0.846,0.264,21.4,16.5
103,108,Josh Lowe,TBR,125,393.8404452690167,435.0,86.35435992578849,0.23191094619666047,0.7289719626168225,0.26168224299065423,0.01869158878504673,0.03339517625231911,0.1205936920229885,0.12615955473098328,0.08348794063079777,0.005565862708719851,0.2949907235621521,0.0037105751391465678,0.005565862708719851,0.0,0.04823747680890538,0.005565862708719851,0.04267161410018552,0.256,0.3197026022304832,0.4344262295081967,0.754128832,0.340764331210191,29.499072356215212,8.348794063079778,396,435,76,0.2,0.6973684210526315,0.27631578947368424,0.02631578947368421,0.02528735632183908,0.12873563218390804,0.09195402298850575,0.07586206896551724,0.0022988505747126436,0.25057471264367814,0.006896551724137931,0.004597701149425287,0.0022988505747126436,0.041379310344827586,0.009195402298850575,0.03218390804597701,0.22,0.283,0.366,0.65,0.273,25.1,7.6
104,109,Kyle Schwarber,PHI,152,604.0668693009119,724.0000000000001,94.6261398176292,0.1884498480243161,0.755813953488372,0.2325581395348837,0.011627906976744186,0.05775075987841945,0.14741641337386016,0.14437689969604864,0.14893617021276595,0.0060790273556231,0.29027355623100304,0.00911854103343465,0.0060790273556231,0.001519756838905775,0.007598784194528875,0.00303951367781155,0.004559270516717326,0.226,0.3470319634703196,0.4735883424408014,0.820620306,0.2654320987654321,29.027355623100306,14.893617021276595,604,724,89,0.20027624309392264,0.7191011235955056,0.25842696629213485,0.02247191011235955,0.07734806629834254,0.15331491712707182,0.18232044198895028,0.14917127071823205,0.008287292817679558,0.27209944751381215,0.015193370165745856,0.0013812154696132596,0.0,0.013812154696132596,0.0027624309392265192,0.011049723756906077,0.24,0.365,0.563,0.928,0.253,27.200000000000003,14.9
105,110,Brayan Rocchio,CLE,134,339.49225473321854,383.0,75.14974182444061,0.21514629948364886,0.7456140350877194,0.2456140350877193,0.01754385964912281,0.0189328743545611,0.11876075731497417,0.09982788296041309,0.08950086058519793,0.001721170395869191,0.18588640275387264,0.013769363166953527,0.006884681583476765,0.0034423407917383827,0.022375215146299483,0.008605851979345954,0.013769363166953527,0.243,0.3195164075993091,0.3708737864077669,0.6903901940070761,0.285,18.588640275387263,8.950086058519794,344,383,75,0.20887728459530025,0.7333333333333333,0.24,0.02666666666666667,0.013054830287206266,0.08877284595300261,0.11488250652741515,0.057441253263707574,0.0,0.2010443864229765,0.020887728459530026,0.013054830287206266,0.010443864229765013,0.020887728459530026,0.010443864229765013,0.010443864229765013,0.233,0.29,0.34,0.63,0.281,20.1,5.7
106,111,Geraldo Perdomo,ARI,131,617.1428571428571,720.0,143.4920634920635,0.21340388007054673,0.7699115044247787,0.21238938053097342,0.02654867256637168,0.014109347442680775,0.13051146384479717,0.09347442680555555,0.109347442680776,0.0,0.16049382716049382,0.010582010582010581,0.007054673721340388,0.015873015873015872,0.02821869488536155,0.007054673721340388,0.02116402116402116,0.25,0.3387096774193548,0.3621399176954732,0.7008495951148281,0.289002558,16.049382716049383,10.9347442680776,597,720,153,0.24027777777777778,0.7516339869281046,0.21568627450980393,0.032679738562091505,0.027777777777777776,0.1361111111111111,0.1388888888888889,0.13055555555555556,0.001388888888888889,0.11527777777777778,0.013888888888888888,0.015277777777777777,0.011111111111111112,0.0375,0.008333333333333333,0.029166666666666667,0.29,0.389,0.462,0.851,0.303,11.5,13.1
107,112,Shea Langeliers,ATH,128,473.3873517786561,523.0,82.68774703557314,0.20948616600790518,0.7249999999999999,0.23749999999999996,0.024999999999999994,0.05138339920948617,0.12055335968379446,0.14624505928853757,0.07707509881453155,0.003952569169960474,0.2707509881422925,0.00988142292543021,0.007905138339920948,0.0,0.007905138339920948,0.003952569169960474,0.003952569169960474,0.231,0.2964426877470356,0.4497816593886463,0.7462243471356819,0.2675585284280936,27.07509881422925,7.707509881422925,481,523,102,0.25430210325047803,0.6862745098039216,0.3137254901960784,0.0,0.05927342256214149,0.13957934990439771,0.13766730401529637,0.06883365200764818,0.0019120458891013384,0.19694072657743786,0.0019120458891013384,0.009560229445506692,0.0,0.01338432122370937,0.0019120458891013384,0.011472275334608031,0.277,0.325,0.536,0.861,0.29,19.7,6.9
108,113,Matt Wallner,MIN,120,339.02702702702703,392.0,63.56756756756758,0.20463320463320467,0.6785714285714285,0.29761904761904756,0.023809523809523808,0.04247104247104247,0.12741312741312744,0.12934362934362936,0.1003861003861004,0.0019305019305019305,0.34169884169884174,0.027027027027027032,0.005791505790816327,0.0019305019305019305,0.009652509652509654,0.0019305019305019305,0.007722007722007722,0.236,0.3326885880077369,0.4486607142857143,0.7813493022934512,0.3333333333333333,34.16988416988417,10.038610038610038,336,392,46,0.17346938775510204,0.5869565217391305,0.34782608695652173,0.06521739130434782,0.05612244897959184,0.11989795918367346,0.10204081632653061,0.11734693877551021,0.0,0.29081632653061223,0.02040816326530612,0.00510204081632653,0.0,0.01020408163265306,0.007653061224489796,0.002551020408163265,0.202,0.311,0.464,0.776,0.228,29.100000000000005,11.7
109,114,Taylor Ward,LAA,149,583.7282608695652,663.0,122.51086956521739,0.2204968944099379,0.7563025210084034,0.226890756302521,0.008403361344537815,0.03571428571428571,0.1226708074509804,0.12111801242236025,0.09782608695324284,0.0,0.23447204968944096,0.012422360248447204,0.009316770186335404,0.0,0.009316770186335404,0.004658385093167702,0.004658385093167702,0.25,0.3307453416149068,0.4215167548500881,0.752262096,0.2982456140350877,23.44720497,9.782608695652174,579,663,96,0.19909502262443438,0.65625,0.3229166666666667,0.020833333333333332,0.05429864253393665,0.1297134238310709,0.15535444947209653,0.11312217194570136,0.0015082956259426848,0.26395173453996984,0.004524886877828055,0.00904977375565611,0.0,0.006033182503770739,0.0015082956259426848,0.004524886877828055,0.228,0.317,0.475,0.792,0.257,26.4,11.3
110,115,Brandon Marsh,PHI,125,374.53617810760664,425.0,80.42671614100183,0.21706864564007416,0.7450980392156865,0.22549019607843143,0.03921568627450981,0.027829313543599257,0.11873840445269017,0.11688311688311688,0.10204081632653061,0.0018552875695732839,0.3079777365491651,0.0074211502782931356,0.0074211502782931356,0.0018552875695732839,0.029684601113172542,0.0074211502782931356,0.02226345083487941,0.247,0.3271375464684015,0.4084210526315789,0.7355585990999804,0.3422818791946309,30.79777365491651,10.20408163265306,379,425,95,0.24941176470588236,0.7157894736842105,0.2631578947368421,0.021052631578947368,0.02588235294117647,0.1388235294117647,0.1011764705882353,0.08941176470588236,0.002352941176470588,0.25882352941176473,0.0,0.009411764705882352,0.007058823529411765,0.01647058823529412,0.002352941176470588,0.01411764705882353,0.28,0.342,0.443,0.785,0.363,25.9,8.9
111,116,J.T. Realmuto,PHI,126,498.4031936127744,550.0,106.48702594880238,0.2275449101796407,0.7422680412322439,0.22680412370985228,0.03092783505134349,0.03393213572727272,0.11776447105788422,0.12375249500998003,0.06986027944111776,0.003992015968063872,0.24550898203592814,0.017964071856287425,0.005988023952095808,0.001996007984031936,0.015968063872255488,0.005988023952095808,0.00998003992015968,0.252,0.3153692614770459,0.4251101321585903,0.7404793936356362,0.305993691,24.550898203592812,6.986027944111776,502,550,117,0.23454545454545456,0.7692307692307693,0.2222222222222222,0.008547008547008548,0.02181818181818182,0.10363636363636364,0.09454545454545454,0.06363636363636363,0.0018181818181818182,0.23454545454545456,0.016363636363636365,0.005454545454545455,0.0,0.014545454545454545,0.0036363636363636364,0.01090909090909091,0.257,0.315,0.384,0.7,0.321,23.5,6.4
112,117,Luis Rengifo,LAA,134,496.3046471600689,541.0,114.53184165232358,0.23924268502581755,0.788617886178862,0.17886178861788618,0.024390243902439025,0.027538726333907058,0.12220309811460259,0.11187607573149742,0.06368330464716007,0.0,0.16351118760757316,0.012048192771084338,0.0051635111876075735,0.0034423407917383822,0.03614457831325301,0.012048192771084338,0.024096385542168672,0.261,0.3155172413793103,0.4015009380863039,0.7170181794656143,0.2894117647058823,16.351118760757316,6.368330464716007,501,541,110,0.2199630314232902,0.8272727272727273,0.14545454545454545,0.02727272727272727,0.0166358595194085,0.10166358595194085,0.07948243992606285,0.06099815157116451,0.0,0.1922365988909427,0.005545286506469501,0.005545286506469501,0.0018484288354898336,0.018484288354898338,0.012939001848428836,0.005545286506469501,0.238,0.287,0.335,0.622,0.281,19.2,6.1
113,118,Luis Garcia Jr.,WSN,125,490.86827458256033,526.0,119.05751391465678,0.2560296846011132,0.7622950819672133,0.21311475409836064,0.02459016393442623,0.02968460111317254,0.1150278293135436,0.12244897959183675,0.055658627087198514,0.003710575139146568,0.15584415584415584,0.0018552875695732837,0.007421150278293136,0.0018552875695732837,0.027829313543599257,0.00927643784786642,0.01855287569573284,0.273,0.3141263940520446,0.4333996023856858,0.7475259964377305,0.2997542997542997,15.584415584415584,5.565862708719852,488,526,107,0.2338403041825095,0.7289719626168224,0.2616822429906542,0.009345794392523364,0.030418250950570342,0.12737642585551331,0.12547528517110265,0.051330798479087454,0.0019011406844106464,0.1596958174904943,0.0038022813688212928,0.017110266159695818,0.0,0.026615969581749048,0.009505703422053232,0.017110266159695818,0.252,0.289,0.412,0.701,0.27,16.0,5.1
114,119,Brice Turang,MIL,134,593.2134251290878,659.0,139.51290877796902,0.2289156626506024,0.7804878048780488,0.1951219512195122,0.024390243902439025,0.017211703958691912,0.11531841652503794,0.09466437177280551,0.08605851979345955,0.001721170395869191,0.17900172117039587,0.003442340791738382,0.005163511187607573,0.005163511187607573,0.06196213425129088,0.010327022375215145,0.05163511187607573,0.254,0.3200692041522491,0.3690248565965583,0.6890940607488074,0.2985436893203883,17.900172117039588,8.605851979345955,584,659,150,0.2549317147192716,0.8,0.18666666666666668,0.013333333333333334,0.027314112291350532,0.1471927162367223,0.12291350531107739,0.10015174506828528,0.0015174506828528073,0.2276176024279211,0.0030349013657056147,0.007587253414264037,0.0030349013657056147,0.036418816388467376,0.012139605462822459,0.024279210925644917,0.288,0.359,0.435,0.794,0.356,22.8,10.0
115,120,Ivan Herrera,STL,100,389.53768844221105,452.0,88.58291457286434,0.21859296482412063,0.769230769230769,0.21794871794871792,0.025641025641025637,0.022613065326633167,0.12060301507537688,0.10804020100502514,0.11557788944723618,0.0,0.21356783919597994,0.01256281407035176,0.007537688442211055,0.002512562814070352,0.01507537688442211,0.002512562814070352,0.01256281407035176,0.254,0.3476070528967254,0.3965014577259475,0.744108511,0.3095238095238095,21.35678391959799,11.55778894472362,388,452,91,0.24336283185840707,0.8571428571428571,0.14285714285714285,0.0,0.0420353982300885,0.11946902654867257,0.14601769911504425,0.09513274336283185,0.0022123893805309734,0.18584070796460178,0.033185840707964605,0.008849557522123894,0.0,0.017699115044247787,0.004424778761061947,0.01327433628318584,0.284,0.373,0.464,0.837,0.315,18.6,9.5
116,121,Christian Yelich,MIL,133,554.2439024390244,644.0000000000001,127.90243902439026,0.22822299651567943,0.7631578947368423,0.2105263157894737,0.017543859649122806,0.02961672473867596,0.14111498257839722,0.1132404181184669,0.12543554006968638,0.008710801393728223,0.2195121951219512,0.0069686411149825775,0.0034843205574912888,0.0017421602787456444,0.04006968641114982,0.0069686411149825775,0.033101045296167246,0.265,0.3618881118881119,0.4230769230769231,0.784965035,0.3229461756373937,21.951219512195124,12.54355400696864,573,644,122,0.234472049689441,0.8278688524590164,0.1721311475409836,0.0,0.04503105590062112,0.13664596273291926,0.15993788819875776,0.09937888198757763,0.009316770186335404,0.2593167701863354,0.009316770186335404,0.0015527950310559005,0.0,0.024844720496894408,0.009316770186335404,0.015527950310559006,0.264,0.343,0.452,0.795,0.323,25.9,9.9
117,122,Vinnie Pasquantino,KCR,146,605.1396825396826,682.0,133.15238093650794,0.23492063489736068,0.7073170732550506,0.27642276428801266,0.01626016260356438,0.03968253968253968,0.11904761904761904,0.14285714285714285,0.09206349206349206,0.0031746031746031746,0.13333333333333333,0.009523809523809525,0.009523809523809525,0.0015873015873015873,0.0031746031746031746,0.0,0.0031746031746031746,0.266,0.3370429252782194,0.4669051878354204,0.8039481131136398,0.2697368421052631,13.333333333333334,9.206349206349207,621,682,132,0.2404692082111437,0.7424242424242424,0.25,0.007575757575757576,0.0469208211143695,0.10557184750733138,0.1656891495601173,0.0718475073313783,0.007331378299120235,0.15689149560117302,0.010263929618768328,0.007331378299120235,0.0,0.001466275659824047,0.0,0.001466275659824047,0.264,0.323,0.475,0.798,0.271,15.7,7.200000000000001
118,123,Joey Ortiz,MIL,146,450.5809523809524,506.0,101.2,0.2222222222222222,0.7063492063492063,0.25396825396825395,0.03968253968253968,0.02222222222222222,0.11746031746031746,0.1126984126984127,0.08730158730158731,0.0,0.2015873015873016,0.009523809523715414,0.007936507936507936,0.0031746031746031746,0.01904761904743083,0.006349206349206349,0.012698412698412698,0.25,0.3205741626794258,0.3992869875222816,0.7198611502017075,0.2964705882352941,20.15873015873016,8.73015873,470,506,101,0.2134387351778656,0.8118811881188119,0.1782178217821782,0.009900990099009901,0.01383399209486166,0.1225296442687747,0.08893280632411067,0.0533596837944664,0.0,0.14624505928853754,0.005928853754940711,0.0,0.011857707509881422,0.02766798418972332,0.005928853754940711,0.021739130434782608,0.23,0.276,0.317,0.593,0.26,14.6,5.3
119,124,Tyler O'Neill,BAL,110,183.97268907563023,209.0,33.80882352941177,0.21218487394957983,0.7662337662337662,0.2337662337662338,0.012987012987012984,0.05042016806722689,0.13445378151260504,0.13865546218487396,0.10084033613445378,0.004201680672268907,0.3067226890756302,0.012605042016806723,0.0063025210084033615,0.0,0.012605042016806723,0.0021008403361344537,0.01050420168067227,0.241,0.3256302521008403,0.4630071599045346,0.788637412,0.3055555555555556,30.672268907563023,10.084033613445378,181,209,27,0.1722488038277512,0.7407407407407407,0.2222222222222222,0.037037037037037035,0.0430622009569378,0.10526315789473684,0.12440191387559808,0.10526315789473684,0.004784688995215311,0.24401913875598086,0.014354066985645933,0.014354066985645933,0.0,0.019138755980861243,0.0,0.019138755980861243,0.199,0.292,0.392,0.684,0.218,24.4,10.5
120,125,Bryan Reynolds,PIT,149,581.8975155279503,654.0,131.00310559006212,0.234472049689441,0.7596899224806201,0.21705426356589147,0.031007751937984492,0.03416149068322981,0.12422360248447203,0.12422360248447203,0.08850931677018634,0.004658385093167702,0.21894409937888198,0.013975155279503106,0.006211180124223602,0.0015527950310559005,0.012422360248447204,0.003105590062111801,0.009316770186335404,0.264,0.3374805598755832,0.4432809773123909,0.7807615371879741,0.3115942028985507,21.89440994,8.850931677018634,587,654,128,0.22018348623853212,0.6796875,0.296875,0.0234375,0.024464831804281346,0.10397553516819572,0.11162079510703364,0.0871559633027523,0.0015290519877675841,0.26452599388379205,0.010703363914373088,0.0045871559633027525,0.0,0.0045871559633027525,0.0030581039755351682,0.0015290519877675841,0.245,0.318,0.402,0.72,0.319,26.5,8.7
121,126,Maikel Garcia,KCR,138,605.5563025210084,666.0,147.7512605042017,0.23529411764705885,0.7575757575757575,0.21212121212121213,0.0303030303030303,0.013445378151260505,0.12268907563063063,0.09411764705882354,0.07563025210084033,0.0,0.17647058823529413,0.0033613445378151263,0.008403361344537815,0.005042016806722689,0.05042016806722689,0.010084033613445379,0.040336134453781515,0.258,0.3153456998313659,0.3696857670979667,0.6850314669293327,0.3048498845265588,17.647058823529413,7.563025210084033,595,666,154,0.2552552552552553,0.7142857142857143,0.2532467532467532,0.032467532467532464,0.024024024024024024,0.12162162162162163,0.1111111111111111,0.09309309309309309,0.0,0.12612612612612611,0.0015015015015015015,0.0075075075075075074,0.0045045045045045045,0.03453453453453453,0.013513513513513514,0.021021021021021023,0.286,0.351,0.449,0.8,0.308,12.6,9.3
122,127,Parker Meadows,DET,122,190.28,213.0,38.542857142857144,0.2095238095238095,0.7263157894736841,0.22105263157894736,0.0631578947368421,0.02857142857142857,0.1219047619047619,0.10857142857142857,0.08952380952380952,0.0019047619047619048,0.23047619047619045,0.007619047619047619,0.007619047619047619,0.0038095238095238095,0.03428571428571429,0.009523809523809523,0.02476190476190476,0.234,0.3072519083969465,0.4029850746268656,0.7102369830238122,0.2818991097922849,23.047619047619047,8.952380952380953,191,213,37,0.19248826291079812,0.7837837837837838,0.16216216216216217,0.05405405405405406,0.018779342723004695,0.10328638497652583,0.07511737089201878,0.09859154929577464,0.0,0.26291079812206575,0.0,0.004694835680751174,0.0,0.018779342723004695,0.0,0.018779342723004695,0.215,0.291,0.33,0.621,0.28,26.3,9.9
123,128,Jackson Holliday,BAL,109,556.2857142857142,649.0,113.47121535181236,0.19829424307036245,0.7195121951219512,0.25609756097560976,0.024390243902439025,0.02345415778251599,0.14498933901918976,0.10660980810234541,0.12793176972265025,0.0021321961620469083,0.26439232403697993,0.006396588486140725,0.006396588486140725,0.0021321961620469083,0.017057569296375266,0.0021321961620469083,0.014925373134328358,0.232,0.3333333333333333,0.3756218905472637,0.708955224,0.3037037037037037,26.439232409381663,12.79317697228145,586,649,125,0.21879815100154082,0.808,0.168,0.024,0.026194144838212634,0.10785824345146379,0.0847457627118644,0.08628659476117104,0.0015408320493066256,0.21571648690292758,0.009244992295839754,0.0015408320493066256,0.0,0.026194144838212634,0.01694915254237288,0.009244992295839754,0.242,0.314,0.375,0.69,0.291,21.6,8.6
124,129,Evan Carter,TEX,120,190.6949806949807,220.0,39.922779922779924,0.2084942084942085,0.723404255319149,0.22340425532117986,0.0425531914893617,0.027027027027027025,0.12548262548262548,0.1138996138996139,0.11196911196911195,0.0019305019305019303,0.25096525096525096,0.013513513513513513,0.005791505791505791,0.0019305019305019303,0.023166023166023165,0.007722007722007721,0.015444015444015443,0.24,0.3346228239845261,0.3964365256124721,0.7310593495969983,0.3051948051948052,25.096525096525095,11.196911196911197,194,220,43,0.21818181818181817,0.7441860465116279,0.20930232558139536,0.046511627906976744,0.022727272727272728,0.1409090909090909,0.11363636363636363,0.08636363636363636,0.004545454545454545,0.18636363636363637,0.031818181818181815,0.0,0.0,0.06363636363636363,0.00909090909090909,0.05454545454545454,0.247,0.336,0.392,0.728,0.291,18.6,8.6
125,130,Josh Jung,TEX,136,473.6309523809524,511.0,99.94047619047618,0.23299319727891155,0.756521739130435,0.22608695652173916,0.017391304347826087,0.03741496598639456,0.11564625850340136,0.13095238095238096,0.05442176870748299,0.0,0.2738095238095238,0.010204081632653062,0.006802721088435374,0.0,0.008503401360544217,0.0034013605442176865,0.005102040816326531,0.25,0.2981260647359455,0.4275229357798165,0.7256490005157621,0.314207650273224,27.380952380952383,5.442176870748299,482,511,107,0.23679060665362034,0.7757009345794392,0.21495327102803738,0.009345794392523364,0.0273972602739726,0.10371819960861056,0.11937377690802348,0.05283757338551859,0.0,0.25244618395303325,0.003913894324853229,0.0,0.0,0.007827788649706457,0.0019569471624266144,0.005870841487279843,0.251,0.294,0.39,0.684,0.316,25.2,5.3
126,131,Eugenio Suarez,ARI,141,579.3251231527094,656.9999999999999,110.03940886699506,0.20525451559934318,0.7450980392156862,0.24509803921568632,0.00980392156862745,0.03776683087027915,0.11494252873563218,0.12807881773399016,0.09195402298850576,0.0,0.2873563218390805,0.016420361247947456,0.009852216748768473,0.0016420361247947456,0.0032840722495894913,0.0016420361247947456,0.0016420361247947456,0.233,0.3136288998357964,0.4115456238361266,0.725174524,0.2956521739130435,28.735632183908045,9.195402298850574,588,657,85,0.2039573820395738,0.6705882352941176,0.32941176470588235,0.0,0.0745814307458143,0.1385083713850837,0.1796042617960426,0.0700152207001522,0.0030441400304414,0.2983257229832572,0.0243531202435312,0.0106544901065449,0.0,0.0060882800608828,0.0015220700152207,0.0045662100456621,0.228,0.298,0.526,0.824,0.243,29.799999999999997,7.000000000000001
127,132,Matt Shaw,CHC,120,390.6003861003861,437.0,83.51930501930502,0.222007722007722,0.7878787878418048,0.1818181818181818,0.0303030303030303,0.03088803088803089,0.11969111970251715,0.12355212355212356,0.08301158301158301,0.0,0.21428571428571427,0.013513513513513513,0.007722007722007722,0.0019305019305019305,0.032818532818532815,0.011583011583011582,0.02123552123569794,0.248,0.3191489361702128,0.4038876889848812,0.7230366251550939,0.2911764705882353,21.428571428571427,8.301158301158301,393,437,76,0.2036613272311213,0.6842105263157895,0.27631578947368424,0.039473684210526314,0.029748283752860413,0.13043478260869565,0.10068649885583524,0.08695652173913043,0.0,0.2151029748283753,0.004576659038901602,0.009153318077803204,0.0,0.038901601830663615,0.011441647597254004,0.02745995423340961,0.226,0.295,0.394,0.69,0.262,21.5,8.7
128,133,Ryan McMahon,COL,147,517.0047095761381,586.0,104.87284144427004,0.2135007849293564,0.7456140350877192,0.24561403508771926,0.008771929824561401,0.03453689167974883,0.11930926216640501,0.11459968602825746,0.10518053375196232,0.004709576138147567,0.28414442700156983,0.006279434850863423,0.006279434850863423,0.0015698587127158557,0.009419152276295134,0.006279434850863423,0.0031397174254317113,0.243,0.3249607535321821,0.4128113879003559,0.737772141,0.3140495867768595,28.414442700156982,10.518053375196232,509,586,89,0.18600682593856654,0.7303370786516854,0.25842696629213485,0.011235955056179775,0.034129692832764506,0.10580204778156997,0.09044368600682594,0.11945392491467577,0.0017064846416382253,0.3225255972696246,0.006825938566552901,0.005119453924914676,0.0,0.005119453924914676,0.0017064846416382253,0.0034129692832764505,0.214,0.312,0.381,0.693,0.294,32.3,11.9
129,134,Nick Gonzales,PIT,117,369.1428571428572,408.0,89.04761904761904,0.23809523809523808,0.690909090909091,0.2636363636363637,0.03636363636363637,0.01984126984126984,0.1150793650793651,0.11706349206349205,0.06944444444444445,0.001984126984126984,0.22420634920634921,0.015873015873015872,0.007936507936507936,0.001984126984126984,0.00992063492063492,0.005952380952380953,0.003968253968253968,0.262,0.3240556660039761,0.4078947368421052,0.7319504028460814,0.3264094955489614,22.42063492063492,6.944444444444445,381,408,94,0.2426470588235294,0.776595744680851,0.19148936170212766,0.031914893617021274,0.012254901960784314,0.09558823529411764,0.07352941176470588,0.051470588235294115,0.0,0.17892156862745098,0.004901960784313725,0.00980392156862745,0.0,0.0,0.004901960784313725,-0.004901960784313725,0.26,0.299,0.362,0.661,0.306,17.9,5.1
130,136,Seiya Suzuki,CHC,130,570.7875,651.0,126.7125,0.23214285714285715,0.7431192660550457,0.22935779816513763,0.03669724770642202,0.037500000000000006,0.1267857142857143,0.1285714285714286,0.10714285714285714,0.005357142857142857,0.25,0.008928571428571428,0.0071428571428571435,0.0,0.019642857142857142,0.008928571428571428,0.010714285714285714,0.264,0.3482142857142857,0.4623217922606925,0.8105360779749782,0.3263473053892216,25.0,10.714285714285714,571,651,108,0.21505376344086022,0.6851851851851852,0.28703703703703703,0.027777777777777776,0.04915514592933948,0.1152073732718894,0.15821812596006143,0.10906298003072197,0.0015360983102918587,0.2519201228878648,0.0015360983102918587,0.01228878648233487,0.0,0.007680491551459293,0.0030721966205837174,0.004608294930875576,0.245,0.326,0.478,0.804,0.282,25.2,10.9
131,138,Ke'Bryan Hayes,PIT,136,521.5306122,570.0,122.14285714285712,0.23299319727891155,0.761904761904762,0.20634920634920637,0.02380952380952381,0.01870748299319728,0.10884353741496598,0.10034013605442177,0.06972789115646259,0.0017006802721088435,0.195578231292517,0.006802721088435374,0.006802721088435374,0.0017006802721088435,0.025510204081632654,0.006802721088435374,0.01870748299319728,0.254,0.3100511073253833,0.3736059479553903,0.6836570552807737,0.3028846153846153,19.55782313,6.972789115646258,527,570,119,0.21754385964912282,0.8403361344537815,0.13445378151260504,0.025210084033613446,0.008771929824561403,0.08771929824561403,0.08596491228070176,0.06315789473684211,0.0017543859649122807,0.19473684210526315,0.008771929824561403,0.0017543859649122807,0.0017543859649122807,0.021052631578947368,0.005263157894736842,0.015789473684210527,0.235,0.29,0.306,0.595,0.289,19.5,6.3
132,139,Paul Goldschmidt,NYY,147,476.1569858712716,534.0,98.91993720565151,0.22448979591836737,0.7457627118644067,0.25423728813559315,0.0,0.03924646781789639,0.1240188383045526,0.13500784929356358,0.0957613814756672,0.0031397174254317118,0.2621664050235479,0.006279434850863423,0.006279434850863423,0.0,0.0141287284144427,0.0015698587127158557,0.012558869701726845,0.251,0.3265306122448979,0.4366197183098591,0.7631503305547571,0.3105263157894737,26.21664050235479,9.576138148,489,534,124,0.250936329588015,0.7419354838709677,0.25,0.008064516129032258,0.018726591760299626,0.14232209737827714,0.08426966292134831,0.06741573033707865,0.009363295880149813,0.18726591760299627,0.00749063670411985,0.003745318352059925,0.0,0.009363295880149813,0.0018726591760299626,0.00749063670411985,0.274,0.328,0.403,0.731,0.325,18.7,6.7
133,140,Marcell Ozuna,ATL,154,527.9037593984963,592.0,106.82706766917295,0.23007518796992482,0.7749999999999999,0.22499999999999998,0.0,0.04962406015037594,0.12781954887218044,0.15037593984962405,0.0962406015037594,0.0015037593984962407,0.24812030075187963,0.006015037593984963,0.006015037593984963,0.0,0.0015037593984962407,0.0,0.0015037593984962407,0.259,0.3323308270676692,0.4704890387858347,0.802819866,0.3007518796992481,24.81203007518797,9.62406015037594,487,592,92,0.19087837837837837,0.7934782608695652,0.20652173913043478,0.0,0.03547297297297297,0.10304054054054054,0.11486486486486487,0.15878378378378377,0.0033783783783783786,0.24324324324324326,0.005067567567567568,0.011824324324324325,0.0,0.0,0.0,0.0,0.232,0.355,0.4,0.756,0.28,24.3,15.9
134,141,Willson Contreras,STL,139,483.5066445182724,563.0,94.45681063122923,0.20764119601328904,0.7326732673267327,0.26732673267326734,0.0,0.03986710963455149,0.1229235880398671,0.12790697674418605,0.10631229235880399,0.0033222591362126247,0.2475083056478406,0.02990033222591362,0.006644518272425249,0.0,0.009966777408637873,0.0033222591362126247,0.006644518272425249,0.242,0.3432835820895522,0.4332688588007737,0.7765524408903259,0.2902298850574712,24.750830564784053,10.6312292358804,490,563,106,0.22380106571936056,0.6981132075471698,0.29245283018867924,0.009433962264150943,0.035523978685612786,0.12433392539964476,0.14209591474245115,0.07815275310834814,0.0017761989342806395,0.2522202486678508,0.04085257548845471,0.007104795737122558,0.0017761989342806395,0.008880994671403197,0.0017761989342806395,0.007104795737122558,0.257,0.344,0.447,0.791,0.319,25.2,7.8
135,143,Nathaniel Lowe,WSN,144,534.7078651685393,609.0,126.10112359550558,0.23595505617977522,0.7984496124031009,0.1782945736434109,0.015503875968992251,0.02889245585874799,0.11235955056179774,0.11717495987158907,0.10914927768860354,0.0016051364365971107,0.21508828250401285,0.008025682182985553,0.004815409309791332,0.0,0.0032102728731942215,0.0016051364365971107,0.0016051364365971107,0.268,0.3531300160513643,0.4149908592321755,0.7681208752835398,0.3241206030150754,21.508828250401287,10.914927768860354,540,609,105,0.2019704433497537,0.7523809523809524,0.21904761904761905,0.02857142857142857,0.029556650246305417,0.10509031198686371,0.13793103448275862,0.10180623973727422,0.003284072249589491,0.26108374384236455,0.003284072249589491,0.008210180623973728,0.0,0.0016420361247947454,0.0,0.0016420361247947454,0.228,0.307,0.381,0.689,0.285,26.1,10.2
136,144,TJ Friedl,CIN,131,602.8483245149912,685.0,129.26807760141094,0.21869488536155202,0.7663551401720445,0.18691588785046728,0.03738317757009346,0.029982363315696654,0.12522045855379188,0.11640211640211642,0.08465608465608467,0.0,0.16754850088183423,0.02116402116402117,0.0070546737213403885,0.0070546737213403885,0.028218694885361554,0.0070546737213403885,0.02116402116402117,0.248,0.3268206039076377,0.4048096192384769,0.7316302231461147,0.2736572890025575,16.75485008818342,8.465608465608465,579,685,137,0.22043795620437956,0.8248175182481752,0.16058394160583941,0.014598540145985401,0.020437956204379562,0.11970802919708029,0.07737226277372262,0.11824817518248175,0.0,0.1678832116788321,0.02335766423357664,0.0072992700729927005,0.00583941605839416,0.017518248175182483,0.004379562043795621,0.013138686131386862,0.261,0.364,0.378,0.742,0.301,16.8,11.8
137,145,Jasson Dominguez,NYY,134,383.22030981067127,429.0,81.22203098106714,0.22547332185886407,0.7909090909090908,0.19090909090909086,0.01818181818181818,0.036144578313253004,0.12736660929432014,0.12220309810671257,0.0963855421686747,0.0017211703958691911,0.2478485370051635,0.0034423407917383827,0.005163511187607573,0.0017211703958691911,0.03958691910499139,0.008605851979345954,0.030981067125645436,0.252,0.3258620689655172,0.4219653179190751,0.7478273868845924,0.3081232492997199,24.78485370051635,9.638554217,381,429,88,0.22843822843822845,0.7840909090909091,0.20454545454545456,0.011363636363636364,0.023310023310023312,0.1351981351981352,0.10955710955710955,0.09557109557109557,0.002331002331002331,0.2680652680652681,0.006993006993006993,0.009324009324009324,0.0,0.053613053613053616,0.011655011655011656,0.04195804195804196,0.257,0.331,0.388,0.719,0.338,26.8,9.6
138,146,Adolis Garcia,TEX,143,495.49675324675326,547.0,92.35064935064935,0.21590909090909088,0.7307692307692308,0.25961538461538464,0.009615384615525243,0.04707792207792207,0.125,0.14448051948051946,0.07467532468007312,0.0016233766234003658,0.2792207792207792,0.00974025974025974,0.008116883116883116,0.0,0.01948051948051948,0.006493506493506494,0.012987012987012988,0.238,0.3008130081300813,0.4462365591397849,0.7470495672698663,0.287292818,27.92207792207792,7.467532467532467,507,547,96,0.21023765996343693,0.7083333333333334,0.2916666666666667,0.0,0.03473491773308958,0.10603290676416818,0.13711151736745886,0.051188299817184646,0.0018281535648994515,0.24680073126142596,0.009140767824497258,0.012797074954296161,0.0,0.02376599634369287,0.007312614259597806,0.016453382084095063,0.227,0.271,0.394,0.665,0.267,24.7,5.1
139,147,Jeff McNeil,NYM,121,417.12,462.0,102.08,0.24,0.7672413793103449,0.22413793103448276,0.008620689655172414,0.01904761904761905,0.11238095238095239,0.10285714285714287,0.06666666666666667,0.0019047619047619048,0.12571428571428572,0.02095238095238095,0.007619047619047619,0.0019047619047619048,0.009523809523809525,0.0019047619047619048,0.007619047619047619,0.266,0.3282442748091603,0.3881856540084388,0.716429929,0.2885572139303483,12.571428571428571,6.666666666666667,399,462,85,0.20995670995670995,0.6941176470588235,0.24705882352941178,0.058823529411764705,0.025974025974025976,0.09090909090909091,0.11688311688311688,0.10606060606060606,0.008658008658008658,0.11904761904761904,0.017316017316017316,0.008658008658008658,0.004329004329004329,0.006493506493506494,0.0,0.006493506493506494,0.243,0.335,0.411,0.746,0.253,11.9,10.6
140,148,Logan O'Hoppe,LAA,115,404.04121475054234,451.0,78.2646420824295,0.2169197396963124,0.7875,0.1875,0.0125,0.04338394793926247,0.11713665943600868,0.12581344902386118,0.08026030368763559,0.0,0.2603036876355748,0.015184381778741866,0.004338394793926247,0.0021691973969631237,0.0065075921908893716,0.004338394793926247,0.0021691973969631237,0.241,0.3137254901960784,0.4261501210653753,0.7398756112614537,0.2909090909090909,26.030368763557483,8.026030368763557,423,451,71,0.19955654101995565,0.8732394366197183,0.11267605633802817,0.014084507042253521,0.04212860310421286,0.07760532150776053,0.09534368070953436,0.05321507760532151,0.0,0.3082039911308204,0.004434589800443459,0.0022172949002217295,0.0022172949002217295,0.004434589800443459,0.0022172949002217295,0.0022172949002217295,0.213,0.258,0.371,0.629,0.267,30.8,5.3
141,149,Joc Pederson,TEX,105,262.28571428571433,306.0,51.112087912087915,0.2153846153846154,0.7500000000000001,0.22368421052631574,0.026315789473684213,0.04835164835164835,0.1340659340659341,0.14505494505494507,0.1120879120879121,0.006593406593406593,0.2417582417582418,0.024175824175824177,0.008791208791208791,0.0,0.01098901098901099,0.004395604395604396,0.006593406593406593,0.251,0.3508771929824561,0.4743589743589743,0.8252361673414305,0.2900763358778626,24.175824175824175,11.20879120879121,265,306,39,0.1568627450980392,0.717948717948718,0.2564102564102564,0.02564102564102564,0.029411764705882353,0.0915032679738562,0.08496732026143791,0.1111111111111111,0.0,0.21241830065359477,0.016339869281045753,0.0032679738562091504,0.0,0.006535947712418301,0.0,0.006535947712418301,0.181,0.285,0.328,0.614,0.203,21.2,11.1
142,150,Tyler Fitzgerald,SFG,136,221.51020408163265,243.0,43.392857143306124,0.21258503401360543,0.7238095238020346,0.2476190476164856,0.02857142857113295,0.03401360544032922,0.12414965986394558,0.12414965986394558,0.0663265306122449,0.0,0.304421768707483,0.015306122448979593,0.005102040816326531,0.0017006802716049382,0.03231292517006803,0.008503401360544218,0.023809523809523808,0.234,0.2947189097103918,0.4048507462686567,0.6995696559790485,0.3088235294117647,30.44217687,6.632653061,217,243,43,0.1934156378600823,0.7441860465116279,0.23255813953488372,0.023255813953488372,0.01646090534979424,0.07818930041152264,0.05761316872427984,0.06995884773662552,0.0,0.2880658436213992,0.00823045267489712,0.00411522633744856,0.024691358024691357,0.037037037037037035,0.01646090534979424,0.0205761316872428,0.217,0.278,0.327,0.606,0.299,28.800000000000004,7.000000000000001
143,151,Jesus Sanchez,MIA,125,448.12987012987014,497.0,95.89610389610388,0.23191094619666044,0.7403846153846155,0.24038461538461542,0.019230769230769232,0.03896103896103896,0.11688311688311688,0.13172541743970315,0.08348794063079777,0.0037105751391465678,0.2541743970315399,0.00927643784786642,0.0037105751391465678,0.0018552875694164991,0.018552875695732836,0.0037105751391465678,0.014842300556586271,0.256,0.3252788104089219,0.4465020576131687,0.7717808680220907,0.3151515151515151,25.41743970315399,8.348794063079778,451,497,93,0.2152917505030181,0.7311827956989247,0.22580645161290322,0.043010752688172046,0.028169014084507043,0.1227364185110664,0.096579476861167,0.08450704225352113,0.002012072434607646,0.22132796780684105,0.004024144869215292,0.004024144869215292,0.0,0.026156941649899398,0.006036217303822937,0.02012072434607646,0.237,0.304,0.395,0.699,0.283,22.1,8.5
144,152,Ryan Jeffers,MIN,100,409.8858560794045,464.0,77.14143920595534,0.20843672456575682,0.7313432835820896,0.25373134328358204,0.014925373130854349,0.042183622828784115,0.11662531017369726,0.12903225806451613,0.08436724565756823,0.0,0.23076923076923078,0.022332506203473945,0.007444168734913792,0.002481389577586207,0.004962779157327586,0.0,0.004962779157327586,0.235,0.3159203980099502,0.4325842696629213,0.7485046676728716,0.2690763052208835,23.076923076923077,8.436724565756824,406,464,99,0.23275862068965517,0.7373737373737373,0.26262626262626265,0.0,0.01939655172413793,0.10129310344827586,0.10129310344827586,0.10775862068965517,0.0021551724137931034,0.1961206896551724,0.015086206896551725,0.0021551724137931034,0.0,0.0021551724137931034,0.0021551724137931034,0.0,0.266,0.356,0.397,0.752,0.322,19.6,10.8
145,153,Jonathan India,KCR,139,484.1162790697675,567.0,109.25581395348837,0.21428571428571427,0.7327586206896551,0.25,0.01724137931034483,0.02159468438538206,0.13122923588039867,0.0946843853820598,0.10963455149501661,0.0,0.1910299003322259,0.02491694352159468,0.0066445182724252485,0.003322259136212625,0.01993355481727575,0.004983388704318937,0.014950166112956811,0.251,0.350584307178631,0.3910505836575875,0.7416348908362186,0.2974358974358974,19.102990033222593,10.96345514950166,497,567,107,0.20458553791887124,0.7289719626168224,0.27102803738317754,0.0,0.015873015873015872,0.1111111111111111,0.07936507936507936,0.09523809523809523,0.0,0.18694885361552027,0.02292768959435626,0.003527336860670194,0.001763668430335097,0.0,0.007054673721340388,-0.007054673721340388,0.233,0.323,0.346,0.669,0.279,18.7,9.5
146,154,Luis Arraez,SDP,149,625.7375776397515,674.9999999999999,183.42391304347825,0.2841614906832298,0.8171428571428571,0.1714285714285714,0.017142857142857144,0.012422360248447206,0.12422360248447205,0.09161490683229814,0.05745341614906833,0.006211180124223603,0.05745341614906833,0.007763975155279503,0.004658385093167703,0.0031055900621118015,0.01086956521777778,0.004658385093167703,0.006211180124223603,0.306,0.3504672897196261,0.4087102177554438,0.759177507,0.3153153153153153,5.745341614906832,5.745341614906832,620,675,173,0.26814814814814814,0.8034682080924855,0.17341040462427745,0.023121387283236993,0.011851851851851851,0.09777777777777778,0.09037037037037036,0.05037037037037037,0.0,0.03111111111111111,0.002962962962962963,0.01037037037037037,0.017777777777777778,0.016296296296296295,0.005925925925925926,0.01037037037037037,0.292,0.327,0.392,0.719,0.289,3.1,5.0
147,156,Salvador Perez,KCR,149,589.6781045751634,641.0,126.73366013071896,0.24019607843137256,0.7851239669421489,0.2066115702479339,0.008264462809917356,0.042483660130718956,0.10784313725490195,0.14379084967320263,0.053921568627450976,0.011437908496732027,0.22058823529411767,0.01797385620915033,0.008169934640522876,0.0,0.0,0.0,0.0,0.261,0.3120915032679738,0.4476021314387211,0.7596936347066949,0.2972972972972973,22.058823529411764,5.392156862745098,597,641,111,0.21996879875195008,0.6846846846846847,0.3153153153153153,0.0,0.046801872074883,0.0842433697347894,0.15600624024961,0.0436817472698908,0.0078003120124804995,0.19500780031201248,0.0187207488299532,0.0015600624024961,0.0,0.0,0.0,0.0,0.236,0.284,0.446,0.729,0.251,19.5,4.4
148,157,George Springer,TOR,141,522.4926108374384,586.0,106.80788177339903,0.21510673234811167,0.7747747747747746,0.2072072072072072,0.018018018018018014,0.03284072249589491,0.12479474548440066,0.1149425287356322,0.09195402298850575,0.0,0.19211822660098526,0.009852216748768473,0.006568144499178982,0.0016420361247947454,0.022988505747126436,0.0049261083743842365,0.018062397372742203,0.242,0.3169129720853859,0.4014732965009208,0.7183862685863067,0.2707317073170732,19.21182266009852,9.195402298850574,498,586,122,0.2627986348122867,0.7704918032786885,0.22131147540983606,0.00819672131147541,0.05460750853242321,0.18088737201365188,0.14334470989761092,0.11774744027303755,0.005119453924914676,0.189419795221843,0.013651877133105802,0.006825938566552901,0.0,0.030716723549488054,0.0017064846416382253,0.02901023890784983,0.309,0.399,0.56,0.959,0.34,18.9,11.8
149,158,Otto Lopez,MIA,112,546.0372670807454,594.0,142.6583850931677,0.2525879917184265,0.7672413793103448,0.20689655172413796,0.025862068965517248,0.012422360248447208,0.11180124223602486,0.09523809523809525,0.06418219461697723,0.0,0.17184265010351965,0.008281573498964804,0.006211180124223604,0.004140786749482402,0.033126293995859216,0.008281573498964804,0.024844720496894415,0.275,0.3257261410788382,0.3828828828828828,0.7086090239617211,0.3240223463687151,17.184265010351968,6.418219461697723,544,594,119,0.2255892255892256,0.8235294117647058,0.17647058823529413,0.0,0.025252525252525252,0.1111111111111111,0.12962962962962962,0.07407407407407407,0.003367003367003367,0.13804713804713806,0.005050505050505051,0.005050505050505051,0.0,0.025252525252525252,0.010101010101010102,0.015151515151515152,0.246,0.305,0.368,0.672,0.264,13.8,7.400000000000001
150,159,Jake Meyers,HOU,100,343.2511520737327,381.0,71.10829493087557,0.21428571428571427,0.7530864197530864,0.22222222222222224,0.024691358024691357,0.027649769585253458,0.11290322580645161,0.11290322580645161,0.07373271889400922,0.0,0.24423963133858265,0.013824884792626729,0.0069124423963133645,0.004608294930875576,0.018433179723502304,0.004608294930875576,0.013824884792626729,0.238,0.3032407407407407,0.3861892583120204,0.6894299990527613,0.2934782608695652,24.42396313364055,7.373271889400922,343,381,97,0.26246719160104987,0.8247422680412371,0.15463917525773196,0.020618556701030927,0.007874015748031496,0.13910761154855644,0.06299212598425197,0.08136482939632546,0.0,0.17585301837270342,0.007874015748031496,0.005249343832020997,0.005249343832020997,0.04199475065616798,0.013123359580052493,0.028871391076115485,0.292,0.354,0.373,0.727,0.353,17.6,8.1
151,160,Wilyer Abreu,BOS,110,366.1890756302521,417.0,75.34033613445379,0.2142857142857143,0.6976744186046511,0.2790697674418604,0.011627906976744184,0.03361344537815126,0.12605042016806722,0.12394957983193276,0.10714285714285715,0.0,0.2689075630252101,0.0063025210084033615,0.0063025210084033615,0.0021008403361344537,0.018907563025210083,0.0063025210084033615,0.012605042016806723,0.243,0.3284210526315789,0.4186602870813397,0.7470813397129187,0.3104693140794224,26.89075630252101,10.714285714285714,373,417,70,0.22062350119904076,0.7571428571428571,0.24285714285714285,0.0,0.05275779376498801,0.12709832134292565,0.16546762589928057,0.09592326139088729,0.011990407673860911,0.2422062350119904,0.0,0.007194244604316547,0.002398081534772182,0.014388489208633094,0.007194244604316547,0.007194244604316547,0.247,0.317,0.469,0.786,0.277,24.2,9.6
152,161,Tyler Stephenson,CIN,121,304.31020408163266,342.0,67.70204081632653,0.2285714285714286,0.7628865979381443,0.22680412371134023,0.010309278350515465,0.030612244897959183,0.12040816326530612,0.12448979591836737,0.09183673469387757,0.004081632653061225,0.2326530612244898,0.012244897959183675,0.006122448979591837,0.0,0.0020408163265306124,0.0,0.0020408163265306124,0.258,0.3326530612244898,0.4151376146788991,0.7477906759033889,0.3129032258064516,23.26530612244898,9.183673469387756,299,342,56,0.20175438596491227,0.6785714285714286,0.32142857142857145,0.0,0.038011695906432746,0.11695906432748537,0.14619883040935672,0.10818713450292397,0.0029239766081871343,0.3391812865497076,0.005847953216374269,0.011695906432748537,0.0,0.0,0.0029239766081871343,-0.0029239766081871343,0.231,0.316,0.421,0.737,0.322,33.9,10.8
153,162,Kyle Isbel,KCR,126,370.7967032967033,409.0,80.90109890098901,0.2197802197799511,0.7129629629639315,0.22222222222252408,0.06481481481490285,0.02197802197802198,0.12820512820512822,0.10439560440097799,0.06776556776556776,0.0,0.20879120880195598,0.01098901098901099,0.005494505494505495,0.007326007326007326,0.027472527472527472,0.007326007326007326,0.020146520146699265,0.242,0.3012939001848428,0.3919191919191919,0.6932130921040348,0.2903225806451613,20.87912087912088,6.7765567765567765,368,409,90,0.22982885085574573,0.7777777777777778,0.17777777777777778,0.044444444444444446,0.009779951100244499,0.10268948655256724,0.08068459657701711,0.05623471882640587,0.0,0.18092909535452323,0.004889975550122249,0.007334963325183374,0.03178484107579462,0.009779951100244499,0.012224938875305624,-0.0024449877750611247,0.255,0.301,0.353,0.654,0.307,18.1,5.6
154,163,Connor Norby,MIA,136,304.33163265306126,337.0,65.33673468938775,0.2244897959050445,0.7368421053137921,0.24561403510459737,0.017543859650328383,0.030612244897959186,0.1326530612244898,0.11394557823129252,0.07993197278911565,0.0,0.2755102040816326,0.008503401360544218,0.006802721088435375,0.0017006802721088437,0.015306122448979593,0.006802721088435375,0.008503401360544218,0.248,0.313458262,0.4105461393596987,0.7240044017106357,0.3211267605633803,27.55102040816326,7.993197278911565,311,337,70,0.2314540059347181,0.7428571428571429,0.24285714285714285,0.014285714285714285,0.02373887240356083,0.12462908011869436,0.10089020771513353,0.05341246290801187,0.0,0.26706231454005935,0.01483679525222552,0.008902077151335312,0.0,0.02373887240356083,0.005934718100890208,0.017804154302670624,0.251,0.3,0.389,0.689,0.324,26.700000000000003,5.3
155,164,Heliot Ramos,SFG,139,631.5033222591362,695.0,132.765780730897,0.22757475083056478,0.7565217391304347,0.21739130434782608,0.02608695652173913,0.03654485049833887,0.11960132890365449,0.12956810631229237,0.07475083056478404,0.0016611295681063123,0.2624584717607974,0.008305647840531562,0.006644518272425249,0.0,0.011627906976744184,0.0049833887043189366,0.006644518272425249,0.251,0.3111480865224625,0.4277879341864716,0.7389360207089342,0.3099730458221024,26.245847176079735,7.475083056478406,620,695,138,0.22877697841726619,0.8188405797101449,0.17391304347826086,0.007246376811594203,0.030215827338129497,0.1223021582733813,0.09928057553956834,0.07482014388489208,0.0028776978417266188,0.2273381294964029,0.02446043165467626,0.008633093525179856,0.0,0.008633093525179856,0.0057553956834532375,0.0028776978417266188,0.256,0.328,0.4,0.728,0.309,22.7,7.5
156,165,Michael Massey,KCR,120,255.61003861003863,277.0,56.683397683397686,0.23745173745173748,0.7264150943396226,0.25471698113207547,0.028301886792452834,0.03281853281853282,0.11583011583011583,0.12548262548262548,0.05405405405405406,0.0019305019305019305,0.1891891891891892,0.011583011583011582,0.009652509652509654,0.003861003861003861,0.007722007722007722,0.0019305019305019305,0.005791505791505792,0.257,0.3036750483558994,0.4351464435146444,0.7388214918705438,0.2880434782608695,18.91891891891892,5.405405405405405,262,277,61,0.23104693140794225,0.8524590163934426,0.14754098360655737,0.0,0.010830324909747292,0.07220216606498195,0.07220216606498195,0.032490974729241874,0.0,0.1552346570397112,0.0036101083032490976,0.01444043321299639,0.0036101083032490976,0.007220216606498195,0.0036101083032490976,0.0036101083032490976,0.244,0.268,0.313,0.581,0.277,15.5,3.2
157,166,Josh Naylor,ARI,141,542.5090311986863,604.0,121.99014778325122,0.23973727422003283,0.7317073170731708,0.2601626016260163,0.0,0.037766830870279156,0.11822660099337748,0.1527093596059113,0.08210180623973727,0.011494252873563218,0.15599343185430464,0.009852216748768473,0.008210180623973728,0.0,0.011494252873563218,0.0032840722495894913,0.008210180623973728,0.266,0.3322368421052631,0.449725776965265,0.7819626190705282,0.2834101382488479,15.599343185550085,8.210180623973727,543,604,140,0.26490066225165565,0.7857142857142857,0.20714285714285716,0.007142857142857143,0.033112582781456956,0.13410596026490065,0.152317880794702,0.07947019867549669,0.006622516556291391,0.13741721854304637,0.006622516556291391,0.008278145695364239,0.0,0.04966887417218543,0.0033112582781456954,0.046357615894039736,0.295,0.353,0.462,0.816,0.315,13.699999999999998,7.9
158,167,Jose Trevino,CIN,66,278.9465648854962,302.0,59.93893129770992,0.22519083969465647,0.7884615384615385,0.19230769230769232,0.019230769230769232,0.0267175572519084,0.1068702290076336,0.11450381679389314,0.06106870229007635,0.0,0.1717557251908397,0.0076335877862595426,0.0038167938931297713,0.0038167938931297713,0.0076335877862595426,0.0038167938931297713,0.0038167938931297713,0.246,0.2950191570881226,0.3801652892561983,0.675184446,0.2722513089005235,17.17557251908397,6.106870229007633,282,302,63,0.22185430463576158,0.6825396825396826,0.31746031746031744,0.0,0.013245033112582781,0.09933774834437085,0.0728476821192053,0.04966887417218543,0.0,0.1291390728476821,0.0,0.013245033112582781,0.0033112582781456954,0.0,0.0,0.0,0.238,0.272,0.351,0.623,0.259,12.9,5.0
159,168,Danny Jansen,TBR,91,294.75766016713095,337.0,52.56824512534819,0.1977715877437326,0.7142857142857143,0.2678571428571429,0.0,0.041782729805013935,0.11977715877437325,0.12256267409470753,0.10027855153203342,0.0,0.20055710306406685,0.016713091922005572,0.008356545961002786,0.0,0.0,0.0,0.0,0.225,0.3147632311977716,0.4140127388535032,0.7287759700512748,0.2434782608695652,20.055710306406684,10.027855153203342,288,337,48,0.18397626112759644,0.7708333333333334,0.22916666666666666,0.0,0.04154302670623145,0.11275964391691394,0.10682492581602374,0.12462908011869436,0.0,0.2551928783382789,0.011869436201780416,0.005934718100890208,0.002967359050445104,0.0,0.0,0.0,0.215,0.321,0.399,0.721,0.253,25.5,12.5
160,169,Michael Busch,CHC,128,519.2043399638337,592.0,102.77034358047018,0.20976491862567814,0.7187499999999999,0.2708333333333333,0.020833333333333332,0.03616636528028933,0.12839059674502712,0.1247739602169982,0.10488245931283907,0.001808318264014467,0.27486437613019893,0.012658227847972974,0.007233273056057867,0.0,0.0036166365280289334,0.001808318264014467,0.001808318264014467,0.24,0.3267148014440433,0.4268041237113402,0.7535189251553835,0.3028391167192429,27.48643761301989,10.488245931283906,524,592,103,0.23141891891891891,0.7087378640776699,0.24271844660194175,0.04854368932038835,0.057432432432432436,0.13175675675675674,0.15202702702702703,0.0945945945945946,0.0033783783783783786,0.23479729729729729,0.016891891891891893,0.0033783783783783786,0.0,0.006756756756756757,0.0,0.006756756756756757,0.261,0.343,0.523,0.866,0.292,23.5,9.5
161,170,Jorge Polanco,SEA,126,462.57875457875457,524.0,85.4139194139194,0.19780219780219777,0.7865168539325844,0.21348314606741575,0.0,0.0347985347985348,0.10989010989010989,0.11355311355311355,0.10256410256410256,0.0036630036630036634,0.2692307692307693,0.007326007326007326,0.007326007326007326,0.0018315018315018313,0.009157509157509158,0.0036630036630036634,0.005494505494505494,0.224,0.3076923076923077,0.3817427385892116,0.6894350462815193,0.278125,26.923076923076923,10.256410256410255,471,524,99,0.2385496183206107,0.696969696969697,0.30303030303030304,0.0,0.04961832061068702,0.12213740458015267,0.14885496183206107,0.08015267175572519,0.0019083969465648854,0.15648854961832062,0.0057251908396946565,0.009541984732824428,0.0057251908396946565,0.011450381679389313,0.0057251908396946565,0.0057251908396946565,0.265,0.326,0.495,0.821,0.269,15.6,8.0
162,172,Trevor Story,BOS,141,588.4926108374384,654.0,113.83251231527095,0.20197044334975373,0.6981132075861173,0.29245283018867924,0.018867924528301886,0.02791461412151068,0.11165845648604271,0.11165845648604271,0.08210180623973727,0.006568144499178982,0.28899835796387524,0.011494252873563218,0.006568144499178982,0.0016420361247947454,0.03776683087027914,0.009852216748768473,0.02791461412151068,0.225,0.2955665024630542,0.3832116788321167,0.678778181,0.2952646239554317,28.899835796387517,8.210180623973727,612,654,136,0.24617737003058104,0.7867647058823529,0.21323529411764705,0.0,0.0382262996941896,0.13914373088685014,0.14678899082568808,0.05045871559633028,0.0015290519877675841,0.2691131498470948,0.010703363914373088,0.0015290519877675841,0.0015290519877675841,0.047400611620795105,0.0015290519877675841,0.045871559633027525,0.263,0.308,0.433,0.741,0.33,26.899999999999995,5.0
163,173,Jake Cronenworth,SDP,139,454.2607973421927,515.0,96.66943521594685,0.21262458471760798,0.7168141592920354,0.23893805309734512,0.035398230088495575,0.02491694352159468,0.11295681063122924,0.11129568106312292,0.08970099667774085,0.0016611295681063123,0.18770764119601327,0.018272425249169433,0.008305647840531562,0.0016611295681063123,0.006644518272425249,0.0033222591362126247,0.0033222591362126247,0.24,0.3211314475873544,0.3898305084745763,0.7109619560619307,0.2769607843137255,18.77076411960133,8.970099667774086,419,515,92,0.2,0.7717391304347826,0.21739130434782608,0.010869565217391304,0.021359223300970873,0.11844660194174757,0.1145631067961165,0.13398058252427184,0.001941747572815534,0.20776699029126214,0.02912621359223301,0.013592233009708738,0.007766990291262136,0.005825242718446602,0.005825242718446602,0.0,0.246,0.367,0.377,0.744,0.299,20.8,13.4
164,174,Spencer Horwitz,PIT,102,352.2857142857143,411.0,85.74149659863946,0.23129251700680273,0.7282608695564899,0.2717391304347826,0.010869565217391306,0.02267573696145125,0.12018140589569162,0.10657596371882087,0.12018140589569162,0.00453514739229025,0.18140589569343066,0.01360544217687075,0.006802721088435375,0.0,0.00453514739229025,0.002267573696145125,0.002267573696145125,0.27,0.3659090909090909,0.4232804232804232,0.7891895141895142,0.3161512027491409,18.140589569161,12.01814058956916,364,411,88,0.24087591240875914,0.7045454545454546,0.29545454545454547,0.0,0.0267639902676399,0.13381995133819952,0.12408759124087591,0.1070559610705596,0.0024330900243309003,0.17761557177615572,0.004866180048661801,0.0024330900243309003,0.0,0.0,0.0024330900243309003,-0.0024330900243309003,0.272,0.353,0.434,0.787,0.313,17.8,10.7
165,175,Jake McCarthy,ARI,120,199.7142857142857,222.0,49.285714285714285,0.23938223938223938,0.7739130434782608,0.16521739130434782,0.06086956521739131,0.017374517374517374,0.12355212355212354,0.11003861003861003,0.07142857142857142,0.0,0.1795366795366795,0.019305019305019305,0.005791505791505791,0.005791505791505791,0.05019305019305019,0.011583011583011582,0.03861003861003861,0.266,0.3313953488372093,0.3948497854077253,0.7262451342449345,0.3133514986376022,17.953667953667953,7.142857142857142,206,222,38,0.1891891891891892,0.6842105263157895,0.18421052631578946,0.13157894736842105,0.018018018018018018,0.08108108108108109,0.09009009009009009,0.04504504504504504,0.0,0.18018018018018017,0.009009009009009009,0.0045045045045045045,0.013513513513513514,0.02702702702702703,0.0,0.02702702702702703,0.204,0.247,0.345,0.591,0.233,18.0,4.5
166,176,Colt Keith,DET,126,423.4285714285714,468.0,96.85714285714285,0.23626373626373623,0.7345132743362832,0.23008849557522126,0.02654867256637168,0.029304029304029304,0.1227106227106227,0.12637362637362637,0.08241758241758242,0.0018315018315018315,0.21245421245421242,0.005494505494505494,0.007326007326007326,0.0,0.007326007326007326,0.0018315018315018315,0.005494505494505494,0.262,0.3241758241758242,0.4210526315789473,0.7452284557547715,0.3087431693989071,21.245421245421245,8.241758241758241,414,468,93,0.2264957264957265,0.7419354838709677,0.23655913978494625,0.021505376344086023,0.027777777777777776,0.1388888888888889,0.09615384615384616,0.10256410256410256,0.002136752136752137,0.21794871794871795,0.004273504273504274,0.008547008547008548,0.0,0.002136752136752137,0.002136752136752137,0.0,0.256,0.333,0.413,0.746,0.307,21.8,10.3
167,177,Brooks Lee,MIN,113,482.90408163265306,527.0,108.62653061224489,0.22857142857142856,0.7227722772277227,0.25742574257425743,0.019801980198019802,0.022448979591836737,0.10816326530612246,0.11224489795066413,0.07142857142857144,0.004081632653061225,0.16530612244897958,0.004081632653061225,0.006122448979591836,0.002040816326530613,0.012244897959183673,0.002040816326530613,0.010204081632653062,0.249,0.3047034764826176,0.3897550111358575,0.6944584876184751,0.2805555555555555,16.53061224489796,7.142857142857142,487,527,99,0.21821631878557876,0.8383838383838383,0.15151515151515152,0.010101010101010102,0.030360531309297913,0.09487666034155598,0.12144212523719165,0.058823529411764705,0.0,0.174573055028463,0.007590132827324478,0.009487666034155597,0.0,0.0056925996204933585,0.0018975332068311196,0.003795066413662239,0.236,0.285,0.37,0.654,0.258,17.5,5.9
168,178,Jacob Young,WSN,130,328.25,364.0,79.30000000000001,0.225,0.7868852459016393,0.18852459016393439,0.016393442622950817,0.0071428571428571435,0.11964285714285713,0.08392857142857144,0.06428571428571428,0.0,0.18571428571428575,0.017857142857142856,0.005357142857142857,0.010714285714285714,0.055357142857142855,0.012499999999999999,0.04285714285714286,0.249,0.3104693140794224,0.3247524752475247,0.6352217893269472,0.305,18.571428571428573,6.428571428571428,324,364,73,0.20604395604395603,0.8493150684931506,0.136986301369863,0.0136986301369863,0.005494505494505495,0.09340659340659341,0.08516483516483517,0.07417582417582418,0.0,0.17857142857142858,0.008241758241758242,0.0027472527472527475,0.024725274725274724,0.04120879120879121,0.03021978021978022,0.01098901098901099,0.231,0.296,0.287,0.583,0.283,17.9,7.400000000000001
169,179,Jonah Heim,TEX,84,396.5915915915916,432.99999999999994,79.318318316997,0.21321321321016168,0.7704918032915237,0.2131147541019108,0.016393442623223908,0.030030030030030033,0.10510510510510511,0.12012012012012013,0.06906906906906907,0.0,0.1861861861861862,0.006006006006006006,0.006006006006006006,0.003003003003003003,0.003003003003003003,0.0,0.003003003003003003,0.233,0.2891566265060241,0.380327869,0.6694844953584831,0.2595744680851063,18.61861861861862,6.906906906906906,395,433,73,0.19399538106235567,0.8082191780821918,0.1917808219178082,0.0,0.025404157043879907,0.08775981524249422,0.09930715935334873,0.07390300230946882,0.0,0.20323325635103925,0.0023094688221709007,0.009237875288683603,0.0023094688221709007,0.006928406466512702,0.0,0.006928406466512702,0.213,0.271,0.332,0.602,0.243,20.3,7.400000000000001
170,181,Jake Burger,TEX,143,344.2597402597402,376.0,64.09090909090908,0.22240259740259738,0.742857142857143,0.24761904761904763,0.01904761904761905,0.051948051948051945,0.12175324675324675,0.15097402597402598,0.05844155844155845,0.0016233766233766233,0.2678571428571429,0.016233766233766232,0.006493506493506493,0.0016233766233766233,0.0032467532467532465,0.0016233766233766233,0.0016233766233766233,0.243,0.2980456026058632,0.4680851063829787,0.766130709,0.2830188679245283,26.785714285714285,5.844155844155844,356,376,68,0.22340425531914893,0.7647058823529411,0.22058823529411764,0.014705882352941176,0.0425531914893617,0.11436170212765957,0.14095744680851063,0.031914893617021274,0.0,0.2473404255319149,0.013297872340425532,0.007978723404255319,0.0,0.0026595744680851063,0.0026595744680851063,0.0,0.236,0.269,0.419,0.687,0.272,24.7,3.2
171,182,Dylan Crews,WSN,134,291.51807228915663,322.0,63.18072289156626,0.22203098106712563,0.736842105263158,0.2280701754385965,0.03508771929824562,0.025817555938037865,0.12048192771084337,0.11187607573149742,0.06884681583476764,0.0,0.22030981067125646,0.01549053356282272,0.008605851979345954,0.0017211703958691911,0.043029259896729774,0.012048192771084338,0.030981067125645443,0.246,0.3068965517241379,0.3954372623574144,0.7023338140815524,0.2938144329896907,22.030981067125648,6.884681583476763,293,322,51,0.18944099378881987,0.803921568627451,0.1568627450980392,0.0392156862745098,0.031055900621118012,0.13354037267080746,0.08385093167701864,0.07453416149068323,0.0,0.2360248447204969,0.015527950310559006,0.0,0.0,0.052795031055900624,0.015527950310559006,0.037267080745341616,0.208,0.28,0.352,0.631,0.246,23.6,7.5
172,183,Luke Raley,SEA,112,194.06211180124225,219.0,36.273291928999996,0.20703933748858447,0.7624999999257087,0.22499999997807796,0.02499999999379709,0.04140786749315068,0.12215320910973085,0.13043478260869565,0.06832298136645963,0.0,0.3022774327122153,0.03726708074534162,0.006211180124223603,0.0020703933744292235,0.020703933748858448,0.006211180124223603,0.014492753623188408,0.234,0.3132780082987552,0.4275700934579439,0.7408481017566991,0.3018867924528302,30.22774327122153,6.832298136645963,183,219,33,0.1689497716894977,0.7575757575757576,0.24242424242424243,0.0,0.0182648401826484,0.1050228310502283,0.0867579908675799,0.0867579908675799,0.0,0.2922374429223744,0.0593607305936073,0.0045662100456621,0.0136986301369863,0.0091324200913242,0.0045662100456621,0.0045662100456621,0.202,0.319,0.311,0.631,0.284,29.2,8.7
173,184,Dylan Moore,SEA,94,207.0886699507389,243.0,36.50985221763547,0.1773399014814815,0.6721311475246599,0.27868852458339555,0.049180327867658045,0.027093596059113302,0.1206896551724138,0.09852216748768472,0.11083743842364531,0.0024630541871921183,0.29064039408866993,0.027093596059113302,0.007389162561576356,0.0024630541871921183,0.06157635467980294,0.01477832512315271,0.04679802955665024,0.208,0.3160493827160494,0.3699421965317919,0.6859915792478413,0.2772727272727273,29.064039408866993,11.083743842364532,219,243,33,0.18106995884773663,0.8484848484848485,0.15151515151515152,0.0,0.04526748971193416,0.1440329218106996,0.102880658436214,0.0823045267489712,0.0,0.3374485596707819,0.00411522633744856,0.012345679012345678,0.0,0.05761316872427984,0.0205761316872428,0.037037037037037035,0.201,0.267,0.374,0.642,0.256,33.7,8.2
174,185,Jurickson Profar,ATL,147,319.7472527472528,371.0,73.96703296703298,0.22291993720565154,0.7559055118110235,0.22834645669291337,0.007874015748031496,0.023547880690737835,0.12872841444270017,0.10518053375196232,0.11145996860282577,0.0031397174254317113,0.16169544740973313,0.015698587127158558,0.006279434851752021,0.004709576138147566,0.01098901098901099,0.0031397174254317113,0.007849293563579279,0.258,0.3517350157728706,0.3952641165755919,0.7469991323484626,0.2919540229885057,16.16954474097331,11.145996860282574,318,371,64,0.21024258760107817,0.734375,0.25,0.015625,0.03773584905660377,0.1509433962264151,0.11590296495956873,0.1293800539083558,0.0,0.15902964959568733,0.013477088948787063,0.0,0.0,0.02425876010781671,0.005390835579514825,0.018867924528301886,0.245,0.353,0.434,0.787,0.261,15.9,12.9
175,186,Josh Smith,TEX,87,491.5079365079365,563.0,107.23809523809524,0.21428571428571427,0.7499999999999999,0.2361111111111111,0.013888888888888888,0.023809523809523808,0.11904761904761904,0.1058201058201058,0.08994708994708994,0.0026455026455026454,0.20634920634920634,0.02645502645502645,0.005291005291005291,0.0026455026455026454,0.015873015873015872,0.005291005291005291,0.010582010582010581,0.245,0.3324468085106383,0.3848484848484848,0.7172952933591231,0.2938775510204082,20.634920634920633,8.994708994708994,495,563,114,0.2202486678507993,0.7807017543859649,0.20175438596491227,0.017543859649122806,0.017761989342806393,0.12433392539964476,0.06216696269982238,0.09769094138543517,0.003552397868561279,0.17761989342806395,0.014209591474245116,0.0017761989342806395,0.0053285968028419185,0.021314387211367674,0.0053285968028419185,0.015985790408525755,0.251,0.335,0.366,0.7,0.295,17.8,9.8
176,187,Jorge Soler,LAA,133,274.39024390243907,315.0,48.84146341463415,0.20209059233449478,0.7078651685393259,0.2808988764044944,0.0,0.047038327526132406,0.13066202090592335,0.132404181184669,0.11149825784126983,0.0017421602787456448,0.2578397212543554,0.01045296167247387,0.006968641114982579,0.0,0.0017421602787456448,0.0,0.0017421602787456448,0.231,0.3240418118466899,0.442,0.7660418118466898,0.270516717,25.78397212543554,11.149825783972126,279,315,48,0.19047619047619047,0.75,0.25,0.0,0.0380952380952381,0.09841269841269841,0.10793650793650794,0.08888888888888889,0.0,0.2984126984126984,0.012698412698412698,0.009523809523809525,0.0,0.0,0.0,0.0,0.215,0.293,0.387,0.68,0.273,29.799999999999997,8.9
177,190,Jo Adell,LAA,112,517.2422360248447,573.0,88.9751552795031,0.20289855072463767,0.72,0.2533333333333333,0.026666666666666665,0.047619047619047616,0.12422360248447203,0.14078674948240166,0.07453416149068323,0.0020703933747412005,0.2981366459627329,0.014492753623188404,0.006211180124223602,0.0020703933747412005,0.02691511387163561,0.012422360248447204,0.014492753623188404,0.226,0.2925311203319502,0.4357798165137614,0.7283109368457117,0.2757352941176471,29.81366459627329,7.453416149068323,526,573,87,0.2164048865619546,0.7816091954022989,0.20689655172413793,0.011494252873563218,0.06457242582897033,0.1099476439790576,0.17102966841186737,0.05759162303664921,0.0,0.26352530541012215,0.017452006980802792,0.0017452006980802793,0.0,0.008726003490401396,0.0017452006980802793,0.006980802792321117,0.236,0.293,0.485,0.778,0.257,26.4,5.8
178,191,Miguel Vargas,CHW,115,492.2937625754527,569.0,96.16901408450704,0.19919517102615694,0.7261904761904763,0.2619047619047619,0.02380952380952381,0.03018108651911469,0.12273641851106641,0.10462776659959759,0.11468812877263582,0.0,0.2112676056338028,0.012072434607645876,0.008048289738430584,0.002012072434607646,0.018108651911468817,0.006036217303822938,0.012072434607645876,0.231,0.3259557344064386,0.3976744186046511,0.7236301530110898,0.267515924,21.12676056338028,11.468812877263582,504,569,102,0.20738137082601055,0.6666666666666666,0.3137254901960784,0.0196078431372549,0.028119507908611598,0.140597539543058,0.1054481546572935,0.0984182776801406,0.0,0.1757469244288225,0.01054481546572935,0.005272407732864675,0.0,0.01054481546572935,0.0,0.01054481546572935,0.234,0.316,0.401,0.717,0.261,17.6,9.8
179,192,Nolan Gorman,STL,113,360.9795918367347,402.0,61.53061224836735,0.20408163266169155,0.7599999999571476,0.23999999998646762,0.0,0.0510204081632653,0.12448979591836734,0.13877551020408163,0.08979591836734693,0.002040816326530612,0.3244897959183673,0.006122448979591836,0.006122448979591836,0.002040816326530612,0.012244897959183673,0.002040816326530612,0.01020408163265306,0.227,0.3,0.4386363636363636,0.7386363636363636,0.2895752895752895,32.44897959183673,8.979591836734693,351,402,58,0.1791044776119403,0.7413793103448276,0.2413793103448276,0.017241379310344827,0.03482587064676617,0.11940298507462686,0.11442786069651742,0.11691542288557213,0.004975124378109453,0.3383084577114428,0.0,0.009950248756218905,0.0,0.0024875621890547263,0.0024875621890547263,0.0,0.205,0.296,0.37,0.666,0.283,33.8,11.7
180,193,Sal Frelick,MIL,104,536.9866071428572,594.0,135.24107142857144,0.2410714285714286,0.7745098039215685,0.196078431372549,0.02941176470588235,0.013392857142857144,0.11830357142857144,0.09598214285714286,0.078125,0.0,0.14732142857142858,0.011160714285714288,0.004464285714285715,0.0022321428571428575,0.02901785714285714,0.006696428571428571,0.022321428571428572,0.267,0.3310961968680089,0.3753086419753086,0.7064048388433176,0.3044776119402985,14.732142857142858,7.8125,528,594,140,0.2558922558922559,0.8357142857142857,0.14285714285714285,0.02142857142857143,0.020202020202020204,0.12794612794612795,0.10606060606060606,0.07912457912457913,0.0,0.13468013468013468,0.011784511784511785,0.008417508417508417,0.005050505050505051,0.03198653198653199,0.010101010101010102,0.021885521885521887,0.288,0.351,0.405,0.756,0.317,13.5,7.9
181,194,Orlando Arcia,ATL,138,194.5781512605042,214.0,39.563025210084035,0.21344537815126052,0.7636363636363636,0.21818181818181817,0.0,0.02857142857142857,0.1058823529411765,0.11092436974789917,0.07394957983193277,0.0016806722689075631,0.20672268907563024,0.0050420168067226885,0.008403361344537815,0.0016806722689075631,0.0033613445373831775,0.0,0.0033613445373831775,0.234,0.2934232715008432,0.3696857670979667,0.6631090385988099,0.270935961,20.672268907563023,7.394957983193278,203,214,38,0.19158878504672897,0.7894736842105263,0.18421052631578946,0.02631578947368421,0.014018691588785047,0.06074766355140187,0.06074766355140187,0.04672897196261682,0.0,0.21962616822429906,0.0,0.004672897196261682,0.0,0.0,0.004672897196261682,-0.004672897196261682,0.202,0.238,0.291,0.529,0.247,22.0,4.7
182,196,Alec Burleson,STL,110,501.2647058823529,546.0,119.29411764705881,0.2521008403361344,0.798076923076923,0.1923076923076923,0.009615384615384616,0.03361344537815126,0.11764705882352941,0.13025210084033612,0.0630252100840336,0.0,0.13655462184873948,0.008403361344537815,0.008403361344537815,0.0021008403361344537,0.012605042016483516,0.004201680672268907,0.008403361344537815,0.275,0.3242105263157894,0.4347826086956521,0.7589931350114416,0.2888888888888888,13.655462184873947,6.302521008403361,497,546,126,0.26373626373626374,0.7777777777777778,0.20634920634920634,0.015873015873015872,0.03296703296703297,0.0989010989010989,0.12637362637362637,0.07142857142857142,0.0018315018315018315,0.1446886446886447,0.005494505494505495,0.007326007326007326,0.0018315018315018315,0.009157509157509158,0.0018315018315018315,0.007326007326007326,0.29,0.343,0.459,0.801,0.312,14.499999999999998,7.1
183,197,Nolan Jones,COL,120,348.5405405405405,403.0,77.02123552123551,0.222007722007722,0.7171717171717172,0.25252525252525254,0.020202020202020204,0.03088803088803089,0.12162162162162164,0.12162162162162164,0.11776061776061776,0.005791505791505792,0.29343629343629346,0.00965250965260546,0.005791505791505792,0.0019305019305210919,0.021235521235521235,0.005791505791505792,0.015444015444015444,0.256,0.3500967117988394,0.4263392857142857,0.7764359975131252,0.3498233215547703,29.343629343629345,11.776061776061775,355,403,70,0.18610421836228289,0.7714285714285715,0.2,0.02857142857142857,0.01240694789081886,0.08436724565756824,0.08436724565756824,0.0967741935483871,0.0024813895781637717,0.2803970223325062,0.01240694789081886,0.007444168734491315,0.0024813895781637717,0.019851116625310174,0.007444168734491315,0.01240694789081886,0.211,0.296,0.304,0.6,0.292,28.000000000000004,9.7
184,199,Willi Castro,MIN,139,405.7342193,454.00000000000006,88.99003322259136,0.2176079734219269,0.7372881355932204,0.22881355932203393,0.03389830508474576,0.02159468438538206,0.1229235880398671,0.10132890365448505,0.07142857142857142,0.0,0.23421926910299,0.024916943521594685,0.0066445182724252485,0.0016611295681063121,0.03156146179401993,0.009966777408637873,0.02159468438538206,0.244,0.315,0.3810408921933085,0.6960408921933086,0.3041237113402061,23.421926910299003,7.142857142857142,402,454,80,0.20044052863436124,0.75,0.2125,0.0375,0.024229074889867842,0.1277533039647577,0.07268722466960352,0.0881057268722467,0.0022026431718061676,0.2444933920704846,0.024229074889867842,0.0,0.0022026431718061676,0.022026431718061675,0.00881057268722467,0.013215859030837005,0.226,0.313,0.366,0.679,0.286,24.4,8.8
185,200,Kerry Carpenter,DET,115,421.0543259557344,464.0,86.82494969818913,0.23138832997987926,0.7311827956989249,0.22580645158045978,0.043010752688172046,0.04426559356136821,0.12072434607645875,0.1488933601609658,0.07042253521126761,0.004024144869215291,0.2494969818913481,0.014084507042253521,0.006036217303822938,0.0,0.006036217303822938,0.004024144869215291,0.0020120724346076456,0.255,0.3165322580645161,0.4656319290465632,0.7821641871110794,0.3019480519480519,24.949698189134807,7.042253521126761,433,464,83,0.2349137931034483,0.7228915662650602,0.21686746987951808,0.060240963855421686,0.05603448275862069,0.14224137931034483,0.1336206896551724,0.03879310344827586,0.0,0.22844827586206898,0.015086206896551725,0.004310344827586207,0.0,0.0021551724137931034,0.0021551724137931034,0.0,0.252,0.291,0.497,0.788,0.274,22.8,3.9
186,201,Jonathan Aranda,TBR,89,368.29090909090905,421.99999999999994,80.01558441558441,0.2233766233766234,0.7671232876712328,0.2191780821917808,0.0136986301369863,0.033766233766233764,0.12467532467532468,0.1272727272727273,0.1012987012987013,0.0025974025974025974,0.2545454545454545,0.01818181818181818,0.007792207792207792,0.0,0.0025974025974025974,0.0025974025974025974,0.0,0.257,0.3428571428571428,0.4255952380952381,0.7684523809523809,0.3201754385964912,25.454545454545453,10.129870129870133,370,422,103,0.2772511848341232,0.7864077669902912,0.21359223300970873,0.0,0.03317535545023697,0.13270142180094788,0.13981042654028436,0.0971563981042654,0.0071090047393364926,0.25355450236966826,0.018957345971563982,0.0071090047393364926,0.0,0.0,0.004739336492890996,-0.004739336492890996,0.316,0.393,0.489,0.883,0.409,25.4,9.7
187,202,Carson Kelly,CHC,76,373.4451827242525,421.0,74.12956810631229,0.2026578073089701,0.7924528301886793,0.20754716981132074,0.0,0.026578073089700997,0.10631229235880399,0.10963455149501661,0.08970099667458432,0.0,0.19933554817275745,0.013289036543942992,0.009966777408637873,0.0,0.0033222591362126247,0.0,0.0033222591362126247,0.229,0.3056478405315614,0.3595505617977528,0.6651984023293143,0.2623762376237624,19.93355481727575,8.970099667774086,369,421,75,0.21852731591448932,0.8133333333333334,0.17333333333333334,0.013333333333333334,0.040380047505938245,0.11401425178147269,0.1187648456057007,0.10688836104513064,0.0,0.19002375296912113,0.007125890736342043,0.009501187648456057,0.0,0.004750593824228029,0.0,0.004750593824228029,0.249,0.333,0.428,0.761,0.272,19.0,10.7
188,203,Ceddanne Rafaela,BOS,100,551.8341013824885,587.0,123.08064516129033,0.23732718894009217,0.7252747252747251,0.23076923076923073,0.04395604395604395,0.027649769585253458,0.12442396313458264,0.12442396313458264,0.03686635944700461,0.002304147465437788,0.23963133640552997,0.013824884792163544,0.0069124423963133645,0.004608294930875576,0.03686635944700461,0.013824884792163544,0.02304147465437788,0.253,0.2886836027713625,0.4117647058823529,0.7004483086537154,0.3084745762711864,23.963133640552993,3.686635944700461,546,587,120,0.23168654173764908,0.6833333333333333,0.2833333333333333,0.03333333333333333,0.027257240204429302,0.14310051107325383,0.10732538330494037,0.04770017035775128,0.0,0.19931856899488926,0.013628620102214651,0.0034071550255536627,0.005110732538330494,0.034071550255536626,0.008517887563884156,0.02555366269165247,0.249,0.295,0.414,0.708,0.289,19.9,4.8
189,205,Christopher Morel,TBR,115,270.63380281690144,305.0,49.09456740442656,0.2052313883299799,0.7499999999999999,0.225,0.0375,0.04426559356136821,0.12273641851106641,0.13279678068410464,0.09456740442655936,0.004024144869215292,0.27364185110663986,0.010060362173770493,0.006036217303822937,0.0020120724360655736,0.01609657947686117,0.008048289738430584,0.008048289738430584,0.231,0.3104838709677419,0.4376417233560091,0.748125594,0.2797202797202797,27.364185110663986,9.456740442655937,278,305,50,0.2,0.68,0.32,0.0,0.036065573770491806,0.12131147540983607,0.10819672131147541,0.08196721311475409,0.0,0.35737704918032787,0.006557377049180328,0.0,0.0,0.022950819672131147,0.006557377049180328,0.01639344262295082,0.219,0.289,0.396,0.684,0.316,35.7,8.2
190,206,Mike Yastrzemski,SFG,115,495.1267605633803,558.0,92.06438631790745,0.19919517102615694,0.6585365853658536,0.26829268292682923,0.06097560975609756,0.03420523138832998,0.12072434607645875,0.11468812877263582,0.09456740442655935,0.002012072434607646,0.2655935613682093,0.012072434607645876,0.006036217303822938,0.002012072434607646,0.008048289738430584,0.002012072434607646,0.006036217303822938,0.224,0.3058350100603622,0.4104308390022675,0.7162658490626297,0.2779661016949152,26.559356136820927,9.456740442655937,477,558,94,0.1989247311827957,0.6914893617021277,0.2978723404255319,0.010638297872340425,0.03046594982078853,0.12186379928315412,0.08243727598566308,0.12903225806451613,0.007168458781362007,0.1935483870967742,0.0035842293906810036,0.008960573476702509,0.0035842293906810036,0.012544802867383513,0.0035842293906810036,0.008960573476702509,0.233,0.333,0.403,0.735,0.263,19.4,12.9
191,207,Yoan Moncada,LAA,120,259.4305019305019,289.0,55.79150579150579,0.21814671814671815,0.74,0.25,0.02,0.02509652509652509,0.10810810810810809,0.10424710424710425,0.0888030888030888,0.0019305019305019305,0.27606177606177607,0.007722007722007722,0.005791505791505791,0.0,0.007722007722007722,0.0019305019305019305,0.005791505791505791,0.244,0.3146718146718146,0.3913978494623656,0.7060696641341803,0.3205128205128205,27.606177606177607,8.880308880308881,248,289,46,0.20069204152249134,0.6739130434782609,0.2826086956521739,0.043478260869565216,0.04152249134948097,0.13494809688581316,0.12110726643598616,0.11072664359861592,0.0034602076124567475,0.25951557093425603,0.02422145328719723,0.006920415224913495,0.0,0.0,0.0,0.0,0.234,0.336,0.448,0.783,0.282,26.0,11.1
192,208,Kyle Higashioka,TEX,81,301.6118012,327.0,50.77639751552795,0.19875776397515527,0.74,0.24000000000000002,0.0,0.043478260869565216,0.10559006211180125,0.13354037267080743,0.06211180124223602,0.0,0.26708074534161486,0.003105590062111801,0.009316770186335404,0.003105590062111801,0.006211180124223602,0.0,0.006211180124223602,0.215,0.2647975077881619,0.3939393939393939,0.658736902,0.25,26.70807453416149,6.211180124223603,303,327,62,0.22324159021406728,0.7580645161290323,0.22580645161290322,0.016129032258064516,0.03363914373088685,0.10091743119266056,0.1437308868501529,0.06116207951070336,0.0,0.22018348623853212,0.0061162079510703364,0.0061162079510703364,0.0,0.009174311926605505,0.0030581039755351682,0.0061162079510703364,0.241,0.291,0.403,0.693,0.279,22.0,6.1
193,209,LaMonte Wade Jr.,SFG,113,203.47755102040816,242.0,42.4734693877551,0.2040816326530612,0.7790697674418604,0.20930232558139533,0.011627906976744184,0.02857142857142857,0.12653061224489795,0.09591836734693877,0.136734693877551,0.00816326530612245,0.21428571428571427,0.012244897959183673,0.006122448979591836,0.004081632653061225,0.006122448979591836,0.002040816326530612,0.004081632653061225,0.242,0.3545081967213114,0.3932038834951456,0.7477120802164571,0.2905405405405405,21.428571428571427,13.673469387755102,209,242,33,0.1446280991735537,0.696969696969697,0.24242424242424243,0.06060606060606061,0.008264462809917356,0.07851239669421488,0.0743801652892562,0.1115702479338843,0.004132231404958678,0.2396694214876033,0.012396694214876033,0.004132231404958678,0.008264462809917356,0.004132231404958678,0.0,0.004132231404958678,0.167,0.271,0.254,0.524,0.22,24.0,11.2
194,211,Travis d'Arnaud,LAA,65,210.32684824902725,231.0,39.54863813229572,0.21011673151750973,0.7272727272727273,0.24999999999813066,0.022727272727272728,0.038910505836575876,0.11284046692607004,0.1245136186770428,0.066147859922179,0.0,0.2529182879377432,0.01556420233463035,0.007782101167315175,0.0,0.0,0.0,0.0,0.232,0.2918287937743191,0.4145299145299145,0.7063587083042336,0.2732919254658385,25.29182879377432,6.614785992217899,213,231,36,0.18181818181818182,0.6388888888888888,0.3611111111111111,0.0,0.025974025974025976,0.06926406926406926,0.09090909090909091,0.05627705627705628,0.0,0.3203463203463203,0.017316017316017316,0.004329004329004329,0.0,0.0,0.0,0.0,0.197,0.255,0.343,0.598,0.269,32.0,5.6
195,212,Trevor Larnach,MIN,109,496.88059701492534,567.0,100.34328358208954,0.21108742004264391,0.7349397590361446,0.24096385542168677,0.012048192771084338,0.03411513859275053,0.1257995735607676,0.1279317697228145,0.1066098081023454,0.0021321961620469083,0.26865671641791045,0.008528784648187633,0.008528784648187633,0.0,0.006396588486140723,0.0021321961620469083,0.0042643923240938165,0.241,0.326226013,0.4087591240875912,0.7349851368807683,0.304029304,26.86567164179105,10.66098081023454,503,567,109,0.2222222222222222,0.7706422018348624,0.22018348623853212,0.009174311926605505,0.029982363315696647,0.10934744268077601,0.10582010582010581,0.09347442680776014,0.003527336860670194,0.21516754850088182,0.007054673721340388,0.010582010582010581,0.0,0.007054673721340388,0.007054673721340388,0.0,0.25,0.323,0.404,0.727,0.295,21.5,9.3
196,213,Michael Conforto,LAD,115,429.2837022132797,486.0,82.14084507042253,0.20925553319919515,0.7499999999657065,0.2380952380952381,0.011904761904761906,0.04024144869215292,0.11871227364185111,0.1388329979835391,0.096579476861167,0.004024144869215291,0.2434607645875251,0.014084507042253521,0.006036217303822937,0.002012072434607646,0.004024144869215291,0.002012072434607646,0.002012072434607646,0.238,0.3199195171026157,0.4236902050113895,0.7436097221140052,0.2790697674418604,24.346076458752517,9.657947686,418,486,71,0.17078189300411523,0.7183098591549296,0.28169014084507044,0.0,0.024691358024691357,0.1111111111111111,0.07407407407407407,0.11522633744855967,0.0,0.24897119341563786,0.018518518518518517,0.006172839506172839,0.0,0.00205761316872428,0.0,0.00205761316872428,0.199,0.305,0.333,0.637,0.247,24.9,11.5
197,214,Freddy Fermin,KCR,70,314.19272727272727,347.0,70.66181818181818,0.22909090909090907,0.7857142857142858,0.21428571428571427,0.017857142857142853,0.025454545454545452,0.10909090909090909,0.10909090909090909,0.07636363636363636,0.0,0.19272727272727272,0.007272727272727272,0.007272727272727272,0.0036363636363636355,0.0036363636363636355,0.0,0.0036363636363636355,0.253,0.3138686131386861,0.3975903614457831,0.7114589745844693,0.2931937172774869,19.272727272727273,7.636363636363637,319,347,75,0.23054755043227665,0.8266666666666667,0.17333333333333334,0.0,0.01440922190201729,0.09221902017291066,0.07492795389048991,0.05475504322766571,0.002881844380403458,0.1873198847262248,0.005763688760806916,0.0,0.020172910662824207,0.002881844380403458,0.005763688760806916,-0.002881844380403458,0.251,0.297,0.339,0.636,0.301,18.7,5.5
198,215,Nolan Schanuel,LAA,128,483.42857142857144,564.0,109.128390596745,0.21880650994575043,0.8037383177570095,0.18691588785046734,0.009345794392523366,0.02531645569620253,0.11754068716094034,0.10307414104882459,0.11754068716094034,0.0,0.16636528028933092,0.014466546112115732,0.007233273056057866,0.003616636528028933,0.014466546112115732,0.0018083182640144665,0.012658227848101266,0.255,0.352087114337568,0.390295358649789,0.7423824729873572,0.2876344086021505,16.636528028933093,11.754068716094032,488,564,117,0.22872340425531915,0.7948717948717948,0.19658119658119658,0.008547008547008548,0.02127659574468085,0.11347517730496454,0.09397163120567376,0.10460992907801418,0.0070921985815602835,0.12588652482269502,0.01773049645390071,0.0070921985815602835,0.005319148936170213,0.008865248226950355,0.0017730496453900709,0.0070921985815602835,0.264,0.353,0.389,0.742,0.286,12.6,10.5
199,216,Lourdes Gurriel Jr.,ARI,130,505.05,546.0,120.89999999999999,0.2517857142857143,0.7580645161290324,0.22580645161290325,0.016129032258064516,0.030357142857142857,0.11428571428571428,0.13035714285714284,0.05714285714285714,0.0017857142857142857,0.18214285714285716,0.010714285714285714,0.007142857142857143,0.0,0.008928571428571428,0.0017857142857142857,0.007142857142857143,0.272,0.3196428571428571,0.4324324324324324,0.7520752895752896,0.3076923076923077,18.21428571428571,5.714285714285714,500,546,105,0.2271062271062271,0.7523809523809524,0.22857142857142856,0.01904761904761905,0.0347985347985348,0.09523809523809523,0.14652014652014653,0.056776556776556776,0.0,0.1391941391941392,0.01098901098901099,0.016483516483516484,0.0,0.018315018315018316,0.007326007326007326,0.01098901098901099,0.248,0.295,0.418,0.713,0.254,13.900000000000002,5.7
200,217,Kyle Manzardo,CLE,99,462.60421545667447,531.0,90.77985948477753,0.2107728337236534,0.684931506849315,0.3150684931506849,0.013698630136986299,0.039812646370023415,0.12646370023419204,0.13114754098360656,0.10772833723653397,0.00234192037470726,0.21779859484777517,0.00936768149905838,0.0117096018735363,0.0,0.00234192037470726,0.00234192037470726,0.0,0.243,0.3278688524590163,0.4489247311827957,0.7767935836418121,0.2734082397003745,21.77985948477752,10.772833723653395,470,531,83,0.2071563088512241,0.7469879518072289,0.2289156626506024,0.024096385542168676,0.05084745762711865,0.08851224105461393,0.1318267419962335,0.0903954802259887,0.003766478342749529,0.2542372881355932,0.015065913370998116,0.009416195856873822,0.0,0.003766478342749529,0.0,0.003766478342749529,0.234,0.313,0.455,0.768,0.265,25.4,9.0
201,218,Chase Meidroth,CHW,73,424.8412698412699,505.0,97.7936507936508,0.20634920634920637,0.8032786885245902,0.18032786885245902,0.01639344262295082,0.012698412698412698,0.11746031746031747,0.08571428571428572,0.13333333333333336,0.0,0.17142857142857143,0.019047619047524753,0.006349206349206349,0.0,0.015873015873015872,0.006349206349206349,0.009523809524752475,0.246,0.3587301587301587,0.3396226415094339,0.6983528002395927,0.291866029,17.142857142857142,13.333333333333334,450,505,109,0.22574257425742575,0.8623853211009175,0.13761467889908258,0.0,0.009900990099009901,0.10693069306930693,0.04554455445544554,0.0891089108910891,0.0,0.14257425742574256,0.011881188118811881,0.0019801980198019802,0.005940594059405941,0.027722772277227723,0.007920792079207921,0.019801980198019802,0.253,0.329,0.32,0.649,0.291,14.3,8.9
202,219,Ryan O'Hearn,BAL,94,494.4236453,544.0,112.55172413793102,0.24384236453201968,0.7738095238174021,0.2023809523809524,0.02380952380952381,0.03694581280788177,0.1231527093596059,0.13300492610837436,0.07635467980295566,0.0049261083743842365,0.18472906403940886,0.0073891625615763535,0.0073891625615763535,0.0,0.0073891625615763535,0.0024630541871921183,0.0049261083743842365,0.267,0.3275862068965517,0.4471544715447154,0.7747406784412671,0.2978723404255319,18.47290640394089,7.635467980295567,474,544,116,0.24448529411764705,0.8103448275862069,0.1810344827586207,0.008620689655172414,0.03125,0.12316176470588236,0.11580882352941177,0.10661764705882353,0.007352941176470588,0.20036764705882354,0.014705882352941176,0.007352941176470588,0.0,0.0055147058823529415,0.001838235294117647,0.003676470588235294,0.281,0.366,0.437,0.803,0.33,20.0,10.7
203,222,Max Kepler,PHI,115,426.3138832997988,474.0,85.83501006036218,0.2152917505030181,0.7444444444444445,0.23333333333333334,0.02222222222222222,0.03420523138832998,0.11871227364185111,0.1227364185110664,0.08249496981891348,0.0,0.2012072434607646,0.012072434607645875,0.006036217303822937,0.0,0.006036217303822937,0.0,0.006036217303822937,0.24,0.3098591549295774,0.4093959731543624,0.7192551280839399,0.2702702702702703,20.12072434607646,8.249496981891348,417,474,72,0.189873417721519,0.7361111111111112,0.2638888888888889,0.0,0.0379746835443038,0.12236286919831224,0.10970464135021098,0.10126582278481013,0.006329113924050633,0.1962025316455696,0.008438818565400843,0.008438818565400843,0.002109704641350211,0.006329113924050633,0.0,0.006329113924050633,0.216,0.3,0.391,0.691,0.232,19.6,10.1
204,223,Mike Tauchman,CHW,92,328.0701754385965,385.0,71.40350877224562,0.2080200501253133,0.7702702702668637,0.21621621621525997,0.013513513513453748,0.022556390976623375,0.13283208020050125,0.08771929824561403,0.12781954887218044,0.002506265664160401,0.21553884711779447,0.010025062656641603,0.005012531328320802,0.002506265664160401,0.017543859649122806,0.002506265664160401,0.015037593984962407,0.244,0.3476070528967254,0.3764705882352941,0.7240776411320196,0.2995951417004048,21.55388471177945,12.781954887218044,335,385,79,0.22857142857142856,0.7721518987341772,0.21518987341772153,0.012658227848101266,0.023376623376623377,0.11428571428571428,0.1038961038961039,0.11688311688311688,0.0,0.22337662337662337,0.01038961038961039,0.0025974025974025974,0.0,0.0,0.0,0.0,0.263,0.356,0.4,0.756,0.328,22.3,11.7
205,224,Carlos Santana,CLE,136,414.3469387755102,474.0,78.1938775510204,0.1989795918367347,0.7628865978807255,0.23711340206185574,0.0,0.034013605442176874,0.10884353741496598,0.11904761904761905,0.11224489795918369,0.003401360544217687,0.18027210884353742,0.006802721088435374,0.006802721088435374,0.0,0.00510204081632653,0.0,0.00510204081632653,0.228,0.3180272108843537,0.3891050583657587,0.7071322692501125,0.2474489795918367,18.027210884353742,11.224489795918368,415,474,80,0.19198312236286919,0.8625,0.1375,0.0,0.023206751054852322,0.10337552742616034,0.11392405063291139,0.10970464135021098,0.002109704641350211,0.19198312236286919,0.006329113924050633,0.008438818565400843,0.0,0.014767932489451477,0.0,0.014767932489451477,0.219,0.308,0.325,0.633,0.252,19.2,11.0
206,226,Ernie Clement,TOR,73,552.5333333333333,588.0,132.53333333333333,0.2476190476190476,0.7605633802816901,0.2112676056338028,0.028169014084507043,0.022222222222222223,0.1111111111111111,0.1142857142857143,0.04126984126984127,0.0,0.09841269841269841,0.006349206349206349,0.006349206349206349,0.006349206349206349,0.019047619047619046,0.006349206349206349,0.012698412698412698,0.264,0.2971246006389776,0.3986486486486486,0.6957732492876263,0.273076923076923,9.841269841269842,4.1269841269841265,545,588,142,0.2568027210884354,0.7394366197183099,0.24647887323943662,0.014084507042253521,0.015306122448979591,0.141156462585034,0.08503401360544217,0.04591836734693878,0.0017006802721088435,0.10374149659863946,0.006802721088435374,0.008503401360544218,0.011904761904761904,0.01020408163265306,0.008503401360544218,0.0017006802721088435,0.277,0.313,0.398,0.711,0.296,10.4,4.6
207,227,Ryan Mountcastle,BAL,123,327.4736842105263,357.0,71.80263157894737,0.2368421052631579,0.7570093457943925,0.22429906542056074,0.009345794392523364,0.03571428571428571,0.11466165413533834,0.13157894736842105,0.06766917293233082,0.0018796992481203006,0.2368421052631579,0.005639097744360902,0.009398496240601503,0.0018796992481203006,0.005639097744360902,0.0018796992481203006,0.0037593984962406013,0.258,0.3101503759398496,0.4262295081967213,0.736379884,0.3074712643678161,23.684210526315788,6.7669172932330826,332,357,76,0.23249299719887956,0.7631578947368421,0.23684210526315788,0.0,0.0196078431372549,0.09523809523809523,0.09803921568627451,0.04201680672268908,0.0,0.27450980392156865,0.011204481792717087,0.01680672268907563,0.0,0.008403361344537815,0.0,0.008403361344537815,0.25,0.286,0.367,0.653,0.326,27.500000000000004,4.2
208,228,Luis Urias,ATH,78,285.8035714285714,330.0,54.99999999999999,0.19345238095238093,0.7678571428571429,0.2142857142857143,0.01785714285714286,0.026785714285714284,0.11011904761904762,0.10416666666666667,0.10119047619047618,0.0,0.23214285714285712,0.023809523809523808,0.005952380952380953,0.0029761904761904765,0.008928571428571428,0.0029761904761904765,0.005952380952380953,0.225,0.3194029850746269,0.3642611683848797,0.6836641534595066,0.2718446601941747,23.214285714285715,10.11904761904762,287,330,58,0.2,0.8793103448275862,0.1206896551724138,0.0,0.024242424242424242,0.08181818181818182,0.07575757575757576,0.09393939393939393,0.0,0.13636363636363635,0.01818181818181818,0.00909090909090909,0.0,0.006060606060606061,0.0030303030303030303,0.0030303030303030303,0.23,0.315,0.338,0.653,0.245,13.6,9.4
209,229,Spencer Steer,CIN,117,497.0,568.0,103.68253968253967,0.21626984126984125,0.6956521739130436,0.27173913043478265,0.02173913043478261,0.033730158730158735,0.12103174603174603,0.12896825396825395,0.10317460316901408,0.001984126984126984,0.2083333333333333,0.01388888888888889,0.005952380952380952,0.0,0.025793650793650792,0.005952380952380952,0.01984126984126984,0.247,0.3339960238568588,0.4263038548752834,0.7602998787321422,0.2857142857142857,20.833333333333336,10.317460317460316,509,568,100,0.2130281690140845,0.77,0.21,0.02,0.03697183098591549,0.11619718309859155,0.13204225352112675,0.0897887323943662,0.0,0.22711267605633803,0.008802816901408451,0.0035211267605633804,0.0017605633802816902,0.01232394366197183,0.0017605633802816902,0.01056338028169014,0.238,0.312,0.411,0.723,0.277,22.7,9.0
210,230,Christian Vazquez,MIN,76,198.35880398671097,214.0,42.6578073089701,0.2159468438538206,0.8,0.20000000000482868,0.0,0.016611295681063124,0.09634551495016612,0.09634551495016612,0.05647840531561462,0.0,0.20930232556074765,0.006644518272425249,0.006644518272425249,0.006644518272425249,0.006644518272425249,0.0033222591362126247,0.0033222591362126247,0.235,0.28,0.3297491039426523,0.6097491039426524,0.2816901408450704,20.930232558139537,5.647840531561462,190,214,33,0.16822429906542055,0.7878787878787878,0.21212121212121213,0.0,0.014018691588785047,0.06542056074766354,0.06542056074766354,0.08411214953271028,0.0,0.16355140186915887,0.018691588785046728,0.009345794392523364,0.0,0.004672897196261682,0.004672897196261682,0.0,0.189,0.271,0.274,0.545,0.214,16.4,8.4
211,231,Trey Sweeney,DET,81,293.4,326.0,56.81714285714286,0.2,0.7540983606557377,0.22950819672131145,0.032786885245901634,0.025714285714285714,0.11428571428571427,0.10285714285714286,0.08285714285714285,0.002857142857142857,0.26857142857142857,0.00857142857142857,0.005714285714285714,0.002857142857142857,0.025714285714285714,0.005714285714285714,0.02,0.223,0.2922636103151863,0.3682539682539683,0.6605175785691546,0.2850467289719626,26.857142857142858,8.285714285714285,296,326,52,0.17791411042944785,0.8461538461538461,0.11538461538461539,0.038461538461538464,0.018404907975460124,0.11042944785276074,0.09815950920245399,0.07975460122699386,0.0,0.2822085889570552,0.0,0.012269938650306749,0.0,0.009202453987730062,0.003067484662576687,0.006134969325153374,0.196,0.258,0.291,0.548,0.257,28.199999999999996,8.0
212,232,Andrew Vaughn,CHW,144,406.82022471910113,447.0,87.53451043338681,0.23274478330658102,0.7459016393442625,0.24590163934426235,0.008196721311475412,0.03691813804173355,0.10593900481540931,0.12680577849117175,0.06902086677367576,0.0,0.20064205457463885,0.012841091492776886,0.006420545746388443,0.0,0.0016051364365971107,0.0,0.0016051364365971107,0.255,0.315112540192926,0.4338624338624338,0.748974974,0.2884160756501182,20.064205457463885,6.902086677367576,406,447,89,0.23042505592841164,0.7528089887640449,0.24719101123595505,0.0,0.03131991051454139,0.07829977628635347,0.14541387024608501,0.06935123042505593,0.0,0.1789709172259508,0.006711409395973154,0.013422818791946308,0.0022371364653243847,0.0,0.0,0.0,0.254,0.307,0.411,0.719,0.28,17.9,6.9
213,233,Isiah Kiner-Falefa,PIT,128,424.96925858951175,459.0,105.41229656419527,0.24231464737793848,0.8188976377952758,0.16535433070866146,0.02362204724409449,0.012658227848101266,0.10488245931283906,0.09041591320072333,0.05063291139240506,0.0018083182640144665,0.15551537070524413,0.014466546112115732,0.007233273056057867,0.0036166365280289334,0.027124773960216998,0.007233273056057867,0.019891500904159126,0.263,0.3079710144927536,0.357421875,0.6653928894927537,0.3002364066193853,15.551537070524413,5.063291139240507,431,459,111,0.24618736383442266,0.7927927927927928,0.1891891891891892,0.018018018018018018,0.004357298474945534,0.09803921568627451,0.08714596949891068,0.037037037037037035,0.0,0.16775599128540306,0.010893246187363835,0.002178649237472767,0.010893246187363835,0.032679738562091505,0.008714596949891068,0.023965141612200435,0.262,0.297,0.334,0.631,0.314,16.8,3.7000000000000006
214,234,Alek Thomas,ARI,71,430.9318181818182,469.0,97.45454545454545,0.23376623376623376,0.734375,0.234375,0.046875,0.025974025974025972,0.12337662337662336,0.12012987012987014,0.06493506493506493,0.0,0.18506493506493507,0.006493506493506493,0.006493506493506493,0.0032467532467532465,0.022727272727272724,0.006493506493506493,0.016233766233766232,0.255,0.3061889250814332,0.4169611307420495,0.7231500558234827,0.2909090909090909,18.506493506493506,6.493506493506493,433,469,99,0.2302771855010661,0.7777777777777778,0.1919191919191919,0.030303030303030304,0.019189765458422176,0.10874200426439233,0.08102345415778252,0.04477611940298507,0.0,0.2601279317697228,0.010660980810234541,0.008528784648187633,0.01279317697228145,0.014925373134328358,0.008528784648187633,0.006396588486140725,0.249,0.289,0.37,0.659,0.324,26.0,4.5
215,235,Keibert Ruiz,WSN,122,248.0875,267.0,53.95625,0.2333333333333333,0.7628865979381444,0.23711340206185566,0.0,0.03125,0.10208333333333335,0.11875000000000001,0.052083333333333336,0.0,0.11041666666666668,0.010416666666666666,0.00625,0.0020833333333333333,0.00625,0.0020833333333333333,0.004166666666666667,0.251,0.2964509394572025,0.4035874439461883,0.7000383834033909,0.2545931758530184,11.041666666666666,5.208333333333334,255,267,61,0.23595505617977527,0.8032786885245902,0.19672131147540983,0.0,0.00749063670411985,0.07116104868913857,0.09363295880149813,0.0299625468164794,0.0,0.09737827715355805,0.011235955056179775,0.003745318352059925,0.0,0.0,0.00749063670411985,-0.00749063670411985,0.247,0.277,0.318,0.595,0.268,9.7,3.0
216,236,Dillon Dingler,DET,60,423.48523206751054,469.0,81.13502109489451,0.20253164556503198,0.7317073170925774,0.24390243903085915,0.024390243903085914,0.02953586497890295,0.10970464135021096,0.11814345991561181,0.07172995780590717,0.0,0.27848101265822783,0.016877637130801686,0.008438818565400843,0.0,0.008438818565400843,0.004219409282700422,0.004219409282700422,0.226,0.2911392405063291,0.3785046728971962,0.6696439134035254,0.2867132867132867,27.848101265822784,7.172995780590717,435,469,108,0.2579957356076759,0.7870370370370371,0.19444444444444445,0.018518518518518517,0.02771855010660981,0.11513859275053305,0.12153518123667377,0.04904051172707889,0.0042643923240938165,0.2345415778251599,0.019189765458422176,0.0021321961620469083,0.0,0.0,0.0,0.0,0.278,0.327,0.425,0.752,0.345,23.5,4.9
217,237,Harrison Bader,MIN,87,461.2380952380952,501.0,98.07936507936506,0.22222222222222218,0.7702702702702704,0.22972972972972977,0.013513513513513516,0.02645502645502645,0.11640211640211641,0.1111111111111111,0.05555555555555555,0.0026455026455026454,0.21164021164021163,0.013227513227513227,0.007936507936507936,0.0026455026455026454,0.04232804232804233,0.013227513227513227,0.029100529100529102,0.241,0.2917771883289125,0.3850574712643678,0.6768346595932803,0.2835249042145594,21.164021164021165,5.555555555555555,448,501,107,0.24750499001996007,0.7663551401869159,0.22429906542056074,0.009345794392523364,0.033932135728542916,0.1217564870259481,0.10778443113772455,0.07784431137724551,0.0,0.2714570858283433,0.021956087824351298,0.005988023952095809,0.0,0.021956087824351298,0.013972055888223553,0.007984031936127744,0.277,0.347,0.449,0.796,0.359,27.1,7.8
218,238,Gavin Lux,CIN,113,445.51428571428573,503.00000000000006,103.67959183673472,0.22857142857142862,0.7524752475247524,0.21782178217821785,0.029702970297029698,0.02244897959183674,0.12448979591836734,0.10408163264413518,0.09999999999999998,0.002040816326530612,0.21020408163265306,0.006122448979591836,0.006122448979591836,0.002040816326530612,0.012244897959183673,0.004081632653061224,0.008163265306122448,0.258,0.3353783231083844,0.3986175115207373,0.7339958346291218,0.3126934984520124,21.020408163265305,10.0,446,503,115,0.23856858846918488,0.7391304347826086,0.24347826086956523,0.017391304347826087,0.009940357852882704,0.09741550695825049,0.10536779324055666,0.11133200795228629,0.0,0.22664015904572565,0.0,0.0019880715705765406,0.0,0.0019880715705765406,0.0,0.0019880715705765406,0.269,0.35,0.374,0.724,0.351,22.7,11.1
219,239,Jordan Walker,STL,131,359.68253968253964,396.0,76.82539682539682,0.2257495590828924,0.7363636363636363,0.24545454545454548,0.027272727272727268,0.031746031746031744,0.1040564373989899,0.11992945326278659,0.07231040564373897,0.0,0.22751322751322745,0.010582010580808082,0.007054673721340388,0.001763668430335097,0.012345679012345678,0.00529100529100529,0.007054673721340388,0.249,0.3091872791519434,0.4194174757281553,0.7286047548800988,0.2956989247311828,22.75132275132275,7.231040564373897,363,396,72,0.19696969696969696,0.8055555555555556,0.18055555555555555,0.013888888888888888,0.015151515151515152,0.10101010101010101,0.10353535353535354,0.07323232323232323,0.0025252525252525255,0.3181818181818182,0.007575757575757576,0.0025252525252525255,0.0,0.025252525252525252,0.007575757575757576,0.017676767676767676,0.215,0.278,0.306,0.584,0.31,31.8,7.3
220,243,Edouard Julien,MIN,71,176.25974025974023,208.0,35.116883116883116,0.1948051948051948,0.75,0.2307692307692308,0.019230769230769232,0.025974025974025976,0.12337662337662338,0.10064935064935066,0.13961038961038963,0.003246753246753247,0.32142857142857145,0.006493506493506495,0.006493506493506495,0.003246753246753247,0.016233766233766232,0.003246753246753247,0.012987012987012988,0.228,0.3409090909090909,0.3754789272030651,0.716388018,0.3333333333333333,32.142857142857146,13.96103896103896,182,208,37,0.19230769230769232,0.7297297297297297,0.2702702702702703,0.0,0.014423076923076924,0.0625,0.057692307692307696,0.10576923076923077,0.0,0.2932692307692308,0.009615384615384616,0.004807692307692308,0.004807692307692308,0.0,0.014423076923076924,-0.014423076923076924,0.22,0.309,0.324,0.633,0.311,29.299999999999997,10.6
221,245,Joey Bart,PIT,96,297.83641160949867,332.0,61.319261209076515,0.21635883903614456,0.7857142857737891,0.21428571430194246,0.0,0.0316622691292876,0.11345646437994723,0.11609498680738786,0.079155672823219,0.0,0.2796833773087071,0.018469656992084433,0.005277044854881266,0.0,0.002638522427440633,0.0,0.002638522427440633,0.24,0.3139841688654353,0.3911764705882353,0.7051606394536707,0.3125,27.96833773087071,7.915567282,285,332,67,0.21385542168674698,0.8059701492537313,0.1791044776119403,0.014925373134328358,0.012048192771084338,0.06325301204819277,0.09036144578313253,0.12048192771084337,0.0,0.28012048192771083,0.02108433734939759,0.0,0.0,0.0030120481927710845,0.0030120481927710845,0.0,0.249,0.355,0.34,0.696,0.356,28.000000000000004,12.0
222,247,Nick Fortes,MIA,89,220.6875,242.0,46.0625,0.21306818181818182,0.7910447761194029,0.208955223880597,0.0,0.022727272727272728,0.10227272727272728,0.09943181818181818,0.056818181818181816,0.0,0.1534090909090909,0.017045454545454544,0.008522727272727272,0.008522727272727272,0.008522727272727272,0.002840909090909091,0.005681818181818182,0.234,0.2885714285714286,0.35202492211838,0.6405963506898087,0.2557251908396946,15.340909090909092,5.681818181818182,218,242,45,0.2066115702479339,0.7777777777777778,0.2,0.022222222222222223,0.02066115702479339,0.07851239669421488,0.08677685950413223,0.05785123966942149,0.0,0.19421487603305784,0.028925619834710745,0.004132231404958678,0.008264462809917356,0.004132231404958678,0.0,0.004132231404958678,0.229,0.296,0.349,0.644,0.269,19.4,5.8
223,248,Victor Caratini,HOU,50,341.61,386.0,73.33999999999999,0.215,0.8157894736842106,0.15789473684210528,0.0,0.025,0.1,0.11,0.085,0.005,0.205,0.015,0.01,0.0,0.005,0.005,0.0,0.241,0.3165829145728643,0.3559322033898305,0.6725151179626948,0.2857142857142857,20.5,8.5,344,386,77,0.23056994818652848,0.8181818181818182,0.18181818181818182,0.0,0.031088082901554404,0.09067357512953368,0.11917098445595854,0.05958549222797927,0.0,0.16839378238341968,0.03367875647668394,0.015544041450777202,0.0,0.0025906735751295338,0.0,0.0025906735751295338,0.259,0.324,0.404,0.728,0.282,16.8,6.0
224,249,Tyrone Taylor,NYM,78,312.5833333333333,341.0,62.922619047619044,0.21428571428571427,0.6935483870967741,0.27419354838709675,0.03225806451612903,0.02976190476190476,0.125,0.11904761904761904,0.05654761904761905,0.002976190476190476,0.23214285714285712,0.017857142857142856,0.005952380952380952,0.0,0.023809523809523808,0.002976190476190476,0.020833333333333332,0.233,0.2895522388059701,0.3993506493506493,0.6889028881566195,0.2792792792792792,23.214285714285715,5.654761904761905,310,341,67,0.20234604105571846,0.6865671641791045,0.26865671641791045,0.04477611940298507,0.005865102639296188,0.09970674486803519,0.07917888563049853,0.0469208211143695,0.002932551319648094,0.22287390029325513,0.026392961876832845,0.005865102639296188,0.008797653958944282,0.03519061583577713,0.005865102639296188,0.02932551319648094,0.223,0.279,0.319,0.598,0.286,22.3,4.7
225,250,Josh Rojas,CHW,78,187.13690476190476,211.0,40.19047619047619,0.2113095238095238,0.765625,0.21875,0.015625,0.020833333333333332,0.1130952380952381,0.09226190476190477,0.09821428571428571,0.002976190476190476,0.21726190476190477,0.005952380952380952,0.005952380952380952,0.002976190476190476,0.023809523809523808,0.005952380952380952,0.017857142857142856,0.239,0.3164179104477612,0.3624161073825503,0.6788340178303115,0.2909090909090909,21.72619047619048,9.821428571428571,189,211,32,0.16113744075829384,0.71875,0.28125,0.0,0.009478672985781991,0.06635071090047394,0.052132701421800945,0.09004739336492891,0.0,0.22748815165876776,0.0,0.009478672985781991,0.004739336492890996,0.018957345971563982,0.004739336492890996,0.014218009478672985,0.18,0.252,0.259,0.512,0.227,22.7,9.0
226,251,Jose Caballero,TBR,66,327.45644599303137,370.0,65.74912891986062,0.1986062717770035,0.7450980392156864,0.23529411764705885,0.019607843137254905,0.020905923344947737,0.11498257839721254,0.0975609756097561,0.08013937282229965,0.0,0.25087108013937287,0.0243902439027027,0.006968641114982578,0.003484320557491289,0.08710801393728224,0.0243902439027027,0.06271777003484319,0.225,0.3041958041958042,0.3503937007874015,0.6545895049832058,0.2865168539325842,25.08710801393728,8.013937282229964,314,370,69,0.2,0.7246376811594203,0.2608695652173913,0.014492753623188406,0.013513513513513514,0.14054054054054055,0.0972972972972973,0.12702702702702703,0.0,0.2648648648648649,0.008108108108108109,0.005405405405405406,0.010810810810810811,0.13243243243243244,0.02972972972972973,0.10270270270270271,0.236,0.339,0.347,0.686,0.324,26.5,12.7
227,253,Ty France,MIN,100,434.6774193548388,490.00000000000006,100.48387096774196,0.23041474654377883,0.764044943836276,0.23595505617977522,0.0,0.025345622119815666,0.11059907834101383,0.11059907834101383,0.06912442396313365,0.002304147465437788,0.18663594470046083,0.03225806451612903,0.0069124423963133645,0.002304147465437788,0.002304147465437788,0.0,0.002304147465437788,0.259,0.3333333333333333,0.4,0.7333333333333334,0.3006756756756756,18.66359447004608,6.912442396313365,444,490,107,0.23265306122448978,0.7663551401869159,0.2336448598130841,0.0,0.014285714285714285,0.10204081632653061,0.10612244897959183,0.044897959183673466,0.0020408163265306124,0.16938775510204082,0.04285714285714286,0.006122448979591836,0.0,0.0020408163265306124,0.0,0.0020408163265306124,0.257,0.32,0.36,0.681,0.3,16.9,4.5
228,254,Kristian Campbell,BOS,52,231.2991071428571,263.0,54.00892857142857,0.23214285714285712,0.7391304347826086,0.2391304347826087,0.021739130434782608,0.026785714285714284,0.1294642857142857,0.1294642857142857,0.09375,0.0,0.22767857142857142,0.017857142857142856,0.004464285714285714,0.0,0.026785714285714284,0.008928571428571428,0.017857142857142856,0.266,0.3452914798206278,0.4213197969543147,0.7666112767749425,0.3262411347517731,22.767857142857142,9.375,229,263,45,0.19391634980988592,0.7777777777777778,0.2222222222222222,0.0,0.022813688212927757,0.09125475285171103,0.07984790874524715,0.11026615969581749,0.0,0.2737642585551331,0.015209125475285171,0.0038022813688212928,0.0,0.0076045627376425855,0.0038022813688212928,0.0038022813688212928,0.223,0.319,0.345,0.664,0.296,27.399999999999995,11.0
229,255,Andrew Benintendi,CHW,107,422.1861471861472,470.00000000000006,97.66233766233768,0.23376623376623376,0.7708333333333333,0.21875,0.010416666666666666,0.025974025974025976,0.11471861471861472,0.10822510822510822,0.08658008658008658,0.004329004329004329,0.16883116883116883,0.004329004329004329,0.006493506493506494,0.0021645021645021645,0.012987012987012988,0.004329004329004329,0.008658008657446807,0.261,0.3260869565217391,0.4024096385542168,0.728496595,0.2926829268292683,16.883116883116884,8.658008658008658,420,470,81,0.2148936170212766,0.7777777777777778,0.19753086419753085,0.024691358024691357,0.0425531914893617,0.12127659574468085,0.13404255319148936,0.0851063829787234,0.00425531914893617,0.17446808510638298,0.006382978723404255,0.01276595744680851,0.0,0.002127659574468085,0.0,0.002127659574468085,0.24,0.307,0.431,0.738,0.25,17.4,8.5
230,256,Ramon Urias,BAL,53,353.76190476190476,391.0,79.55411255411256,0.22943722943722944,0.7659574468085105,0.21276595744680848,0.02127659574468085,0.025974025974025972,0.11255411255411256,0.1168831168831169,0.0735930735930736,0.0,0.22077922077922077,0.017316017316017316,0.004329004329004329,0.0,0.004329004329004329,0.004329004329004329,0.0,0.254,0.3203463203463203,0.3971291866028708,0.7174755069491912,0.3071895424836601,22.07792207792208,7.359307359,352,391,74,0.21739130434782608,0.7702702702702703,0.22972972972972974,0.0,0.028132992327365727,0.08439897698209718,0.11253196930946291,0.06905370843989769,0.0,0.22506393861892582,0.005115089514066497,0.02557544757033248,0.0,0.0076726342710997444,0.0,0.0076726342710997444,0.241,0.292,0.384,0.675,0.281,22.5,6.9
231,258,Masataka Yoshida,BOS,92,184.44862155388472,205.0,46.75438596491228,0.25563909774436094,0.7692307692307692,0.21978021978021978,0.01098901098901099,0.027568922305764413,0.11528822055137845,0.12531328320802004,0.07518796992481204,0.0025062656641604013,0.13032581453634084,0.017543859649122806,0.007518796992481203,0.0,0.007518796992481203,0.0,0.007518796992481203,0.283,0.3483709273182957,0.4373259052924791,0.7856968326107748,0.3043478260869565,13.032581453634084,7.518796992481203,188,205,46,0.24390243902439024,0.7608695652173914,0.2391304347826087,0.0,0.01951219512195122,0.07804878048780488,0.12682926829268293,0.04878048780487805,0.0,0.11707317073170732,0.014634146341463415,0.01951219512195122,0.0,0.014634146341463415,0.0,0.014634146341463415,0.266,0.307,0.388,0.696,0.28,11.7,4.9
232,259,Tyler Soderstrom,ATH,122,565.4252873563219,624.0,101.60919540229887,0.20689655172413796,0.7411764706119909,0.23529411764705882,0.023529411764705882,0.04406130268199234,0.10727969349358975,0.13218390804597702,0.07471264367816093,0.003831417624521073,0.26436781609195403,0.009578544061302683,0.007662835249042146,0.0,0.0019157088122605365,0.0019157088122605365,0.0,0.228,0.291746641074856,0.4249471458773784,0.7166937869522345,0.2689873417721519,26.436781609195403,7.471264367816093,561,624,130,0.2483974358974359,0.7307692307692307,0.26153846153846155,0.007692307692307693,0.04006410256410257,0.1201923076923077,0.14903846153846154,0.08814102564102565,0.003205128205128205,0.22596153846153846,0.009615384615384616,0.003205128205128205,0.0,0.01282051282051282,0.004807692307692308,0.008012820512820512,0.276,0.346,0.474,0.82,0.327,22.6,8.8
233,260,Trent Grisham,NYY,52,500.59375,581.0,85.59375,0.18303571428571427,0.696969696969697,0.30303030303030304,0.0,0.03571428571428571,0.12053571428571429,0.11607142857142858,0.11607142857142858,0.0,0.26339285714285715,0.013392857142857142,0.004464285714285714,0.004464285714285714,0.017857142857142856,0.004464285714285714,0.013392857142857142,0.212,0.3139013452914798,0.38860103626943,0.7025023815609099,0.2598425196850393,26.339285714285715,11.607142857142858,494,581,82,0.19965576592082615,0.8780487804878049,0.10975609756097561,0.012195121951219513,0.058519793459552494,0.14974182444061962,0.12736660929432014,0.14113597246127366,0.0,0.23580034423407917,0.0068846815834767644,0.0017211703958691911,0.0,0.0051635111876075735,0.0034423407917383822,0.0017211703958691911,0.235,0.348,0.464,0.811,0.253,23.6,14.099999999999998
234,262,Mauricio Dubon,HOU,79,372.47230320699714,398.0,91.667638483965,0.24781341107871718,0.7721518987341773,0.21518987341772156,0.012658227848101266,0.01749271137026239,0.11370262390670555,0.10204081632653061,0.046647230320699715,0.0,0.1370262390670554,0.005830903790087464,0.008746355685131196,0.0029154518950437313,0.011661807580174929,0.0029154518950437313,0.008746355685131196,0.264,0.3011695906432748,0.3800623052959501,0.681231896,0.2915129151291513,13.702623906705538,4.664723032069971,369,398,82,0.2236180904522613,0.7439024390243902,0.25609756097560976,0.0,0.017587939698492462,0.10804020100502512,0.0829145728643216,0.06030150753768844,0.0,0.10552763819095477,0.002512562814070352,0.002512562814070352,0.007537688442211055,0.007537688442211055,0.0,0.007537688442211055,0.241,0.289,0.355,0.644,0.255,10.6,6.0
235,263,Miguel Andujar,ATH,79,317.13994169096213,341.0,77.54518950437318,0.25072886297376096,0.7692307692307692,0.21794871794871792,0.01282051282051282,0.023323615160349854,0.11078717201166179,0.11078717201166179,0.05830903790087463,0.0029154518950437317,0.14285714285714285,0.0058309037900874635,0.0058309037900874635,0.0,0.011661807580174927,0.0029154518950437317,0.008746355685131196,0.271,0.314868804664723,0.4043887147335423,0.7192575193982653,0.2954545454545454,14.285714285714285,5.830903790087463,321,341,92,0.2991202346041056,0.8043478260869565,0.18478260869565216,0.010869565217391304,0.02932551319648094,0.10557184750733138,0.12903225806451613,0.04985337243401759,0.002932551319648094,0.1436950146627566,0.002932551319648094,0.005865102639296188,0.0,0.002932551319648094,0.0,0.002932551319648094,0.318,0.352,0.47,0.822,0.348,14.400000000000002,5.0
236,264,Gabriel Arias,CLE,63,433.0439560439561,471.0,93.16483516483515,0.22344322344322343,0.7222222222222223,0.24074074074074078,0.03703703703703704,0.02564102564102564,0.10989010989010989,0.11355311355311357,0.06227106227106228,0.0,0.27472527472527475,0.01098901098901099,0.007326007326007326,0.0,0.02564102564102564,0.007326007326007326,0.01831501831501832,0.243,0.2967032967032967,0.3944223107569721,0.6911256074602687,0.3157894736842105,27.47252747252747,6.227106227106227,432,471,84,0.20169851380042464,0.6785714285714286,0.2976190476190476,0.023809523809523808,0.02335456475583864,0.09341825902335456,0.11464968152866242,0.05732484076433121,0.0021231422505307855,0.34394904458598724,0.014861995753715499,0.008492569002123142,0.0021231422505307855,0.016985138004246284,0.008492569002123142,0.008492569002123142,0.22,0.274,0.363,0.638,0.319,34.4,5.7
237,265,Kyle Stowers,MIA,107,407.5411255411255,457.0,77.15584415584416,0.20562770562770563,0.7051282051282051,0.2692307692307692,0.025641025641025637,0.0367965367965368,0.11038961038961038,0.12554112554112554,0.08441558441558442,0.0,0.303030303030303,0.01515151515151515,0.008658008658008658,0.0021645021645021645,0.004329004329004329,0.0021645021645021645,0.0021645021645021645,0.231,0.3051948051948052,0.4150485436893203,0.7202433488841256,0.3011583011583011,30.303030303030305,8.441558441558442,399,457,90,0.25164113785557984,0.7333333333333333,0.23333333333333334,0.03333333333333333,0.05470459518599562,0.13347921225382933,0.15973741794310722,0.1050328227571116,0.006564551422319475,0.2735229759299781,0.010940919037199124,0.0087527352297593,0.002188183807439825,0.010940919037199124,0.002188183807439825,0.0087527352297593,0.288,0.368,0.544,0.912,0.356,27.399999999999995,10.5
238,266,Roman Anthony,BOS,83,265.65546218487395,303.0,58.56302521008403,0.2156862745098039,0.6956521739130435,0.26086956521739135,0.028985507246376815,0.022408963585434174,0.12324929971988796,0.11204481792717087,0.1092436974789916,0.0028011204481792717,0.2633053221288515,0.0056022408963585435,0.0056022408963585435,0.0028011204481792717,0.0196078431372549,0.008403361344537815,0.011204481792717087,0.245,0.3314606741573033,0.389776357827476,0.7212370319847794,0.323943662,26.330532212885156,10.92436974789916,257,303,67,0.24752475247524752,0.7164179104477612,0.26865671641791045,0.014925373134328358,0.026402640264026403,0.15841584158415842,0.10561056105610561,0.132013201320132,0.0,0.27722772277227725,0.0165016501650165,0.0033003300330033004,0.0,0.013201320132013201,0.0033003300330033004,0.009900990099009901,0.292,0.396,0.463,0.859,0.404,27.699999999999996,13.2
239,268,Austin Hays,CIN,118,380.9941291585127,416.0,83.85127201565558,0.23483365949119375,0.6990291262135921,0.2912621359223301,0.009708737864077669,0.033268101761252444,0.11937377690802348,0.11937377690802348,0.06066536203522505,0.0019569471624266144,0.24461839530332682,0.0136986301369863,0.005870841487279843,0.0019569471624266144,0.007827788649706457,0.003913894324853229,0.003913894324853229,0.256,0.3104125736738703,0.4337606837606838,0.7441732574345541,0.3130699088145897,24.46183953033268,6.066536203522505,380,416,86,0.24278846153846154,0.7558139534883721,0.18604651162790697,0.05813953488372093,0.036057692307692304,0.14423076923076922,0.15384615384615385,0.06971153846153846,0.004807692307692308,0.25721153846153844,0.002403846153846154,0.014423076923076924,0.0,0.016826923076923076,0.0,0.016826923076923076,0.266,0.315,0.453,0.768,0.326,25.7,7.000000000000001
240,271,Drake Baldwin,ATL,53,395.2701421800947,445.99999999999994,82.43601895734595,0.20853080568720378,0.7435897435897437,0.23076923076923087,0.0,0.02369668246445498,0.1042654028436019,0.11374407582938388,0.0995260663507109,0.0,0.23696682464454982,0.014218009478672985,0.004739336492890996,0.0,0.0,0.0,0.0,0.236,0.320754716981132,0.3582887700534759,0.679043487,0.2932330827067669,23.696682464454977,9.952606635,405,446,92,0.24887892376681614,0.782608695652174,0.1956521739130435,0.021739130434782608,0.042600896860986545,0.12556053811659193,0.17937219730941703,0.08520179372197309,0.0,0.15246636771300448,0.006726457399103139,0.0,0.0,0.0,0.0,0.0,0.274,0.341,0.469,0.81,0.289,15.2,8.5
241,274,Rhys Hoskins,MIL,131,286.92768959435625,328.0,48.59259259610229,0.194003527347561,0.7261904761380256,0.2738095237897473,0.011904761903902059,0.04585537918871252,0.11816578483245149,0.1340388007012195,0.10582010582010581,0.001763668430335097,0.2786596119929453,0.010582010582010581,0.007054673721340388,0.0,0.005291005291005291,0.001763668430335097,0.003527336860670194,0.223,0.3109540636042402,0.4314516129032258,0.742405677,0.2658227848101265,27.86596119929453,10.582010582010582,279,328,54,0.20121951219512196,0.7592592592592593,0.2222222222222222,0.018518518518518517,0.036585365853658534,0.09146341463414634,0.13109756097560976,0.11585365853658537,0.006097560975609756,0.2774390243902439,0.01524390243902439,0.018292682926829267,0.0,0.006097560975609756,0.003048780487804878,0.003048780487804878,0.237,0.332,0.416,0.748,0.297,27.699999999999996,11.6
242,275,Josh Bell,WSN,134,471.53528399311534,533.0,99.9948364888124,0.22203098106712565,0.7706422018348623,0.21100917431192662,0.009174311926605503,0.034423407917383825,0.11015490533562823,0.12048192771084337,0.09982788296041309,0.003442340791738382,0.19621342512908782,0.006884681583476764,0.006884681583476764,0.0,0.001721170395869191,0.001721170395869191,0.0,0.25,0.3293103448275862,0.4143968871595331,0.7437072319871193,0.2838541666666667,19.62134251290878,9.982788296041308,468,533,89,0.20825515947467166,0.8089887640449438,0.1797752808988764,0.011235955056179775,0.04127579737335835,0.10131332082551595,0.11819887429643527,0.10694183864915573,0.001876172607879925,0.1651031894934334,0.009380863039399626,0.005628517823639775,0.0,0.0,0.005628517823639775,-0.005628517823639775,0.237,0.325,0.417,0.741,0.247,16.5,10.7
243,276,Colson Montgomery,CHW,107,248.96103896103895,284.0,44.259740259740255,0.17965367965367962,0.75,0.22222222222222227,0.027777777777777773,0.023809523809523805,0.0974025974025974,0.10173160173160173,0.09523809523809522,0.004329004329004328,0.29004329004329,0.02164502164502164,0.006493506493506493,0.0021645021645021645,0.008658008658008658,0.0021645021645021645,0.006493506493506493,0.204,0.2965367965367965,0.3358024691358025,0.632339266,0.2737642585551331,29.004329004329005,9.523809523809524,255,284,40,0.2147887323943662,0.75,0.225,0.025,0.07394366197183098,0.15140845070422534,0.1936619718309859,0.0880281690140845,0.0035211267605633804,0.29225352112676056,0.007042253521126761,0.0035211267605633804,0.0,0.0,0.0,0.0,0.239,0.311,0.529,0.84,0.263,29.2,8.8
244,278,Dane Myers,MIA,86,301.58490566037733,333.0,66.42048517520215,0.22371967654986522,0.7837837837837839,0.20270270270270274,0.027027027027027032,0.024258760107816708,0.11590296495956874,0.11590296495956874,0.0673854447439353,0.0,0.27762803234501343,0.016172506738544472,0.008086253369272236,0.0026954177897574125,0.0215633423180593,0.005390835579514825,0.016172506738544472,0.248,0.3081081081081081,0.3869047619047619,0.69501287,0.3259911894273127,27.762803234501348,6.738544474393531,307,333,66,0.21621621621621623,0.8484848484848485,0.15151515151515152,0.0,0.018018018018018018,0.08708708708708708,0.09309309309309309,0.06906906906906907,0.0,0.23123123123123124,0.006006006006006006,0.003003003003003003,0.0,0.05405405405405406,0.015015015015015015,0.03903903903903904,0.235,0.291,0.326,0.617,0.293,23.1,6.9
245,279,Jake Fraley,CIN,104,192.78125,217.0,43.109375,0.22544642857142858,0.7752808988764045,0.20224719101123595,0.011235955056179775,0.026785714285714284,0.11383928571428571,0.11383928571428571,0.09375,0.002232142857142857,0.19642857142857142,0.011160714285714286,0.006696428571428571,0.002232142857142857,0.04241071428571429,0.011160714285714286,0.03125,0.254,0.3303571428571428,0.3919597989949748,0.7223169418521177,0.2956810631229236,19.642857142857142,9.375,191,217,40,0.2119815668202765,0.775,0.225,0.0,0.027649769585253458,0.14285714285714285,0.10599078341013825,0.1152073732718894,0.004608294930875576,0.22580645161290322,0.004608294930875576,0.0,0.0,0.018433179723502304,0.013824884792626729,0.004608294930875576,0.241,0.332,0.382,0.714,0.294,22.6,11.5
246,281,Alex Call,WSN,60,276.0,322.0,54.70270270316216,0.19305019305019305,0.7499999999937006,0.22727272727081835,0.022727272727081835,0.02316602316459627,0.1158301158385093,0.10038610038610038,0.1158301158385093,0.0,0.19691119692546583,0.015444015444015443,0.007722007722007721,0.0038610038610038607,0.027027027027027025,0.007722007722007721,0.019305019305019305,0.226,0.3255813953488372,0.3603603603603603,0.6859417557091976,0.2634730538922156,19.69111969111969,11.583011583011585,270,322,67,0.2236024844720497,0.7761194029850746,0.19402985074626866,0.029850746268656716,0.015527950310559006,0.13354037267080746,0.09627329192546584,0.11180124223602485,0.0,0.17080745341614906,0.018633540372670808,0.012422360248447204,0.018633540372670808,0.006211180124223602,0.003105590062111801,0.003105590062111801,0.267,0.361,0.385,0.746,0.313,17.1,11.2
247,284,Javier Baez,DET,79,407.69679300291546,437.0,84.087463556793,0.21865889212814643,0.7575757575762829,0.2121212121213592,0.015151515151525657,0.026239067055393587,0.10787172011441648,0.1107871720116618,0.04664723032069971,0.0029154518950437317,0.24198250728862977,0.011661807580174927,0.0058309037900874635,0.0,0.02040816326530612,0.0029154518950437317,0.01749271137026239,0.233,0.2777777777777778,0.365625,0.6434027777777778,0.2869565217391304,24.198250728862973,4.664723032069971,417,437,95,0.2448512585812357,0.7894736842105263,0.17894736842105263,0.031578947368421054,0.02745995423340961,0.12585812356979406,0.13043478260869565,0.02288329519450801,0.0,0.2494279176201373,0.013729977116704805,0.006864988558352402,0.0,0.011441647597254004,0.002288329519450801,0.009153318077803204,0.257,0.282,0.398,0.68,0.318,24.9,2.3
248,285,Giancarlo Stanton,NYY,84,251.6648351648352,281.0,40.91483516483517,0.20604395604395606,0.7547169811320754,0.24528301886792453,0.0,0.06043956043956045,0.1153846153846154,0.1565934065934066,0.09340659340659341,0.005494505494505495,0.29945054946619215,0.005494505494505495,0.005494505494505495,0.0,0.0,0.0,0.0,0.229,0.3049450549450549,0.4723926380368098,0.7773376929818647,0.2690355329949238,29.945054945054945,9.34065934065934,249,281,44,0.24199288256227758,0.8181818181818182,0.18181818181818182,0.0,0.08540925266903915,0.12811387900355872,0.23487544483985764,0.10320284697508897,0.010676156583629894,0.3416370106761566,0.0035587188612099642,0.0035587188612099642,0.0,0.0,0.0,0.0,0.273,0.35,0.594,0.944,0.338,34.2,10.3
249,287,Andy Pages,LAD,44,557.968254,624.0,112.25396825396825,0.2222222222222222,0.7058823529411765,0.2647058823529412,0.029411764705882353,0.042328042328042326,0.13227513227513227,0.13227513227513227,0.07936507936507936,0.0,0.2433862433862434,0.015873015873015872,0.010582010582010581,0.0,0.005291005291005291,0.005291005291005291,0.0,0.247,0.3174603174603174,0.4556213017751479,0.7730816192354654,0.2905982905982906,24.33862433862434,7.936507936507936,581,624,131,0.2532051282051282,0.7862595419847328,0.20610687022900764,0.007633587786259542,0.04326923076923077,0.11858974358974358,0.13782051282051283,0.046474358974358976,0.0,0.21634615384615385,0.01282051282051282,0.009615384615384616,0.0,0.022435897435897436,0.011217948717948718,0.011217948717948718,0.272,0.313,0.461,0.774,0.308,21.6,4.6
250,288,Mitch Garver,SEA,78,250.4953560371517,290.0,40.40247678195047,0.17647058824137932,0.7333333333013027,0.26666666665501915,0.0,0.03715170278637771,0.10216718266253871,0.11145510835913314,0.11455108359133127,0.0,0.2910216718266254,0.012383900928792572,0.006191950464396286,0.0,0.0,0.0,0.0,0.203,0.3043478260869565,0.3763440860215054,0.6806919121084619,0.2571428571428571,29.102167182662537,11.455108359133128,254,290,44,0.18275862068965518,0.8636363636363636,0.11363636363636363,0.022727272727272728,0.03103448275862069,0.1,0.10344827586206896,0.10344827586206896,0.0034482758620689655,0.27586206896551724,0.010344827586206896,0.010344827586206896,0.0,0.010344827586206896,0.0,0.010344827586206896,0.209,0.297,0.343,0.639,0.262,27.6,10.3
251,289,Kyle Teel,CHW,45,263.81564245810057,297.0,56.41340782122905,0.2122905027932961,0.8235294117647058,0.20588235294117646,0.0,0.0223463687150838,0.11731843575418995,0.09497206703910614,0.10055865922558924,0.0,0.25139664804469275,0.0111731843575419,0.005586592178770949,0.0,0.01675977653631285,0.005586592178770949,0.0111731843575419,0.24,0.3222222222222222,0.3647798742138364,0.6870020964360587,0.3063063063063063,25.139664804469277,10.05586592178771,253,297,61,0.23232323232323232,0.819672131147541,0.18032786885245902,0.0,0.026936026936026935,0.12794612794612795,0.11784511784511785,0.12457912457912458,0.0,0.25925925925925924,0.016835016835016835,0.003367003367003367,0.003367003367003367,0.010101010101010102,0.003367003367003367,0.006734006734006734,0.273,0.375,0.411,0.786,0.361,25.9,12.5
252,291,Alex Verdugo,,81,192.91714285714284,213.0,44.425714285714285,0.23142857142857143,0.7397260273972601,0.2465753424657534,0.0136986301369863,0.022857142857142857,0.12,0.1057142857142857,0.07714285714285712,0.0,0.15428571428571425,0.005714285714285714,0.008571428571428572,0.002857142857142857,0.005714285714285714,0.002857142857142857,0.002857142857142857,0.255,0.3151862464183381,0.3943217665615142,0.7095080129798523,0.2829457364341085,15.428571428571429,7.7142857142857135,197,213,47,0.22065727699530516,0.7872340425531915,0.2127659574468085,0.0,0.0,0.09859154929577464,0.056338028169014086,0.06572769953051644,0.0,0.14553990610328638,0.009389671361502348,0.0,0.0,0.004694835680751174,0.0,0.004694835680751174,0.239,0.296,0.289,0.585,0.283,14.6,6.6000000000000005
253,292,Wenceel Perez,DET,87,346.5238095238095,383.0,75.9920634920635,0.21693121693121695,0.72,0.20000000002088772,0.06666666666666667,0.018518518518518517,0.11640211640211641,0.10317460317460318,0.08201058201058202,0.0,0.20634920634920637,0.007936507936507936,0.005291005291005292,0.002645502645502646,0.02380952380952381,0.007936507936507936,0.015873015873015872,0.239,0.3068783068783068,0.3713450292397661,0.678223336,0.2895752895752895,20.634920634920633,8.201058201058201,344,383,71,0.2193211488250653,0.704225352112676,0.23943661971830985,0.056338028169014086,0.033942558746736295,0.1227154046997389,0.1122715404699739,0.08093994778067885,0.0,0.22715404699738903,0.007832898172323759,0.013054830287206266,0.0,0.020887728459530026,0.007832898172323759,0.013054830287206266,0.244,0.308,0.43,0.738,0.285,22.7,8.1
254,295,Pedro Pages,STL,62,352.18106995884773,389.0,68.83539094839506,0.20164609053984575,0.7906976743968601,0.1860465116227906,0.023255813952848828,0.024691358024691357,0.09465020576131687,0.1111111111111111,0.07818930041152262,0.0,0.2592592592592592,0.008230452674897118,0.008230452674897118,0.004115226337448559,0.008230452674897118,0.0,0.008230452674897118,0.225,0.2880658436213992,0.35,0.6380658436213992,0.2810457516339869,25.925925925925924,7.818930041152264,361,389,72,0.2133676092544987,0.7916666666666666,0.20833333333333334,0.0,0.028277634961439587,0.09768637532133675,0.11568123393316196,0.04884318766066838,0.002570694087403599,0.2750642673521851,0.007712082262210797,0.007712082262210797,0.007712082262210797,0.0,0.0,0.0,0.23,0.272,0.363,0.635,0.293,27.500000000000004,4.9
255,299,Oswald Peraza,NYY,50,238.1336405529954,265.0,47.626728110599075,0.2073732718894009,0.7948717948717948,0.20512820511862606,0.0,0.02764976958525345,0.11981566820276497,0.1152073732718894,0.07373271889400922,0.0,0.2350230414746544,0.018433179724528303,0.004608294930875576,0.004608294930875576,0.03686635944528302,0.009216589861751152,0.02764976958525345,0.233,0.3009259259259259,0.3641025641025641,0.66502849,0.2805755395683453,23.50230414746544,7.373271889400922,244,265,35,0.1509433962264151,0.8285714285714286,0.17142857142857143,0.0,0.018867924528301886,0.09056603773584905,0.07547169811320754,0.06415094339622641,0.0,0.3018867924528302,0.007547169811320755,0.0037735849056603774,0.0,0.033962264150943396,0.0,0.033962264150943396,0.164,0.223,0.25,0.473,0.219,30.2,6.4
256,301,Rob Refsnyder,BOS,50,182.03225806451613,209.0,41.414746543778804,0.22580645161290325,0.744186046511628,0.2558139534883721,0.023255813953488372,0.027649769585253458,0.11981566820276499,0.11981566820276499,0.10138248846889952,0.004608294930875576,0.2534562211981567,0.018433179723502304,0.004608294930875576,0.0,0.009216589861751152,0.004608294930875576,0.004608294930875576,0.26,0.3472222222222222,0.4285714285714285,0.7757936507936507,0.3333333333333333,25.34562211981567,10.138248847926269,182,209,40,0.23444976076555024,0.7,0.3,0.0,0.0430622009569378,0.13875598086124402,0.14354066985645933,0.11483253588516747,0.004784688995215311,0.2583732057416268,0.004784688995215311,0.009569377990430622,0.0,0.014354066985645933,0.0,0.014354066985645933,0.269,0.354,0.484,0.838,0.331,25.8,11.5
257,303,Edgar Quero,CHW,39,355.8961038961039,403.0,73.27272727272728,0.2077922077922078,0.8214285714285714,0.21428571428571427,0.0,0.025974025974025976,0.0974025974025974,0.1103896103896104,0.09090909090909093,0.0,0.2012987012987013,0.012987012987012988,0.006493506493506494,0.0,0.006493506493506494,0.0,0.006493506493506494,0.237,0.3137254901960784,0.375,0.6887254901960784,0.2745098039215686,20.12987012987013,9.090909090909092,365,403,93,0.24317617866004962,0.8172043010752689,0.1827956989247312,0.0,0.01240694789081886,0.07692307692307693,0.08933002481389578,0.0794044665012407,0.0,0.1761786600496278,0.009925558312655087,0.004962779156327543,0.0,0.0,0.0024813895781637717,-0.0024813895781637717,0.268,0.333,0.356,0.689,0.32,17.6,7.9
258,304,Agustin Ramirez,MIA,65,527.1673003802282,585.0,106.76806083650192,0.2129277566539924,0.7499999999999999,0.24999999999999997,0.020833333333333332,0.030418250950570342,0.11406844106463879,0.11406844106463879,0.08365019011406843,0.0038022813688212928,0.20912547528517111,0.011406844106463879,0.0076045627376425855,0.0,0.019011406844106467,0.0038022813688212928,0.015209125475285171,0.237,0.3068181818181818,0.4008438818565401,0.707662064,0.2727272727272727,20.912547528517113,8.365019011406844,537,585,103,0.21196581196581196,0.6699029126213593,0.32038834951456313,0.009708737864077669,0.035897435897435895,0.12307692307692308,0.11452991452991453,0.06153846153846154,0.003418803418803419,0.19316239316239317,0.013675213675213675,0.006837606837606838,0.0,0.02735042735042735,0.005128205128205128,0.022222222222222223,0.231,0.287,0.413,0.701,0.253,19.3,6.2
259,306,Jose Iglesias,SDP,87,322.1296296296296,343.0,79.85185185185185,0.24603174603174602,0.7727272727272728,0.2159090909090909,0.011363636363636364,0.013227513227513229,0.10317460317460318,0.09788359788359789,0.04232804232804233,0.0,0.16666666666666669,0.013227513227513229,0.005291005291005292,0.002645502645502646,0.007936507936507936,0.005291005291005292,0.002645502645502646,0.263,0.3015873015873015,0.3633802816901408,0.6649675832774424,0.3044982698961938,16.666666666666664,4.232804232804233,306,343,67,0.20408163265306123,0.835820895522388,0.16417910447761194,0.0,0.008746355685131196,0.08454810495626822,0.10495626822157435,0.06997084548104957,0.0,0.16326530612244897,0.02040816326530612,0.0058309037900874635,0.011661807580174927,0.014577259475218658,0.0029154518950437317,0.011661807580174927,0.229,0.298,0.294,0.592,0.269,16.3,7.000000000000001
260,307,Paul DeJong,WSN,79,189.80758017492712,208.0,31.533527696793,0.1924198250728863,0.7500000000000001,0.25000000000000006,0.0,0.04081632653061225,0.10495626822157435,0.11370262390670555,0.061224489795918366,0.0,0.3090379008746356,0.01457725947521866,0.008746355685131196,0.002915451895043732,0.005830903790087464,0.002915451895043732,0.002915451895043732,0.21,0.2690058479532163,0.3865814696485623,0.6555873176017787,0.2653061224489796,30.903790087463555,6.122448979591836,193,208,38,0.21153846153846154,0.7368421052631579,0.2631578947368421,0.0,0.028846153846153848,0.08653846153846154,0.11057692307692307,0.052884615384615384,0.0,0.33653846153846156,0.004807692307692308,0.014423076923076924,0.0,0.019230769230769232,0.0,0.019230769230769232,0.228,0.269,0.373,0.642,0.317,33.7,5.3
261,308,Tyler Freeman,CLE,37,377.49068322981367,428.0,87.72670807453417,0.22360248447204972,0.7878787878787878,0.21212121212121207,0.0,0.018633540372670808,0.11801242236024845,0.10559006211180125,0.06832298136645962,0.0,0.14285714285714288,0.037267080745341616,0.006211180124223603,0.006211180124223603,0.031055900621118016,0.006211180124223603,0.02484472049689441,0.253,0.33125,0.3661971830985915,0.6974471830985915,0.282051282051282,14.285714285714285,6.832298136645963,377,428,104,0.24766355140186916,0.7884615384615384,0.19230769230769232,0.019230769230769232,0.004672897196261682,0.11682242990654206,0.07242990654205607,0.0794392523364486,0.0,0.1191588785046729,0.02570093457943925,0.009345794392523364,0.004672897196261682,0.04205607476635514,0.02102803738317757,0.02102803738317757,0.281,0.354,0.361,0.715,0.317,11.9,7.9
262,310,Caleb Durbin,MIL,49,443.35238095238094,506.0,96.38095238095237,0.20952380952380947,0.7250000000000001,0.25000000000000006,0.025,0.019047619047619046,0.11904761904761904,0.10476190476190475,0.0857142857142857,0.0,0.1238095238095238,0.023809523809523808,0.0047619047619047615,0.0047619047619047615,0.047619047619047616,0.009523809523809523,0.03809523809523809,0.238,0.3221153846153846,0.3695652173913043,0.691680602,0.2580645161290322,12.38095238095238,8.571428571428571,445,506,103,0.22529644268774704,0.7572815533980582,0.24271844660194175,0.0,0.021739130434782608,0.11857707509881422,0.10474308300395258,0.05928853754940711,0.0,0.09881422924901186,0.04743083003952569,0.007905138339920948,0.005928853754940711,0.03557312252964427,0.011857707509881422,0.023715415019762844,0.256,0.334,0.387,0.721,0.265,9.9,5.9
263,312,Taylor Walls,TBR,57,275.59591836734694,317.0,51.755102040816325,0.17959183673469387,0.7250000000000001,0.22499999999999998,0.024999999999999994,0.016326530612244896,0.11428571428571428,0.08571428571428572,0.11836734693877553,0.0,0.24897959182965299,0.004081632653061224,0.008163265306122448,0.004081632653061224,0.04897959183673469,0.012244897959183671,0.03673469387755102,0.208,0.3020408163265306,0.3098591549295774,0.6118999712561081,0.2666666666666666,24.897959183673468,11.83673469387755,282,317,58,0.19558359621451105,0.7413793103448276,0.2413793103448276,0.017241379310344827,0.012618296529968454,0.11356466876971609,0.11987381703470032,0.08201892744479496,0.0,0.22082018927444794,0.0,0.01892744479495268,0.00946372239747634,0.04416403785488959,0.01892744479495268,0.025236593059936908,0.22,0.28,0.319,0.599,0.271,22.1,8.2
264,313,Ramon Laureano,BAL,47,442.3251231527094,488.00000000000006,88.94581280788177,0.21182266009852213,0.7297297297197609,0.24324324324324328,0.027027027027027032,0.02955665024630542,0.11822660098522168,0.1231527093596059,0.06403940886699508,0.0,0.29064039408866993,0.024630541871921176,0.0049261083743842365,0.0,0.024630541871921176,0.0049261083743842365,0.019704433497950816,0.236,0.3004926108374384,0.391304348,0.6917969586635254,0.3083333333333333,29.064039408866993,6.403940886699508,441,488,100,0.2540983606557377,0.72,0.26,0.02,0.04918032786885246,0.14754098360655737,0.1557377049180328,0.07172131147540983,0.0020491803278688526,0.24385245901639344,0.01639344262295082,0.00819672131147541,0.0,0.014344262295081968,0.00819672131147541,0.006147540983606557,0.281,0.342,0.512,0.855,0.331,24.4,7.200000000000001
265,314,Mickey Moniak,LAA,66,430.4808362369338,461.0,83.52613240418118,0.2195121951219512,0.7307692308155348,0.23076923076923075,0.03846153846153846,0.03832752613240418,0.11149825783972125,0.12543554006968644,0.048780487804878044,0.0,0.2926829268292683,0.010452961672473867,0.006968641114982578,0.0,0.01742160278745645,0.006968641114982578,0.010452961672473867,0.234,0.2787456445993031,0.417910448,0.6966560923604972,0.2971428571428571,29.268292682926827,4.878048780487805,434,461,93,0.25379609544468545,0.6989247311827957,0.21505376344086022,0.08602150537634409,0.052060737527114966,0.13449023861171366,0.1475054229934924,0.04772234273318872,0.0021691973969631237,0.2386117136659436,0.004338394793926247,0.006507592190889371,0.0,0.019522776572668113,0.006507592190889371,0.013015184381778741,0.27,0.306,0.518,0.824,0.307,23.9,4.8
266,315,Lenyn Sosa,CHW,71,510.4415584415584,544.0,111.27272727272727,0.23376623376623376,0.7777777777777778,0.20634920634920634,0.0,0.02922077922077922,0.10389610389610389,0.11688311688311688,0.045454545454545456,0.0032467532467532465,0.21103896103896103,0.006493506493506493,0.006493506493506493,0.0032467532467532465,0.006493506493506493,0.0032467532467532465,0.0032467532467532465,0.25,0.2866449511400651,0.3840830449826989,0.6707279961227641,0.2903225806451613,21.1038961,4.545454545454546,518,544,115,0.25183823529411764,0.8173913043478261,0.17391304347826086,0.008695652173913044,0.04044117647058824,0.10477941176470588,0.13786764705882354,0.03308823529411765,0.0,0.23345588235294118,0.007352941176470588,0.0055147058823529415,0.001838235294117647,0.003676470588235294,0.001838235294117647,0.001838235294117647,0.264,0.293,0.434,0.727,0.309,23.3,3.3000000000000003
267,316,Curtis Mead,TBR,57,239.21632653061224,264.0,54.955102041265306,0.2326530612244898,0.7450980392095989,0.2352941176451365,0.019607843137094707,0.024489795916666668,0.11428571428571428,0.11428571428571428,0.0653061224489796,0.0,0.1836734693877551,0.0163265306122449,0.00816326530612245,0.0,0.0163265306122449,0.004081632653061225,0.012244897958333334,0.259,0.3155737704918033,0.4009009009009009,0.7164746713927042,0.2947976878612717,18.367346938775512,6.530612244897959,240,264,53,0.21212121212121213,0.7924528301886793,0.18867924528301888,0.018867924528301886,0.011363636363636364,0.09848484848484848,0.07196969696969698,0.056818181818181816,0.0,0.23863636363636365,0.030303030303030304,0.003787878787878788,0.0,0.01893939393939394,0.003787878787878788,0.015151515151515152,0.233,0.299,0.321,0.62,0.303,23.9,5.7
268,318,Pavin Smith,ARI,78,252.0,288.0,54.0,0.21726190476190477,0.746031746031746,0.2222222222222222,0.015873015873015872,0.02976190476190476,0.11904761904761904,0.1220238095238095,0.11011904761904762,0.002976190476190476,0.2113095238095238,0.005952380952380952,0.005952380952380952,0.0,0.005952380952380952,0.002976190476190476,0.002976190476190476,0.248,0.3343283582089552,0.4013605442176871,0.7356889024266423,0.2930232558139535,21.13095238095238,11.01190476190476,244,288,55,0.21875,0.6727272727272727,0.3090909090909091,0.01818181818181818,0.027777777777777776,0.125,0.09722222222222222,0.1423611111111111,0.003472222222222222,0.3194444444444444,0.0,0.006944444444444444,0.0,0.006944444444444444,0.006944444444444444,0.0,0.258,0.362,0.434,0.797,0.377,31.9,14.2
269,319,Jared Triolo,PIT,55,333.34453781512605,376.0,74.25210084033613,0.21428571428571427,0.7872340425531915,0.2127659574468085,0.021276595744680854,0.01680672268907563,0.10504201680672269,0.09663865546218488,0.09663865546218488,0.0,0.25210084033613445,0.008403361344537815,0.008403361344537815,0.0,0.021008403361344536,0.004201680672268907,0.01680672268907563,0.244,0.3193277310924369,0.3601895734597156,0.6795173045521525,0.3154362416107382,25.210084033613445,9.663865546218489,331,376,68,0.19946808510638298,0.7058823529411765,0.2647058823529412,0.029411764705882353,0.018617021276595744,0.10904255319148937,0.06382978723404255,0.10372340425531915,0.0026595744680851063,0.20212765957446807,0.005319148936170213,0.0026595744680851063,0.007978723404255319,0.034574468085106384,0.005319148936170213,0.02925531914893617,0.227,0.311,0.356,0.667,0.273,20.2,10.4
270,325,Carlos Narvaez,BOS,50,389.6868686868687,446.0,74.33333333343435,0.18686868686868688,0.7575757575747281,0.24242424242391297,0.0,0.02020202020179372,0.10606060606060606,0.10101010101010101,0.10606060606060606,0.005050505050505051,0.29797979797979796,0.015151515151515152,0.005050505050505051,0.0,0.010101010101010102,0.005050505050505051,0.005050505050505051,0.216,0.308080808080808,0.3294797687861271,0.6375605768669352,0.2972972972972973,29.797979797979796,10.606060606060606,403,446,82,0.21748878923766815,0.6707317073170732,0.32926829268292684,0.0,0.033632286995515695,0.11434977578475336,0.11210762331838565,0.08520179372197309,0.0,0.24887892376681614,0.002242152466367713,0.004484304932735426,0.004484304932735426,0.002242152466367713,0.002242152466367713,0.0,0.241,0.306,0.419,0.726,0.294,24.9,8.5
271,330,Brooks Baldwin,CHW,45,301.2244897959184,328.0,68.6122448989796,0.2295918367378049,0.7804878048664413,0.1951219512166103,0.0,0.020408163265306124,0.10204081632653061,0.10204081632653061,0.0663265306122449,0.0,0.2142857142857143,0.00510204081632653,0.00510204081632653,0.00510204081632653,0.025510204082317075,0.00510204081632653,0.020408163265306124,0.249,0.3025641025641025,0.3555555555555555,0.6581196581196581,0.3037037037037037,21.428571428571427,6.632653061,300,328,61,0.21951219512195122,0.7377049180327869,0.2459016393442623,0.01639344262295082,0.03353658536585366,0.0975609756097561,0.11585365853658537,0.06402439024390244,0.0,0.2621951219512195,0.003048780487804878,0.006097560975609756,0.012195121951219513,0.01524390243902439,0.0,0.01524390243902439,0.24,0.29,0.407,0.697,0.298,26.200000000000003,6.4
272,331,Luis Torrens,NYM,40,258.2375,283.0,49.525,0.20625,0.7857142857142858,0.25,0.0,0.03125,0.1,0.11249999999999999,0.06875,0.0,0.2625,0.00625,0.00625,0.0,0.00625,0.0,0.00625,0.229,0.2830188679245283,0.3835616438356164,0.6665805117601447,0.28,26.25,6.875000000000001,261,283,54,0.20848056537102475,0.7222222222222222,0.25925925925925924,0.018518518518518517,0.0176678445229682,0.0706713780918728,0.10247349823321555,0.06713780918727916,0.0,0.1978798586572438,0.007067137809187279,0.0,0.0035335689045936395,0.0035335689045936395,0.0,0.0035335689045936395,0.226,0.284,0.345,0.629,0.27,19.8,6.7
273,332,Edmundo Sosa,PHI,41,240.12,261.0,52.199999999999996,0.22285714285714284,0.7428571428571429,0.2,0.05714285714285714,0.022857142857142857,0.11999999999999998,0.10857142857142855,0.04,0.0,0.23999999999999996,0.028571428571428567,0.005714285714285713,0.005714285714285713,0.017142857142857144,0.005714285714285713,0.011428571428571429,0.246,0.293103448275862,0.3850931677018633,0.6781966159777254,0.3017241379310345,24.0,4.0,243,261,56,0.2567049808429119,0.7678571428571429,0.21428571428571427,0.017857142857142856,0.0421455938697318,0.11494252873563218,0.14942528735632185,0.038314176245210725,0.0,0.21455938697318008,0.007662835249042145,0.007662835249042145,0.011494252873563218,0.0038314176245210726,0.0038314176245210726,0.0,0.276,0.307,0.469,0.777,0.315,21.5,3.8
274,334,Davis Schneider,TOR,45,195.7295918367347,227.0,34.744897959183675,0.18877551020408162,0.7000000000000001,0.3,0.03333333333333333,0.03571428571428572,0.11734693877551021,0.11224489795918367,0.11734693877551021,0.0,0.29081632653061223,0.010204081632653062,0.005102040816326531,0.0,0.010204081632653062,0.005102040816326531,0.005102040816326531,0.219,0.3179487179487179,0.4142011834319526,0.7321499013806706,0.2830188679245283,29.081632653061224,11.73469387755102,188,227,33,0.19383259911894274,0.8484848484848485,0.15151515151515152,0.0,0.048458149779735685,0.14537444933920704,0.13656387665198239,0.15859030837004406,0.0,0.2643171806167401,0.00881057268722467,0.004405286343612335,0.0,0.013215859030837005,0.004405286343612335,0.00881057268722467,0.234,0.361,0.436,0.797,0.28,26.4,15.9
275,337,Starling Marte,NYM,63,298.87179487179486,329.0,71.10256410233333,0.23809523809523808,0.7966101694941108,0.1864406779667068,0.01694915254242789,0.021978021978723405,0.12454212454212453,0.10989010989010989,0.062271062271062265,0.003663003663003663,0.2124542124620061,0.018315018315018316,0.003663003663003663,0.003663003663003663,0.04029304029304029,0.007326007325227964,0.03296703296703296,0.264,0.3210332103321033,0.3870967741935484,0.7081299845256517,0.3189189189189189,21.245421245421245,6.227106227106227,293,329,70,0.24012158054711247,0.8,0.2,0.0,0.02735562310030395,0.11246200607902736,0.1033434650455927,0.0668693009118541,0.0,0.2066869300911854,0.02735562310030395,0.0121580547112462,0.00303951367781155,0.02127659574468085,0.0060790273556231,0.015197568389057751,0.27,0.335,0.41,0.745,0.318,20.7,6.7
276,339,Nick Castellanos,PHI,147,543.6923076923076,589.0,118.35478806907376,0.2354788069073783,0.7421874999998674,0.23437500000000003,0.015625,0.03453689167974882,0.11616954474097331,0.13186813186813187,0.05965463108320251,0.0031397174254317105,0.23233908948194662,0.009419152276295133,0.006279434850863421,0.0,0.009419152276295133,0.0015698587127158552,0.007849293563579277,0.256,0.3050314465408805,0.423469387755102,0.7285008342959826,0.3033175355450237,23.233908948194664,5.965463108320251,547,589,120,0.23259762308998302,0.7583333333333333,0.225,0.016666666666666666,0.028862478777589132,0.12224108658743633,0.12224108658743633,0.05432937181663837,0.0,0.22580645161290322,0.006791171477079796,0.010186757215619695,0.0,0.006791171477079796,0.0,0.006791171477079796,0.25,0.294,0.4,0.694,0.298,22.6,5.4
277,342,Victor Scott II,STL,63,420.6007326007326,463.0,89.88644688644688,0.20879120879120877,0.7924528301886793,0.169811320754717,0.03773584905660378,0.014652014652014652,0.1098901098901099,0.09157509157667386,0.06227106227106227,0.0,0.1978021978021978,0.010989010989010988,0.007326007326007326,0.007326007326007326,0.05860805860805861,0.010989010989010988,0.047619047619047616,0.23,0.2851851851851852,0.3306451612903225,0.6158303464755077,0.2760416666666667,19.78021978021978,6.227106227106227,398,463,81,0.1857451403887689,0.8024691358024691,0.18518518518518517,0.012345679012345678,0.01079913606911447,0.11663066954643629,0.07991360691144708,0.09071274298056156,0.0,0.23974082073434125,0.02159827213822894,0.0064794816414686825,0.02159827213822894,0.0734341252699784,0.008639308855291577,0.06479481641468683,0.216,0.305,0.296,0.601,0.284,24.0,9.1
278,343,Enrique Hernandez,LAD,66,231.9163763066202,256.0,46.383275258,0.2090592334375,0.7500000000537485,0.2500000000179162,0.019230769238232134,0.0278745644609375,0.11149825783972125,0.11498257839721254,0.07317073170731707,0.0,0.1986062717770035,0.00696864111328125,0.00696864111328125,0.00348432055859375,0.00348432055859375,0.00348432055859375,0.0,0.231,0.2912280701754386,0.3846153846153846,0.6758434547908232,0.2639593908629442,19.860627177700348,7.317073170731707,232,256,37,0.18359375,0.7837837837837838,0.21621621621621623,0.0,0.0390625,0.1171875,0.13671875,0.0703125,0.0,0.265625,0.0,0.01953125,0.00390625,0.0,0.0,0.0,0.203,0.255,0.366,0.621,0.233,26.6,7.000000000000001
279,347,Coby Mayo,BAL,28,261.88235294117646,294.0,51.88235294117647,0.21008403361344538,0.7142857142857143,0.28571428571428575,0.0,0.033613445378151266,0.11764705882352942,0.12605042016806725,0.08403361344537816,0.0,0.2773109243697479,0.01680672268907563,0.008403361344537815,0.0,0.008403361344537815,0.0,0.008403361344537815,0.236,0.3109243697478991,0.4056603773584906,0.7165847471063898,0.3,27.73109243697479,8.403361344537815,263,294,46,0.19387755102040816,0.7391304347826086,0.2608695652173913,0.0,0.03741496598639456,0.10204081632653061,0.09523809523809523,0.09183673469387756,0.0,0.2857142857142857,0.013605442176870748,0.0,0.0,0.01020408163265306,0.0,0.01020408163265306,0.217,0.299,0.388,0.687,0.274,28.6,9.2
280,349,Thomas Saggese,STL,49,272.5238095238095,295.0,57.59523809523809,0.2238095238095238,0.7560975609756097,0.21951219512195125,0.02439024390243903,0.028571428571428567,0.10952380952380952,0.11904761904761903,0.052380952380952375,0.0,0.24761904761904757,0.014285714285714284,0.004761904761904762,0.0,0.009523809523809523,0.004761904761904762,0.004761904761904762,0.242,0.291866029,0.3917525773195876,0.6836186060277216,0.2992700729927007,24.761904761904763,5.238095238095238,275,295,69,0.24067796610169492,0.7536231884057971,0.2463768115942029,0.0,0.006779661016949152,0.0847457627118644,0.0847457627118644,0.05423728813559322,0.0,0.28135593220338984,0.003389830508474576,0.006779661016949152,0.003389830508474576,0.010169491525423728,0.0,0.010169491525423728,0.258,0.299,0.342,0.641,0.359,28.1,5.4
281,350,Santiago Espinal,CIN,47,298.9162561576355,328.0,72.70935960591133,0.23645320197044337,0.8,0.20000000000000004,0.0,0.01477832512315271,0.10344827586206896,0.10344827586206896,0.06896551724137931,0.0,0.14285714285714288,0.0049261083743842365,0.0049261083743842365,0.0049261083743842365,0.019704433497536946,0.0049261083743842365,0.01477832512315271,0.261,0.3134328358208955,0.3567567567567568,0.6701895925776523,0.2922077922077922,14.285714285714285,6.896551724137931,301,328,73,0.2225609756097561,0.8356164383561644,0.1643835616438356,0.0,0.0,0.07621951219512195,0.04878048780487805,0.06402439024390244,0.0,0.11585365853658537,0.003048780487804878,0.006097560975609756,0.009146341463414634,0.006097560975609756,0.003048780487804878,0.003048780487804878,0.243,0.292,0.282,0.575,0.275,11.6,6.4
282,352,Chandler Simpson,TBR,23,400.5,441.0,112.5,0.25510204081632654,0.84,0.16,0.0,0.0,0.1326530612244898,0.08163265306122448,0.07142857142857142,0.0,0.11224489795918367,0.0,0.0,0.01020408163265306,0.10204081632653061,0.02040816326530612,0.08163265306122448,0.285,0.3333333333333333,0.3258426966292135,0.6591760299625469,0.3205128205128205,11.224489795918368,7.142857142857142,414,441,122,0.2766439909297052,0.8524590163934426,0.12295081967213115,0.02459016393442623,0.0,0.12018140589569161,0.05895691609977324,0.045351473922902494,0.0,0.09750566893424037,0.0,0.0045351473922902496,0.006802721088435374,0.09977324263038549,0.027210884353741496,0.07256235827664399,0.295,0.326,0.345,0.671,0.327,9.8,4.5
283,356,Cole Young,SEA,34,227.27891156462584,257.0,48.95238095238095,0.2040816326530612,0.7500000000000001,0.21428571428571427,0.03571428571428571,0.013605442176870748,0.10884353741496598,0.09523809523809522,0.08843537414965985,0.0,0.19727891156462585,0.013605442176870748,0.006802721088435374,0.006802721088435374,0.02040816326530612,0.006802721088435374,0.013605442176870748,0.229,0.3082191780821918,0.3384615384615385,0.6466807165437303,0.28,19.727891156462583,8.843537414965986,223,257,43,0.1828793774319066,0.813953488372093,0.16279069767441862,0.023255813953488372,0.01556420233463035,0.0933852140077821,0.0933852140077821,0.10894941634241245,0.0038910505836575876,0.1828793774319066,0.007782101167315175,0.007782101167315175,0.007782101167315175,0.0038910505836575876,0.0,0.0038910505836575876,0.211,0.302,0.305,0.607,0.247,18.3,10.9
284,359,Zach McKinstry,DET,47,460.6551724137931,511.0,98.17241379310346,0.2118226600985222,0.7179487179487178,0.20512820512820515,0.05128205128205127,0.01970443349753695,0.10837438423645321,0.08866995073891626,0.0788177339901478,0.0,0.2118226600985222,0.009852216748768473,0.0049261083743842365,0.0049261083743842365,0.034482758620689655,0.0049261083743842365,0.029556650246305417,0.233,0.3019801980198019,0.360655737704918,0.662635936,0.2846715328467153,21.182266009852217,7.881773399014779,452,511,105,0.22896281800391388,0.6761904761904762,0.21904761904761905,0.10476190476190476,0.023483365949119372,0.13307240704500978,0.0958904109589041,0.09001956947162426,0.0019569471624266144,0.2172211350293542,0.0136986301369863,0.009784735812133072,0.0019569471624266144,0.03718199608610567,0.009784735812133072,0.0273972602739726,0.259,0.333,0.438,0.771,0.314,21.7,9.0
285,360,Javier Sanoja,MIA,52,314.5178571428571,342.0,80.91964285714285,0.24553571428571427,0.7547169811320755,0.2075471698113208,0.03773584905660378,0.008928571428571428,0.09375,0.09375,0.0625,0.0,0.08482142857142856,0.004464285714285714,0.008928571428571428,0.004464285714285714,0.022321428571428572,0.013392857142857142,0.008928571428571428,0.264,0.3139013452914798,0.3689320388349514,0.6828333841264314,0.2834224598930481,8.482142857142858,6.25,313,342,70,0.2222222222222222,0.6285714285714286,0.3142857142857143,0.05714285714285714,0.017543859649122806,0.11695906432748537,0.1111111111111111,0.05555555555555555,0.0,0.11988304093567251,0.005847953216374269,0.011695906432748537,0.011695906432748537,0.017543859649122806,0.014619883040935672,0.0029239766081871343,0.243,0.287,0.396,0.683,0.259,12.0,5.6
286,363,Ezequiel Duran,TEX,39,204.66071428571428,219.0,45.625,0.23214285714285715,0.7428571428571429,0.22857142857142856,0.02857142857142857,0.02380952380952381,0.10714285714285715,0.1130952380952381,0.053571428571428575,0.0,0.24404761904761904,0.011904761904761906,0.005952380952380953,0.0,0.017857142857142856,0.005952380952380953,0.011904761904761906,0.25,0.2958579881656805,0.3885350318471338,0.6843930200128143,0.3097345132743362,24.404761904761905,5.357142857142857,205,219,46,0.2100456621004566,0.6956521739130435,0.30434782608695654,0.0,0.0,0.0730593607305936,0.0639269406392694,0.0365296803652968,0.0,0.2511415525114155,0.0182648401826484,0.0045662100456621,0.0045662100456621,0.0502283105022831,0.0091324200913242,0.0410958904109589,0.224,0.266,0.293,0.559,0.305,25.1,3.7000000000000006
287,364,Tommy Pham,PIT,104,403.89955357142856,449.0,90.20089285714285,0.2232142857142857,0.7555555555555555,0.22222222222222227,0.022222222222222223,0.022321428571428572,0.11830357142857142,0.09598214285714285,0.08482142857142856,0.0,0.2299107142857143,0.006696428571428571,0.006696428571428571,0.002232142857142857,0.022321428571428572,0.006696428571428571,0.015625,0.248,0.3154362416107382,0.3821339950372208,0.697570237,0.3071672354948805,22.991071428571427,8.482142857142858,392,449,86,0.21380846325167038,0.7906976744186046,0.19767441860465115,0.011627906976744186,0.022271714922048998,0.09799554565701558,0.11581291759465479,0.111358574610245,0.0066815144766146995,0.20935412026726058,0.004454342984409799,0.011135857461024499,0.0,0.011135857461024499,0.0066815144766146995,0.004454342984409799,0.245,0.33,0.37,0.7,0.294,20.9,11.1
288,366,Ben Rice,NYY,36,460.2631578947369,530.0,80.19736842105263,0.19736842105263158,0.7391304347826088,0.2173913043478261,0.0,0.046052631578947366,0.13157894736842107,0.1381578947368421,0.10526315789473685,0.0,0.24342105263157895,0.013157894736842106,0.006578947368421053,0.0,0.013157894736842106,0.006578947368421053,0.006578947368421053,0.226,0.3178807947019867,0.4166666666666667,0.7345474613686535,0.2584269662921348,24.342105263157897,10.526315789473683,467,530,93,0.22452830188679246,0.6559139784946236,0.3010752688172043,0.043010752688172046,0.04905660377358491,0.13962264150943396,0.12264150943396226,0.09433962264150944,0.0,0.18867924528301888,0.016981132075471698,0.0037735849056603774,0.0,0.005660377358490566,0.0037735849056603774,0.0018867924528301887,0.255,0.337,0.499,0.836,0.271,18.9,9.4
289,367,Jake Mangum,TBR,28,399.2268907563025,428.0,100.70588235294117,0.24369747899159663,0.75,0.2142857142857143,0.03571428571428572,0.008403361344537815,0.10924369747899161,0.10084033613445378,0.04201680672268908,0.0,0.20168067226890757,0.008403361344537815,0.008403361344537815,0.0,0.025210084033613446,0.008403361344537815,0.016806722689252335,0.264,0.2966101694915254,0.3603603603603603,0.6569705298518858,0.3218390804597701,20.168067226890756,4.201680672268908,405,428,117,0.2803738317757009,0.8376068376068376,0.15384615384615385,0.008547008547008548,0.007009345794392523,0.08644859813084112,0.09345794392523364,0.04439252336448598,0.0,0.14953271028037382,0.004672897196261682,0.002336448598130841,0.002336448598130841,0.0630841121495327,0.014018691588785047,0.04906542056074766,0.296,0.33,0.368,0.698,0.345,15.0,4.4
290,368,Addison Barger,TOR,26,448.21428571428567,501.99999999999994,94.12499999999999,0.21428571428571427,0.7142857142857143,0.2857142857142857,0.0,0.026785714285714284,0.11607142857142858,0.11607142857142858,0.08928571428571429,0.0,0.2410714285714286,0.008928571428571428,0.008928571428571428,0.0,0.008928571428571428,0.0,0.008928571428571428,0.24,0.3125,0.39,0.7025,0.2957746478873239,24.107142857142858,8.928571428571429,460,502,91,0.22310756972111553,0.6373626373626373,0.3516483516483517,0.01098901098901099,0.04183266932270916,0.12151394422310757,0.14741035856573706,0.07171314741035857,0.00796812749003984,0.2410358565737052,0.00597609561752988,0.00398406374501992,0.0,0.00796812749003984,0.00199203187250996,0.00597609561752988,0.243,0.301,0.454,0.756,0.284,24.1,7.200000000000001
291,372,Spencer Torkelson,DET,47,569.0738916256158,649.0,102.30541871921184,0.1970443349753695,0.6874999999999999,0.31249999999999994,0.0,0.03940886699507389,0.12315270935960591,0.12315270935960591,0.10344827586206896,0.0,0.270935960591133,0.009852216748768473,0.009852216748768473,0.0,0.0049261083743842365,0.0,0.0049261083743842365,0.224,0.3103448275862069,0.4157303370786517,0.7260751646648587,0.2735042735042735,27.093596059113302,10.344827586206897,563,649,104,0.20801232665639446,0.7307692307692307,0.25961538461538464,0.009615384615384616,0.04776579352850539,0.1263482280431433,0.12018489984591679,0.11093990755007704,0.009244992295839754,0.26040061633281975,0.01386748844375963,0.007704160246533128,0.0,0.0030816640986132513,0.0015408320493066256,0.0015408320493066256,0.24,0.333,0.456,0.789,0.283,26.0,11.1
292,374,Randal Grichuk,ARI,62,269.86842105263156,293.0,59.48120300770677,0.23308270676691728,0.7222222222199398,0.24074074073997997,0.018518518518459995,0.030075187969283275,0.11654135338345864,0.12406015037593984,0.06015037593984962,0.0,0.20676691729323307,0.011278195488721804,0.007518796992481203,0.0,0.0037593984962406013,0.0037593984962406013,0.0,0.252,0.3045112781954887,0.4081632653061224,0.7126745435016112,0.2934782608695652,20.676691729323306,6.015037593984962,272,293,53,0.21160409556313994,0.6415094339622641,0.33962264150943394,0.018867924528301886,0.030716723549488054,0.11945392491467577,0.09215017064846416,0.05802047781569966,0.0034129692832764505,0.20819112627986347,0.0034129692832764505,0.010238907849829351,0.0,0.0,0.0034129692832764505,-0.0034129692832764505,0.228,0.273,0.401,0.674,0.259,20.8,5.8
293,378,Angel Martinez,CLE,29,434.0634920634921,484.0,96.03174603174604,0.2142857142857143,0.7199999999999999,0.24,0.04,0.015873015873015872,0.11111111111111112,0.10317460317460317,0.07936507936507936,0.0,0.19841269841269843,0.007936507936507936,0.007936507936507936,0.007936507936507936,0.015873015873015872,0.007936507936507936,0.007936507936507936,0.237,0.304,0.3628318584070796,0.6668318584070796,0.2873563218390804,19.84126984126984,7.936507936507936,446,484,89,0.2066115702479339,0.7191011235955056,0.25842696629213485,0.02247191011235955,0.022727272727272728,0.11570247933884298,0.09297520661157024,0.047520661157024795,0.0,0.22727272727272727,0.012396694214876033,0.008264462809917356,0.010330578512396695,0.01652892561983471,0.004132231404958678,0.012396694214876033,0.224,0.269,0.359,0.628,0.271,22.7,4.8
294,379,Miguel Rojas,LAD,23,291.1224489795918,317.0,67.92857142857142,0.2346938775510204,0.8095238095238098,0.23809523812828606,0.0,0.02040816326530612,0.10204081634069401,0.10204081634069401,0.06122448979591835,0.0,0.1224489795918367,0.01020408163265306,0.01020408163265306,0.0,0.02040816326530612,0.01020408163265306,0.01020408163265306,0.256,0.3061224489795918,0.3888888888888889,0.6950113378684808,0.2727272727272727,12.244897959183673,6.122448979591836,290,317,69,0.23974763406940064,0.7391304347826086,0.2608695652173913,0.0,0.022082018927444796,0.11041009463722397,0.08517350157728706,0.07570977917981073,0.0031545741324921135,0.14511041009463724,0.0,0.0,0.00946372239747634,0.015772870662460567,0.0,0.015772870662460567,0.262,0.318,0.397,0.715,0.291,14.499999999999998,7.6
295,382,Michael A. Taylor,CHW,39,295.98214285714283,325.0,54.16666666666667,0.19642857142857142,0.8214285714285714,0.17857142857142855,0.0,0.02976190476190476,0.10714285714285714,0.09523809523809523,0.07142857142857144,0.0,0.32142857142857145,0.005952380952380952,0.005952380952380952,0.005952380952380952,0.02976190476190476,0.005952380952380952,0.023809523809523808,0.216,0.2754491017964072,0.3464052287581699,0.6218543305545772,0.2947368421052631,32.142857142857146,7.142857142857142,295,325,50,0.18153846153846154,0.58,0.4,0.02,0.027692307692307693,0.10153846153846154,0.1076923076923077,0.07076923076923076,0.003076923076923077,0.3384615384615385,0.003076923076923077,0.006153846153846154,0.012307692307692308,0.024615384615384615,0.009230769230769232,0.015384615384615385,0.2,0.259,0.366,0.625,0.281,33.8,7.1
296,384,Liam Hicks,MIA,26,336.99029126213594,390.0,75.72815533980582,0.20388349514563106,0.8,0.19999999999999998,0.0,0.00970873786407767,0.0970873786407767,0.08737864077669903,0.10679611650485438,0.0,0.1650485436893204,0.01941747572815534,0.00970873786407767,0.0,0.00970873786407767,0.0,0.00970873786407767,0.241,0.3300970873786408,0.3146067415730337,0.6447038289516744,0.2777777777777778,16.50485436893204,10.679611650485436,332,390,76,0.21025641025641026,0.8157894736842105,0.17105263157894737,0.013157894736842105,0.015384615384615385,0.09487179487179487,0.11538461538461539,0.11025641025641025,0.0,0.14358974358974358,0.023076923076923078,0.007692307692307693,0.007692307692307693,0.005128205128205128,0.0,0.005128205128205128,0.247,0.346,0.346,0.693,0.278,14.400000000000002,11.0
297,385,Michael Toglia,COL,131,298.3668430335097,337.0,52.30335097001764,0.20105820105820107,0.7386363636363636,0.22727272727272727,0.034090909090909095,0.045855379188712526,0.1216931216931217,0.1305114638447972,0.10229276895943563,0.0017636684303350971,0.29982363315696653,0.005291005291005292,0.005291005291005292,0.0017636684303350971,0.014109347442680777,0.0035273368606701942,0.010582010582010583,0.226,0.3091872791519434,0.4342629482071713,0.7434502273591148,0.284789644,29.98236331569665,10.229276895943562,306,337,47,0.17210682492581603,0.6595744680851063,0.3191489361702128,0.02127659574468085,0.032640949554896145,0.06528189910979229,0.09495548961424333,0.0830860534124629,0.005934718100890208,0.3916913946587537,0.002967359050445104,0.005934718100890208,0.0,0.008902077151335312,0.0,0.008902077151335312,0.19,0.258,0.353,0.611,0.285,39.2,8.3
298,389,Wilmer Flores,SFG,71,411.8896103896104,463.0,84.18181818181819,0.21103896103896105,0.75,0.25,0.0,0.029220779220779224,0.11038961038961038,0.1168831168831169,0.08766233766233766,0.003246753246753247,0.15584415584415587,0.012987012987012988,0.009740259740820734,0.0,0.0,0.0,0.0,0.238,0.3116883116883117,0.3868613138686131,0.6985496255569248,0.2545454545454545,15.584415584415584,8.766233766233766,419,463,85,0.21814254859611232,0.8823529411764706,0.11764705882352941,0.0,0.03455723542116631,0.09503239740820735,0.15334773218142547,0.0734341252699784,0.0,0.1900647948164147,0.01511879049676026,0.0064794816414686825,0.0,0.0021598272138228943,0.0,0.0021598272138228943,0.241,0.307,0.379,0.686,0.267,19.0,7.3
299,390,Will Benson,CIN,45,216.8571428571429,253.0,37.433673469387756,0.17857142857142858,0.6551724137931034,0.27586206896551724,0.06896551724137931,0.030612244897959186,0.12755102040816327,0.11224489795918369,0.12244897959183675,0.0,0.34183673469387754,0.010204081632653062,0.005102040816326531,0.005102040816326531,0.04081632653061225,0.010204081632653062,0.030612244897959186,0.21,0.3128205128205128,0.3869047619047619,0.6997252747252747,0.3020833333333333,34.183673469387756,12.244897959183673,230,253,40,0.20553359683794467,0.75,0.2,0.05,0.04743083003952569,0.1225296442687747,0.16205533596837945,0.06324110671936758,0.003952569169960474,0.2648221343873518,0.003952569169960474,0.023715415019762844,0.0,0.007905138339920948,0.007905138339920948,0.0,0.226,0.273,0.435,0.708,0.255,26.5,6.3
300,393,Nick Allen,ATL,24,376.3809523809524,416.0,91.12380952380951,0.22857142857142854,0.7391304347826088,0.2173913043478261,0.0,0.009523809523809525,0.10476190476190476,0.09523809523809525,0.0761904761904762,0.0,0.1619047619047619,0.009523809523809525,0.009523809523809525,0.009523809523809525,0.01904761904761905,0.009523809523809525,0.009523809523809525,0.249,0.3142857142857143,0.3263157894736842,0.6406015037593985,0.2948717948717949,16.19047619047619,7.6190476190476195,371,416,82,0.1971153846153846,0.8658536585365854,0.13414634146341464,0.0,0.0,0.07692307692307693,0.052884615384615384,0.07451923076923077,0.0,0.23798076923076922,0.007211538461538462,0.007211538461538462,0.019230769230769232,0.019230769230769232,0.016826923076923076,0.002403846153846154,0.221,0.284,0.251,0.535,0.298,23.8,7.5
301,395,Brett Baty,NYM,18,387.1168831168831,432.0,72.93506493506493,0.2077922077922078,0.8461538461538463,0.23076923076923078,0.0,0.03896103896103896,0.11688311688311688,0.11688311688311688,0.09090909090909091,0.0,0.24675324675324678,0.012987012987012988,0.0,0.0,0.0,0.0,0.0,0.239,0.3116883116883117,0.4202898550724637,0.7319781667607754,0.2765957446808511,24.67532467532467,9.090909090909092,393,432,82,0.23148148148148148,0.8170731707317073,0.15853658536585366,0.024390243902439025,0.041666666666666664,0.12268518518518519,0.11574074074074074,0.0763888888888889,0.0,0.25,0.004629629629629629,0.006944444444444444,0.0,0.018518518518518517,0.0,0.018518518518518517,0.254,0.313,0.435,0.748,0.304,25.0,7.6
302,407,Kyle Farmer,COL,62,272.9323308270677,300.0,60.90225563789474,0.22932330826666666,0.7592592592125285,0.22222222222661184,0.018518518518884315,0.026315789473684213,0.10902255639097745,0.10902255639097745,0.06015037593984963,0.0037593984962406017,0.1954887218045113,0.02255639097744361,0.0075187969924812035,0.0,0.011278195488721806,0.0075187969924812035,0.0037593984962406017,0.251,0.3120300751879699,0.396694214876033,0.70872429,0.2918918918918919,19.548872180451127,6.015037593984962,277,300,55,0.21,0.7454545454545455,0.2545454545454545,0.0,0.02666666666666667,0.08,0.10333333333333333,0.056666666666666664,0.0,0.22,0.013333333333333334,0.006666666666666667,0.0,0.0,0.0033333333333333335,-0.0033333333333333335,0.227,0.28,0.365,0.645,0.268,22.0,5.7
303,409,Luke Keaschall,MIN,13,181.125,207.0,40.66071428571429,0.2142857142857143,0.7272727272727272,0.2727272727272727,0.0,0.017857142857142856,0.125,0.10714285714285715,0.08928571428571429,0.0,0.2142857142857143,0.017857142857142856,0.0,0.0,0.017857142857142856,0.0,0.017857142857142856,0.25,0.3272727272727272,0.3673469387755102,0.6946196660482375,0.3055555555555556,21.428571428571427,8.928571428571429,182,207,51,0.26570048309178745,0.7254901960784313,0.27450980392156865,0.0,0.01932367149758454,0.12077294685990338,0.13526570048309178,0.09178743961352658,0.0,0.14009661835748793,0.024154589371980676,0.004830917874396135,0.0,0.06763285024154589,0.014492753623188406,0.05314009661835749,0.302,0.382,0.445,0.827,0.34,14.000000000000002,9.2
304,411,Romy Gonzalez,BOS,19,316.6428571428571,341.0,69.01190476190476,0.23809523809523808,0.7647058823529411,0.23529411764705882,0.058823529411764705,0.03571428571428571,0.11904761904761904,0.13095238095238096,0.05952380952380952,0.0,0.27380952380952384,0.011904761904761904,0.011904761904761904,0.0,0.03571428571428571,0.011904761904761904,0.023809523809523808,0.255,0.3058823529411765,0.4615384615384615,0.7674208144796381,0.320754716981132,27.380952380952383,5.952380952380952,315,341,87,0.28152492668621704,0.7011494252873564,0.26436781609195403,0.034482758620689655,0.026392961876832845,0.1378299120234604,0.15542521994134897,0.05278592375366569,0.002932551319648094,0.2375366568914956,0.008797653958944282,0.01466275659824047,0.0,0.017595307917888565,0.01466275659824047,0.002932551319648094,0.305,0.343,0.483,0.826,0.378,23.8,5.3
305,414,Hunter Goodman,COL,76,533.6238244514107,579.0,99.82758620689654,0.219435736677116,0.6727272727272728,0.30909090909090914,0.018181818181818184,0.047021943573667714,0.11912225704663212,0.14733542319749215,0.05956112853195163,0.0,0.26332288401253917,0.012539184952978056,0.009404388714733543,0.0,0.006269592476489028,0.003134796238244514,0.003134796238244514,0.238,0.290625,0.4557823129251701,0.746407313,0.2777777777777778,26.332288401253916,5.956112852664576,540,579,119,0.25906735751295334,0.7226890756302521,0.23529411764705882,0.04201680672268908,0.0535405872193437,0.12607944732297063,0.15716753022452504,0.05699481865284974,0.0,0.26252158894645944,0.0069084628670120895,0.0034542314335060447,0.0,0.0017271157167530224,0.0034542314335060447,-0.0017271157167530224,0.278,0.323,0.52,0.843,0.331,26.3,5.7
306,415,Nathan Lukes,TOR,15,396.2857142857143,438.0,97.33333333333333,0.23809523809523808,0.7857142857142858,0.2142857142857143,0.0,0.015873015873015872,0.11111111111111112,0.11111111111111112,0.07936507936507936,0.0,0.17460317460317462,0.015873015873015872,0.0,0.0,0.015873015873015872,0.0,0.015873015873015872,0.269,0.3333333333333333,0.3684210526315789,0.7017543859649122,0.3111111111111111,17.46031746031746,7.936507936507936,388,438,87,0.22602739726027396,0.7586206896551724,0.21839080459770116,0.022988505747126436,0.0273972602739726,0.12557077625570776,0.14840182648401826,0.0867579908675799,0.0045662100456621,0.136986301369863,0.0045662100456621,0.00684931506849315,0.01598173515981735,0.0045662100456621,0.0091324200913242,-0.0045662100456621,0.255,0.323,0.407,0.73,0.273,13.699999999999998,8.7
307,416,Max Schuemann,ATH,26,184.47321428571428,213.0,36.13392857142857,0.1875,0.7894736842105263,0.21052631578947367,0.0,0.01785714285714286,0.11607142857142856,0.08928571428571429,0.09821428571428571,0.0,0.26785714285714285,0.01785714285714286,0.00892857142857143,0.00892857142857143,0.026785714285714284,0.00892857142857143,0.01785714285714286,0.218,0.3063063063063063,0.3195876288659793,0.6258939351722856,0.2878787878787879,26.785714285714285,9.821428571428571,183,213,34,0.16901408450704225,0.8235294117647058,0.11764705882352941,0.058823529411764705,0.009389671361502348,0.09389671361502347,0.06103286384976526,0.10328638497652583,0.0,0.1643192488262911,0.018779342723004695,0.004694835680751174,0.014084507042253521,0.03286384976525822,0.004694835680751174,0.028169014084507043,0.197,0.295,0.273,0.568,0.231,16.4,10.3
308,424,Jordan Beck,COL,100,531.0967741935483,588.0,113.80645161290323,0.22119815668202764,0.738095238095238,0.24999999999999997,0.023809523809523808,0.027649769585253454,0.1129032258064516,0.11059907834101382,0.08525345622119815,0.002304147465437788,0.27649769585253453,0.004608294930875576,0.006912442396313364,0.002304147465437788,0.023041474654377878,0.004608294930875576,0.018433179723502304,0.245,0.3110599078341013,0.4030612244897959,0.7141211323238973,0.3193916349809886,27.64976958525346,8.525345622119817,539,588,123,0.23639455782312926,0.7398373983739838,0.21951219512195122,0.04065040650406504,0.027210884353741496,0.1054421768707483,0.09013605442176871,0.07312925170068027,0.0,0.29591836734693877,0.006802721088435374,0.0017006802721088435,0.0,0.03231292517006803,0.013605442176870748,0.01870748299319728,0.258,0.317,0.416,0.732,0.351,29.600000000000005,7.3
309,425,Elias Diaz,SDP,78,260.8762214983713,283.0,51.62214983713355,0.20846905537459282,0.7678571428571428,0.23214285714285715,0.0,0.026058631921824102,0.09446254071661239,0.10749185667752442,0.06514657980456026,0.0032573289902280127,0.22801302931596087,0.0065146579804560255,0.0065146579804560255,0.0,0.0032573289902280127,0.0,0.0032573289902280127,0.226,0.2801302931596091,0.3568904593639576,0.6370207525235667,0.2705314009661835,22.80130293159609,6.514657980456026,255,283,43,0.18374558303886926,0.8372093023255814,0.16279069767441862,0.0,0.03180212014134275,0.12014134275618374,0.10247349823321555,0.07420494699646643,0.0,0.26148409893992935,0.007067137809187279,0.0,0.0176678445229682,0.0,0.0,0.0,0.204,0.27,0.337,0.607,0.25,26.1,7.400000000000001
310,426,Daniel Schneemann,CLE,26,373.0178571428571,422.0,75.35714285714285,0.19642857142857142,0.7000000000000001,0.25000000000000006,0.0,0.017857142857142856,0.10714285714285715,0.09821428571428571,0.10714285714285715,0.0,0.26785714285714285,0.0,0.008928571428571428,0.0,0.017857142857142856,0.008928571428571428,0.008928571428571428,0.221,0.3035714285714285,0.3232323232323232,0.6268037518037518,0.2941176470588235,26.785714285714285,10.714285714285714,379,422,66,0.1848341232227488,0.7121212121212122,0.2727272727272727,0.015151515151515152,0.02843601895734597,0.11374407582938388,0.0971563981042654,0.09004739336492891,0.002369668246445498,0.2772511848341232,0.0071090047393364926,0.002369668246445498,0.002369668246445498,0.02132701421800948,0.0071090047393364926,0.014218009478672985,0.206,0.283,0.354,0.636,0.263,27.699999999999996,9.0
311,428,Drew Waters,KCR,19,195.53571428571428,219.0,41.714285714285715,0.2142857142857143,0.6875,0.25,0.0625,0.02380952380952381,0.13095238095238096,0.10714285714285715,0.08333333333333333,0.0,0.2976190476190476,0.011904761904761906,0.011904761904761906,0.0,0.03571428571428571,0.011904761904761906,0.02380952380952381,0.237,0.3095238095238095,0.4,0.7095238095238096,0.3265306122448979,29.761904761904763,8.333333333333332,206,219,49,0.228310502283105,0.8163265306122449,0.12244897959183673,0.061224489795918366,0.0045662100456621,0.0958904109589041,0.0639269406392694,0.0502283105022831,0.0,0.273972602739726,0.0091324200913242,0.0,0.0,0.0228310502283105,0.0136986301369863,0.0091324200913242,0.243,0.288,0.316,0.603,0.338,27.399999999999995,5.0
312,433,Dominic Canzone,SEA,13,244.07142857142856,268.0,47.85714285714286,0.2142857142857143,0.7999999999999999,0.19999999999999998,0.0,0.03571428571428571,0.125,0.125,0.07142857142857142,0.0,0.23214285714285715,0.0,0.0,0.0,0.017857142857142856,0.0,0.017857142857142856,0.241,0.2909090909090909,0.392156862745098,0.683065954,0.2777777777777778,23.214285714285715,7.142857142857142,243,268,62,0.27238805970149255,0.8225806451612904,0.1774193548387097,0.0,0.041044776119402986,0.11194029850746269,0.11940298507462686,0.07462686567164178,0.0,0.22014925373134328,0.011194029850746268,0.007462686567164179,0.0,0.011194029850746268,0.0037313432835820895,0.007462686567164179,0.3,0.358,0.481,0.84,0.354,22.0,7.5
313,434,Adam Frazier,PIT,53,415.28571428571433,459.0,95.37662337662337,0.22077922077922077,0.7708333333333335,0.20833333333333337,0.020833333333333336,0.012987012987012988,0.10822510822510824,0.08658008658008659,0.0735930735930736,0.0,0.1601731601731602,0.012987012987012988,0.004329004329004329,0.004329004329004329,0.017316017316017316,0.004329004329004329,0.012987012987012988,0.244,0.308695652173913,0.3444976076555024,0.6531932598294155,0.2823529411764706,16.017316017316016,7.359307359,419,459,105,0.2440087145969499,0.8095238095238095,0.19047619047619047,0.0,0.015250544662309368,0.09368191721132897,0.09586056644880174,0.05664488017429194,0.004357298474945534,0.17647058823529413,0.017429193899782137,0.010893246187363835,0.002178649237472767,0.017429193899782137,0.013071895424836602,0.004357298474945534,0.267,0.319,0.365,0.684,0.313,17.6,5.7
314,436,Henry Davis,PIT,18,247.625,283.0,47.16666666666666,0.19444444444444442,0.7500000000000001,0.25000000000000006,0.0,0.027777777777777776,0.1111111111111111,0.1111111111111111,0.09722222222222222,0.0,0.2638888888888889,0.027777777777777776,0.0,0.0,0.013888888888888888,0.0,0.013888888888888888,0.229,0.3194444444444444,0.365079365079365,0.6845238095238095,0.2857142857142857,26.38888888888889,9.722222222222223,252,283,35,0.14840989399293286,0.8,0.2,0.0,0.024734982332155476,0.08833922261484099,0.07773851590106007,0.0636042402826855,0.0,0.26855123674911663,0.0176678445229682,0.01060070671378092,0.01060070671378092,0.007067137809187279,0.0035335689045936395,0.0035335689045936395,0.167,0.234,0.278,0.512,0.203,26.899999999999995,6.4
315,444,Max Muncy,ATH,13,353.3571428571429,388.0,76.21428571428571,0.21428571428571427,0.7272727272727274,0.27272727272727276,0.0,0.017857142857142856,0.10714285714285714,0.10714285714285714,0.07142857142857142,0.0,0.30357142857142855,0.017857142857142856,0.0,0.0,0.017857142857142856,0.0,0.017857142857142856,0.229,0.3035714285714285,0.3529411764705882,0.6565126050420168,0.3333333333333333,30.357142857142858,7.142857142857142,313,388,57,0.1958762886597938,0.7894736842105263,0.17543859649122806,0.03508771929824561,0.04896907216494845,0.12371134020618557,0.17268041237113402,0.16494845360824742,0.005154639175257732,0.21391752577319587,0.015463917525773196,0.01288659793814433,0.0,0.010309278350515464,0.0,0.010309278350515464,0.243,0.376,0.47,0.846,0.264,21.4,16.5
316,451,Casey Schmitt,SFG,11,319.59183673469386,348.0,71.0204081632653,0.22448979591836735,0.7000000000000001,0.19999999999999998,0.0,0.02040816326530612,0.1020408163265306,0.12244897959183675,0.06122448979591837,0.0,0.22448979591836735,0.02040816326530612,0.0,0.0,0.02040816326530612,0.0,0.02040816326530612,0.243,0.3061224489795918,0.3333333333333333,0.6394557823129252,0.303030303030303,22.448979591836736,6.122448979591836,312,348,62,0.21264367816091953,0.7580645161290323,0.24193548387096775,0.0,0.034482758620689655,0.09770114942528736,0.11494252873563218,0.07758620689655173,0.0028735632183908046,0.23850574712643677,0.014367816091954023,0.008620689655172414,0.0028735632183908046,0.0,0.0,0.0,0.237,0.305,0.401,0.706,0.282,23.9,7.8
317,460,Noelvi Marte,CIN,36,331.94805194805195,360.0,70.12987012951947,0.22077922077922077,0.8000000000040001,0.20000000000100002,0.0,0.025974025975,0.11038961038961038,0.10389610388888888,0.05844155844155845,0.0,0.2532467532467532,0.006493506493506493,0.006493506493506493,0.0,0.032467532467532464,0.012987012987012986,0.01948051948051948,0.242,0.2875816993464052,0.3661971830985915,0.6537788824449968,0.3,25.32467532467532,5.844155844155844,339,360,75,0.24722222222222223,0.7466666666666667,0.22666666666666666,0.02666666666666667,0.03888888888888889,0.125,0.14166666666666666,0.044444444444444446,0.0,0.2361111111111111,0.008333333333333333,0.005555555555555556,0.0,0.027777777777777776,0.008333333333333333,0.019444444444444445,0.263,0.3,0.448,0.748,0.31,23.6,4.4
318,461,Eric Wagaman,MIA,34,472.0408163265306,514.0,104.89795918367346,0.23129251700680273,0.7333333333333334,0.23333333333333328,0.03333333333333333,0.027210884353741496,0.10884353741496598,0.10884353741496598,0.06802721088435375,0.0,0.2040816326530612,0.006802721088435374,0.006802721088435374,0.0,0.013605442176870748,0.006802721088435374,0.006802721088435374,0.248,0.3061224489795918,0.4074074074074074,0.7135298563869992,0.2941176470588235,20.40816326530612,6.802721088435375,476,514,110,0.23151750972762647,0.7181818181818181,0.2545454545454545,0.02727272727272727,0.017509727626459144,0.10894941634241245,0.10311284046692606,0.0622568093385214,0.0,0.19455252918287938,0.0019455252918287938,0.009727626459143969,0.0,0.007782101167315175,0.0019455252918287938,0.005836575875486381,0.25,0.296,0.378,0.674,0.296,19.5,6.2
319,462,Dylan Carlson,BAL,8,213.45714285714288,241.0,41.31428571428572,0.2,0.8333333333333334,0.3333333333333333,0.0,0.028571428571428574,0.1142857142857143,0.1142857142857143,0.08571428571428572,0.0,0.2285714285714286,0.028571428571428574,0.0,0.0,0.0,0.0,0.0,0.239,0.3142857142857143,0.4193548387096774,0.7336405529953918,0.2727272727272727,22.857142857142858,8.571428571428571,217,241,38,0.1825726141078838,0.7368421052631579,0.23684210526315788,0.02631578947368421,0.024896265560165973,0.07053941908713693,0.08298755186721991,0.08713692946058091,0.0,0.22406639004149378,0.008298755186721992,0.004149377593360996,0.0,0.012448132780082987,0.012448132780082987,0.0,0.203,0.278,0.336,0.614,0.241,22.4,8.7
320,463,Myles Straw,TOR,16,269.1,299.0,59.8,0.19999999999999998,0.7857142857142858,0.21428571428571425,0.0,0.0,0.09999999999999999,0.07142857142857142,0.0857142857142857,0.0,0.19999999999999998,0.0,0.014285714285714285,0.0,0.04285714285714285,0.0,0.04285714285714285,0.228,0.2857142857142857,0.2698412698412698,0.5555555555555556,0.28,20.0,8.571428571428571,267,299,66,0.23411371237458195,0.7727272727272727,0.21212121212121213,0.015151515151515152,0.013377926421404682,0.1705685618729097,0.10702341137123746,0.06354515050167224,0.0,0.16722408026755853,0.0033444816053511705,0.0033444816053511705,0.03678929765886288,0.04013377926421405,0.0033444816053511705,0.03678929765886288,0.262,0.313,0.367,0.68,0.308,16.7,6.4
321,478,Jose Herrera,ARI,19,180.15584415584416,204.0,37.090909090909086,0.1948051948051948,0.7857142857142858,0.2142857142857143,0.0,0.012987012987012986,0.10389610389610389,0.07792207792207792,0.09090909090909091,0.0,0.2207792207792208,0.0,0.0,0.012987012987012986,0.0,0.0,0.0,0.222,0.2933333333333333,0.3088235294117647,0.602156863,0.28,22.07792207792208,9.090909090909092,166,204,29,0.15196078431372548,0.7931034482758621,0.20689655172413793,0.0,0.00980392156862745,0.10294117647058823,0.08333333333333333,0.11274509803921569,0.0,0.23039215686274508,0.004901960784313725,0.014705882352941176,0.05392156862745098,0.0,0.0,0.0,0.187,0.285,0.259,0.544,0.242,23.0,11.3
322,496,Cam Smith,HOU,13,448.9821428571429,493.0,79.23214285714286,0.19642857142857145,0.7777777777777778,0.2222222222222222,0.1111111111111111,0.03571428571428571,0.125,0.125,0.07142857142857142,0.0,0.25,0.017857142857142856,0.0,0.0,0.017857142857142856,0.0,0.017857142857142856,0.212,0.2857142857142857,0.4313725490196078,0.7170868347338936,0.2571428571428571,25.0,7.142857142857142,441,493,95,0.21095334685598377,0.7473684210526316,0.22105263157894736,0.031578947368421054,0.018255578093306288,0.11156186612576065,0.10344827586206896,0.0872210953346856,0.0,0.2778904665314402,0.014198782961460446,0.004056795131845842,0.0,0.016227180527383367,0.002028397565922921,0.014198782961460446,0.236,0.312,0.358,0.671,0.32,27.800000000000004,8.7
323,497,Riley Adams,WSN,29,256.1565217391304,286.0,49.73913043478261,0.2,0.7,0.25,0.0,0.02608695652173913,0.09565217391304347,0.11304347826086955,0.07826086956521738,0.0,0.28695652174825176,0.017391304347826087,0.008695652173913044,0.0,0.008695652173913044,0.0,0.008695652173913044,0.221,0.2956521739130435,0.3495145631067961,0.6451667370198396,0.2941176470588235,28.695652173913043,7.826086957,263,286,41,0.17132867132867133,0.8048780487804879,0.1951219512195122,0.0,0.027972027972027972,0.10139860139860139,0.08391608391608392,0.06293706293706294,0.0,0.38461538461538464,0.017482517482517484,0.0,0.0,0.0034965034965034965,0.0,0.0034965034965034965,0.186,0.252,0.308,0.56,0.283,38.5,6.3
