#,Name,Team,GS,G,IP,TBF,W,L,QS,SV,HLD,BS,H,R,ER,HR,IBB,HBP,SO,BB,K/9,BB/9,ERA,WHIP,K%,BB%,real_GS,real_G,real_IP,real_TBF,real_W,real_L,real_QS,real_SV,real_HLD,real_BS,real_H,real_R,real_ER,real_HR,real_IBB,real_HBP,real_SO,real_BB,real_K/9,real_BB/9,real_ERA,real_WHIP,real_K%,real_BB%
1,Tarik Skubal,DET,28,28,170.2,675,46.42857142857143,25,,0,0,,20.14814814814815,8.296296296296296,7.703703703703704,2.074074074074074,0,0.7407407407407408,196,34,10.33,1.79,2.74,1,29.037037037037038,5.037037037037037,31,31,195.1,748,41.935483870967744,19.35483870967742,,0,0,0,18.850267379679146,7.352941176470589,6.417112299465241,2.406417112299465,0,0.6684491978609626,241,33,11.1,1.52,2.21,0.89,32.21925134,4.411764706
2,Logan Webb,SFG,32,32,195.2,803,40.625,28.125,,0,0,,22.789539227895393,9.464508094645081,8.717310087,1.7434620174346203,0.12453300124533001,0.622665006,164,42,7.54,1.93,3.22,1.15,20.423412204234122,5.230386052303861,34,34,207,856,44.11764705882353,32.35294117647059,,0,0,0,24.53271028037383,9.579439252336448,8.644859813084112,1.6355140186915886,0,0.7009345794392523,224,46,9.74,2,3.22,1.24,26.1682243,5.373831776
3,Zack Wheeler,PHI,28,28,175.2,711,46.42857142857143,25,,0,0,,20.393811533052038,9.70464135,9.00140647,2.390998593530239,0,0.9845288326300985,184,47,9.43,2.41,3.28,1.09,25.87904360056259,6.610407876230662,24,24,149.2,585,41.66666666666667,20.833333333333336,,0,0,0,18.29059829059829,8.205128205128204,7.6923076923076925,3.2478632478632483,0,1.3675213675213675,195,33,11.73,1.98,2.71,0.94,33.33333333,5.641025641
4,Garrett Crochet,BOS,29,29,135,559,41.37931034482759,20.689655172413794,,0,0,,20.214669051878353,8.586762075134168,7.8711985688729875,1.9677996422182469,0.35778175313059035,0.5366726296958855,169,43,11.27,2.87,2.93,1.16,30.23255813953488,7.6923076923076925,32,32,205.1,814,56.25,15.625,,0,0,0,20.27027027027027,7.616707616707617,7.2481572481572485,2.9484029484029484,0,0.36855036855036855,255,46,11.18,2.02,2.59,1.03,31.32678133,5.651105651
5,Corbin Burnes,ARI,30,30,181.2,735,46.666666666666664,23.333333333333332,,0,0,,20.54421768707483,8.843537414965986,8.163265306,2.1768707482993195,0,0.9523809523809524,179,51,8.87,2.53,2.97,1.11,24.353741496598637,6.938775510204081,11,11,64.1,265,27.27272727272727,18.181818181818183,,0,0,0,18.49056603773585,8.679245283018867,7.169811320754717,2.6415094339622645,0.37735849056603776,1.1320754716981132,63,26,8.81,3.64,2.66,1.17,23.77358491,9.811320755
6,Paul Skenes,PIT,30,30,155.1,626,26.666666666666668,20,,0,0,,20.287539936102235,9.744408945686901,8.945686900958465,2.7156549520766773,0,0.6389776357827476,181,43,10.49,2.49,3.25,1.09,28.913738019169326,6.869009584664537,32,32,187.2,733,31.25,31.25,,0,0,0,18.55388813096862,6.139154160982264,5.5934515688949515,1.5006821282401093,0,0.8185538881309686,216,42,10.36,2.01,1.97,0.95,29.46793997,5.729877217
7,Chris Sale,ATL,24,24,138.2,571,45.83333333333333,20.833333333333336,,0,0,,20.665499124343256,8.756567425569177,8.056042031523642,2.276707530647986,0,1.4010507880910683,170,36,11.03,2.34,2.98,1.11,29.772329246935204,6.304728546409807,20,21,125.2,510,33.33333333333333,23.809523809523807,,0,0,0,20,7.450980392156863,7.0588235294117645,2.156862745098039,0,2.156862745098039,165,32,11.82,2.29,2.58,1.07,32.35294118,6.274509804
8,Aaron Nola,PHI,30,30,183.1,750,36.666666666666664,30,,0,0,,22.53333333333333,11.200000000000001,10.4,3.0666666666666664,0,0.6666666666666667,180,40,8.84,1.96,3.83,1.14,24,5.333333333333334,17,17,94.1,404,29.411764705882355,58.82352941176471,,0,0,0,24.504950495049506,16.08910891089109,15.594059405940595,4.455445544554455,0,0.9900990099009901,97,28,9.25,2.67,6.01,1.35,24.00990099,6.930693069
9,George Kirby,SEA,30,30,173.1,705,43.333333333333336,30,,0,0,,23.120567375886523,9.787234042553191,9.078014184397164,2.6950354609929077,0,0.85106383,162,25,8.41,1.3,3.32,1.08,22.97872340425532,3.546099290780142,23,23,126,524,43.47826086956522,34.78260869565217,,0,0,0,23.091603053435115,11.450381679389313,11.259541984732824,2.8625954198473282,0,1.3358778625954197,137,29,9.79,2.07,4.21,1.19,26.14503817,5.534351145
10,Dylan Cease,SDP,32,32,175.2,727,40.625,28.125,,0,0,,19.39477303988996,9.903713892709765,9.215955983,2.613480055020633,0.1375515818431912,0.6877579092159559,207,66,10.6,3.38,3.43,1.18,28.473177441540575,9.078404402,32,32,168,722,25,37.5,,0,0,0,21.052631578947366,12.60387811634349,11.772853185595569,2.9085872576177287,0.2770083102493075,0.6925207756232686,215,71,11.52,3.8,4.55,1.33,29.77839335,9.833795014
11,Yoshinobu Yamamoto,LAD,24,24,145.2,565,45.83333333333333,25,,0,0,,19.82300884955752,10.265486725663717,9.557522123893806,2.831858407079646,0,0.5309734513274336,150,31,9.27,1.91,3.34,0.98,26.548672566371685,5.486725663716814,30,30,173.2,684,40,26.666666666666668,,0,0,0,16.52046783625731,7.748538011695906,7.017543859649122,2.046783625730994,0,0.43859649122807015,201,59,10.42,3.06,2.49,0.99,29.38596491,8.625730994
12,Logan Gilbert,SEA,32,32,189,758,37.5,25,,0,0,,21.372031662269126,9.894459102902374,9.102902374670185,3.034300791556728,0.13192612137203166,0.5277044854881267,190,43,9.05,2.05,3.29,1.08,25.065963060686013,5.672823218997362,25,25,131,535,24,24,,0,0,0,19.439252336448597,9.906542056074766,9.345794392523365,3.7383177570093453,0,1.3084112149532712,173,31,11.89,2.13,3.44,1.03,32.3364486,5.794392523
13,Max Fried,NYY,27,27,162.2,667,44.44444444444444,29.629629629629626,,0,0,,21.13943028485757,10.044977511244378,9.295352323838081,2.2488755622188905,0.14992503748125938,0.7496251874062968,147,48,8.13,2.66,3.43,1.16,22.038980509745127,7.196401799,32,32,195.1,801,59.375,15.625,,0,0,0,20.474406991260924,9.113607990012484,7.740324594257178,1.7478152309612984,0,1.2484394506866416,189,51,8.71,2.35,2.86,1.1,23.59550562,6.367041199
14,Michael King,SDP,29,30,168,704,43.333333333333336,26.666666666666668,,0,0,,20.3125,9.375,8.664772727272728,2.414772727272727,0.2840909090909091,0.9943181818181818,185,59,9.91,3.16,3.27,1.2,26.27840909090909,8.380681818181818,15,15,73.1,308,33.33333333333333,20,,0,0,0,20.12987012987013,10.064935064935066,9.090909090909092,3.896103896103896,0,1.2987012987012987,76,26,9.33,3.19,3.44,1.2,24.67532468,8.441558442
15,Pablo Lopez,MIN,30,30,174,720,40,30,,0,0,,22.083333333333332,10.972222222222221,10.13888888888889,3.0555555555555554,0.1388888888888889,1.1111111111111112,182,43,9.41,2.22,3.78,1.16,25.27777777777778,5.972222222222222,14,14,75.2,312,35.714285714285715,28.57142857142857,,0,0,0,20.51282051282051,8.974358974358974,7.371794871794872,1.9230769230769231,0,1.282051282051282,73,20,8.68,2.38,2.74,1.11,23.3974359,6.41025641
16,Spencer Strider,ATL,22,24,125.2,512,41.66666666666667,25,,0,0,,19.140625,9.765625,8.984375,2.734375,0.1953125,1.171875,170,38,12.17,2.72,3.29,1.08,33.203125,7.421875,23,23,125.1,539,30.434782608695656,60.86956521739131,,0,0,0,23.00556586270872,11.688311688311687,11.50278293135436,3.710575139146568,0,1.4842300556586272,131,51,9.41,3.66,4.45,1.4,24.30426716,9.461966605
17,Sandy Alcantara,MIA,24,24,157.1,643,37.5,29.166666666666668,,0,0,,22.55054432348367,10.26438569206843,9.486780715396579,2.332814930015552,0.15552099533437014,0.9331259720062209,134,36,7.67,2.06,3.49,1.15,20.839813374805598,5.598755832037325,31,31,174.2,745,35.483870967741936,38.70967741935484,,0,0,0,22.14765100671141,14.36241610738255,13.95973154362416,2.953020134228188,0,1.2080536912751678,142,57,7.32,2.94,5.36,1.27,19.06040268,7.651006711
18,Cole Ragans,KCR,27,30,156.1,656,33.33333333333333,23.333333333333332,,0,0,,20.426829268292682,10.060975609756099,9.298780487804878,2.4390243902439024,0.1524390243902439,0.7621951219512195,174,58,10.02,3.34,3.51,1.23,26.52439024390244,8.841463414634147,13,13,61.2,257,23.076923076923077,23.076923076923077,,0,0,0,20.622568093385212,12.840466926070038,12.45136186770428,2.7237354085603114,0,0.7782101167315175,98,20,14.3,2.92,4.67,1.18,38.13229572,7.782101167
19,Blake Snell,LAD,26,26,133,552,34.61538461538461,19.230769230769234,,0,0,,18.115942028985508,9.782608695652174,9.057971014492754,2.536231884057971,0,0.36231884057971014,176,60,11.91,4.06,3.38,1.2,31.88405797101449,10.869565217391305,11,11,61.1,254,45.45454545454545,36.36363636363637,,0,0,0,20.078740157480315,8.267716535433072,6.299212598425196,1.1811023622047243,0.39370078740157477,0,72,26,10.57,3.82,2.35,1.26,28.34645669,10.23622047
20,Hunter Greene,CIN,27,27,154.1,624,29.629629629629626,25.925925925925924,,0,0,,17.94871794871795,10.737179487179487,9.935897435897436,2.7243589743589745,0,2.8846153846153846,172,53,10.03,3.09,3.62,1.07,27.564102564102566,8.493589743589745,19,19,107.2,420,36.84210526315789,21.052631578947366,,0,0,0,17.857142857142858,8.333333333333332,7.857142857142857,3.571428571428571,0,0.4761904761904762,132,26,11.03,2.17,2.76,0.94,31.42857143,6.19047619
21,Framber Valdez,HOU,28,28,171,709,46.42857142857143,28.57142857142857,,0,0,,20.73342736248237,9.449929478138223,8.744710860366714,2.2566995768688294,0,1.2693935119887165,158,56,8.32,2.95,3.26,1.19,22.28490832157969,7.898448519040903,31,31,192,802,41.935483870967744,35.483870967741936,,0,0,0,21.32169576,10.224438902743142,9.725685786,1.8703241895261846,0,0.8728179551122194,187,68,8.77,3.19,3.66,1.24,23.31670823,8.478802993
22,Tyler Glasnow,LAD,22,22,123.2,492,40.909090909090914,22.727272727272727,,0,0,,19.715447154471544,10.365853658536585,9.552845528455284,3.2520325203252036,0,0,152,35,11.06,2.55,3.42,1.07,30.89430894308943,7.113821138211382,18,18,90.1,366,22.22222222222222,16.666666666666664,,0,0,0,15.300546448087433,9.016393443,8.743169398907105,2.732240437,0,0.819672131,106,43,10.56,4.28,3.19,1.1,28.96174863,11.74863388
23,Sonny Gray,STL,26,26,149.2,611,42.30769230769231,26.923076923076923,,0,0,,21.112929623567922,10.147299509001636,9.328968903436989,2.7823240589198037,0,0.8183306055646482,156,41,9.38,2.46,3.43,1.14,25.53191489361702,6.710310965630114,32,32,180.2,753,43.75,25,,0,0,0,24.568393094289508,12.350597609561753,11.42098273572377,3.3200531208499333,0,0.398406375,201,38,10.01,1.89,4.28,1.23,26.69322709,5.046480744
24,Kevin Gausman,TOR,28,28,162.2,681,42.857142857142854,32.142857142857146,,0,0,,22.760646108663728,10.425844346549193,9.691629955947137,2.936857562408223,0,0.2936857562408223,158,45,8.74,2.49,3.65,1.23,23.201174743024964,6.607929515418502,32,32,193,775,31.25,34.375,,0,0,0,20,10.193548387096774,9.935483870967742,2.7096774193548385,0.25806451612903225,0.3870967741935484,189,50,8.81,2.33,3.59,1.06,24.38709677,6.451612903
25,Justin Steele,CHC,26,27,145.1,600,29.629629629629626,18.51851851851852,,0,0,,21.833333333333332,9.666666666666666,9,2.3333333333333335,0,0.8333333333333334,136,39,8.42,2.42,3.34,1.17,22.666666666666664,6.5,4,4,22.2,92,75,25,,0,0,0,22.82608695652174,13.043478260869565,13.043478260869565,5.434782608695652,0,1.0869565217391304,21,5,8.34,1.99,4.76,1.15,22.82608696,5.434782609
26,Tanner Houck,BOS,27,29,155.2,656,34.48275862068966,24.137931034482758,,0,3.4482758620689653,,21.951219512195124,10.823170731707316,10.060975609756099,2.1341463414634148,0.1524390243902439,1.9817073170731707,141,47,8.15,2.72,3.82,1.23,21.49390243902439,7.164634146341463,9,9,43.2,203,0,33.33333333333333,,0,0,0,28.078817733990146,20.19704433497537,19.21182266009852,4.926108374384237,0,2.4630541871921183,32,17,6.6,3.5,8.04,1.69,15.7635468,8.374384236
27,Ranger Suarez,PHI,26,28,145.2,612,35.714285714285715,28.57142857142857,,0,3.571428571428571,,22.22222222222222,10.457516339869281,9.640522875816995,2.287581699346405,0.16339869281045752,0.6535947712418301,130,45,8.03,2.78,3.64,1.24,21.241830065359476,7.352941176470589,26,26,157.1,651,46.15384615384615,30.76923076923077,,0,0,0,23.655913978494624,8.755760368663594,8.602150538,2.1505376344086025,0,0.9216589861751152,151,38,8.64,2.17,3.2,1.22,23.19508449,5.837173579
28,Luis Castillo,SEA,29,29,168,688,41.37931034482759,31.03448275862069,,0,0,,21.075581395348838,10.174418604651162,9.447674419,2.9069767441860463,0.14534883720930233,0.872093023,171,48,9.16,2.57,3.48,1.15,24.85465116,6.976744186046512,32,32,180.2,745,34.375,25,,0,0,0,22.550335570469798,10.201342281879194,9.530201342,3.087248322147651,0,0.9395973154362416,162,46,8.07,2.29,3.54,1.18,21.74496644,6.174496644
29,Cristopher Sanchez,PHI,27,28,160.1,672,32.142857142857146,28.57142857142857,,0,0,,23.214285714285715,11.160714285714286,10.267857142857142,2.6785714285714284,0,0.744047619,135,42,7.58,2.36,3.87,1.24,20.089285714285715,6.25,32,32,202,807,40.625,15.625,,0,0,0,21.189591078066915,7.187112763320942,6.939281288723668,1.486988847583643,0,0.7434944237918215,212,44,9.45,1.96,2.5,1.06,26.27013631,5.452292441
30,Nestor Cortes,MIL,26,28,152.2,620,35.714285714285715,21.428571428571427,,0,3.571428571428571,,21.612903225806452,10.483870967741936,9.677419355,3.225806451612903,0,0.4838709677419355,152,38,8.96,2.24,3.54,1.13,24.516129032258064,6.129032258064516,8,8,34.1,157,25,50,,0,0,0,22.929936305732486,15.286624203821656,15.286624203821656,8.280254777070063,0,1.2738853503184715,29,20,7.6,5.24,6.29,1.63,18.47133758,12.7388535
31,Brandon Pfaadt,ARI,28,28,159.1,663,35.714285714285715,28.57142857142857,,0,3.571428571428571,,22.624434389140273,11.161387631975868,10.256410256410255,3.0165912518853695,0,1.0558069381598794,159,36,8.98,2.03,3.84,1.17,23.981900452488688,5.429864253393665,33,33,176.2,767,39.39393939393939,27.27272727272727,,0,0,0,25.814863102998697,13.95045632333768,13.428943937418513,3.389830508474576,0.2607561929595828,1.564537157757497,147,37,7.49,1.88,5.25,1.33,19.16558018,4.82398957
32,Tanner Bibee,CLE,29,29,160.1,661,34.48275862068966,27.586206896551722,,0,0,,21.331316187594553,10.136157337367626,9.379727685325264,3.0257186081694405,0,0.9077155824508321,163,45,9.15,2.53,3.48,1.16,24.659606656580937,6.807866868,31,31,182.1,762,38.70967741935484,35.483870967741936,,0,0,0,22.30971128608924,12.204724409448819,11.286089238845145,3.543307086614173,0.13123359580052493,1.3123359580052494,162,54,8,2.67,4.24,1.23,21.25984252,7.086614173
33,Shota Imanaga,CHC,27,27,152,624,33.33333333333333,25.925925925925924,,0,0,,22.115384615384613,10.256410256410255,9.455128205128204,3.205128205128205,0.16025641025641024,0.8012820512820512,153,35,9.06,2.07,3.49,1.14,24.519230769230766,5.6089743589743595,25,25,144.2,567,36,32,,0,0,0,20.634920634920633,10.934744268077601,10.582010582010582,5.467372134038801,0,0.1763668430335097,117,26,7.28,1.62,3.73,0.99,20.63492063,4.585537919
35,Spencer Schwellenbach,ATL,27,27,146.2,602,40.74074074074074,25.925925925925924,,0,0,,22.591362126245848,10.631229235880399,9.800664451827243,2.990033222591362,0.16611295681063123,1.1627906976744187,141,31,8.65,1.9,3.62,1.14,23.421926910299003,5.149501661129568,17,17,110.2,434,41.17647058823529,23.52941176470588,,0,0,0,20.506912442396313,10.138248847926267,8.755760368663594,2.995391705069124,0.2304147465437788,0.4608294930875576,108,18,8.78,1.46,3.09,0.97,24.88479263,4.147465438
36,Brayan Bello,BOS,28,29,153.2,665,37.93103448275862,37.93103448275862,,0,0,,22.55639097744361,11.428571428571429,10.526315789473683,2.2556390977443606,0,0.9022556390977444,142,56,8.31,3.28,4.1,1.34,21.353383458646615,8.421052631578947,28,29,166.2,700,37.93103448275862,31.03448275862069,,0,0,0,21,10.142857142857142,8.857142857142856,2.2857142857142856,0,1.8571428571428572,124,59,6.7,3.19,3.35,1.24,17.71428571,8.428571429
37,Joe Ryan,MIN,24,24,136,550,37.5,29.166666666666668,,0,0,,21.272727272727273,11.272727272727273,10.363636363636363,3.272727272727273,0,1.2727272727272727,145,31,9.6,2.05,3.77,1.09,26.36363636363636,5.636363636363637,30,31,171,689,41.935483870967744,32.25806451612903,,0,0,0,20.029027576197386,10.014513788098693,9.433962264150944,3.7735849056603774,0,1.741654571843251,194,39,10.21,2.05,3.42,1.04,28.15674891,5.660377358
38,Kyle Bradish,BAL,24,24,129.2,534,33.33333333333333,25,,0,0,,20.59925093632959,9.737827715355806,8.988764045,2.247191011235955,0,1.3108614232209739,129,41,8.95,2.85,3.33,1.16,24.15730337078652,7.677902621722846,6,6,32,126,16.666666666666664,16.666666666666664,,0,0,0,18.253968253968253,7.142857142857142,7.142857142857142,2.380952380952381,0,0.7936507936507936,47,10,13.22,2.81,2.53,1.03,37.3015873,7.936507937
39,Zac Gallen,ARI,28,28,161.2,666,42.857142857142854,28.57142857142857,,0,0,,21.02102102102102,10.06006006006006,9.309309309,2.7027027027027026,0,0.9009009009009009,156,51,8.68,2.84,3.45,1.18,23.423423423423422,7.657657657657657,33,33,192,813,39.39393939393939,45.45454545454545,,0,0,0,21.648216482164823,13.407134071340712,12.669126691266912,3.8130381303813037,0.12300123001230012,0.4920049200492005,175,66,8.2,3.09,4.83,1.26,21.52521525,8.118081181
40,Reid Detmers,LAA,27,27,151,642,33.33333333333333,40.74074074074074,,0,3.7037037037037033,,21.18380062305296,12.149532710280374,11.214953271028037,3.115264797507788,0.1557632398753894,1.2461059190031152,166,53,9.89,3.16,4.29,1.25,25.85669781931464,8.255451713395638,0,61,63.2,266,8.196721311,4.918032786885246,,4.918032786885246,21.311475409836063,8.196721311,21.804511278195488,10.902255639097744,10.526315789473683,2.2556390977443606,1.5037593984962405,0.7518796992481203,80,25,11.31,3.53,3.96,1.3,30.07518797,9.398496241
41,Freddy Peralta,MIL,30,30,160.1,663,33.33333333333333,30,,0,0,,19.15535445,10.85972850678733,10.105580693815988,3.167420814479638,0,1.206636500754148,180,61,10.11,3.42,3.76,1.17,27.149321266968325,9.200603318250378,33,33,176.2,723,51.515151515151516,18.181818181818183,,0,0,0,17.15076071922545,7.468879668049793,7.330567081604427,2.904564315352697,0,1.2448132780082988,204,66,10.39,3.36,2.7,1.08,28.21576763,9.128630705
42,Hunter Brown,HOU,26,29,150,636,37.93103448275862,27.586206896551722,,0,0,,21.22641509433962,10.534591194968554,9.748427672955975,2.6729559748427674,0,0.7861635220125787,153,54,9.18,3.24,3.72,1.26,24.056603773584907,8.490566038,31,31,185.1,729,38.70967741935484,29.03225806451613,,0,0,0,18.244170096021946,7.544581618655692,6.858710562414267,2.3319615912208507,0.1371742112482853,0.9602194787379973,206,57,10,2.77,2.43,1.03,28.25788752,7.818930041
43,Carlos Rodon,NYY,28,28,151.1,629,39.285714285714285,35.714285714285715,,0,0,,20.66772655007949,11.76470588235294,10.81081081081081,3.4976152623211445,0,1.1128775834658187,166,49,9.87,2.91,4.04,1.18,26.391096979332275,7.790143084260731,33,33,195.1,789,54.54545454545454,27.27272727272727,,0,0,0,16.730038022813687,9.37896071,8.491761723700888,2.788339670468948,0,1.1406844106463878,203,73,9.35,3.36,3.09,1.05,25.7287706,9.252217997
44,Nick Martinez,CIN,13,43,120,498,18.60465116,13.953488372093023,,0,2.3255813953488373,,23.293172690763054,10.240963855421686,9.437751004016064,2.208835341365462,0,0.8032128514056224,103,29,7.73,2.18,3.53,1.21,20.682730923694777,5.8232931726907635,26,40,165.2,683,27.500000000000004,35,,0,12.5,0,23.133235724743777,12.591508052708638,12.005856515373353,3.221083455,0.14641288433382138,0.8784773060029283,116,42,6.3,2.28,4.45,1.21,16.98389458,6.149341142
45,Mitch Keller,PIT,29,29,168,718,34.48275862068966,34.48275862068966,,0,0,,22.701949860724234,11.28133704735376,10.445682451253482,2.785515320334262,0,1.6713091922005572,152,49,8.14,2.63,4.02,1.26,21.16991643454039,6.8245125348189415,32,32,176.1,749,18.75,46.875,,0,0,0,22.83044058744993,12.149532710280374,10.947930574098798,2.803738317757009,0,1.335113484646195,150,51,7.66,2.6,4.19,1.26,20.02670227,6.809078772
47,Zach Eflin,BAL,25,26,148.2,611,38.46153846153847,30.76923076923077,,0,0,,24.386252045826513,10.965630114566286,10.147299509001636,3.109656301145663,0.16366612111292964,0.6546644844517185,122,25,7.38,1.51,3.75,1.17,19.967266775777414,4.091653027823241,14,14,71.1,309,42.857142857142854,35.714285714285715,,0,0,0,28.478964401294498,15.53398058252427,15.210355987055015,5.825242718446602,0,0.6472491909385114,50,13,6.31,1.64,5.93,1.42,16.18122977,4.207119741
48,MacKenzie Gore,WSN,28,28,144.2,627,32.142857142857146,32.142857142857146,,0,0,,21.690590111642745,11.004784688995215,10.207336523125997,2.711323763955343,0,0.9569377990430622,153,55,9.52,3.42,3.98,1.32,24.401913875598087,8.771929824561402,30,30,159.2,680,16.666666666666664,50,,0,0,0,22.35294117647059,11.029411764705882,10.882352941176471,2.941176470588235,0,0.7352941176470588,185,64,10.43,3.61,4.17,1.35,27.20588235,9.411764706
49,Bailey Ober,MIN,28,28,156.1,634,32.142857142857146,32.142857142857146,,0,0,,21.92429022082019,11.67192429022082,10.725552050473187,3.7854889589905363,0,0.7886435331230284,160,37,9.21,2.13,3.92,1.13,25.236593059936908,5.835962145,27,27,146.1,624,22.22222222222222,33.33333333333333,,0,0,0,25.48076923076923,13.461538461538462,13.301282051282051,4.807692307692308,0,0.8012820512820512,120,31,7.38,1.91,5.1,1.3,19.23076923,4.967948718
50,Seth Lugo,KCR,26,30,160.2,673,33.33333333333333,30,,0,0,,23.179791976225854,10.99554234769688,10.104011887072808,2.823179791976226,0.1485884101040119,0.8915304606240713,135,44,7.56,2.46,3.81,1.24,20.059435364041605,6.537890044576524,26,26,145.1,611,30.76923076923077,26.923076923076923,,0,0,0,21.76759410801964,11.456628477905074,10.965630114566286,4.41898527,0.16366612111292964,0.9819967266775778,125,55,7.74,3.41,4.15,1.29,20.45826514,9.001636661
52,Bryce Miller,SEA,29,29,158.2,645,34.48275862068966,27.586206896551722,,0,0,,21.550387596899228,10.69767441860465,9.922480620155039,3.100775194,0,0.9302325581395349,147,41,8.34,2.33,3.63,1.13,22.790697674418606,6.3565891472868215,18,18,90.1,392,22.22222222222222,33.33333333333333,,0,0,0,23.72448979591837,14.540816326530612,14.540816326530612,4.336734693877551,0,0.7653061224489796,74,34,7.37,3.39,5.68,1.41,18.87755102,8.673469388
53,Yusei Kikuchi,LAA,27,28,143,613,28.57142857142857,28.57142857142857,,0,0,,22.67536704730832,11.419249592169658,10.60358890701468,3.588907014681892,0,0.6525285481239804,161,47,10.13,2.96,4.09,1.3,26.26427406199021,7.6672104404567705,33,33,178.1,772,21.21212121212121,33.33333333333333,,0,0,0,23.316062176165804,11.26943005181347,10.233160621761659,3.1088082901554404,0.38860103626943004,0.38860103626943004,174,74,8.78,3.73,3.99,1.42,22.5388601,9.585492228
54,Jack Flaherty,DET,25,25,135.1,569,40,28.000000000000004,,0,0,,20.913884007029875,11.072056239015819,10.193321616871705,3.3391915641476277,0.17574692442882248,1.2302284710017575,152,44,10.11,2.93,3.86,1.2,26.713532513181022,7.732864674868189,31,31,161,681,25.806451612903224,48.38709677419355,,0,0,0,21.58590308370044,12.481644640234949,12.187958883994126,3.3773861967694567,0.14684287812041116,0.7342143906020557,188,59,10.51,3.3,4.64,1.28,27.60646109,8.663729809
55,Clay Holmes,NYM,16,23,110.2,485,43.47826086956522,30.434782608695656,,0,4.3478260869565215,,23.505154639175256,10.103092783505154,9.278350515463918,1.6494845360824744,0.4123711340206186,1.0309278350515463,96,34,7.8,2.76,3.66,1.34,19.79381443298969,7.010309278350515,31,33,165.2,708,36.36363636363637,24.242424242424242,,0,0,0,21.18644068,10.451977401129943,9.180790960451978,1.977401129943503,0,1.8361581920903955,129,66,7.01,3.59,3.53,1.3,18.22033898,9.322033898
57,Kodai Senga,NYM,24,24,138.1,578,37.5,29.166666666666668,,0,4.166666666666666,,19.20415224913495,10.034602076124568,9.342560553633218,2.5951557093425603,0,0.6920415224913495,149,62,9.7,4.03,3.51,1.25,25.77854671280277,10.726643598615917,22,22,113.1,482,31.818181818181817,27.27272727272727,,0,0,0,19.502074688796682,9.128630705,7.883817427385892,2.4896265560165975,0,0.6224066390041494,109,55,8.66,4.37,3.02,1.31,22.61410788,11.41078838
59,Brady Singer,CIN,28,28,156.1,676,28.57142857142857,39.285714285714285,,0,0,,23.37278106508876,13.461538461538462,12.42603550295858,3.5502958579881656,0,1.4792899408284024,152,48,8.75,2.76,4.84,1.32,22.485207100591715,7.100591715976331,32,32,169.2,716,43.75,37.5,,0,0,0,20.949720670391063,11.17318436,10.614525139664805,2.653631284916201,0,1.9553072625698324,163,60,8.65,3.18,4.03,1.24,22.76536313,8.379888268
60,Nathan Eovaldi,TEX,25,25,143.2,595,32,36,,0,0,,22.35294117647059,12.100840336134453,11.260504201680673,3.361344537815126,0,0.8403361344537815,133,38,8.33,2.38,4.2,1.19,22.35294117647059,6.386554621848739,22,22,130,496,50,13.636363636363635,,0,0,0,18.14516129032258,5.64516129,5.040322580645161,2.0161290322580645,0.20161290322580644,1.411290322580645,129,21,8.93,1.45,1.73,0.85,26.00806452,4.233870968
61,Bryan Woo,SEA,26,26,124.2,500,26.923076923076923,19.230769230769234,,0,0,,21.8,10.6,9.8,3,0,1.4000000000000001,115,25,8.3,1.8,3.54,1.07,23,5,30,30,186.2,731,50,23.333333333333332,,0,0,0,18.741450068399455,8.755129958960328,8.344733242134064,3.556771545827633,0,0.5471956224350205,198,36,9.55,1.74,2.94,0.93,27.08618331,4.924760602
62,Shane Bieber,CLE,20,20,119,497,35,25,,0,5,,22.736418511066397,10.46277665995976,9.657947686,2.8169014084507045,0,0.6036217303822937,110,32,8.32,2.42,3.63,1.22,22.132796780684107,6.438631790744467,7,7,40.1,159,57.14285714285714,28.57142857142857,,0,0,0,21.38364779874214,10.062893081761008,10.062893081761008,5.031446540880504,0,0.628930818,37,7,8.26,1.56,3.57,1.02,23.27044025,4.402515723
63,Walker Buehler,BOS,24,24,121.2,514,29.166666666666668,20.833333333333336,,0,4.166666666666666,,23.346303501945524,11.089494163424124,10.311284046692606,2.7237354085603114,0,0.7782101167315175,107,34,7.91,2.51,3.92,1.27,20.817120622568094,6.614785992217899,24,26,126,565,38.46153846153847,26.923076923076923,,0,0,0,23.008849557522122,12.920353982300886,12.212389380530974,3.893805309734513,0,1.9469026548672566,92,61,6.57,4.36,4.93,1.52,16.28318584,10.79646018
64,Clarke Schmidt,NYY,20,23,106,449,26.08695652173913,26.08695652173913,,0,4.3478260869565215,,20.93541202672606,11.13585746,10.244988864142538,2.6726057906458798,0,1.559020045,108,35,9.17,2.97,3.91,1.22,24.053452115812917,7.795100222717149,14,14,78.2,316,28.57142857142857,28.57142857142857,,0,0,0,17.72151898734177,9.177215189873419,9.177215189873419,2.848101265822785,0,0.31645569620253167,73,30,8.35,3.43,3.32,1.09,23.10126582,9.493670886
65,Zebby Matthews,MIN,24,25,122.1,519,28.000000000000004,24,,0,4,,23.892100192678228,11.368015414258188,10.597302504816955,3.4682080924855487,0,0.7707129094412332,115,25,8.46,1.84,4.05,1.22,22.15799614643545,4.8169556840077075,16,16,79.1,354,31.25,37.5,,0,0,0,26.55367231638418,14.124293785310735,13.841807909604519,3.389830508474576,0,0,88,24,9.98,2.72,5.56,1.49,24.85875706,6.779661017
67,Reese Olson,DET,24,25,116.1,491,24,28.000000000000004,,0,0,,21.181262729124235,11.201629327902241,10.386965376782078,2.4439918533604885,0,0.8146639511201629,108,41,8.36,3.17,3.95,1.25,21.99592668,8.350305498981669,13,13,68.2,285,30.76923076923077,30.76923076923077,,0,0,0,20.350877192982455,8.421052631578947,8.421052631578947,1.7543859649122806,0.7017543859649122,1.7543859649122806,65,25,8.52,3.28,3.15,1.21,22.80701754,8.771929825
68,Will Warren,NYY,24,25,122.1,525,24,28.000000000000004,,0,4,,21.714285714285715,12.380952380952381,11.428571428571429,2.857142857142857,0,1.3333333333333335,116,42,8.54,3.09,4.42,1.28,22.095238095238095,8,33,33,162.1,711,27.27272727272727,24.242424242424242,,0,0,0,22.22222222222222,12.658227848101266,11.251758087201125,3.0942334739803097,0,0.5625879043600562,171,65,9.48,3.6,4.44,1.37,24.05063291,9.142053446
70,Drew Rasmussen,TBR,13,24,76.2,308,25,12.5,,0,4.166666666666666,,21.1038961,8.766233766233766,8.116883116883116,1.948051948051948,0,0.6493506493506493,75,18,8.8,2.11,2.93,1.08,24.350649350649352,5.844155844155844,31,31,150,585,32.25806451612903,16.129032258064516,,0,0,0,19.82905982905983,8.034188034188034,7.863247863247863,3.076923076923077,0.17094017094017094,0.8547008547008548,127,37,7.62,2.22,2.76,1.02,21.70940171,6.324786325
71,Michael McGreevy,STL,27,28,153.1,647,32.142857142857146,28.57142857142857,,0,3.571428571428571,,23.956723338485318,11.437403400309119,10.510046367851624,2.7820710973724885,0,0.3091190108191654,108,41,6.34,2.41,3.99,1.28,16.69242658423493,6.3369397217928904,16,17,95.2,400,47.05882352941176,23.52941176470588,,0,0,0,25,12.5,11.75,3,0,0.75,58,20,5.46,1.88,4.42,1.25,14.5,5
73,Bryce Elder,ATL,26,26,145,622,38.46153846153847,34.61538461538461,,0,3.8461538461538463,,22.829581993569132,11.57556270096463,10.77170418006431,2.572347266881029,0,0.964630225,123,50,7.63,3.1,4.16,1.32,19.774919614147908,8.038585209003216,28,28,156.1,679,28.57142857142857,39.285714285714285,,0,0,0,24.594992636229748,13.991163475699558,13.549337260677467,3.5346097201767304,0.14727540500736377,0.8836524300441826,131,51,7.54,2.94,5.3,1.39,19.29307806,7.511045655
74,Max Scherzer,TOR,20,20,107.1,435,35,25,,0,5,,21.379310344827587,10.574712643678161,9.885057471264368,3.4482758620689653,0,1.1494252873563218,110,26,9.23,2.18,3.61,1.11,25.287356321839084,5.977011494252873,17,17,85,358,29.411764705882355,29.411764705882355,,0,0,0,24.30167597765363,13.687150837988826,13.687150837988826,5.307262569832402,0,0.5586592178770949,82,23,8.68,2.44,5.19,1.29,22.90502793,6.424581006
75,Luis Gil,NYY,27,27,132.2,566,33.33333333333333,33.33333333333333,,0,3.7037037037037033,,18.90459363957597,11.66077738515901,10.777385159010601,3.0035335689045937,0,1.0600706713780919,150,66,10.17,4.48,4.14,1.3,26.501766784452297,11.66077738515901,11,11,57,244,36.36363636363637,9.090909090909092,,0,0,0,19.262295081967213,9.426229508196721,8.606557377,2.0491803278688523,0,0.4098360655737705,41,33,6.47,5.21,3.32,1.4,16.80327869,13.52459016
76,Jose Berrios,TOR,29,29,173,729,41.37931034482759,37.93103448275862,,0,0,,22.770919067215363,11.522633744855968,10.699588477366255,3.4293552812071333,0.1371742112482853,1.5089163237311385,148,47,7.7,2.45,4.06,1.23,20.301783264746227,6.447187928669409,30,31,166,698,29.03225806451613,16.129032258064516,,0,0,0,22.922636103151863,12.320916905444127,11.031518624641834,3.7249283667621778,0.28653295128939826,1.002865329512894,138,56,7.48,3.04,4.17,1.3,19.77077364,8.022922636
77,Chris Bassitt,TOR,27,27,153.2,660,37.03703703703704,37.03703703703704,,0,0,,22.12121212121212,11.363636363636363,10.454545454545453,2.878787878787879,0.15151515151515152,1.8181818181818181,139,53,8.14,3.1,4.04,1.29,21.06060606060606,8.030303030303031,31,32,170.1,736,34.375,28.125,,0,0,0,23.641304347826086,10.869565217391305,10.190217391304348,2.989130434782609,0,1.766304347826087,166,52,8.77,2.75,3.96,1.33,22.55434783,7.065217391
79,David Peterson,NYM,24,27,127.2,557,25.925925925925924,25.925925925925924,,0,3.7037037037037033,,21.723518850987432,11.310592459605028,10.412926391382406,2.333931777378815,0,1.2567324955116697,120,52,8.46,3.66,4.09,1.35,21.543985637342907,9.33572711,30,30,168.2,723,30,20,,0,0,0,22.959889349930844,11.618257261410788,10.926694329183956,1.5214384508990317,0.13831258644536654,0.9681881051175657,150,65,8,3.47,4.22,1.37,20.74688797,8.990318119
80,Taj Bradley,TBR,27,27,137,575,33.33333333333333,33.33333333333333,,0,0,,21.565217391304348,11.652173913043478,10.782608695652174,3.304347826086956,0,0.6956521739130435,138,44,9.07,2.89,4.07,1.23,24,7.652173913043478,27,27,142.2,605,22.22222222222222,29.629629629629626,,0,0,0,21.65289256198347,14.545454545454545,13.223140495867769,3.1404958677685952,0,0.6611570247933884,127,56,8.01,3.53,5.05,1.31,20.99173554,9.256198347
81,Michael Wacha,KCR,26,27,143.2,604,33.33333333333333,29.629629629629626,,0,0,,23.178807947019866,11.589403973509933,10.76158940397351,3.145695364238411,0,0.6622516556291391,119,42,7.45,2.63,4.07,1.27,19.70198675496689,6.953642384,31,31,172.2,716,32.25806451612903,41.935483870967744,,0,0,0,23.18435754189944,10.335195530726256,10.335195530726256,2.094972067039106,0,0.5586592178770949,126,45,6.57,2.35,3.86,1.22,17.59776536,6.284916201
83,David Festa,MIN,24,25,108,464,24,24,,0,4,,21.336206896551722,11.422413793103448,10.560344827586206,2.8017241379310347,0,0.8620689655172413,114,41,9.5,3.42,4.08,1.3,24.568965517241377,8.836206896551724,10,11,53.1,229,27.27272727272727,36.36363636363637,,0,0,0,21.397379912663755,15.283842794759824,13.973799126637553,4.366812227074235,0,1.7467248908296942,53,19,8.94,3.21,5.4,1.28,23.1441048,8.296943231
84,Sean Manaea,NYM,25,28,144,606,28.57142857142857,25,,0,0,,21.61716171617162,12.376237623762377,11.386138613861387,3.4653465346534658,0,1.155115511551155,145,47,9.06,2.94,4.31,1.24,23.927392739273927,7.755775577557755,12,15,60.2,263,13.333333333333334,26.666666666666668,,0,0,0,23.574144486692013,14.44866920152091,14.44866920152091,4.942965779467681,0,2.6615969581749046,75,12,11.13,1.78,5.64,1.22,28.51711027,4.562737643
86,Nick Lodolo,CIN,20,20,103.2,450,30,35,,0,0,,20.666666666666668,12.666666666666668,11.777777777777777,2.888888888888889,0,3.7777777777777777,113,35,9.81,3.04,4.6,1.23,25.11111111111111,7.777777777777778,28,29,156.2,642,31.03448275862069,27.586206896551722,,0,0,0,21.49532710280374,9.345794392523365,9.034267912772584,3.4267912772585665,0.1557632398753894,2.0249221183800623,156,31,8.96,1.78,3.33,1.08,24.29906542,4.828660436
87,Mitchell Parker,WSN,26,27,131.1,569,25.925925925925924,29.629629629629626,,0,3.7037037037037033,,22.671353251318102,11.950790861159929,11.072056239015819,2.8119507908611596,0,0.35149384885764495,117,50,8.02,3.43,4.32,1.36,20.56239015817223,8.787346221441124,30,33,164.2,725,27.27272727272727,48.484848484848484,,3.0303030303030303,0,0,24.551724137931036,16,14.344827586206895,3.4482758620689653,0,0.5517241379310345,103,58,5.63,3.17,5.68,1.43,14.20689655,8
88,Louie Varland,MIN,22,29,127,544,27.586206896551722,27.586206896551722,,0,24.137931034482758,,23.161764705882355,12.132352941176471,11.213235294117647,3.125,0,0.9191176470588236,119,38,8.43,2.69,4.32,1.29,21.875,6.985294117647059,1,74,72.2,296,5.405405405405405,4.054054054054054,,0,29.72972972972973,2.7027027027027026,21.95945945945946,9.121621621621621,8.108108108108109,2.027027027027027,0.33783783783783783,0.6756756756756757,75,22,9.29,2.72,2.97,1.2,25.33783784,7.432432432
89,Andrew Abbott,CIN,26,26,139.1,593,34.61538461538461,38.46153846153847,,0,0,,22.596964586846543,12.647554806070826,11.63575042158516,3.709949409780776,0,0.5059021922428331,131,51,8.46,3.3,4.46,1.33,22.09106239460371,8.600337268128163,29,29,166.1,684,34.48275862068966,24.137931034482758,,0,0,0,21.637426900584796,8.771929824561402,7.748538011695906,2.7777777777777777,0,0.43859649122807015,149,43,8.06,2.33,2.87,1.15,21.78362573,6.286549708
90,Nick Pivetta,,23,27,133,552,33.33333333333333,29.629629629629626,,0,0,,21.73913043478261,12.13768115942029,11.231884057971014,3.985507246376811,0.18115942028985507,0.5434782608695652,144,42,9.74,2.84,4.2,1.22,26.08695652173913,7.608695652173914,31,31,181.2,721,41.935483870967744,16.129032258064516,,0,0,0,17.891816920943135,8.737864077669903,8.044382801664355,3.0513176144244105,0.13869625520110956,0.4160887656033287,190,50,9.41,2.48,2.87,0.99,26.35228849,6.93481276
93,Clayton Kershaw,,17,17,85,351,41.17647058823529,23.52941176470588,,0,0,,22.507122507122507,10.826210826210826,9.971509971509972,2.849002849002849,0,0.5698005698005698,79,22,8.36,2.33,3.71,1.19,22.507122507122507,6.267806267806268,22,23,112.2,463,47.82608695652174,8.695652173913043,,0,0,0,22.03023758099352,9.935205183585314,9.071274298056156,1.7278617710583155,0,0.4319654427645789,84,35,6.71,2.8,3.36,1.22,18.1425486,7.559395248
95,Dean Kremer,BAL,26,26,134.1,568,34.61538461538461,30.76923076923077,,0,0,,22.359154929577464,11.267605633802818,10.387323943661972,2.992957746478873,0,0.7042253521126761,119,45,7.97,3.02,3.95,1.28,20.950704225352112,7.922535211267606,29,31,171.2,708,35.483870967741936,32.25806451612903,,0,0,0,23.022598870056495,11.72316384180791,11.299435028248588,3.1073446327683616,0,0.2824858757062147,142,45,7.44,2.36,4.19,1.21,20.05649718,6.355932203
97,Tobias Myers,MIL,25,28,134.1,567,28.57142857142857,25,,0,0,,22.22222222222222,11.46384479717813,10.582010582010582,3.3509700176366843,0,0.8818342151675485,123,42,8.24,2.81,4.02,1.25,21.693121693121693,7.4074074074074066,6,22,50.2,220,4.545454545454546,9.090909090909092,,0,4.545454545454546,0,24.545454545454547,9.545454545454547,9.090909090909092,2.272727272727273,0,0.9090909090909091,38,15,6.75,2.66,3.55,1.36,17.27272727,6.818181818
98,Ryan Feltner,COL,26,26,137,595,19.230769230769234,30.76923076923077,,0,0,,23.361344537815125,12.941176470588237,11.932773109243698,3.1932773109243695,0,1.0084033613445378,118,49,7.75,3.22,4.66,1.37,19.831932773109244,8.235294117647058,6,6,30.1,135,0,33.33333333333333,,0,0,0,24.444444444444443,12.592592592592592,11.851851851851853,2.9629629629629632,0,0,25,12,7.42,3.56,4.75,1.48,18.51851852,8.888888889
99,Marcus Stroman,NYY,25,26,137,588,30.76923076923077,34.61538461538461,,0,3.8461538461538463,,22.95918367346939,12.074829931972788,11.224489795918368,2.7210884353741496,0,0.8503401360544218,101,48,6.64,3.15,4.34,1.34,17.17687074829932,8.163265306,9,9,39,175,33.33333333333333,22.22222222222222,,0,0,0,25.142857142857146,15.428571428571427,15.428571428571427,3.428571428571429,0,1.1428571428571428,26,16,6,3.69,6.23,1.54,14.85714286,9.142857143
100,Eduardo Rodriguez,ARI,19,20,105.1,446,40,30,,0,5,,22.869955156950674,10.31390134529148,9.641255605381167,2.690582959641256,0,0.4484304932735426,97,33,8.29,2.82,3.68,1.28,21.748878923766814,7.399103139013453,29,29,154.1,694,31.03448275862069,31.03448275862069,,0,0,0,25.64841498559078,13.544668587896252,12.39193083573487,3.602305475504323,0.2881844380403458,0.1440922190201729,143,60,8.34,3.5,5.02,1.54,20.60518732,8.645533141
101,Trevor Rogers,BAL,27,27,134.1,586,25.925925925925924,25.925925925925924,,0,3.7037037037037033,,22.866894197952217,11.774744027303754,10.921501706484642,2.5597269624573378,0.17064846416382254,0.8532423208191127,115,51,7.71,3.42,4.29,1.38,19.624573378839592,8.703071672,18,18,109.2,423,50,16.666666666666664,,0,0,0,16.548463356973993,5.4373522458628845,5.200945626477541,1.4184397163120568,0,0.4728132387706856,103,29,8.45,2.38,1.81,0.9,24.3498818,6.855791962
103,Brandon Woodruff,MIL,14,14,81,331,35.714285714285715,28.57142857142857,,0,0,,20.54380664652568,10.27190332326284,9.365558912386707,3.3232628398791544,0,0.906344411,93,24,10.33,2.67,3.44,1.14,28.09667673716012,7.250755287009064,12,12,64.2,257,58.333333333333336,16.666666666666664,,0,0,0,17.509727626459142,10.116731517509727,8.949416342412452,3.501945525291829,0,1.1673151750972763,83,14,11.55,1.95,3.2,0.91,32.29571984,5.447470817
104,Yu Darvish,SDP,21,21,116,479,38.095238095238095,33.33333333333333,,0,0,,21.711899791231733,11.691022964509393,10.855949895615867,3.3402922755741122,0,1.4613778705636742,109,31,8.46,2.41,4.03,1.16,22.755741127348646,6.471816283924843,15,15,72,296,33.33333333333333,33.33333333333333,,0,0,0,22.2972973,14.864864864864865,14.527027027027026,4.72972973,0,2.027027027027027,68,19,8.5,2.38,5.38,1.18,22.97297297,6.418918919
105,German Marquez,COL,21,21,111.2,478,28.57142857142857,38.095238095238095,,0,0,,23.430962343096233,12.97071129707113,11.92468619246862,2.928870292887029,0.20920502092050208,0.41841004184100417,91,39,7.33,3.14,4.59,1.35,19.03765690376569,8.158995815899582,26,26,126.1,591,11.538461538461538,61.53846153846154,,0,0,0,28.426395939086298,17.93570219966159,15.905245346869712,3.891708968,0.1692047377326565,1.015228426395939,83,48,5.91,3.42,6.7,1.71,14.04399323,8.121827411
106,Ryne Nelson,ARI,24,26,139.1,588,30.76923076923077,26.923076923076923,,0,3.8461538461538463,,23.46938775510204,11.394557823129253,10.54421768707483,3.061224489795918,0.17006802721088435,0.6802721088435374,113,38,7.3,2.46,4.01,1.26,19.217687074829932,6.462585034013606,23,33,154,619,21.21212121212121,9.090909090909092,,3.0303030303030303,0,3.0303030303030303,20.032310177705977,10.016155088852988,9.369951535,2.7463651050080773,0,0.6462035541195477,132,41,7.71,2.4,3.39,1.07,21.32471729,6.62358643
107,Quinn Priester,BOS,23,26,119,517,26.923076923076923,30.76923076923077,,0,3.8461538461538463,,23.404255319148938,12.18568665377176,11.218568665377177,2.5145067698259185,0,1.160541586073501,95,40,7.18,3.03,4.39,1.35,18.37524178,7.7369439071566735,24,29,157.1,653,44.827586206896555,10.344827586206897,,0,0,0,22.20520674,9.494640122511486,8.882082695,2.756508422664625,0,0.9188361408882083,132,50,7.55,2.86,3.32,1.24,20.2143951,7.656967841
108,Zack Littell,TBR,23,30,130.2,547,26.666666666666668,23.333333333333332,,0,3.3333333333333335,,23.948811700182816,11.517367458866545,10.603290676416819,3.473491773308958,0.18281535648994515,0.7312614259597806,113,28,7.78,1.93,3.99,1.22,20.65813528,5.118829981718465,32,32,186.2,759,31.25,25,,0,0,0,22.92490118577075,10.67193675889328,10.408432147562582,4.743083003952568,0.13175230566534915,0.92226614,130,32,6.27,1.54,3.81,1.1,17.12779974,4.216073781
109,Graham Ashcraft,CIN,19,19,104.2,457,26.31578947368421,42.10526315789473,,0,21.052631578947366,,23.413566739606125,12.910284463894966,12.035010940919037,2.625820569,0,1.5317286652078774,83,35,7.13,3.01,4.73,1.36,18.161925601750546,7.658643326039387,0,62,65.1,284,12.903225806451612,8.064516129032258,,0,37.096774193548384,9.677419355,23.943661971830984,13.028169014084506,10.211267605633804,0.7042253521126761,0,0,64,25,8.82,3.44,3.99,1.42,22.53521127,8.802816901
110,Cade Povich,BAL,27,28,135.2,584,32.142857142857146,32.142857142857146,,0,3.571428571428571,,22.089041095890412,11.815068493150685,10.95890410958904,2.910958904109589,0,0.8561643835616438,126,52,8.36,3.45,4.24,1.33,21.575342465753426,8.904109589041095,20,22,112.1,488,13.636363636363635,36.36363636363637,,0,0,0,25.614754098360653,14.344262295081966,13.319672131147541,3.483606557377049,0.4098360655737705,0.20491803278688525,118,43,9.45,3.45,5.21,1.5,24.18032787,8.81147541
111,Lucas Giolito,BOS,22,22,122.1,525,31.818181818181817,36.36363636363637,,0,4.545454545454546,,22.666666666666664,12.380952380952381,11.428571428571429,3.428571428571429,0.19047619047619047,0.7619047619047619,124,43,9.13,3.16,4.42,1.32,23.61904761904762,8.190476190476192,26,26,145,613,38.46153846153847,15.384615384615385,,0,0,0,21.37030995106036,10.114192495921696,8.972267537,2.7732463295269167,0,0.1631321370309951,121,56,7.51,3.48,3.41,1.29,19.73898858,9.135399674
113,Gavin Williams,CLE,23,23,105.1,443,30.434782608695656,26.08695652173913,,0,0,,20.54176072234763,11.060948081264108,10.15801354401806,2.708803611738149,0,1.1286681715575622,105,41,8.97,3.5,3.85,1.25,23.702031602708804,9.255079006772009,31,31,167.2,704,38.70967741935484,16.129032258064516,,0,0,0,18.46590909090909,8.806818181818182,8.096590909090908,3.2670454545454546,0,0.4261363636363636,173,83,9.29,4.46,3.06,1.27,24.57386364,11.78977273
114,Jesus Luzardo,PHI,20,21,109.1,458,33.33333333333333,28.57142857142857,,0,4.761904761904762,,21.397379912663755,12.445414847161572,11.572052401746726,3.4934497816593884,0,0.8733624454148471,113,38,9.3,3.13,4.36,1.24,24.67248908296943,8.296943231441048,32,32,183.2,758,46.875,21.875,,0,0,0,22.03166226912929,11.213720316622691,10.554089709762533,2.1108179419525066,0,0.395778364,216,57,10.58,2.79,3.92,1.22,28.49604222,7.519788918
115,Luis Garcia,HOU,18,19,97.1,405,42.10526315789473,31.57894736842105,,0,5.263157894736842,,21.728395061728396,10.864197530864198,10.123456790123457,3.2098765432098766,0,0.24691358024691357,97,31,8.97,2.87,3.79,1.22,23.950617283950617,7.654320987654321,1,30,31.150000000000002,130.5,5,3.3333333333333335,,3.3333333333333335,20,1.6666666666666667,22.22222222222222,9.961685823754788,9.195402298850574,1.532567049808429,1.9157088122605364,0.38314176245210724,27.5,13.5,8.015,2.7,3.4699999999999998,0.99,21.07279693,10.34482759
116,Erick Fedde,STL,26,26,143.1,612,30.76923076923077,34.61538461538461,,0,0,,23.366013071895424,11.76470588235294,10.947712418300654,3.431372549019608,0.16339869281045752,0.49019607843137253,129,45,8.1,2.83,4.21,1.31,21.07843137254902,7.352941176470589,24,32,141,623,12.5,40.625,,0,3.125,0,23.595505617977526,14.446227929373997,13.804173354735152,3.0497592295345104,0.16051364365971107,0.4815409309791332,83,67,5.3,4.28,5.49,1.52,13.32263242,10.75441413
118,Jacob deGrom,TEX,12,12,51.2,201,25,8.333333333333332,,0,0,,19.402985074626866,9.452736318,8.955223880597014,3.482587064676617,0,0.4975124378109453,69,11,12.01,1.91,3.13,0.97,34.32835820895522,5.472636815920398,30,30,172.2,669,40,26.666666666666668,,0,0,0,18.236173393124066,8.520179372197308,8.520179372197308,3.8863976083707024,0,0.4484304932735426,185,37,9.64,1.93,2.97,0.92,27.65321375,5.53064275
119,Jameson Taillon,CHC,26,26,145.1,605,34.61538461538461,30.76923076923077,,0,0,,23.801652892561982,11.900826446280991,11.074380165289256,3.4710743801652892,0,0.6611570247933884,115,35,7.12,2.17,4.15,1.23,19.00826446280992,5.785123966942149,23,23,129.2,519,47.82608695652174,30.434782608695656,,0,0,0,21.19460500963391,10.404624277456648,10.211946050096339,4.624277456647398,0,0,98,27,6.8,1.87,3.68,1.06,18.88246628,5.202312139
122,Ryan Pepiot,TBR,24,26,121,507,30.76923076923077,23.076923076923077,,0,0,,20.315581854043394,11.045364891518737,10.256410256410255,3.155818540433925,0,1.5779092702169626,128,45,9.52,3.35,3.87,1.22,25.24654832,8.875739644970414,31,31,167.2,679,35.483870967741936,38.70967741935484,,0,0,0,19.734904270986746,11.34020618556701,10.603829160530191,3.829160530191458,0,0.8836524300441826,167,61,8.96,3.27,3.86,1.16,24.59499264,8.983799705
123,Martin Perez,CHW,23,26,127.2,565,19.230769230769234,26.923076923076923,,0,0,,24.601769911504427,12.035398230088495,11.150442477876107,2.6548672566371683,0.17699115044247787,0.8849557522123894,94,46,6.62,3.24,4.44,1.45,16.63716814159292,8.141592920353983,10,11,56,228,9.090909090909092,54.54545454545454,,0,0,0,17.543859649122805,10.087719298245613,9.649122807017543,2.631578947368421,0,0.8771929824561403,44,22,7.07,3.54,3.54,1.11,19.29824561,9.649122807
124,Andre Pallante,STL,18,36,117.2,511,19.444444444444446,19.444444444444446,,0,2.7777777777777777,,22.504892367906066,10.567514677103718,9.784735812133071,1.761252446183953,0,0.7827788649706457,87,47,6.65,3.59,3.82,1.38,17.025440313111545,9.197651663405088,31,31,162.2,715,19.35483870967742,48.38709677419355,,0,0,0,24.195804195804197,15.244755244755245,13.426573426573427,2.937062937062937,0,0.6993006993006993,111,62,6.14,3.43,5.31,1.44,15.52447552,8.671328671
125,Eury Perez,MIA,20,20,90.2,373,25,25,,0,0,,21.715817694369974,10.991957104557642,10.187667560321715,3.485254691689008,0,0.5361930294906166,95,28,9.43,2.78,3.77,1.2,25.46916890080429,7.506702412868632,20,20,95.1,385,35,30,,0,0,0,17.662337662337663,12.207792207792208,11.688311688311687,3.116883116883117,0,0.7792207792207793,105,32,9.91,3.02,4.25,1.05,27.27272727,8.311688312
126,Garrett Whitlock,BOS,11,25,74.2,308,16,16,,0,56.00000000000001,,22.727272727272727,10.38961038961039,9.740259740259742,2.922077922077922,0,0.6493506493506493,74,17,8.92,2.05,3.61,1.16,24.025974025974026,5.519480519,0,62,72,293,11.29032258064516,4.838709677419355,,1.6129032258064515,38.70967741935484,6.451612903225806,18.43003412969283,7.167235494880546,6.143344709897611,0.6825938566552902,0.6825938566552902,1.7064846416382253,91,24,11.38,3,2.25,1.08,31.05802048,8.19112628
127,Tylor Megill,NYM,23,24,115.1,500,25,25,,0,4.166666666666666,,21.6,12.2,11.200000000000001,3,0,1,116,46,9.05,3.59,4.37,1.34,23.200000000000003,9.2,14,14,68.1,305,35.714285714285715,35.714285714285715,,0,0,0,19.672131147540984,12.131147540983607,9.836065573770492,1.9672131147540985,0,2.2950819672131146,89,33,11.72,4.35,3.95,1.36,29.18032787,10.81967213
128,Tyler Mahle,TEX,19,19,98,407,26.31578947368421,26.31578947368421,,0,0,,21.62162162162162,12.285012285012286,11.302211302211303,3.194103194103194,0,0.7371007371007371,91,32,8.36,2.94,4.22,1.22,22.358722358722357,7.862407862407863,16,16,86.2,346,37.5,25,,0,0,0,19.942196531791907,6.069364161849711,6.069364161849711,1.4450867052023122,0,0,66,29,6.85,3.01,2.18,1.13,19.07514451,8.38150289
129,Simeon Woods Richardson,MIN,27,28,128,551,17.857142857142858,21.428571428571427,,0,0,,22.50453720508167,12.159709618874773,11.252268602540836,2.9038112522686026,0,0.5444646098003629,111,50,7.8,3.52,4.36,1.36,20.14519056261343,9.074410163339383,22,23,111.1,471,30.434782608695656,17.391304347826086,,0,0,0,20.382165605095544,11.252653927813164,10.615711252653929,3.6093418259023355,0,0.6369426751592357,107,46,8.65,3.72,4.04,1.28,22.71762208,9.766454352
130,Brant Hurter,DET,19,26,109.2,461,23.076923076923077,23.076923076923077,,0,15.384615384615385,,22.77657267,11.713665943600867,10.84598698481562,2.8199566160520604,0,1.9522776572668112,88,26,7.22,2.13,4.1,1.19,19.088937093275486,5.639913232104121,4,43,63,277,9.302325581,6.976744186046512,,4.651162790697675,11.627906976744185,0,20.577617328519857,9.386281588447654,6.137184115523466,1.444043321299639,1.083032490974729,3.9711191335740073,68,27,9.71,3.86,2.43,1.33,24.54873646,9.747292419
131,Lance McCullers Jr.,HOU,15,15,83,352,33.33333333333333,26.666666666666668,,0,6.666666666666667,,20.170454545454543,9.943181818181818,9.090909090909092,2.272727272727273,0,1.1363636363636365,83,35,9,3.8,3.47,1.28,23.579545454545457,9.943181818181818,13,16,55.1,274,12.5,31.25,,0,0,0,22.26277372262774,16.423357664233578,14.59854015,3.649635036,0,2.5547445255474455,61,39,9.92,6.34,6.51,1.81,22.26277372,14.23357664
132,Spencer Arrighetti,HOU,25,28,133.2,577,32.142857142857146,28.57142857142857,,0,0,,20.45060658578856,11.785095320623917,10.918544194107453,3.2928942807625647,0,1.386481802426343,144,57,9.69,3.84,4.24,1.31,24.956672443674176,9.878682842287695,7,7,35.1,156,14.285714285714285,71.42857142857143,,0,0,0,19.230769230769234,13.461538461538462,13.461538461538462,3.8461538461538463,0,1.9230769230769231,31,20,7.9,5.09,5.35,1.42,19.87179487,12.82051282
133,Jonathan Cannon,CHW,26,28,145.1,625,25,35.714285714285715,,0,3.571428571428571,,24,13.120000000000001,12.16,3.2,0,0.96,105,47,6.5,2.91,4.71,1.36,16.8,7.5200000000000005,17,22,103.2,466,18.181818181818183,45.45454545454545,,0,0,0,24.892703862660944,14.806866952789699,14.377682403433475,4.077253219,0.2145922746781116,1.2875536480686696,86,38,7.47,3.3,5.82,1.49,18.45493562,8.154506438
135,Jose Soriano,LAA,15,32,100.1,433,18.75,15.625,,0,0,,19.861431870669747,11.316397228637413,10.392609699769054,2.0785219399538106,0.4618937644341801,2.771362586605081,97,44,8.7,3.95,4.04,1.3,22.401847575057737,10.161662817551962,31,31,169,724,32.25806451612903,35.483870967741936,,0,0,0,21.823204419889503,12.292817679558011,11.049723756906078,1.6574585635359116,0,0.6906077348066298,152,78,8.09,4.15,4.26,1.4,20.99447514,10.77348066
136,Kris Bubic,KCR,15,33,87.2,378,15.151515151515152,12.121212121212121,,0,3.0303030303030303,,21.957671957671955,11.11111111111111,10.317460317460316,2.6455026455026456,0.5291005291005291,0.7936507936507936,88,31,9.03,3.18,4,1.3,23.28042328042328,8.201058201058201,20,20,116.1,476,40,35,,0,0,0,20.588235294117645,7.9831932773109235,6.932773109243698,1.2605042016806722,0.21008403361344538,0.6302521008403361,116,39,8.97,3.02,2.55,1.18,24.3697479,8.193277311
137,Noah Cameron,KCR,23,23,109.2,472,26.08695652173913,26.08695652173913,,0,0,,23.30508474576271,12.076271186440678,11.228813559322035,3.1779661016949152,0,0.847457627,95,33,7.79,2.71,4.35,1.3,20.127118644067796,6.991525423728813,24,24,138.1,556,37.5,29.166666666666668,,0,0,0,19.60431654676259,8.273381294964029,8.273381294964029,3.237410071942446,0.1798561151079137,0.539568345,114,43,7.42,2.8,2.99,1.1,20.50359712,7.73381295
138,Richard Fitts,BOS,25,25,126.1,542,28.000000000000004,28.000000000000004,,0,4,,24.538745387453876,12.546125461254611,11.623616236162361,3.136531365313653,0,0.7380073800738007,92,35,6.56,2.49,4.49,1.33,16.974169741697416,6.4575645756457565,10,11,45,195,18.181818181818183,36.36363636363637,,0,0,0,22.05128205128205,13.846153846153847,12.82051282051282,5.641025641025641,0,1.5384615384615385,40,16,8,3.2,5,1.31,20.51282051,8.205128205
140,Braxton Ashcraft,PIT,19,20,81,343,15,15,,0,0,,24.198250728862973,11.370262390670554,10.495626822157435,2.9154518950437316,0,0.5830903790087464,66,18,7.33,2,4,1.25,19.24198250728863,5.247813411078718,8,26,69.2,292,15.384615384615385,15.384615384615385,,0,15.384615384615385,3.8461538461538463,21.575342465753426,7.534246575342466,7.191780821917808,1.0273972602739725,0.3424657534246575,0.684931507,71,24,9.17,3.1,2.71,1.25,24.31506849,8.219178082
141,Ben Brown,CHC,15,20,77,323,25,20,,0,5,,19.814241486068113,10.83591331,9.907120743034056,2.476780185758514,0,0.9287925696594427,82,30,9.58,3.51,3.74,1.22,25.386996904024766,9.287925696594428,15,25,106.1,472,20,32,,4,4,4,25.635593220338983,15.466101694915254,14.83050847457627,3.8135593220338984,0,0.847457627,121,32,10.24,2.71,5.92,1.44,25.63559322,6.779661017
142,Luis Severino,ATH,26,26,144.1,616,26.923076923076923,30.76923076923077,,0,0,,22.88961038961039,12.337662337662337,11.363636363636363,3.0844155844155843,0,1.2987012987012987,122,46,7.61,2.87,4.37,1.3,19.805194805194805,7.467532467532467,29,29,162.2,705,27.586206896551722,37.93103448275862,,0,0,0,22.97872340425532,13.191489361702127,11.631205673758865,2.269503546099291,0.14184397163120568,2.269503546099291,124,50,6.86,2.77,4.54,1.3,17.58865248,7.092198582
143,Kyle Harrison,SFG,24,24,117.2,504,25,25,,0,0,,21.23015873015873,11.706349206349206,10.912698412698413,2.976190476190476,0,1.5873015873015872,119,44,9.1,3.36,4.21,1.28,23.61111111111111,8.73015873,6,11,35.2,156,9.090909090909092,9.090909090909092,,0,9.090909090909092,0,22.435897435897438,10.256410256410255,10.256410256410255,2.564102564102564,0.641025641,0.641025641,38,14,9.59,3.53,4.04,1.37,24.35897436,8.974358974
145,Landon Knack,LAD,21,25,108.2,459,24,24,,0,4,,22.22222222222222,12.200435729847495,11.328976034858387,3.485838779956427,0,0.6535947712418301,102,36,8.45,2.98,4.31,1.27,22.22222222222222,7.8431372549019605,7,10,42.1,185,30,20,,10,0,0,21.62162162162162,13.513513513513514,12.432432432432433,5.405405405405405,0,1.0810810810810811,42,19,8.93,4.04,4.89,1.39,22.7027027,10.27027027
147,Shohei Ohtani,LAD,17,17,100.1,409,41.17647058823529,23.52941176470588,,0,0,,18.581907090464547,11.00244498777506,10.268948655256724,3.4229828850855744,0,1.9559902200488997,108,39,9.69,3.5,3.77,1.15,26.405867970660147,9.535452322738386,14,14,47,188,7.142857142857142,7.142857142857142,,0,0,0,21.27659574468085,7.9787234042553195,7.9787234042553195,1.5957446808510638,0,0,62,9,11.87,1.72,2.87,1.04,32.9787234,4.787234043
149,Tyler Anderson,LAA,26,26,148.1,636,30.76923076923077,42.30769230769231,,0,0,,23.11320754716981,12.578616352201259,11.635220125786164,3.459119496855346,0.15723270440251574,0.9433962264150944,122,53,7.4,3.22,4.49,1.35,19.18238993710692,8.333333333333332,26,26,136.1,599,7.6923076923076925,30.76923076923077,,0,0,0,22.537562604340565,12.186978297161936,11.519198664440735,4.674457429048414,0.667779633,0.5008347245409015,104,57,6.87,3.76,4.56,1.41,17.36227045,9.515859766
150,Jose Suarez,LAA,14,27,97.2,424,14.814814814814813,18.51851851851852,,0,44.44444444444444,,22.169811320754718,12.264150943396226,11.320754716981133,2.8301886792452833,0.2358490566037736,1.179245283018868,94,37,8.66,3.41,4.42,1.34,22.169811320754718,8.726415094339622,1,7,19.1,81,28.57142857142857,0,,14.285714285714285,14.285714285714285,0,18.51851851851852,6.172839506172839,4.938271604938271,1.2345679012345678,1.2345679012345678,0,16,10,7.45,4.66,1.86,1.29,19.75308642,12.34567901
152,Aaron Civale,MIL,26,26,136.2,576,26.923076923076923,26.923076923076923,,0,0,,22.569444444444446,12.152777777777777,11.284722222222223,3.8194444444444446,0,1.0416666666666665,124,42,8.16,2.77,4.28,1.26,21.52777777777778,7.291666666666667,18,23,102,435,17.391304347826086,39.130434782608695,,4.3478260869565215,0,0,22.06896551724138,13.563218390804598,12.643678160919542,3.67816092,0.22988505747126436,1.6091954022988506,88,33,7.76,2.91,4.85,1.26,20.22988506,7.586206897
154,Merrill Kelly,ARI,22,22,123.1,514,31.818181818181817,27.27272727272727,,0,0,,23.151750972762645,11.089494163424124,10.311284046692606,3.3073929961089497,0.19455252918287938,0.38910505836575876,102,36,7.45,2.63,3.87,1.26,19.844357976653697,7.003891050583658,32,32,184,748,37.5,28.125,,0,0,0,20.989304812834224,10.56149732620321,9.625668449,3.074866310160428,0,0.267379679,167,48,8.17,2.35,3.52,1.11,22.32620321,6.417112299
157,Jake Irvin,WSN,29,29,156.1,661,27.586206896551722,37.93103448275862,,0,0,,22.995461422087747,12.859304084720122,11.951588502269288,3.6308623298033282,0.15128593040847202,1.2102874432677762,129,49,7.43,2.82,4.55,1.29,19.51588502269289,7.413010590015129,33,33,180,787,27.27272727272727,39.39393939393939,,0,0,0,24.777636594663278,15.247776365946633,14.485387547649301,4.828462516,0,0.7623888182973316,124,62,6.2,3.1,5.7,1.43,15.75603558,7.878017789
158,Chris Paddack,MIN,15,15,75,323,26.666666666666668,20,,0,6.666666666666667,,24.148606811145513,12.074303405572756,11.145510835913312,3.0959752321981426,0,0.30959752321981426,70,20,8.4,2.4,4.32,1.31,21.67182663,6.191950464396285,28,33,158,670,15.151515151515152,36.36363636363637,,3.0303030303030303,0,0,24.776119402985074,14.626865671641792,14.029850746268657,4.626865671641791,0,0.44776119402985076,112,37,6.38,2.11,5.35,1.28,16.71641791,5.52238806
159,Jose Quintana,,26,27,137,598,29.629629629629626,29.629629629629626,,0,0,,22.74247491638796,11.705685618729097,10.869565217391305,2.6755852842809364,0,0.8361204013377926,109,57,7.16,3.74,4.27,1.41,18.22742474916388,9.531772575250837,24,24,131.2,556,45.83333333333333,29.166666666666668,,0,0,0,21.58273381294964,11.690647482014388,10.431654676258994,3.237410071942446,0,0.8992805755395683,89,50,6.08,3.42,3.96,1.29,16.00719424,8.992805755
160,Jeffrey Springs,ATH,18,22,76,316,22.727272727272727,13.636363636363635,,0,4.545454545454546,,22.468354430379748,10.126582278481013,9.493670886,3.1645569620253164,0,0.31645569620253167,77,21,9.12,2.49,3.55,1.21,24.367088607594937,6.645569620253164,30,32,171,713,34.375,34.375,,0,0,0,21.458625525946704,12.622720897615707,10.93969144460028,3.9270687237026647,0,0.42075736325385693,138,54,7.26,2.84,4.11,1.21,19.35483871,7.573632539
161,AJ Smith-Shawver,ATL,26,26,105,444,23.076923076923077,23.076923076923077,,0,3.8461538461538463,,21.396396396396398,11.711711711711711,10.81081081081081,3.153153153153153,0,0.45045045045045046,106,43,9.09,3.69,4.11,1.31,23.873873873873876,9.684684684684685,9,9,44.1,192,33.33333333333333,22.22222222222222,,0,0,0,21.875,10.416666666666668,9.895833333333332,2.083333333333333,0,0.5208333333333333,42,21,8.53,4.26,3.86,1.42,21.875,10.9375
163,Dane Dunning,TEX,20,28,118.2,515,21.428571428571427,25,,0,17.857142857142858,,22.52427184466019,12.815533980582524,11.844660194174757,3.1067961165048543,0,1.3592233009708738,105,42,7.96,3.18,4.63,1.33,20.388349514563107,8.155339805825243,0,12,20.2,95,0,0,,16.666666666666664,0,0,25.263157894736842,17.894736842105264,16.842105263157894,4.2105263157894735,1.0526315789473684,3.1578947368421053,21,7,9.15,3.05,6.97,1.5,22.10526316,7.368421053
164,Daniel Lynch IV,KCR,22,30,128,556,16.666666666666664,20,,0,13.333333333333334,,23.741007194244602,12.410071942446043,11.510791366906476,3.0575539568345325,0,0.8992805755395683,103,42,7.24,2.95,4.5,1.36,18.525179856115106,7.553956834532374,2,57,67.2,289,10.526315789473683,3.508771929824561,,1.7543859649122806,12.280701754385964,0,22.837370242214533,8.304498269896193,7.958477508650519,2.768166089965398,0.34602076124567477,2.0761245674740483,45,26,5.99,3.46,3.06,1.36,15.57093426,8.996539792
165,Kumar Rocker,TEX,16,17,61.1,255,11.76470588235294,11.76470588235294,,0,5.882352941,,21.568627450980394,10.980392156862745,10.196078431372548,3.1372549019607843,0,0.39215686274509803,64,17,9.4,2.5,3.82,1.17,25.098039215686274,6.666666666666667,14,14,64.1,287,28.57142857142857,35.714285714285715,,0,0,0,24.738675958188153,14.634146341463413,14.285714285714285,3.8327526132404177,0,1.3937282229965158,56,23,7.83,3.22,5.74,1.46,19.51219512,8.013937282
166,Yariel Rodriguez,TOR,21,33,90.1,385,15.151515151515152,12.121212121212121,,0,3.0303030303030303,,20,11.168831168831169,10.38961038961039,2.5974025974025974,0,1.2987012987012987,92,39,9.17,3.89,3.99,1.28,23.896103896103895,10.129870129870131,1,66,73,298,4.545454545454546,3.0303030303030303,,3.0303030303030303,21.21212121212121,1.5151515151515151,16.778523489932887,8.724832214765101,8.389261744966444,2.684563758389262,1.006711409395973,2.013422818791946,66,34,8.14,4.19,3.08,1.15,22.14765101,11.40939597
167,Bailey Falter,PIT,25,27,125.2,532,22.22222222222222,29.629629629629626,,0,3.7037037037037033,,24.24812030075188,12.406015037593985,11.466165413533833,3.195488721804511,0,0.5639097744360901,90,36,6.44,2.58,4.37,1.31,16.917293233082706,6.7669172932330826,24,26,125.1,518,26.923076923076923,26.923076923076923,,0,0,0,22.2007722,13.127413127413126,11.96911196911197,3.667953667953668,0,0.19305019305019305,81,46,5.82,3.3,4.45,1.28,15.63706564,8.88030888
168,Caleb Boushley,TEX,22,24,117,500,25,29.166666666666668,,0,0,,24.8,13.4,12.4,3.2,0,0.6,79,30,6.08,2.31,4.77,1.32,15.8,6,1,25,43.1,193,0,0,,4,0,0,27.979274611398964,17.098445595854923,15.025906735751295,2.5906735751295336,0.5181347150259068,1.0362694300518136,41,14,8.52,2.91,6.02,1.57,21.24352332,7.25388601
169,Ronel Blanco,HOU,23,30,139.1,583,30,26.666666666666668,,0,0,,20.92624357,11.320754716981133,10.46312178,3.6020583190394513,0.17152658662092624,0.34305317324185247,139,58,8.98,3.75,3.94,1.29,23.842195540308747,9.948542024013722,9,9,48.1,199,33.33333333333333,44.44444444444444,,0,0,0,18.592964824120603,11.055276381909549,11.055276381909549,3.5175879396984926,0,0,48,20,8.94,3.72,4.1,1.18,24.12060302,10.05025126
170,Cooper Criswell,BOS,19,27,107.1,467,22.22222222222222,22.22222222222222,,0,3.7037037037037033,,24.197002141327623,12.419700214132762,11.563169164882227,2.569593147751606,0,2.355460385438972,79,29,6.63,2.43,4.53,1.32,16.916488222698074,6.209850107066381,1,7,17.2,80,14.285714285714285,0,,14.285714285714285,0,0,28.749999999999996,12.5,8.75,3.75,0,0,9,5,4.58,2.55,3.57,1.58,11.25,6.25
172,Grant Holmes,ATL,7,40,87.1,373,10,7.5,,0,2.5,,21.715817694369974,10.455764075067025,9.651474530831099,2.4128686327077746,0.5361930294906166,1.0723860589812333,89,29,9.18,2.99,3.71,1.26,23.86058981233244,7.774798927613941,21,22,115,492,18.181818181818183,40.909090909090914,,0,0,0,20.32520325203252,10.569105691056912,10.365853658536585,3.2520325203252036,0.20325203252032523,1.4227642276422763,123,54,9.63,4.23,3.99,1.34,25,10.97560976
173,Johan Oviedo,PIT,19,23,109.2,474,26.08695652173913,34.78260869565217,,0,4.3478260869565215,,21.518987341772153,11.814345991561181,10.970464135021098,2.7426160337552745,0,1.6877637130801686,100,44,8.2,3.61,4.27,1.33,21.09704641350211,9.282700421940929,9,9,40.1,170,22.22222222222222,11.11111111111111,,0,0,0,15.294117647058824,10,9.411764705882353,3.5294117647058822,0,1.7647058823529411,42,23,9.37,5.13,3.57,1.21,24.70588235,13.52941176
174,Luke Weaver,NYY,9,41,83.2,352,9.756097561,9.756097561,,14.634146341463413,31.70731707317073,,21.306818181818183,11.647727272727272,10.795454545454545,3.125,0,0.8522727272727272,89,27,9.57,2.9,4.09,1.22,25.28409090909091,7.670454545454546,0,64,64.2,262,6.25,6.25,,12.5,32.8125,6.25,17.557251908396946,10.687022900763358,9.923664122137405,3.816793893129771,0.38167938931297707,0.38167938931297707,72,20,10.02,2.78,3.62,1.02,27.48091603,7.633587786
175,Randy Vasquez,SDP,26,27,126.2,551,29.629629629629626,29.629629629629626,,0,3.7037037037037033,,22.867513611615244,11.978221415607985,11.070780399274046,2.722323049001815,0,1.8148820326678767,96,42,6.82,2.98,4.33,1.33,17.422867513611614,7.6225045372050815,26,28,133.2,570,21.428571428571427,25,,0,0,0,21.929824561403507,10.350877192982457,10,2.807017543859649,0.17543859649122806,1.2280701754385965,78,52,5.25,3.5,3.84,1.32,13.68421053,9.122807018
176,Charlie Morton,BAL,27,27,149.2,650,29.629629629629626,33.33333333333333,,0,0,,21.53846153846154,12.153846153846153,11.23076923076923,3.230769230769231,0.15384615384615385,2.1538461538461537,147,60,8.84,3.61,4.39,1.34,22.615384615384613,9.230769230769232,27,33,142,654,27.27272727272727,33.33333333333333,,0,0,0,23.24159021406728,14.37308868501529,14.067278287461773,3.5168195718654434,0.3058103975535168,2.1406727828746175,149,72,9.44,4.56,5.83,1.58,22.78287462,11.00917431
177,Justin Verlander,SFG,21,21,117,497,33.33333333333333,38.095238095238095,,0,0,,23.943661971830984,11.670020120724347,10.865191146881289,2.8169014084507045,0,0.8048289738430584,88,35,6.77,2.69,4.15,1.32,17.706237424547282,7.042253521126761,29,29,152,662,13.793103448275861,37.93103448275862,,0,0,0,23.413897280966765,11.178247734138973,9.818731117824774,2.416918429003021,0.1510574018126888,0.906344411,137,52,8.11,3.08,3.85,1.36,20.69486405,7.854984894
179,Slade Cecconi,CLE,19,31,115.1,484,19.35483870967742,22.58064516129032,,0,3.225806451612903,,23.140495867768596,12.603305785123966,11.570247933884298,3.512396694214876,0.2066115702479339,1.2396694214876034,100,28,7.81,2.19,4.37,1.21,20.66115702479339,5.785123966942149,23,23,132,545,30.434782608695656,30.434782608695656,,0,0,0,22.93577981651376,12.110091743119266,11.559633027522937,4.4036697247706424,0.1834862385321101,0.5504587155963303,109,32,7.43,2.18,4.3,1.19,20,5.871559633
180,Miles Mikolas,STL,25,25,140,591,28.000000000000004,40,,0,0,,25.549915397631136,13.19796954314721,12.18274111675127,3.5532994923857872,0,0.8460236886632826,95,28,6.11,1.8,4.63,1.28,16.07445008460237,4.737732656514383,31,31,156.1,669,25.806451612903224,35.483870967741936,,0,0,0,25.26158445440957,13.004484304932735,12.556053811659194,4.334828101644246,0.14947683109118087,0.4484304932735426,100,37,5.76,2.13,4.84,1.32,14.94768311,5.53064275
181,Chris Flexen,,25,29,134.1,597,17.24137931034483,34.48275862068966,,0,0,,24.623115577889447,13.400335008375208,12.39530988274707,3.1825795644891124,0.16750418760469013,0.5025125628140703,104,51,6.97,3.42,4.96,1.47,17.42043551088777,8.542713567839195,1,21,43.2,178,23.809523809523807,4.761904761904762,,4.761904761904762,0,0,21.34831460674157,10.112359550561797,8.426966292134832,3.932584269662921,0,0,22,12,4.53,2.47,3.09,1.15,12.35955056,6.741573034
182,Robbie Ray,SFG,21,22,108.1,453,31.818181818181817,27.27272727272727,,0,0,,21.85430463576159,11.258278145695364,10.375275938189846,3.7527593818984544,0,0.8830022075055187,115,35,9.56,2.91,3.91,1.24,25.386313465783665,7.726269316,32,32,182.1,755,34.375,25,,0,0,0,19.602649006622517,10.728476821192052,9.801324503311259,2.913907284768212,0,0.5298013245033113,186,73,9.18,3.6,3.65,1.21,24.63576159,9.668874172
183,Andrew Heaney,,25,28,130.2,561,25,28.57142857142857,,0,0,,22.63814616755793,13.368983957219251,12.299465240641712,3.9215686274509802,0,1.7825311942959003,128,41,8.81,2.82,4.75,1.29,22.816399286987522,7.308377896613191,23,27,122.1,536,18.51851851851852,37.03703703703704,,0,0,0,24.067164179104477,14.365671641791044,13.992537313432834,4.664179104477612,0,1.6791044776119404,86,40,6.33,2.94,5.52,1.38,16.04477612,7.462686567
186,Brandon Young,BAL,21,24,93,399,20.833333333333336,16.666666666666664,,0,0,,23.05764411027569,11.528822055137844,10.776942355889723,3.007518796992481,0,1.0025062656641603,83,29,8.03,2.81,4.16,1.3,20.80200501253133,7.268170426065162,12,12,57.2,256,8.333333333333332,58.333333333333336,,0,0,0,26.171875,16.40625,15.625,4.6875,0,0,47,22,7.34,3.43,6.24,1.54,18.359375,8.59375
187,Frankie Montas,NYM,26,26,131.2,573,26.923076923076923,34.61538461538461,,0,0,,21.98952879581152,12.914485165794066,11.86736475,3.315881326352531,0.17452006980802792,0.8726003490401396,125,54,8.54,3.69,4.65,1.37,21.81500872600349,9.424083769633508,7,9,38.2,178,33.33333333333333,22.22222222222222,,0,0,0,26.96629213483146,16.292134831460675,15.168539325842698,4.494382022,0,0.5617977528089888,32,14,7.45,3.26,6.28,1.6,17.97752809,7.865168539
191,Edward Cabrera,MIA,24,25,113,485,24,28.000000000000004,,0,4,,20.20618556701031,11.958762886597938,11.134020618556702,3.0927835051546393,0,1.443298969072165,119,54,9.48,4.3,4.3,1.35,24.536082474226802,11.134020618556702,26,26,137.2,581,30.76923076923077,26.923076923076923,,0,0,0,20.82616179001721,10.327022375215146,9.294320137693632,2.9259896729776247,0,1.7211703958691909,150,48,9.81,3.14,3.53,1.23,25.81755594,8.2616179
193,Mitch Spence,ATH,23,29,135.1,583,24.137931034482758,27.586206896551722,,0,3.4482758620689653,,23.67066895368782,12.178387650085764,11.320754716981133,3.0874785591766725,0,1.0291595197255576,108,41,7.18,2.73,4.39,1.32,18.524871355060036,7.032590051457976,8,32,84.2,375,9.375,18.75,,3.125,12.5,0,25.6,15.2,12.8,4.266666666666667,0.5333333333333333,1.0666666666666667,66,26,7.02,2.76,5.1,1.44,17.6,6.933333333
194,Shane Baz,TBR,22,22,104.2,443,27.27272727272727,22.727272727272727,,0,4.545454545454546,,21.44469525959368,11.738148984198645,10.835214446952596,2.9345372460496613,0,1.3544018058690745,95,38,8.17,3.27,4.13,1.27,21.44469525959368,8.577878103837472,31,31,166.1,711,32.25806451612903,38.70967741935484,,0,0,0,22.22222222222222,12.79887482419128,12.658227848101266,3.6568213783403656,0,1.2658227848101267,176,64,9.52,3.46,4.87,1.33,24.75386779,9.00140647
195,Chad Patrick,MIL,22,24,115.1,493,25,29.166666666666668,,0,0,,22.718052738336713,12.57606490872211,11.561866125760648,3.4482758620689653,0,1.0141987829614605,99,37,7.73,2.89,4.45,1.29,20.08113590263692,7.505070993914807,23,27,119.2,503,11.11111111111111,29.629629629629626,,0,3.7037037037037033,0,22.46520874751491,9.741550696,9.343936381709742,2.584493041749503,0.19880715705765406,0.7952286282306162,127,40,9.55,3.01,3.53,1.28,25.24850895,7.952286282
196,Ryan Weathers,MIA,21,23,103.2,451,21.73913043478261,30.434782608695656,,0,4.3478260869565215,,22.838137472283815,12.195121951219512,11.30820399113082,2.882483370288248,0.22172949002217296,1.1086474501108647,90,39,7.81,3.38,4.43,1.37,19.955654101995567,8.647450110864744,8,8,38.1,166,25,25,,0,0,0,22.289156626506024,12.048192771084338,10.240963855421686,4.216867469879518,0,0.6024096385542169,37,12,8.69,2.82,3.99,1.28,22.28915663,7.228915663
197,Brandon Sproat,NYM,23,24,103.1,447,20.833333333333336,25,,0,0,,21.92393736017897,11.856823266219239,10.961968680089486,2.908277405,0,0.6711409395973155,90,40,7.84,3.49,4.27,1.34,20.13422818791946,8.948545861,4,4,20.2,84,0,50,,0,0,0,21.428571428571427,13.095238095238097,13.095238095238097,0,0,2.380952380952381,17,7,7.4,3.05,4.79,1.21,20.23809524,8.333333333
198,Carson Whisenhunt,SFG,24,24,101.2,446,12.5,16.666666666666664,,0,0,,22.19730941704036,11.659192825112108,10.762331838565023,2.690582959641256,0,1.1210762331838564,95,40,8.41,3.54,4.25,1.37,21.300448430493272,8.968609865470851,5,5,23.1,102,40,20,,0,0,0,21.568627450980394,13.725490196078432,12.745098039215685,5.882352941,0,1.9607843137254901,16,12,6.17,4.63,5.01,1.46,15.68627451,11.76470588
200,Aaron Ashby,MIL,15,33,103,460,18.181818181818183,21.21212121212121,,0,3.0303030303030303,,20.434782608695652,11.304347826086957,10.434782608695652,2.1739130434782608,0,1.3043478260869565,102,55,8.91,4.81,4.19,1.45,22.17391304347826,11.956521739130435,1,43,66.2,270,11.627906976744185,4.651162790697675,,6.976744186046512,11.627906976744185,0,20,5.9259259259259265,5.9259259259259265,1.1111111111111112,0,1.4814814814814816,76,24,10.26,3.24,2.16,1.17,28.14814815,8.888888889
201,Matthew Boyd,CHC,13,13,59.2,247,30.76923076923077,15.384615384615385,,0,7.6923076923076925,,21.052631578947366,10.526315789473683,9.71659919,2.834008097165992,0,1.214574898785425,62,18,9.35,2.71,3.62,1.17,25.101214574898783,7.287449393,31,31,179.2,718,45.16129032258064,25.806451612903224,,0,0,0,21.448467966573816,9.610027855153204,8.913649025069638,2.6462395543175488,0,1.2534818941504178,154,42,7.71,2.1,3.21,1.09,21.44846797,5.849582173
203,Colin Rea,CHC,23,27,137.1,581,25.925925925925924,25.925925925925924,,0,3.7037037037037033,,23.924268502581754,12.736660929432015,11.703958691910499,3.4423407917383817,0.17211703958691912,1.2048192771084338,106,36,6.95,2.36,4.46,1.27,18.244406196213426,6.196213425129088,27,32,159.1,662,34.375,21.875,,3.125,0,0,23.413897280966765,11.027190332326283,10.574018126888216,3.0211480362537766,0,0.906344411,127,44,7.17,2.49,3.95,1.25,19.18429003,6.64652568
205,Steven Matz,STL,16,21,83.1,364,19.047619047619047,19.047619047619047,,0,4.761904761904762,,23.626373626373624,11.263736263736265,10.43956043956044,2.7472527472527473,0,0.8241758241758242,73,27,7.89,2.92,4.11,1.36,20.054945054945055,7.417582417582418,2,53,76.2,309,9.433962264150944,3.7735849056603774,,3.7735849056603774,24.528301886792452,5.660377358490567,23.624595469255663,10.032362459546926,8.414239482200648,2.5889967637540456,0,0.6472491909385114,59,11,6.93,1.29,3.05,1.1,19.09385113,3.55987055
206,Casey Mize,DET,21,23,106,451,17.391304347826086,17.391304347826086,,0,0,,23.28159645232816,12.195121951219512,11.30820399113082,3.1042128603104215,0,1.3303769401330376,83,30,7.05,2.55,4.33,1.27,18.403547671840354,6.651884700665188,28,28,149,627,50,21.428571428571427,,0,0,0,24.401913875598087,10.845295055821373,10.207336523125997,3.349282296650718,0.1594896331738437,0.4784688995215311,139,36,8.4,2.17,3.87,1.27,22.16905901,5.741626794
207,Bowden Francis,TOR,16,30,103.1,423,26.666666666666668,20,,0,3.3333333333333335,,21.27659574468085,11.583924349881796,10.638297872340425,3.546099290780142,0,1.8912529550827424,95,28,8.28,2.44,3.92,1.14,22.458628841607563,6.619385342789598,14,14,64,288,14.285714285714285,57.14285714285714,,0,0,0,24.65277777777778,15.972222222222221,14.930555555555555,6.597222222222222,0,2.083333333333333,54,27,7.59,3.8,6.05,1.53,18.75,9.375
209,Max Meyer,MIA,22,22,101,438,22.727272727272727,27.27272727272727,,0,4.545454545454546,,23.515981735159816,12.100456621004566,11.187214611872145,3.1963470319634704,0,0.684931507,88,36,7.84,3.21,4.37,1.38,20.091324200913242,8.219178082,12,12,64.2,285,25,41.66666666666667,,0,0,0,25.263157894736842,13.684210526315791,11.929824561403509,4.2105263157894735,0,0.7017543859649122,68,20,9.46,2.78,4.73,1.42,23.85964912,7.01754386
213,Jonah Tong,NYM,23,25,101.1,448,20,20,,0,0,,21.428571428571427,12.053571428571429,11.160714285714286,2.9017857142857144,0,0.2232142857142857,98,48,8.71,4.26,4.44,1.42,21.875,10.714285714285714,5,5,18.2,87,40,60,,0,0,0,27.586206896551722,22.988505747126435,18.39080459770115,3.4482758620689653,0,0,22,9,10.61,4.34,7.71,1.77,25.28735632,10.34482759
215,Logan Allen,CLE,26,27,133,576,29.629629629629626,33.33333333333333,,0,0,,22.743055555555554,11.805555555555555,10.9375,3.298611111111111,0,0.6944444444444444,115,51,7.78,3.45,4.26,1.37,19.96527777777778,8.854166666666668,29,30,156.2,676,26.666666666666668,36.666666666666664,,0,0,0,23.224852071005916,12.42603550295858,10.946745562130179,2.6627218934911245,0.14792899408284024,0.8875739644970414,122,62,7.01,3.56,4.25,1.4,18.04733728,9.171597633
218,DL Hall,MIL,19,28,78.1,345,10.714285714285714,14.285714285714285,,0,3.571428571428571,,20.28985507246377,11.304347826086957,10.434782608695652,2.608695652173913,0,1.4492753623188406,84,37,9.66,4.25,4.14,1.37,24.347826086956523,10.72463768115942,3,20,38.2,155,5,0,,0,5,0,15.483870967741936,9.677419355,9.677419355,1.2903225806451613,0,0,27,17,6.28,3.96,3.49,1.06,17.41935484,10.96774194
219,Travis Adams,MIN,21,24,107,465,25,29.166666666666668,,0,0,,24.086021505376344,12.473118279569892,11.612903225806452,3.010752688172043,0,0.6451612903225806,81,35,6.81,2.94,4.54,1.37,17.419354838709676,7.526881720430108,2,18,33.2,158,5.555555555555555,22.22222222222222,,0,11.11111111111111,5.555555555555555,24.68354430379747,18.354430379746837,17.72151898734177,3.797468354,0,1.898734177,31,17,8.29,4.54,7.49,1.66,19.62025316,10.75949367
221,Mason Montgomery,TBR,19,33,103.2,447,12.121212121212121,12.121212121212121,,3.0303030303030303,36.36363636363637,,21.700223713646533,11.63310962,10.738255033557047,2.908277405,0,1.1185682326621924,99,40,8.59,3.47,4.17,1.32,22.14765100671141,8.948545861,0,57,46,209,1.7543859649122806,5.263157894736842,,1.7543859649122806,17.543859649122805,5.263157894736842,23.444976076555022,15.311004784688995,13.875598086124402,2.8708133971291865,0,0.4784688995215311,63,27,12.33,5.28,5.67,1.65,30.14354067,12.91866029
222,Ben Lively,CLE,24,25,125.2,541,36,40,,0,0,,23.475046210720887,11.829944547134936,10.905730129390019,3.1423290203327174,0,1.1090573012939002,98,42,7.02,3.01,4.22,1.34,18.11460258780037,7.763401109057301,9,9,44.2,178,22.22222222222222,22.22222222222222,,0,0,0,21.34831460674157,8.988764045,8.988764045,3.3707865168539324,0,0,29,15,5.84,3.02,3.22,1.19,16.29213483,8.426966292
223,Sawyer Gipson-Long,DET,16,18,82,348,33.33333333333333,33.33333333333333,,0,5.555555555555555,,22.701149425287355,12.068965517241379,11.206896551724139,3.1609195402298855,0,1.1494252873563218,73,24,8.01,2.63,4.28,1.26,20.977011494252874,6.896551724137931,3,8,31.1,133,0,25,,0,12.5,0,25.563909774436087,19.548872180451127,18.796992481203006,6.015037593984962,0,1.5037593984962405,26,6,7.47,1.72,7.18,1.28,19.54887218,4.511278195
224,Luis L. Ortiz,CLE,18,32,126.1,536,21.875,18.75,,0,3.125,,21.828358208955223,11.380597014925373,10.44776119402985,3.171641791044776,0.18656716417910446,1.1194029850746268,109,45,7.77,3.21,3.99,1.28,20.33582089552239,8.395522388059701,16,16,88.2,382,25,56.25,,0,0,0,20.94240837696335,11.518324607329843,11.2565445,3.1413612565445024,0,0.2617801047120419,96,42,9.74,4.26,4.36,1.38,25.13089005,10.9947644
226,Javier Assad,CHC,24,28,130.2,565,21.428571428571427,17.857142857142858,,0,3.571428571428571,,22.123893805309734,11.504424778761061,10.619469026548673,2.831858407079646,0,1.0619469026548671,106,52,7.3,3.58,4.13,1.35,18.761061946902654,9.203539823,7,8,37,153,50,12.5,,0,0,0,21.568627450980394,9.803921568627452,9.803921568627452,1.9607843137254901,0,2.6143790849673203,23,12,5.59,2.92,3.65,1.22,15.03267974,7.843137255
228,Austin Gomber,COL,24,25,133.1,573,24,36,,0,0,,25.479930191972077,14.136125654450263,13.089005235602095,4.013961605584642,0.17452006980802792,0.34904013961605584,95,37,6.41,2.5,5.06,1.37,16.57940663176265,6.457242582897033,12,12,57.2,272,0,58.333333333333336,,0,0,0,30.14705882352941,18.75,17.647058823529413,5.882352941,0,0.3676470588235294,34,17,5.31,2.65,7.49,1.72,12.5,6.25
230,Davis Martin,CHW,17,19,78.2,344,21.052631578947366,26.31578947368421,,0,0,,22.674418604651162,12.209302325581394,11.337209302325581,2.9069767441860463,0,1.4534883720930232,71,30,8.12,3.43,4.46,1.37,20.63953488372093,8.720930232558139,25,26,142.2,601,26.923076923076923,38.46153846153847,,0,0,0,22.628951747088184,12.312811980033278,10.81530782,3.3277870216306153,0.16638935108153077,0.9983361064891847,104,48,6.56,3.03,4.1,1.29,17.30449251,7.986688852
231,Colton Gordon,HOU,22,24,113.2,491,20.833333333333336,20.833333333333336,,0,0,,22.606924643584524,11.812627291242363,10.99796334,3.2586558044806515,0,1.2219959266802443,99,40,7.84,3.17,4.27,1.33,20.162932790224033,8.146639511201629,14,20,86,379,30,20,,5,0,0,27.176781002638524,14.24802110817942,13.456464379947231,5.540897097625329,0.5277044854881267,0.5277044854881267,72,19,7.53,1.99,5.34,1.42,18.99736148,5.013192612
232,Kyle Freeland,COL,22,22,118,519,27.27272727272727,36.36363636363637,,0,0,,25.818882466281313,13.48747591522158,12.524084778420038,3.6608863198458574,0,0.7707129094412332,83,33,6.33,2.52,4.96,1.42,15.992292870905588,6.358381502890173,31,31,162.2,709,16.129032258064516,54.83870967741935,,0,0,0,27.221438645980257,14.809590973201692,12.693935119887165,3.1029619181946404,0.2820874471086037,0.846262341,124,38,6.86,2.1,4.98,1.42,17.48942172,5.359661495
236,Cade Cavalli,WSN,15,15,69.2,306,26.666666666666668,26.666666666666668,,0,6.666666666666667,,20.915032679738562,11.76470588235294,10.784313725490197,2.287581699346405,0,1.9607843137254901,67,31,8.65,4,4.26,1.36,21.895424836601308,10.130718954248366,10,10,48.2,219,30,10,,0,0,0,26.027397260273972,12.785388127853881,10.50228310502283,3.1963470319634704,0,1.826484018,40,15,7.4,2.77,4.25,1.48,18.26484018,6.849315068
238,Sean Burke,CHW,21,22,84,368,18.181818181818183,31.818181818181817,,0,4.545454545454546,,21.195652173913043,12.5,11.684782608695652,2.989130434782609,0,1.0869565217391304,83,40,8.89,4.29,4.61,1.4,22.554347826086957,10.869565217391305,22,28,134.1,596,14.285714285714285,39.285714285714285,,0,0,0,21.97986577181208,12.751677852348994,10.570469798657719,3.859060402684564,0,1.006711409395973,133,63,8.91,4.22,4.22,1.44,22.31543624,10.5704698
241,Mike Vasil,TBR,24,26,121,525,26.923076923076923,30.76923076923077,,0,0,,23.238095238095237,12.19047619047619,11.238095238095239,2.857142857142857,0,1.5238095238095237,92,40,6.84,2.98,4.39,1.34,17.523809523809526,7.6190476190476195,3,47,101,423,10.638297872340425,6.382978723404255,,8.510638298,4.255319149,4.255319149,17.494089834515368,7.5650118203309695,6.619385342789598,1.8912529550827424,1.1820330969267139,1.8912529550827424,82,52,7.31,4.63,2.5,1.25,19.38534279,12.29314421
242,Logan Henderson,MIL,22,22,87,365,31.818181818181817,31.818181818181817,,0,0,,21.91780821917808,12.32876712328767,11.506849315068493,4.109589041,0,0.821917808,88,26,9.1,2.69,4.34,1.22,24.10958904109589,7.123287671232877,5,5,25.1,99,60,0,,0,0,0,17.17171717171717,5.050505051,5.050505051,3.0303030303030303,0,0,33,8,11.72,2.84,1.78,0.99,33.33333333,8.080808081
246,Landen Roupp,SFG,13,29,78,332,10.344827586206897,10.344827586206897,,0,3.4482758620689653,,21.385542168674696,11.144578313253012,10.240963855421686,2.4096385542168677,0,0.6024096385542169,74,32,8.54,3.69,3.92,1.32,22.289156626506024,9.638554217,22,22,106.2,476,31.818181818181817,31.818181818181817,,0,0,0,23.739495798319325,11.554621848739496,9.453781512605042,2.3109243697478994,0.21008403361344538,0.6302521008403361,102,45,8.61,3.8,3.8,1.48,21.42857143,9.453781513
247,Matthew Liberatore,STL,15,43,102,439,13.953488372093023,11.627906976744185,,4.651162790697675,27.906976744186046,,21.867881548974943,11.617312072892938,10.70615034168565,2.733485193621868,0.45558086560364464,1.366742596810934,93,38,8.21,3.35,4.15,1.31,21.184510250569478,8.656036446469248,29,29,151.2,648,27.586206896551722,41.37931034482759,,0,0,0,24.382716049382715,12.191358024691358,10.95679012345679,2.9320987654320985,0,0.6172839506172839,122,40,7.24,2.37,4.21,1.31,18.82716049,6.172839506
250,Carson Seymour,SFG,24,26,115.1,510,23.076923076923077,30.76923076923077,,0,0,,23.72549019607843,11.96078431372549,10.980392156862745,2.549019607843137,0,1.3725490196078431,87,41,6.79,3.2,4.37,1.41,17.058823529411764,8.039215686,3,16,36,156,6.25,18.75,,0,6.25,0,23.717948717948715,13.461538461538462,12.179487179487179,5.769230769230769,0,0.641025641,26,13,6.5,3.25,4.75,1.39,16.66666667,8.333333333
251,A.J. Blubaugh,HOU,21,26,110.2,482,26.923076923076923,26.923076923076923,,0,0,,22.40663900414938,11.825726141078837,10.995850622406639,3.112033195020747,0.2074688796680498,1.0373443983402488,96,42,7.8,3.41,4.31,1.36,19.91701244813278,8.713692946,3,11,32,124,27.27272727272727,9.090909090909092,,0,0,0,13.709677419354838,8.870967741935484,4.838709677419355,4.838709677419355,0,0,35,11,9.84,3.09,1.69,0.88,28.22580645,8.870967742
253,Gordon Graceffo,STL,24,25,124.1,533,28.000000000000004,36,,0,4,,23.639774859287055,12.382739212007504,11.44465290806754,3.0018761726078798,0,0.7504690431519699,86,41,6.23,2.97,4.42,1.34,16.135084427767353,7.6923076923076925,0,26,43,193,11.538461538461538,3.8461538461538463,,3.8461538461538463,0,7.6923076923076925,25.906735751295333,17.098445595854923,15.544041450777202,1.0362694300518136,0,1.0362694300518136,40,13,8.37,2.72,6.28,1.47,20.7253886,6.735751295
255,Joey Cantillo,CLE,19,21,86,372,23.809523809523807,23.809523809523807,,0,4.761904761904762,,20.43010752688172,11.29032258064516,10.483870967741936,2.956989247311828,0,0.8064516129032258,89,41,9.31,4.29,4.08,1.36,23.92473118,11.021505376344086,13,34,95.1,401,14.705882352941178,8.823529411764707,,2.941176470588235,2.941176470588235,0,19.45137157107232,9.725685786,8.478802992518704,2.493765586034913,0,0,108,42,10.2,3.97,3.21,1.26,26.93266833,10.47381546
256,Adam Mazur,MIA,23,24,110.2,483,25,37.5,,0,4.166666666666666,,24.637681159420293,13.043478260869565,12.008281573498964,3.3126293995859215,0,0.4140786749482402,84,36,6.83,2.93,4.72,1.4,17.391304347826086,7.453416149068323,6,6,30,139,0,66.66666666666666,,0,0,0,23.741007194244602,15.107913669064748,11.510791366906476,2.877697841726619,0,0.7194244604316548,19,12,5.7,3.6,4.8,1.5,13.66906475,8.633093525
258,Emmet Sheehan,LAD,14,19,75,316,21.052631578947366,15.789473684210526,,0,0,,19.936708860759495,12.341772151898734,11.39240506329114,3.1645569620253164,0,1.2658227848101267,78,32,9.36,3.84,4.32,1.27,24.68354430379747,10.126582278481013,12,15,73.1,291,40,20,,0,0,0,16.83848797250859,9.965635738831615,7.903780068728522,2.405498281786942,0,0.6872852233676976,89,22,10.92,2.7,2.82,0.97,30.58419244,7.560137457
259,Clayton Beeter,NYY,17,21,79,341,19.047619047619047,19.047619047619047,,0,19.047619047619047,,19.941348973607038,12.023460410557185,11.143695014662756,3.225806451612903,0,1.1730205278592376,84,37,9.57,4.22,4.33,1.33,24.633431085043988,10.850439882697946,0,26,25.1,104,0,11.538461538461538,,3.8461538461538463,34.61538461538461,7.6923076923076925,12.5,11.538461538461538,11.538461538461538,2.8846153846153846,0,0,33,18,11.72,6.39,4.26,1.22,31.73076923,17.30769231
262,Nabil Crismatt,PHI,11,31,76.1,332,9.677419355,12.903225806451612,,0,0,,23.795180722891565,12.048192771084338,11.144578313253012,2.710843373493976,0,0.9036144578313252,60,23,7.08,2.71,4.36,1.34,18.072289156626507,6.927710843373494,5,8,34,153,37.5,0,,0,0,0,26.143790849673206,13.071895424836603,9.150326797,3.9215686274509802,0,0.6535947712418301,25,9,6.62,2.38,3.71,1.44,16.33986928,5.882352941
263,Jake Woodford,COL,21,27,103.1,456,18.51851851851852,22.22222222222222,,0,3.7037037037037033,,24.342105263157894,12.938596491228072,12.06140350877193,3.070175438596491,0,1.5350877192982455,74,35,6.45,3.05,4.79,1.41,16.228070175438596,7.675438596491229,0,22,36.1,170,0,18.181818181818183,,13.636363636363635,9.090909090909092,18.181818181818183,26.47058823529412,16.470588235294116,15.294117647058824,1.7647058823529411,0.5882352941176471,1.7647058823529411,23,13,5.7,3.22,6.44,1.6,13.52941176,7.647058824
264,Cal Quantrill,,25,26,135.1,596,26.923076923076923,34.61538461538461,,0,0,,23.825503355704697,13.087248322147651,12.080536912751679,3.1879194630872485,0,1.5100671140939599,95,52,6.32,3.46,4.79,1.43,15.939597315436242,8.724832214765101,26,26,117.2,513,15.384615384615385,46.15384615384615,,0,0,0,26.510721247563353,15.789473684210526,15.39961013645224,4.288499025,0,0.9746588693957114,85,35,6.5,2.68,6.04,1.45,16.56920078,6.822612086
266,Jordan Hicks,SFG,15,33,95.1,419,15.151515151515152,15.151515151515152,,0,3.0303030303030303,,21.002386634844868,10.978520286396181,10.26252983293556,2.1479713603818613,0,1.6706443914081146,91,45,8.59,4.25,4.06,1.4,21.71837708830549,10.739856801909307,9,34,67.1,314,5.882352941,20.588235294117645,,5.882352941,5.882352941,2.941176470588235,25.477707006369428,17.8343949,16.560509554140125,1.910828025477707,0.3184713375796179,2.547770700636943,58,32,7.75,4.28,6.95,1.66,18.47133758,10.1910828
270,Keider Montero,DET,26,28,128.2,558,25,32.142857142857146,,0,3.571428571428571,,22.759856630824373,12.544802867383511,11.648745519713263,3.225806451612903,0,1.4336917562724014,105,46,7.34,3.22,4.55,1.34,18.817204301075268,8.243727599,12,20,90.2,389,25,15,,0,0,0,24.42159383033419,11.825192802056556,11.311053984575835,4.113110539845758,0,0.5141388174807198,72,31,7.15,3.08,4.37,1.39,18.50899743,7.969151671
271,Justin Wrobleski,LAD,22,25,113.1,489,20,24,,0,4,,23.108384458077712,13.08793456,12.065439672801636,3.6809815950920246,0,0.6134969325153374,97,40,7.71,3.18,4.69,1.35,19.836400817995912,8.1799591,2,24,66.2,280,20.833333333333336,20.833333333333336,,8.333333333333332,25,0,23.214285714285715,12.142857142857142,11.428571428571429,2.142857142857143,0.35714285714285715,1.0714285714285714,76,17,10.26,2.3,4.32,1.23,27.14285714,6.071428571
272,Jared Koenig,MIL,10,44,80.1,345,13.636363636363635,13.636363636363635,,4.545454545454546,27.27272727272727,,21.44927536231884,11.014492753623188,10.144927536231885,2.608695652173913,0.5797101449275363,1.1594202898550725,75,30,8.41,3.36,3.92,1.3,21.73913043478261,8.695652173913043,0,72,66,268,8.333333333333332,1.3888888888888888,,2.7777777777777777,37.5,2.7777777777777777,21.26865671641791,7.835820895522389,7.835820895522389,2.2388059701492535,0.3731343283582089,1.4925373134328357,68,20,9.27,2.73,2.86,1.17,25.37313433,7.462686567
275,Jakob Junis,,9,26,74,312,11.538461538461538,11.538461538461538,,0,0,,24.03846153846154,13.141025641025642,12.179487179487179,3.8461538461538463,0,0.9615384615384616,67,18,8.15,2.19,4.62,1.26,21.474358974358974,5.769230769230769,0,57,66.2,274,7.017543859649122,1.7543859649122806,,0,10.526315789473683,0,23.357664233576642,8.759124088,8.02919708,1.824817518248175,0.7299270072992701,1.4598540145985401,55,18,7.43,2.43,2.97,1.23,20.0729927,6.569343066
277,Tanner Gordon,COL,21,21,98,430,28.57142857142857,38.095238095238095,,0,4.761904761904762,,26.27906976744186,13.72093023255814,12.790697674418606,3.7209302325581395,0,0.46511627906976744,67,25,6.15,2.3,5.05,1.41,15.58139534883721,5.813953488372093,15,15,75.1,337,40,53.333333333333336,,0,0,0,28.486646884272997,17.804154302670625,15.727002967359049,4.747774480712167,0,0.8902077151335311,62,17,7.41,2.03,6.33,1.5,18.39762611,5.044510386
278,Bubba Chandler,PIT,23,26,110,480,26.923076923076923,34.61538461538461,,0,0,,22.5,12.291666666666666,11.458333333333332,3.125,0,1.4583333333333333,95,43,7.77,3.52,4.5,1.37,19.791666666666664,8.958333333333334,4,7,31.1,124,57.14285714285714,14.285714285714285,,14.285714285714285,0,0,20.161290322580644,11.29032258064516,11.29032258064516,1.6129032258064515,0,2.4193548387096775,31,4,8.9,1.15,4.02,0.93,25,3.225806452
279,Dylan Dodd,ATL,19,23,103,446,21.73913043478261,21.73913043478261,,0,17.391304347826086,,24.663677130044842,12.556053811659194,11.659192825112108,3.3632286995515694,0,0.4484304932735426,80,29,6.99,2.53,4.54,1.35,17.937219730941703,6.502242152466367,0,28,35,136,3.571428571428571,0,,0,7.142857142857142,3.571428571428571,20.588235294117645,10.294117647058822,10.294117647058822,3.6764705882352944,0,0.7352941176470588,30,5,7.71,1.29,3.6,0.94,22.05882353,3.676470588
283,Hayden Birdsong,SFG,27,28,116.1,504,25,28.57142857142857,,0,3.571428571428571,,20.436507936507937,12.5,11.507936507936508,2.976190476190476,0,1.7857142857142856,120,55,9.29,4.26,4.49,1.36,23.809523809523807,10.912698412698413,10,21,65.2,298,19.047619047619047,19.047619047619047,,0,14.285714285714285,0,20.469798657718123,14.093959731543624,11.74496644295302,3.3557046979865772,0,1.6778523489932886,68,37,9.32,5.07,4.8,1.49,22.81879195,12.41610738
289,Cristian Javier,HOU,19,23,112.2,472,26.08695652173913,26.08695652173913,,0,4.3478260869565215,,20.55084745762712,11.652542372881355,10.805084745762713,3.6016949152542375,0,1.059322033898305,111,47,8.86,3.75,4.07,1.28,23.516949152542374,9.957627118644067,8,8,37,157,25,50,,0,0,0,20.382165605095544,14.012738853503185,12.101910828025478,1.910828025477707,0,0.6369426751592357,34,15,8.27,3.65,4.62,1.27,21.65605096,9.554140127
292,Anthony Molina,COL,10,30,78.2,346,6.666666666666667,10,,0,3.3333333333333335,,24.85549132947977,13.005780346820808,12.138728323699421,2.601156069364162,0,0.5780346820809248,52,24,5.95,2.74,4.8,1.4,15.028901734104046,6.9364161849710975,1,17,34.2,160,5.882352941,5.882352941,,0,0,0,32.5,18.75,17.5,7.5,0,1.25,24,6,6.23,1.56,7.27,1.67,15,3.75
294,Antonio Senzatela,COL,17,17,80.1,362,17.647058823529413,29.411764705882355,,0,5.882352941,,25.96685082872928,13.535911602209943,12.430939226519337,2.7624309392265194,0,0.8287292817679558,49,25,5.49,2.8,5.04,1.48,13.535911602209943,6.906077348066299,23,30,130,618,13.333333333333334,50,,0,0,0,31.06796116504854,16.666666666666664,15.53398058252427,3.559870550161812,0.3236245954692557,1.2944983818770228,73,47,5.05,3.25,6.65,1.84,11.81229773,7.605177994
295,Hunter Dobbins,BOS,22,22,105.2,464,22.727272727272727,31.818181818181817,,0,0,,24.137931034482758,12.71551724137931,11.85344827586207,3.0172413793103448,0,1.293103448275862,77,36,6.56,3.07,4.68,1.4,16.594827586206897,7.758620689655173,11,13,61,256,30.76923076923077,7.6923076923076925,,0,0,7.6923076923076925,23.828125,11.71875,10.9375,2.34375,0.390625,0.78125,45,17,6.64,2.51,4.13,1.28,17.578125,6.640625
299,Tyler Phillips,PHI,23,24,126.2,559,25,37.5,,0,4.166666666666666,,24.508050089445437,13.595706618962433,12.522361359570661,3.3989266547406083,0,0.7155635062611807,91,44,6.46,3.13,4.97,1.43,16.27906976744186,7.8711985688729875,1,54,77.2,313,3.7037037037037033,1.8518518518518516,,7.4074074074074066,14.814814814814813,0,20.766773162939298,8.306709265,7.667731629392971,2.5559105431309903,0,0.6389776357827476,52,24,6.03,2.78,2.78,1.15,16.61341853,7.667731629
301,Connor Phillips,CIN,22,22,92.2,421,22.727272727272727,31.818181818181817,,0,4.545454545454546,,21.61520190023753,13.539192399049881,12.589073634204276,3.0878859857482186,0,1.662707838,92,49,8.93,4.76,5.15,1.51,21.852731591448933,11.63895486935867,0,21,25,98,23.809523809523807,0,,0,4.761904761904762,0,11.224489795918368,9.183673469387756,8.163265306,3.061224489795918,0,2.0408163265306123,32,12,11.52,4.32,2.88,0.92,32.65306122,12.24489796
306,Adrian Houser,TEX,16,24,97.1,422,16.666666666666664,25,,0,4.166666666666666,,22.985781990521325,13.270142180094787,12.322274881516588,2.6066350710900474,0,0.9478672985781991,67,38,6.2,3.51,4.81,1.39,15.876777251184834,9.004739336492891,21,21,125,518,38.095238095238095,23.809523809523807,,0,0,0,23.552123552123554,9.459459459,8.880308880308881,1.9305019305019304,0,1.5444015444015444,92,38,6.62,2.74,3.31,1.28,17.76061776,7.335907336
308,Paul Blackburn,NYM,18,19,91,398,26.31578947368421,26.31578947368421,,0,5.263157894736842,,23.618090452261306,12.814070351758794,11.809045226130653,3.015075376884422,0.25125628140703515,0.7537688442211055,71,32,7.02,3.16,4.65,1.38,17.839195979899497,8.040201005025125,4,15,39,175,0,20,,6.666666666666667,0,0,26.857142857142858,16.57142857142857,15.428571428571427,3.428571428571429,0,0.5714285714285714,34,12,7.85,2.77,6.23,1.51,19.42857143,6.857142857
314,Connelly Early,BOS,24,24,102.1,454,20.833333333333336,29.166666666666668,,0,0,,22.026431718061673,12.77533039647577,11.894273127753303,2.8634361233480177,0,3.0837004405286343,90,40,7.92,3.52,4.75,1.37,19.823788546255507,8.810572687,4,4,19.1,79,25,50,,0,0,0,21.518987341772153,7.594936709,6.329113924050633,0,0,1.2658227848101267,29,4,13.5,1.86,2.33,1.09,36.70886076,5.063291139
315,Cade Horton,CHC,18,18,68.2,288,16.666666666666664,16.666666666666664,,0,0,,22.22222222222222,12.5,11.458333333333332,3.125,0,1.0416666666666665,59,21,7.73,2.75,4.32,1.24,20.48611111111111,7.291666666666667,22,23,118,476,47.82608695652174,17.391304347826086,,0,0,0,19.95798319327731,8.403361344537815,7.352941176470589,2.100840336134454,0,1.2605042016806722,97,33,7.4,2.52,2.67,1.08,20.37815126,6.932773109
316,Mason Barnett,ATH,23,24,118.1,514,29.166666666666668,33.33333333333333,,0,0,,21.98443579766537,12.45136186770428,11.478599221789883,3.112840467,0,1.556420233463035,105,46,7.99,3.5,4.49,1.34,20.428015564202333,8.949416342412452,5,5,22.1,104,20,20,,0,0,0,25,17.307692307692307,16.346153846153847,2.8846153846153846,0,0.9615384615384616,18,11,7.25,4.43,6.85,1.66,17.30769231,10.57692308
317,Ryan Gusto,HOU,21,26,120.2,525,23.076923076923077,23.076923076923077,,0,0,,23.047619047619047,12.380952380952381,11.428571428571429,3.2380952380952377,0,0.9523809523809524,96,44,7.16,3.28,4.47,1.37,18.285714285714285,8.380952380952381,17,27,101.2,453,25.925925925925924,25.925925925925924,,0,0,0,25.165562913907287,14.79028697571744,14.12803532,3.7527593818984544,0,1.1037527593818985,97,36,8.59,3.19,5.67,1.48,21.41280353,7.947019868
318,Eric Lauer,TOR,20,23,105,448,26.08695652173913,30.434782608695656,,0,0,,22.544642857142858,12.053571428571429,11.160714285714286,3.571428571428571,0,0.6696428571428571,90,38,7.71,3.26,4.29,1.32,20.089285714285715,8.482142857142858,15,28,104.2,426,32.142857142857146,7.142857142857142,,0,3.571428571428571,0,21.12676056338028,9.154929577,8.685446009389672,3.5211267605633805,0.2347417840375587,0.4694835680751174,102,26,8.77,2.24,3.18,1.11,23.94366197,6.103286385
319,Troy Melton,DET,23,23,95.1,413,21.73913043478261,34.78260869565217,,0,0,,23.728813559322035,12.59079903,11.62227602905569,3.389830508474576,0,0.7263922518159807,75,29,7.08,2.74,4.53,1.33,18.159806295399516,7.021791767554479,4,16,45.2,180,18.75,12.5,,0,12.5,0,17.22222222222222,8.333333333333332,7.777777777777778,3.888888888888889,0,0.5555555555555556,36,15,7.09,2.96,2.76,1.01,20,8.333333333
320,Caden Dana,LAA,24,24,124,536,29.166666666666668,41.66666666666667,,0,0,,22.761194029850746,13.432835820895523,12.5,3.731343283582089,0,1.4925373134328357,106,46,7.69,3.34,4.86,1.35,19.776119402985074,8.582089552238806,5,7,32.1,141,0,57.14285714285714,,0,0,0,21.27659574468085,17.02127659574468,16.312056737588655,6.382978723404255,0,0.7092198581560284,33,18,9.19,5.01,6.4,1.48,23.40425532,12.76595745
321,Beau Brieske,DET,12,46,82.2,350,8.695652173913043,10.869565217391305,,21.73913043478261,21.73913043478261,,21.428571428571427,11.714285714285715,10.857142857142858,2.857142857142857,0.2857142857142857,0.8571428571428572,76,30,8.27,3.26,4.14,1.27,21.714285714285715,8.571428571428571,1,22,22,103,4.545454545454546,13.636363636363635,,4.545454545454546,22.727272727272727,4.545454545454546,23.300970873786408,19.41747572815534,15.53398058252427,4.854368932038835,0.9708737864077669,0,16,12,6.55,4.91,6.55,1.64,15.53398058,11.65048544
322,Tristan Beck,SFG,11,25,76,326,16,16,,0,28.000000000000004,,23.31288343558282,11.349693251533742,10.429447852760736,2.7607361963190185,0.3067484662576687,0.9202453987730062,64,23,7.58,2.72,4.03,1.3,19.631901840490798,7.055214724,1,31,56.2,232,3.225806451612903,0,,6.451612903225806,9.677419355,0,20.25862068965517,12.5,12.5,3.0172413793103448,0,0.8620689655172413,41,16,6.51,2.54,4.61,1.11,17.67241379,6.896551724
327,Tony Gonsolin,LAD,17,17,81,330,29.411764705882355,23.52941176470588,,0,5.882352941,,21.515151515151516,12.727272727272727,11.818181818181818,3.6363636363636362,0.30303030303030304,0.9090909090909091,67,27,7.44,3,4.33,1.21,20.303030303030305,8.181818181818182,7,7,36,157,42.857142857142854,28.57142857142857,,0,0,0,21.019108280254777,13.375796178343949,12.738853503184714,5.7324840764331215,0,1.910828025477707,38,18,9.5,4.5,5,1.42,24.20382166,11.46496815
329,Michael Lorenzen,KCR,24,27,127.1,540,22.22222222222222,25.925925925925924,,0,3.7037037037037033,,22.22222222222222,12.592592592592592,11.666666666666666,3.148148148148148,0,0.7407407407407408,94,52,6.65,3.68,4.45,1.35,17.40740740740741,9.62962963,26,27,141.2,606,25.925925925925924,40.74074074074074,,0,0,0,24.58745874587459,12.541254125412541,12.046204620462046,4.125412541254125,0,0.9900990099009901,127,39,8.07,2.48,4.64,1.33,20.95709571,6.435643564
330,Brenan Hanifee,DET,6,43,77,327,6.976744186046512,6.976744186046512,,0,2.3255813953488373,,23.547400611620795,11.314984709480122,10.397553516819572,2.4464831804281344,0,0.9174311926605505,58,20,6.78,2.34,3.97,1.26,17.737003058103976,6.116207951070336,0,54,60,260,5.555555555555555,5.555555555555555,,0,18.51851851851852,1.8518518518518516,25,11.923076923076923,7.6923076923076925,1.153846153846154,0.7692307692307693,0.7692307692307693,40,14,6,2.1,3,1.32,15.38461538,5.384615385
331,Chase Dollander,COL,22,22,108,480,13.636363636363635,22.727272727272727,,0,0,,22.291666666666668,13.541666666666666,12.5,3.5416666666666665,0,2.7083333333333335,100,43,8.33,3.58,5,1.39,20.833333333333336,8.958333333333334,21,21,98,441,9.523809523809524,57.14285714285714,,0,0,0,23.356009070294785,17.233560090702948,16.099773242630384,4.081632653061225,0,1.3605442176870748,82,49,7.53,4.5,6.52,1.55,18.59410431,11.11111111
334,Parker Messick,CLE,25,26,116.2,509,23.076923076923077,26.923076923076923,,0,0,,22.39685658153242,12.37721021611002,11.394891944990176,3.3398821218074657,0,1.9646365422396856,102,42,7.87,3.24,4.47,1.34,20.039292730844792,8.251473477,7,7,39.2,165,42.857142857142854,14.285714285714285,,0,0,0,27.878787878787882,7.2727272727272725,7.2727272727272725,2.4242424242424243,0,0,38,6,8.62,1.36,2.72,1.31,23.03030303,3.636363636
338,Yoendrys Gomez,NYY,20,25,80.1,350,12,12,,0,4,,20.857142857142858,12.571428571428573,11.714285714285715,3.1428571428571432,0,1.7142857142857144,76,35,8.52,3.92,4.6,1.34,21.714285714285715,10,9,21,62.2,277,14.285714285714285,14.285714285714285,,4.761904761904762,0,0,21.660649819494584,14.440433212996389,12.996389891696749,4.332129963898916,0,1.444043321299639,58,27,8.33,3.88,5.17,1.39,20.93862816,9.747292419
340,Dustin May,LAD,7,8,37.2,152,25,25,,0,12.5,,20.394736842105264,10.526315789473683,9.868421052631579,2.631578947368421,0,1.9736842105263157,38,12,9.07,2.86,3.58,1.14,25,7.894736842105263,23,25,132.1,584,28.000000000000004,44,,0,0,0,22.602739726027394,13.356164383561644,12.5,3.595890410958904,0.5136986301369862,2.054794520547945,123,56,8.37,3.81,4.96,1.42,21.06164384,9.589041096
345,Joey Wentz,PIT,10,34,84.1,371,11.76470588235294,11.76470588235294,,0,23.52941176470588,,22.10242587601078,12.129380053908356,11.320754716981133,2.964959568733154,0,0.5390835579514826,84,37,8.97,3.95,4.48,1.41,22.641509433962266,9.973045822102426,13,39,98,442,12.82051282051282,17.94871794871795,,0,0,2.564102564102564,24.88687783,14.93212669683258,13.800904977375566,2.488687783,0.6787330316742082,0.22624434389140274,92,43,8.45,3.95,5.6,1.56,20.81447964,9.728506787
347,Pierson Ohl,MIN,16,21,97,415,23.809523809523807,33.33333333333333,,0,0,,26.265060240963855,13.012048192771083,12.048192771084338,3.614457831325301,0,0.7228915662650602,62,19,5.75,1.76,4.64,1.32,14.93975903614458,4.578313253012048,3,14,30,133,0,21.428571428571427,,0,7.142857142857142,0,28.57142857142857,16.541353383458645,12.781954887218044,3.7593984962406015,0,0,27,7,8.1,2.1,5.1,1.5,20.30075188,5.263157895
350,Tyler Wells,BAL,15,23,84.2,344,21.73913043478261,17.391304347826086,,0,0,,22.38372093023256,12.790697674418606,11.918604651162791,3.779069767,0,0.5813953488372093,73,25,7.76,2.66,4.36,1.2,21.22093023255814,7.267441860465117,4,4,21.2,82,50,25,,0,0,0,20.73170731707317,8.536585365853659,8.536585365853659,4.878048780487805,0,0,18,2,7.48,0.83,2.91,0.88,21.95121951,2.43902439
351,Osvaldo Bido,ATH,17,25,96.1,419,24,24,,0,4,,21.002386634844868,12.17183770883055,11.217183770883054,2.6252983293556085,0,2.386634844868735,89,41,8.32,3.83,4.39,1.34,21.241050119331742,9.785202863961814,10,26,79.2,363,7.6923076923076925,19.230769230769234,,3.8461538461538463,0,0,25.61983471,15.426997245179063,14.325068870523417,5.234159779614325,0.27548209366391185,1.6528925619834711,68,35,7.68,3.95,5.87,1.61,18.73278237,9.641873278
359,Ian Seymour,TBR,23,23,112,485,21.73913043478261,26.08695652173913,,0,0,,22.268041237113405,12.577319587628866,11.54639175257732,3.2989690721649487,0,2.0618556701030926,99,40,7.96,3.21,4.5,1.32,20.412371134020617,8.24742268,5,19,57,242,21.052631578947366,15.789473684210526,,0,0,5.263157894736842,19.834710743801654,13.636363636363635,9.504132231,2.066115702479339,0.4132231404958678,1.2396694214876034,64,19,10.11,3,3.63,1.18,26.44628099,7.851239669
368,Jared Shuster,CHW,14,33,96.1,420,12.121212121212121,21.21212121212121,,3.0303030303030303,33.33333333333333,,23.809523809523807,13.095238095238097,12.142857142857142,3.0952380952380953,0,0,72,39,6.73,3.64,4.77,1.44,17.142857142857142,9.285714285714286,2,12,15.2,82,0,0,,0,0,0,32.926829268292686,18.29268292682927,17.073170731707318,0,2.4390243902439024,2.4390243902439024,12,5,6.89,2.87,8.04,2.04,14.63414634,6.097560976
371,Carson Palmquist,COL,24,24,101.2,454,25,33.33333333333333,,0,0,,22.24669603524229,13.43612334801762,12.334801762114537,3.524229074889868,0,1.9823788546255507,96,46,8.5,4.07,4.96,1.45,21.145374449339208,10.13215859030837,7,9,34.1,175,0,44.44444444444444,,0,0,0,25.71428571428571,20,19.428571428571427,5.714285714285714,0,1.7142857142857144,27,25,7.08,6.55,8.91,2.04,15.42857143,14.28571429
374,Brent Headrick,MIN,12,21,72,311,19.047619047619047,19.047619047619047,,0,4.761904761904762,,22.508038585209004,12.218649517684888,11.254019292604502,3.536977491961415,0,0.964630225,72,26,9,3.25,4.38,1.33,23.15112540192926,8.360128617363344,0,17,23,92,0,0,,0,5.882352941,0,18.478260869565215,8.695652173913043,8.695652173913043,4.3478260869565215,1.0869565217391304,1.0869565217391304,30,7,11.74,2.74,3.13,1.04,32.60869565,7.608695652
375,Sean Hjelle,SFG,9,43,93,406,11.627906976744185,9.302325581,,0,30.23255813953488,,23.645320197044335,11.330049261083744,10.591133004926109,2.4630541871921183,0.49261083743842365,1.9704433497536946,76,28,7.35,2.71,4.16,1.33,18.71921182,6.896551724137931,1,12,15,73,8.333333333333332,8.333333333333332,,0,0,0,28.767123287671232,17.80821917808219,17.80821917808219,2.739726027,2.739726027,0,11,9,6.6,5.4,7.8,2,15.06849315,12.32876712
380,J.T. Ginn,ATH,22,24,113.2,500,20.833333333333336,29.166666666666668,,0,4.166666666666666,,23.200000000000003,12.6,11.600000000000001,2.8000000000000003,0.2,2,84,39,6.65,3.09,4.59,1.36,16.8,7.8,16,23,90.1,392,17.391304347826086,30.434782608695656,,0,4.3478260869565215,0,23.46938775510204,13.26530612244898,13.010204081632654,4.336734693877551,0.25510204081632654,1.530612244897959,99,31,9.86,3.09,5.08,1.36,25.25510204,7.908163265
384,Michael Soroka,WSN,13,26,91.2,398,19.230769230769234,26.923076923076923,,0,3.8461538461538463,,21.85929648241206,12.814070351758794,11.809045226130653,3.2663316582914574,0,1.7587939698492463,86,36,8.44,3.53,4.61,1.34,21.608040201005025,9.045226130653267,17,22,89.2,379,13.636363636363635,36.36363636363637,,0,4.545454545454546,0,18.997361477572557,12.928759894459102,11.87335092348285,3.166226913,0,3.957783641,95,29,9.54,2.91,4.52,1.13,25.06596306,7.65171504
385,Kolby Allard,CLE,18,26,104.1,454,19.230769230769234,26.923076923076923,,0,3.8461538461538463,,24.229074889867842,13.656387665198238,12.555066079295155,3.9647577092511015,0,0.4405286343612335,87,34,7.51,2.93,4.92,1.38,19.162995594713657,7.488986784140969,2,33,65,266,6.0606060606060606,6.0606060606060606,,0,9.090909090909092,0,24.06015037593985,8.270676691729323,7.142857142857142,1.8796992481203008,1.1278195488721803,0.37593984962406013,42,14,5.82,1.94,2.63,1.2,15.78947368,5.263157895
388,Bradley Blalock,COL,22,24,103,457,16.666666666666664,29.166666666666668,,0,4.166666666666666,,24.288840262582056,13.785557986870897,12.691466083150985,3.501094092,0,0.6564551422319475,76,40,6.64,3.5,5.07,1.47,16.630196936542667,8.752735229759299,12,14,58.2,275,14.285714285714285,42.857142857142854,,0,0,0,30.909090909090907,22.181818181818183,22.181818181818183,6.181818181818182,0.36363636363636365,1.090909090909091,27,23,4.14,3.53,9.36,1.84,9.818181818,8.363636364
389,Shane Smith,CHW,13,32,78.2,346,9.375,18.75,,0,0,,22.254335260115607,12.716763005780345,11.849710982658959,3.1791907514450863,0,2.312138728323699,73,29,8.35,3.32,4.69,1.35,21.09826589595376,8.38150289,29,29,146.1,616,24.137931034482758,27.586206896551722,,0,0,0,18.993506493506494,11.363636363636363,10.064935064935066,2.75974026,0.16233766233766234,1.948051948051948,145,58,8.92,3.57,3.81,1.2,23.53896104,9.415584416
390,Jack Kochanowicz,LAA,24,25,135.2,595,28.000000000000004,40,,0,4,,25.210084033613445,13.61344537815126,12.605042016806722,3.1932773109243695,0.16806722689075632,2.0168067226890756,73,37,4.84,2.45,4.97,1.38,12.26890756302521,6.218487394957983,23,23,111,512,13.043478260869565,47.82608695652174,,0,0,0,26.5625,17.3828125,16.40625,4.1015625,0.78125,1.3671875,72,58,5.84,4.7,6.81,1.75,14.0625,11.328125
392,Porter Hodge,CHC,8,41,70.1,304,9.756097561,9.756097561,,26.82926829268293,24.390243902439025,,19.078947368421055,11.18421052631579,10.197368421052632,2.302631578947368,0,1.9736842105263157,76,34,9.73,4.35,3.97,1.31,25,11.18421052631579,0,36,33,147,5.555555555555555,5.555555555555555,,5.555555555555555,22.22222222222222,8.333333333333332,23.12925170068027,16.32653061,15.646258503401361,6.122448979591836,0.6802721088435374,0,40,18,10.91,4.91,6.27,1.58,27.21088435,12.24489796
393,Hayden Wesneski,HOU,14,30,90,380,16.666666666666664,20,,0,3.3333333333333335,,22.105263157894736,12.631578947368421,11.578947368421053,3.684210526315789,0,1.0526315789473684,84,30,8.4,3,4.4,1.27,22.105263157894736,7.894736842105263,6,6,32,131,16.666666666666664,50,,0,0,0,22.137404580152673,12.213740458015266,12.213740458015266,5.343511450381679,0,0.7633587786259541,29,6,8.16,1.69,4.5,1.09,22.13740458,4.580152672
402,Zak Kent,CLE,13,18,58.2,258,16.666666666666664,11.11111111111111,,0,0,,22.48062015503876,11.24031007751938,10.465116279069768,2.7131782945736433,0.3875968992248062,0.7751937984496124,51,23,7.82,3.53,4.14,1.38,19.767441860465116,8.914728682170542,0,12,17.2,76,8.333333333333332,0,,0,0,0,22.36842105263158,13.157894736842104,11.842105263157894,1.3157894736842104,0,1.3157894736842104,16,8,8.15,4.08,4.58,1.42,21.05263158,10.52631579
405,Joe Ross,PHI,12,24,76,335,16.666666666666664,16.666666666666664,,0,25,,22.98507462686567,12.835820895522387,11.940298507462686,2.9850746268656714,0.5970149253731344,1.1940298507462688,64,30,7.58,3.55,4.74,1.41,19.10447761,8.955223880597014,1,37,51,228,5.405405405405405,2.7027027027027026,,0,0,5.405405405405405,25,13.157894736842104,12.719298245614036,3.508771929824561,0.43859649122807015,1.3157894736842104,39,18,6.88,3.18,5.12,1.47,17.10526316,7.894736842
409,JP Sears,ATH,27,28,154.2,654,32.142857142857146,35.714285714285715,,0,0,,23.24159021406728,12.691131498470948,11.773700305810397,3.9755351681957185,0.1529051987767584,1.529051987767584,128,44,7.45,2.56,4.48,1.27,19.571865443425075,6.727828746177369,27,27,135.2,583,33.33333333333333,40.74074074074074,,0,0,0,24.528301886792452,13.550600343053173,13.036020583190394,5.145797598627787,0,1.0291595197255576,117,36,7.76,2.39,5.04,1.32,20.06861063,6.174957118
410,Patrick Corbin,,26,26,136.1,621,23.076923076923077,42.30769230769231,,0,0,,26.247987117552334,14.331723027375201,13.20450885668277,3.7037037037037033,0.1610305958132045,0.4830917874396135,107,48,7.07,3.17,5.41,1.55,17.23027375201288,7.729468599033816,30,31,155.1,663,22.58064516129032,35.483870967741936,,0,0,0,24.283559577677224,11.91553544494721,11.463046757164404,3.167420814479638,0.1508295625942685,0.4524886877828055,131,51,7.59,2.95,4.4,1.36,19.7586727,7.692307692
411,JT Brubaker,NYY,16,17,76.2,332,23.52941176470588,23.52941176470588,,0,5.882352941,,22.89156626506024,13.253012048192772,12.349397590361445,3.915662651,0,1.5060240963855422,71,26,8.33,3.05,4.81,1.33,21.385542168674696,7.831325301,1,17,28.2,117,0,0,,0,0,0,19.65811965811966,10.256410256410255,10.256410256410255,0,0.8547008547008548,0.8547008547008548,22,12,6.91,3.77,3.77,1.22,18.8034188,10.25641026
412,Anthony Veneziano,MIA,17,33,100.2,447,15.151515151515152,18.181818181818183,,0,18.181818181818183,,23.713646532438478,12.080536912751679,11.185682326621924,2.908277405,0,1.342281879194631,81,40,7.24,3.57,4.47,1.45,18.120805369127517,8.948545861,1,26,25,117,0,0,,0,15.384615384615385,3.8461538461538463,23.931623931623932,11.11111111111111,11.11111111111111,3.418803418803419,0,1.7094017094017095,25,11,9,3.96,4.68,1.56,21.36752137,9.401709402
416,Nolan McLean,NYM,25,25,100.1,450,24,32,,0,0,,21.777777777777775,12.88888888888889,12,2.666666666666667,0,2.888888888888889,81,41,7.27,3.68,4.85,1.39,18,9.111111111,8,8,48,188,62.5,12.5,,0,0,0,18.085106382978726,6.914893617021277,5.851063829787234,2.127659574468085,0,1.0638297872340425,57,16,10.69,3,2.06,1.04,30.31914894,8.510638298
419,Trevor Williams,WSN,17,20,85.2,376,20,25,,0,5,,24.46808510638298,12.76595744680851,11.702127659574469,3.4574468085106385,0,0.7978723404255319,68,29,7.14,3.05,4.62,1.41,18.085106382978726,7.712765957446808,17,17,82.2,373,17.647058823529413,58.82352941176471,,0,0,0,28.418230563002684,15.81769436997319,15.281501340482572,2.949061662198391,0,0.5361930294906166,65,21,7.08,2.29,6.21,1.54,17.42627346,5.63002681
421,Max Kranick,NYM,10,36,68,294,8.333333333333332,5.555555555555555,,0,2.7777777777777777,,22.789115646258505,12.244897959183673,11.224489795918368,2.7210884353741496,0.3401360544217687,1.0204081632653061,56,23,7.41,3.04,4.37,1.32,19.047619047619047,7.8231292517006805,0,24,37,148,12.5,8.333333333333332,,0,20.833333333333336,4.166666666666666,22.972972972972975,10.135135135135135,10.135135135135135,3.3783783783783785,0,0,25,5,6.08,1.22,3.65,1.05,16.89189189,3.378378378
423,Hurston Waldrep,ATL,20,20,94,420,30,30,,0,5,,22.380952380952383,12.380952380952381,11.428571428571429,3.0952380952380953,0,0.4761904761904762,85,44,8.14,4.21,4.6,1.47,20.238095238095237,10.476190476190476,9,10,56.1,229,60,10,,0,0,0,19.65065502183406,7.860262008733625,7.860262008733625,1.3100436681222707,0.43668122270742354,1.3100436681222707,55,22,8.79,3.51,2.88,1.19,24.01746725,9.6069869
424,Mike Burrows,PIT,19,21,73.1,314,14.285714285714285,19.047619047619047,,0,4.761904761904762,,22.611464968152866,12.738853503184714,11.78343949044586,3.1847133757961785,0,0.9554140127388535,60,28,7.37,3.44,4.54,1.35,19.10828025477707,8.917197452,19,23,96,402,8.695652173913043,17.391304347826086,,0,0,0,21.890547263681594,10.696517412935323,10.44776119402985,3.233830845771144,0.24875621890547264,1.2437810945273633,97,31,9.09,2.91,3.94,1.24,24.12935323,7.711442786
429,Chris Murphy,BOS,12,22,83.2,372,18.181818181818183,22.727272727272727,,0,0,,22.849462365591396,12.903225806451612,11.827956989247312,2.6881720430107525,0,1.3440860215053763,69,37,7.42,3.98,4.73,1.46,18.548387096774192,9.946236559139784,0,23,34.2,148,13.043478260869565,0,,0,4.3478260869565215,0,14.18918918918919,8.108108108108109,8.108108108108109,2.7027027027027026,0.6756756756756757,3.3783783783783785,30,20,7.79,5.19,3.12,1.18,20.27027027,13.51351351
430,Blade Tidwell,NYM,21,25,108.2,486,28.000000000000004,32,,0,0,,21.39917695473251,12.757201646090536,11.728395061728394,2.880658436213992,0,1.2345679012345678,97,55,8.03,4.55,4.72,1.46,19.958847736625515,11.316872427983538,2,4,15,78,25,25,,0,0,0,29.48717948717949,19.230769230769234,19.230769230769234,5.128205128205128,0,1.282051282051282,10,10,6,6,9,2.2,12.82051282,12.82051282
432,Logan Allen,,15,29,104.2,466,13.793103448275861,17.24137931034483,,0,0,,23.605150214592275,11.802575107296137,10.944206008583691,2.575107296137339,0,1.2875536480686696,78,40,6.7,3.44,4.38,1.43,16.738197424892704,8.583690987124463,29,30,156.2,676,26.666666666666668,36.666666666666664,,0,0,0,23.224852071005916,12.42603550295858,10.946745562130179,2.6627218934911245,0.14792899408284024,0.8875739644970414,122,62,7.01,3.56,4.25,1.4,18.04733728,9.171597633
435,Jacob Lopez,ATH,19,24,91.1,399,20.833333333333336,20.833333333333336,,0,4.166666666666666,,21.303258145363408,12.030075187969924,11.027568922305765,3.007518796992481,0,1.7543859649122806,87,40,8.58,3.94,4.34,1.37,21.804511278195488,10.025062656641603,17,21,92.2,399,33.33333333333333,33.33333333333333,,0,0,0,20.30075187969925,11.779448621553884,10.526315789473683,3.7593984962406015,0,2.0050125313283207,113,37,10.97,3.59,4.08,1.27,28.32080201,9.273182957
436,Griffin Canning,NYM,25,26,140,604,26.923076923076923,34.61538461538461,,0,3.8461538461538463,,22.68211920529801,13.90728476821192,12.91390728476821,3.9735099337748347,0.16556291390728478,0.8278145695364238,123,53,7.91,3.41,5.01,1.36,20.364238410596027,8.774834437086094,16,16,76.1,328,43.75,18.75,,0,0,0,21.341463414634145,10.670731707317072,9.756097561,2.4390243902439024,0,0,70,35,8.25,4.13,3.77,1.38,21.34146341,10.67073171
441,Trevor McDonald,SFG,18,24,84.1,374,16.666666666666664,20.833333333333336,,0,4.166666666666666,,22.994652406417114,11.76470588235294,10.962566844919785,2.406417112299465,0,2.6737967914438503,63,29,6.73,3.1,4.38,1.36,16.844919786096256,7.754010695187167,2,3,15,60,33.33333333333333,0,,0,0,0,21.666666666666668,10,5,1.6666666666666667,0,0,14,2,8.4,1.2,1.8,1,23.33333333,3.333333333
443,Hunter Gaddis,CLE,11,48,89.2,375,12.5,12.5,,0,35.41666666666667,,21.866666666666667,11.200000000000001,10.4,3.2,0.26666666666666666,1.866666666666667,79,28,7.93,2.81,3.91,1.23,21.066666666666666,7.466666666666668,0,73,66.2,274,2.739726027,2.739726027,,4.109589041,47.94520547945205,5.479452055,21.16788321167883,8.759124088,8.394160583941606,2.9197080291970803,0.7299270072992701,0.36496350364963503,73,21,9.86,2.84,3.11,1.19,26.64233577,7.664233577
445,Jason Alexander,ATH,21,24,105.1,463,20.833333333333336,20.833333333333336,,0,0,,24.838012958963283,12.742980561555076,11.879049676025918,3.023758099352052,0,1.2958963282937366,70,31,5.98,2.65,4.7,1.39,15.118790496760258,6.695464362850973,13,18,77.1,336,22.22222222222222,11.11111111111111,,5.555555555555555,0,0,23.809523809523807,13.392857142857142,12.202380952380953,4.464285714285714,0,0.8928571428571428,65,26,7.56,3.03,4.77,1.37,19.3452381,7.738095238
446,Andrew Alvarez,WSN,22,24,110.2,492,25,37.5,,0,0,,24.18699187,13.008130081300814,11.991869918699187,3.048780487804878,0,1.2195121951219512,76,42,6.18,3.41,4.8,1.45,15.447154471544716,8.536585365853659,5,5,23.1,98,20,20,,0,0,0,16.32653061,8.163265306,6.122448979591836,1.0204081632653061,0,1.0204081632653061,20,10,7.71,3.86,2.31,1.11,20.40816327,10.20408163
449,Jack Leiter,TEX,19,22,93.1,412,18.181818181818183,31.818181818181817,,0,4.545454545454546,,20.87378640776699,13.834951456310678,12.864077669902912,3.640776699029126,0,1.6990291262135921,95,43,9.16,4.15,5.11,1.38,23.058252427184467,10.436893203883495,29,29,151.2,646,34.48275862068966,34.48275862068966,,0,0,0,19.659442724458202,10.68111455108359,10.061919504643962,2.786377708978328,0,0.7739938080495357,148,67,8.78,3.98,3.86,1.28,22.91021672,10.37151703
451,Shawn Dubin,HOU,6,32,53.1,236,6.25,9.375,,0,21.875,,20.33898305084746,11.016949152542372,10.16949152542373,2.118644068,0,1.2711864406779663,56,27,9.46,4.56,4.05,1.41,23.728813559322035,11.440677966101696,0,30,33.2,145,6.666666666666667,0,,0,26.666666666666668,3.3333333333333335,25.517241379310345,13.10344827586207,13.10344827586207,4.137931034482759,0,1.3793103448275863,28,11,7.49,2.94,5.08,1.43,19.31034483,7.586206897
452,Joe Boyle,TBR,22,25,90,406,20,28.000000000000004,,0,4,,18.226600985221676,12.31527093596059,11.330049261083744,2.4630541871921183,0,1.477832512315271,103,62,10.3,6.2,4.6,1.51,25.36945812807882,15.270935960591133,9,13,52,226,7.6923076923076925,30.76923076923077,,0,0,0,19.02654867256637,14.601769911504425,11.946902654867257,2.6548672566371683,0.4424778761061947,1.3274336283185841,58,28,10.04,4.85,4.67,1.37,25.66371681,12.38938053
456,Jackson Jobe,DET,25,27,101.1,436,14.814814814814813,18.51851851851852,,0,3.7037037037037033,,22.93577981651376,12.844036697247708,11.926605504587156,3.4403669724770642,0,0.6880733944954129,79,38,7.02,3.38,4.62,1.36,18.11926605504587,8.715596330275229,10,10,49,218,40,10,,0,0,0,21.100917431192663,11.009174311926607,10.550458715596331,3.211009174311927,0,0.9174311926605505,39,27,7.16,4.96,4.22,1.49,17.88990826,12.3853211
464,Paxton Schultz,TOR,12,32,88,385,15.625,15.625,,0,0,,22.07792207792208,11.948051948051948,11.168831168831169,3.116883116883117,0,0.7792207792207793,79,38,8.08,3.89,4.4,1.4,20.51948051948052,9.87012987,2,13,24.2,110,0,0,,0,0,0,24.545454545454547,14.545454545454545,10.909090909090908,3.6363636363636362,0,0.9090909090909091,28,8,10.22,2.92,4.38,1.42,25.45454545,7.272727273
479,Stephen Kolek,SDP,7,34,69.2,306,11.76470588235294,11.76470588235294,,0,2.941176470588235,,22.22222222222222,12.091503267973856,11.11111111111111,2.287581699346405,0,2.287581699346405,57,26,7.36,3.36,4.39,1.35,18.627450980392158,8.496732026,19,19,112.2,461,26.31578947368421,36.84210526315789,,0,0,0,21.25813449023861,10.629067245119305,9.544468546637743,1.9522776572668112,0.21691973969631237,1.5184381778741864,77,31,6.15,2.48,3.51,1.14,16.70281996,6.724511931
481,Janson Junk,ATH,15,26,88,382,19.230769230769234,19.230769230769234,,0,0,,24.86910994764398,12.827225130890053,11.780104712041885,3.1413612565445024,0,0.5235602094240838,61,26,6.24,2.66,4.6,1.38,15.968586387434556,6.806282722513089,16,21,110,447,28.57142857142857,19.047619047619047,,4.761904761904762,0,0,25.05592841163311,12.080536912751679,11.409395973154362,1.7897091722595078,0,0.8948545861297539,77,13,6.3,1.06,4.17,1.14,17.22595078,2.908277405
485,Jackson Rutledge,WSN,24,25,112.2,507,16,32,,0,4,,22.879684418145956,13.41222879684418,12.42603550295858,2.9585798816568047,0,1.9723865877712032,87,49,6.95,3.91,5.03,1.46,17.159763313609467,9.664694280078894,0,63,73.1,330,6.349206349206349,3.1746031746031744,,0,4.761904761904762,0,26.36363636363636,14.84848484848485,14.242424242424242,4.848484848484849,0,2.1212121212121215,65,24,7.98,2.95,5.77,1.51,19.6969697,7.272727273
488,Bryse Wilson,CHW,11,33,103.1,441,12.121212121212121,18.181818181818183,,0,3.0303030303030303,,24.263038548752835,13.151927437641723,12.244897959183673,3.6281179138321997,0.22675736961451248,0.9070294784580499,73,31,6.36,2.7,4.7,1.34,16.55328798185941,7.029478458049887,5,20,47.1,224,0,10,,0,0,0,29.910714285714285,16.517857142857142,15.625,4.910714285714286,0,0.8928571428571428,28,19,5.32,3.61,6.65,1.82,12.5,8.482142857
493,Mason Englert,DET,9,36,73.2,315,11.11111111111111,11.11111111111111,,0,2.7777777777777777,,22.53968253968254,12.380952380952381,11.428571428571429,3.1746031746031744,0,1.5873015873015872,64,23,7.82,2.81,4.4,1.28,20.317460317460316,7.301587301587302,0,29,44.2,185,0,3.4482758620689653,,0,3.4482758620689653,0,23.243243243243246,10.81081081081081,10.27027027027027,2.1621621621621623,0,0.5405405405405406,44,11,8.87,2.22,3.83,1.21,23.78378378,5.945945946
494,Hogan Harris,ATH,20,29,112.1,496,20.689655172413794,24.137931034482758,,0,17.24137931034483,,21.572580645161292,12.5,11.491935483870968,2.822580645,0,1.411290322580645,99,54,7.93,4.33,4.57,1.43,19.959677419354836,10.887096774193548,0,48,64.2,277,4.166666666666666,2.083333333333333,,8.333333333333332,6.25,0,19.494584837545126,9.386281588447654,8.303249097472925,1.8050541516245486,1.444043321299639,0.36101083032490977,65,33,9.05,4.59,3.2,1.35,23.46570397,11.9133574
500,Justin Hagenman,NYM,10,30,81,346,13.333333333333334,16.666666666666664,,0,0,,22.832369942196532,12.716763005780345,11.849710982658959,3.4682080924855487,0,1.1560693641618496,69,26,7.67,2.89,4.56,1.3,19.942196531791907,7.514450867052023,1,9,23.2,99,0,11.11111111111111,,11.11111111111111,0,0,24.242424242424242,13.131313131313133,12.121212121212121,4.040404040404041,0,1.0101010101010102,23,2,8.75,0.76,4.56,1.1,23.23232323,2.02020202
507,Jake Eder,CHW,20,20,92,418,20,30,,0,5,,22.48803827751196,13.397129186602871,12.440191387559809,3.110047846889952,0,1.9138755980861244,79,46,7.73,4.5,5.09,1.52,18.899521531100476,11.004784688995215,0,8,18.1,78,0,12.5,,0,0,0,19.230769230769234,12.82051282051282,12.82051282051282,3.8461538461538463,1.282051282051282,1.282051282051282,15,9,7.36,4.42,4.91,1.31,19.23076923,11.53846154
508,Anthony DeSclafani,,14,15,77.1,336,26.666666666666668,33.33333333333333,,0,0,,25,13.095238095238097,12.202380952380953,3.869047619047619,0,0.5952380952380952,60,23,6.99,2.68,4.77,1.38,17.857142857142858,6.845238095238096,4,13,38.2,169,7.6923076923076925,15.384615384615385,,15.384615384615385,7.6923076923076925,0,21.893491124260358,13.609467455621301,13.017751479289942,6.508875739644971,1.183431952662722,2.9585798816568047,36,12,8.38,2.79,5.12,1.27,21.30177515,7.100591716
509,Ronny Henriquez,MIN,6,40,75,327,7.5,7.5,,0,2.5,,22.93577981651376,11.926605504587156,11.009174311926607,2.7522935779816518,0,1.2232415902140672,63,27,7.56,3.24,4.32,1.36,19.26605504587156,8.256880733944955,0,69,73,303,10.144927536231885,1.4492753623188406,,10.144927536231885,37.68115942028986,5.797101449275362,17.491749174917494,7.590759075907591,5.9405940594059405,2.6402640264026402,0.6600660066006601,1.3201320132013201,98,27,12.08,3.33,2.22,1.1,32.34323432,8.910891089
510,Ben Casparius,LAD,17,23,86,381,21.73913043478261,26.08695652173913,,0,4.3478260869565215,,21.522309711286088,13.385826771653544,12.335958005249344,3.4120734908136483,0,1.3123359580052494,81,41,8.48,4.29,4.92,1.43,21.25984251968504,10.761154855643044,3,46,77.2,333,15.217391304347828,10.869565217391305,,4.3478260869565215,28.26086956521739,0,23.423423423423422,12.312312312312311,12.012012012012011,2.4024024024024024,0,0.9009009009009009,71,21,8.23,2.43,4.64,1.27,21.32132132,6.306306306
517,Jonathan Bowlan,KCR,16,29,91,403,20.689655172413794,31.03448275862069,,0,3.4482758620689653,,24.069478908188586,12.903225806451612,11.910669975186105,3.225806451612903,0,1.240694789081886,68,32,6.73,3.16,4.75,1.42,16.87344913151365,7.94044665,1,34,44.1,180,2.941176470588235,5.882352941,,0,5.882352941,0,20.555555555555554,11.666666666666666,10.555555555555555,3.3333333333333335,0,0,46,17,9.34,3.45,3.86,1.22,25.55555556,9.444444444
519,Sam Bachman,LAA,18,20,65.2,296,15,25,,0,5,,22.635135135135133,12.837837837837837,11.824324324324325,2.7027027027027026,0,2.027027027027027,51,30,6.99,4.11,4.79,1.48,17.22972972972973,10.135135135135135,0,23,20.1,94,8.695652173913043,13.043478260869565,,0,8.695652173913043,8.695652173913043,23.404255319148938,15.957446808510639,14.893617021276595,1.0638297872340425,0,1.0638297872340425,18,10,7.97,4.43,6.2,1.57,19.14893617,10.63829787
522,Valente Bellozo,MIA,21,24,116.2,508,20.833333333333336,33.33333333333333,,0,4.166666666666666,,25,13.188976377952756,12.204724409448819,3.740157480314961,0.19685039370078738,0.5905511811023622,83,39,6.4,3.01,4.78,1.42,16.338582677165352,7.677165354330709,6,32,81.1,348,3.125,12.5,,0,3.125,0,24.42528735632184,12.643678160919542,12.068965517241379,4.310344827586207,0,1.1494252873563218,54,23,5.98,2.55,4.65,1.33,15.51724138,6.609195402
524,Mick Abel,PHI,23,23,105.1,475,26.08695652173913,30.434782608695656,,0,0,,21.894736842105264,13.684210526315791,12.631578947368421,3.1578947368421053,0,1.263157894736842,91,56,7.78,4.79,5.13,1.52,19.157894736842103,11.789473684210526,8,10,39,174,30,40,,0,0,10,24.71264367816092,16.091954022988507,15.517241379310345,4.597701149425287,0,0.5747126436781609,39,16,9,3.69,6.23,1.51,22.4137931,9.195402299
525,Taijuan Walker,PHI,21,23,114,498,21.73913043478261,34.78260869565217,,0,4.3478260869565215,,23.895582329317268,14.056224899598394,13.052208835341366,3.614457831325301,0.2008032128514056,1.0040160642570282,79,42,6.24,3.32,5.13,1.41,15.863453815261044,8.433734939759036,21,34,123.2,538,14.705882352941178,23.52941176470588,,2.941176470588235,5.882352941,5.882352941,24.53531598513011,11.524163568773234,10.408921933085502,3.903345724907063,0,0.7434944237918215,86,42,6.26,3.06,4.08,1.41,15.98513011,7.80669145
528,Konnor Pilkington,WSN,19,27,78,351,11.11111111111111,18.51851851851852,,0,0,,21.937321937321936,13.105413105413104,12.250712250712251,2.849002849002849,0,1.1396011396011396,68,40,7.85,4.62,4.96,1.5,19.37321937321937,11.396011396011396,0,32,28.1,123,6.25,0,,0,15.625,0,17.88617886178862,13.008130081300814,11.38211382113821,5.691056910569105,0,1.6260162601626018,34,17,10.8,5.4,4.45,1.38,27.64227642,13.82113821
535,Joey Lucchesi,SFG,17,23,99.2,442,21.73913043478261,30.434782608695656,,0,4.3478260869565215,,24.43438914027149,12.44343891402715,11.538461538461538,2.7149321266968327,0,0.4524886877828055,66,40,5.96,3.61,4.6,1.48,14.93212669683258,9.049773755656108,0,38,38.1,165,0,2.631578947368421,,0,15.789473684210526,0,21.21212121212121,10.303030303030303,9.696969696969697,2.4242424242424243,0.6060606060606061,1.2121212121212122,31,12,7.28,2.82,3.76,1.23,18.78787879,7.272727273
536,Logan Evans,SEA,20,29,93.2,408,20.689655172413794,24.137931034482758,,0,0,,22.794117647058822,12.5,11.519607843137255,2.941176470588235,0,1.715686274509804,70,34,6.72,3.27,4.51,1.36,17.15686274509804,8.333333333333332,15,16,81.1,350,37.5,31.25,,0,0,6.25,23.42857142857143,12.857142857142856,11.142857142857142,3.7142857142857144,0.2857142857142857,1.1428571428571428,59,31,6.53,3.43,4.32,1.39,16.85714286,8.857142857
553,Kyle Hendricks,LAA,22,24,112,494,20.833333333333336,33.33333333333333,,0,0,,25.910931174089068,14.57489879,13.562753036437247,4.048582995951417,0,1.0121457489878543,79,34,6.35,2.73,5.38,1.45,15.991902834008098,6.882591093117409,31,31,164.2,695,25.806451612903224,32.25806451612903,,0,0,0,24.028776978417266,13.237410071942445,12.51798561151079,3.597122302158273,0.4316546762589928,0.7194244604316548,114,43,6.23,2.35,4.76,1.28,16.4028777,6.18705036
556,Lyon Richardson,CIN,19,24,87.1,393,12.5,16.666666666666664,,0,4.166666666666666,,22.391857506361323,14.249363867684478,13.231552162849871,3.5623409669211195,0,1.5267175572519083,78,45,8.04,4.64,5.36,1.52,19.84732824427481,11.450381679389313,0,34,37.2,172,0,8.823529411764707,,0,8.823529411764707,2.941176470588235,21.511627906976745,14.534883720930234,11.046511627906977,1.1627906976744187,2.3255813953488373,1.1627906976744187,30,21,7.17,5.02,4.54,1.54,17.44186047,12.20930233
563,Tyler Alexander,,12,27,115,483,22.22222222222222,25.925925925925924,,0,0,,24.84472049689441,13.250517598343686,12.215320910973086,4.3478260869565215,0.2070393374741201,0.8281573498964804,91,24,7.12,1.88,4.62,1.25,18.84057971014493,4.968944099378882,5,52,97.2,423,9.615384615384617,26.923076923076923,,1.9230769230769231,5.769230769230769,3.8461538461538463,25.295508274231675,14.657210401891252,12.76595744680851,2.127659574468085,1.1820330969267139,0.4728132387706856,82,30,7.56,2.76,4.98,1.4,19.38534279,7.092198582
565,Tyler Gilbert,CHW,6,34,66.2,287,8.823529411764707,11.76470588235294,,0,2.941176470588235,,24.041811846689896,13.588850174216027,12.543554006968641,3.484320557491289,0,1.0452961672473868,54,21,7.29,2.83,4.86,1.35,18.81533101045296,7.317073170731707,5,46,51,215,8.695652173913043,4.3478260869565215,,2.1739130434782608,10.869565217391305,0,18.60465116,11.162790697674419,10.232558139534884,2.3255813953488373,1.3953488372093024,0.9302325581395349,49,24,8.65,4.24,3.88,1.25,22.79069767,11.1627907
567,Brad Keller,CHC,15,27,97.2,433,22.22222222222222,25.925925925925924,,0,0,,22.863741339491916,12.702078521939955,11.778290993071593,3.0023094688221708,0,0.6928406466512702,77,43,7.09,3.96,4.7,1.45,17.782909930715935,9.930715935334874,1,68,69.2,276,5.882352941,2.941176470588235,,4.411764705882353,36.76470588235294,4.411764705882353,16.304347826086957,6.521739130434782,5.797101449275362,1.4492753623188406,0,2.1739130434782608,75,22,9.69,2.84,2.07,0.96,27.17391304,7.971014493
576,Connor Gillispie,MIA,13,25,97.2,432,16,28.000000000000004,,0,4,,23.37962962962963,12.731481481481483,11.805555555555555,3.2407407407407405,0,1.3888888888888888,78,40,7.19,3.68,4.7,1.44,18.055555555555554,9.259259259,6,6,26,123,0,50,,0,0,0,26.01626016260163,21.138211382113823,20.32520325203252,4.878048780487805,0,0.8130081300813009,23,11,7.96,3.81,8.65,1.65,18.69918699,8.943089431
580,Scott Blewett,MIN,8,36,77.1,340,11.11111111111111,13.88888888888889,,0,2.7777777777777777,,23.823529411764703,12.352941176470589,11.470588235294118,2.941176470588235,0.29411764705882354,0.8823529411764706,60,29,6.99,3.38,4.54,1.42,17.647058823529413,8.529411764705882,2,26,44.1,194,11.538461538461538,0,,0,0,0,23.195876288659793,14.948453608247423,13.917525773195877,4.639175257731959,0,0.5154639175257731,35,18,7.11,3.65,5.48,1.42,18.04123711,9.278350515
593,Austin Cox,KCR,10,34,77.2,344,8.823529411764707,8.823529411764707,,0,0,,22.674418604651162,12.5,11.627906976744185,2.616279069767442,0,0.872093023,58,35,6.72,4.05,4.63,1.45,16.86046511627907,10.174418604651162,1,13,21.1,102,0,0,,0,15.384615384615385,0,29.411764705882355,20.588235294117645,20.588235294117645,8.823529411764707,0,0,22,7,9.28,2.95,8.86,1.73,21.56862745,6.862745098
595,Gunnar Hoglund,ATH,21,22,106.2,458,27.27272727272727,36.36363636363637,,0,0,,24.45414847161572,13.537117903930133,12.445414847161572,3.711790393013101,0,1.3100436681222707,75,30,6.33,2.53,4.81,1.33,16.375545851528383,6.550218340611353,6,6,32.1,139,16.666666666666664,50,,0,0,0,27.33812949640288,16.546762589928058,16.546762589928058,7.194244604316546,0,0,23,11,6.4,3.06,6.4,1.52,16.54676259,7.913669065
602,Kyle Nicolas,PIT,8,43,76.1,340,6.976744186046512,6.976744186046512,,2.3255813953488373,25.581395348837212,,21.176470588235293,12.058823529411764,11.176470588235295,2.6470588235294117,0,1.7647058823529411,74,39,8.73,4.6,4.48,1.45,21.764705882352942,11.470588235294118,0,31,38,167,3.225806451612903,6.451612903225806,,0,9.677419355,3.225806451612903,20.35928143712575,12.574850299401197,11.976047904191617,1.7964071856287425,0,1.1976047904191618,34,18,8.05,4.26,4.74,1.37,20.35928144,10.77844311
605,Cole Winn,TEX,12,24,76.2,343,16.666666666666664,25,,0,0,,21.574344023323615,14.285714285714285,13.119533527696792,2.9154518950437316,0,1.1661807580174928,65,40,7.63,4.69,5.28,1.49,18.950437317784257,11.661807580174926,0,33,41.2,162,0,3.0303030303030303,,0,12.121212121212121,0,14.19753086419753,4.938271604938271,4.320987654320987,1.8518518518518516,1.2345679012345678,2.4691358024691357,35,17,7.56,3.67,1.51,0.96,21.60493827,10.49382716
610,Jackson Kowar,SEA,9,26,64,289,15.384615384615385,19.230769230769234,,0,3.8461538461538463,,21.453287197231834,12.45674740484429,11.418685121107266,2.768166089965398,0,1.7301038062283738,64,31,9,4.36,4.64,1.45,22.145328719723185,10.726643598615917,0,15,17,71,13.333333333333334,0,,0,6.666666666666667,0,19.718309859154928,11.267605633802818,11.267605633802818,5.633802816901409,0,1.4084507042253522,15,7,7.94,3.71,4.24,1.24,21.12676056,9.85915493
619,Wikelman Gonzalez,CHW,22,25,88.2,400,12,24,,0,0,,21.5,14.000000000000002,13,3.25,0,1.7500000000000002,81,50,8.22,5.07,5.28,1.53,20.25,12.5,0,16,20.1,87,6.25,0,,0,6.25,0,14.942528735632186,10.344827586206897,6.896551724137931,1.1494252873563218,0,0,25,12,11.07,5.31,2.66,1.23,28.73563218,13.79310345
621,Emerson Hancock,SEA,25,25,126,545,28.000000000000004,32,,0,4,,23.486238532110093,12.660550458715598,11.743119266055047,3.486238532110092,0,1.2844036697247707,89,43,6.36,3.07,4.57,1.36,16.33027523,7.889908256880735,16,22,90,385,18.181818181818183,22.727272727272727,,0,0,0,24.155844155844157,13.246753246753245,12.727272727272727,3.896103896103896,0,1.2987012987012987,64,31,6.4,3.1,4.9,1.38,16.62337662,8.051948052
622,Carlos Carrasco,NYY,17,17,82.1,372,23.52941176470588,41.17647058823529,,0,5.882352941,,25,13.440860215053762,12.365591397849462,3.763440860215054,0,1.0752688172043012,69,30,7.55,3.28,5.03,1.49,18.548387096774192,8.064516129032258,9,11,45.2,212,18.181818181818183,18.181818181818183,,0,0,0,28.77358490566038,16.98113208,16.98113208,4.716981132075472,0,0,34,17,6.7,3.35,7.09,1.71,16.03773585,8.018867925
624,Kyle Leahy,STL,6,39,84,366,10.256410256410255,10.256410256410255,,0,25.64102564102564,,23.224043715846996,12.021857923497267,11.202185792349727,2.732240437,0,0.819672131,64,32,6.86,3.43,4.39,1.39,17.48633879781421,8.743169398907105,1,62,88,363,6.451612903225806,3.225806451612903,,1.6129032258064515,29.03225806451613,6.451612903225806,22.03856749311295,8.815426997,8.264462809917356,1.3774104683195594,0.27548209366391185,0.27548209366391185,80,28,8.18,2.86,3.07,1.23,22.03856749,7.713498623
628,Taylor Clarke,KCR,9,29,54.1,242,6.896551724137931,13.793103448275861,,0,3.4482758620689653,,24.793388429752067,12.80991736,11.983471074380166,3.3057851239669422,0.4132231404958678,0.8264462809917356,43,18,7.13,2.98,4.81,1.44,17.768595041322314,7.438016529,0,51,55.1,206,1.9607843137254901,1.9607843137254901,,1.9607843137254901,9.803921568627452,1.9607843137254901,18.446601941747574,9.708737864,9.708737864,3.8834951456310676,0,0.48543689320388345,44,9,7.16,1.46,3.25,0.85,21.3592233,4.368932039
630,Kai-Wei Teng,SFG,18,25,93.1,427,16,28.000000000000004,,0,4,,21.779859484777518,12.646370023419204,11.70960187,2.3419203747072603,0,3.0444964871194378,79,46,7.62,4.44,4.82,1.49,18.501170960187356,10.772833723653395,7,8,29.2,139,25,50,,0,0,0,20.863309352517987,17.26618705035971,15.107913669064748,1.4388489208633095,0,5.0359712230215825,39,17,11.83,5.16,6.37,1.55,28.05755396,12.23021583
634,Ryan Bergert,SDP,20,21,88.2,389,23.809523809523807,28.57142857142857,,0,0,,23.39331619537275,13.367609254498714,12.339331619537274,3.5989717223650386,0,0.7712082262210797,67,35,6.8,3.55,4.87,1.42,17.223650385604113,8.997429305912597,15,19,76.1,323,10.526315789473683,10.526315789473683,,0,0,0,18.885448916408667,9.907120743034056,9.597523219814242,2.476780185758514,0.30959752321981426,0.30959752321981426,73,35,8.61,4.13,3.66,1.26,22.6006192,10.83591331
637,Carson Fulmer,PIT,7,34,72.2,321,5.882352941,11.76470588235294,,0,2.941176470588235,,22.118380062305295,12.461059190031152,11.526479750778815,2.4922118380062304,0.9345794392523363,1.2461059190031152,60,36,7.43,4.46,4.58,1.47,18.69158878504673,11.214953271028037,0,13,29.1,123,0,0,,0,0,0,20.32520325203252,15.447154471544716,15.447154471544716,4.0650406504065035,0,0,26,11,7.98,3.38,5.83,1.23,21.13821138,8.943089431
646,Eduardo Salazar,WSN,10,38,80.1,361,7.894736842105263,10.526315789473683,,2.631578947368421,31.57894736842105,,22.99168975069252,12.465373961218837,11.634349030470915,2.4930747922437675,0,2.216066482,59,34,6.61,3.81,4.71,1.46,16.343490304709142,9.418282548476455,0,30,29,150,0,3.3333333333333335,,0,6.666666666666667,3.3333333333333335,31.333333333333336,19.333333333333332,18,4.666666666666667,0,0.6666666666666667,23,16,7.14,4.97,8.38,2.17,15.33333333,10.66666667
663,Bryce Jarvis,ARI,10,35,84.2,372,11.428571428571429,11.428571428571429,,0,20,,22.043010752688172,11.559139784946236,10.75268817204301,2.4193548387096775,0.5376344086021506,1.0752688172043012,64,40,6.8,4.25,4.25,1.44,17.20430107526882,10.75268817204301,0,12,22,98,0,0,,8.333333333333332,8.333333333333332,0,23.46938775510204,14.285714285714285,14.285714285714285,3.061224489795918,0,1.0204081632653061,21,10,8.59,4.09,5.73,1.5,21.42857143,10.20408163
680,Casey Lawrence,SEA,20,22,121.2,530,31.818181818181817,40.909090909090914,,0,4.545454545454546,,26.22641509433962,13.39622641509434,12.452830188679245,3.7735849056603774,0,0.9433962264150944,74,30,5.47,2.22,4.88,1.39,13.962264150943396,5.660377358490567,0,6,17.2,80,16.666666666666664,33.33333333333333,,0,0,0,32.5,18.75,10,2.5,0,1.25,7,1,3.57,0.51,4.08,1.53,8.75,1.25
681,Chase Shugart,BOS,6,37,70.1,310,8.108108108108109,13.513513513513514,,0,2.7027027027027026,,23.870967741935484,12.580645161290322,11.612903225806452,2.903225806451613,0,1.2903225806451613,53,26,6.79,3.33,4.61,1.42,17.096774193548388,8.387096774,0,35,45,181,11.428571428571429,8.571428571428571,,0,14.285714285714285,5.714285714285714,18.23204419889503,9.944751381,9.392265193370166,3.314917127071823,1.1049723756906076,0.5524861878453038,31,17,6.2,3.4,3.4,1.11,17.12707182,9.392265193
692,Cole Henry,WSN,12,15,38,169,6.666666666666667,20,,0,0,,21.893491124260358,14.201183431952662,13.017751479289942,2.9585798816568047,0,2.366863905325444,32,18,7.58,4.26,5.21,1.45,18.93491124260355,10.650887573964498,0,57,52.2,241,1.7543859649122806,3.508771929824561,,3.508771929824561,15.789473684210526,0,17.842323651452283,11.20331950207469,10.37344398340249,2.904564315352697,0.4149377593360996,4.564315352697095,52,32,8.89,5.47,4.27,1.42,21.57676349,13.2780083
695,Riley O'Brien,STL,7,29,50.2,226,10.344827586206897,10.344827586206897,,0,13.793103448275861,,20.353982300884958,11.946902654867257,11.061946902654867,2.6548672566371683,0,2.2123893805309733,51,27,9.05,4.79,4.44,1.44,22.566371681415927,11.946902654867257,0,42,48,199,7.142857142857142,2.380952380952381,,14.285714285714285,14.285714285714285,7.142857142857142,16.582914572864322,6.532663316582915,5.527638190954774,1.0050251256281406,1.0050251256281406,3.5175879396984926,45,22,8.44,4.13,2.06,1.15,22.61306533,11.05527638
697,Ryan Yarbrough,,6,31,90,383,12.903225806451612,16.129032258064516,,0,0,,23.237597911227155,12.532637075718014,11.488250652741515,3.3942558746736298,0.26109660574412535,2.3498694516971277,66,25,6.6,2.5,4.4,1.27,17.232375979112273,6.527415143603134,8,19,64,264,15.789473684210526,5.263157894736842,,5.263157894736842,0,0,21.96969696969697,11.742424242424242,11.742424242424242,4.924242424242424,0,0.7575757575757576,55,19,7.73,2.67,4.36,1.2,20.83333333,7.196969697
713,Ryan Rolison,COL,7,23,45,202,8.695652173913043,13.043478260869565,,0,0,,25.247524752475247,13.861386138613863,12.871287128712872,3.4653465346534658,0.49504950495049505,0.49504950495049505,31,17,6.2,3.4,5.2,1.51,15.346534653465346,8.415841584158416,1,31,42.1,193,3.225806451612903,0,,0,0,0,28.497409326424872,18.134715025906736,17.098445595854923,5.699481865284974,0,0,25,20,5.31,4.25,7.02,1.77,12.95336788,10.3626943
728,Victor Mederos,LAA,21,25,96.2,443,20,32,,0,4,,23.024830699774267,13.99548532731377,12.866817155756207,3.160270880361174,0,2.4830699774266365,72,45,6.7,4.19,5.31,1.52,16.252821670428894,10.15801354401806,3,5,17,81,0,40,,0,0,0,22.22222222222222,17.28395061728395,17.28395061728395,4.938271604938271,0,3.7037037037037033,14,12,7.41,6.35,7.41,1.76,17.28395062,14.81481481
739,Jose Urena,,10,26,87,383,15.384615384615385,23.076923076923077,,0,0,,23.759791122715406,14.099216710182768,13.054830287206268,3.3942558746736298,0.26109660574412535,0.7832898172323759,59,35,6.1,3.62,5.17,1.45,15.404699738903393,9.138381201044385,6,19,55,245,0,5.263157894736842,,5.263157894736842,0,0,23.26530612244898,11.83673469387755,11.428571428571429,3.2653061224489797,0.40816326530612246,1.2244897959183674,34,23,5.56,3.76,4.58,1.45,13.87755102,9.387755102
745,Matt Sauer,LAD,10,28,66.2,298,10.714285714285714,14.285714285714285,,0,0,,22.818791946308725,13.422818791946309,12.416107382550337,3.3557046979865772,0,2.013422818791946,54,28,7.29,3.78,4.99,1.44,18.120805369127517,9.395973154362416,1,10,29.2,129,20,10,,10,0,0,27.131782945736433,17.829457364341085,16.27906976744186,4.651162790697675,0,1.550387596899225,24,8,7.28,2.43,6.37,1.45,18.60465116,6.201550388
779,Corbin Martin,BAL,6,25,54.1,244,12,12,,0,0,,22.950819672131146,13.114754098360656,12.295081967213115,2.8688524590163933,0,0.819672131,44,27,7.29,4.48,4.97,1.53,18.03278689,11.065573770491802,0,17,18,89,5.882352941,0,,11.76470588235294,5.882352941,0,24.719101123595504,16.853932584269664,13.48314606741573,4.494382022,0,2.247191011235955,23,9,11.5,4.5,6,1.72,25.84269663,10.11235955
780,Jacob Misiorowski,MIL,20,30,83.2,378,10,13.333333333333334,,0,0,,18.78306878306878,13.227513227513226,12.16931216931217,3.1746031746031744,0,4.232804232804233,88,48,9.46,5.16,4.95,1.42,23.28042328042328,12.698412698412698,14,15,66,273,33.33333333333333,20,,0,0,0,18.681318681318682,12.454212454212454,11.72161172161172,2.93040293,0,1.098901098901099,87,31,11.86,4.23,4.36,1.24,31.86813187,11.35531136
900,Cade Gibson,MIA,13,20,77.1,353,15,25,,0,0,,24.929178470254957,13.881019830028329,12.747875354107649,3.399433428,0,2.266288952,48,31,5.59,3.61,5.24,1.54,13.59773371104816,8.781869688,1,44,54.2,230,9.090909090909092,11.363636363636363,,0,9.090909090909092,4.545454545454546,19.130434782608695,7.826086957,6.956521739130435,1.3043478260869565,1.3043478260869565,2.608695652173913,43,21,7.08,3.46,2.63,1.19,18.69565217,9.130434783