#,Name,Team,G,AB,PA,HIP,H,1B,2B,3B,HR,R,RBI,BB,IBB,SO,HBP,SF,SH,SB,CS,NSB,AVG,OBP,SLG,OPS,BABIP,K%,BB%,real_AB,real_PA,real_HIP,real_H,real_1B,real_2B,real_3B,real_HR,real_R,real_RBI,real_BB,real_IBB,real_SO,real_HBP,real_SF,real_SH,real_SB,real_CS,real_NSB,real_AVG,real_OBP,real_SLG,real_OPS,real_BABIP,real_K%,real_BB%,Unnamed: 54,Unnamed: 55,Unnamed: 56,Unnamed: 57,Unnamed: 58,Unnamed: 59,Unnamed: 60,Unnamed: 61,Unnamed: 62
1,Ronald Acuna Jr.,ATL,152,191.3117647,222,47.66470588,0.2647058823423423,0.7465753425519721,0.23287671234026294,0.020547945212664346,0.049999999999999996,0.1838235294144144,0.1382352940990991,0.11617647058558558,0.005882352941441442,0.15588235292792793,0.01617647059009009,0.005882352941441442,0.0014705882342342343,0.08676470590090091,0.020588235292792793,0.06617647058558558,0.307,0.397058824,0.549488055,0.946546878,0.324444444,15.58823529,11.61764706,192,222,44,0.21621621621621623,0.7954545454545454,0.18181818181818182,0.022727272727272728,0.018018018018018018,0.17117117117117117,0.06756756756756757,0.12162162162162163,0.0,0.23873873873873874,0.013513513513513514,0.0,0.0,0.07207207207207207,0.013513513513513514,0.05855855855855856,0.25,0.351,0.365,0.716,0.326,23.9,12.2,,,,,,,,,
2,Marcus Semien,TEX,153,638.8088235,718,138.32058826000002,0.2352941176880223,0.7175572518057478,0.2595419846864668,0.022900763355964054,0.042647058830083566,0.13970588231197772,0.13235294116991644,0.08970588235376045,0.0,0.16176470584958216,0.005882352941504179,0.007352941176880222,0.0014705882353760447,0.026470588231197772,0.007352941176880222,0.019117647061281336,0.265,0.333333333,0.474380165,0.807713499,0.278131635,16.17647059,8.970588235,650,718,131,0.21448467966573817,0.7786259541984732,0.20610687022900764,0.015267175572519083,0.03203342618384401,0.14066852367688024,0.10306406685236769,0.08913649025069638,0.002785515320334262,0.14623955431754876,0.004178272980501393,0.001392757660167131,0.0,0.011142061281337047,0.004178272980501393,0.006963788300835654,0.237,0.308,0.391,0.699,0.25,14.6,8.9,,,,,,,,,
3,Freddie Freeman,LAD,153,555.0694239,638,145.12850815000002,0.26440177257053293,0.7337662335089605,0.2467532467362443,0.019480519479177182,0.03692762186520376,0.1491875923197492,0.13884785819749215,0.11078286557993731,0.013293943869905955,0.15657311669278998,0.013293943869905955,0.005908419498432602,0.0014771048746081506,0.02363367799373041,0.007385524371473355,0.016248153620689654,0.304,0.388478582,0.505942275,0.894420857,0.333333333,15.65731167,11.07828656,542,638,131,0.23981191222570533,0.7175572519083969,0.26717557251908397,0.015267175572519083,0.034482758620689655,0.12695924764890282,0.13949843260188088,0.12225705329153605,0.014106583072100314,0.15673981191222572,0.01567398119122257,0.012539184952978056,0.0,0.014106583072100314,0.003134796238244514,0.0109717868338558,0.282,0.378,0.476,0.854,0.306,15.7,12.2,,,,,,,,,
4,Trea Turner,PHI,153,491.3223388,539,118.79010495,0.25637181410018556,0.7482993196900951,0.21768707478526395,0.027210884352367095,0.03598200899814471,0.14242878560296846,0.12743628185528758,0.06896551723562153,0.0014992503747680889,0.20089955027829312,0.007496251873840446,0.0059970014990723556,0.0014992503747680889,0.047976011985157704,0.008995502248608534,0.03898050974025974,0.28,0.334841629,0.463815789,0.798657418,0.323788546,20.08995502,6.896551724,505,539,128,0.2764378478664193,0.8046875,0.1953125,0.0,0.03896103896103896,0.16326530612244897,0.1150278293135436,0.05009276437847866,0.0,0.18181818181818182,0.011131725417439703,0.0018552875695732839,0.0,0.03525046382189239,0.0074211502782931356,0.027829313543599257,0.295,0.338,0.469,0.807,0.331,18.2,5.0,,,,,,,,,
5,Austin Riley,ATL,153,417.5157895,469,90.97894736,0.24962406012793179,0.7286821705869426,0.24806201549791157,0.015503875972741303,0.055639097739872065,0.1473684210447761,0.15939849624733474,0.08571428571428572,0.004511278196162047,0.23609022558635392,0.015037593985074626,0.007518796991471215,0.0,0.0030075187974413645,0.0,0.0030075187974413645,0.28,0.350903614,0.527027027,0.877930641,0.320099256,23.60902256,8.571428571,425,469,90,0.232409381663113,0.6888888888888889,0.28888888888888886,0.022222222222222223,0.04051172707889126,0.13432835820895522,0.11940298507462686,0.07889125799573561,0.0,0.2515991471215352,0.010660980810234541,0.0042643923240938165,0.0,0.0,0.0,0.0,0.256,0.322,0.461,0.783,0.31,25.2,7.9,,,,,,,,,
6,Juan Soto,NYY,153,568.2556391,713,120.08421056,0.22255639102384292,0.7410714283335003,0.24107142850005006,0.017857142850005007,0.054135338345021045,0.16240601500701263,0.14436090224403927,0.18947368415147264,0.013533834586255261,0.16390977447405328,0.006015037594670407,0.006015037594670407,0.0015037593983169705,0.015037593983169706,0.006015037594670407,0.009022556391304348,0.278,0.418674699,0.541509434,0.960184133,0.287917738,16.39097744,18.94736842,576,713,125,0.23281907433380084,0.72,0.248,0.032,0.05750350631136045,0.17952314165497896,0.15287517531556802,0.18092566619915848,0.002805049088359046,0.16690042075736325,0.005610098176718092,0.005610098176718092,0.0,0.009817671809256662,0.005610098176718092,0.004207573632538569,0.288,0.419,0.569,0.989,0.298,16.7,18.1,,,,,,,,,
7,Vladimir Guerrero Jr.,TOR,153,611.8461538,697,144.02564106,0.25490196083213773,0.7591240871787028,0.2408759123352726,0.007299270069293036,0.04826546002869441,0.14177978883787662,0.14932126700143472,0.10256410256814921,0.009049773756097562,0.1432880844619799,0.010558069381635582,0.00754147812912482,0.0015082956255380202,0.010558069381635582,0.0030165912525107605,0.00754147812912482,0.29,0.36858006,0.517182131,0.885762191,0.297826087,14.32880845,10.25641026,616,697,169,0.2855093256814921,0.7337278106508875,0.2603550295857988,0.005917159763313609,0.043041606886657105,0.1406025824964132,0.14777618364418937,0.10329985652797705,0.01721664275466284,0.13773314203730272,0.007173601147776184,0.005738880918220947,0.0,0.0028694404591104736,0.0028694404591104736,0.0,0.323,0.396,0.544,0.94,0.342,13.8,10.3,,,,,,,,,
8,Matt Olson,ATL,153,583.7481146,685,112.61689294000001,0.22926093518248175,0.7339449539247783,0.2660550458088317,0.009174311926279644,0.06485671191240876,0.15384615386861314,0.16742081445255474,0.12820512820437957,0.00904977375620438,0.2247360483211679,0.010558069381021898,0.007541478129927007,0.0015082956262773722,0.0030165912525547444,0.0015082956262773722,0.0015082956262773722,0.27,0.36858006,0.553982301,0.922562361,0.288359788,22.47360483,12.82051282,600,685,119,0.21605839416058395,0.680672268907563,0.31092436974789917,0.008403361344537815,0.042335766423357665,0.11386861313868613,0.14306569343065692,0.10364963503649635,0.0072992700729927005,0.24817518248175183,0.013138686131386862,0.0072992700729927005,0.0,0.0,0.0,0.0,0.247,0.333,0.457,0.79,0.293,24.8,10.4,,,,,,,,,
9,Julio Rodriguez,SEA,151,552.8111782,613,128.71148036,0.25830815709624794,0.7338129496749423,0.2374100719262367,0.02158273381076976,0.048338368580750406,0.15558912386623164,0.13595166163132136,0.07703927492659053,0.007552870091353996,0.23716012088091354,0.01510574018107667,0.004531722053833605,0.0015105740179445352,0.051359516623164764,0.013595166163132137,0.03776435045676998,0.286,0.350983359,0.510887772,0.861871131,0.338199513,23.71601208,7.703927492,567,613,135,0.2528548123980424,0.8740740740740741,0.1259259259259259,0.0,0.03262642740619902,0.12398042414355628,0.11092985318107668,0.06199021207177814,0.0016313213703099511,0.2544861337683524,0.009787928221859706,0.0032626427406199023,0.0,0.03915171288743882,0.008156606851549755,0.03099510603588907,0.273,0.325,0.409,0.734,0.344,25.4,6.2,,,,,,,,,
10,Mookie Betts,LAD,149,442.6202723,516,98.36006047000001,0.24357034786821705,0.7063492066598563,0.2777777778850932,0.023809523823079447,0.05295007563953488,0.15885022693798448,0.15279878970930233,0.12102874432170542,0.0030257186085271316,0.15431164901162792,0.012102874432170544,0.007564296521317829,0.0015128593042635658,0.021180030251937983,0.006051437217054263,0.015128593040697674,0.284,0.377272727,0.543209877,0.920482604,0.289655172,15.4311649,12.10287443,450,516,111,0.25193798449612403,0.7387387387387387,0.21621621621621623,0.04504504504504504,0.03682170542635659,0.14534883720930233,0.14534883720930233,0.1182170542635659,0.003875968992248062,0.11046511627906977,0.001937984496124031,0.007751937984496124,0.0,0.031007751937984496,0.003875968992248062,0.027131782945736434,0.289,0.372,0.491,0.863,0.294,11.0,11.8,,,,,,,,,
11,Bobby Witt Jr.,KCR,152,651.805175,709,150.00152206,0.25418569252468265,0.7122302156191868,0.24460431658369264,0.050359712236642616,0.04261796042313117,0.15677321156558532,0.1263318112693935,0.060882800606488006,0.0015220700155148096,0.18417047179125529,0.00913242009167842,0.00761035007616361,0.0015220700155148096,0.07001522070521861,0.015220700155148096,0.05479452055007052,0.277,0.32519084,0.496688742,0.821879581,0.302173913,18.41704718,6.088280061,636,709,179,0.29760225669957685,0.6871508379888268,0.25139664804469275,0.061452513966480445,0.045133991537376586,0.1763046544428773,0.153737658674189,0.08039492242595205,0.012693935119887164,0.14950634696755993,0.011283497884344146,0.011283497884344146,0.0,0.04372355430183357,0.01692524682651622,0.02679830747531735,0.332,0.389,0.588,0.977,0.354,15.0,8.0,,,,,,,,,
12,Jose Ramirez,CLE,151,597.7896341,682,138.2713415,0.2454268293255132,0.6917293231005501,0.2706766916700522,0.030075187959321275,0.042682926832844574,0.14481707316715542,0.14481707316715542,0.10518292683284457,0.021341463416422287,0.1097560975659824,0.007621951219941349,0.00914634146334311,0.0015243902434017595,0.045731707316715546,0.013719512195014662,0.03201219511730205,0.279,0.358778626,0.500869565,0.859648191,0.276507277,10.97560976,10.51829268,620,682,134,0.2536656891495601,0.6940298507462687,0.291044776119403,0.014925373134328358,0.05718475073313783,0.16715542521994134,0.17302052785923755,0.07917888563049853,0.017595307917888565,0.12023460410557185,0.001466275659824047,0.008797653958944282,0.0,0.060117302052785926,0.010263929618768328,0.04985337243401759,0.279,0.335,0.537,0.872,0.265,12.0,7.9,,,,,,,,,
13,Francisco Lindor,NYM,153,607.754977,689,125.56049008,0.22511485457184324,0.7478991594423379,0.23529411760957983,0.016806722685260806,0.042879019912917274,0.13782542113207547,0.12863705972423803,0.09188361409288824,0.0030627871364296085,0.1944869831640058,0.012251148545718434,0.0076569678403483315,0.0015313935674891148,0.033690658505079824,0.009188361409288824,0.024502297097242384,0.256,0.331278891,0.456597222,0.787876113,0.279342723,19.44869832,9.188361409,618,689,136,0.24528301886792453,0.7058823529411765,0.2867647058823529,0.007352941176470588,0.047895500725689405,0.15529753265602322,0.1320754716981132,0.08127721335268505,0.0,0.18432510885341075,0.01741654571843251,0.0043541364296081275,0.0,0.0420899854862119,0.005805515239477504,0.036284470246734396,0.273,0.344,0.5,0.844,0.295,18.4,8.1,,,,,,,,,
14,Alex Bregman,HOU,149,539.6779141,634,119.60429449,0.22546012271293375,0.7317073169752869,0.25203252030820955,0.00813008129972541,0.03680981594637224,0.1349693251577287,0.1273006135015773,0.1273006135015773,0.001533742331230284,0.11656441717665615,0.012269938649842271,0.009202453987381704,0.001533742331230284,0.003067484662460568,0.001533742331230284,0.001533742331230284,0.264,0.365030675,0.452252252,0.817282927,0.26681128,11.65644172,12.73006135,581,634,125,0.23817034700315456,0.744,0.24,0.016,0.04100946372239748,0.12460567823343849,0.11829652996845426,0.0694006309148265,0.0015772870662460567,0.13564668769716087,0.007886435331230283,0.006309148264984227,0.0,0.00473186119873817,0.0015772870662460567,0.0031545741324921135,0.26,0.315,0.453,0.768,0.264,13.6,6.9,,,,,,,,,
15,Pete Alonso,NYM,152,602.7623457,695,109.39814810000001,0.2222222221582734,0.7450980395526456,0.23529411774384504,0.009803921571136723,0.06481481482014388,0.1388888888920863,0.16666666661870505,0.10185185185611512,0.01234567901294964,0.21141975309352518,0.02314814814388489,0.0077160493827338125,0.0015432098762589927,0.0077160493827338125,0.0015432098762589927,0.00617283950647482,0.256,0.347222222,0.524911032,0.872133254,0.262886598,21.14197531,10.18518519,608,695,112,0.21007194244604316,0.7232142857142857,0.2767857142857143,0.0,0.04892086330935252,0.13093525179856116,0.12661870503597122,0.10071942446043165,0.0057553956834532375,0.2474820143884892,0.01870503597122302,0.0057553956834532375,0.0,0.004316546762589928,0.0,0.004316546762589928,0.24,0.329,0.459,0.788,0.276,24.7,10.1,,,,,,,,,
16,Kyle Schwarber,PHI,148,574.5308642,692,85.43209878,0.18672839508670522,0.7374999998800216,0.2374999999970737,0.024999999994147398,0.06327160494219652,0.1435185185115607,0.1651234567919075,0.15277777774566476,0.004629629630057803,0.2901234567919075,0.01080246913583815,0.004629629630057803,0.0,0.004629629630057803,0.00154320987716763,0.003086419752890174,0.226,0.350850077,0.496282528,0.847132605,0.256410256,29.01234568,15.27777778,573,692,104,0.20520231213872833,0.7884615384615384,0.21153846153846154,0.0,0.05491329479768786,0.15895953757225434,0.15028901734104047,0.1531791907514451,0.005780346820809248,0.2846820809248555,0.0072254335260115606,0.011560693641618497,0.0,0.0072254335260115606,0.004335260115606936,0.002890173410404624,0.248,0.366,0.485,0.851,0.301,28.5,15.3,,,,,,,,,
17,Fernando Tatis Jr.,SDP,148,387.3055556,438,83.81481482,0.2438271605022831,0.709677419293259,0.2580645161174861,0.024193548388251395,0.052469135799086755,0.15895061728310503,0.14814814815068494,0.09722222221461188,0.0030864197534246577,0.22685185184931506,0.009259259260273973,0.006172839506849315,0.0015432098767123288,0.04938271605022831,0.012345679011415525,0.03703703703196347,0.275,0.351393189,0.518324607,0.869717796,0.313131313,22.68518519,9.722222222,398,438,89,0.2511415525114155,0.7528089887640449,0.23595505617977527,0.011235955056179775,0.04794520547945205,0.1461187214611872,0.11187214611872145,0.0730593607305936,0.0,0.2191780821917808,0.01598173515981735,0.00228310502283105,0.0,0.02511415525114155,0.00684931506849315,0.0182648401826484,0.276,0.34,0.492,0.833,0.316,21.9,7.3,,,,,,,,,
18,Rafael Devers,BOS,149,533.9116279,601,119.26821710000002,0.2527131783693844,0.7187499997432257,0.26562499993973665,0.015624999990043447,0.05426356589018303,0.13953488372712147,0.1612403100831947,0.09147286821963395,0.010852713178036604,0.1813953489184692,0.012403100775374376,0.006201550387687188,0.0,0.007751937985024959,0.003100775193011647,0.004651162790349418,0.284,0.357142857,0.534031414,0.891174271,0.301176471,18.13953488,9.147286822,525,601,115,0.23793677204658903,0.6608695652173913,0.2956521739130435,0.043478260869565216,0.04658901830282862,0.1447587354409318,0.13810316139767054,0.11148086522462562,0.02329450915141431,0.24459234608985025,0.004991680532445923,0.009983361064891847,0.0,0.004991680532445923,0.0,0.004991680532445923,0.272,0.354,0.516,0.871,0.323,24.5,11.1,,,,,,,,,
19,Nathaniel Lowe,TEX,151,493.1705426,565,116.50387596000002,0.23875968991150445,0.7669172932982649,0.21804511284003805,0.015037593981864633,0.03255813953982301,0.13178294573451327,0.11937984495575223,0.11162790697345133,0.003100775192920354,0.22170542637168142,0.007751937984070797,0.00620155038761062,0.001550387596460177,0.004651162791150442,0.001550387596460177,0.003100775192920354,0.274,0.358695652,0.444049734,0.802745386,0.330024814,22.17054264,11.1627907,486,565,113,0.22831858407079647,0.8495575221238938,0.1415929203539823,0.008849557522123894,0.02831858407079646,0.10973451327433628,0.12212389380530973,0.1256637168141593,0.0017699115044247787,0.22123893805309736,0.007079646017699115,0.007079646017699115,0.0,0.0035398230088495575,0.0,0.0035398230088495575,0.265,0.361,0.401,0.762,0.324,22.1,12.6,,,,,,,,,
20,Paul Goldschmidt,STL,147,569.8418605,654,125.7302326,0.23255813960244648,0.7580645159006888,0.23387096764187487,0.016129032254729166,0.040310077522935785,0.1348837209327217,0.13178294573394495,0.11472868217125383,0.003100775194189603,0.2232558139143731,0.006201550386850154,0.006201550386850154,0.0015503875963302754,0.013953488371559632,0.004651162790519878,0.009302325581039756,0.266,0.354037267,0.466192171,0.820229438,0.313131313,22.3255814,11.47286822,599,654,125,0.22477064220183487,0.728,0.264,0.008,0.03363914373088685,0.10703363914373089,0.09938837920489296,0.07186544342507645,0.0030581039755351682,0.26452599388379205,0.0030581039755351682,0.0030581039755351682,0.0,0.016819571865443424,0.0,0.016819571865443424,0.245,0.302,0.414,0.716,0.308,26.5,7.2,,,,,,,,,
21,Dansby Swanson,CHC,151,526.7018634,593,113.25931676,0.22981366458684654,0.7560975610639027,0.2276422764816262,0.016260162604569115,0.038819875784148396,0.1288819875716695,0.1288819875716695,0.09006211180438448,0.0015527950303541316,0.24223602478920744,0.0077639751551433385,0.0077639751551433385,0.0015527950303541316,0.023291925463743677,0.006211180124789208,0.01708074534569983,0.258,0.3296875,0.445804196,0.775491696,0.310606061,24.22360248,9.00621118,534,593,113,0.2175379426644182,0.7433628318584071,0.23893805309734514,0.017699115044247787,0.026981450252951095,0.13827993254637436,0.11129848229342328,0.09106239460370995,0.003372681281618887,0.24283305227655985,0.003372681281618887,0.00505902192242833,0.0,0.03204047217537943,0.00505902192242833,0.026981450252951095,0.242,0.312,0.39,0.701,0.3,24.3,9.1,,,,,,,,,
22,Kyle Tucker,HOU,151,297.3499222,339,68.01088647,0.2472783825958702,0.6976744186525231,0.2713178295086557,0.031007751941745862,0.04665629861356932,0.15552099533923305,0.14463452566371682,0.10575427681415929,0.009331259719764012,0.1415241057522124,0.004665629861356932,0.009331259719764012,0.00155520995280236,0.038880248820059,0.009331259719764012,0.02954898911504425,0.283,0.358814353,0.517730496,0.876544849,0.287305122,14.15241058,10.57542768,277,339,57,0.2359882005899705,0.7719298245614035,0.22807017543859648,0.0,0.06784660766961652,0.16519174041297935,0.14454277286135694,0.16519174041297935,0.008849557522123894,0.1592920353982301,0.0029498525073746312,0.0058997050147492625,0.0,0.032448377581120944,0.0,0.032448377581120944,0.289,0.408,0.585,0.993,0.282,15.9,16.5,,,,,,,,,
23,Bryan Reynolds,PIT,148,612.2367601,692,141.2024922,0.24299065419075147,0.7480916034426764,0.22137404583288228,0.030534351149363075,0.038940809971098264,0.13084112148843932,0.13707165108381503,0.09345794393063583,0.004672897196531792,0.21183800621387283,0.014018691588150289,0.006230529595375723,0.0015576323988439307,0.010903426791907514,0.004672897196531792,0.006230529595375723,0.275,0.351014041,0.471830986,0.822845026,0.318734793,21.18380062,9.345794393,622,692,147,0.24710982658959538,0.782312925170068,0.19727891156462585,0.02040816326530612,0.03468208092485549,0.10549132947976879,0.12716763005780346,0.08236994219653179,0.004335260115606936,0.2254335260115607,0.014450867052023121,0.004335260115606936,0.0,0.014450867052023121,0.002890173410404624,0.011560693641618497,0.275,0.344,0.447,0.791,0.33,22.5,8.2,,,,,,,,,
24,Ozzie Albies,ATL,148,396.3785047,435,88.76168229,0.24922118390804598,0.7099236637282531,0.24427480902356385,0.030534351130762014,0.045171339563218386,0.14485981308045978,0.14018691588505747,0.07009345795402298,0.0031152647977011495,0.16978193147126436,0.009345794393103448,0.009345794393103448,0.0015576323977011496,0.02803738317241379,0.007788161993103448,0.020249221183908046,0.273,0.328660436,0.487179487,0.815839923,0.289183223,16.97819315,7.009345794,399,435,90,0.22988505747126436,0.6666666666666666,0.32222222222222224,0.011111111111111112,0.022988505747126436,0.11954022988505747,0.12183908045977011,0.06206896551724138,0.0,0.14942528735632185,0.011494252873563218,0.009195402298850575,0.0,0.01839080459770115,0.0022988505747126436,0.016091954022988506,0.251,0.303,0.404,0.707,0.274,14.9,6.2,,,,,,,,,
25,Nico Hoerner,CHC,146,580.90625,641,156.24375,0.259375,0.8012820512820512,0.17307692307692307,0.025641025641025637,0.015625,0.13124999999999998,0.09687499999999999,0.06875,0.0031249999999999997,0.12031249999999999,0.015625,0.0062499999999999995,0.0031249999999999997,0.053125000000000006,0.012499999999999999,0.040624999999999994,0.287,0.344827586,0.398275862,0.743103448,0.3138833,12.03125,6.875,582,641,152,0.24804992199687986,0.7631578947368421,0.23026315789473684,0.006578947368421052,0.0109204368174727,0.13416536661466458,0.0748829953198128,0.0686427457098284,0.0015600624024961,0.1029641185647426,0.0187207488299532,0.0046801872074883,0.0,0.0483619344773791,0.0093603744149766,0.0390015600624025,0.273,0.335,0.373,0.708,0.297,10.3,6.9,,,,,,,,,
26,Bo Bichette,TOR,146,312.3009404,336,79.52351098,0.2727272727380952,0.7549668872781452,0.23178807943522214,0.013245033110584122,0.036050156726190476,0.1363636363690476,0.13322884011904762,0.05799373041666667,0.0,0.1927899686607143,0.006269592476190476,0.006269592476190476,0.001567398119047619,0.025078369904761904,0.006269592476190476,0.018808777428571427,0.293,0.336990596,0.475548061,0.812538656,0.33481153,19.27899687,5.799373041,311,336,66,0.20833333333333334,0.7424242424242424,0.24242424242424243,0.015151515151515152,0.011904761904761904,0.08630952380952381,0.09226190476190477,0.05952380952380952,0.002976190476190476,0.19047619047619047,0.008928571428571428,0.005952380952380952,0.0,0.01488095238095238,0.002976190476190476,0.011904761904761904,0.225,0.277,0.322,0.598,0.269,19.0,6.0,,,,,,,,,
27,Brandon Nimmo,NYM,145,568.2857143,663,131.14285717,0.22919937209653093,0.7380952379627035,0.222222222154442,0.03968253967697202,0.03139717425339367,0.13500784929110105,0.11145996859728508,0.11616954473604826,0.0,0.20251177390648567,0.018838304555052792,0.004709576138763198,0.003139717425339367,0.007849293564102565,0.003139717425339367,0.004709576138763198,0.268,0.365354331,0.446886447,0.812240778,0.315,20.25117739,11.61695447,571,663,105,0.19306184012066366,0.7333333333333333,0.23809523809523808,0.02857142857142857,0.03469079939668175,0.13273001508295626,0.13574660633484162,0.11613876319758673,0.0015082956259426848,0.2383107088989442,0.01809954751131222,0.004524886877828055,0.0,0.02262443438914027,0.0,0.02262443438914027,0.224,0.327,0.399,0.727,0.267,23.8,11.6,,,,,,,,,
28,Randy Arozarena,TBR,148,565.6012559,648,125.12401885,0.22919937206790125,0.7479674796267144,0.22764227637338233,0.02439024390399845,0.036106750385802466,0.14285714285493825,0.11302982731481481,0.09733124018518519,0.0031397174259259262,0.23547880694444442,0.02197802197530864,0.0062794348503086425,0.0015698587129629631,0.05180533751543209,0.014128728415123457,0.037676609104938266,0.262,0.349056604,0.447841727,0.79689833,0.317829457,23.54788069,9.733124019,549,648,100,0.18518518518518517,0.67,0.33,0.0,0.030864197530864196,0.11882716049382716,0.09259259259259259,0.11265432098765432,0.0,0.26080246913580246,0.033950617283950615,0.006172839506172839,0.0,0.030864197530864196,0.015432098765432098,0.015432098765432098,0.219,0.332,0.388,0.72,0.275,26.1,11.3,,,,,,,,,
29,Ian Happ,CHC,149,566.9858268,657,123.12283464000001,0.22047244094368343,0.7310924370218836,0.25210084035797503,0.01680672269323899,0.03307086614916286,0.12913385826484017,0.11968503937595129,0.11811023622526635,0.003149606299847793,0.2299212598173516,0.00944881889802131,0.006299212598173515,0.0015748031491628616,0.018897637792998478,0.004724409449010655,0.014173228347031965,0.255,0.349131122,0.432481752,0.781612873,0.309090909,22.99212598,11.81102362,569,657,113,0.2100456621004566,0.6814159292035398,0.3008849557522124,0.017699115044247787,0.0380517503805175,0.1354642313546423,0.1308980213089802,0.121765601217656,0.0015220700152207,0.2557077625570776,0.0091324200913242,0.0030441400304414,0.0,0.0197869101978691,0.0030441400304414,0.0167427701674277,0.243,0.341,0.441,0.782,0.299,25.6,12.2,,,,,,,,,
30,Xander Bogaerts,SDP,148,409.6892744,463,102.23974768000001,0.2507886436285097,0.7571428568298673,0.22857142843449552,0.007142857142857142,0.02996845425485961,0.12933753943844492,0.1261829652915767,0.08990536278617711,0.0015772870669546436,0.17507886436285097,0.009463722397408206,0.009463722397408206,0.0015772870669546436,0.017350157727861772,0.004731861198704103,0.012618296529157667,0.284,0.352380952,0.443850267,0.79623122,0.320366133,17.50788644,8.990536278,428,463,102,0.24406047516198703,0.8431372549019608,0.14705882352941177,0.00980392156862745,0.023758099352051837,0.1079913606911447,0.09503239740820735,0.06047516198704104,0.0,0.17062634989200864,0.0021598272138228943,0.012958963282937365,0.0,0.028077753779697623,0.0064794816414686825,0.02159827213822894,0.264,0.307,0.381,0.688,0.297,17.1,6.0,,,,,,,,,
31,Corbin Carroll,ARI,148,600.7962085,684,144.79620855,0.2464454976608187,0.6865671640543796,0.24626865666642483,0.06716417909272666,0.034755134283625734,0.16113744078947367,0.12164296998538011,0.09478672985380117,0.003159557662280702,0.20695102690058478,0.015797788304093566,0.006319115324561404,0.004739336492690059,0.06319115324561403,0.011058451817251461,0.05213270141812865,0.281,0.358730159,0.491007194,0.849737353,0.329238329,20.69510269,9.478672986,589,684,114,0.19883040935672514,0.6842105263157895,0.19298245614035087,0.12280701754385964,0.03216374269005848,0.17690058479532164,0.10818713450292397,0.1067251461988304,0.0,0.19005847953216373,0.014619883040935672,0.013157894736842105,0.0043859649122807015,0.05116959064327485,0.011695906432748537,0.039473684210526314,0.231,0.322,0.428,0.749,0.256,19.0,10.7,,,,,,,,,
32,Adolis Garcia,TEX,147,575.5174051,637,104.82278486000001,0.21835443045525904,0.7115384612192414,0.2692307691280317,0.019230769223430838,0.05379746835164836,0.1424050632967033,0.14398734177394035,0.07911392405023548,0.001582278480376766,0.27848101271585557,0.01107594936734694,0.006329113924646782,0.001582278480376766,0.02689873417582418,0.006329113924646782,0.02056962025117739,0.242,0.308544304,0.476357268,0.784901572,0.284931507,27.84810127,7.911392405,580,637,105,0.20408163265306123,0.7428571428571429,0.2571428571428571,0.0,0.03924646781789639,0.10675039246467818,0.13343799058084774,0.0706436420722135,0.0031397174254317113,0.2778649921507064,0.009419152276295133,0.009419152276295133,0.0,0.01726844583987441,0.007849293563579277,0.009419152276295133,0.224,0.284,0.4,0.684,0.273,27.8,7.1,,,,,,,,,
33,Bryce Harper,PHI,147,530.1598101,631,122.8053797,0.23892405055467514,0.7154471547145097,0.2764227643196644,0.01626016260751808,0.044303797464342314,0.14715189873217116,0.1439873417749604,0.14082278481774962,0.012658227847860538,0.2104430380348653,0.009493670885895403,0.007911392405705231,0.0015822784817749603,0.01898734177496038,0.009493670885895403,0.009493670885895403,0.284,0.389857369,0.516007533,0.905864902,0.328,21.0443038,14.08227848,550,631,127,0.24881141045958796,0.6692913385826772,0.33070866141732286,0.0,0.04754358161648178,0.1347068145800317,0.13787638668779714,0.12044374009508717,0.017432646592709985,0.21870047543581617,0.003169572107765452,0.003169572107765452,0.001584786053882726,0.011093502377179081,0.006339144215530904,0.004754358161648178,0.285,0.373,0.525,0.898,0.331,21.9,12.0,,,,,,,,,
34,Christian Yelich,MIL,145,269.1455696,315,62.302215194,0.22468354431746032,0.7519999999054929,0.22399999994452846,0.024000000005521473,0.02689873417777778,0.1344936708888889,0.1075949366984127,0.12974683542857143,0.007911392406349206,0.22468354431746032,0.007911392406349206,0.004746835444444444,0.0015822784825396826,0.03639240504761905,0.011075949368253969,0.025316455695238098,0.262,0.363492063,0.42037037,0.783862434,0.325520833,22.46835443,12.97468354,270,315,74,0.2698412698412698,0.7972972972972973,0.16216216216216217,0.04054054054054054,0.03492063492063492,0.13968253968253969,0.13333333333333333,0.12698412698412698,0.009523809523809525,0.18412698412698414,0.006349206349206349,0.0031746031746031746,0.0031746031746031746,0.06666666666666667,0.0031746031746031746,0.06349206349206349,0.315,0.406,0.504,0.909,0.366,18.4,12.7,,,,,,,,,
35,Christian Walker,ARI,149,488.0380952,552,99.00952379,0.22539682536231884,0.7345132744426465,0.24778761063466379,0.017699115043890264,0.04603174603260869,0.1301587301630435,0.14603174603260868,0.09523809523550725,0.0031746031739130435,0.2,0.011111111110507247,0.007936507936594204,0.0015873015869565217,0.009523809523550725,0.0015873015869565217,0.007936507936594204,0.255,0.33227345,0.468581688,0.800855138,0.277641278,20.0,9.523809524,479,552,94,0.21739130434782608,0.723404255319149,0.2765957446808511,0.0,0.04710144927536232,0.13043478260869565,0.15217391304347827,0.09963768115942029,0.007246376811594203,0.24094202898550723,0.018115942028985508,0.014492753623188406,0.0,0.0036231884057971015,0.0036231884057971015,0.0,0.251,0.335,0.468,0.803,0.287,24.1,10.0,,,,,,,,,
36,Spencer Torkelson,DET,148,334.2850318,381,66.12898089,0.21496815286089238,0.6972477063679123,0.28440366972060865,0.018348623850991272,0.041401273884514436,0.12261146496062991,0.1337579617847769,0.10191082803149606,0.003184713375328084,0.23726114650918634,0.011146496816272966,0.00796178343832021,0.001592356687664042,0.004777070062992126,0.001592356687664042,0.003184713375328084,0.245,0.328548644,0.450090744,0.778639388,0.286089239,23.72611465,10.1910828,342,381,65,0.1968503937007874,0.6615384615384615,0.3230769230769231,0.015384615384615385,0.026246719160104987,0.11811023622047244,0.09711286089238845,0.08661417322834646,0.0,0.2755905511811024,0.010498687664041995,0.0026246719160104987,0.0,0.0,0.0,0.0,0.219,0.295,0.374,0.669,0.285,27.6,8.7,,,,,,,,,
37,J.P. Crawford,SEA,145,388.9424,451,90.2,0.22240000000000001,0.768,0.216,0.016,0.0224,0.1184,0.0976,0.1184,0.0016,0.17120000000000002,0.0112,0.0064,0.0032,0.0048000000000000004,0.0016,0.0032,0.257,0.352564103,0.393320965,0.745885067,0.296208531,17.12,11.84,392,451,70,0.17516629711751663,0.7428571428571429,0.22857142857142856,0.02857142857142857,0.019955654101995565,0.12195121951219512,0.082039911308204,0.11529933481152993,0.0,0.2261640798226164,0.013303769401330377,0.0022172949002217295,0.0,0.011086474501108648,0.0,0.011086474501108648,0.202,0.304,0.321,0.625,0.248,22.6,11.5,,,,,,,,,
38,Gleyber Torres,NYY,146,593.3681672,665,133.64147911,0.23954983924812032,0.7760000000796159,0.21600000001676126,0.008000000000897924,0.03858520900751879,0.13344051446616542,0.1270096463007519,0.09003215434586466,0.0016077170421052631,0.1704180064661654,0.006430868166917293,0.009646302251127819,0.0016077170421052631,0.02572347266165414,0.008038585209022555,0.017684887458646617,0.269,0.336553945,0.45045045,0.787004396,0.290023202,17.04180064,9.003215434,587,665,136,0.22706766917293233,0.8088235294117647,0.19117647058823528,0.0,0.022556390977443608,0.12030075187969924,0.09473684210526316,0.09774436090225563,0.0,0.20451127819548873,0.004511278195488722,0.012030075187969926,0.0030075187969924814,0.006015037593984963,0.004511278195488722,0.0015037593984962407,0.257,0.33,0.378,0.709,0.306,20.5,9.8,,,,,,,,,
39,Willy Adames,MIL,145,610.0711974,688,120.23300966000001,0.22006472485465117,0.731481481738698,0.25000000012475776,0.01851851852745179,0.04530744337209302,0.12459546925872092,0.1407766990261628,0.09870550161337209,0.003236245954941861,0.2572815533430233,0.006472491909883722,0.006472491909883722,0.0,0.011326860841569768,0.003236245954941861,0.008090614886627906,0.248,0.325769854,0.458029197,0.783799051,0.295890411,25.72815534,9.870550162,610,688,121,0.22238372093023256,0.7272727272727273,0.2727272727272727,0.0,0.046511627906976744,0.13517441860465115,0.16279069767441862,0.10755813953488372,0.00436046511627907,0.251453488372093,0.0014534883720930232,0.00436046511627907,0.0,0.030523255813953487,0.005813953488372093,0.024709302325581394,0.251,0.331,0.462,0.794,0.297,25.1,10.8,,,,,,,,,
40,Ketel Marte,ARI,143,514.0226904,583,120.94651542000001,0.2414910859348199,0.7109374998643511,0.25781249994444855,0.0390624999950908,0.034035656397941684,0.13614262560891938,0.1329011345283019,0.10210696921097771,0.003241491085763293,0.17017828200686105,0.00972447325728988,0.006482982171526586,0.0016207455437392796,0.01134521880102916,0.003241491085763293,0.008103727715265865,0.275,0.353322528,0.470588235,0.823910764,0.303317536,17.0178282,10.21069692,504,583,111,0.2521440823327616,0.7747747747747747,0.2072072072072072,0.018018018018018018,0.06174957118353345,0.1595197255574614,0.16295025728987994,0.11149228130360206,0.012006861063464836,0.18181818181818182,0.008576329331046312,0.015437392795883362,0.0,0.012006861063464836,0.0017152658662092624,0.010291595197255575,0.292,0.372,0.56,0.932,0.299,18.2,11.1,,,,,,,,,
41,Nolan Arenado,STL,145,574.2787682,635,122.47163695,0.2382495948031496,0.7478991596837639,0.24369747896963992,0.008403361346596257,0.04538087519685039,0.1247974068031496,0.14424635332283464,0.07779578606299213,0.006482982171653543,0.14586709886614171,0.006482982171653543,0.009724473258267717,0.0016207455433070866,0.00810372771496063,0.0016207455433070866,0.006482982171653543,0.263,0.323051948,0.46953405,0.792585998,0.266816143,14.58670989,7.779578606,578,635,141,0.247244094488189,0.8368794326241135,0.16312056737588654,0.0,0.025196850393700787,0.11023622047244094,0.11181102362204724,0.06929133858267716,0.0031496062992125984,0.14488188976377953,0.007874015748031496,0.011023622047244094,0.0,0.0031496062992125984,0.0031496062992125984,0.0,0.272,0.325,0.394,0.719,0.296,14.5,6.9,,,,,,,,,
42,Nick Castellanos,PHI,144,607.6493506,659,132.65584412,0.2402597402124431,0.7338709679607893,0.25806451617037135,0.01612903226535965,0.038961038968133535,0.12175324675265553,0.13636363635811835,0.06168831168437026,0.0016233766236722308,0.253246753262519,0.008116883116843703,0.006493506493171472,0.0016233766236722308,0.012987012986342944,0.0032467532473444615,0.009740259740515933,0.261,0.310569106,0.452464789,0.763033894,0.316326531,25.32467532,6.168831169,606,659,131,0.2336874051593323,0.7404580152671756,0.22900763358778625,0.030534351145038167,0.03490136570561457,0.12139605462822459,0.13050075872534142,0.0622154779969651,0.0030349013657056147,0.2109256449165402,0.015174506828528073,0.0030349013657056147,0.0,0.009104704097116844,0.0030349013657056147,0.006069802731411229,0.254,0.311,0.431,0.742,0.294,21.1,6.2,,,,,,,,,
43,Jose Altuve,HOU,139,603.2650407,682,138.61788616,0.24390243900293257,0.7680000002100739,0.22400000000115425,0.007999999997980059,0.04065040651026393,0.14471544715542523,0.1300813008064516,0.09918699187683283,0.001626016259530792,0.1593495935483871,0.009756097561583578,0.004878048780058651,0.001626016259530792,0.02113821137829912,0.0065040650410557194,0.014634146341642227,0.275,0.353420195,0.46875,0.822170195,0.294811321,15.93495935,9.918699187,628,682,165,0.27126099706744866,0.8121212121212121,0.18787878787878787,0.0,0.02932551319648094,0.1378299120234604,0.09530791788856305,0.0689149560117302,0.002932551319648094,0.1744868035190616,0.010263929618768328,0.0,0.0,0.03225806451612903,0.010263929618768328,0.021994134897360705,0.295,0.35,0.439,0.79,0.337,17.4,6.9,,,,,,,,,
44,Luis Arraez,MIA,143,608.6243902,672,186.84878045899998,0.2926829267857143,0.8011695908973191,0.1812865497264123,0.017543859649216703,0.014634146340773809,0.11869918699404762,0.11869918699404762,0.07642276422619047,0.008130081300595239,0.05853658537202381,0.006504065040178571,0.009756097561011904,0.0016260162604166666,0.008130081300595239,0.0048780487797619055,0.0032520325208333332,0.323,0.376221498,0.438061041,0.81428254,0.33011583,5.853658537,7.642276423,637,672,196,0.2976190476190476,0.8214285714285714,0.16326530612244897,0.015306122448979591,0.005952380952380952,0.12351190476190477,0.06845238095238096,0.03571428571428571,0.004464285714285714,0.043154761904761904,0.011904761904761904,0.001488095238095238,0.002976190476190476,0.013392857142857142,0.004464285714285714,0.008928571428571428,0.314,0.346,0.392,0.739,0.324,4.3,3.6,,,,,,,,,
45,Steven Kwan,CLE,140,477.6585366,540,129.07317069799998,0.24715447148148148,0.7823129257145044,0.18367346941115587,0.03401360544765813,0.0081300813,0.12032520325925926,0.08943089431481481,0.09430894309259259,0.0016260162592592591,0.09593495935185185,0.0081300813,0.0081300813,0.0032520325203703702,0.027642276425925927,0.0081300813,0.01951219512962963,0.28,0.35130719,0.375,0.72630719,0.303092784,9.593495935,9.430894309,480,540,126,0.25925925925925924,0.8492063492063492,0.12698412698412698,0.023809523809523808,0.025925925925925925,0.1537037037037037,0.08148148148148149,0.09814814814814815,0.0,0.09444444444444444,0.009259259259259259,0.0,0.003703703703703704,0.022222222222222223,0.009259259259259259,0.012962962962962963,0.292,0.368,0.425,0.793,0.304,9.4,9.8,,,,,,,,,
46,CJ Abrams,WSN,147,553.8792822,602,125.70309953,0.23327895598006645,0.7421874999011808,0.2187499999825979,0.03124999999751398,0.024469820548172757,0.12724306687707643,0.09461663948504984,0.04893964111295681,0.0016313213704318935,0.18597063621262458,0.017944535066445184,0.006525285481727574,0.004893964111295682,0.057096247956810633,0.013050570961794019,0.04404567699335548,0.253,0.302134647,0.395390071,0.697524718,0.291571754,18.59706362,4.893964111,541,602,113,0.22093023255813954,0.6902654867256637,0.25663716814159293,0.05309734513274336,0.03322259136212625,0.13122923588039867,0.1079734219269103,0.0664451827242525,0.0049833887043189366,0.21262458471760798,0.026578073089700997,0.006644518272425249,0.0016611295681063123,0.05149501661129568,0.019933554817275746,0.03156146179401993,0.246,0.314,0.433,0.747,0.285,21.3,6.6,,,,,,,,,
47,Anthony Santander,BAL,140,599.8039216,665,117.35294119000001,0.22385620917293234,0.722222222132275,0.25925925921823073,0.009259259256576627,0.04738562091729324,0.12254901960902256,0.13888888888721804,0.07843137255639097,0.0016339869278195489,0.21078431368421052,0.01307189542556391,0.006535947712781955,0.0016339869278195489,0.004901960784962406,0.0016339869278195489,0.0032679738556390977,0.248,0.315359477,0.458333333,0.77369281,0.271356784,21.07843137,7.843137255,595,665,96,0.21052631578947367,0.71875,0.2604166666666667,0.020833333333333332,0.06616541353383458,0.1368421052631579,0.15338345864661654,0.08721804511278196,0.004511278195488722,0.19398496240601504,0.010526315789473684,0.007518796992481203,0.0,0.0030075187969924814,0.0,0.0030075187969924814,0.235,0.308,0.506,0.814,0.225,19.4,8.7,,,,,,,,,
48,Aaron Judge,NYY,140,582.0653595,704,106.98039213000001,0.23039215681818181,0.752688172260114,0.2365591398211301,0.010752688171138412,0.07843137254261363,0.16830065355113635,0.18627450980113636,0.15849673196022726,0.014705882357954546,0.26797385625000003,0.008169934640625,0.004901960784090909,0.0,0.013071895424715908,0.004901960784090909,0.008169934640625,0.278,0.397708674,0.610671937,1.008380611,0.313131313,26.79738562,15.8496732,559,704,122,0.2556818181818182,0.6967213114754098,0.29508196721311475,0.00819672131147541,0.08238636363636363,0.17329545454545456,0.20454545454545456,0.18892045454545456,0.028409090909090908,0.24289772727272727,0.01278409090909091,0.002840909090909091,0.0,0.014204545454545454,0.0,0.014204545454545454,0.322,0.458,0.701,1.159,0.367,24.3,18.9,,,,,,,,,
49,Gunnar Henderson,BAL,143,640.1571195,719,136.50409164,0.2291325695410292,0.7068965518226571,0.25,0.04310344827990388,0.03927986906815021,0.13747954173852572,0.12765957446453408,0.09492635025034771,0.0016366612114047288,0.25531914895688457,0.008183306055632824,0.0065466448442280945,0.0016366612114047288,0.018003273324061195,0.004909983632823366,0.013093289688456189,0.257,0.332242226,0.461397059,0.793639285,0.315217391,25.53191489,9.492635025,630,719,140,0.24617524339360222,0.7285714285714285,0.22142857142857142,0.05,0.05146036161335188,0.16411682892906815,0.12795549374130738,0.10848400556328233,0.0013908205841446453,0.2211404728789986,0.009735744089012517,0.005563282336578581,0.0,0.02920723226703755,0.005563282336578581,0.02364394993045897,0.281,0.364,0.529,0.893,0.32,22.1,10.8,,,,,,,,,
50,Ezequiel Tovar,COL,145,646.0883797,695,153.55973809,0.24877250402877696,0.7407407411266443,0.24444444453271988,0.029629629638553655,0.027823240589928057,0.12438625204316546,0.11292962356834532,0.04909983633093525,0.0,0.23895253683453235,0.008183306056115107,0.006546644844604317,0.004909983633093525,0.026186579381294966,0.006546644844604317,0.0196399345323741,0.268,0.308072488,0.433098592,0.741171079,0.33007335,23.89525368,4.909983633,655,695,150,0.25323741007194245,0.6733333333333333,0.3,0.02666666666666667,0.03741007194244604,0.11942446043165468,0.11223021582733812,0.033093525179856115,0.0014388489208633094,0.28776978417266186,0.0057553956834532375,0.010071942446043165,0.007194244604316547,0.008633093525179856,0.007194244604316547,0.0014388489208633094,0.269,0.295,0.469,0.763,0.344,28.8,3.3,,,,,,,,,
51,Shohei Ohtani,LAD,139,619.8396694,731,136.53388425,0.25123966935704517,0.7079646019812111,0.23893805321077283,0.044247787625656745,0.06446280991792065,0.18016528919288646,0.1719008264021888,0.13553719008207935,0.021487603310533517,0.224793388372093,0.008264462809849521,0.00661157024760602,0.001652892562243502,0.03636363636114911,0.018181818180574554,0.018181818180574554,0.295,0.395695364,0.59454191,0.990237275,0.330409357,22.47933884,13.55371901,636,731,143,0.2694938440492476,0.6853146853146853,0.26573426573426573,0.04895104895104895,0.07387140902872777,0.18331053351573187,0.17783857729138167,0.11080711354309165,0.013679890560875513,0.2216142270861833,0.008207934336525308,0.006839945280437756,0.0,0.08071135430916553,0.005471956224350205,0.07523939808481532,0.31,0.39,0.646,1.036,0.336,22.2,11.1,,,,,,,,,
52,Ty France,SEA,144,475.5555556,535,110.90381429,0.23217247102803737,0.7839999997893671,0.21599999994012828,0.007999999997114617,0.024875621887850467,0.11111111110280374,0.10945273631775701,0.06633499170093458,0.0016583747925233644,0.16583747927102804,0.03648424543925234,0.006633499170093458,0.0016583747925233644,0.0,0.0,0.0,0.261,0.335548173,0.401119403,0.736667576,0.294117647,16.58374793,6.633499171,479,535,99,0.20934579439252338,0.7575757575757576,0.24242424242424243,0.0,0.024299065420560748,0.08598130841121496,0.09532710280373832,0.07102803738317758,0.0,0.2130841121495327,0.024299065420560748,0.009345794392523364,0.0,0.001869158878504673,0.001869158878504673,0.0,0.234,0.305,0.365,0.67,0.277,21.3,7.1,,,,,,,,,
53,Lane Thomas,WSN,141,480.6378738,528,99.10963454,0.22425249166666666,0.7168141593875762,0.24778761059893217,0.026548672570657628,0.036544850492424244,0.12458471761363635,0.1179401993371212,0.07308970100378788,0.0,0.24750830568181817,0.011627906977272727,0.004983388704545454,0.0016611295681818181,0.024916943522727275,0.008305647840909092,0.016611295681818183,0.247,0.3089701,0.427007299,0.735977399,0.297368421,24.75083056,7.3089701,472,528,97,0.21212121212121213,0.7010309278350515,0.26804123711340205,0.030927835051546393,0.028409090909090908,0.12310606060606061,0.11931818181818182,0.08333333333333333,0.001893939393939394,0.25946969696969696,0.013257575757575758,0.00946969696969697,0.0,0.06060606060606061,0.026515151515151516,0.03409090909090909,0.237,0.309,0.4,0.709,0.298,25.9,8.3,,,,,,,,,
54,Michael Harris II,ATL,147,434.0863787,470,106.17940195999999,0.25913621255319147,0.7279411766617188,0.2500000000941802,0.022058823536059785,0.03322259136170213,0.1478405315531915,0.1229235880425532,0.05980066444680852,0.003322259136170213,0.2059800664468085,0.00996677740851064,0.00498338870425532,0.0016611295680851064,0.04152823921276596,0.00996677740851064,0.03156146178723404,0.281,0.329450915,0.460431655,0.78988257,0.327710843,20.59800664,5.980066445,440,470,100,0.24680851063829787,0.83,0.14,0.03,0.03404255319148936,0.12340425531914893,0.10212765957446808,0.04893617021276596,0.002127659574468085,0.2,0.00851063829787234,0.006382978723404255,0.0,0.02127659574468085,0.01276595744680851,0.00851063829787234,0.264,0.304,0.418,0.722,0.3,20.0,4.9,,,,,,,,,
55,Adley Rutschman,BAL,143,548.9767442,638,129.29568104,0.23255813949843263,0.7459016395154292,0.23770491808223512,0.016393442626627737,0.02990033222570533,0.12624584717868337,0.11794019934169278,0.12292358804075235,0.0049833887037617555,0.1544850498275862,0.008305647840125392,0.0066445182727272725,0.001661129567398119,0.0033222591363636362,0.001661129567398119,0.001661129567398119,0.271,0.364392679,0.438223938,0.802616617,0.296836983,15.44850498,12.2923588,571,638,124,0.22413793103448276,0.8225806451612904,0.1693548387096774,0.008064516129032258,0.029780564263322883,0.10658307210031348,0.1238244514106583,0.09090909090909091,0.004702194357366771,0.1614420062695925,0.003134796238244514,0.0109717868338558,0.0,0.001567398119122257,0.0,0.001567398119122257,0.25,0.318,0.391,0.709,0.272,16.1,9.1,,,,,,,,,
56,Luis Robert Jr.,CHW,143,390.4069767,425,84.71760796999999,0.25249169435294117,0.725000000020657,0.25833333334612096,0.01666666666863399,0.0531561461882353,0.14617940199999999,0.14285714284705883,0.05813953489411765,0.004983388703529412,0.26079734211764705,0.014950166112941178,0.006644518272941177,0.0016611295670588234,0.03322259136470588,0.00830564784,0.024916943529411765,0.274,0.326123128,0.511754069,0.837877197,0.326086957,26.07973422,5.813953488,393,425,74,0.20705882352941177,0.7432432432432432,0.25675675675675674,0.0,0.03294117647058824,0.11058823529411765,0.08235294117647059,0.06588235294117648,0.004705882352941176,0.33176470588235296,0.004705882352941176,0.002352941176470588,0.0,0.05411764705882353,0.01411764705882353,0.04,0.224,0.278,0.379,0.657,0.31,33.2,6.6,,,,,,,,,
57,Ha-Seong Kim,SDP,145,412.9118136,470,88.3693844,0.2146422629787234,0.7610619465852022,0.22123893792791885,0.017699115034233506,0.026622296170212764,0.12811980034042553,0.09816971712765958,0.09983361063829786,0.0016638935106382978,0.19134775374468085,0.009983361063829787,0.006655574042553191,0.004991680531914893,0.043261231276595744,0.00831946755319149,0.034941763723404254,0.245,0.326086957,0.390151515,0.716238472,0.281795511,19.13477537,9.983361065,403,470,83,0.2,0.7710843373493976,0.1927710843373494,0.03614457831325301,0.023404255319148935,0.1276595744680851,0.1,0.12340425531914893,0.00851063829787234,0.16382978723404254,0.00425531914893617,0.006382978723404255,0.00851063829787234,0.04680851063829787,0.010638297872340425,0.036170212765957444,0.233,0.33,0.37,0.7,0.261,16.4,12.3,,,,,,,,,
58,Manny Machado,SDP,140,573.3416667,643,124.31333337000001,0.241666666718507,0.7672413790572302,0.2155172413425567,0.008620689655311105,0.0483333333281493,0.1316666666718507,0.15,0.0933333333281493,0.00833333333281493,0.183333333281493,0.005,0.00833333333281493,0.0,0.015,0.00333333333281493,0.01166666666718507,0.27,0.340567613,0.482242991,0.822810603,0.289276808,18.33333333,9.333333333,593,643,134,0.2534992223950233,0.7761194029850746,0.22388059701492538,0.0,0.04510108864696734,0.11975116640746501,0.16329704510108864,0.06998444790046657,0.00933125972006221,0.19284603421461896,0.0015552099533437014,0.006220839813374806,0.0,0.017107309486780714,0.003110419906687403,0.013996889580093312,0.275,0.325,0.472,0.797,0.302,19.3,7.0,,,,,,,,,
59,Cody Bellinger,CHC,136,511.0550918,569,111.14023371000002,0.2370617695957821,0.726495726567246,0.23931623933238888,0.025641025647254772,0.04173622704745167,0.13522537562390158,0.13355592653778559,0.08514190316344464,0.005008347246045694,0.19699499173989457,0.006677796326889279,0.010016694490333919,0.0016694490826010546,0.033388981634446396,0.006677796326889279,0.026711185307557117,0.264,0.328881469,0.464684015,0.793565484,0.291770574,19.69949917,8.514190317,516,569,119,0.24077328646748683,0.7815126050420168,0.19327731092436976,0.025210084033613446,0.03163444639718805,0.1265377855887522,0.13708260105448156,0.07908611599297012,0.012302284710017574,0.15641476274165203,0.005272407732864675,0.008787346221441126,0.0,0.015817223198594025,0.0035149384885764497,0.012302284710017574,0.266,0.325,0.426,0.751,0.287,15.6,7.9,,,,,,,,,
60,Yordan Alvarez,HOU,139,539.4314381,635,123.17725753999999,0.25585284283464566,0.7068965516765475,0.2758620689291245,0.017241379305025888,0.061872909700787404,0.160535117007874,0.17391304346456693,0.12709030100787402,0.010033444815748032,0.19230769228346456,0.013377926422047243,0.008361204012598425,0.0016722408031496063,0.0,0.0,0.0,0.301,0.396984925,0.590551181,0.987536106,0.32132964,19.23076923,12.7090301,552,635,135,0.2677165354330709,0.7333333333333333,0.2518518518518518,0.014814814814814815,0.05511811023622047,0.13858267716535433,0.13543307086614173,0.10866141732283464,0.025196850393700787,0.14960629921259844,0.015748031496062992,0.006299212598425197,0.0,0.009448818897637795,0.0,0.009448818897637795,0.308,0.392,0.567,0.959,0.317,15.0,10.9,,,,,,,,,
61,Andrew Vaughn,CHW,143,561.9731993,619,124.42211055,0.23618090452342488,0.7583333333835656,0.2333333333735191,0.008333333331324045,0.03517587940226171,0.11390284757673667,0.1189279731987076,0.06867671691437803,0.0016750418756058159,0.19597989951534733,0.01507537688368336,0.006700167504038772,0.0016750418756058159,0.0,0.0,0.0,0.26,0.320469799,0.431734317,0.752204116,0.294117647,19.59798995,6.867671692,570,619,121,0.22617124394184168,0.743801652892562,0.24793388429752067,0.008264462809917356,0.030694668820678513,0.0888529886914378,0.11308562197092084,0.061389337641357025,0.0,0.21324717285945072,0.009693053311793215,0.008077544426494346,0.0,0.0032310177705977385,0.0,0.0032310177705977385,0.246,0.297,0.402,0.699,0.285,21.3,6.1,,,,,,,,,
62,Jeremy Pena,HOU,144,595.561139,650,139.36348411,0.23953098830769232,0.7812499995627441,0.2031250000011212,0.015624999998430365,0.025125628138461538,0.12730318258461537,0.10720268006153846,0.060301507538461536,0.0,0.21105527630769233,0.013400335007692308,0.005025125627692308,0.0016750418753846154,0.026800670015384616,0.00837520938,0.018425460630769233,0.261,0.314814815,0.398537477,0.713352292,0.312958435,21.10552764,6.030150754,602,650,145,0.24615384615384617,0.7931034482758621,0.19310344827586207,0.013793103448275862,0.023076923076923078,0.12,0.1076923076923077,0.038461538461538464,0.0015384615384615385,0.17076923076923076,0.021538461538461538,0.009230769230769232,0.004615384615384616,0.03076923076923077,0.009230769230769232,0.021538461538461538,0.266,0.308,0.394,0.701,0.301,17.1,3.8,,,,,,,,,
63,Ryan McMahon,COL,143,569.3718593,645,114.52261306,0.21775544387596898,0.7358490566037736,0.24528301886792453,0.018867924528301886,0.04020100502325581,0.1289782244496124,0.12730318257364343,0.10385259631007752,0.0016750418759689924,0.2864321607751938,0.0067001675038759695,0.0067001675038759695,0.0,0.013400335007751939,0.0033500837519379848,0.010050251255813953,0.247,0.328308208,0.440227704,0.768535912,0.31547619,28.64321608,10.38525963,567,645,117,0.2124031007751938,0.7606837606837606,0.23931623931623933,0.0,0.031007751937984496,0.10542635658914729,0.10077519379844961,0.10697674418604651,0.006201550387596899,0.2868217054263566,0.004651162790697674,0.006201550387596899,0.0,0.006201550387596899,0.009302325581395349,-0.0031007751937984496,0.242,0.325,0.397,0.722,0.32,28.7,10.7,,,,,,,,,
64,Alec Bohm,PHI,141,556.0941176,606,135.45882349,0.2521008402640264,0.7819548876254603,0.20300751882752088,0.01503759398995796,0.028571428564356436,0.11596638655115513,0.12436974790429042,0.06722689075907591,0.0016806722689768976,0.16806722689768977,0.0067226890759075906,0.008403361344884489,0.0016806722689768976,0.0067226890759075906,0.0016806722689768976,0.005042016806930693,0.274,0.32605042,0.424908425,0.750958845,0.306451613,16.80672269,6.722689076,554,606,140,0.25577557755775576,0.6714285714285714,0.3142857142857143,0.014285714285714285,0.024752475247524754,0.10231023102310231,0.16006600660066006,0.066006600660066,0.0033003300330033004,0.1419141914191419,0.009900990099009901,0.009900990099009901,0.0,0.00825082508250825,0.0033003300330033004,0.0049504950495049506,0.28,0.332,0.448,0.779,0.305,14.2,6.6,,,,,,,,,
65,Eugenio Suarez,ARI,141,558.1144781,640,104.51178451999999,0.20202020203124998,0.7525773194978644,0.23711340203226303,0.01030927834548471,0.03872053871875,0.11784511784375,0.132996633,0.10269360268750001,0.0,0.29797979796875,0.0151515151515625,0.0084175084171875,0.0,0.0016835016828125001,0.0,0.0016835016828125001,0.232,0.320404722,0.413127413,0.733532135,0.300309598,29.7979798,10.26936027,571,640,116,0.228125,0.7413793103448276,0.2413793103448276,0.017241379310344827,0.046875,0.140625,0.1578125,0.0765625,0.0,0.275,0.0140625,0.0171875,0.0,0.003125,0.0015625,0.0015625,0.256,0.319,0.469,0.788,0.309,27.5,7.7,,,,,,,,,
66,Yandy Diaz,TBR,137,537.3636364,621,135.90909087,0.24579124573268923,0.7769230772134295,0.2153846154264986,0.007692307691175713,0.02693602694041868,0.12626262626409018,0.11616161616747182,0.11784511784219001,0.0016835016827697262,0.1447811447826087,0.010101010101449275,0.005050505049919485,0.0016835016827697262,0.005050505049919485,0.0016835016827697262,0.0033670033671497584,0.284,0.374367622,0.435797665,0.810165288,0.313253012,14.47811448,11.78451178,563,621,144,0.25442834138486314,0.7777777777777778,0.2152777777777778,0.006944444444444444,0.02254428341384863,0.08856682769726248,0.10466988727858294,0.08051529790660225,0.0,0.1529790660225443,0.00644122383252818,0.00644122383252818,0.0,0.0,0.0,0.0,0.281,0.341,0.414,0.755,0.314,15.3,8.1,,,,,,,,,
67,Josh Bell,MIA,141,526.6064189,603,114.08108108,0.2229729729684909,0.7678571428383592,0.21428571432328153,0.017857142855890615,0.03378378378109453,0.11824324325041459,0.1216216216252073,0.10979729729684909,0.0033783783781094526,0.19087837844112768,0.008445945945273632,0.008445945945273632,0.0016891891890547263,0.0,0.0,0.0,0.254,0.341216216,0.425531915,0.766748131,0.287917738,19.08783784,10.97972973,538,603,115,0.2222222222222222,0.782608695652174,0.2,0.017391304347826087,0.03150912106135987,0.10281923714759536,0.11774461028192372,0.0845771144278607,0.001658374792703151,0.19900497512437812,0.009950248756218905,0.004975124378109453,0.0,0.0,0.001658374792703151,-0.001658374792703151,0.249,0.319,0.405,0.725,0.286,19.9,8.5,,,,,,,,,
68,Andres Gimenez,CLE,143,569.9138514,633,133.65709459,0.23817567567140602,0.7519999997629755,0.21599999998922612,0.03200000000089782,0.027027027030015797,0.1334459459399684,0.10810810810426541,0.055743243238546604,0.0050675675671406,0.19256756761453397,0.030405405402843602,0.0067567567567140595,0.0067567567567140595,0.05067567567140601,0.01182432432385466,0.038851351358609794,0.264,0.326530612,0.420262664,0.746793276,0.307125307,19.25675676,5.574324324,583,633,138,0.23222748815165878,0.8333333333333334,0.15942028985507245,0.007246376811594203,0.014218009478672985,0.10110584518167456,0.0995260663507109,0.04107424960505529,0.001579778830963665,0.15323854660347552,0.023696682464454975,0.009478672985781991,0.004739336492890996,0.04739336492890995,0.007898894154818325,0.03949447077409163,0.252,0.298,0.34,0.638,0.286,15.3,4.1,,,,,,,,,
69,Zack Gelof,OAK,136,490.3497453,547,98.44142611,0.21222410859232174,0.7358490568701901,0.2452830189905911,0.01886792453539355,0.03225806451553931,0.11884550084095064,0.1052631578976234,0.08488964345521023,0.0016977928683729433,0.303904923583181,0.008488964345521023,0.005093378606946983,0.00339558573857404,0.033955857385740404,0.008488964345521023,0.025466893034734917,0.236,0.307167235,0.401515152,0.708682387,0.318318318,30.39049236,8.488964346,497,547,88,0.19195612431444242,0.75,0.22727272727272727,0.022727272727272728,0.031078610603290677,0.10968921389396709,0.08957952468007313,0.06946983546617916,0.0,0.3436928702010969,0.007312614259597806,0.009140767824497258,0.005484460694698354,0.04570383912248629,0.005484460694698354,0.04021937842778794,0.211,0.27,0.362,0.632,0.296,34.4,6.9,,,,,,,,,
70,Riley Greene,DET,137,522.4217687,584,123.15646253999999,0.2380952380136986,0.7500000002841914,0.20967741941770132,0.048387096788075706,0.027210884349315068,0.1292517006849315,0.10884353741438356,0.09183673469178083,0.001700680272260274,0.26020408167808223,0.00850340136130137,0.005102040816780822,0.001700680272260274,0.015306122448630135,0.005102040816780822,0.010204081631849314,0.267,0.338435374,0.431558935,0.76999431,0.344444444,26.02040816,9.183673469,512,584,110,0.22945205479452055,0.7,0.24545454545454545,0.05454545454545454,0.0410958904109589,0.1404109589041096,0.1267123287671233,0.1095890410958904,0.005136986301369863,0.2671232876712329,0.008561643835616438,0.003424657534246575,0.0,0.00684931506849315,0.003424657534246575,0.003424657534246575,0.262,0.348,0.479,0.827,0.329,26.7,11.0,,,,,,,,,
71,Jake Cronenworth,SDP,141,577.9047619,656,127.18367348000001,0.217687074847561,0.7192982455754114,0.24561403508220164,0.03508771929521091,0.02380952381097561,0.11394557823170731,0.10884353740853658,0.09183673469512195,0.003401360544207317,0.17857142850609756,0.018707482987804877,0.006802721088414634,0.0017006802728658536,0.010204081632621952,0.003401360544207317,0.006802721088414634,0.247,0.32879046,0.397683398,0.726473858,0.282878412,17.85714286,9.183673469,577,656,122,0.21189024390243902,0.7377049180327869,0.23770491803278687,0.02459016393442623,0.025914634146341462,0.10975609756097561,0.12652439024390244,0.09298780487804878,0.0,0.1798780487804878,0.01676829268292683,0.004573170731707317,0.001524390243902439,0.007621951219512195,0.003048780487804878,0.004573170731707317,0.241,0.324,0.39,0.714,0.274,18.0,9.3,,,,,,,,,
72,Bryson Stott,PHI,141,519.5323129,571,125.2704082,0.2431972789842382,0.7596899222844553,0.21705426349844045,0.023255813945691286,0.023809523817863398,0.12585034014010507,0.10884353740805604,0.07312925169877409,0.00170068027145359,0.1768707483362522,0.006802721087565675,0.006802721087565675,0.00170068027145359,0.035714285709281965,0.008503401360770577,0.027210884360770578,0.268,0.324232082,0.409345794,0.733577876,0.306413302,17.68707483,7.31292517,506,571,113,0.2171628721541156,0.8141592920353983,0.168141592920354,0.017699115044247787,0.01926444833625219,0.1138353765323993,0.09982486865148861,0.09281961471103327,0.0017513134851138354,0.1628721541155867,0.005253940455341506,0.01576182136602452,0.0,0.05604203152364273,0.005253940455341506,0.050788091068301226,0.245,0.315,0.356,0.671,0.275,16.3,9.3,,,,,,,,,
74,William Contreras,MIL,141,602.2636986,679,136.03253424,0.234589041089838,0.7692307695700547,0.22222222219771828,0.01709401709665598,0.0342465753460972,0.12157534245949927,0.1267123287628866,0.09760273972017673,0.00171232876730486,0.22260273976435935,0.008561643835051546,0.005136986301914581,0.00171232876730486,0.005136986301914581,0.00171232876730486,0.00342465753460972,0.265,0.341337907,0.44015444,0.781492348,0.315363881,22.26027397,9.760273973,595,679,144,0.24594992636229748,0.7291666666666666,0.2569444444444444,0.013888888888888888,0.033873343151693665,0.14580265095729014,0.13549337260677466,0.11487481590574374,0.007363770250368188,0.20471281296023564,0.004418262150220913,0.004418262150220913,0.0,0.013254786450662739,0.0029455081001472753,0.010309278350515464,0.281,0.365,0.466,0.831,0.33,20.5,11.5,,,,,,,,,
75,George Springer,TOR,133,543.5582192,614,116.70205478000001,0.22602739723127038,0.7657657658939122,0.20720720723885783,0.018018018020025128,0.035958904104234524,0.13184931506514658,0.11815068493485342,0.09246575342019545,0.0,0.1849315068403909,0.011986301369706841,0.006849315068403908,0.001712328767100977,0.023972602736156354,0.006849315068403908,0.017123287671009773,0.255,0.33161512,0.427466151,0.759081271,0.283163265,18.49315068,9.246575342,545,614,101,0.19543973941368079,0.7821782178217822,0.18811881188118812,0.0297029702970297,0.030944625407166124,0.12052117263843648,0.09120521172638436,0.09771986970684039,0.0,0.18729641693811075,0.009771986970684038,0.003257328990228013,0.0,0.026058631921824105,0.0016286644951140066,0.024429967426710098,0.22,0.303,0.371,0.674,0.245,18.7,9.8,,,,,,,,,
76,Ke'Bryan Hayes,PIT,137,360.739726,396,84.76027397499999,0.23801369863636362,0.7359999999339314,0.2319999999740445,0.03199999999764041,0.02397260273989899,0.12157534247474747,0.11130136987373739,0.0736301369949495,0.0017123287676767676,0.20034246575757575,0.006849315068181818,0.006849315068181818,0.0017123287676767676,0.030821917803030303,0.008561643835858586,0.022260273972222223,0.261,0.319039451,0.409774436,0.728813887,0.308641975,20.03424658,7.363013699,365,396,81,0.21464646464646464,0.8888888888888888,0.1111111111111111,0.0,0.010101010101010102,0.09595959595959595,0.06313131313131314,0.05808080808080808,0.0025252525252525255,0.1893939393939394,0.010101010101010102,0.010101010101010102,0.0,0.027777777777777776,0.005050505050505051,0.022727272727272728,0.233,0.283,0.29,0.573,0.279,18.9,5.8,,,,,,,,,
78,Seiya Suzuki,CHC,135,510.6185567,585,117.60309278,0.23711340205128204,0.7264957265182563,0.24786324790394684,0.017094017091546083,0.03608247422222222,0.1357388316068376,0.1288659793846154,0.10824742268376068,0.006872852234188034,0.22164948461538464,0.01030927835042735,0.006872852234188034,0.0017182130581196579,0.01890034364102564,0.006872852234188034,0.012027491408547008,0.271,0.356282272,0.458661417,0.814943689,0.32320442,22.16494845,10.82474227,512,585,124,0.24786324786324787,0.7338709677419355,0.21774193548387097,0.04838709677419355,0.035897435897435895,0.1264957264957265,0.12478632478632479,0.1076923076923077,0.005128205128205128,0.27350427350427353,0.010256410256410256,0.006837606837606838,0.0,0.02735042735042735,0.010256410256410256,0.017094017094017096,0.283,0.366,0.482,0.848,0.37,27.4,10.8,,,,,,,,,
81,Triston Casas,BOS,142,209.4827586,243,42.315517240000005,0.21724137930041154,0.7227722772838779,0.24752475245886887,0.019801980187256714,0.043103448271604936,0.12931034481481482,0.1362068965432099,0.12241379308641975,0.0051724137942386825,0.23448275860082304,0.008620689654320987,0.006896551724279835,0.0,0.0017241379300411523,0.0,0.0017241379300411523,0.251,0.348275862,0.458,0.806275862,0.294460641,23.44827586,12.24137931,212,243,38,0.20987654320987653,0.7894736842105263,0.21052631578947367,0.0,0.053497942386831275,0.11522633744855967,0.13168724279835392,0.12345679012345678,0.01646090534979424,0.3168724279835391,0.00411522633744856,0.0,0.0,0.0,0.00411522633744856,-0.00411522633744856,0.241,0.337,0.462,0.8,0.311,31.7,12.3,,,,,,,,,
82,Jake Burger,MIA,141,527.9117647,579,104.1799308,0.2266435986183074,0.7307692307470798,0.24038461542153378,0.019230769233722703,0.04671280276338515,0.12110726644214162,0.1435986159240069,0.06401384082901555,0.0017301038065630396,0.26989619378238344,0.017301038065630398,0.005190311417962003,0.0017301038065630396,0.0017301038065630396,0.0,0.0017301038065630396,0.248,0.308492201,0.45540797,0.763900171,0.299711816,26.98961938,6.401384083,535,579,105,0.231433506044905,0.7714285714285715,0.21904761904761905,0.009523809523809525,0.05008635578583765,0.11744386873920552,0.13126079447322972,0.0535405872193437,0.0034542314335060447,0.25906735751295334,0.015544041450777202,0.0069084628670120895,0.0,0.0017271157167530224,0.0017271157167530224,0.0,0.25,0.301,0.46,0.76,0.292,25.9,5.4,,,,,,,,,
83,Nolan Jones,COL,139,259.4896194,297,58.06401384,0.23356401383838382,0.7168141593636683,0.26548672560732495,0.026548672560732497,0.038062283737373734,0.14359861592592593,0.12456747404040404,0.1124567474074074,0.0034602076127946127,0.2871972318181818,0.008650519030303032,0.005190311417508418,0.001730103804713805,0.025951557094276094,0.006920415225589225,0.019031141868686867,0.268,0.35467128,0.471287129,0.825958409,0.353125,28.71972318,11.24567474,256,297,55,0.19528619528619529,0.7454545454545455,0.23636363636363636,0.01818181818181818,0.010101010101010102,0.09427609427609428,0.09427609427609428,0.12121212121212122,0.006734006734006734,0.3063973063973064,0.003367003367003367,0.010101010101010102,0.003367003367003367,0.016835016835016835,0.013468013468013467,0.003367003367003367,0.227,0.321,0.32,0.641,0.333,30.6,12.1,,,,,,,,,
84,Anthony Volpe,NYY,142,618.5476603,689,118.21663781,0.20450606589259795,0.6969696967902627,0.2727272726349922,0.030303030295596594,0.032928942801161105,0.131715771233672,0.1091854419448476,0.08318890814223512,0.0017331022525399128,0.2512998267053701,0.012131715770682148,0.00693240901161103,0.0017331022525399128,0.03986135181422351,0.008665511265602322,0.031195840551523947,0.229,0.29982669,0.401544402,0.701371091,0.276536313,25.12998267,8.318890815,637,689,143,0.22496371552975328,0.7622377622377622,0.1888111888111888,0.04895104895104895,0.01741654571843251,0.13062409288824384,0.08708272859216255,0.06095791001451379,0.001451378809869376,0.22641509433962265,0.005805515239477504,0.0043541364296081275,0.002902757619738752,0.040638606676342524,0.010159651669085631,0.030478955007256895,0.243,0.293,0.364,0.657,0.303,22.6,6.1,,,,,,,,,
85,Carlos Correa,MIN,135,322.96,367,70.84695652,0.2295652173841962,0.7567567567262379,0.2342342342583949,0.009009009015367086,0.036521739128065396,0.1217391304359673,0.1252173913079019,0.10260869564032697,0.0034782608692098095,0.2121739130517711,0.006956521738419619,0.006956521738419619,0.0,0.0,0.0,0.0,0.261,0.340314136,0.440711462,0.781025599,0.302452316,21.2173913,10.26086957,319,367,85,0.26975476839237056,0.7411764705882353,0.23529411764705882,0.023529411764705882,0.03814713896457766,0.14986376021798364,0.14713896457765668,0.10899182561307902,0.010899182561307902,0.16621253405994552,0.008174386920980926,0.010899182561307902,0.0,0.0,0.0,0.0,0.31,0.388,0.517,0.905,0.343,16.6,10.9,,,,,,,,,
86,Spencer Steer,CIN,136,580.7026087,656,123.21391299999999,0.22260869557926827,0.7129629632004303,0.2685185186026841,0.018518518521524432,0.03478260868902439,0.12173913044207318,0.12695652173780486,0.09217391304878049,0.0017391304344512195,0.20869565213414637,0.015652173917682928,0.006956521739329268,0.0017391304344512195,0.013913043478658536,0.003478260868902439,0.010434782608231708,0.252,0.330434783,0.434184676,0.764619458,0.289544236,20.86956522,9.217391304,574,656,109,0.19664634146341464,0.6513761467889908,0.3119266055045872,0.03669724770642202,0.03048780487804878,0.11280487804878049,0.1402439024390244,0.10975609756097561,0.001524390243902439,0.20884146341463414,0.012195121951219513,0.003048780487804878,0.0,0.038109756097560975,0.004573170731707317,0.03353658536585366,0.225,0.319,0.402,0.721,0.26,20.9,11.0,,,,,,,,,
87,Masataka Yoshida,BOS,135,376.9162304,421,96.98429320000001,0.2582897033254157,0.7575757575351386,0.22727272729147444,0.015151515152764961,0.027923211163895484,0.12390924957244655,0.12390924957244655,0.08202443280285036,0.005235602095011877,0.12390924957244655,0.01396160558432304,0.006980802793349169,0.0017452006983372922,0.006980802793349169,0.0017452006983372922,0.005235602095011877,0.288,0.354895105,0.44834308,0.803238185,0.306976744,12.39092496,8.202443281,378,421,96,0.2517814726840855,0.78125,0.21875,0.0,0.023752969121140142,0.10688836104513064,0.1330166270783848,0.06413301662707839,0.0,0.12351543942992874,0.0332541567695962,0.004750593824228029,0.0,0.004750593824228029,0.0,0.004750593824228029,0.28,0.349,0.415,0.765,0.302,12.4,6.4,,,,,,,,,
88,Andrew Benintendi,CHW,135,463.6963351,522,115.696335085,0.23560209425287357,0.7716535432553627,0.2047244093998174,0.023622047241099953,0.013961605584291189,0.11169284467432951,0.08726003490421456,0.09249563699233716,0.0034904013965517244,0.14659685863984676,0.006980802793103449,0.008726003490421456,0.0017452006973180077,0.020942408371647507,0.006980802793103449,0.013961605584291189,0.264,0.336252189,0.37524558,0.711497769,0.300947867,14.65968586,9.2495637,477,522,89,0.20881226053639848,0.7752808988764045,0.2247191011235955,0.0,0.038314176245210725,0.09578544061302682,0.12260536398467432,0.07854406130268199,0.0019157088122605363,0.1839080459770115,0.0019157088122605363,0.005747126436781609,0.0,0.005747126436781609,0.0038314176245210726,0.0019157088122605363,0.229,0.289,0.396,0.685,0.245,18.4,7.9,,,,,,,,,
89,Joey Meneses,WSN,134,289.4290718,313,66.87565674700001,0.23992994747603835,0.7704918032421636,0.21311475405644287,0.008196721313313908,0.026269702277955272,0.09982486865814696,0.11558669003194888,0.06129597198083067,0.0035026269712460064,0.20840630472843452,0.005253940456869009,0.007005253939297125,0.0017513134856230032,0.0,0.0,0.0,0.259,0.307017544,0.395833333,0.702850877,0.306532663,20.84063047,6.129597198,281,313,62,0.20766773162939298,0.8225806451612904,0.1774193548387097,0.0,0.009584664536741214,0.06070287539936102,0.134185303514377,0.0670926517571885,0.003194888178913738,0.2012779552715655,0.01597444089456869,0.019169329073482427,0.0,0.006389776357827476,0.0,0.006389776357827476,0.231,0.291,0.302,0.593,0.281,20.1,6.7,,,,,,,,,
90,Rhys Hoskins,MIL,133,441.7175439,517,81.63157892,0.2052631578336557,0.6888888891284477,0.2888888889814457,0.022222222233111256,0.04736842104448743,0.12982456141199225,0.14035087719535785,0.1228070175435203,0.0,0.2333333332688588,0.014035087719535783,0.007017543858800774,0.0017543859651837524,0.007017543858800774,0.0017543859651837524,0.005263157895551257,0.24,0.342706503,0.468172485,0.810878987,0.271903323,23.33333333,12.28070175,449,517,70,0.18568665377176016,0.8,0.2,0.0,0.05029013539651837,0.11411992263056092,0.15860735009671179,0.10251450676982592,0.0019342359767891683,0.28820116054158607,0.013539651837524178,0.01160541586073501,0.0,0.005802707930367505,0.0,0.005802707930367505,0.214,0.303,0.419,0.722,0.25,28.8,10.3,,,,,,,,,
91,Thairo Estrada,SFG,133,351.4859155,381,81.83450704,0.24295774648293963,0.7786885246202125,0.1967213114894325,0.016393442626156007,0.028169014094488187,0.1302816901312336,0.10387323944881889,0.05281690141732283,0.0,0.19894366196850397,0.017605633803149605,0.005281690141732283,0.0017605633805774278,0.0440140845144357,0.010563380280839895,0.033450704225721786,0.263,0.313932981,0.40648855,0.72042153,0.306532663,19.8943662,5.281690141,364,381,70,0.2073490813648294,0.7571428571428571,0.21428571428571427,0.02857142857142857,0.023622047244094488,0.11286089238845144,0.12335958005249344,0.026246719160104987,0.0,0.1994750656167979,0.013123359580052493,0.005249343832020997,0.0,0.005249343832020997,0.005249343832020997,0.0,0.217,0.247,0.343,0.59,0.249,19.9,2.6,,,,,,,,,
92,Cedric Mullins,BAL,138,449.7160494,499,93.28747796,0.21869488537074147,0.7358490566057961,0.22641509430726173,0.028301886788407716,0.031746031743486974,0.13580246913827654,0.10405643739478959,0.08112874779559119,0.0017636684308617234,0.19753086418837676,0.010582010581162324,0.0070546737214428855,0.003527336859719439,0.056437389779559116,0.012345679012024048,0.044091710761523045,0.243,0.310405644,0.405088063,0.715493706,0.275324675,19.75308642,8.11287478,444,499,86,0.20841683366733466,0.7790697674418605,0.18604651162790697,0.03488372093023256,0.036072144288577156,0.13827655310621242,0.10821643286573146,0.08216432865731463,0.0,0.1963927855711423,0.01002004008016032,0.004008016032064128,0.004008016032064128,0.06412825651302605,0.012024048096192385,0.052104208416833664,0.234,0.305,0.405,0.71,0.261,19.6,8.2,,,,,,,,,
93,Oneil Cruz,PIT,132,540.7932862,599,112.18021197,0.22438162537562603,0.7358490568913836,0.23584905666852787,0.028301886805571882,0.03710247350584307,0.13604240282136895,0.11837455829716194,0.08480565370617696,0.0017667844524207014,0.28445229682804674,0.007067137809682805,0.005300353357262103,0.0017667844524207014,0.044169611302170286,0.01236749116527546,0.031802120133555926,0.248,0.316254417,0.432485323,0.74873974,0.319277108,28.44522968,8.480565371,541,599,119,0.2337228714524207,0.6890756302521008,0.2857142857142857,0.025210084033613446,0.035058430717863104,0.12020033388981637,0.12687813021702837,0.08514190317195326,0.008347245409015025,0.3021702838063439,0.005008347245409015,0.00667779632721202,0.0,0.03672787979966611,0.001669449081803005,0.035058430717863104,0.259,0.324,0.449,0.773,0.347,30.2,8.5,,,,,,,,,
94,Corey Seager,TEX,129,469.9063604,533,110.17844518,0.26325088330206375,0.7179487182884932,0.27350427364235563,0.00854700855018909,0.05653710247654784,0.1466431095497186,0.16607773851782365,0.09717314487804878,0.008833922260787993,0.1590106007129456,0.010600706712945591,0.007067137808630394,0.0017667844521575984,0.003533568904315197,0.0017667844521575984,0.0017667844521575984,0.298,0.372340426,0.559118236,0.931458662,0.307086614,15.90106007,9.717314488,475,533,102,0.24765478424015008,0.7941176470588235,0.20588235294117646,0.0,0.05628517823639775,0.1275797373358349,0.13883677298311445,0.09943714821763602,0.020637898686679174,0.1801125703564728,0.005628517823639775,0.00375234521575985,0.0,0.001876172607879925,0.001876172607879925,0.0,0.278,0.353,0.512,0.864,0.291,18.0,9.9,,,,,,,,,
95,Elly De La Cruz,CIN,133,636.660746,696,135.98579043,0.2309058614942529,0.7181818180501198,0.2363636362914363,0.045454545445186186,0.03552397869252874,0.1438721136494253,0.11545293073275861,0.07282415630747127,0.0035523978692528738,0.3179396091954023,0.005328596803160919,0.005328596803160919,0.001776198933908046,0.0586145648275862,0.014209591474137931,0.044404973362068965,0.252,0.309608541,0.438834951,0.748443492,0.344827586,31.79396092,7.282415631,618,696,135,0.22988505747126436,0.6592592592592592,0.26666666666666666,0.07407407407407407,0.035919540229885055,0.15086206896551724,0.10919540229885058,0.09913793103448276,0.0028735632183908046,0.3132183908045977,0.008620689655172414,0.0014367816091954023,0.0028735632183908046,0.09626436781609195,0.022988505747126436,0.07327586206896551,0.259,0.339,0.471,0.809,0.359,31.3,9.9,,,,,,,,,
96,Bryan De La Cruz,MIA,138,571.088968,622,132.81138788,0.2437722419614148,0.7500000001505894,0.2333333333433726,0.016666666671686318,0.03024911032154341,0.11387900355305466,0.12455516014469453,0.06761565836012862,0.0017793594308681674,0.22241992877813505,0.005338078292604502,0.00889679715273312,0.0017793594308681674,0.007117437721864952,0.0017793594308681674,0.005338078292604502,0.266,0.316725979,0.426356589,0.743082568,0.316622691,22.24199288,6.761565836,584,622,115,0.21864951768488747,0.782608695652174,0.21739130434782608,0.0,0.03376205787781351,0.09807073954983923,0.10932475884244373,0.04662379421221865,0.001607717041800643,0.2733118971061093,0.00482315112540193,0.008038585209003215,0.0,0.008038585209003215,0.003215434083601286,0.00482315112540193,0.233,0.271,0.384,0.654,0.289,27.3,4.7,,,,,,,,,
97,Vinnie Pasquantino,KCR,132,486.8484848,554,115.54010697000001,0.2442067736462094,0.7094017093240362,0.27350427343991573,0.01709401708891286,0.03565062388086643,0.1283422459927798,0.13547237075812274,0.10160427806859205,0.005347593583032491,0.12299465240072202,0.010695187166064981,0.00713012477797834,0.0,0.0035650623880866426,0.0017825311949458485,0.0017825311949458485,0.278,0.357142857,0.472616633,0.82975949,0.286764706,12.29946524,10.16042781,496,554,111,0.23465703971119134,0.7117117117117117,0.2702702702702703,0.018018018018018018,0.03429602888086643,0.11552346570397112,0.17509025270758122,0.07220216606498195,0.0018050541516245488,0.12815884476534295,0.007220216606498195,0.023465703971119134,0.0018050541516245488,0.0018050541516245488,0.0,0.0018050541516245488,0.262,0.315,0.446,0.76,0.265,12.8,7.2,,,,,,,,,
98,Josh Naylor,CLE,133,573.0910714,633,136.77321425999997,0.2553571428120063,0.7603305783419995,0.23966942151177317,0.008264462812515612,0.03928571428120063,0.125,0.14464285714060032,0.07678571428120064,0.010714285714060032,0.13571428571879937,0.010714285714060032,0.008928571428120063,0.0017857142859399682,0.01428571428593997,0.005357142857819905,0.008928571428120063,0.282,0.342245989,0.475345168,0.817591157,0.292270531,13.57142857,7.678571429,563,633,106,0.21642969984202212,0.7452830188679245,0.25471698113207547,0.0,0.04897314375987362,0.13270142180094788,0.17061611374407584,0.09162717219589257,0.011058451816745656,0.16587677725118483,0.011058451816745656,0.00631911532385466,0.0,0.009478672985781991,0.00315955766192733,0.00631911532385466,0.243,0.32,0.456,0.776,0.246,16.6,9.2,,,,,,,,,
100,Royce Lewis,MIN,131,295.3488372,325,64.53488372000001,0.2397137745846154,0.7387387386773151,0.24324324326837105,0.018018018023322778,0.0411449016,0.13416815741538463,0.12880143113846154,0.07334525938461539,0.0017889087661538462,0.22361359569230768,0.008944543827692308,0.007155635061538461,0.0017889087661538462,0.030411449015384617,0.005366726298461538,0.02504472272,0.263,0.322580645,0.460629921,0.783210566,0.304945055,22.36135957,7.334525939,292,325,52,0.20923076923076922,0.6923076923076923,0.3076923076923077,0.0,0.04923076923076923,0.12307692307692308,0.14461538461538462,0.08615384615384615,0.006153846153846154,0.2276923076923077,0.0,0.015384615384615385,0.0,0.0,0.0,0.0,0.233,0.295,0.452,0.747,0.251,22.8,8.6,,,,,,,,,
101,Jeff McNeil,NYM,134,425.5599284,472,111.45617176399999,0.25223613601694916,0.7727272724956286,0.2121212120945676,0.015151515149611971,0.016100178889830508,0.11270125224576272,0.10196779963983052,0.0661896243220339,0.0017889087648305085,0.11091234347457628,0.023255813961864408,0.0071556350635593215,0.0017889087648305085,0.0071556350635593215,0.0017889087648305085,0.005366726296610169,0.28,0.342293907,0.396825397,0.739119304,0.302059497,11.09123435,6.618962433,424,472,89,0.21398305084745764,0.7078651685393258,0.29213483146067415,0.0,0.025423728813559324,0.12076271186440678,0.09322033898305085,0.07415254237288135,0.00211864406779661,0.1440677966101695,0.019067796610169493,0.006355932203389831,0.00211864406779661,0.01059322033898305,0.00211864406779661,0.00847457627118644,0.238,0.308,0.384,0.692,0.256,14.4,7.4,,,,,,,,,
102,Teoscar Hernandez,LAD,132,600.4955117,652,128.76122078,0.2423698383435583,0.7363636366262789,0.245454545542093,0.018181818188878467,0.044883303404907975,0.1400359066411043,0.1436265709202454,0.06463195691717792,0.0017953321365030675,0.2854578096625767,0.008976660682515337,0.005385996409509202,0.0,0.017953321365030674,0.005385996409509202,0.012567324955521474,0.264,0.315978456,0.469785575,0.785764031,0.331325301,28.54578097,6.463195691,589,652,127,0.24539877300613497,0.7322834645669292,0.25196850393700787,0.015748031496062992,0.05061349693251534,0.12883435582822086,0.15184049079754602,0.08128834355828221,0.004601226993865031,0.2883435582822086,0.012269938650306749,0.0015337423312883436,0.0,0.018404907975460124,0.004601226993865031,0.013803680981595092,0.272,0.339,0.501,0.84,0.344,28.8,8.1,,,,,,,,,
103,Jorge Soler,SFG,130,496.7109515,574,90.68581691,0.21184919216027875,0.7386363633519151,0.2499999999172969,0.011363636355867283,0.05385996409407665,0.1328545781010453,0.14901256731707316,0.11131059245644599,0.003590664273519164,0.24416517055749126,0.01077199281881533,0.0071813285452961674,0.0017953321358885018,0.0017953321358885018,0.0,0.0017953321358885018,0.245,0.335740072,0.481327801,0.817067873,0.275,24.41651706,11.13105925,493,574,98,0.2073170731707317,0.6428571428571429,0.3469387755102041,0.01020408163265306,0.036585365853658534,0.14634146341463414,0.11149825783972125,0.11846689895470383,0.0,0.2456445993031359,0.010452961672473868,0.006968641114982578,0.0,0.0017421602787456446,0.0,0.0017421602787456446,0.241,0.338,0.442,0.78,0.293,24.6,11.8,,,,,,,,,
104,MJ Melendez,KCR,131,394.8285199,451,77.33754512,0.20577617328159645,0.6736842105494543,0.29473684217195645,0.042105263167422344,0.034296028891352554,0.12454873645232815,0.12093862815964523,0.1101083032594235,0.0018050541507760533,0.2617328518847007,0.0054151624545454545,0.007220216607538803,0.0,0.010830324909090909,0.0036101083037694015,0.007220216607538803,0.236,0.321880651,0.428865979,0.75074663,0.292307692,26.1732852,11.01083032,412,451,68,0.188470066518847,0.6176470588235294,0.3382352941176471,0.04411764705882353,0.037694013303769404,0.0975609756097561,0.0975609756097561,0.07760532150776053,0.0022172949002217295,0.25055432372505543,0.0066518847006651885,0.0,0.0,0.008869179600886918,0.008869179600886918,0.0,0.206,0.273,0.4,0.674,0.241,25.1,7.8,,,,,,,,,
105,Austin Hays,BAL,134,233.366426,255,50.631768953,0.22924187725490194,0.7454545454462862,0.23636363645736122,0.0181818181753544,0.03068592057647059,0.11371841156862744,0.1155234656862745,0.06498194945098039,0.0,0.21841155235294119,0.012635379062745098,0.007220216607843138,0.0018050541529411766,0.009025270756862745,0.003610108301960784,0.005415162454901961,0.251,0.306859206,0.41025641,0.717115616,0.294906166,21.84115523,6.498194946,235,255,55,0.23529411764705882,0.6727272727272727,0.32727272727272727,0.0,0.0196078431372549,0.10196078431372549,0.0784313725490196,0.03529411764705882,0.00392156862745098,0.23137254901960785,0.03137254901960784,0.00784313725490196,0.00392156862745098,0.00784313725490196,0.00784313725490196,0.0,0.255,0.303,0.396,0.699,0.318,23.1,3.5,,,,,,,,,
106,Daulton Varsho,TOR,139,460.9565217,513,84.5706522,0.20652173918128655,0.7252747250304403,0.25274725266928944,0.021978021969186138,0.041666666666666664,0.13043478261208577,0.11956521738791423,0.08152173912280702,0.0018115942027290448,0.23731884054580896,0.010869565218323588,0.007246376810916179,0.0036231884054580897,0.03260869565302144,0.007246376810916179,0.025362318849902536,0.23,0.299455535,0.423387097,0.722842632,0.26300578,23.73188406,8.152173913,459,513,80,0.19103313840155944,0.65,0.2625,0.0875,0.03508771929824561,0.14230019493177387,0.11306042884990253,0.0935672514619883,0.001949317738791423,0.26705653021442494,0.007797270955165692,0.001949317738791423,0.001949317738791423,0.01949317738791423,0.003898635477582846,0.015594541910331383,0.214,0.293,0.407,0.7,0.262,26.7,9.4,,,,,,,,,
107,Matt Chapman,SFG,125,563.6297641,647,105.68058074999999,0.20326678763523956,0.6888888889835137,0.27777777782509017,0.03333333333333334,0.03992740471406492,0.1270417422874807,0.1270417422874807,0.10707803992272025,0.0,0.27404718686244206,0.012704174228748068,0.007259528131375579,0.0,0.007259528131375579,0.001814882032457496,0.005444646097372489,0.234,0.323636364,0.435416667,0.75905303,0.289389068,27.40471869,10.70780399,575,647,115,0.21947449768160743,0.6434782608695652,0.3391304347826087,0.017391304347826087,0.04173106646058733,0.15146831530139104,0.1205564142194745,0.09891808346213292,0.00463678516228748,0.24420401854714066,0.00927357032457496,0.0030911901081916537,0.0,0.023183925811437404,0.0030911901081916537,0.02009273570324575,0.247,0.328,0.463,0.79,0.293,24.4,9.9,,,,,,,,,
108,Sal Frelick,MIL,133,470.6472727,524,117.185454518,0.238181818129771,0.7642276424864991,0.2113821138629037,0.024390243906601695,0.014545454545801527,0.11636363635496183,0.09272727272900765,0.08545454545801527,0.00181818181870229,0.1418181818129771,0.009090909091603053,0.007272727272900763,0.00181818181870229,0.027272727270992364,0.007272727272900763,0.02,0.266,0.332727273,0.37854251,0.711269783,0.298543689,14.18181818,8.545454545,475,524,121,0.23473282442748092,0.7851239669421488,0.18181818181818182,0.03305785123966942,0.003816793893129771,0.12595419847328243,0.061068702290076333,0.07442748091603053,0.0,0.14885496183206107,0.007633587786259542,0.0019083969465648854,0.003816793893129771,0.03435114503816794,0.0057251908396946565,0.02862595419847328,0.259,0.32,0.335,0.655,0.306,14.9,7.4,,,,,,,,,
109,Jeimer Candelario,CIN,131,413.1514599,463,87.86861317,0.2281021898488121,0.7211538458835561,0.2596153845727073,0.019230769225078916,0.03832116788336933,0.12408759123110151,0.135036496349892,0.08576642334773218,0.0018248175183585313,0.21897810215982721,0.01459854014686825,0.007299270073434125,0.0,0.005474452555075594,0.0018248175183585313,0.0036496350367170626,0.256,0.328467153,0.447852761,0.776319914,0.295454545,21.89781022,8.576642336,427,463,76,0.20734341252699784,0.6710526315789473,0.3026315789473684,0.02631578947368421,0.04319654427645788,0.10151187904967603,0.12095032397408208,0.058315334773218146,0.0021598272138228943,0.24622030237580994,0.012958963282937365,0.0064794816414686825,0.0,0.008639308855291577,0.0064794816414686825,0.0021598272138228943,0.225,0.279,0.429,0.707,0.257,24.6,5.8,,,,,,,,,
110,Max Muncy,LAD,129,243.7202925,293,39.63802559,0.19012797075085325,0.7297297297092743,0.27027027029072564,0.013513513527150432,0.05484460696245734,0.14259597805460753,0.1499085923208191,0.1462522851877133,0.003656307129692833,0.25045703839590444,0.012797074955631399,0.007312614259385666,0.0,0.003656307129692833,0.0,0.003656307129692833,0.229,0.34981685,0.476923077,0.826739927,0.253424658,25.04570384,14.62522852,237,293,40,0.18771331058020477,0.575,0.425,0.0,0.051194539249146756,0.16040955631399317,0.16382252559726962,0.15358361774744028,0.010238907849829351,0.2627986348122867,0.017064846416382253,0.020477815699658702,0.0,0.0034129692832764505,0.0,0.0034129692832764505,0.232,0.358,0.494,0.852,0.265,26.3,15.4,,,,,,,,,
111,TJ Friedl,CIN,130,300.9559633,341,66.32293578000001,0.22385321099706745,0.7547169811064717,0.20754716974019932,0.03773584906286245,0.02935779815249267,0.1302752293548387,0.10642201835777125,0.0825688073313783,0.0018348623841642228,0.1724770642228739,0.020183486237536657,0.007339449542521994,0.007339449542521994,0.03669724771260997,0.009174311926686217,0.02752293578005865,0.254,0.329020333,0.415800416,0.744820749,0.282666667,17.24770642,8.256880734,297,341,54,0.19648093841642228,0.8888888888888888,0.09259259259259259,0.018518518518518517,0.03812316715542522,0.10263929618768329,0.16129032258064516,0.07624633431085044,0.0,0.15249266862170088,0.03519061583577713,0.011730205278592375,0.005865102639296188,0.026392961876832845,0.002932551319648094,0.02346041055718475,0.226,0.31,0.38,0.69,0.229,15.2,7.6,,,,,,,,,
112,Josh Lowe,TBR,134,352.2055046,387,74.55963303,0.22385321100775193,0.7047619047274166,0.27619047617514814,0.019047619043787024,0.03119266054263566,0.12660550459948322,0.11192660550387597,0.07706422018087855,0.0036697247700258396,0.28440366976744186,0.00550458715503876,0.007339449540051679,0.0018348623850129198,0.04403669723514212,0.009174311927648579,0.034862385322997416,0.247,0.306422018,0.415322581,0.721744599,0.320121951,28.44036697,7.706422018,353,387,75,0.21963824289405684,0.72,0.25333333333333335,0.02666666666666667,0.025839793281653745,0.09560723514211886,0.08785529715762273,0.082687338501292,0.0103359173126615,0.3178294573643411,0.0,0.00516795865633075,0.0,0.06459948320413436,0.002583979328165375,0.06201550387596899,0.241,0.302,0.391,0.693,0.338,31.8,8.3,,,,,,,,,
113,Edouard Julien,MIN,131,255.6286765,301,54.777573527,0.2095588235215947,0.7474747474861803,0.2323232323119839,0.0202020202018358,0.027573529411960132,0.12867647059800663,0.10294117647840531,0.1341911764784053,0.0018382352956810633,0.295955882358804,0.009191176471760798,0.00551470588372093,0.0018382352956810633,0.016544117647840532,0.00551470588372093,0.011029411764119602,0.248,0.35359116,0.402597403,0.756188563,0.342560554,29.59558824,13.41911765,266,301,45,0.1760797342192691,0.8,0.2,0.0,0.026578073089700997,0.11960132890365449,0.06976744186046512,0.10963455149501661,0.0,0.3388704318936877,0.006644518272425249,0.0,0.0,0.019933554817275746,0.0,0.019933554817275746,0.199,0.292,0.323,0.616,0.288,33.9,11.0,,,,,,,,,
114,Jazz Chisholm Jr.,MIA,130,558.2150735,621,109.58823526,0.222426470531401,0.7187500002452362,0.22916666675411523,0.041666666683395956,0.0459558823510467,0.15073529412238326,0.125,0.0808823529468599,0.0018382352946859906,0.28125,0.011029411764895329,0.007352941177133656,0.0018382352946859906,0.0643382352979066,0.01286764705958132,0.05147058822866345,0.247,0.314917127,0.460122699,0.775039826,0.304761905,28.125,8.088235294,562,621,120,0.2318840579710145,0.7916666666666666,0.175,0.03333333333333333,0.03864734299516908,0.11916264090177134,0.11755233494363929,0.0853462157809984,0.008051529790660225,0.24476650563607086,0.00644122383252818,0.00322061191626409,0.0,0.0644122383252818,0.01610305958132045,0.04830917874396135,0.256,0.324,0.436,0.76,0.309,24.5,8.5,,,,,,,,,
115,Marcell Ozuna,ATL,130,618.4411765,688,117.61764702999999,0.22610294113372092,0.774193548581823,0.22580645167324093,0.010752688171677328,0.05514705882267442,0.13602941175872094,0.15257352936046512,0.0882352941133721,0.001838235293604651,0.23161764709302327,0.005514705882267442,0.005514705882267442,0.001838235293604651,0.0036764705886627906,0.0,0.0036764705886627906,0.253,0.320441989,0.484662577,0.805104566,0.276785714,23.16176471,8.823529412,606,688,144,0.26598837209302323,0.7847222222222222,0.2152777777777778,0.0,0.056686046511627904,0.13953488372093023,0.1511627906976744,0.10755813953488372,0.0029069767441860465,0.24709302325581395,0.00436046511627907,0.005813953488372093,0.0,0.0014534883720930232,0.0,0.0014534883720930232,0.302,0.378,0.546,0.925,0.359,24.7,10.8,,,,,,,,,
118,Maikel Garcia,KCR,131,569.4059041,626,142.062730651,0.23985239856230034,0.7642276422710432,0.21138211381965025,0.024390243895228193,0.012915129151757188,0.11992619926517571,0.08856088560702875,0.07749077490415336,0.0018450184504792333,0.20110701102236422,0.0036900369009584665,0.007380073800319489,0.0036900369009584665,0.038745387460063896,0.009225092250798721,0.029520295207667732,0.263,0.321626617,0.371196755,0.692823372,0.322834646,20.11070111,7.749077491,575,626,126,0.2124600638977636,0.746031746031746,0.21428571428571427,0.03968253968253968,0.011182108626198083,0.134185303514377,0.0926517571884984,0.0670926517571885,0.0,0.1645367412140575,0.0,0.007987220447284345,0.006389776357827476,0.05910543130990415,0.003194888178913738,0.05591054313099041,0.231,0.281,0.332,0.614,0.268,16.5,6.7,,,,,,,,,
119,Isaac Paredes,TBR,132,559.245841,641,107.82070243999999,0.21811460265210608,0.7362637360313603,0.2527472526453335,0.010989010989418667,0.04990757856474259,0.12569316081123244,0.14417744917316694,0.10166358595943838,0.0018484288361934479,0.17375231060842433,0.018484288361934477,0.007393715341653666,0.0018484288361934479,0.0018484288361934479,0.0,0.0018484288361934479,0.249,0.338262477,0.474576271,0.812838748,0.256338028,17.37523105,10.1663586,542,641,110,0.20124804992199688,0.7636363636363637,0.22727272727272727,0.00909090909090909,0.029641185647425898,0.0998439937597504,0.12480499219968799,0.11856474258970359,0.0031201248049922,0.16380655226209048,0.0265210608424337,0.0093603744149766,0.0,0.0015600624024961,0.0015600624024961,0.0,0.238,0.346,0.393,0.739,0.259,16.4,11.9,,,,,,,,,
121,Taylor Ward,LAA,127,581.9666667,663,130.14444444,0.2333333333333333,0.7547169811407741,0.23584905657767777,0.01886792453236124,0.03703703704374057,0.1314814814781297,0.12407407407239819,0.09999999999999999,0.0,0.20555555550527904,0.01296296296229261,0.0074074074072398195,0.001851851852187029,0.011111111111613876,0.003703703704374058,0.0074074074072398195,0.266,0.346938776,0.455696203,0.802634978,0.305475504,20.55555556,10.0,585,663,119,0.2171945701357466,0.7647058823529411,0.2184873949579832,0.01680672268907563,0.03770739064856712,0.11010558069381599,0.11312217194570136,0.09502262443438914,0.0,0.2458521870286576,0.010558069381598794,0.012066365007541479,0.0,0.00904977375565611,0.006033182503770739,0.0030165912518853697,0.246,0.323,0.426,0.748,0.294,24.6,9.5,,,,,,,,,
122,Salvador Perez,KCR,131,600.0814815,652,120.7407407,0.23518518512269937,0.7800000002815951,0.22000000004969325,0.01,0.05,0.1129629629601227,0.15555555552147238,0.04259259259202454,0.005555555555214724,0.23148148144171782,0.01851851851226994,0.009259259259202453,0.0,0.0,0.0,0.0,0.256,0.299065421,0.468812877,0.767878298,0.285714286,23.14814815,4.259259259,590,652,133,0.24539877300613497,0.7894736842105263,0.21052631578947367,0.0,0.04141104294478527,0.08895705521472393,0.15950920245398773,0.06748466257668712,0.013803680981595092,0.19785276073619631,0.01687116564417178,0.009202453987730062,0.0,0.0,0.0,0.0,0.271,0.33,0.456,0.786,0.302,19.8,6.7,,,,,,,,,
123,Lourdes Gurriel Jr.,ARI,130,508.9648148,553,126.98518514,0.2611111110307414,0.7500000002756227,0.2338709678397371,0.01612903226263706,0.031481481482820976,0.12407407406871611,0.1351851851898734,0.06111111110307414,0.0018518518517179024,0.17592592593128392,0.009259259258589512,0.00740740740687161,0.0018518518517179024,0.011111111110307414,0.003703703703435805,0.00740740740687161,0.283,0.332096475,0.452716298,0.784812773,0.318766067,17.59259259,6.111111111,513,553,125,0.2585895117540687,0.808,0.176,0.016,0.0325497287522604,0.1301989150090416,0.13562386980108498,0.05244122965641953,0.0018083182640144665,0.18264014466546113,0.0108499095840868,0.009041591320072333,0.0,0.012658227848101266,0.0018083182640144665,0.0108499095840868,0.279,0.322,0.435,0.757,0.313,18.3,5.2,,,,,,,,,
125,Javier Baez,DET,132,268.0890538,289,58.443413727999996,0.23191094619377162,0.7522935779320465,0.22018348619897374,0.027522935783427002,0.02968460111418685,0.12059369200692041,0.1131725417301038,0.048237476816609,0.0,0.24118738404844292,0.012987012986159169,0.007421150276816608,0.001855287570934256,0.027829313543252594,0.007421150276816608,0.020408163266435988,0.25,0.294227188,0.406,0.700227188,0.304469274,24.1187384,4.823747681,272,289,44,0.17301038062283736,0.7272727272727273,0.2727272727272727,0.0,0.020761245674740483,0.08650519031141868,0.12802768166089964,0.04152249134948097,0.0034602076124567475,0.23875432525951557,0.006920415224913495,0.010380622837370242,0.0,0.02768166089965398,0.0034602076124567475,0.02422145328719723,0.184,0.221,0.294,0.516,0.22,23.9,4.2,,,,,,,,,
126,Tim Anderson,MIA,125,224.903525,241,59.467532464,0.25788497215767636,0.8195488723111853,0.17293233086853846,0.0075187969884352715,0.011131725419087137,0.11317254174273858,0.09276437846473029,0.04823747680497925,0.0,0.21521335804979255,0.007421150278008298,0.005565862709543568,0.00185528756846473,0.03525046382157676,0.009276437846473029,0.025974025975103735,0.277,0.315298507,0.361829026,0.677127533,0.346354167,21.52133581,4.823747681,234,241,50,0.2074688796680498,0.94,0.06,0.0,0.0,0.06639004149377593,0.03734439834024896,0.029045643153526972,0.0,0.2821576763485477,0.0,0.0,0.0,0.016597510373443983,0.016597510373443983,0.0,0.214,0.237,0.226,0.463,0.301,28.2,2.9,,,,,,,,,
127,Jorge Polanco,SEA,125,414.6485981,469,83.28037381,0.2168224298507463,0.7473684213041598,0.2315789474480506,0.021052631584003213,0.039252336439232406,0.1233644859914712,0.12523364486140726,0.09906542055437101,0.0,0.23364485991471215,0.007476635513859274,0.007476635513859274,0.0,0.013084112149253733,0.003738317756929637,0.009345794392324094,0.245,0.323970037,0.433403805,0.757373843,0.287009063,23.36448598,9.906542056,417,469,73,0.18976545842217485,0.8493150684931506,0.1506849315068493,0.0,0.03411513859275053,0.09168443496801706,0.09594882729211088,0.09808102345415778,0.006396588486140725,0.2921108742004264,0.008528784648187633,0.0042643923240938165,0.0,0.008528784648187633,0.0042643923240938165,0.0042643923240938165,0.213,0.296,0.355,0.651,0.274,29.2,9.8,,,,,,,,,
128,Kerry Carpenter,DET,129,268.2846442,296,56.539325840000004,0.23033707864864866,0.7352941177198867,0.23529411771988684,0.02941176470172075,0.0393258427027027,0.1217228464527027,0.13108614233108107,0.07116104868243243,0.005617977527027027,0.23970037452702705,0.014981273408783784,0.0074906367027027035,0.0,0.011235955057432433,0.0037453183513513517,0.0074906367027027035,0.255,0.316479401,0.446280992,0.762760392,0.300884956,23.97003745,7.116104869,264,296,57,0.2533783783783784,0.631578947368421,0.2807017543859649,0.08771929824561403,0.060810810810810814,0.125,0.19256756756756757,0.07432432432432433,0.0033783783783783786,0.2533783783783784,0.013513513513513514,0.010135135135135136,0.0,0.0,0.006756756756756757,-0.006756756756756757,0.284,0.345,0.587,0.932,0.328,25.3,7.4,,,,,,,,,
129,Zach Neto,LAA,132,539.9962547,602,114.98876408999999,0.22284644202657808,0.7549019605259766,0.23529411759590296,0.01960784313009308,0.031835205996677746,0.1198501872591362,0.11423220973421927,0.06928838951827242,0.0037453183521594683,0.23033707857142857,0.0262172284717608,0.005617977528239203,0.0037453183521594683,0.01310861423255814,0.005617977528239203,0.007490636704318937,0.248,0.318949343,0.415448852,0.734398195,0.298245614,23.03370787,6.928838951,542,602,112,0.22425249169435216,0.6875,0.30357142857142855,0.008928571428571428,0.03820598006644518,0.11627906976744186,0.12790697674418605,0.06478405315614617,0.0016611295681063123,0.23255813953488372,0.026578073089700997,0.0016611295681063123,0.006644518272425249,0.04983388704318937,0.016611295681063124,0.03322259136212625,0.249,0.318,0.443,0.761,0.295,23.3,6.5,,,,,,,,,
130,Christopher Morel,CHC,129,550.2439024,611,102.02439020999999,0.21388367725040916,0.7191011238488049,0.24719101136590857,0.033707865177349736,0.04690431520458265,0.13508442777414076,0.13320825515548282,0.08255159474631751,0.0018761726072013092,0.30956848036006546,0.00750469043207856,0.00562851782324059,0.00562851782324059,0.02626641651391162,0.00750469043207856,0.018761726072013096,0.237,0.305084746,0.452083333,0.757168079,0.303754266,30.95684803,8.255159475,535,611,84,0.1718494271685761,0.8333333333333334,0.13095238095238096,0.03571428571428571,0.03436988543371522,0.09165302782324058,0.09819967266775777,0.09983633387888707,0.004909983633387889,0.2602291325695581,0.016366612111292964,0.008183306055646482,0.0,0.01309328968903437,0.011456628477905073,0.0016366612111292963,0.196,0.288,0.346,0.634,0.233,26.0,10.0,,,,,,,,,
132,Luis Rengifo,LAA,132,276.519774,304,59.540489642000004,0.22787193973684214,0.7788461539168878,0.19230769227539365,0.02884615384130905,0.03201506591447369,0.12617702447368423,0.11111111111842105,0.06967984934210526,0.0018832391710526316,0.17890772128289473,0.00941619585526316,0.007532956684210526,0.0018832391710526316,0.022598870055921053,0.007532956684210526,0.015065913371710525,0.251,0.308128544,0.409937888,0.718066433,0.277333333,17.89077213,6.967984934,283,304,79,0.27960526315789475,0.8227848101265823,0.16455696202531644,0.012658227848101266,0.019736842105263157,0.13486842105263158,0.09868421052631579,0.05263157894736842,0.0,0.14473684210526316,0.013157894736842105,0.0,0.003289473684210526,0.07894736842105263,0.023026315789473683,0.05592105263157895,0.3,0.347,0.417,0.763,0.339,14.5,5.3,,,,,,,,,
133,Alex Verdugo,NYY,125,562.5254237,621,135.66101698999998,0.24105461400966183,0.7586206891518897,0.22413793095949874,0.0172413793062779,0.02259887006441224,0.11676082863123993,0.1111111111111111,0.07721280602254428,0.0018832391706924314,0.1487758945410628,0.009416195856682769,0.007532956685990339,0.0,0.009416195856682769,0.0037664783429951693,0.0056497175136876005,0.266,0.327683616,0.403326403,0.731010019,0.294416244,14.87758945,7.721280603,559,621,117,0.20933977455716588,0.7521367521367521,0.23931623931623933,0.008547008547008548,0.020933977455716585,0.11916264090177134,0.09822866344605476,0.07890499194847021,0.0,0.1497584541062802,0.001610305958132045,0.01610305958132045,0.00322061191626409,0.00322061191626409,0.001610305958132045,0.001610305958132045,0.233,0.291,0.356,0.647,0.253,15.0,7.9,,,,,,,,,
134,Jonathan India,CIN,123,554.8064516,637,122.08159395000001,0.22580645164835167,0.7524752473958012,0.2277227722091025,0.01980198019850641,0.03415559772370487,0.13092979127158555,0.12333965844583988,0.09487666034536892,0.0018975332072213502,0.20872865274725275,0.02656546489795918,0.007590132827315542,0.0018975332072213502,0.02277039847723705,0.005692599620094192,0.01707779885400314,0.259,0.347248577,0.435729847,0.782978424,0.301492537,20.87286528,9.487666034,533,637,117,0.20722135007849293,0.7435897435897436,0.23931623931623933,0.017094017094017096,0.023547880690737835,0.13186813186813187,0.09105180533751962,0.12558869701726844,0.0,0.19623233908948196,0.023547880690737835,0.01098901098901099,0.0031397174254317113,0.02040816326530612,0.0031397174254317113,0.01726844583987441,0.248,0.357,0.392,0.75,0.293,19.6,12.6,,,,,,,,,
135,Nolan Gorman,STL,129,357.6730038,402,64.96197719,0.21102661597014924,0.7176470587347897,0.2588235293520012,0.01176470587963642,0.049429657786069656,0.12927756654228856,0.14828897338308458,0.0931558935323383,0.001901140684079602,0.3098859315920398,0.009505703422885573,0.005703422052238807,0.0,0.009505703422885573,0.001901140684079602,0.00760456273880597,0.237,0.314285714,0.452991453,0.767277167,0.30141844,30.98859316,9.315589354,365,402,55,0.18407960199004975,0.7272727272727273,0.2727272727272727,0.0,0.0472636815920398,0.1044776119402985,0.12437810945273632,0.0845771144278607,0.0024875621890547263,0.3756218905472637,0.0024875621890547263,0.004975124378109453,0.0,0.014925373134328358,0.0024875621890547263,0.012437810945273632,0.203,0.271,0.4,0.671,0.279,37.6,8.5,,,,,,,,,
136,Brandon Drury,LAA,127,330.5703422,360,65.01901140999999,0.22623574144444444,0.7368421052712528,0.25263157888422905,0.010526315782997847,0.04562737641666667,0.1235741445,0.1368821292777778,0.06273764258333334,0.0,0.24714828897222224,0.011406844105555555,0.0057034220527777775,0.0,0.003802281369444445,0.0019011406833333334,0.0019011406833333334,0.247,0.300952381,0.449275362,0.750227743,0.286144578,24.7148289,6.273764259,325,360,51,0.1527777777777778,0.8627450980392157,0.13725490196078433,0.0,0.011111111111111112,0.07777777777777778,0.041666666666666664,0.075,0.0,0.225,0.013888888888888888,0.008333333333333333,0.0,0.002777777777777778,0.0,0.002777777777777778,0.169,0.242,0.228,0.469,0.21,22.5,7.5,,,,,,,,,
137,J.T. Realmuto,PHI,133,369.7333333,413,79.45333334,0.2304761904842615,0.7326732672233031,0.2376237623562994,0.029702970294537424,0.03809523808716707,0.1352380952300242,0.12761904762711865,0.07238095237288136,0.003809523808716707,0.24190476191283294,0.015238095237288135,0.007619047619854721,0.0,0.03428571428571429,0.007619047619854721,0.026666666658595642,0.258,0.321153846,0.44893617,0.770090016,0.308868502,24.19047619,7.238095238,380,413,87,0.24455205811138014,0.7816091954022989,0.20689655172413793,0.011494252873563218,0.03389830508474576,0.12106537530266344,0.11380145278450363,0.06537530266343826,0.002421307506053269,0.2469733656174334,0.012106537530266344,0.002421307506053269,0.0,0.004842615012106538,0.004842615012106538,0.0,0.266,0.322,0.429,0.751,0.328,24.7,6.5,,,,,,,,,
139,Jarren Duran,BOS,129,670.2298851,735,157.70114938,0.23754789265306123,0.7053571431617425,0.24107142864503073,0.04464285715531289,0.0229885057414966,0.1379310344217687,0.09961685823129252,0.07088122605442176,0.001915708812244898,0.2509578544217687,0.011494252873469387,0.0057471264367346935,0.001915708812244898,0.053639846748299316,0.009578544061224489,0.044061302680272106,0.261,0.319923372,0.411764706,0.731688078,0.333333333,25.09578544,7.088122605,671,735,170,0.2598639455782313,0.6352941176470588,0.2823529411764706,0.08235294117647059,0.02857142857142857,0.1510204081632653,0.10204081632653061,0.07346938775510205,0.0013605442176870747,0.21768707482993196,0.00816326530612245,0.004081632653061225,0.0013605442176870747,0.04625850340136054,0.009523809523809525,0.036734693877551024,0.285,0.342,0.492,0.834,0.345,21.8,7.3,,,,,,,,,
140,Ryan Mountcastle,BAL,125,460.2898273,507,103.15163152,0.2418426104536489,0.7735849053878349,0.21698113195291902,0.009433962261773057,0.03838771593688363,0.1228406909861933,0.13243761996055228,0.07485604607495068,0.0019193857968441816,0.23416506725838265,0.00767754318540434,0.00959692898224852,0.0,0.00767754318540434,0.0019193857968441816,0.0057581573905325445,0.266,0.3243762,0.446088795,0.770464995,0.31547619,23.41650672,7.485604607,473,507,115,0.252465483234714,0.7217391304347827,0.2608695652173913,0.017391304347826087,0.02564102564102564,0.10650887573964497,0.1242603550295858,0.05325443786982249,0.0,0.22485207100591717,0.0019723865877712033,0.011834319526627219,0.0,0.005917159763313609,0.0,0.005917159763313609,0.271,0.308,0.425,0.733,0.327,22.5,5.3,,,,,,,,,
141,Eloy Jimenez,CHW,125,318.1861804,349,72.34548944,0.24952015355300858,0.7777777777931362,0.21296296298856032,0.009259259259771207,0.04222648753581661,0.12284069097421202,0.1305182341547278,0.07293666025787965,0.003838771593123209,0.1976967370487106,0.007677543186246418,0.007677543186246418,0.0,0.0,0.0,0.0,0.273,0.330134357,0.465263158,0.795397515,0.305084746,19.7696737,7.293666027,324,349,71,0.22063037249283668,0.8028169014084507,0.19718309859154928,0.0,0.017191977077363897,0.07163323782234957,0.0659025787965616,0.06303724928366762,0.0028653295128939827,0.20057306590257878,0.0057306590257879654,0.0028653295128939827,0.0,0.008595988538681949,0.0,0.008595988538681949,0.238,0.289,0.336,0.626,0.285,20.1,6.3,,,,,,,,,
142,Jack Suwinski,PIT,128,239.6396917,277,41.6300578,0.1946050096389892,0.7051282052267532,0.26923076936011364,0.025641025653344158,0.044315992310469315,0.12524084779783395,0.1348747591696751,0.11753371870036101,0.0038535645487364624,0.3082851637906137,0.009633911368231047,0.005780346819494585,0.0019267822743682312,0.015414258187725632,0.005780346819494585,0.009633911368231047,0.224,0.322393822,0.434298441,0.756692263,0.289962825,30.82851638,11.75337187,247,277,36,0.1624548736462094,0.7777777777777778,0.2222222222222222,0.0,0.032490974729241874,0.10469314079422383,0.09386281588447654,0.09747292418772563,0.007220216606498195,0.2851985559566787,0.0036101083032490976,0.0036101083032490976,0.0036101083032490976,0.032490974729241874,0.0036101083032490976,0.02888086642599278,0.182,0.264,0.324,0.588,0.225,28.5,9.7,,,,,,,,,
143,Brent Rooker,OAK,128,541.6949807,614,93.64092665000001,0.19884169885993486,0.7215189872322776,0.26582278476416593,0.01265822784337002,0.04633204633550488,0.11389961389250815,0.13513513513029315,0.09266409267100977,0.003861003861563518,0.32818532817589574,0.017374517377850163,0.007722007721498371,0.0019305019299674267,0.005791505791530945,0.0019305019299674267,0.003861003861563518,0.225,0.308880309,0.433260394,0.742140703,0.29588015,32.81853282,9.266409266,546,614,121,0.26058631921824105,0.768595041322314,0.21487603305785125,0.01652892561983471,0.06351791530944625,0.13355048859934854,0.18241042345276873,0.09609120521172639,0.006514657980456026,0.28827361563517917,0.008143322475570033,0.006514657980456026,0.0,0.017915309446254073,0.004885993485342019,0.013029315960912053,0.293,0.365,0.562,0.927,0.362,28.8,9.6,,,,,,,,,
144,Chas McCormick,HOU,130,236.5299807,267,47.51257253,0.21663442940074906,0.7826086957619847,0.19565217391944908,0.021739130444848594,0.0386847195505618,0.1353965183895131,0.12185686655430711,0.09284332689138576,0.0019342359775280898,0.25145067696629214,0.01353965183895131,0.007736943906367041,0.0019342359775280898,0.029013539651685395,0.007736943906367041,0.02127659574531835,0.245,0.323017408,0.423580786,0.746598194,0.294871795,25.1450677,9.284332689,242,267,46,0.19101123595505617,0.8478260869565217,0.13043478260869565,0.021739130434782608,0.018726591760299626,0.1198501872659176,0.10112359550561797,0.06367041198501873,0.0,0.2696629213483146,0.0149812734082397,0.011235955056179775,0.003745318352059925,0.0299625468164794,0.00749063670411985,0.02247191011235955,0.211,0.271,0.306,0.576,0.274,27.0,6.4,,,,,,,,,
145,Will Smith,LAD,125,467.0387597,544,100.15503875,0.22674418602941177,0.736842105310453,0.25263157895787847,0.021052631583151377,0.042635658915441174,0.13565891472426472,0.14147286821691174,0.10852713178308823,0.0038759689926470588,0.16472868216911762,0.02131782944852941,0.011627906976102942,0.0,0.0038759689926470588,0.0,0.0038759689926470588,0.265,0.356589147,0.478555305,0.835144452,0.277777778,16.47286822,10.85271318,476,544,98,0.21691176470588236,0.7346938775510204,0.24489795918367346,0.02040816326530612,0.03676470588235294,0.14154411764705882,0.13786764705882354,0.09375,0.011029411764705883,0.19301470588235295,0.016544117647058824,0.014705882352941176,0.0,0.001838235294117647,0.001838235294117647,0.0,0.248,0.327,0.433,0.76,0.273,19.3,9.4,,,,,,,,,
146,Max Kepler,MIN,126,350.2848837,399,70.36627906000001,0.21317829456140353,0.7142857144278277,0.2527472527691163,0.021978021982394697,0.03682170543859649,0.12209302325814536,0.12209302325814536,0.10271317829573935,0.0019379844962406014,0.19379844962406015,0.011627906977443609,0.0077519379849624055,0.0,0.0077519379849624055,0.0019379844962406014,0.0058139534887218045,0.242,0.32751938,0.426048565,0.753567945,0.269230769,19.37984496,10.27131783,368,399,85,0.23308270676691728,0.7411764705882353,0.24705882352941178,0.011764705882352941,0.020050125313283207,0.10776942355889724,0.10526315789473684,0.05513784461152882,0.0,0.20050125313283207,0.012531328320802004,0.007518796992481203,0.0,0.002506265664160401,0.0,0.002506265664160401,0.253,0.302,0.38,0.682,0.3,20.1,5.5,,,,,,,,,
147,Jackson Chourio,MIL,126,536.1403509,573,121.74853796000001,0.23781676404886562,0.7431192663662604,0.22935779827741595,0.027522935791647184,0.025341130610820245,0.11695906432809773,0.11111111111692844,0.05068226120418848,0.0019493177382198953,0.22222222216404888,0.0058479532164048866,0.0058479532164048866,0.0019493177382198953,0.03118908382198953,0.007797270954624782,0.023391812862129144,0.255,0.294921875,0.4,0.694921875,0.306179775,22.22222222,5.068226121,528,573,124,0.2530541012216405,0.7338709677419355,0.23387096774193547,0.03225806451612903,0.03664921465968586,0.13961605584642234,0.13787085514834205,0.06806282722513089,0.006980802792321117,0.2111692844677138,0.005235602094240838,0.0034904013961605585,0.0017452006980802793,0.038394415357766144,0.012216404886561954,0.02617801047120419,0.275,0.327,0.464,0.791,0.32,21.1,6.8,,,,,,,,,
149,Lars Nootbaar,STL,122,347.2558594,405,73.56445312,0.21484375,0.7634408603349107,0.21505376345547692,0.02150537634554769,0.03320312501234568,0.13085937501234568,0.11523437501234567,0.12890625,0.00390625,0.19726562501234568,0.005859375,0.005859375,0.001953125,0.015625,0.005859375,0.009765625,0.251,0.350293542,0.421412301,0.771705843,0.287037037,19.7265625,12.890625,348,405,73,0.20987654320987653,0.7123287671232876,0.2465753424657534,0.0410958904109589,0.02962962962962963,0.0962962962962963,0.1111111111111111,0.12839506172839507,0.0049382716049382715,0.19506172839506172,0.0024691358024691358,0.007407407407407408,0.0024691358024691358,0.01728395061728395,0.007407407407407408,0.009876543209876543,0.244,0.342,0.417,0.758,0.281,19.5,12.8,,,,,,,,,
150,Justin Turner,TOR,120,482.0410959,539,107.58904109,0.22896281799628942,0.7549019608052723,0.23529411763065658,0.00980392157336589,0.029354207439703156,0.1135029354174397,0.11937377690166977,0.07827788649350649,0.0,0.18003913894248608,0.0156555772987013,0.009784735812615955,0.0019569471632653063,0.003913894324675325,0.0019569471632653063,0.0019569471632653063,0.255,0.323529412,0.411378556,0.734907968,0.287323944,18.00391389,7.82778865,460,539,108,0.22077922077922077,0.7777777777777778,0.2222222222222222,0.0,0.02040816326530612,0.10946196660482375,0.10204081632653061,0.10946196660482375,0.0037105751391465678,0.17625231910946196,0.02411873840445269,0.012987012987012988,0.0,0.0,0.0037105751391465678,-0.0037105751391465678,0.259,0.354,0.383,0.737,0.299,17.6,10.9,,,,,,,,,
151,Mark Canha,DET,127,397.6823529,462,90.588235318,0.2176470588744589,0.7499999997957792,0.22999999996533765,0.019999999996025974,0.02156862745021645,0.12156862744588745,0.1,0.09803921569264068,0.0019607843138528137,0.17058823530303033,0.03333333333333333,0.007843137255411255,0.0019607843138528137,0.013725490196969697,0.003921568627705627,0.009803921569264068,0.254,0.349019608,0.38952164,0.738541248,0.289855072,17.05882353,9.803921569,393,462,88,0.20562770562770563,0.7727272727272727,0.22727272727272727,0.0,0.015151515151515152,0.09956709956709957,0.09090909090909091,0.11038961038961038,0.004329004329004329,0.2077922077922078,0.02813852813852814,0.010822510822510822,0.0,0.015151515151515152,0.0,0.015151515151515152,0.242,0.344,0.346,0.69,0.298,20.8,11.0,,,,,,,,,
152,Jarred Kelenic,ATL,126,402.3392157,449,81.87647058,0.21568627449888642,0.6989247313009911,0.26881720430895495,0.021505376349601802,0.03333333334075724,0.13333333334075723,0.11372549020044544,0.09019607844097996,0.005882352942093542,0.2764705881959911,0.00784313725389755,0.005882352942093542,0.0,0.03137254902004454,0.00784313725389755,0.02352941175946548,0.241,0.31372549,0.41356674,0.72729223,0.30794702,27.64705882,9.019607843,412,449,80,0.21158129175946547,0.75,0.225,0.025,0.0334075723830735,0.1091314031180401,0.10022271714922049,0.07126948775055679,0.0022271714922048997,0.2962138084632517,0.0022271714922048997,0.0066815144766146995,0.0022271714922048997,0.015590200445434299,0.004454342984409799,0.011135857461024499,0.231,0.286,0.393,0.679,0.3,29.6,7.1,,,,,,,,,
153,Parker Meadows,DET,123,269.3686275,298,52.588235294,0.2,0.7111111110866021,0.23333333342334078,0.04444444444528959,0.02352941176510067,0.1098039215771812,0.09411764704697986,0.07843137255033557,0.001960784312080537,0.250980392147651,0.007843137255033559,0.005882352939597315,0.003921568627516779,0.021568627449664427,0.005882352939597315,0.015686274510067117,0.22,0.287401575,0.360086768,0.647488343,0.277777778,25.09803922,7.843137255,270,298,57,0.2214765100671141,0.6842105263157895,0.21052631578947367,0.10526315789473684,0.030201342281879196,0.13087248322147652,0.09395973154362416,0.08389261744966443,0.0,0.2550335570469799,0.003355704697986577,0.003355704697986577,0.003355704697986577,0.030201342281879196,0.013422818791946308,0.016778523489932886,0.244,0.31,0.433,0.743,0.306,25.5,8.4,,,,,,,,,
154,Brendan Rodgers,COL,122,490.3843137,539,122.59607847000001,0.2549019608534323,0.7413793101240296,0.23275862063551042,0.017241379303313046,0.02745098038961039,0.11960784313543599,0.12156862745825602,0.0686274509833024,0.0019607843135435996,0.18627450983302413,0.011764705883116882,0.007843137254174399,0.0,0.0019607843135435996,0.0,0.0019607843135435996,0.28,0.335952849,0.435344828,0.771297676,0.323119777,18.62745098,6.862745098,501,539,121,0.24860853432282004,0.7520661157024794,0.2396694214876033,0.008264462809917356,0.02411873840445269,0.12430426716141002,0.10018552875695733,0.0575139146567718,0.0018552875695732839,0.24489795918367346,0.0074211502782931356,0.0037105751391465678,0.0018552875695732839,0.0018552875695732839,0.0,0.0018552875695732839,0.267,0.314,0.407,0.721,0.338,24.5,5.8,,,,,,,,,
156,Anthony Rizzo,NYY,120,324.9017682,375,61.14931238,0.20432220040000001,0.7831325301323037,0.2168674698676963,0.012048192764976436,0.04125736738666667,0.12573673869333335,0.12377210216,0.09233791749333334,0.003929273085333334,0.19646365421333334,0.03339882122666667,0.007858546168,0.0019646365413333333,0.011787819253333335,0.003929273085333334,0.007858546168,0.237,0.330058939,0.426303855,0.756362794,0.25617284,19.64636542,9.233791749,337,375,69,0.20533333333333334,0.8260869565217391,0.17391304347826086,0.0,0.021333333333333333,0.10133333333333333,0.09333333333333334,0.072,0.0,0.17333333333333334,0.024,0.005333333333333333,0.0,0.0,0.0,0.0,0.228,0.301,0.335,0.637,0.259,17.3,7.2,,,,,,,,,
157,DJ LeMahieu,NYY,119,202.0196464,228,46.585461692,0.22593320236842104,0.7980769231355415,0.18269230768322595,0.009615384622815127,0.02161100196491228,0.11787819254385964,0.1021611001754386,0.10019646364035088,0.0019646365438596492,0.18860510807017541,0.005893909627192982,0.005893909627192982,0.0019646365438596492,0.005893909627192982,0.0019646365438596492,0.003929273083333333,0.254,0.332677165,0.372505543,0.705182709,0.299711816,18.86051081,10.01964637,201,228,39,0.17982456140350878,0.8717948717948718,0.1282051282051282,0.0,0.008771929824561403,0.08333333333333333,0.11403508771929824,0.08333333333333333,0.0,0.15350877192982457,0.0043859649122807015,0.02631578947368421,0.0043859649122807015,0.0,0.0043859649122807015,-0.0043859649122807015,0.204,0.269,0.259,0.527,0.229,15.4,8.3,,,,,,,,,
158,Tyler O'Neill,BOS,125,420.7554241,473,83.03155817,0.218934911205074,0.7528089888668893,0.22471910116148552,0.011235955058074277,0.04339250492600423,0.13412228797040168,0.12820512820295984,0.09072978304439747,0.0019723865877378437,0.26627218942917547,0.011834319526427061,0.0059171597632135305,0.0,0.029585798816067654,0.0059171597632135305,0.023668639048625793,0.245,0.322134387,0.43902439,0.761158778,0.2996633,26.62721893,9.072978304,411,473,68,0.20930232558139536,0.7352941176470589,0.2647058823529412,0.0,0.06553911205073996,0.15644820295983086,0.12896405919661733,0.11205073995771671,0.010570824524312896,0.3361522198731501,0.014799154334038054,0.004228329809725159,0.0,0.008456659619450317,0.0,0.008456659619450317,0.241,0.336,0.511,0.847,0.305,33.6,11.2,,,,,,,,,
159,Orlando Arcia,ATL,128,549.7554241,602,115.17554239,0.22287968438538208,0.8041237114941621,0.19587628867948587,0.010309278353379761,0.0315581853986711,0.11637080867109635,0.11834319526578073,0.07297830375415282,0.0019723865880398673,0.1952662722591362,0.005917159764119601,0.005917159764119601,0.0019723865880398673,0.005917159764119601,0.0019723865880398673,0.0039447731760797345,0.245,0.302371542,0.39524838,0.697619922,0.276353276,19.52662722,7.297830375,551,602,103,0.19933554817275748,0.7669902912621359,0.23300970873786409,0.0,0.02823920265780731,0.08305647840531562,0.07641196013289037,0.0681063122923588,0.0016611295681063123,0.21262458471760798,0.0033222591362126247,0.011627906976744186,0.0016611295681063123,0.0033222591362126247,0.0,0.0033222591362126247,0.218,0.271,0.354,0.625,0.249,21.3,6.8,,,,,,,,,
160,Cal Raleigh,SEA,128,563.4624506,628,94.32411068,0.2035573122611465,0.6973684210303122,0.28947368422726594,0.013157894731820226,0.05335968378980892,0.1185770750955414,0.14426877469745222,0.0869565217356688,0.0019762845843949045,0.27470355732484075,0.007905138339171974,0.007905138339171974,0.0,0.0019762845843949045,0.0,0.0019762845843949045,0.226,0.298418972,0.45814978,0.756568752,0.260273973,27.47035573,8.695652174,546,628,86,0.1910828025477707,0.813953488372093,0.18604651162790697,0.0,0.054140127388535034,0.11624203821656051,0.1592356687898089,0.11146496815286625,0.006369426751592357,0.2802547770700637,0.009554140127388535,0.009554140127388535,0.0,0.009554140127388535,0.0015923566878980893,0.007961783439490446,0.22,0.312,0.436,0.748,0.251,28.0,11.1,,,,,,,,,
162,Keibert Ruiz,WSN,124,442.32,485,101.85000000000001,0.24000000000000002,0.7619047619047618,0.22857142857142856,0.009523809523809523,0.030000000000000002,0.106,0.122,0.064,0.002,0.106,0.014,0.008,0.002,0.004,0.002,0.002,0.263,0.318637275,0.418859649,0.737496924,0.267857143,10.6,6.4,459,485,92,0.21649484536082475,0.7717391304347826,0.22826086956521738,0.0,0.026804123711340205,0.09484536082474226,0.11752577319587629,0.032989690721649485,0.0,0.11134020618556702,0.010309278350515464,0.010309278350515464,0.0,0.006185567010309278,0.002061855670103093,0.004123711340206186,0.229,0.26,0.359,0.619,0.232,11.1,3.3,,,,,,,,,
163,Colt Keith,DET,119,507.1083845,556,110.29038851,0.22494887517985612,0.7216494847398558,0.23711340211326634,0.04123711341888717,0.026584867068345324,0.11042944785971223,0.11042944785971223,0.07361963190647482,0.002044989775179856,0.23517382410071944,0.006134969325539569,0.006134969325539569,0.002044989775179856,0.006134969325539569,0.002044989775179856,0.004089979550359712,0.246,0.305327869,0.403587444,0.708915313,0.302180685,23.51738241,7.36196319,516,556,121,0.24100719424460432,0.8429752066115702,0.12396694214876033,0.03305785123966942,0.023381294964028777,0.09712230215827339,0.10971223021582734,0.06474820143884892,0.0035971223021582736,0.19784172661870503,0.0035971223021582736,0.0035971223021582736,0.0,0.012589928057553957,0.0017985611510791368,0.01079136690647482,0.26,0.309,0.38,0.689,0.306,19.8,6.5,,,,,,,,,
164,Jackson Holliday,BAL,118,185.8813906,208,44.237218811000005,0.2310838445673077,0.7500000000395595,0.221153846171887,0.028846153856369745,0.01840490797596154,0.11860940697115385,0.09611451942307693,0.09406952966346155,0.004089979548076923,0.21676891615384616,0.006134969326923077,0.004089979548076923,0.0020449897740384615,0.02044989775,0.006134969326923077,0.014314928423076922,0.258,0.331967213,0.386727689,0.718694902,0.320987654,21.67689162,9.406952965,190,208,31,0.17307692307692307,0.8064516129032258,0.12903225806451613,0.06451612903225806,0.02403846153846154,0.1346153846153846,0.11057692307692307,0.07211538461538461,0.0,0.3317307692307692,0.009615384615384616,0.004807692307692308,0.0,0.019230769230769232,0.0,0.019230769230769232,0.189,0.255,0.311,0.565,0.265,33.2,7.2,,,,,,,,,
165,Masyn Winn,STL,121,587.1934156,637,128.44855972,0.2222222222919937,0.755102040547816,0.22448979585958104,0.030612244882865396,0.02057613167974882,0.1152263374411303,0.09670781893249607,0.061728395054945054,0.0,0.2037037037676609,0.006172839505494506,0.006172839505494506,0.004115226337519623,0.03086419753532182,0.006172839505494506,0.024691358021978024,0.241,0.291322314,0.372767857,0.664090171,0.286549708,20.37037037,6.172839506,587,637,142,0.24646781789638933,0.7394366197183099,0.22535211267605634,0.035211267605633804,0.023547880690737835,0.13343799058084774,0.08948194662480377,0.06436420722135008,0.0015698587127158557,0.17111459968602827,0.0015698587127158557,0.007849293563579277,0.004709576138147566,0.01726844583987441,0.007849293563579277,0.009419152276295133,0.267,0.314,0.416,0.73,0.303,17.1,6.4,,,,,,,,,
166,Brandon Marsh,PHI,125,420.1728395,476,92.06584357999999,0.21810699579831933,0.7340425534826779,0.2234042553699914,0.03191489363204291,0.024691358025210084,0.12551440329831934,0.10288065844537815,0.10082304527310924,0.0041152263382352935,0.3086419752100841,0.008230452674369748,0.006172839506302521,0.0041152263382352935,0.024691358025210084,0.006172839506302521,0.018518518518907564,0.247,0.327835052,0.391608392,0.719443443,0.348148148,30.86419753,10.08230453,418,476,88,0.2184873949579832,0.7727272727272727,0.19318181818181818,0.03409090909090909,0.03361344537815126,0.11554621848739496,0.12605042016806722,0.10504201680672269,0.0,0.3235294117647059,0.004201680672268907,0.01050420168067227,0.0021008403361344537,0.03991596638655462,0.0063025210084033615,0.03361344537815126,0.249,0.328,0.419,0.747,0.348,32.4,10.5,,,,,,,,,
167,J.D. Martinez,,108,447.1296296,495,92.68518521,0.23045267494949495,0.7032967031603561,0.263736263617701,0.021978021971738152,0.043209876545454544,0.12345679012121212,0.1440329218181818,0.08024691357575757,0.0020576131696969694,0.27572016464646465,0.008230452674747476,0.008230452674747476,0.0,0.0,0.0,0.0,0.254,0.318930041,0.460136674,0.779066715,0.315972222,27.57201646,8.024691358,434,495,86,0.20606060606060606,0.7093023255813954,0.27906976744186046,0.011627906976744186,0.03232323232323232,0.09292929292929293,0.1393939393939394,0.09898989898989899,0.0,0.28484848484848485,0.012121212121212121,0.00404040404040404,0.0,0.0,0.0,0.0,0.235,0.32,0.406,0.725,0.308,28.5,9.9,,,,,,,,,
168,Noelvi Marte,CIN,120,220.5884774,242,50.79012346099999,0.2366255144214876,0.7549019608003352,0.23529411754977267,0.009803921571136817,0.026748971194214877,0.1193415638016529,0.11316872429752066,0.07407407409090909,0.004115226338842975,0.20576131685950413,0.008230452673553719,0.006172839504132231,0.0020576131694214875,0.026748971194214877,0.008230452673553719,0.01851851851652893,0.26,0.318930041,0.406320542,0.725250583,0.306306306,20.57613169,7.407407407,229,242,44,0.19834710743801653,0.7954545454545454,0.20454545454545456,0.0,0.01652892561983471,0.09917355371900827,0.0743801652892562,0.0371900826446281,0.0,0.30991735537190085,0.012396694214876033,0.004132231404958678,0.0,0.0371900826446281,0.012396694214876033,0.024793388429752067,0.21,0.248,0.301,0.549,0.291,31.0,3.7,,,,,,,,,
169,Leody Taveras,TEX,123,485.2809917,529,107.11157022,0.22727272722117203,0.7448979593532468,0.2244897960193492,0.030612244907485774,0.02479338843100189,0.12603305784499055,0.09917355372400756,0.06818181818525519,0.0020661157032136105,0.23140495860113422,0.0041322314045368624,0.0061983471077504725,0.0041322314045368624,0.03512396693761814,0.010330578512287336,0.02479338843100189,0.247,0.300829876,0.391891892,0.692721767,0.303405573,23.14049587,6.818181818,480,529,98,0.20793950850661624,0.7959183673469388,0.17346938775510204,0.030612244897959183,0.022684310018903593,0.11153119092627599,0.0831758034026465,0.07939508506616257,0.0,0.21172022684310018,0.0,0.007561436672967864,0.005671077504725898,0.043478260869565216,0.011342155009451797,0.03213610586011342,0.229,0.289,0.352,0.641,0.272,21.2,7.9,,,,,,,,,
170,Carlos Santana,MIN,115,517.9090909,594,96.95454546,0.19628099175084177,0.7594936708808535,0.24050632911914638,0.012658227844576188,0.03305785124579124,0.11157024792929293,0.11157024792929293,0.11363636363636363,0.002066115702020202,0.17355371902356903,0.004132231405723905,0.00826446280976431,0.002066115702020202,0.004132231405723905,0.002066115702020202,0.002066115702020202,0.225,0.314699793,0.390995261,0.705695054,0.242331288,17.3553719,11.36363636,521,594,101,0.20875420875420875,0.7425742574257426,0.25742574257425743,0.0,0.03872053872053872,0.10606060606060606,0.11952861952861953,0.10942760942760943,0.005050505050505051,0.16666666666666666,0.010101010101010102,0.003367003367003367,0.0,0.006734006734006734,0.0,0.006734006734006734,0.238,0.328,0.42,0.749,0.252,16.7,10.9,,,,,,,,,
173,Tommy Pham,,118,422.3492723,478,90.43243239,0.21829521820083683,0.7472527476488902,0.2197802199357606,0.02197802199357606,0.029106029100418408,0.1309771309832636,0.10810810811715481,0.09979209979079498,0.0020790020794979078,0.2349272349372385,0.008316008315899582,0.006237006236401674,0.0020790020794979078,0.03326403326359833,0.008316008315899582,0.024948024958158996,0.247,0.327083333,0.4,0.727083333,0.302325581,23.49272349,9.979209979,440,478,100,0.2280334728033473,0.77,0.2,0.03,0.01882845188284519,0.10251046025104603,0.08158995815899582,0.07322175732217573,0.0,0.2217573221757322,0.0041841004184100415,0.0020920502092050207,0.0,0.014644351464435146,0.006276150627615063,0.008368200836820083,0.248,0.305,0.368,0.674,0.307,22.2,7.3,,,,,,,,,
174,Brenton Doyle,COL,125,560.3762994,603,112.82744285000001,0.21621621625207296,0.733333333185615,0.22222222215328702,0.0333333333274246,0.02910602910447761,0.12266112265339967,0.09771309771144278,0.05405405404643449,0.0,0.3409563409618574,0.008316008316749585,0.004158004157545605,0.004158004157545605,0.035343035339966834,0.008316008316749585,0.02702702703150912,0.232,0.279749478,0.382550336,0.662299814,0.332103321,34.0956341,5.405405405,542,603,118,0.23383084577114427,0.7627118644067796,0.2033898305084746,0.03389830508474576,0.03814262023217247,0.13598673300165837,0.11940298507462686,0.07628524046434494,0.001658374792703151,0.2537313432835821,0.004975124378109453,0.013266998341625208,0.006633499170812604,0.04975124378109453,0.008291873963515755,0.04145936981757877,0.26,0.317,0.446,0.764,0.316,25.4,7.6,,,,,,,,,
175,Willson Contreras,STL,119,307.2833333,358,64.14166667,0.22291666667597765,0.7441860464209855,0.24418604649893794,0.023255813957476636,0.04375,0.14166666667597766,0.13541666667597765,0.09999999999999999,0.002083333332402235,0.225,0.029166666675977653,0.0062499999999999995,0.002083333332402235,0.012499999999999999,0.0041666666675977656,0.008333333332402234,0.26,0.354297694,0.475728155,0.830025849,0.300699301,22.5,10.0,301,358,64,0.2206703910614525,0.734375,0.265625,0.0,0.04189944134078212,0.1340782122905028,0.1005586592178771,0.12569832402234637,0.00558659217877095,0.2681564245810056,0.0335195530726257,0.0,0.0,0.0111731843575419,0.002793296089385475,0.008379888268156424,0.262,0.38,0.468,0.848,0.337,26.8,12.6,,,,,,,,,
176,Hunter Renfroe,KCR,116,383.3666667,424,74.2,0.2166666666745283,0.7261904761455525,0.27380952385444746,0.011904761900269543,0.041666666674528306,0.1145833333254717,0.1333333333254717,0.07916666667452829,0.0,0.2125,0.008333333332547169,0.008333333332547169,0.00208333333254717,0.00208333333254717,0.0,0.00208333333254717,0.24,0.304166667,0.437788018,0.741954685,0.265822785,21.25,7.916666667,385,424,73,0.20754716981132076,0.7534246575342466,0.2465753424657534,0.0,0.03537735849056604,0.10377358490566038,0.12264150943396226,0.08490566037735849,0.0,0.19811320754716982,0.0047169811320754715,0.0023584905660377358,0.0,0.0023584905660377358,0.0023584905660377358,0.0,0.229,0.297,0.392,0.689,0.254,19.8,8.5,,,,,,,,,
177,Jonah Heim,TEX,123,444.8726514,491,87.12943632999999,0.21294363258655805,0.7294117646910296,0.25882352945092213,0.011764705881002686,0.03549060543788188,0.11273486429735234,0.12317327765784114,0.08141962421588594,0.00208768267209776,0.19832985386965377,0.006263048016293279,0.00835073068839104,0.00208768267209776,0.00417536534419552,0.00208768267209776,0.00208768267209776,0.235,0.3,0.407834101,0.707834101,0.260736196,19.83298539,8.141962422,459,491,88,0.20570264765784113,0.8522727272727273,0.13636363636363635,0.011363636363636364,0.026476578411405296,0.09164969450101833,0.12016293279022404,0.05295315682281059,0.0,0.18329938900203666,0.008146639511201629,0.004073319755600814,0.0,0.002036659877800407,0.002036659877800407,0.0,0.22,0.267,0.336,0.602,0.246,18.3,5.3,,,,,,,,,
178,Nolan Schanuel,LAA,115,522.0960334,607,133.05845512599998,0.23382045930807246,0.7904761903360445,0.18095238094565283,0.019047619045328614,0.014613778705107083,0.12317327766062602,0.09185803757825371,0.11899791232289951,0.002087682672158155,0.14405010438220758,0.01252609603294893,0.006263048016474465,0.002087682672158155,0.006263048016474465,0.002087682672158155,0.00417536534431631,0.272,0.366108787,0.376213592,0.742322379,0.309734513,14.40501044,11.89979123,519,607,117,0.214168039538715,0.8376068376068376,0.1623931623931624,0.0,0.0214168039538715,0.10214168039538715,0.08896210873146623,0.11202635914332784,0.0,0.1696869851729819,0.014827018121911038,0.011532125205930808,0.004942339373970346,0.016474464579901153,0.0016474464579901153,0.014827018121911038,0.25,0.343,0.362,0.706,0.285,17.0,11.2,,,,,,,,,
179,Brandon Lowe,TBR,114,370.7635983,425,69.35146443000001,0.2092050209176471,0.705128205178118,0.269230769291774,0.025641025645462348,0.046025104611764706,0.12970711296470588,0.13598326360000002,0.10669456065882353,0.0020920502094117647,0.2615062762352941,0.014644351463529413,0.006276150628235295,0.0,0.010460251047058824,0.0020920502094117647,0.008368200837647059,0.241,0.330543933,0.458033573,0.788577506,0.285714286,26.15062762,10.66945607,385,425,73,0.2211764705882353,0.6986301369863014,0.2602739726027397,0.0410958904109589,0.04941176470588235,0.13176470588235295,0.13647058823529412,0.07764705882352942,0.004705882352941176,0.2635294117647059,0.011764705882352941,0.004705882352941176,0.0,0.011764705882352941,0.002352941176470588,0.009411764705882352,0.244,0.311,0.473,0.783,0.287,26.4,7.8,,,,,,,,,
180,LaMonte Wade Jr.,SFG,117,341.0610526,401,69.22526316,0.20421052630922695,0.7682926829338759,0.20731707320244155,0.012195121946286872,0.03157894735660848,0.12,0.10736842104738153,0.1221052631670823,0.004210526316708229,0.1831578947381546,0.014736842104738154,0.00631578947381546,0.00631578947381546,0.00631578947381546,0.0021052631571072318,0.004210526316708229,0.24,0.343220339,0.396039604,0.739259943,0.268852459,18.31578947,12.21052632,331,401,78,0.2144638403990025,0.7948717948717948,0.20512820512820512,0.0,0.0199501246882793,0.11221945137157108,0.08478802992518704,0.1546134663341646,0.012468827930174564,0.22443890274314215,0.00997506234413965,0.007481296758104738,0.0024937655860349127,0.004987531172069825,0.0024937655860349127,0.0024937655860349127,0.26,0.38,0.381,0.761,0.331,22.4,15.5,,,,,,,,,
181,Sean Murphy,ATL,118,229.3953488,264,46.88372093,0.22198731500000002,0.7261904762387211,0.2738095237612788,0.011904761907301114,0.044397462992424246,0.13742071882575757,0.13742071882575757,0.09936575053030303,0.0021141649053030304,0.22198731500000002,0.023255813954545453,0.006342494715909091,0.0,0.0,0.0,0.0,0.256,0.345338983,0.472019465,0.817358448,0.291666667,22.1987315,9.936575053,233,264,35,0.17045454545454544,0.8285714285714286,0.14285714285714285,0.02857142857142857,0.03787878787878788,0.07196969696969698,0.0946969696969697,0.10227272727272728,0.003787878787878788,0.2537878787878788,0.011363636363636364,0.003787878787878788,0.0,0.0,0.0,0.0,0.193,0.284,0.352,0.636,0.223,25.4,10.2,,,,,,,,,
182,Mike Yastrzemski,SFG,118,412.8710359,474,78.16490487000002,0.20084566597046416,0.6923076921797575,0.2948717948078275,0.025641025641025637,0.03594080337552742,0.12262156447257384,0.11839323466244726,0.10782241014767932,0.004228329810126582,0.2494714588607595,0.010570824525316456,0.006342494715189874,0.002114164905063291,0.008456659620253165,0.002114164905063291,0.006342494715189874,0.232,0.32059448,0.422330097,0.742924577,0.278571429,24.94714588,10.78224101,428,474,81,0.2088607594936709,0.691358024691358,0.19753086419753085,0.1111111111111111,0.0379746835443038,0.12658227848101267,0.12025316455696203,0.08016877637130802,0.002109704641350211,0.2616033755274262,0.012658227848101266,0.002109704641350211,0.002109704641350211,0.006329113924050633,0.004219409282700422,0.002109704641350211,0.231,0.302,0.437,0.739,0.282,26.2,8.0,,,,,,,,,
183,Michael Conforto,SFG,116,420.7966102,488,90.98305082,0.21822033893442622,0.7727272730070451,0.2272727273226866,0.0,0.031779661024590164,0.1207627118647541,0.1165254237295082,0.11440677965163934,0.004237288135245901,0.21398305081967214,0.016949152543032784,0.006355932202868853,0.0,0.004237288135245901,0.0021186440676229505,0.0021186440676229505,0.253,0.349576271,0.412776413,0.762352684,0.299319728,21.39830508,11.44067797,438,488,84,0.21311475409836064,0.6428571428571429,0.32142857142857145,0.03571428571428571,0.040983606557377046,0.11475409836065574,0.13524590163934427,0.0860655737704918,0.0020491803278688526,0.24180327868852458,0.010245901639344262,0.006147540983606557,0.0,0.0,0.0020491803278688526,-0.0020491803278688526,0.237,0.309,0.45,0.759,0.277,24.2,8.6,,,,,,,,,
184,Francisco Alvarez,NYM,124,303.5159236,342,52.28025478000001,0.2016985138011696,0.7638888887985636,0.23611111101015944,0.013888888894202131,0.04883227175438596,0.11889596602339181,0.13800424628654973,0.09129511678362573,0.0042462845,0.26539278131578947,0.014861995754385965,0.006369426751461988,0.0,0.0042462845,0.002123142251461988,0.002123142251461988,0.227,0.307855626,0.440191388,0.748047014,0.263736264,26.53927813,9.129511677,308,342,62,0.2134502923976608,0.7419354838709677,0.22580645161290322,0.03225806451612903,0.03216374269005848,0.11403508771929824,0.13742690058479531,0.08771929824561403,0.0,0.25146198830409355,0.005847953216374269,0.005847953216374269,0.0,0.0029239766081871343,0.0029239766081871343,0.0,0.237,0.307,0.403,0.71,0.291,25.1,8.8,,,,,,,,,
185,Starling Marte,NYM,112,337.7234043,370,81.08510638700001,0.23829787235135136,0.7864077669906504,0.18446601942669533,0.029126213594986915,0.019148936170270272,0.13191489362162162,0.08723404254054054,0.05744680851351351,0.0021276595756756756,0.19787234043243243,0.02340425531891892,0.0042553191486486485,0.0021276595756756756,0.06808510637837838,0.012765957445945946,0.055319148945945945,0.26,0.319829424,0.382284382,0.702113807,0.313069909,19.78723404,5.744680851,335,370,83,0.24324324324324326,0.8072289156626506,0.1566265060240964,0.03614457831325301,0.01891891891891892,0.12432432432432433,0.10810810810810811,0.07297297297297298,0.002702702702702703,0.21891891891891893,0.008108108108108109,0.005405405405405406,0.008108108108108109,0.043243243243243246,0.002702702702702703,0.04054054054054054,0.269,0.327,0.388,0.715,0.333,21.9,7.3,,,,,,,,,
186,Charlie Blackmon,COL,108,445.8017058,499,110.65245205,0.2430703625250501,0.740384615182145,0.2211538460886733,0.03846153844902527,0.021321961623246493,0.12153518124248497,0.10874200426853707,0.07675906184368737,0.002132196162324649,0.15991471214428857,0.017057569296593186,0.006396588486973948,0.004264392324649298,0.006396588486973948,0.002132196162324649,0.004264392324649298,0.273,0.339055794,0.417661098,0.756716892,0.308605341,15.99147122,7.675906183,449,499,103,0.23046092184368738,0.7184466019417476,0.23300970873786409,0.04854368932038835,0.02404809619238477,0.11823647294589178,0.10420841683366733,0.08617234468937876,0.004008016032064128,0.17234468937875752,0.012024048096192385,0.002004008016032064,0.0,0.012024048096192385,0.004008016032064128,0.008016032064128256,0.256,0.329,0.412,0.741,0.293,17.2,8.6,,,,,,,,,
187,Gabriel Moreno,ARI,124,320.25,351,81.75,0.25,0.7706422018348624,0.21100917431192662,0.01834862385321101,0.017094017094017096,0.11538461538461539,0.1111111111111111,0.06837606837606838,0.002136752136752137,0.19230769230769232,0.010683760683760684,0.00641025641025641,0.002136752136752137,0.010683760683760684,0.004273504273504274,0.00641025641025641,0.275,0.329764454,0.393442623,0.723207077,0.328313253,19.23076923,6.837606838,305,351,76,0.23076923076923078,0.75,0.23684210526315788,0.013157894736842105,0.014245014245014245,0.1111111111111111,0.1282051282051282,0.1168091168091168,0.002849002849002849,0.14814814814814814,0.005698005698005698,0.008547008547008548,0.0,0.008547008547008548,0.002849002849002849,0.005698005698005698,0.266,0.353,0.38,0.734,0.303,14.8,11.7,,,,,,,,,
188,Luis Garcia Jr.,WSN,115,490.6895075,528,123.23768735,0.2548179871212121,0.7706422019286618,0.20183486240988763,0.027522935783166495,0.021413276231060607,0.11349036403409091,0.10706638115530304,0.055674518200757576,0.0021413276231060604,0.14989293361742423,0.004282655246212121,0.008565310492424242,0.0021413276231060604,0.019271948617424244,0.006423982869318182,0.012847965738636363,0.274,0.315450644,0.407834101,0.723284745,0.304469274,14.98929336,5.56745182,500,528,123,0.26704545454545453,0.7886178861788617,0.2032520325203252,0.008130081300813009,0.03409090909090909,0.10984848484848485,0.13257575757575757,0.05113636363636364,0.003787878787878788,0.16287878787878787,0.0,0.001893939393939394,0.0,0.041666666666666664,0.00946969696969697,0.032196969696969696,0.282,0.318,0.444,0.762,0.31,16.3,5.1,,,,,,,,,
189,Brendan Donovan,STL,113,566.8351178,652,139.614561,0.2355460384969325,0.7800000001432515,0.21000000007162575,0.020000000007162577,0.021413276226993863,0.12419700214723926,0.10920770877300615,0.10064239828220858,0.0021413276226993866,0.15417558880368099,0.021413276226993863,0.006423982869631901,0.0021413276226993866,0.010706638115030675,0.004282655246932516,0.006423982869631901,0.272,0.358369099,0.408866995,0.767236094,0.305810398,15.41755889,10.06423983,587,652,149,0.25,0.7516778523489933,0.22818791946308725,0.020134228187919462,0.02147239263803681,0.09969325153374232,0.11196319018404909,0.07208588957055215,0.0,0.12423312883435583,0.019938650306748466,0.007668711656441718,0.0,0.007668711656441718,0.007668711656441718,0.0,0.278,0.342,0.417,0.759,0.3,12.4,7.2,,,,,,,,,
190,Wilmer Flores,SFG,115,214.8207343,242,45.473002161,0.22894168466942147,0.7701149424005809,0.22988505735751746,0.01149425287887141,0.04103671706198347,0.12095032396694215,0.13174946004132232,0.09071274297520661,0.002159827214876033,0.1468682505371901,0.010799136070247933,0.008639308855371902,0.0,0.0,0.0,0.0,0.258,0.331168831,0.452554745,0.783723576,0.265243902,14.68682505,9.071274298,214,242,40,0.18181818181818182,0.7,0.3,0.0,0.01652892561983471,0.07851239669421488,0.10743801652892562,0.08264462809917356,0.004132231404958678,0.13636363636363635,0.012396694214876033,0.02066115702479339,0.0,0.0,0.0,0.0,0.206,0.277,0.318,0.595,0.22,13.6,8.3,,,,,,,,,
191,JJ Bleday,OAK,116,557.2337662,642,95.88311686,0.18181818177570094,0.7101449276979626,0.2753623188798788,0.02898550725106247,0.03246753246105919,0.103896103894081,0.10606060605919003,0.11255411255451714,0.0,0.24458874454828658,0.00649350649376947,0.008658008657320873,0.0021645021651090345,0.008658008657320873,0.0021645021651090345,0.00649350649376947,0.211,0.302173913,0.381546135,0.683720048,0.249097473,24.45887446,11.25541126,572,642,119,0.21651090342679127,0.6050420168067226,0.36134453781512604,0.03361344537815126,0.03115264797507788,0.11526479750778816,0.09345794392523364,0.1043613707165109,0.003115264797507788,0.19470404984423675,0.003115264797507788,0.0,0.001557632398753894,0.003115264797507788,0.004672897196261682,-0.001557632398753894,0.243,0.324,0.437,0.762,0.279,19.5,10.4,,,,,,,,,
192,Shea Langeliers,OAK,120,485.3492408,534,84.55965293,0.1952277657303371,0.726027397260274,0.24657534246575344,0.027397260273972605,0.03687635574906367,0.10195227765917603,0.11713665943820226,0.0715835141011236,0.0021691973970037453,0.2863340563670412,0.008676789588014981,0.006507592191011236,0.0021691973970037453,0.006507592191011236,0.0021691973970037453,0.004338394794007491,0.215,0.276688453,0.38902148,0.665709933,0.267399267,28.63340564,7.15835141,482,534,79,0.20224719101123595,0.7468354430379747,0.22784810126582278,0.02531645569620253,0.054307116104868915,0.10861423220973783,0.149812734082397,0.07677902621722846,0.003745318352059925,0.27153558052434457,0.009363295880149813,0.011235955056179775,0.0,0.00749063670411985,0.003745318352059925,0.003745318352059925,0.224,0.288,0.45,0.739,0.252,27.2,7.7,,,,,,,,,
194,Seth Brown,OAK,118,360.0,400,66.08695652,0.206521739125,0.6973684210446676,0.2763157895533241,0.026315789477666204,0.041304347825000004,0.1152173913,0.126086956525,0.08260869565000001,0.0021739130425,0.26521739125,0.006521739130000001,0.006521739130000001,0.0021739130425,0.015217391305000001,0.0043478260875,0.010869565217499998,0.23,0.296943231,0.427536232,0.724479463,0.275362319,26.52173913,8.260869565,372,400,72,0.215,0.8333333333333334,0.1527777777777778,0.013888888888888888,0.035,0.08,0.11,0.0625,0.0,0.28,0.005,0.0025,0.0,0.01,0.005,0.005,0.231,0.283,0.379,0.662,0.291,28.0,6.3,,,,,,,,,
195,Andrew McCutchen,PIT,108,443.0349345,515,91.08078607,0.20524017475728154,0.74074074040323,0.24691358013440998,0.01234567900123087,0.028384279475728157,0.11790393013592233,0.1091703056699029,0.1244541484660194,0.0,0.21615720524271845,0.006550218339805826,0.008733624454368932,0.0,0.017467248908737864,0.004366812227184466,0.013100436681553399,0.239,0.336244541,0.393401015,0.729645557,0.283216783,21.61572052,12.44541485,448,515,84,0.20194174757281552,0.7738095238095238,0.21428571428571427,0.011904761904761904,0.038834951456310676,0.12815533980582525,0.0970873786407767,0.11262135922330097,0.001941747572815534,0.258252427184466,0.013592233009708738,0.003883495145631068,0.0,0.005825242718446602,0.003883495145631068,0.001941747572815534,0.232,0.328,0.411,0.739,0.283,25.8,11.3,,,,,,,,,
196,Matt Wallner,MIN,117,227.9475983,261,41.60043668,0.19432314409961685,0.712328767073894,0.2739726026837466,0.027397260268374662,0.03493449781609196,0.11790393011494253,0.11353711789272031,0.09825327509578545,0.0043668122260536405,0.33624454149425287,0.021834061134099615,0.0043668122260536405,0.0,0.006550218340996168,0.0021834061149425287,0.0043668122260536405,0.223,0.315098468,0.405,0.720098468,0.314655172,33.62445415,9.825327511,220,261,44,0.21839080459770116,0.5909090909090909,0.38636363636363635,0.022727272727272728,0.04980842911877394,0.09961685823754789,0.1417624521072797,0.09195402298850575,0.0,0.36398467432950193,0.06130268199233716,0.0038314176245210726,0.0,0.011494252873563218,0.0,0.011494252873563218,0.259,0.372,0.523,0.894,0.389,36.4,9.2,,,,,,,,,
197,Jose Siri,TBR,118,413.6892779,448,71.56236324,0.20350109408482142,0.726027397191362,0.24657534241598364,0.02739726026688998,0.04376367613839286,0.12910284464285715,0.1225382932142857,0.05908096279017857,0.0,0.34792122544642856,0.006564551421875,0.006564551421875,0.002188183808035714,0.04376367613839286,0.008752735229910715,0.03501094091517857,0.219,0.27032967,0.414691943,0.685021613,0.296747967,34.79212254,5.90809628,402,448,57,0.16741071428571427,0.7017543859649122,0.2807017543859649,0.017543859649122806,0.04017857142857143,0.11160714285714286,0.10491071428571429,0.06919642857142858,0.0,0.3794642857142857,0.015625,0.008928571428571428,0.004464285714285714,0.03125,0.015625,0.015625,0.187,0.255,0.366,0.62,0.261,37.9,6.9,,,,,,,,,
198,Brice Turang,MIL,118,559.2719298,619,123.528508818,0.21491228077544428,0.7692307689069573,0.20879120874032406,0.021978021972239623,0.015350877192245559,0.11184210526655898,0.08552631578352181,0.0833333333279483,0.0021929824555735056,0.21052631583198705,0.0021929824555735056,0.0065789473683360265,0.00438596491276252,0.0438596491276252,0.008771929823909532,0.03508771930533118,0.238,0.301762115,0.344660194,0.646422309,0.291666667,21.05263158,8.333333333,559,619,135,0.2294022617124394,0.7925925925925926,0.17777777777777778,0.02962962962962963,0.011308562197092083,0.11631663974151858,0.09208400646203554,0.08077544426494346,0.0016155088852988692,0.16962843295638125,0.0032310177705977385,0.004846526655896607,0.008077544426494346,0.08077544426494346,0.009693053311793215,0.07108239095315025,0.254,0.316,0.349,0.665,0.3,17.0,8.1,,,,,,,,,
199,Jurickson Profar,SDP,112,587.2527473,668,126.25934069000002,0.20879120883233535,0.7325581393387204,0.24418604644624015,0.011627906972876176,0.019780219775449102,0.10989010989520957,0.09890109890718563,0.10109890109281437,0.0,0.16703296706586826,0.010989010989520959,0.006593406592814372,0.00219780219760479,0.008791208791916168,0.00219780219760479,0.006593406592814372,0.237,0.321585903,0.36,0.681585903,0.270440252,16.7032967,10.10989011,564,668,134,0.23652694610778444,0.7835820895522388,0.21641791044776118,0.0,0.03592814371257485,0.1407185628742515,0.12724550898203593,0.11377245508982035,0.005988023952095809,0.15119760479041916,0.02694610778443114,0.0074850299401197605,0.0074850299401197605,0.014970059880239521,0.004491017964071856,0.010479041916167664,0.28,0.38,0.459,0.839,0.302,15.1,11.4,,,,,,,,,
200,Ramon Laureano,CLE,108,274.2119205,309,56.61589403600001,0.21412803530744337,0.7349397590284835,0.2530120481872381,0.012048192766615413,0.030905077262135924,0.1258278145631068,0.11920529802588997,0.08167770420711974,0.0022075055177993527,0.26048565122977346,0.024282560705501617,0.006622516556634304,0.0,0.030905077262135924,0.006622516556634304,0.024282560705501617,0.241,0.3200883,0.402985075,0.723073375,0.304029304,26.04856512,8.167770419,286,309,63,0.23948220064724918,0.7301587301587301,0.25396825396825395,0.015873015873015872,0.03559870550161812,0.11326860841423948,0.10679611650485436,0.04854368932038835,0.0,0.3106796116504854,0.022653721682847898,0.003236245954692557,0.0,0.025889967637540454,0.009708737864077669,0.016181229773462782,0.259,0.311,0.437,0.748,0.35,31.1,4.9,,,,,,,,,
201,Geraldo Perdomo,ARI,119,331.4701987,388,73.660044152,0.20309050773195875,0.7674418603842924,0.1976744185756051,0.03488372093149543,0.01324503311340206,0.11920529801546392,0.07505518762886598,0.10816777041237115,0.002207505518041237,0.18984547461340207,0.01324503311340206,0.00662251655670103,0.019867549670103093,0.030905077268041238,0.008830022074742268,0.02207505518814433,0.237,0.330337079,0.343669251,0.674006329,0.288590604,18.98454746,10.81677704,337,388,89,0.23711340206185566,0.7415730337078652,0.23595505617977527,0.02247191011235955,0.007731958762886598,0.15721649484536082,0.09536082474226804,0.09278350515463918,0.0,0.14948453608247422,0.007731958762886598,0.01288659793814433,0.01804123711340206,0.023195876288659795,0.002577319587628866,0.020618556701030927,0.273,0.344,0.374,0.718,0.317,14.9,9.3,,,,,,,,,
203,Mitch Haniger,SEA,110,378.079646,423,70.1880531,0.20575221238770686,0.7599999999145153,0.23999999994301024,0.013333333333333332,0.03982300884160757,0.11283185841607564,0.12389380531914894,0.08407079645390071,0.002212389380614657,0.2566371680851064,0.013274336283687944,0.006637168141843972,0.002212389380614657,0.002212389380614657,0.0,0.002212389380614657,0.231,0.303769401,0.415841584,0.719610985,0.274725275,25.66371681,8.407079646,380,423,67,0.1867612293144208,0.8208955223880597,0.1791044776119403,0.0,0.028368794326241134,0.09929078014184398,0.10401891252955082,0.09456264775413711,0.0,0.2978723404255319,0.004728132387706856,0.002364066193853428,0.0,0.0,0.0,0.0,0.208,0.286,0.334,0.62,0.276,29.8,9.5,,,,,,,,,
204,Yainer Diaz,HOU,117,580.6548673,619,130.0995575,0.2522123893376414,0.7684210527772164,0.231578947376512,0.010526315794732814,0.04203539822294022,0.12389380531502424,0.1438053097415186,0.04646017699515348,0.002212389381260097,0.19469026542810985,0.00884955752180937,0.006637168142164782,0.002212389381260097,0.002212389381260097,0.0,0.002212389381260097,0.27,0.307522124,0.462264151,0.769786275,0.296875,19.46902655,4.646017699,585,619,159,0.2827140549273021,0.7987421383647799,0.18238993710691823,0.018867924528301886,0.025848142164781908,0.11308562197092084,0.13570274636510501,0.03877221324717286,0.0016155088852988692,0.172859450726979,0.0032310177705977385,0.012924071082390954,0.0,0.0032310177705977385,0.0,0.0032310177705977385,0.299,0.325,0.441,0.766,0.338,17.3,3.9,,,,,,,,,
205,Jesus Sanchez,MIA,117,483.3,537,99.04666667000001,0.22,0.7349397589777565,0.24096385544723148,0.024096385544723146,0.03555555554934823,0.11777777778398511,0.12444444445065175,0.08444444445065176,0.0022222222216014896,0.2555555554934823,0.008888888888268156,0.006666666666666667,0.0022222222216014896,0.006666666666666667,0.0022222222216014896,0.004444444445065177,0.245,0.313333333,0.422222222,0.735555556,0.299638989,25.55555556,8.444444444,489,537,105,0.22905027932960895,0.7523809523809524,0.23809523809523808,0.009523809523809525,0.0335195530726257,0.11173184357541899,0.1191806331471136,0.07635009310986965,0.0037243947858473,0.260707635009311,0.0074487895716946,0.0037243947858473,0.00186219739292365,0.0297951582867784,0.0037243947858473,0.0260707635009311,0.252,0.313,0.417,0.731,0.315,26.1,7.6,,,,,,,,,
208,Logan O'Hoppe,LAA,112,469.3318386,522,93.63228695,0.22421524655172415,0.750000000400503,0.23750000010012573,0.012500000001335011,0.044843049329501915,0.12556053812260537,0.13452914798850574,0.0829596412643678,0.004484304932950192,0.2152466367816092,0.011210762331417625,0.0067264573984674335,0.0,0.0067264573984674335,0.0022421524655172414,0.004484304932950192,0.25,0.31838565,0.451371571,0.769757221,0.277777778,21.52466368,8.295964126,479,522,97,0.22413793103448276,0.8144329896907216,0.17525773195876287,0.010309278350515464,0.038314176245210725,0.12260536398467432,0.10727969348659004,0.06321839080459771,0.0,0.29693486590038315,0.01532567049808429,0.0019157088122605363,0.0019157088122605363,0.0038314176245210726,0.005747126436781609,-0.0019157088122605363,0.244,0.303,0.409,0.712,0.318,29.7,6.3,,,,,,,,,
209,Gavin Lux,LAD,112,434.4696629,487,100.683146098,0.22696629219712525,0.7499999997665945,0.21739130428736952,0.04347826085747391,0.020224719100616018,0.12808988763860368,0.10112359550308009,0.09662921349075976,0.0022471910102669405,0.20224719100616018,0.00449438202258727,0.00674157303285421,0.0022471910102669405,0.01797752809034908,0.00449438202258727,0.013483146067761808,0.254,0.328089888,0.395465995,0.723555883,0.305647841,20.2247191,9.662921348,439,487,100,0.22587268993839835,0.74,0.24,0.02,0.02053388090349076,0.12114989733059549,0.1026694045174538,0.09034907597535935,0.0,0.22587268993839835,0.004106776180698152,0.004106776180698152,0.0,0.01026694045174538,0.004106776180698152,0.006160164271047228,0.251,0.32,0.383,0.703,0.312,22.6,9.0,,,,,,,,,
210,Michael Massey,KCR,111,326.4,356,68.8,0.22247191011235956,0.7093023255813954,0.26744186046511625,0.023255813953488375,0.029213483146067417,0.11235955056179775,0.1146067415730337,0.058426966292134834,0.0022471910112359553,0.21797752808988763,0.01348314606741573,0.008988764044943821,0.0044943820224719105,0.015730337078651683,0.0044943820224719105,0.011235955056179775,0.243,0.295045045,0.404411765,0.69945681,0.284768212,21.79775281,5.842696629,332,356,72,0.24157303370786518,0.7361111111111112,0.2361111111111111,0.027777777777777776,0.03932584269662921,0.12640449438202248,0.12640449438202248,0.042134831460674156,0.0028089887640449437,0.15730337078651685,0.008426966292134831,0.011235955056179775,0.0056179775280898875,0.0028089887640449437,0.0,0.0028089887640449437,0.259,0.294,0.449,0.743,0.271,15.7,4.2,,,,,,,,,
211,Byron Buxton,MIN,106,345.1801802,388,59.42342342,0.20945945945876288,0.6617647058477063,0.30882352940681523,0.029411764711821782,0.05630630631443299,0.1418918918814433,0.1486486486597938,0.09009009007731959,0.00225225225257732,0.30180180180412375,0.013513513512886599,0.006756756757731959,0.0,0.024774774775773195,0.00450450450515464,0.02027027027061856,0.236,0.313063063,0.488607595,0.801670658,0.284518828,30.18018018,9.009009009,355,388,81,0.2551546391752577,0.6296296296296297,0.3333333333333333,0.037037037037037035,0.04639175257731959,0.15979381443298968,0.14432989690721648,0.05154639175257732,0.002577319587628866,0.2551546391752577,0.028350515463917526,0.005154639175257732,0.0,0.01804123711340206,0.005154639175257732,0.01288659793814433,0.279,0.335,0.524,0.859,0.338,25.5,5.2,,,,,,,,,
212,Luis Campusano,SDP,113,274.7020316,299,61.419864564,0.23476297969899665,0.7802197801993838,0.20879120885454514,0.010989010994915225,0.029345372461538465,0.10609480812709031,0.12189616254180603,0.060948081270903016,0.0022573363444816055,0.17832957110367892,0.011286681715719064,0.006772009030100334,0.0022573363444816055,0.0,0.0,0.0,0.255,0.307692308,0.402948403,0.710640711,0.286163522,17.83295711,6.094808126,277,299,55,0.21070234113712374,0.7636363636363637,0.23636363636363636,0.0,0.026755852842809364,0.12374581939799331,0.13377926421404682,0.06688963210702341,0.0,0.13712374581939799,0.0033444816053511705,0.0033444816053511705,0.0,0.0,0.0,0.0,0.227,0.281,0.361,0.642,0.24,13.7,6.7,,,,,,,,,
213,Elias Diaz,COL,115,320.0993228,351,71.30925508,0.2347629796866097,0.766666666601224,0.2222222222378038,0.011111111104878477,0.031602708803418804,0.11286681715099715,0.12189616253561253,0.06997742663817663,0.0,0.21218961623931623,0.006772009028490029,0.006772009028490029,0.0,0.0,0.0,0.0,0.258,0.31292517,0.415841584,0.728766754,0.301003344,21.21896163,6.997742664,325,351,80,0.245014245014245,0.75,0.25,0.0,0.017094017094017096,0.07692307692307693,0.1111111111111111,0.05698005698005698,0.005698005698005698,0.19658119658119658,0.011396011396011397,0.005698005698005698,0.0,0.0,0.0,0.0,0.265,0.313,0.382,0.695,0.317,19.7,5.7,,,,,,,,,
214,Whit Merrifield,PHI,101,309.2307692,335,75.033936654,0.24208144797014924,0.7676767675887267,0.2222222221511433,0.02020202020040477,0.01809954751044776,0.12217194570149253,0.09954751131343284,0.061085972835820894,0.00226244343880597,0.16968325791044775,0.00452488687761194,0.00904977375522388,0.00226244343880597,0.04751131220895522,0.01357466063283582,0.033936651582089555,0.262,0.308390023,0.387254902,0.695644925,0.300911854,16.96832579,6.108597285,293,335,61,0.19402985074626866,0.8032786885245902,0.14754098360655737,0.04918032786885246,0.011940298507462687,0.13134328358208955,0.04477611940298507,0.1044776119402985,0.0,0.15522388059701492,0.008955223880597015,0.0,0.011940298507462687,0.050746268656716415,0.008955223880597015,0.041791044776119404,0.222,0.311,0.314,0.625,0.257,15.5,10.4,,,,,,,,,
215,Bo Naylor,CLE,116,342.1431818,389,65.42272727,0.19999999999999998,0.7162162162182818,0.25675675672577325,0.027027027025374573,0.031818181825192804,0.11590909089974294,0.12045454544987146,0.10227272727506427,0.0045454545449871465,0.25,0.009090909089974293,0.00681818181748072,0.0022727272724935733,0.015909090910025705,0.0045454545449871465,0.011363636362467866,0.227,0.312072893,0.395348837,0.70742173,0.278195489,25.0,10.22727273,354,389,58,0.18251928020565553,0.7931034482758621,0.1724137931034483,0.034482758620689655,0.033419023136246784,0.10025706940874037,0.10025706940874037,0.07455012853470437,0.002570694087403599,0.31362467866323906,0.005141388174807198,0.005141388174807198,0.005141388174807198,0.015424164524421594,0.007712082262210797,0.007712082262210797,0.201,0.264,0.35,0.614,0.262,31.4,7.5,,,,,,,,,
216,Willi Castro,MIN,112,575.423341,635,126.41876435000002,0.22196796346456696,0.7586206893660402,0.21839080449768689,0.03448275861114284,0.02288329519685039,0.12585812357480314,0.09153318077165354,0.0640732265511811,0.0022883295196850393,0.23798627007874018,0.018306636157480315,0.006864988559055119,0.004576659039370079,0.05034324943307087,0.011441647596850393,0.03890160182677165,0.246,0.305747126,0.386363636,0.692110763,0.305263158,23.798627,6.407322654,558,635,126,0.2173228346456693,0.7142857142857143,0.24603174603174602,0.03968253968253968,0.01889763779527559,0.14015748031496064,0.09448818897637795,0.08031496062992126,0.0,0.23622047244094488,0.03307086614173228,0.006299212598425197,0.0015748031496062992,0.02204724409448819,0.014173228346456693,0.007874015748031496,0.247,0.331,0.385,0.717,0.315,23.6,8.0,,,,,,,,,
218,Giancarlo Stanton,NYY,104,406.2413793,459,68.5862069,0.2068965517211329,0.7692307691971227,0.21538461532853775,0.0,0.05747126435729848,0.12873563217864925,0.15172413793028325,0.10114942529411765,0.004597701150326798,0.2919540230936819,0.006896551723311547,0.006896551723311547,0.0,0.0,0.0,0.0,0.233,0.314942529,0.462337662,0.777280191,0.275423729,29.1954023,10.11494253,417,459,70,0.2113289760348584,0.7142857142857143,0.2857142857142857,0.0,0.058823529411764705,0.10675381263616558,0.1568627450980392,0.08278867102396514,0.004357298474945534,0.3115468409586057,0.004357298474945534,0.004357298474945534,0.0,0.0,0.0,0.0,0.233,0.298,0.475,0.773,0.281,31.2,8.3,,,,,,,,,
219,Joc Pederson,ARI,111,387.9608295,449,79.66129032,0.2211981566815145,0.7272727272841392,0.24675324679074315,0.03896103896299529,0.04377880184855234,0.1336405529844098,0.14285714285077952,0.10829493086859689,0.0069124423964365255,0.20737327189309576,0.018433179723830736,0.0069124423964365255,0.0,0.004608294930957684,0.002304147465478842,0.002304147465478842,0.257,0.348729792,0.477333333,0.826063125,0.286245353,20.73732719,10.82949309,367,449,78,0.22494432071269488,0.7692307692307693,0.21794871794871795,0.01282051282051282,0.051224944320712694,0.13808463251670378,0.14253897550111358,0.12249443207126949,0.004454342984409799,0.23385300668151449,0.0400890868596882,0.0066815144766146995,0.0022271714922048997,0.015590200445434299,0.008908685968819599,0.0066815144766146995,0.275,0.393,0.515,0.908,0.322,23.4,12.2,,,,,,,,,
220,Anthony Rendon,LAA,103,204.5483871,238,46.612903229,0.22350230415966385,0.7294117646559088,0.24705882346404234,0.011764705886391207,0.02764976958403361,0.12211981567226891,0.11290322579831934,0.11290322579831934,0.004608294932773109,0.1612903225630252,0.013824884794117646,0.009216589861344538,0.0,0.006912442394957983,0.0023041474663865547,0.004608294932773109,0.259,0.351851852,0.415549598,0.76740145,0.288135593,16.12903226,11.29032258,206,238,45,0.18907563025210083,0.7777777777777778,0.2222222222222222,0.0,0.0,0.08823529411764706,0.058823529411764705,0.09663865546218488,0.0,0.14705882352941177,0.02100840336134454,0.01680672268907563,0.0,0.025210084033613446,0.004201680672268907,0.02100840336134454,0.218,0.307,0.267,0.574,0.257,14.7,9.7,,,,,,,,,
222,Wilyer Abreu,BOS,111,395.3833718,447,81.55427252000001,0.21016166281879195,0.7088607595122963,0.26582278475580223,0.025316455695116043,0.02771362586129754,0.12009237874720358,0.10854503463087248,0.1016166281655481,0.0023094688232662194,0.2609699769574944,0.006928406467561521,0.006928406467561521,0.0,0.020785219400447426,0.006928406467561521,0.013856812932885905,0.237,0.318706697,0.396866841,0.715573538,0.302681992,26.09699769,10.16166282,399,447,86,0.22595078299776286,0.5930232558139535,0.38372093023255816,0.023255813953488372,0.03355704697986577,0.1319910514541387,0.1297539149888143,0.0894854586129754,0.0,0.2796420581655481,0.006711409395973154,0.011185682326621925,0.0,0.017897091722595078,0.006711409395973154,0.011185682326621925,0.253,0.322,0.459,0.781,0.326,28.0,8.9,,,,,,,,,
223,Wyatt Langford,TEX,104,498.9791667,557,101.85879627,0.2152777777378815,0.7594936710712417,0.24050632922328366,0.012658227852823613,0.03240740741472172,0.12268518518850986,0.11111111111310593,0.08333333333931776,0.00462962963016158,0.22685185188509874,0.011574074073608618,0.00462962963016158,0.00231481481508079,0.020833333339317774,0.006944444445242369,0.013888888888689407,0.242,0.311627907,0.405684755,0.717312661,0.285198556,22.68518519,8.333333333,499,557,110,0.22621184919210055,0.7363636363636363,0.22727272727272727,0.03636363636363636,0.02872531418312388,0.13285457809694792,0.13285457809694792,0.09156193895870736,0.005385996409335727,0.20646319569120286,0.00718132854578097,0.005385996409335727,0.0,0.03411131059245961,0.005385996409335727,0.02872531418312388,0.253,0.325,0.415,0.74,0.296,20.6,9.2,,,,,,,,,
224,Jordan Westburg,BAL,110,406.5522042,447,88.15545243,0.22273781901565995,0.7294117647579293,0.2470588235854625,0.023529411770044046,0.025522041767337807,0.1136890951230425,0.10672853827740493,0.071925754049217,0.002320185615212528,0.25522041767337805,0.009280742458612976,0.006960556845637584,0.0,0.01392111368903803,0.004640371230425056,0.009280742458612976,0.244,0.304651163,0.392857143,0.697508306,0.310218978,25.52204176,7.192575406,416,447,92,0.24608501118568232,0.6630434782608695,0.2826086956521739,0.05434782608695652,0.040268456375838924,0.12751677852348994,0.14093959731543623,0.049217002237136466,0.0,0.21700223713646533,0.015659955257270694,0.0022371364653243847,0.0022371364653243847,0.013422818791946308,0.006711409395973154,0.006711409395973154,0.264,0.312,0.481,0.792,0.305,21.7,4.9,,,,,,,,,
225,Chris Taylor,LAD,109,217.0588235,246,42.832941179,0.20941176471544715,0.716216216201388,0.256756756769061,0.027027027029550975,0.03529411764634146,0.13411764707317075,0.11764705882113821,0.09882352943089431,0.002352941174796748,0.3129411764634146,0.01176470588211382,0.004705882353658537,0.002352941174796748,0.02588235294308943,0.007058823528455284,0.01882352941056911,0.236,0.320754717,0.418666667,0.739421384,0.323144105,31.29411765,9.882352941,213,246,39,0.17479674796747968,0.7948717948717948,0.1794871794871795,0.02564102564102564,0.016260162601626018,0.11382113821138211,0.09349593495934959,0.11382113821138211,0.0,0.3089430894308943,0.008130081300813009,0.008130081300813009,0.0040650406504065045,0.02032520325203252,0.0040650406504065045,0.016260162601626018,0.202,0.298,0.3,0.598,0.289,30.9,11.4,,,,,,,,,
226,Tyler Stephenson,CIN,112,458.9952719,515,102.26950352,0.2269503545631068,0.7738095240143981,0.21428571436952645,0.011904761909418136,0.028368794330097088,0.11111111110679611,0.12056737588349514,0.08747044916504855,0.002364066194174757,0.24822695029126213,0.014184397163106797,0.007092198582524272,0.0,0.002364066194174757,0.0,0.002364066194174757,0.254,0.328605201,0.403183024,0.731788225,0.319391635,24.82269504,8.747044917,457,515,99,0.229126213592233,0.7272727272727273,0.26262626262626265,0.010101010101010102,0.036893203883495145,0.13398058252427184,0.12815533980582525,0.09320388349514563,0.003883495145631068,0.22718446601941747,0.015533980582524271,0.003883495145631068,0.0,0.001941747572815534,0.0,0.001941747572815534,0.258,0.338,0.444,0.782,0.307,22.7,9.3,,,,,,,,,
227,Amed Rosario,TBR,97,323.7571429,346,81.557142853,0.2523809523699422,0.7777777777764154,0.17171717166750708,0.04040404040317344,0.01666666666763006,0.11904761904624277,0.09523809523121386,0.05,0.0,0.17857142858381503,0.00476190476300578,0.007142857141618497,0.00238095238150289,0.030952380953757228,0.009523809523121388,0.021428571427745666,0.269,0.307875895,0.384223919,0.692099814,0.315286624,17.85714286,5.0,332,346,90,0.26878612716763006,0.7666666666666667,0.2,0.03333333333333333,0.008670520231213872,0.0838150289017341,0.09248554913294797,0.02601156069364162,0.0,0.21098265895953758,0.011560693641618497,0.002890173410404624,0.0,0.03757225433526012,0.014450867052023121,0.023121387283236993,0.28,0.306,0.38,0.686,0.35,21.1,2.6,,,,,,,,,
228,Mitch Garver,SEA,103,371.50358,430,65.68019093,0.20286396181395347,0.7500000000380633,0.23437500001189476,0.015624999995717889,0.05011933174418605,0.12649164676744187,0.138424821,0.11455847255813954,0.0023866348441860465,0.255369928372093,0.011933174223255814,0.0071599045348837214,0.0,0.0023866348441860465,0.0,0.0023866348441860465,0.235,0.330143541,0.455801105,0.785944646,0.270042194,25.53699284,11.45584726,367,430,48,0.14651162790697675,0.6458333333333334,0.3541666666666667,0.0,0.03488372093023256,0.08604651162790698,0.1186046511627907,0.12325581395348838,0.0,0.30930232558139537,0.01627906976744186,0.0069767441860465115,0.0,0.0,0.0,0.0,0.172,0.286,0.341,0.627,0.216,30.9,12.3,,,,,,,,,
229,Rowdy Tellez,PIT,107,372.6555024,421,71.50956938,0.21291866028503562,0.7464788732867069,0.23943661972027944,0.0,0.04306220095011876,0.11244019137767222,0.14354066985748218,0.09330143541567695,0.00717703349168646,0.21052631579572448,0.011961722486935868,0.00717703349168646,0.0,0.002392344496437055,0.0,0.002392344496437055,0.24,0.318944844,0.42972973,0.748674574,0.265917603,21.05263158,9.330143541,383,421,80,0.2209026128266033,0.775,0.225,0.0,0.030878859857482184,0.09026128266033254,0.1330166270783848,0.07363420427553444,0.0,0.21140142517814728,0.004750593824228029,0.011876484560570071,0.0,0.0023752969121140144,0.0,0.0023752969121140144,0.243,0.299,0.392,0.691,0.28,21.1,7.4,,,,,,,,,
230,Harrison Bader,NYM,107,400.0555556,437,84.44444445,0.21980676329519452,0.7499999999111842,0.21249999993338817,0.024999999997039474,0.026570048306636153,0.1256038647368421,0.09661835748283752,0.06038647343249428,0.002415458938215103,0.19323671496567504,0.014492753622425629,0.007246376812356979,0.002415458938215103,0.05797101448512586,0.012077294686498855,0.04589371981693363,0.239,0.295399516,0.37994723,0.675346745,0.274914089,19.3236715,6.038647343,402,437,83,0.21739130434782608,0.7710843373493976,0.2289156626506024,0.0,0.02745995423340961,0.13043478260869565,0.11670480549199085,0.04805491990846682,0.002288329519450801,0.21739130434782608,0.018306636155606407,0.013729977116704805,0.0,0.038901601830663615,0.018306636155606407,0.020594965675057208,0.236,0.284,0.373,0.657,0.276,21.7,4.8,,,,,,,,,
231,Matt Vierling,DET,103,513.4576271,567,119.440678,0.23244552063492063,0.7586206894270978,0.21839080451301524,0.034482758612605996,0.02179176754850088,0.11864406779541445,0.09927360774250442,0.075060532680776,0.0024213075061728395,0.2009685229276896,0.009685230024691358,0.007263922518518519,0.0024213075061728395,0.024213075061728397,0.007263922518518519,0.01694915254320988,0.257,0.317961165,0.398395722,0.716356887,0.305263158,20.0968523,7.506053269,518,567,117,0.2345679012345679,0.717948717948718,0.23931623931623933,0.042735042735042736,0.02821869488536155,0.14109347442680775,0.10052910052910052,0.07231040564373897,0.001763668430335097,0.21340388007054673,0.005291005291005291,0.008818342151675485,0.0,0.010582010582010581,0.001763668430335097,0.008818342151675485,0.257,0.312,0.423,0.735,0.303,21.3,7.2,,,,,,,,,
232,Nelson Velazquez,KCR,105,208.2281553,230,37.96116505,0.20873786408695652,0.7205882352127652,0.26470588236068904,0.014705882347517678,0.043689320391304354,0.12378640778260869,0.13106796117391303,0.07766990291304347,0.004854368930434783,0.3058252427391304,0.009708737865217391,0.007281553400000001,0.0024271844652173913,0.021844660195652177,0.004854368930434783,0.016990291260869563,0.231,0.296116505,0.428954424,0.725070928,0.293103448,30.58252427,7.766990291,205,230,33,0.1782608695652174,0.7272727272727273,0.24242424242424243,0.030303030303030304,0.034782608695652174,0.13478260869565217,0.11739130434782609,0.08260869565217391,0.0,0.26521739130434785,0.013043478260869565,0.013043478260869565,0.0,0.008695652173913044,0.0,0.008695652173913044,0.2,0.274,0.366,0.64,0.237,26.5,8.3,,,,,,,,,
233,Joey Gallo,WSN,109,219.4146341,260,27.268292689999996,0.15853658538461537,0.6976744182805675,0.27906976738557226,0.023255813930461375,0.05365853657692308,0.1219512195,0.14390243903846153,0.14146341461538461,0.0024390243884615387,0.3829268292692308,0.012195121949999999,0.004878048780769231,0.0,0.004878048780769231,0.0024390243884615387,0.0024390243884615387,0.188,0.311435523,0.419075145,0.730510668,0.25443787,38.29268293,14.14634146,223,260,26,0.13846153846153847,0.6538461538461539,0.34615384615384615,0.0,0.038461538461538464,0.09230769230769231,0.10384615384615385,0.12307692307692308,0.0,0.3923076923076923,0.015384615384615385,0.0038461538461538464,0.0,0.011538461538461539,0.0038461538461538464,0.007692307692307693,0.161,0.277,0.336,0.613,0.232,39.2,12.3,,,,,,,,,
234,Will Benson,CIN,108,335.8239609,388,59.765281179999995,0.188264058685567,0.6984126984073867,0.25396825398153344,0.04761904761107994,0.034229828840206186,0.12958435208762886,0.10757946211340207,0.11491442543814434,0.0024449877757731957,0.3080684595360825,0.009779951100515464,0.004889975548969072,0.0024449877757731957,0.03667481662371134,0.009779951100515464,0.02689486551546392,0.217,0.314496314,0.398305085,0.712801399,0.291666667,30.80684597,11.49144254,343,388,50,0.16494845360824742,0.58,0.38,0.04,0.03608247422680412,0.1056701030927835,0.11082474226804123,0.10309278350515463,0.0,0.39690721649484534,0.005154639175257732,0.005154639175257732,0.002577319587628866,0.041237113402061855,0.01804123711340206,0.023195876288659795,0.187,0.274,0.376,0.65,0.282,39.7,10.3,,,,,,,,,
235,Brayan Rocchio,CLE,100,405.1666667,442,94.25,0.22794117647058823,0.7471264368169761,0.22988505750663132,0.022988505750663128,0.014705882352941176,0.10784313726244343,0.09803921567873304,0.06372549020361991,0.0,0.17892156861990952,0.012254901961538462,0.007352941176470588,0.0024509803914027147,0.026960784321266966,0.007352941176470588,0.01960784313800905,0.248,0.303921569,0.360962567,0.664884135,0.291946309,17.89215686,6.37254902,383,442,71,0.17873303167420815,0.7464788732394366,0.2535211267605634,0.0,0.01809954751131222,0.11312217194570136,0.08144796380090498,0.09954751131221719,0.0022624434389140274,0.20361990950226244,0.01809954751131222,0.011312217194570135,0.004524886877828055,0.02262443438914027,0.013574660633484163,0.00904977375565611,0.206,0.298,0.316,0.614,0.245,20.4,10.0,,,,,,,,,
237,Patrick Bailey,SFG,105,404.9655172,448,82.75862068699999,0.20689655171875,0.7466666667114557,0.25333333332479446,0.013333333335427779,0.022167487685267856,0.10098522167410715,0.10098522167410715,0.07635467979910715,0.0024630541875,0.25862068973214286,0.0073891625625,0.0073891625625,0.0024630541875,0.004926108375,0.0024630541875,0.0024630541875,0.229,0.292079208,0.36239782,0.654477028,0.29296875,25.86206897,7.63546798,401,448,86,0.20982142857142858,0.8023255813953488,0.18604651162790697,0.011627906976744186,0.017857142857142856,0.10267857142857142,0.10267857142857142,0.08705357142857142,0.0,0.22321428571428573,0.0,0.015625,0.002232142857142857,0.008928571428571428,0.0,0.008928571428571428,0.234,0.298,0.339,0.637,0.287,22.3,8.7,,,,,,,,,
238,Davis Schneider,TOR,99,396.6881188,454,73.04455446,0.20049504951541852,0.7076923076902014,0.2923076923097985,0.015384615380402991,0.03960396039647577,0.1262376237665198,0.1262376237665198,0.10643564356828193,0.0,0.2772277226872247,0.012376237623348017,0.007425742574889868,0.002475247524229075,0.014851485147577092,0.002475247524229075,0.012376237623348017,0.231,0.319306931,0.42776204,0.74706897,0.285087719,27.72277228,10.64356436,397,454,63,0.16740088105726872,0.6825396825396826,0.30158730158730157,0.015873015873015872,0.028634361233480177,0.10572687224669604,0.1013215859030837,0.10352422907488987,0.0,0.31718061674008813,0.011013215859030838,0.011013215859030838,0.0,0.013215859030837005,0.0,0.013215859030837005,0.191,0.282,0.343,0.625,0.257,31.7,10.4,,,,,,,,,
239,Luke Raley,SEA,105,403.1930693,455,73.20544554,0.19801980197802196,0.7384615384993667,0.21538461536149817,0.03076923077763704,0.037128712879120875,0.12376237624175825,0.11138613861538461,0.07178217821978022,0.0,0.31188118813186816,0.03465346534065934,0.004950495050549451,0.0024752475252747255,0.022277227714285714,0.004950495050549451,0.017326732672527472,0.223,0.305210918,0.396648045,0.701858963,0.296803653,31.18811881,7.178217822,404,455,76,0.2153846153846154,0.7236842105263158,0.25,0.02631578947368421,0.04835164835164835,0.12747252747252746,0.12747252747252746,0.05934065934065934,0.0,0.2967032967032967,0.04395604395604396,0.004395604395604396,0.004395604395604396,0.024175824175824177,0.004395604395604396,0.01978021978021978,0.243,0.32,0.463,0.783,0.305,29.7,5.9,,,,,,,,,
240,Nicky Lopez,CHW,109,396.4143921,445,91.650124068,0.20843672456179774,0.8192771084989384,0.15662650603014347,0.024096385547295558,0.0024813895775280897,0.10421836229213484,0.054590570719101124,0.08188585608988765,0.0024813895775280897,0.15632754341573035,0.00992555831235955,0.0049627791573033705,0.014888337469662921,0.03473945408988764,0.00992555831235955,0.024813895775280898,0.235,0.304020101,0.289693593,0.593713694,0.279461279,15.63275434,8.188585608,398,445,95,0.2157303370786517,0.8421052631578947,0.12631578947368421,0.031578947368421054,0.0022471910112359553,0.0898876404494382,0.04719101123595506,0.08314606741573034,0.0,0.15056179775280898,0.008988764044943821,0.0,0.01348314606741573,0.011235955056179775,0.015730337078651686,-0.0044943820224719105,0.241,0.312,0.294,0.606,0.288,15.1,8.3,,,,,,,,,
243,Kevin Kiermaier,TOR,107,256.3508772,281,55.636591479,0.21553884711743773,0.7468354431037268,0.2025316456392402,0.050632911400823155,0.017543859647686833,0.120300751886121,0.09022556391459075,0.07017543861209966,0.002506265665480427,0.23057644110320283,0.010025062658362989,0.005012531327402135,0.002506265665480427,0.02756892230604982,0.007518796992882562,0.020050125313167258,0.237,0.296482412,0.35989011,0.656372522,0.29588015,23.05764411,7.01754386,259,281,46,0.18149466192170818,0.7391304347826086,0.1956521739130435,0.06521739130434782,0.017793594306049824,0.1103202846975089,0.09252669039145907,0.042704626334519574,0.0,0.30604982206405695,0.0071174377224199285,0.0035587188612099642,0.02491103202846975,0.021352313167259787,0.0071174377224199285,0.014234875444839857,0.197,0.237,0.313,0.55,0.272,30.6,4.3,,,,,,,,,
244,Elehuris Montero,COL,99,227.040404,247,47.4040404,0.2323232323076923,0.7236842106817545,0.26315789465912276,0.013157894743503762,0.0404040404048583,0.11868686870445344,0.13383838384615385,0.060606060607287446,0.0,0.2828282828340081,0.012626262627530364,0.007575757574898785,0.0,0.002525252526315789,0.0,0.002525252526315789,0.253,0.305555556,0.445054945,0.750610501,0.317991632,28.28282828,6.060606061,224,247,42,0.1862348178137652,0.7619047619047619,0.23809523809523808,0.0,0.016194331983805668,0.0931174089068826,0.11336032388663968,0.08097165991902834,0.0,0.22672064777327935,0.0,0.012145748987854251,0.0,0.0,0.0,0.0,0.205,0.267,0.304,0.571,0.251,22.7,8.1,,,,,,,,,
245,Michael Busch,CHC,101,506.7113924,567,101.91645568000001,0.20759493668430337,0.718309859301418,0.2535211267660912,0.01408450704474106,0.027848101269841267,0.10886075948853616,0.11645569620811287,0.08354430379188713,0.0,0.27088607601410936,0.015189873417989419,0.0050632911393298065,0.0025316455696649033,0.0050632911393298065,0.0025316455696649033,0.0025316455696649033,0.231,0.307106599,0.379603399,0.686709998,0.299578059,27.08860759,8.35443038,496,567,102,0.21693121693121692,0.7058823529411765,0.27450980392156865,0.0196078431372549,0.037037037037037035,0.12874779541446207,0.1146384479717813,0.1111111111111111,0.001763668430335097,0.2857142857142857,0.007054673721340388,0.007054673721340388,0.0,0.003527336860670194,0.001763668430335097,0.001763668430335097,0.248,0.335,0.44,0.775,0.322,28.6,11.1,,,,,,,,,
246,Ryan O'Hearn,BAL,105,453.8781726,494,95.28934011,0.228426395951417,0.7499999999737642,0.2368421052548729,0.013157894739879945,0.03553299491902834,0.1142131979757085,0.12690355329959516,0.06345177663967612,0.0025380710668016196,0.23350253805668017,0.007614213198380567,0.007614213198380567,0.0025380710668016196,0.007614213198380567,0.0025380710668016196,0.005076142131578948,0.249,0.300254453,0.419889503,0.720143956,0.293436293,23.35025381,6.345177665,443,494,102,0.23684210526315788,0.7647058823529411,0.20588235294117646,0.029411764705882353,0.030364372469635626,0.1214574898785425,0.1194331983805668,0.0931174089068826,0.004048582995951417,0.1396761133603239,0.004048582995951417,0.006072874493927126,0.0,0.006072874493927126,0.0020242914979757085,0.004048582995951417,0.264,0.334,0.427,0.761,0.282,14.0,9.3,,,,,,,,,
247,Dominic Fletcher,CHW,98,220.1501272,241,47.218829514999996,0.21374045800829874,0.7532467533677704,0.22077922085485646,0.02597402596797512,0.017811704834024895,0.0992366412033195,0.08905852419087137,0.06615776082987551,0.0025445292614107887,0.24173027991701246,0.012722646311203319,0.0076335877842323655,0.0025445292614107887,0.010178117049792532,0.0025445292614107887,0.0076335877842323655,0.233,0.292620865,0.35097493,0.643595796,0.296153846,24.17302799,6.615776081,223,241,45,0.1908713692946058,0.8222222222222222,0.17777777777777778,0.0,0.004149377593360996,0.058091286307053944,0.07053941908713693,0.04564315352697095,0.004149377593360996,0.24066390041493776,0.012448132780082987,0.004149377593360996,0.008298755186721992,0.0,0.0,0.0,0.206,0.252,0.256,0.508,0.273,24.1,4.6,,,,,,,,,
249,Mark Vientos,NYM,99,415.5846154,454,79.15897436,0.21025641026431718,0.75,0.23529411769907627,0.014705882351454964,0.0358974359030837,0.10512820513215859,0.12564102563876653,0.06923076922907488,0.005128205127753304,0.2897435896475771,0.007692307691629955,0.007692307691629955,0.0,0.002564102563876652,0.0,0.002564102563876652,0.229,0.287179487,0.397759104,0.684938591,0.291845494,28.97435897,6.923076923,413,454,83,0.2422907488986784,0.7349397590361446,0.26506024096385544,0.0,0.05947136563876652,0.1277533039647577,0.15638766519823788,0.07268722466960352,0.0,0.2973568281938326,0.006607929515418502,0.011013215859030838,0.0,0.0,0.0,0.0,0.266,0.322,0.516,0.837,0.324,29.7,7.3,,,,,,,,,
250,Ryan Jeffers,MIN,103,411.8571429,465,76.09090909,0.20259740260215053,0.7619047618609547,0.23809523813904537,0.01587301587593636,0.03896103896774194,0.11688311688172043,0.11688311688172043,0.0909090909032258,0.0025974025978494626,0.28571428580645164,0.015584415584946236,0.005194805195698925,0.005194805195698925,0.00779220779139785,0.0025974025978494626,0.005194805195698925,0.229,0.309895833,0.413489736,0.723385569,0.288990826,28.57142857,9.090909091,412,465,72,0.2,0.6944444444444444,0.3055555555555556,0.0,0.04516129032258064,0.12043010752688173,0.13763440860215054,0.06881720430107527,0.0,0.2021505376344086,0.030107526881720432,0.012903225806451613,0.002150537634408602,0.0064516129032258064,0.0,0.0064516129032258064,0.226,0.3,0.432,0.732,0.238,20.2,6.9,,,,,,,,,
251,Robbie Grossman,,96,211.2727273,245,42.636363633,0.19740259738775512,0.7313432835971422,0.23880597012544952,0.014925373126977054,0.023376623375510202,0.11688311689795917,0.09870129869387756,0.11948051946938776,0.0025974025959183676,0.23896103897959184,0.010389610387755103,0.007792207791836734,0.0025974025959183676,0.015584415583673468,0.005194805195918368,0.010389610387755103,0.229,0.327272727,0.361445783,0.68871851,0.286324786,23.8961039,11.94805195,208,245,41,0.17959183673469387,0.8048780487804879,0.1951219512195122,0.0,0.012244897959183673,0.08571428571428572,0.0653061224489796,0.13877551020408163,0.0,0.23673469387755103,0.004081632653061225,0.00816326530612245,0.0,0.012244897959183673,0.0,0.012244897959183673,0.212,0.322,0.293,0.616,0.275,23.7,13.9,,,,,,,,,
252,Jake Fraley,CIN,99,335.3662338,382,72.43116882999999,0.23116883117801046,0.7397260274199555,0.2465753424733185,0.027397260268677073,0.04155844157068063,0.1402597402617801,0.12987012986910995,0.09870129869109948,0.002597402596858639,0.20259740259162304,0.012987012986910995,0.007792207793193718,0.002597402596858639,0.04155844157068063,0.010389610390052356,0.031168831178010472,0.263,0.34375,0.473372781,0.817122781,0.295546559,20.25974026,9.87012987,350,382,92,0.25392670157068065,0.7717391304347826,0.20652173913043478,0.021739130434782608,0.013089005235602094,0.11518324607329843,0.06806282722513089,0.06806282722513089,0.0,0.18324607329842932,0.007853403141361256,0.007853403141361256,0.0,0.05235602094240838,0.013089005235602094,0.03926701570680628,0.277,0.33,0.386,0.716,0.331,18.3,6.8,,,,,,,,,
253,Adam Duvall,,91,299.0625,330,48.125,0.20052083333333334,0.6964285714285714,0.2857142857142857,0.017857142857142856,0.0546875,0.12239583333333333,0.15104166666666666,0.0703125,0.0,0.3020833333333333,0.013020833333333334,0.0078125,0.0,0.0078125,0.0026041666666666665,0.005208333333333333,0.22,0.2845953,0.454022989,0.738618289,0.261682243,30.20833333,7.03125,303,330,44,0.16666666666666666,0.7727272727272727,0.22727272727272727,0.0,0.03333333333333333,0.08787878787878788,0.09090909090909091,0.06363636363636363,0.0,0.3,0.015151515151515152,0.0030303030303030303,0.0,0.0,0.0,0.0,0.182,0.245,0.323,0.569,0.227,30.0,6.4,,,,,,,,,
254,Mickey Moniak,LAA,95,389.4750656,418,74.60367454,0.21522309710526316,0.6911764705685233,0.2647058824081348,0.04411764706355441,0.036745406818181815,0.11811023622009569,0.11811023622009569,0.04986876641148325,0.002624671916267943,0.3097112861244019,0.007874015748803828,0.005249343832535886,0.002624671916267943,0.01574803149521531,0.005249343832535886,0.010498687665071772,0.23,0.274406332,0.416901408,0.691307741,0.302222222,30.97112861,4.98687664,392,418,72,0.20574162679425836,0.7361111111111112,0.2361111111111111,0.027777777777777776,0.03349282296650718,0.11483253588516747,0.11722488038277512,0.050239234449760764,0.0,0.2727272727272727,0.009569377990430622,0.0023923444976076554,0.0,0.019138755980861243,0.009569377990430622,0.009569377990430622,0.219,0.266,0.38,0.646,0.272,27.3,5.0,,,,,,,,,
256,Michael A. Taylor,,97,272.9442971,300,50.92838197,0.20689655173333332,0.7656249998864828,0.21874999988341473,0.01562499999447754,0.0371352785,0.12466843500000001,0.11671087533333332,0.07161803713333334,0.0,0.3076923077,0.007957559683333332,0.005305039786666667,0.005305039786666667,0.02652519894,0.007957559683333332,0.018567639256666667,0.227,0.288,0.396501458,0.684501458,0.297674419,30.76923077,7.161803714,269,300,47,0.17333333333333334,0.7872340425531915,0.19148936170212766,0.02127659574468085,0.016666666666666666,0.11666666666666667,0.07,0.07666666666666666,0.0,0.35,0.0,0.013333333333333334,0.013333333333333334,0.04,0.0033333333333333335,0.03666666666666667,0.193,0.253,0.29,0.543,0.288,35.0,7.7,,,,,,,,,
257,Nick Senzel,WSN,98,240.0159574,267,49.707446813000004,0.2101063829962547,0.7714285713417779,0.2142857141721929,0.014285714284852096,0.023936170213483144,0.1090425531835206,0.09840425531835205,0.07712765958801499,0.0,0.21542553191011235,0.007978723404494382,0.005319148936329588,0.002659574468164794,0.02127659574531835,0.007978723404494382,0.01329787234082397,0.235,0.298387097,0.363905325,0.662292422,0.28,21.54255319,7.712765957,236,267,39,0.17228464419475656,0.717948717948718,0.28205128205128205,0.0,0.026217228464419477,0.09363295880149813,0.06741573033707865,0.10486891385767791,0.003745318352059925,0.22846441947565543,0.003745318352059925,0.0,0.003745318352059925,0.003745318352059925,0.011235955056179775,-0.00749063670411985,0.195,0.283,0.331,0.614,0.232,22.8,10.5,,,,,,,,,
258,Kyle Isbel,KCR,100,389.4530831,426,84.514745307,0.21983914208920188,0.7027027027564275,0.25675675671950116,0.04054054053590357,0.021447721180751174,0.11796246647887325,0.09651474530516432,0.06702412868544601,0.002680965147887324,0.20643431636150233,0.010723860589201878,0.005361930295774648,0.002680965147887324,0.03217158176056338,0.008042895441314554,0.02412868633802817,0.239,0.298387097,0.384164223,0.68255132,0.286821705,20.64343164,6.702412869,384,426,80,0.20657276995305165,0.7375,0.1625,0.1,0.018779342723004695,0.14553990610328638,0.09859154929577464,0.06338028169014084,0.0,0.20657276995305165,0.011737089201877934,0.004694835680751174,0.018779342723004695,0.025821596244131457,0.004694835680751174,0.02112676056338028,0.229,0.287,0.367,0.654,0.276,20.7,6.3,,,,,,,,,
259,Dylan Carlson,STL,94,233.655914,265,52.002688166999995,0.22043010750943395,0.7123287671406736,0.26027397269414704,0.027397260280558146,0.024193548388679247,0.11827956988679245,0.1102150537735849,0.09408602150943396,0.002688172041509434,0.19623655913207547,0.016129032256603774,0.008064516128301887,0.0,0.008064516128301887,0.002688172041509434,0.0053763440867924525,0.249,0.330645161,0.402439024,0.733084186,0.293172691,19.62365591,9.408602151,235,265,46,0.18490566037735848,0.8478260869565217,0.15217391304347827,0.0,0.011320754716981131,0.07169811320754717,0.09433962264150944,0.0830188679245283,0.0,0.2830188679245283,0.018867924528301886,0.011320754716981131,0.0,0.007547169811320755,0.0037735849056603774,0.0037735849056603774,0.209,0.287,0.277,0.563,0.288,28.3,8.3,,,,,,,,,
261,Connor Joe,PIT,91,361.7391304,416,76.869565219,0.20652173913461538,0.7205882353073181,0.249999999938207,0.014705882357723918,0.021739130435096156,0.11141304348557692,0.10326086956730769,0.10597826086538462,0.0,0.22554347826923077,0.013586956521634616,0.005434782608173077,0.0,0.010869565216346154,0.0027173913052884616,0.008152173913461538,0.237,0.327868852,0.36875,0.696618852,0.294372294,22.55434783,10.59782609,364,416,74,0.19951923076923078,0.6891891891891891,0.2972972972972973,0.013513513513513514,0.021634615384615384,0.11778846153846154,0.08653846153846154,0.10576923076923077,0.002403846153846154,0.21875,0.014423076923076924,0.004807692307692308,0.0,0.004807692307692308,0.004807692307692308,0.0,0.228,0.32,0.368,0.688,0.278,21.9,10.6,,,,,,,,,
262,Eddie Rosario,,94,293.7929155,319,59.97547684,0.22070844686520377,0.7536231883671339,0.23188405799759543,0.014492753618597157,0.03269754768025079,0.1117166212539185,0.11989100818181818,0.0681198910031348,0.0027247956394984324,0.223433242507837,0.0027247956394984324,0.008174386921630094,0.0027247956394984324,0.01362397820062696,0.0027247956394984324,0.010899182561128528,0.24,0.291553134,0.399408284,0.690961418,0.279352227,22.34332425,6.811989101,297,319,42,0.16300940438871472,0.7142857142857143,0.2857142857142857,0.0,0.03134796238244514,0.10344827586206896,0.109717868338558,0.050156739811912224,0.0,0.2413793103448276,0.0,0.012539184952978056,0.006269592476489028,0.02821316614420063,0.003134796238244514,0.025078369905956112,0.175,0.215,0.316,0.531,0.196,24.1,5.0,,,,,,,,,
263,Trent Grisham,NYY,94,179.2246575,209,30.347945203,0.17808219177033494,0.7169811321475913,0.26415094341239115,0.01886792453887113,0.03287671233014354,0.12602739727272727,0.10136986301435406,0.11780821918660286,0.002739726028708134,0.27671232875598084,0.010958904110047846,0.005479452052631579,0.008219178081339713,0.027397260272727274,0.008219178081339713,0.01917808219138756,0.208,0.309392265,0.373801917,0.683194182,0.262376238,27.67123288,11.78082192,179,209,25,0.16267942583732056,0.68,0.32,0.0,0.0430622009569378,0.10047846889952153,0.14832535885167464,0.10526315789473684,0.004784688995215311,0.2727272727272727,0.019138755980861243,0.009569377990430622,0.004784688995215311,0.004784688995215311,0.004784688995215311,0.0,0.19,0.29,0.385,0.675,0.217,27.3,10.5,,,,,,,,,
264,Zach McKinstry,DET,93,290.9779614,325,61.776859499000004,0.20936639116923078,0.7246376812133779,0.2173913044287625,0.043478260869565216,0.019283746556923078,0.11570247935384616,0.09090909092307692,0.08539944904615385,0.0,0.22038567492307695,0.011019283747692307,0.0055096418738461534,0.0027548209353846155,0.02479338843076923,0.00826446280923077,0.01652892561846154,0.235,0.306629834,0.36,0.666629834,0.2875,22.03856749,8.539944904,297,325,60,0.19692307692307692,0.6833333333333333,0.23333333333333334,0.08333333333333333,0.012307692307692308,0.09846153846153846,0.07076923076923076,0.07384615384615385,0.0,0.2123076923076923,0.006153846153846154,0.006153846153846154,0.0,0.04923076923076923,0.0,0.04923076923076923,0.215,0.277,0.337,0.614,0.265,21.2,7.4,,,,,,,,,
265,Connor Wong,BOS,101,449.4352617,487,88.54545454000001,0.2093663911704312,0.7272727272624603,0.2575757575415344,0.015151515150830687,0.02754820936344969,0.11019283747433264,0.1046831955852156,0.05785123967145791,0.0,0.3112947659137577,0.011019283747433266,0.0055096418726899386,0.0027548209363449693,0.016528925620123203,0.0055096418726899386,0.011019283747433266,0.226,0.279005525,0.373134328,0.652139853,0.308411215,31.12947658,5.785123967,447,487,112,0.25667351129363447,0.7767857142857143,0.21428571428571427,0.008928571428571428,0.026694045174537988,0.11088295687885011,0.10677618069815195,0.057494866529774126,0.002053388090349076,0.23408624229979466,0.018480492813141684,0.004106776180698152,0.002053388090349076,0.01642710472279261,0.014373716632443531,0.002053388090349076,0.28,0.333,0.425,0.758,0.348,23.4,5.7,,,,,,,,,
266,Alejandro Kirk,TOR,96,339.2121212,386,78.68870523000001,0.2314049586787565,0.797297297326492,0.2162162161681307,0.0,0.02754820937823834,0.11570247932642487,0.11570247932642487,0.10192837466321245,0.002754820937823834,0.11570247932642487,0.01101928374611399,0.00826446281088083,0.0,0.0,0.0,0.0,0.265,0.344352617,0.410658307,0.755010924,0.274074074,11.57024793,10.19283747,340,386,81,0.22279792746113988,0.7530864197530864,0.2345679012345679,0.012345679012345678,0.012953367875647668,0.05958549222797927,0.13989637305699482,0.09067357512953368,0.0025906735751295338,0.13212435233160622,0.0051813471502590676,0.023316062176165803,0.0,0.0,0.0,0.0,0.253,0.319,0.359,0.677,0.276,13.2,9.1,,,,,,,,,
268,Pete Crow-Armstrong,CHC,109,372.6243094,410,83.81215469,0.2292817679512195,0.7297297297297297,0.21621621621621623,0.04054054054054054,0.024861878463414634,0.12707182319512195,0.10220994475609756,0.06629834253658537,0.00276243093902439,0.2679558012195122,0.013812154695121951,0.00552486187804878,0.00552486187804878,0.035911602219512194,0.01104972375609756,0.024861878463414634,0.251,0.311111111,0.398176292,0.709287403,0.328888889,26.79558011,6.629834254,372,410,78,0.2146341463414634,0.7564102564102564,0.16666666666666666,0.07692307692307693,0.024390243902439025,0.11219512195121951,0.11463414634146342,0.05121951219512195,0.004878048780487805,0.23902439024390243,0.014634146341463415,0.007317073170731708,0.01951219512195122,0.06585365853658537,0.007317073170731708,0.05853658536585366,0.237,0.286,0.384,0.67,0.292,23.9,5.1,,,,,,,,,
269,Victor Robles,WSN,97,259.9585635,295,55.41436464,0.20718232044067797,0.7647058824060172,0.22058823536842415,0.014705882351879654,0.019337016576271186,0.11878453037288135,0.07458563535593221,0.06906077349152542,0.0027624309389830508,0.22099447515254236,0.027624309393220338,0.0055248618779661016,0.013812154694915254,0.049723756915254234,0.013812154694915254,0.03591160220338983,0.235,0.308988764,0.354231975,0.663220739,0.290598291,22.09944751,6.906077348,254,295,74,0.26440677966101694,0.7297297297297297,0.2702702702702703,0.0,0.013559322033898305,0.14915254237288136,0.09491525423728814,0.0711864406779661,0.0,0.17966101694915254,0.03728813559322034,0.010169491525423728,0.020338983050847456,0.1152542372881356,0.006779661016949152,0.10847457627118644,0.307,0.381,0.433,0.814,0.37,18.0,7.1,,,,,,,,,
270,Jake Rogers,DET,97,300.5927978,337,49.47645429,0.1911357340652819,0.7169811321174204,0.2641509434648697,0.01886792453897973,0.04432132964391691,0.1135734072106825,0.13019390581602375,0.08587257617210682,0.0,0.32132963976261125,0.011080332409495549,0.005540166204747774,0.005540166204747774,0.005540166204747774,0.0027700831038575667,0.0027700831038575667,0.213,0.289693593,0.413043478,0.702737072,0.276041667,32.13296399,8.587257618,310,337,51,0.18100890207715134,0.6666666666666666,0.3137254901960784,0.0196078431372549,0.02967359050445104,0.12759643916913946,0.10682492581602374,0.06528189910979229,0.002967359050445104,0.29376854599406527,0.008902077151335312,0.005934718100890208,0.0,0.002967359050445104,0.0,0.002967359050445104,0.197,0.255,0.352,0.607,0.251,29.4,6.5,,,,,,,,,
272,Cavan Biggio,TOR,96,192.2666667,224,36.088888888,0.18888888888392857,0.7241379309599542,0.25862068965230595,0.017241379304611858,0.027777777776785716,0.11666666665178571,0.10277777776785714,0.11944444446428572,0.0027777777767857142,0.2694444444642857,0.011111111111607144,0.00833333333482143,0.0027777777767857142,0.013888888888392858,0.0055555555535714285,0.00833333333482143,0.221,0.320334262,0.372168285,0.692502547,0.282926829,26.94444444,11.94444444,188,224,32,0.16517857142857142,0.84375,0.15625,0.0,0.022321428571428572,0.12053571428571429,0.08482142857142858,0.10714285714285714,0.0,0.32142857142857145,0.03571428571428571,0.0,0.008928571428571428,0.008928571428571428,0.0,0.008928571428571428,0.197,0.314,0.303,0.617,0.288,32.1,10.7,,,,,,,,,
273,Danny Jansen,TOR,95,288.8022284,324,50.54038997000001,0.2061281337037037,0.6964285715027695,0.26785714293134094,0.0,0.05013927577160494,0.12256267410493828,0.14484679666666667,0.08356545959876543,0.002785515320987654,0.217270195,0.01671309192283951,0.005571030641975308,0.002785515320987654,0.002785515320987654,0.0,0.002785515320987654,0.23,0.30726257,0.440625,0.74788757,0.247787611,21.7270195,8.356545961,278,324,48,0.17592592592592593,0.7291666666666666,0.2708333333333333,0.0,0.027777777777777776,0.10802469135802469,0.07407407407407407,0.12345679012345678,0.0,0.1882716049382716,0.009259259259259259,0.009259259259259259,0.0,0.0,0.0,0.0,0.205,0.309,0.349,0.658,0.227,18.8,12.3,,,,,,,,,
274,Jake Meyers,HOU,96,464.2793296,513,96.00837985999999,0.21229050272904482,0.7462686569076327,0.23880597020210984,0.014925373140235804,0.025139664795321637,0.11731843575048732,0.10614525140350876,0.07541899440545809,0.002793296089668616,0.2541899440545809,0.013966480446393762,0.005586592179337232,0.002793296089668616,0.01675977653606238,0.005586592179337232,0.011173184356725147,0.236,0.301675978,0.37345679,0.675132768,0.296460177,25.41899441,7.541899441,461,513,88,0.1968810916179337,0.7386363636363636,0.22727272727272727,0.03409090909090909,0.025341130604288498,0.09941520467836257,0.1189083820662768,0.0682261208576998,0.0,0.22807017543859648,0.01949317738791423,0.007797270955165692,0.005847953216374269,0.021442495126705652,0.005847953216374269,0.015594541910331383,0.219,0.286,0.36,0.646,0.263,22.8,6.8,,,,,,,,,
275,Jason Heyward,LAD,97,229.8151261,258,46.974789918,0.21288515406976743,0.7538461539011752,0.23076923066442825,0.030769230762353106,0.03081232493023256,0.12324929972868218,0.11484593837209302,0.08683473387596899,0.002801120449612403,0.1820728291472868,0.011204481794573644,0.005602240895348837,0.0,0.00840336134496124,0.002801120449612403,0.005602240895348837,0.24,0.312676056,0.405660377,0.718336434,0.266393443,18.20728291,8.683473389,228,258,38,0.18604651162790697,0.631578947368421,0.3157894736842105,0.05263157894736842,0.03875968992248062,0.12790697674418605,0.1434108527131783,0.08527131782945736,0.007751937984496124,0.2054263565891473,0.015503875968992248,0.011627906976744186,0.0,0.01937984496124031,0.0,0.01937984496124031,0.211,0.288,0.412,0.7,0.226,20.5,8.5,,,,,,,,,
276,Mike Tauchman,CHC,89,302.8089888,350,66.853932586,0.20786516854285716,0.750000000007479,0.2205882352699209,0.014705882346342066,0.016853932582857143,0.11516853931428571,0.09269662919999999,0.11516853931428571,0.0028089887628571426,0.23033707865714287,0.008426966291428572,0.0056179775285714285,0.0028089887628571426,0.016853932582857143,0.0056179775285714285,0.011235955057142857,0.241,0.333333333,0.350649351,0.683982684,0.306306306,23.03370787,11.51685393,298,350,67,0.21142857142857144,0.8059701492537313,0.1791044776119403,0.014925373134328358,0.02,0.14285714285714285,0.08285714285714285,0.13428571428571429,0.0,0.2,0.011428571428571429,0.002857142857142857,0.0,0.017142857142857144,0.005714285714285714,0.011428571428571429,0.248,0.357,0.366,0.723,0.302,20.0,13.4,,,,,,,,,
277,Isiah Kiner-Falefa,TOR,93,452.8089888,496,107.280898865,0.23033707862903227,0.8311688312959402,0.16883116884387975,0.012987012988707773,0.014044943820564516,0.11516853933467742,0.0842696629233871,0.06460674157258064,0.002808988764112903,0.1657303370766129,0.011235955056451611,0.005617977528225806,0.002808988764112903,0.04494382022177419,0.011235955056451611,0.033707865161290325,0.253,0.307909605,0.347692308,0.655601912,0.292775665,16.57303371,6.460674157,465,496,117,0.25201612903225806,0.811965811965812,0.15384615384615385,0.03418803418803419,0.016129032258064516,0.10685483870967742,0.08669354838709678,0.03225806451612903,0.0,0.15725806451612903,0.020161290322580645,0.004032258064516129,0.006048387096774193,0.02217741935483871,0.004032258064516129,0.018145161290322582,0.269,0.306,0.376,0.683,0.307,15.7,3.2,,,,,,,,,
278,Paul DeJong,CHW,93,437.1943662,482,71.96056338,0.18873239435684647,0.7358490566614572,0.24528301893347407,0.0,0.03943661970954357,0.10422535211618257,0.11549295773858921,0.0676056337966805,0.0,0.292957746473029,0.014084507041493777,0.005633802817427386,0.0,0.011267605632780084,0.002816901408713693,0.008450704226141078,0.208,0.271954674,0.375776398,0.647731072,0.257281553,29.29577465,6.76056338,445,482,77,0.2095435684647303,0.7792207792207793,0.22077922077922077,0.0,0.04979253112033195,0.11203319502074689,0.11618257261410789,0.04771784232365145,0.0,0.3236514522821577,0.01867219917012448,0.01037344398340249,0.0,0.004149377593360996,0.004149377593360996,0.0,0.227,0.276,0.427,0.703,0.285,32.4,4.8,,,,,,,,,
282,Austin Wells,NYY,89,372.6,414,72.15428572,0.20857142857487923,0.7049180326914614,0.26229508200583707,0.01639344262363242,0.03428571427536232,0.11428571427536231,0.12,0.07999999999999999,0.002857142857487923,0.24571428574879228,0.011428571427536232,0.008571428572463768,0.0,0.008571428572463768,0.002857142857487923,0.005714285714975846,0.232,0.3,0.4,0.7,0.277272727,24.57142857,8.0,354,414,68,0.1956521739130435,0.7205882352941176,0.2647058823529412,0.014705882352941176,0.03140096618357488,0.10144927536231885,0.13285024154589373,0.11352657004830918,0.0,0.21014492753623187,0.012077294685990338,0.016908212560386472,0.0024154589371980675,0.0024154589371980675,0.004830917874396135,-0.0024154589371980675,0.229,0.322,0.395,0.718,0.261,21.0,11.4,,,,,,,,,
285,Enrique Hernandez,LAD,81,355.0789474,393,72.39473684400001,0.20760233918575063,0.7301587301008464,0.2539682539301033,0.0158730158723581,0.023391812865139947,0.10233918129770993,0.10526315788804072,0.07602339180661577,0.0,0.1900584795419847,0.011695906432569974,0.00877192982442748,0.0,0.005847953216284987,0.0029239766081424934,0.0029239766081424934,0.23,0.295321637,0.365695793,0.66101743,0.263598326,19.00584795,7.602339181,362,393,71,0.21119592875318066,0.7746478873239436,0.22535211267605634,0.0,0.030534351145038167,0.11195928753180662,0.10687022900763359,0.06870229007633588,0.0,0.19592875318066158,0.0,0.007633587786259542,0.002544529262086514,0.0,0.0,0.0,0.229,0.281,0.373,0.654,0.257,19.6,6.9,,,,,,,,,
286,Garrett Mitchell,MIL,85,200.8731563,224,40.967551627,0.20648967553571426,0.7419354838859286,0.2096774193197992,0.03225806450510536,0.023598820058035715,0.1179941003125,0.09439528022321429,0.08554572272321428,0.0029498525089285714,0.3067846607589286,0.008849557522321428,0.005899705013392857,0.0029498525089285714,0.032448377580357145,0.008849557522321428,0.023598820058035715,0.229,0.301775148,0.361842105,0.663617253,0.319587629,30.67846608,8.554572271,196,224,42,0.22321428571428573,0.6428571428571429,0.2857142857142857,0.07142857142857142,0.03571428571428571,0.14732142857142858,0.09375,0.11160714285714286,0.0,0.3169642857142857,0.004464285714285714,0.0,0.008928571428571428,0.049107142857142856,0.017857142857142856,0.03125,0.255,0.342,0.469,0.812,0.359,31.7,11.2,,,,,,,,,
288,Abraham Toro,OAK,95,328.25,364,66.083333333,0.20535714285714285,0.7213114754639158,0.2622950819180948,0.016393442617989373,0.02380952381043956,0.09821428571428571,0.10119047618131868,0.0744047618956044,0.0,0.1994047618956044,0.014880952381868132,0.008928571428571428,0.002976190475274725,0.014880952381868132,0.002976190475274725,0.011904761903846152,0.228,0.294642857,0.366336634,0.660979491,0.264069264,19.94047619,7.44047619,337,364,75,0.22252747252747251,0.76,0.22666666666666666,0.013333333333333334,0.016483516483516484,0.09340659340659341,0.07142857142857142,0.054945054945054944,0.0027472527472527475,0.17032967032967034,0.013736263736263736,0.0,0.005494505494505495,0.01098901098901099,0.005494505494505495,0.005494505494505495,0.24,0.293,0.35,0.643,0.279,17.0,5.5,,,,,,,,,
289,Mauricio Dubon,HOU,86,398.2598187,428,93.099697883,0.23867069485981307,0.7916666666590583,0.19444444441430947,0.013888888894408659,0.021148036254672896,0.1117824773364486,0.10271903322429905,0.051359516612149526,0.0,0.14501510574766355,0.006042296072429907,0.009063444109813084,0.0030211480373831777,0.018126888217289718,0.006042296072429907,0.012084592144859813,0.257,0.296969697,0.376623377,0.673593074,0.28125,14.50151057,5.135951662,402,428,104,0.2523364485981308,0.7596153846153846,0.2403846153846154,0.0,0.009345794392523364,0.10514018691588785,0.10981308411214953,0.037383177570093455,0.0,0.12850467289719625,0.004672897196261682,0.011682242990654205,0.007009345794392523,0.007009345794392523,0.004672897196261682,0.002336448598130841,0.269,0.296,0.361,0.657,0.299,12.9,3.7,,,,,,,,,
292,Joey Ortiz,MIL,93,473.4954128,511,110.951070343,0.23241590215264188,0.7464788732002111,0.2253521126268023,0.02816901408285678,0.01529051987671233,0.1039755351663405,0.09785932722113504,0.05810397553816047,0.003058103974559687,0.20795107025440315,0.006116207951076321,0.006116207951076321,0.003058103974559687,0.012232415902152642,0.003058103974559687,0.009174311925636008,0.252,0.297546012,0.366336634,0.663882646,0.306034483,20.79510703,5.810397554,440,511,94,0.2054794520547945,0.6702127659574468,0.26595744680851063,0.06382978723404255,0.021526418786692758,0.11350293542074363,0.11741682974559686,0.1095890410958904,0.0,0.20156555772994128,0.011741682974559686,0.011741682974559686,0.005870841487279843,0.021526418786692758,0.011741682974559686,0.009784735812133072,0.239,0.329,0.398,0.726,0.283,20.2,11.0,,,,,,,,,
293,Adam Frazier,KCR,85,265.9569231,294,65.132307697,0.23692307693877554,0.7638888887748049,0.20833333333013473,0.04166666666602694,0.01538461538435374,0.1169230769387755,0.09230769231292517,0.07384615384353742,0.0030769230782312926,0.12923076921768709,0.012307692306122449,0.006153846153061224,0.006153846153061224,0.021538461537414965,0.009230769231292518,0.012307692306122449,0.262,0.324074074,0.387755102,0.711829176,0.289156627,12.92307692,7.384615385,262,294,49,0.18027210884353742,0.7755102040816326,0.20408163265306123,0.02040816326530612,0.013605442176870748,0.11904761904761904,0.07482993197278912,0.07482993197278912,0.0,0.20068027210884354,0.023809523809523808,0.0,0.01020408163265306,0.01020408163265306,0.0,0.01020408163265306,0.202,0.282,0.294,0.576,0.246,20.1,7.5,,,,,,,,,
296,Gio Urshela,DET,82,426.6397516,461,105.944099388,0.248447204989154,0.7702702701840443,0.20270270268994736,0.013513513515809473,0.018633540373101953,0.10559006210412147,0.1086956521691974,0.06211180123644251,0.0031055900629067246,0.17391304347071584,0.006211180123644252,0.006211180123644252,0.0,0.006211180123644252,0.0031055900629067246,0.0031055900629067246,0.267,0.316770186,0.382550336,0.699320522,0.31092437,17.39130435,6.211180124,432,461,99,0.23427331887201736,0.797979797979798,0.1919191919191919,0.010101010101010102,0.019522776572668113,0.0737527114967462,0.11279826464208242,0.049891540130151846,0.0021691973969631237,0.1561822125813449,0.0021691973969631237,0.010845986984815618,0.0,0.0,0.0,0.0,0.25,0.286,0.361,0.647,0.278,15.6,5.0,,,,,,,,,
299,Travis d'Arnaud,ATL,81,308.0685358,341,65.86292835,0.23052959501466277,0.741935483802399,0.22580645155902787,0.01612903225855429,0.0373831775659824,0.12461059190615836,0.13084112149560118,0.068535825542522,0.0,0.22429906542521993,0.012461059190615834,0.006230529595307917,0.0,0.0,0.0,0.0,0.254,0.314465409,0.431034483,0.745499892,0.298076923,22.42990654,6.853582555,307,341,58,0.21407624633431085,0.7241379310344828,0.27586206896551724,0.0,0.04398826979472141,0.11730205278592376,0.14076246334310852,0.07038123167155426,0.0,0.26099706744868034,0.017595307917888565,0.011730205278592375,0.0,0.002932551319648094,0.0,0.002932551319648094,0.238,0.302,0.436,0.739,0.28,26.1,7.0,,,,,,,,,
300,Nick Fortes,MIA,90,304.4496855,335,61.10062893399999,0.2075471698208955,0.7758620689683391,0.22413793096619522,0.017241379301315068,0.025157232704477613,0.1037735848955224,0.10062893080597016,0.06603773585074627,0.0031446540865671642,0.18553459119402985,0.01572327043880597,0.006289308176119403,0.0031446540865671642,0.01572327043880597,0.006289308176119403,0.009433962262686568,0.228,0.29022082,0.366782007,0.657002827,0.258928571,18.55345912,6.603773585,308,335,66,0.208955223880597,0.7575757575757576,0.24242424242424243,0.0,0.011940298507462687,0.08358208955223881,0.08656716417910448,0.03283582089552239,0.0,0.12238805970149254,0.011940298507462687,0.014925373134328358,0.020895522388059702,0.0,0.0029850746268656717,-0.0029850746268656717,0.227,0.259,0.318,0.577,0.246,12.2,3.3,,,,,,,,,
302,Johan Rojas,PHI,90,335.6037736,363,77.62264151000001,0.22955974842975208,0.76470588239841,0.2058823529980125,0.029411764706640166,0.01572327044077135,0.11949685534435261,0.07861635220385675,0.04716981132231405,0.00314465408815427,0.2138364779889807,0.00943396226446281,0.00628930817630854,0.01257861635261708,0.053459119504132235,0.00943396226446281,0.04402515724517907,0.247,0.289808917,0.360544218,0.650353135,0.304932735,21.3836478,4.716981132,338,363,79,0.22589531680440772,0.810126582278481,0.1518987341772152,0.0379746835443038,0.008264462809917356,0.12947658402203857,0.0881542699724518,0.03581267217630854,0.0,0.19008264462809918,0.011019283746556474,0.0,0.02203856749311295,0.06887052341597796,0.011019283746556474,0.05785123966942149,0.243,0.279,0.322,0.601,0.297,19.0,3.6,,,,,,,,,
305,Hunter Goodman,COL,78,206.9333333,224,42.666666667,0.2285714285714286,0.7000000000726563,0.28333333335716143,0.01666666666393229,0.03809523809375,0.11746031745535714,0.1333333333482143,0.0603174603125,0.003174603174107143,0.2698412698214286,0.009523809522321429,0.006349206348214286,0.0,0.003174603174107143,0.0,0.003174603174107143,0.249,0.298412698,0.436426117,0.734838815,0.306122449,26.98412698,6.031746032,211,224,27,0.17857142857142858,0.6666666666666666,0.3333333333333333,0.0,0.05803571428571429,0.10714285714285714,0.16071428571428573,0.03571428571428571,0.0,0.2857142857142857,0.013392857142857142,0.008928571428571428,0.0,0.004464285714285714,0.004464285714285714,0.0,0.19,0.228,0.417,0.645,0.199,28.6,3.6,,,,,,,,,
306,Ezequiel Duran,TEX,82,264.1242038,285,56.273885349000004,0.2292993630526316,0.7096774193273234,0.25806451607056247,0.032258064513262866,0.03184713375789474,0.1242038216491228,0.11464968154385964,0.05732484077192982,0.0031847133754385965,0.2611464968070175,0.009554140126315789,0.006369426750877193,0.0031847133754385965,0.02229299363157895,0.006369426750877193,0.015923566880701755,0.248,0.296178344,0.419243986,0.71542233,0.308457711,26.11464968,5.732484076,268,285,63,0.23157894736842105,0.8253968253968254,0.1746031746031746,0.0,0.010526315789473684,0.0912280701754386,0.07017543859649122,0.04912280701754386,0.0,0.22105263157894736,0.007017543859649123,0.0035087719298245615,0.0,0.0035087719298245615,0.007017543859649123,-0.0035087719298245615,0.246,0.288,0.321,0.609,0.31,22.1,4.9,,,,,,,,,
307,Harold Ramirez,TBR,79,227.1373802,246,57.373801916000005,0.2555910543089431,0.7945205480149237,0.2054794520547945,0.0136986301369863,0.02236421725203252,0.11501597443089431,0.1118210862601626,0.05111821085365854,0.0031948881788617886,0.16932907349593496,0.015974440894308942,0.006389776357723577,0.0,0.012779552715447154,0.0031948881788617886,0.009584664536585366,0.278,0.323717949,0.411764706,0.735482655,0.316017316,16.93290735,5.111821086,238,246,60,0.25203252032520324,0.8666666666666667,0.11666666666666667,0.016666666666666666,0.008130081300813009,0.11382113821138211,0.11788617886178862,0.02032520325203252,0.0,0.2032520325203252,0.008130081300813009,0.0040650406504065045,0.0,0.024390243902439025,0.008130081300813009,0.016260162601626018,0.261,0.28,0.324,0.604,0.321,20.3,2.0,,,,,,,,,
308,Tyrone Taylor,NYM,85,317.3557692,345,58.60576923,0.20833333333333334,0.716981132098008,0.264150943386568,0.01886792453248719,0.03846153846376812,0.11538461539130435,0.11858974359420289,0.05448717947826087,0.0,0.23717948718840579,0.016025641026086956,0.006410256411594203,0.0,0.02243589743478261,0.006410256411594203,0.016025641026086956,0.226,0.279742765,0.407665505,0.68740827,0.261083744,23.71794872,5.448717949,319,345,72,0.2289855072463768,0.6527777777777778,0.3055555555555556,0.041666666666666664,0.020289855072463767,0.13623188405797101,0.10144927536231885,0.05507246376811594,0.002898550724637681,0.2318840579710145,0.014492753623188406,0.002898550724637681,0.002898550724637681,0.03188405797101449,0.005797101449275362,0.02608695652173913,0.248,0.299,0.401,0.701,0.309,23.2,5.5,,,,,,,,,
309,Josh Rojas,SEA,82,420.9003215,476,87.241157557,0.20257234726890755,0.7543859648698495,0.24561403504991322,0.017543859651334866,0.01929260450210084,0.11254019292016808,0.08360128617647059,0.09646302250000001,0.0032154340840336135,0.23151125399159664,0.006430868168067227,0.006430868168067227,0.006430868168067227,0.03215434084033613,0.00964630225,0.022508038592436976,0.231,0.307443366,0.356363636,0.663807002,0.286432161,23.1511254,9.646302251,422,476,87,0.19957983193277312,0.7586206896551724,0.21839080459770116,0.022988505747126436,0.01680672268907563,0.10084033613445378,0.06512605042016807,0.09663865546218488,0.0021008403361344537,0.226890756302521,0.0063025210084033615,0.004201680672268907,0.0021008403361344537,0.02100840336134454,0.008403361344537815,0.012605042016806723,0.225,0.304,0.336,0.641,0.282,22.7,9.7,,,,,,,,,
311,Manuel Margot,MIN,79,315.1590909,343,76.840909095,0.23701298702623907,0.7536231883775061,0.21739130427709838,0.028985507241284413,0.012987012988338192,0.11688311688046646,0.09090909090379008,0.0649350649271137,0.003246753247813411,0.1590909090962099,0.0064935064927113696,0.0064935064927113696,0.003246753247813411,0.03571428571428571,0.009740259740524781,0.02597402597376093,0.256,0.309446254,0.367491166,0.67693742,0.297413793,15.90909091,6.493506494,315,343,71,0.21865889212827988,0.7464788732394366,0.23943661971830985,0.014084507042253521,0.011661807580174927,0.10787172011661808,0.09037900874635568,0.061224489795918366,0.0,0.15743440233236153,0.008746355685131196,0.008746355685131196,0.0029154518950437317,0.014577259475218658,0.0,0.014577259475218658,0.238,0.289,0.337,0.626,0.273,15.7,6.1,,,,,,,,,
312,Lawrence Butler,OAK,80,414.2736156,451,82.26710098,0.2052117263858093,0.732142857138516,0.23214285713851587,0.017857142861484116,0.022801302926829265,0.100977198691796,0.09771986971175166,0.06840390880266076,0.00325732899113082,0.283387622172949,0.00325732899113082,0.006514657980044345,0.00325732899113082,0.019543973942350332,0.006514657980044345,0.01302931596008869,0.223,0.277777778,0.34751773,0.625295508,0.294736842,28.33876221,6.840390879,412,451,86,0.2394678492239468,0.6976744186046512,0.27906976744186046,0.023255813953488372,0.04878048780487805,0.13968957871396895,0.12638580931263857,0.07760532150776053,0.0,0.2394678492239468,0.0,0.008869179600886918,0.0,0.03991130820399113,0.0,0.03991130820399113,0.262,0.317,0.49,0.807,0.301,23.9,7.8,,,,,,,,,
313,Tyler Soderstrom,OAK,81,195.5980392,213,34.803921568,0.1928104575117371,0.7599999999517296,0.23999999999080562,0.019999999989656337,0.029411764704225355,0.08823529413145541,0.10784313727699531,0.06209150328638497,0.003267973854460094,0.3039215686384977,0.006535947713615024,0.006535947713615024,0.003267973854460094,0.003267973854460094,0.0,0.003267973854460094,0.21,0.263157895,0.359430605,0.6225885,0.276243094,30.39215686,6.209150327,189,213,35,0.20657276995305165,0.7142857142857143,0.2857142857142857,0.0,0.04225352112676056,0.08450704225352113,0.12206572769953052,0.09389671361502347,0.004694835680751174,0.24882629107981222,0.014084507042253521,0.004694835680751174,0.0,0.0,0.0,0.0,0.233,0.315,0.429,0.743,0.273,24.9,9.4,,,,,,,,,
314,Jonny DeLuca,TBR,94,328.7672131,362,64.09180328000001,0.2098360655801105,0.722222222204886,0.2592592592130292,0.018518518519674263,0.03278688524861878,0.11147540983425415,0.11475409837016574,0.06885245900552486,0.006557377049723756,0.2098360655801105,0.013114754099447512,0.006557377049723756,0.003278688524861878,0.01967213114640884,0.003278688524861878,0.01639344262430939,0.232,0.292763158,0.397111913,0.689875071,0.263414634,20.98360656,6.885245902,332,362,66,0.19889502762430938,0.7575757575757576,0.18181818181818182,0.06060606060606061,0.016574585635359115,0.08011049723756906,0.0856353591160221,0.06629834254143646,0.0027624309392265192,0.212707182320442,0.011049723756906077,0.0,0.0055248618784530384,0.04419889502762431,0.016574585635359115,0.027624309392265192,0.217,0.278,0.331,0.609,0.265,21.3,6.6,,,,,,,,,
315,Yasmani Grandal,PIT,80,209.3168317,243,43.306930692,0.19801980197530866,0.7962962962039324,0.18518518518518517,0.0,0.019801980197530863,0.10231023102880658,0.10231023102880658,0.11551155115226337,0.0033003300329218104,0.2145214521399177,0.006600660065843621,0.006600660065843621,0.0,0.0,0.0,0.0,0.23,0.323333333,0.333333333,0.656666667,0.28125,21.45214521,11.55115512,215,243,40,0.20164609053497942,0.75,0.25,0.0,0.037037037037037035,0.10699588477366255,0.1111111111111111,0.09876543209876543,0.0,0.18930041152263374,0.0,0.00411522633744856,0.012345679012345678,0.00411522633744856,0.0,0.00411522633744856,0.228,0.304,0.4,0.704,0.248,18.9,9.9,,,,,,,,,
316,Gavin Sheets,CHW,78,454.3953488,501,89.88039863,0.21262458463073852,0.7777777780868305,0.2222222223582054,0.0,0.033222591357285426,0.10299003321357286,0.10963455149700599,0.07641196013972056,0.0033222591357285427,0.20265780738522954,0.006644518271457085,0.006644518271457085,0.0,0.0,0.0,0.0,0.235,0.296666667,0.388278388,0.684945055,0.264705882,20.26578073,7.641196013,451,501,95,0.20958083832335328,0.7368421052631579,0.25263157894736843,0.010526315789473684,0.01996007984031936,0.06986027944111776,0.08982035928143713,0.08582834331337326,0.003992015968063872,0.21157684630738524,0.007984031936127744,0.005988023952095809,0.0,0.003992015968063872,0.003992015968063872,0.0,0.233,0.303,0.357,0.66,0.281,21.2,8.6,,,,,,,,,
317,Donovan Solano,,79,277.1760797,309,68.780730895,0.23920265779935274,0.7761194029980946,0.22388059707460017,0.01492537313346036,0.01661129567961165,0.10963455148867314,0.10299003323624595,0.07308970100323624,0.0,0.20930232556634304,0.019933554818770228,0.006644518271844661,0.0033222591359223304,0.0,0.0,0.0,0.266,0.333333333,0.388888889,0.722222222,0.328431373,20.93023256,7.3089701,283,309,73,0.2621359223300971,0.821917808219178,0.1780821917808219,0.0,0.025889967637540454,0.10032362459546926,0.11326860841423948,0.07119741100323625,0.0,0.21035598705501618,0.009708737864077669,0.003236245954692557,0.0,0.006472491909385114,0.003236245954692557,0.003236245954692557,0.286,0.343,0.417,0.76,0.346,21.0,7.1,,,,,,,,,
318,Will Brennan,CLE,78,328.29,353,83.54333333,0.24666666665722378,0.7605633803120362,0.21126760564223226,0.014084507046805432,0.01,0.1066666666572238,0.0966666666572238,0.049999999999999996,0.0033333333342776207,0.1333333333427762,0.01,0.00666666666572238,0.0,0.026666666665722382,0.00666666666572238,0.02,0.264,0.307692308,0.35483871,0.662531017,0.298319328,13.33333333,5.0,330,353,79,0.24645892351274787,0.810126582278481,0.16455696202531644,0.02531645569620253,0.0226628895184136,0.1048158640226629,0.08498583569405099,0.053824362606232294,0.0056657223796034,0.1359773371104816,0.0084985835694051,0.0028328611898017,0.0,0.0113314447592068,0.0056657223796034,0.0056657223796034,0.264,0.309,0.388,0.697,0.287,13.6,5.4,,,,,,,,,
319,Jesse Winker,,76,430.1066667,508,93.13333333,0.21000000000000002,0.781818181810373,0.21818181818962712,0.0,0.026666666673228347,0.11333333332677165,0.10333333332677165,0.13,0.0,0.19,0.016666666667322836,0.006666666667322835,0.0,0.0,0.0,0.0,0.246,0.356666667,0.38976378,0.746430446,0.287958115,19.0,13.0,430,508,95,0.21456692913385828,0.7578947368421053,0.24210526315789474,0.0,0.027559055118110236,0.12401574803149606,0.1141732283464567,0.12401574803149606,0.003937007874015748,0.20866141732283464,0.01968503937007874,0.005905511811023622,0.003937007874015748,0.027559055118110236,0.007874015748031496,0.01968503937007874,0.253,0.36,0.405,0.764,0.304,20.9,12.4,,,,,,,,,
320,Ramon Urias,BAL,78,272.812709,301,59.394648831,0.21739130435215948,0.7627118643111824,0.22033898301574756,0.01694915253837777,0.020066889631229233,0.10702341136212624,0.10033444817275748,0.07357859531561463,0.0,0.24080267558139534,0.01337792642192691,0.0066889632093023255,0.0033444816046511627,0.0066889632093023255,0.0033444816046511627,0.0033444816046511627,0.24,0.304347826,0.361623616,0.665971442,0.302564103,24.08026756,7.357859532,272,301,58,0.2292358803986711,0.8103448275862069,0.15517241379310345,0.034482758620689655,0.036544850498338874,0.12956810631229235,0.12292358803986711,0.07641196013289037,0.0,0.18272425249169436,0.016611295681063124,0.0033222591362126247,0.0,0.0033222591362126247,0.0033222591362126247,0.0,0.254,0.322,0.423,0.745,0.28,18.3,7.6,,,,,,,,,
321,Jose Caballero,TBR,86,421.2020202,483,82.939393942,0.19191919192546583,0.745098039216632,0.23529411769812375,0.019607843133472316,0.02020202020289855,0.12121212122153209,0.08080808080745341,0.09427609428571429,0.0,0.22222222215320914,0.023569023561076607,0.006734006734989648,0.0033670033664596273,0.05723905724637681,0.013468013467908902,0.04377104376811594,0.22,0.310810811,0.343629344,0.654440154,0.26984127,22.22222222,9.427609428,441,483,91,0.2070393374741201,0.7252747252747253,0.26373626373626374,0.01098901098901099,0.018633540372670808,0.10973084886128365,0.09109730848861283,0.055900621118012424,0.002070393374741201,0.2753623188405797,0.018633540372670808,0.006211180124223602,0.006211180124223602,0.09109730848861283,0.033126293995859216,0.057971014492753624,0.227,0.283,0.347,0.63,0.301,27.5,5.6,,,,,,,,,
329,Santiago Espinal,TOR,79,358.0736842,391,86.431578946,0.2315789473657289,0.7619047619290034,0.20634920636059254,0.015873015878341674,0.01052631579028133,0.1052631579028133,0.09122807017902813,0.07017543859335038,0.0035087719309462918,0.15087719299232738,0.007017543859335038,0.007017543859335038,0.0035087719309462918,0.017543859649616366,0.007017543859335038,0.01052631579028133,0.253,0.30877193,0.340996169,0.649768098,0.290322581,15.0877193,7.01754386,357,391,79,0.22506393861892582,0.8481012658227848,0.1518987341772152,0.0,0.023017902813299233,0.08184143222506395,0.11508951406649616,0.061381074168797956,0.0025575447570332483,0.13810741687979539,0.005115089514066497,0.010230179028132993,0.010230179028132993,0.028132992327365727,0.0025575447570332483,0.02557544757033248,0.246,0.295,0.356,0.65,0.265,13.8,6.1,,,,,,,,,
330,Randal Grichuk,ARI,72,257.4631579,279,54.821052634,0.22807017544802866,0.7321428571969293,0.2500000000273618,0.017857142848673745,0.03157894736917563,0.10877192982078852,0.1263157894623656,0.05614035086021506,0.0,0.22105263157706093,0.010526315788530466,0.007017543860215054,0.0,0.0035087719283154123,0.0,0.0035087719283154123,0.245,0.295774648,0.410646388,0.706421036,0.29015544,22.10526316,5.614035088,254,279,62,0.26523297491039427,0.6451612903225806,0.3225806451612903,0.03225806451612903,0.043010752688172046,0.14336917562724014,0.16487455197132617,0.07168458781362007,0.0,0.16487455197132617,0.010752688172043012,0.007168458781362007,0.0,0.0,0.0,0.0,0.291,0.348,0.528,0.875,0.313,16.5,7.2,,,,,,,,,
331,Taylor Walls,TBR,74,221.0526316,252,41.557894731999994,0.18596491226190476,0.7021276596942703,0.2553191490672358,0.021276595739561106,0.02105263157936508,0.11228070174603175,0.08771929825396825,0.1052631578968254,0.0,0.25614035087301584,0.007017543861111111,0.007017543861111111,0.003508771928571429,0.03859649122619047,0.01052631578968254,0.02807017544047619,0.211,0.299295775,0.336,0.635295775,0.271676301,25.61403509,10.52631579,218,252,39,0.15873015873015872,0.7948717948717948,0.1282051282051282,0.07692307692307693,0.003968253968253968,0.10714285714285714,0.05555555555555555,0.12301587301587301,0.0,0.26587301587301587,0.0,0.011904761904761904,0.0,0.06349206349206349,0.015873015873015872,0.047619047619047616,0.183,0.282,0.248,0.529,0.255,26.6,12.3,,,,,,,,,
332,Ceddanne Rafaela,BOS,74,532.664311,571,121.06007069,0.23674911663747814,0.7499999998554436,0.23333333327000388,0.033333333327826425,0.024734982329246934,0.12367491166374782,0.10600706714535901,0.04593639576182136,0.0,0.22968197880910682,0.010600706714535902,0.00706713780910683,0.003533568905429072,0.03533568905429072,0.00706713780910683,0.028268551243432576,0.255,0.294326241,0.40530303,0.699629271,0.309278351,22.96819788,4.593639576,544,571,119,0.23467600700525393,0.7647058823529411,0.19327731092436976,0.04201680672268908,0.02626970227670753,0.12259194395796848,0.13134851138353765,0.02626970227670753,0.0017513134851138354,0.26444833625218916,0.012259194395796848,0.005253940455341506,0.0035026269702276708,0.03327495621716287,0.017513134851138354,0.01576182136602452,0.246,0.274,0.39,0.664,0.312,26.4,2.6,,,,,,,,,
334,Christian Vazquez,MIN,75,289.125,315,63.0,0.21785714285714286,0.8035714285714286,0.19642857142857142,0.0,0.017857142857142856,0.09642857142857143,0.09642857142857143,0.060714285714285714,0.0,0.20357142857142857,0.0035714285714285713,0.007142857142857143,0.0035714285714285713,0.014285714285714285,0.0035714285714285713,0.010714285714285714,0.237,0.285198556,0.338521401,0.623719957,0.284263959,20.35714286,6.071428571,294,315,58,0.20634920634920634,0.8275862068965517,0.1724137931034483,0.0,0.022222222222222223,0.09206349206349207,0.08571428571428572,0.03492063492063492,0.0,0.20634920634920634,0.0031746031746031746,0.012698412698412698,0.015873015873015872,0.009523809523809525,0.0031746031746031746,0.006349206349206349,0.221,0.248,0.327,0.575,0.257,20.6,3.5,,,,,,,,,
335,Kyle Farmer,MIN,73,220.3154122,242,48.573476701999994,0.22580645161157023,0.767857142876995,0.21428571427689116,0.01785714286670128,0.02508960573553719,0.10752688173553719,0.10752688173553719,0.057347670247933885,0.0,0.20788530466942148,0.021505376342975207,0.007168458780991736,0.0035842293925619838,0.01075268817355372,0.0035842293925619838,0.007168458780991736,0.246,0.305755396,0.385826772,0.691582167,0.293193717,20.78853047,5.734767025,215,242,41,0.19008264462809918,0.6585365853658537,0.3170731707317073,0.024390243902439025,0.02066115702479339,0.10743801652892562,0.10330578512396695,0.07851239669421488,0.004132231404958678,0.2024793388429752,0.024793388429752067,0.008264462809917356,0.0,0.012396694214876033,0.02066115702479339,-0.008264462809917356,0.214,0.293,0.353,0.647,0.252,20.2,7.9,,,,,,,,,
338,Jo Adell,LAA,69,410.9111111,451,73.49629630000001,0.2037037037028825,0.7272727272108811,0.2499999999319693,0.022727272721088123,0.04074074073170732,0.1222222222172949,0.1222222222172949,0.07037037037694013,0.0037037037028824836,0.32962962971175164,0.011111111110864744,0.0037037037028824836,0.0,0.018518518518847005,0.0037037037028824836,0.014814814813747227,0.223,0.286245353,0.410569106,0.696814459,0.299319728,32.96296296,7.037037037,405,451,64,0.18625277161862527,0.734375,0.234375,0.03125,0.04434589800443459,0.1197339246119734,0.13747228381374724,0.07760532150776053,0.0022172949002217295,0.2793791574279379,0.015521064301552107,0.0066518847006651885,0.0,0.03325942350332594,0.022172949002217297,0.011086474501108648,0.207,0.28,0.402,0.682,0.244,27.9,7.8,,,,,,,,,
340,Gary Sanchez,MIL,69,247.6119403,280,37.6119403,0.18283582089285713,0.7222222220745149,0.25,0.0,0.04850746267857142,0.11194029850000001,0.14179104478571428,0.09328358210714287,0.0,0.2835820895357143,0.014925373135714286,0.007462686567857143,0.0,0.0,0.0,0.0,0.207,0.291044776,0.405063291,0.696108067,0.24,28.35820896,9.328358209,245,280,43,0.19285714285714287,0.813953488372093,0.16279069767441862,0.023255813953488372,0.039285714285714285,0.10714285714285714,0.13214285714285715,0.09642857142857143,0.0,0.2714285714285714,0.017857142857142856,0.010714285714285714,0.0,0.0,0.0,0.0,0.22,0.307,0.392,0.699,0.267,27.1,9.6,,,,,,,,,
341,Miguel Rojas,LAD,69,306.8208955,337,74.19029851,0.23134328359050446,0.7966101694823872,0.20338983051761275,0.01694915254762735,0.011194029851632047,0.11194029851632048,0.09701492537091988,0.05970149255192879,0.0,0.12686567163204748,0.011194029851632047,0.0074626865667655785,0.003731343284866469,0.022388059700296736,0.0074626865667655785,0.014925373133531157,0.256,0.305660377,0.352459016,0.658119394,0.282296651,12.68656716,5.970149254,307,337,81,0.258160237388724,0.7407407407407407,0.25925925925925924,0.0,0.017804154302670624,0.12166172106824925,0.10682492581602374,0.06824925816023739,0.0,0.10089020771513353,0.008902077151335312,0.005934718100890208,0.005934718100890208,0.02373887240356083,0.005934718100890208,0.017804154302670624,0.283,0.337,0.41,0.748,0.301,10.1,6.8,,,,,,,,,
342,Andy Ibanez,DET,69,223.8195489,244,48.616541352,0.2218045112704918,0.7547169810855039,0.22641509440792768,0.018867924527137595,0.022556390975409835,0.10150375938524589,0.10526315790983608,0.06766917295081967,0.0,0.17669172930327867,0.007518796991803279,0.007518796991803279,0.0037593984959016394,0.007518796991803279,0.0037593984959016394,0.0037593984959016394,0.243,0.296992481,0.37295082,0.669943301,0.274611399,17.66917293,6.766917293,224,244,49,0.22131147540983606,0.7959183673469388,0.1836734693877551,0.02040816326530612,0.020491803278688523,0.12295081967213115,0.13114754098360656,0.06147540983606557,0.0,0.2581967213114754,0.012295081967213115,0.00819672131147541,0.0,0.00819672131147541,0.012295081967213115,-0.004098360655737705,0.241,0.295,0.357,0.652,0.31,25.8,6.1,,,,,,,,,
343,Carson Kelly,DET,74,277.4318182,313,52.166666666,0.19318181817891372,0.7500000000095847,0.25000000006709266,0.0,0.026515151514376993,0.09848484849840256,0.10606060607028753,0.09469696971246007,0.0037878787891373806,0.21969696971246008,0.011363636364217253,0.007575757575079872,0.0,0.0037878787891373806,0.0,0.0037878787891373806,0.218,0.299242424,0.354700855,0.653943279,0.257309942,21.96969697,9.46969697,281,313,58,0.21405750798722045,0.8275862068965517,0.15517241379310345,0.017241379310344827,0.02875399361022364,0.10223642172523961,0.1182108626198083,0.07987220447284345,0.0,0.1757188498402556,0.019169329073482427,0.003194888178913738,0.0,0.0,0.0,0.0,0.238,0.313,0.374,0.687,0.266,17.6,8.0,,,,,,,,,
344,Jared Triolo,PIT,65,401.9087452,446,93.269961938,0.22433460067264574,0.745454545764886,0.23636363650126227,0.018181818184157435,0.015209125475336323,0.11026615968609865,0.09505703421524664,0.08745247147982063,0.0038022813677130044,0.2585551331838565,0.007604562737668161,0.007604562737668161,0.0,0.022813688206278025,0.007604562737668161,0.015209125475336323,0.249,0.318181818,0.362869198,0.681051016,0.329341317,25.85551331,8.745247148,394,446,76,0.1905829596412556,0.8552631578947368,0.13157894736842105,0.013157894736842105,0.020179372197309416,0.09192825112107623,0.1031390134529148,0.09417040358744394,0.0,0.2645739910313901,0.011210762331838564,0.011210762331838564,0.0,0.017937219730941704,0.002242152466367713,0.01569506726457399,0.216,0.296,0.315,0.611,0.279,26.5,9.4,,,,,,,,,
349,Jose Trevino,NYY,72,218.5813953,234,45.348837205,0.21705426354700855,0.8000000001323077,0.20000000002205126,0.0,0.023255813952991453,0.09689922478632479,0.10465116277777778,0.04651162790598291,0.0,0.17441860465811967,0.007751937982905983,0.007751937982905983,0.0038759689914529914,0.0038759689914529914,0.0,0.0038759689914529914,0.233,0.272373541,0.348547718,0.620921259,0.260416667,17.44186047,4.651162791,209,234,37,0.19230769230769232,0.8648648648648649,0.13513513513513514,0.0,0.03418803418803419,0.1111111111111111,0.11965811965811966,0.08547008547008547,0.0,0.1752136752136752,0.008547008547008548,0.008547008547008548,0.004273504273504274,0.004273504273504274,0.0,0.004273504273504274,0.215,0.288,0.354,0.642,0.228,17.5,8.5,,,,,,,,,
351,David Peralta,CHC,67,237.7431907,260,55.642023351000006,0.23346303503846155,0.745454545359457,0.2363636362940356,0.018181818184759058,0.01945525291923077,0.10505836576923078,0.10505836576923078,0.0700389105,0.0038910505846153844,0.19066147861538463,0.007782101169230769,0.007782101169230769,0.0038910505846153844,0.007782101169230769,0.0,0.007782101169230769,0.256,0.311284047,0.382978723,0.69426277,0.300546448,19.06614786,7.003891051,236,260,55,0.2423076923076923,0.8,0.2,0.0,0.03076923076923077,0.1346153846153846,0.1076923076923077,0.08461538461538462,0.0,0.2076923076923077,0.007692307692307693,0.0,0.0,0.007692307692307693,0.0,0.007692307692307693,0.267,0.335,0.415,0.75,0.316,20.8,8.5,,,,,,,,,
353,Miguel Amaya,CHC,70,320.1259843,363,61.4527559,0.19685039369146007,0.7441860465040592,0.2325581395121777,0.0,0.02755905512396694,0.10629921258953168,0.11417322834710743,0.0866141732231405,0.003937007873278236,0.2637795275482094,0.019685039369146007,0.007874015749311295,0.003937007873278236,0.003937007873278236,0.0,0.003937007873278236,0.225,0.304347826,0.357142857,0.661490683,0.282894737,26.37795276,8.661417323,328,363,68,0.209366391184573,0.7794117647058824,0.19117647058823528,0.029411764705882353,0.02203856749311295,0.0881542699724518,0.12947658402203857,0.06336088154269973,0.0,0.17079889807162535,0.011019283746556474,0.008264462809917356,0.013774104683195593,0.0,0.0,0.0,0.232,0.288,0.357,0.644,0.261,17.1,6.3,,,,,,,,,
355,Victor Caratini,HOU,68,243.312,274,50.416,0.208,0.8043478260869565,0.1739130434782609,0.0,0.023999999999999997,0.108,0.108,0.088,0.004,0.216,0.016,0.008,0.004,0.004,0.0,0.004,0.232,0.312,0.346846847,0.658846847,0.280487805,21.6,8.8,245,274,58,0.24087591240875914,0.8448275862068966,0.13793103448275862,0.017241379310344827,0.029197080291970802,0.10948905109489052,0.10948905109489052,0.08394160583941605,0.0036496350364963502,0.19343065693430658,0.010948905109489052,0.010948905109489052,0.0,0.0,0.0036496350364963502,-0.0036496350364963502,0.269,0.336,0.408,0.744,0.31,19.3,8.4,,,,,,,,,
356,Nick Gordon,MIA,69,251.9,275,55.0,0.22,0.72,0.26,0.04,0.02,0.108,0.09599999999999999,0.056,0.004,0.216,0.011999999999999999,0.008,0.004,0.028,0.008,0.02,0.239,0.290322581,0.384279476,0.674602057,0.290697674,21.6,5.6,260,275,51,0.21454545454545454,0.7647058823529411,0.21568627450980393,0.0196078431372549,0.02909090909090909,0.10545454545454545,0.11636363636363636,0.04,0.0,0.24363636363636362,0.0036363636363636364,0.01090909090909091,0.0,0.01818181818181818,0.01818181818181818,0.0,0.227,0.258,0.369,0.627,0.271,24.4,4.0,,,,,,,,,
359,Austin Slater,SFG,73,186.0408163,212,42.399999994999995,0.2244897958962264,0.7755102041008858,0.2040816326655757,0.020408163257123607,0.02448979591981132,0.1306122449056604,0.09795918367924528,0.10204081632075471,0.0,0.2612244898113208,0.01224489795754717,0.004081632650943396,0.0,0.0326530612264151,0.008163265306603775,0.02448979591981132,0.255,0.340163934,0.395348837,0.735512772,0.335616438,26.12244898,10.20408163,177,212,35,0.17452830188679244,0.8857142857142857,0.11428571428571428,0.0,0.009433962264150943,0.11320754716981132,0.08490566037735849,0.12264150943396226,0.0,0.2830188679245283,0.02358490566037736,0.018867924528301886,0.0,0.014150943396226415,0.009433962264150943,0.0047169811320754715,0.209,0.321,0.266,0.586,0.294,28.3,12.3,,,,,,,,,
363,Lenyn Sosa,CHW,63,347.475,369,72.2625,0.225,0.7659574468085106,0.23404255319148937,0.0,0.029166666666666664,0.09583333333333333,0.10833333333333334,0.04583333333333334,0.004166666666666667,0.22916666666666666,0.004166666666666667,0.008333333333333333,0.004166666666666667,0.004166666666666667,0.004166666666666667,0.0,0.241,0.275,0.380530973,0.655530973,0.28313253,22.91666667,4.583333333,351,369,81,0.24119241192411925,0.8395061728395061,0.16049382716049382,0.0,0.02168021680216802,0.07588075880758807,0.0948509485094851,0.032520325203252036,0.0027100271002710027,0.2086720867208672,0.008130081300813009,0.0027100271002710027,0.005420054200542005,0.008130081300813009,0.0027100271002710027,0.005420054200542005,0.254,0.283,0.359,0.642,0.303,20.9,3.3,,,,,,,,,
364,Jake McCarthy,ARI,63,447.1638655,495,106.071428569,0.23109243696969697,0.7450980392763188,0.21568627450998876,0.03921568627968574,0.016806722688888887,0.13445378151515153,0.08403361345454546,0.07142857143434345,0.0,0.20588235292929294,0.016806722688888887,0.0042016806727272725,0.008403361345454545,0.06722689074747475,0.012605042016161616,0.05462184874747474,0.256,0.320675105,0.381395349,0.702070454,0.312883436,20.58823529,7.142857143,442,495,118,0.2545454545454545,0.8305084745762712,0.11016949152542373,0.059322033898305086,0.01616161616161616,0.13333333333333333,0.11313131313131314,0.06262626262626263,0.00202020202020202,0.15757575757575756,0.028282828282828285,0.006060606060606061,0.010101010101010102,0.050505050505050504,0.012121212121212121,0.03838383838383838,0.285,0.349,0.4,0.749,0.329,15.8,6.3,,,,,,,,,
365,Jake Bauers,MIL,66,302.3865546,346,53.78991597,0.18907563026011562,0.7027027026976781,0.27027027032554035,0.0,0.03361344537572254,0.1176470588150289,0.113445378150289,0.10924369748554913,0.0,0.28991596647398843,0.008403361343930636,0.004201680673410405,0.0,0.021008403361271678,0.008403361343930636,0.01260504201734104,0.215,0.308016878,0.375,0.683016878,0.28030303,28.99159664,10.92436975,302,346,48,0.17341040462427745,0.7708333333333334,0.1875,0.041666666666666664,0.03468208092485549,0.13005780346820808,0.12427745664739884,0.11271676300578035,0.002890173410404624,0.34104046242774566,0.014450867052023121,0.0,0.0,0.03757225433526012,0.002890173410404624,0.03468208092485549,0.199,0.301,0.361,0.662,0.279,34.1,11.3,,,,,,,,,
367,Trevor Larnach,MIN,60,351.9313305,400,66.9527897,0.2017167382,0.7435897436548489,0.25641025634515124,0.025641025634515122,0.03433476395,0.11158798282499999,0.115879828325,0.10300429185,0.0042918454925,0.3175965665,0.0085836909875,0.0085836909875,0.0,0.0042918454925,0.0,0.0042918454925,0.229,0.313304721,0.409756098,0.723060819,0.312,31.75965665,10.30042918,355,400,77,0.23,0.7792207792207793,0.22077922077922077,0.0,0.0375,0.1475,0.13,0.1,0.0025,0.2225,0.0075,0.005,0.0,0.01,0.0025,0.0075,0.259,0.338,0.434,0.771,0.304,22.3,10.0,,,,,,,,,
369,Emmanuel Rivera,ARI,60,275.6244541,302,63.30131004700001,0.23144104804635762,0.7499999999170632,0.22916666668081853,0.020833333338928263,0.021834061135761588,0.11353711791390729,0.11790393013245035,0.06986899562913908,0.0,0.20524017466887418,0.008733624453642385,0.008733624453642385,0.0,0.004366812228476821,0.0,0.004366812228476821,0.254,0.310043668,0.387559809,0.697603477,0.301886792,20.52401747,6.986899563,265,302,58,0.20860927152317882,0.8103448275862069,0.15517241379310345,0.034482758620689655,0.016556291390728478,0.07947019867549669,0.09602649006622517,0.08609271523178808,0.0,0.22847682119205298,0.016556291390728478,0.016556291390728478,0.0033112582781456954,0.006622516556291391,0.0,0.006622516556291391,0.238,0.312,0.343,0.656,0.296,22.8,8.6,,,,,,,,,
370,Dominic Smith,,58,274.6842105,307,64.63157895,0.2324561403583062,0.7708333333236631,0.22916666667633684,0.020833333331399292,0.021929824560260585,0.10526315788273616,0.10964912280130291,0.07894736843648209,0.004385964912052118,0.1710526315635179,0.01754385964820847,0.008771929824104236,0.0,0.004385964912052118,0.0,0.004385964912052118,0.259,0.328947368,0.401960784,0.730908153,0.296296296,17.10526316,7.894736842,275,307,58,0.20846905537459284,0.6206896551724138,0.3793103448275862,0.0,0.019543973941368076,0.10749185667752444,0.11074918566775244,0.09120521172638436,0.0,0.247557003257329,0.013029315960912053,0.0,0.0,0.003257328990228013,0.003257328990228013,0.0,0.233,0.313,0.378,0.691,0.301,24.8,9.1,,,,,,,,,
373,Miguel Andujar,OAK,59,295.0044248,319,67.752212386,0.23451327432601882,0.7500000000073799,0.22916666664022228,0.020833333337638236,0.022123893805642635,0.0973451327586207,0.10619469025078371,0.061946902664576795,0.008849557523510972,0.15044247786833856,0.004424778761755486,0.008849557523510972,0.004424778761755486,0.013274336282131663,0.004424778761755486,0.008849557523510972,0.253,0.300884956,0.387559809,0.688444764,0.279069767,15.04424779,6.194690265,302,319,82,0.26959247648902823,0.8170731707317073,0.17073170731707318,0.012195121951219513,0.012539184952978056,0.09717868338557993,0.09404388714733543,0.04075235109717868,0.0,0.13166144200626959,0.009404388714733543,0.003134796238244514,0.0,0.009404388714733543,0.006269592476489028,0.003134796238244514,0.285,0.32,0.377,0.697,0.319,13.2,4.1,,,,,,,,,
374,Alec Burleson,STL,60,544.9778761,595,126.37168139,0.23451327428571428,0.7708333334536793,0.20833333338938492,0.02083333333893849,0.02212389379831933,0.10619469026890757,0.11504424778151262,0.06637168141176471,0.0,0.15486725663865547,0.008849557522689075,0.008849557522689075,0.0,0.004424778761344538,0.0,0.004424778761344538,0.255,0.309734513,0.38647343,0.696207943,0.284023669,15.48672566,6.637168142,547,595,126,0.24705882352941178,0.8412698412698413,0.15873015873015872,0.0,0.03529411764705882,0.11932773109243698,0.13109243697478992,0.058823529411764705,0.0,0.12773109243697478,0.0067226890756302525,0.010084033613445379,0.0016806722689075631,0.015126050420168067,0.0067226890756302525,0.008403361344537815,0.269,0.314,0.42,0.735,0.276,12.8,5.9,,,,,,,,,
376,Rob Refsnyder,BOS,63,267.4311111,307,62.764444448,0.22666666667752444,0.7826086956078397,0.21739130426469952,0.021739130426469955,0.02222222222149837,0.12000000000000001,0.09777777778501628,0.10222222221498371,0.0,0.2177777777850163,0.013333333332247559,0.004444444442996743,0.0,0.013333333332247559,0.004444444442996743,0.008888888889250813,0.26,0.34529148,0.403061224,0.748352704,0.321678322,21.77777778,10.22222222,272,307,66,0.250814332247557,0.7424242424242424,0.24242424242424243,0.015151515151515152,0.035830618892508145,0.10423452768729642,0.13029315960912052,0.09120521172638436,0.006514657980456026,0.254071661237785,0.016286644951140065,0.003257328990228013,0.0,0.006514657980456026,0.006514657980456026,0.0,0.283,0.359,0.471,0.83,0.359,25.4,9.1,,,,,,,,,
377,Ildemaro Vargas,WSN,60,281.2600897,303,63.860986550999996,0.2197309417161716,0.7659574468198385,0.2127659574934524,0.021276595749345237,0.008968609864686469,0.08520179372937293,0.08071748877887788,0.053811659207920796,0.0,0.11659192825082508,0.0044843049339934,0.008968609864686469,0.0044843049339934,0.008968609864686469,0.0044843049339934,0.0044843049339934,0.235,0.279279279,0.323671498,0.602950777,0.259668508,11.65919283,5.381165919,272,303,66,0.22112211221122113,0.7575757575757576,0.24242424242424243,0.0,0.0033003300330033004,0.06930693069306931,0.09900990099009901,0.0627062706270627,0.0,0.10231023102310231,0.006600660066006601,0.0165016501650165,0.0165016501650165,0.0297029702970297,0.013201320132013201,0.0165016501650165,0.246,0.295,0.316,0.611,0.269,10.2,6.3,,,,,,,,,
378,Nick Gonzales,PIT,56,348.6486486,387,73.216216217,0.2072072072093023,0.7142857143149818,0.26190476196102064,0.02380952380594667,0.018018018018087854,0.10360360359173126,0.09909909909560724,0.07207207206718347,0.004504504503875969,0.2972972974160207,0.013513513514211886,0.004504504503875969,0.0,0.009009009007751938,0.004504504503875969,0.004504504503875969,0.229,0.295454545,0.355,0.650454545,0.320610687,29.72972973,7.207207207,359,387,90,0.25064599483204136,0.7555555555555555,0.2111111111111111,0.03333333333333333,0.01808785529715762,0.10852713178294573,0.12661498708010335,0.046511627906976744,0.002583979328165375,0.19121447028423771,0.012919896640826873,0.0103359173126615,0.002583979328165375,0.012919896640826873,0.007751937984496124,0.00516795865633075,0.27,0.311,0.398,0.709,0.319,19.1,4.7,,,,,,,,,
379,Kyle Higashioka,SDP,63,241.4818182,263,41.840909085999996,0.19545454543726237,0.7428571429008458,0.25714285719475444,0.0,0.03636363636501901,0.09545454543726235,0.12727272726235742,0.05909090908745247,0.0,0.26818181817490494,0.004545454543726236,0.009090909091254753,0.004545454543726236,0.0,0.0,0.0,0.212,0.26146789,0.376237624,0.637705514,0.255474453,26.81818182,5.909090909,246,263,37,0.20532319391634982,0.7027027027027027,0.2702702702702703,0.02702702702702703,0.06463878326996197,0.11026615969581749,0.17110266159695817,0.057034220532319393,0.0,0.2813688212927757,0.0,0.0038022813688212928,0.0038022813688212928,0.0076045627376425855,0.0,0.0076045627376425855,0.22,0.263,0.476,0.739,0.237,28.1,5.7,,,,,,,,,
380,Edmundo Sosa,PHI,62,253.9817352,274,53.799086755000005,0.22374429222627737,0.7674418604543094,0.2325581396386289,0.02325581396386289,0.027397260273722628,0.11415525113138686,0.10958904109489051,0.041095890401459854,0.0,0.23744292237226275,0.027397260273722628,0.004566210047445255,0.004566210047445255,0.018264840182481753,0.004566210047445255,0.013698630138686132,0.244,0.292237443,0.39408867,0.686326113,0.294520548,23.74429224,4.109589041,249,274,57,0.23357664233576642,0.7192982456140351,0.21052631578947367,0.07017543859649122,0.025547445255474453,0.14233576642335766,0.11313868613138686,0.04744525547445255,0.0,0.24087591240875914,0.029197080291970802,0.0072992700729927005,0.0036496350364963502,0.025547445255474453,0.0036496350364963502,0.021897810218978103,0.257,0.313,0.422,0.734,0.32,24.1,4.7,,,,,,,,,
382,Garrett Hampson,KCR,63,207.7945205,231,46.410958908000005,0.21461187216450217,0.7499999999784533,0.20454545452978423,0.022727272735107867,0.013698630138528138,0.11872146116883117,0.08219178082251082,0.07762557077922079,0.0,0.2420091324242424,0.009132420090909091,0.004566210047619048,0.009132420090909091,0.04109589041125541,0.009132420090909091,0.03196347032034632,0.24,0.304147465,0.335025381,0.639172846,0.309859155,24.20091324,7.762557078,213,231,49,0.21212121212121213,0.7142857142857143,0.2653061224489796,0.02040816326530612,0.0,0.06926406926406926,0.06926406926406926,0.06060606060606061,0.0,0.2554112554112554,0.0,0.008658008658008658,0.008658008658008658,0.030303030303030304,0.008658008658008658,0.021645021645021644,0.23,0.275,0.3,0.576,0.314,25.5,6.1,,,,,,,,,
383,Jorge Mateo,BAL,60,191.8538813,208,39.890410962999994,0.21461187216346153,0.7142857140887462,0.2380952380713632,0.04761904761427264,0.02283105022596154,0.13698630134615383,0.08219178081730769,0.054794520528846154,0.0,0.2557077625480769,0.009132420091346153,0.0045662100432692304,0.0045662100432692304,0.08675799086538462,0.013698630134615385,0.07305936072115385,0.232,0.281105991,0.376237624,0.657343615,0.295774648,25.57077626,5.479452055,192,208,39,0.21153846153846154,0.5897435897435898,0.358974358974359,0.05128205128205128,0.02403846153846154,0.14423076923076922,0.08653846153846154,0.04807692307692308,0.0,0.23076923076923078,0.004807692307692308,0.014423076923076924,0.009615384615384616,0.0625,0.009615384615384616,0.052884615384615384,0.229,0.267,0.401,0.668,0.275,23.1,4.8,,,,,,,,,
389,Dylan Moore,SEA,63,385.0985915,441,64.18309859,0.17840375587301588,0.7096774192995533,0.2580645161089285,0.03225806451361606,0.03286384977324263,0.13615023473922902,0.08920187793650794,0.09389671360544219,0.004694835680272109,0.3051643192743764,0.023474178412698412,0.004694835680272109,0.0,0.0704225352154195,0.01877934272335601,0.05164319249433107,0.205,0.297169811,0.370967742,0.668137553,0.269565217,30.51643192,9.389671362,368,441,64,0.16780045351473924,0.578125,0.359375,0.0625,0.022675736961451247,0.12018140589569161,0.09523809523809523,0.12018140589569161,0.0022675736961451248,0.2789115646258503,0.031746031746031744,0.011337868480725623,0.0022675736961451248,0.07256235827664399,0.013605442176870748,0.05895691609977324,0.201,0.32,0.367,0.687,0.267,27.9,12.0,,,,,,,,,
390,James McCann,BAL,58,211.9190476,233,43.271428572,0.20952380952789698,0.8205128203919377,0.17948717949251256,0.0,0.023809523811158795,0.1,0.1,0.06190476188841202,0.0,0.261904761888412,0.014285714287553649,0.004761904763948498,0.004761904763948498,0.014285714287553649,0.004761904763948498,0.00952380952360515,0.232,0.288461538,0.345549738,0.634011277,0.295454545,26.19047619,6.19047619,214,233,42,0.2145922746781116,0.7857142857142857,0.21428571428571427,0.0,0.034334763948497854,0.11587982832618025,0.13304721030042918,0.055793991416309016,0.0,0.24034334763948498,0.008583690987124463,0.017167381974248927,0.0,0.004291845493562232,0.0,0.004291845493562232,0.234,0.279,0.388,0.667,0.273,24.0,5.6,,,,,,,,,
391,Jackson Merrill,SDP,51,553.277512,593,130.5167464,0.23923444974704888,0.7391304348359086,0.23913043483590857,0.02173913043544886,0.019138755986509277,0.11004784689713322,0.1052631578920742,0.0526315789544688,0.0,0.1722488038785835,0.004784688994940978,0.004784688994940978,0.004784688994940978,0.019138755986509277,0.004784688994940978,0.014354066984822935,0.256,0.298076923,0.384615385,0.682692308,0.294871795,17.22488038,5.263157895,554,593,138,0.27318718381112983,0.7318840579710145,0.2246376811594203,0.043478260869565216,0.04047217537942664,0.12984822934232715,0.15177065767284992,0.048903878583473864,0.0016863406408094434,0.1703204047217538,0.0016863406408094434,0.008431703204047217,0.006745362563237774,0.026981450252951095,0.00505902192242833,0.021922428330522766,0.292,0.326,0.5,0.826,0.318,17.0,4.9,,,,,,,,,
392,Stuart Fairchild,CIN,62,207.3588517,233,40.133971295,0.2009569378111588,0.7222222220907182,0.2499999999065629,0.027777777778469903,0.028708133969957084,0.11961722489270386,0.10526315789699571,0.08133971291845495,0.0,0.2775119617167382,0.019138755982832618,0.004784688995708154,0.004784688995708154,0.028708133969957084,0.009569377991416309,0.019138755982832618,0.227,0.302884615,0.38172043,0.684605045,0.292682927,27.75119617,8.133971292,209,233,37,0.19313304721030042,0.7837837837837838,0.21621621621621623,0.0,0.034334763948497854,0.14163090128755365,0.12875536480686695,0.07296137339055794,0.0,0.2575107296137339,0.017167381974248927,0.004291845493562232,0.008583690987124463,0.055793991416309016,0.004291845493562232,0.05150214592274678,0.215,0.286,0.368,0.654,0.261,25.8,7.3,,,,,,,,,
393,Miguel Vargas,LAD,53,211.9326923,237,46.716346158,0.22596153848101266,0.7317073170575079,0.2682926829853036,0.024390243901916932,0.028846153848101266,0.125,0.11538461540084388,0.08653846151898734,0.004807692308016877,0.19711538459915612,0.009615384616033755,0.009615384616033755,0.0,0.014423076924050633,0.004807692308016877,0.009615384616033755,0.254,0.322115385,0.424731183,0.746846567,0.290780142,19.71153846,8.653846154,206,237,26,0.1308016877637131,0.7307692307692307,0.2692307692307692,0.0,0.02109704641350211,0.09282700421940929,0.06751054852320675,0.10548523206751055,0.0,0.24050632911392406,0.012658227848101266,0.012658227848101266,0.0,0.012658227848101266,0.004219409282700422,0.008438818565400843,0.15,0.249,0.257,0.506,0.177,24.1,10.5,,,,,,,,,
398,Freddy Fermin,KCR,54,334.88,368,71.75999999999999,0.225,0.7435897435897437,0.23076923076923078,0.0,0.03,0.105,0.12,0.07,0.0,0.205,0.005,0.005,0.005,0.0,0.0,0.0,0.245,0.303030303,0.39010989,0.693140193,0.286764706,20.5,7.0,339,368,86,0.25,0.8372093023255814,0.16279069767441862,0.0,0.016304347826086956,0.10869565217391304,0.09782608695652174,0.0625,0.002717391304347826,0.1793478260869565,0.005434782608695652,0.008152173913043478,0.002717391304347826,0.005434782608695652,0.0,0.005434782608695652,0.271,0.319,0.366,0.685,0.319,17.9,6.3,,,,,,,,,
