Unnamed: 0,#,Name,Team,G,AB,PA,HIP,H,1B,2B,3B,HR,R,RBI,BB,IBB,SO,HBP,SF,SH,SB,CS,NSB,AVG,OBP,SLG,OPS,BABIP,K%,BB%,real_AB,real_PA,real_HIP,real_H,real_1B,real_2B,real_3B,real_HR,real_R,real_RBI,real_BB,real_IBB,real_SO,real_HBP,real_SF,real_SH,real_SB,real_CS,real_NSB,real_AVG,real_OBP,real_SLG,real_OPS,real_BABIP,real_K%,real_BB%
0,1,Aaron Judge,NYY,146,552.5508607198748,679.0,105.19718309859155,0.23317683881064163,0.7373737373737373,0.24242424242424243,0.0101010101010101,0.0782472613458529,0.16744913932253314,0.189358372456964,0.16744913932253314,0.018779342723004695,0.25508607198748046,0.009389671361502348,0.00782472613458529,0.0,0.009389671361502348,0.003129890453834116,0.006259780907668232,0.286,0.4106583072100313,0.6230769230769231,1.0337352302869545,0.3173076923076923,25.508607198748045,16.74491392801252,541,679,126,0.26362297496318116,0.746031746031746,0.23809523809523808,0.015873015873015872,0.0780559646539028,0.20176730486008837,0.16789396170839468,0.18262150220913106,0.053019145802650956,0.23564064801178203,0.010309278350515464,0.010309278350515464,0.0,0.017673048600883652,0.007363770250368188,0.010309278350515464,0.331,0.457,0.688,1.144,0.376,23.6,18.3
1,2,Gunnar Henderson,BAL,152,573.5466867469879,651.0,121.5722891592771,0.23644578313253012,0.7096774193393658,0.24999999999454933,0.04838709677313858,0.0496987951766513,0.15060240963855423,0.13855421686635946,0.10391566265060241,0.0015060240963855422,0.23343373493975902,0.009036144578313253,0.006024096385542169,0.0,0.022590361445783136,0.006024096385542169,0.016566265060240965,0.268,0.3493975903614458,0.5128205128205128,0.8622181031819586,0.3092269326683292,23.343373493975903,10.39156626506024,577,651,141,0.24270353302611367,0.723404255319149,0.24113475177304963,0.03546099290780142,0.026113671274961597,0.130568356374808,0.10445468509984639,0.09523809523809523,0.009216589861751152,0.21044546850998463,0.010752688172043012,0.007680491551459293,0.0,0.04608294930875576,0.007680491551459293,0.03840245775729647,0.274,0.349,0.438,0.787,0.329,21.0,9.5
2,3,Bobby Witt Jr.,KCR,153,625.2008995502248,686.9999999999999,151.407796101949,0.2623688155922039,0.7074829931972789,0.23809523809523808,0.054421768707483,0.041979010494752625,0.15742128935532235,0.13643178410794604,0.0704647676161919,0.0059970014992503755,0.1679160419790105,0.008995502248875563,0.008995502248875563,0.0014992503748125939,0.056971514242878565,0.01649175412293853,0.040479760119940034,0.289,0.3423423423423423,0.5107084019769358,0.8530507443192781,0.3107822410147992,16.79160419790105,7.046476762,623,687,161,0.2678311499272198,0.6708074534161491,0.2919254658385093,0.037267080745341616,0.033478893740902474,0.14410480349344978,0.12809315866084425,0.07132459970887918,0.011644832605531296,0.1819505094614265,0.011644832605531296,0.010189228529839884,0.0,0.055312954876273655,0.013100436681222707,0.042212518195050945,0.295,0.351,0.501,0.852,0.334,18.2,7.1
3,4,Juan Soto,NYM,153,570.727003,715.0,117.75222551928782,0.2121661721068249,0.7387387387387387,0.24324324324324326,0.018018018018018018,0.047477744807121657,0.1513353115727003,0.13353115727002965,0.1884272997032641,0.010385756676557863,0.17062314540059345,0.005934718100890207,0.005934718100890207,0.0014836795252225518,0.010385756676557863,0.004451038575667656,0.005934718100890207,0.266,0.4071322436849925,0.5018587360594795,0.908990979744472,0.2810126582278481,17.062314540059347,18.84272997032641,577,715,109,0.2125874125874126,0.8073394495412844,0.1834862385321101,0.009174311926605505,0.06013986013986014,0.16783216783216784,0.14685314685314685,0.17762237762237762,0.01818181818181818,0.1916083916083916,0.004195804195804196,0.008391608391608392,0.0013986013986013986,0.05314685314685315,0.005594405594405594,0.04755244755244755,0.263,0.396,0.525,0.921,0.27,19.2,17.8
4,5,Shohei Ohtani,LAD,145,625.2426127527217,727.0,133.41524105754277,0.24883359253499224,0.711864406779661,0.23728813559322035,0.05084745762711865,0.06531881804043546,0.18195956454121306,0.16951788491446346,0.12286158631415242,0.01866251944012442,0.2223950233281493,0.007776049766718507,0.006220839813374806,0.0015552099533437014,0.04821150855570839,0.01866251944012442,0.02954898911353033,0.289,0.3806552262090483,0.5895117540687161,0.9701669802777644,0.3172043010752688,22.23950233281493,12.28615863141524,611,727,117,0.23658872077028886,0.7094017094017094,0.21367521367521367,0.07692307692307693,0.07565337001375516,0.20082530949105915,0.14030261348005502,0.1499312242090784,0.027510316368638238,0.25722145804676755,0.0041265474552957355,0.002751031636863824,0.0,0.027510316368638238,0.008253094910591471,0.01925722145804677,0.282,0.392,0.622,1.014,0.315,25.7,15.0
5,6,Jose Ramirez,CLE,153,600.7110438729198,673.0,134.3963691376702,0.24659606656580937,0.7045454545454546,0.2651515151515151,0.0303030303030303,0.04689863842662632,0.14674735249621784,0.14372163388804837,0.0907715582450832,0.019667170953101363,0.11800302571860816,0.006051437216338881,0.00907715582450832,0.0015128593040847202,0.048411497730711045,0.013615733736998514,0.03479576399394856,0.276,0.3439393939393939,0.5067796610169492,0.850719055,0.271047227926078,11.800302571860817,9.077155825,593,673,138,0.24962852897473997,0.7318840579710145,0.2463768115942029,0.021739130434782608,0.04457652303120357,0.15304606240713226,0.1263001485884101,0.09806835066864784,0.03268945022288262,0.1099554234769688,0.01188707280832095,0.007429420505200594,0.0,0.06537890044576523,0.010401188707280832,0.0549777117384844,0.283,0.36,0.503,0.863,0.279,11.0,9.8
6,7,Mookie Betts,LAD,148,572.4984662576687,663.0,128.12576687116564,0.2361963190184049,0.7301587301644761,0.25396825396346573,0.02380952380952381,0.042944785276073615,0.14723926380368096,0.13650306748466257,0.11503067484662577,0.0015337423312883436,0.13496932515337423,0.010736196319018404,0.007668711656441719,0.0015337423312883436,0.021472392638036807,0.006134969325153374,0.015337423312883439,0.274,0.3630769230769231,0.4920071047957371,0.8550840278726601,0.2787610619469026,13.496932515337424,11.503067484662576,589,663,132,0.22926093514328807,0.8106060606060606,0.17424242424242425,0.015151515151515152,0.030165912518853696,0.14328808446455504,0.12368024132730016,0.09200603318250378,0.0030165912518853697,0.10256410256410256,0.004524886877828055,0.015082956259426848,0.0,0.012066365007541479,0.0030165912518853697,0.00904977375565611,0.258,0.326,0.406,0.732,0.258,10.3,9.2
7,9,Cal Raleigh,SEA,142,623.6538461538462,705.0,99.83391608391608,0.19405594405594406,0.7160493827160495,0.2716049382716049,0.01234567901234568,0.05244755244755244,0.11538461538461538,0.15034965034965034,0.09965034964539006,0.0034965034965034965,0.28321678321678323,0.008741258741258742,0.0069930069929078015,0.0,0.005244755244755244,0.0017482517482517483,0.0034965034965034965,0.22,0.3024475524475524,0.4446640316205533,0.7471115840681057,0.2547169811320754,28.321678321678323,9.965034965034963,596,705,87,0.20851063829787234,0.7241379310344828,0.27586206896551724,0.0,0.0851063829787234,0.15602836879432624,0.1773049645390071,0.1375886524822695,0.024113475177304965,0.26666666666666666,0.01276595744680851,0.00425531914893617,0.0,0.019858156028368795,0.005673758865248227,0.014184397163120567,0.247,0.359,0.589,0.948,0.248,26.700000000000003,13.8
8,10,Corey Seager,TEX,127,392.31329690346087,445.0,85.91985428051004,0.24954462659380694,0.7358490566037733,0.2547169811320754,0.009433962264150941,0.056466302367941715,0.1384335154826958,0.15846994535519127,0.09836065573770492,0.012750455373406194,0.17122040072859745,0.009107468123861567,0.007285974499089254,0.0,0.0018214936247723135,0.0018214936247723135,0.0,0.282,0.3583180987202925,0.5351239669421488,0.8934420656624413,0.2920110192837465,17.122040072859747,9.836065573770492,380,445,82,0.23146067415730337,0.7682926829268293,0.23170731707317074,0.0,0.04719101123595506,0.13707865168539327,0.11235955056179775,0.1303370786516854,0.02247191011235955,0.19550561797752808,0.011235955056179775,0.0044943820224719105,0.0,0.006741573033707865,0.0,0.006741573033707865,0.271,0.373,0.487,0.86,0.299,19.6,13.0
9,11,William Contreras,MIL,148,580.2180936995153,658.9999999999999,130.94830371567042,0.23263327948303716,0.7560975609756098,0.21951219512195122,0.016260162601626018,0.033925686591276254,0.1211631664036419,0.13408723747980617,0.1033925686646434,0.0032310177705977385,0.2164781906300485,0.008077544426494346,0.004846526655896608,0.0016155088852988697,0.008077544426494346,0.0032310177705977385,0.004846526655896608,0.263,0.3452188006482982,0.4348623853211009,0.7800811859693992,0.3129770992366412,21.64781906300485,10.339256865912764,566,659,130,0.22306525037936267,0.7846153846153846,0.2153846153846154,0.0,0.025796661608497723,0.13505311077389984,0.11532625189681335,0.1274658573596358,0.006069802731411229,0.18209408194233687,0.004552352048558422,0.009104704097116844,0.0,0.009104704097116844,0.006069802731411229,0.0030349013657056147,0.26,0.355,0.399,0.754,0.299,18.2,12.7
10,12,Kyle Tucker,CHC,148,513.9796875000001,597.0,112.8703125,0.2375,0.71900826446281,0.25619834710743805,0.02479338842975207,0.0484375,0.146875,0.153125,0.1234375,0.009375000000000001,0.1515625,0.004687500000000001,0.009375000000000001,0.0,0.034375,0.0078125,0.0265625,0.275,0.3661971830985915,0.5117967332123412,0.8779939163109327,0.282051282051282,15.156249999999998,12.34375,500,597,111,0.22278056951423786,0.7387387387387387,0.22522522522522523,0.036036036036036036,0.03685092127303183,0.152428810720268,0.12227805695142378,0.1457286432160804,0.011725293132328308,0.1474036850921273,0.006700167504187605,0.005025125628140704,0.0016750418760469012,0.04187604690117253,0.005025125628140704,0.03685092127303183,0.266,0.377,0.464,0.841,0.282,14.7,14.6
11,13,Adley Rutschman,BAL,146,319.7471451876019,364.99999999999994,71.45187601957585,0.2267536704730832,0.75,0.23333333333333334,0.016666666666666666,0.030995106035889074,0.11908646003262642,0.11908646003262642,0.10766721044045678,0.0048939641109298545,0.15823817292006526,0.008156606851549756,0.008156606851549756,0.0016313213703099511,0.0032626427406199023,0.0016313213703099511,0.0016313213703099511,0.258,0.3425774877650897,0.4245810055865922,0.767158493,0.2816901408450704,15.823817292006526,10.766721044045676,322,365,62,0.19452054794520549,0.7096774193548387,0.25806451612903225,0.03225806451612903,0.024657534246575342,0.10136986301369863,0.07945205479452055,0.1095890410958904,0.0,0.15616438356164383,0.0027397260273972603,0.005479452054794521,0.0,0.0,0.0,0.0,0.22,0.307,0.366,0.673,0.24,15.6,11.0
12,14,Julio Rodriguez,SEA,147,643.5413416536662,710.0,148.42433697347894,0.24960998439937598,0.7611940298507464,0.208955223880597,0.022388059701492536,0.0405616224648986,0.13884555382215288,0.1310452418028169,0.0717628705148206,0.0046801872074883,0.24336973478939158,0.014040561622464903,0.0046801872074883,0.0,0.046801872074883004,0.0109204368174727,0.0358814352574103,0.275,0.3364632237871675,0.4664371772805508,0.8029004010677183,0.3333333333333333,24.336973478939157,7.176287051,652,710,142,0.24507042253521127,0.7535211267605634,0.21830985915492956,0.028169014084507043,0.04507042253521127,0.14929577464788732,0.13380281690140844,0.061971830985915494,0.007042253521126761,0.2140845070422535,0.016901408450704224,0.0028169014084507044,0.0,0.04225352112676056,0.008450704225352112,0.03380281690140845,0.267,0.324,0.474,0.798,0.302,21.4,6.2
13,15,Vladimir Guerrero Jr.,TOR,154,597.4212893553223,680.0,145.7871064467766,0.2593703148425787,0.7622377622377623,0.2307692307692308,0.006993006993006993,0.044977511244377814,0.14092953523238383,0.14842578710644677,0.10194902548725639,0.010494752623688156,0.13793103448275862,0.010494752623688156,0.005997001499250375,0.0014992503748125934,0.008995502248875561,0.0029985007496251873,0.005997001499250375,0.296,0.3729323308270676,0.5085324232081911,0.8814647540352588,0.3055555555555556,13.79310344827586,10.194902548725636,589,680,149,0.2529411764705882,0.7718120805369127,0.22818791946308725,0.0,0.033823529411764704,0.1411764705882353,0.12352941176470589,0.11911764705882352,0.011764705882352941,0.13823529411764707,0.008823529411764706,0.0058823529411764705,0.0,0.008823529411764706,0.004411764705882353,0.004411764705882353,0.292,0.381,0.467,0.848,0.313,13.8,11.9
14,16,Francisco Lindor,NYM,153,646.9090909090909,732.0,133.0909090909091,0.22503725782414305,0.7377049180327867,0.2459016393442623,0.016393442622950817,0.04321907600596125,0.13710879284649777,0.12667660208643813,0.0864381520119225,0.0014903129657228016,0.19374068554396423,0.014903129657228016,0.007451564828614008,0.0014903129657228016,0.03427719821162444,0.00894187779433681,0.025335320417287626,0.254,0.3288288288288288,0.4586846543001686,0.7875134831289975,0.2779043280182232,19.374068554396423,8.643815201,644,732,141,0.23497267759562843,0.75177304964539,0.24822695035460993,0.0,0.04234972677595628,0.1598360655737705,0.11748633879781421,0.08879781420765027,0.00273224043715847,0.17896174863387979,0.02185792349726776,0.009562841530054645,0.0,0.04234972677595628,0.00819672131147541,0.03415300546448088,0.267,0.346,0.466,0.811,0.288,17.9,8.9
15,17,Ketel Marte,ARI,141,488.08469055374593,556.0,107.7589576547231,0.24104234527687293,0.7226890756302523,0.2521008403361345,0.02521008403361345,0.04723127035830619,0.14169381107491855,0.1547231270358306,0.10423452768729641,0.0065146579804560255,0.18241042345276873,0.009771986970684038,0.0065146579804560255,0.0016286644951140064,0.009771986970684038,0.0032573289902280127,0.0065146579804560255,0.275,0.3556280587275693,0.5027829313543599,0.8584109900819292,0.2960199004975124,18.24104234527687,10.423452768729645,480,556,108,0.2446043165467626,0.7407407407407407,0.25925925925925924,0.0,0.050359712230215826,0.1564748201438849,0.12949640287769784,0.11510791366906475,0.01079136690647482,0.14928057553956833,0.01618705035971223,0.00539568345323741,0.0,0.007194244604316547,0.0035971223021582736,0.0035971223021582736,0.283,0.376,0.517,0.893,0.29,14.9,11.5
16,18,Fernando Tatis Jr.,SDP,146,616.6518987341773,691.0,130.10917721734177,0.2389240506329114,0.739495798307097,0.25210084033196495,0.01680672268879766,0.05063291138929088,0.15348101265822783,0.14082278481012658,0.08860759493670886,0.0015822784810126582,0.2246835443037975,0.011075949367088608,0.006329113924050633,0.0015822784810126582,0.04113924050632912,0.00949367088607595,0.03164556962025317,0.268,0.3391442155309033,0.5,0.8391442155309033,0.3020304568527919,22.468354430379748,8.860759493670885,594,691,134,0.2301013024602026,0.7835820895522388,0.20149253731343283,0.014925373134328358,0.0361794500723589,0.16063675832127353,0.10274963820549927,0.1287988422575977,0.010130246020260492,0.18668596237337193,0.008683068017366137,0.002894356005788712,0.0,0.04630969609261939,0.010130246020260492,0.0361794500723589,0.268,0.368,0.446,0.814,0.303,18.7,12.9
17,19,Corbin Carroll,ARI,150,560.3981623277182,642.0,122.89433384379785,0.225114854517611,0.6880000000000001,0.24000000000000002,0.072,0.033690658499234305,0.1562021439509954,0.11332312404287903,0.1010719754977029,0.0015313935681470136,0.19908116385911176,0.013782542113323124,0.0061255742725880545,0.004594180704441041,0.06125574272588056,0.010719754976635515,0.05053598774885145,0.258,0.3420647149460709,0.4578947368421052,0.7999594517881761,0.2962085308056872,19.90811638591118,10.10719754977029,564,642,115,0.22741433021806853,0.5739130434782609,0.2782608695652174,0.14782608695652175,0.048286604361370715,0.16666666666666666,0.1308411214953271,0.1043613707165109,0.006230529595015576,0.2383177570093458,0.010903426791277258,0.006230529595015576,0.0,0.04984423676012461,0.009345794392523364,0.040498442367601244,0.259,0.343,0.541,0.883,0.299,23.8,10.4
18,20,Francisco Alvarez,NYM,123,247.2150537634409,277.0,44.081720430107524,0.19999999999999998,0.7702702702702703,0.22972972972972974,0.013513513513513514,0.040860215053763436,0.11182795698924732,0.1247311827797834,0.08602150537634409,0.002150537634408602,0.25591397849462366,0.012903225806451613,0.0064516129032258064,0.002150537634408602,0.002150537634408602,0.002150537634408602,0.0,0.224,0.2995689655172414,0.4096385542168674,0.7092075197341088,0.2642857142857143,25.591397849462368,8.602150538,246,277,52,0.22743682310469315,0.75,0.23076923076923078,0.019230769230769232,0.039711191335740074,0.11552346570397112,0.11552346570397112,0.09747292418772563,0.0,0.26353790613718414,0.01444043321299639,0.0,0.0,0.0,0.0,0.0,0.256,0.339,0.447,0.787,0.321,26.4,9.7
19,21,Ronald Acuna Jr.,ATL,116,355.74615384615385,412.0,85.56923076923076,0.2461538461538461,0.7685185185185187,0.22222222222222227,0.018518518518518517,0.03846153846153846,0.1673076923076923,0.11730769230769231,0.11153846153846153,0.0038461538461538455,0.17884615384615385,0.015384615384615384,0.0057692307692307696,0.0,0.07884615384615384,0.019230769230769232,0.05961538461538461,0.285,0.3745173745173745,0.4832962138084632,0.8578135883258378,0.3185840707964602,17.884615384615383,11.153846153846157,338,412,77,0.23786407766990292,0.8311688311688312,0.15584415584415584,0.012987012987012988,0.050970873786407765,0.1796116504854369,0.10194174757281553,0.17233009708737865,0.009708737864077669,0.24757281553398058,0.007281553398058253,0.0,0.0,0.021844660194174758,0.0024271844660194173,0.019417475728155338,0.29,0.417,0.518,0.935,0.358,24.8,17.2
20,22,Trea Turner,PHI,146,583.7405660377359,639.0,139.6556603773585,0.25471698113207547,0.762589928057554,0.2158273381294964,0.021582733812949645,0.036163522012578615,0.13679245283018868,0.12735849056603774,0.06132075471698113,0.0,0.1949685534591195,0.009433962264150945,0.006289308176100629,0.0015723270440251573,0.03773584905660378,0.007861635220125786,0.02987421383647799,0.278,0.3285714285714285,0.459552496,0.7881239242685025,0.317351598,19.49685534591195,6.132075471698113,589,639,164,0.28012519561815336,0.7682926829268293,0.18902439024390244,0.042682926829268296,0.023474178403755867,0.14710485133020346,0.107981220657277,0.06729264475743349,0.001564945226917058,0.1674491392801252,0.00782472613458529,0.003129890453834116,0.0,0.056338028169014086,0.010954616588419406,0.04538341158059468,0.304,0.355,0.457,0.812,0.35,16.7,6.7
21,23,Austin Riley,ATL,150,398.7873651771957,447.0,85.40523882896764,0.23728813559322035,0.7338709677419355,0.25,0.016129032258064516,0.046224961479198766,0.13559322033898305,0.14329738058551617,0.08320493066255778,0.0015408320493066256,0.2403697996918336,0.015408320493066254,0.007704160246533127,0.0,0.0015408320493066256,0.0015408320493066256,0.0,0.266,0.3364197530864197,0.4818652849740932,0.818285038,0.3115577889447236,24.03697996918336,8.320493066255779,416,447,92,0.24161073825503357,0.7717391304347826,0.21739130434782608,0.010869565217391304,0.035794183445190156,0.12080536912751678,0.12080536912751678,0.06040268456375839,0.0022371364653243847,0.28635346756152125,0.006711409395973154,0.0022371364653243847,0.0,0.0044742729306487695,0.0022371364653243847,0.0022371364653243847,0.26,0.309,0.428,0.737,0.337,28.6,6.0
22,24,Rafael Devers,BOS,145,642.0763116057233,728.9999999999999,135.60095389507154,0.23688394276629574,0.717948717948718,0.2649572649572649,0.017094017094017096,0.05087440381558029,0.13513513513031553,0.1573926868044515,0.10174880763116058,0.015898251192368842,0.21303656597774245,0.011128775834658187,0.006359300476947536,0.0,0.004769475357710652,0.0015898251192368843,0.0031796502384737685,0.27,0.3497615262321145,0.5054151624548736,0.855176689,0.298469387755102,21.303656597774246,10.174880763116056,607,729,118,0.20987654320987653,0.7203389830508474,0.2796610169491525,0.0,0.04801097393689986,0.13580246913580246,0.149519890260631,0.15363511659807957,0.013717421124828532,0.26337448559670784,0.00823045267489712,0.0054869684499314125,0.0,0.0013717421124828531,0.0013717421124828531,0.0,0.252,0.372,0.479,0.851,0.307,26.3,15.4
23,25,Bryce Harper,PHI,144,496.34615384615387,580.0,113.39743589743591,0.2387820512820513,0.7131147540983606,0.2704918032786885,0.00819672131147541,0.04326923076923077,0.14102564101724138,0.14423076923076925,0.12820512820512822,0.014423076923076922,0.21314102564102566,0.008012820512820514,0.00641025641025641,0.0016025641025641027,0.014423076923076922,0.008012820512820514,0.00641025641025641,0.279,0.3756019261637239,0.4943820224719101,0.869983949,0.3227513227513227,21.31410256410256,12.82051282051282,501,580,104,0.22586206896551725,0.6923076923076923,0.3076923076923077,0.0,0.04655172413793104,0.12413793103448276,0.12931034482758622,0.1206896551724138,0.010344827586206896,0.20862068965517241,0.010344827586206896,0.005172413793103448,0.0,0.020689655172413793,0.0034482758620689655,0.017241379310344827,0.261,0.357,0.487,0.844,0.292,20.9,12.1
24,26,Patrick Bailey,SFG,113,407.8511627906977,452.0,84.093023256093,0.20697674418604645,0.7624999999974698,0.22499999999925335,0.01249999999995852,0.020930232557522122,0.09767441860465115,0.09534883720930232,0.08139534882743363,0.002325581395348837,0.23720930232558143,0.0069767441860465115,0.009302325581395349,0.002325581395348837,0.004651162790697674,0.002325581395348837,0.002325581395348837,0.229,0.2953488372093023,0.3505154639175257,0.6458643011268281,0.2846975088967972,23.72093023255814,8.139534884,409,452,85,0.2013274336283186,0.7529411764705882,0.21176470588235294,0.03529411764705882,0.01327433628318584,0.10398230088495575,0.12168141592920353,0.06637168141592921,0.0,0.2942477876106195,0.00663716814159292,0.01327433628318584,0.008849557522123894,0.0022123893805309734,0.0,0.0022123893805309734,0.222,0.277,0.325,0.602,0.308,29.4,6.6000000000000005
25,27,Willy Adames,SFG,150,606.9283489096573,686.0,119.67601246105917,0.21651090342679127,0.7321428571428572,0.25892857142857145,0.008928571428571428,0.042056074766355145,0.12616822429906543,0.1292834890965732,0.09813084112244896,0.003115264797507788,0.24454828660436137,0.004672897196261682,0.00778816199376947,0.0,0.020249221183800622,0.004672897196261682,0.01557632398753894,0.244,0.3208137715179969,0.4419014084507042,0.7627151799687011,0.2879177377892031,24.45482866043614,9.813084112149532,591,686,103,0.19387755102040816,0.7669902912621359,0.21359223300970873,0.019417475728155338,0.043731778425655975,0.13702623906705538,0.12682215743440234,0.11661807580174927,0.0029154518950437317,0.260932944606414,0.007288629737609329,0.013119533527696793,0.0,0.01749271137026239,0.0058309037900874635,0.011661807580174927,0.225,0.318,0.421,0.74,0.263,26.1,11.7
26,28,Manny Machado,SDP,149,613.8359621451104,678.0,130.46687697160883,0.2381703470031546,0.778688524590164,0.21311475409836067,0.008196721311475409,0.04574132492113565,0.12933753943217666,0.14037854889589907,0.0804416403785489,0.006309148264984227,0.19242902208201892,0.0031545741324921135,0.007886435331230283,0.0015772870662460565,0.014195583596214511,0.0031545741324921135,0.011041009463722398,0.263,0.3227848101265823,0.4634146341463415,0.7861994442729238,0.2850467289719626,19.242902208201897,8.044164038,615,678,142,0.24926253687315633,0.7676056338028169,0.2323943661971831,0.0,0.03982300884955752,0.13421828908554573,0.140117994100295,0.08112094395280237,0.0058997050147492625,0.19321533923303835,0.004424778761061947,0.007374631268436578,0.0,0.02064896755162242,0.004424778761061947,0.016224188790560472,0.275,0.335,0.46,0.795,0.307,19.3,8.1
27,29,Will Smith,LAD,123,377.92445328031806,436.0,78.87872762934393,0.21868787275229357,0.7362637363090152,0.23076923078342265,0.02197802197937359,0.03777335984095427,0.1272365805168986,0.13320079522862824,0.09940357852882703,0.005964214711729622,0.18091451292246521,0.019880715705765408,0.011928429424311927,0.0,0.003976143141153082,0.0019880715705765406,0.0019880715705765406,0.252,0.3386454183266932,0.4380733944954128,0.7767188128221061,0.2740963855421687,18.09145129224652,9.940357852882704,362,436,90,0.24541284403669725,0.7666666666666667,0.2222222222222222,0.011111111111111112,0.0389908256880734,0.14678899082568808,0.13990825688073394,0.14678899082568808,0.0022935779816513763,0.20412844036697247,0.011467889908256881,0.011467889908256881,0.0,0.0045871559633027525,0.006880733944954129,-0.0022935779816513763,0.296,0.404,0.497,0.901,0.345,20.4,14.7
28,30,Isaac Paredes,HOU,141,379.010101,438.0,73.00000000000001,0.20875420875420878,0.7777777777777777,0.22222222222222215,0.010101010101010098,0.04208754208754208,0.12457912457912457,0.12457912457912457,0.10606060606060606,0.0016835016835016834,0.1616161616161616,0.0202020202020202,0.008417508417508417,0.0,0.0016835016835016834,0.0,0.0016835016835016834,0.242,0.335016835,0.4357976653696498,0.7708145003864848,0.2487437185929648,16.161616161616163,10.606060606060606,378,438,76,0.2191780821917808,0.7894736842105263,0.19736842105263158,0.013157894736842105,0.045662100456621,0.12100456621004566,0.12100456621004566,0.1141552511415525,0.0,0.1735159817351598,0.0182648401826484,0.0045662100456621,0.0,0.0,0.00228310502283105,-0.00228310502283105,0.254,0.352,0.458,0.809,0.268,17.4,11.4
29,31,Freddie Freeman,LAD,146,544.3186813186813,627.0,133.86499215070646,0.24646781789638936,0.7426470588235293,0.24264705882352938,0.014705882352941175,0.03296703296703297,0.13657770800637958,0.13029827315541603,0.10989010988835725,0.014128728414442699,0.1585557299843014,0.012558869701726845,0.007849293563579279,0.0015698587127158557,0.021978021978021976,0.0047095761381475655,0.017268445839874413,0.284,0.3694968553459119,0.4647377938517179,0.8342346491976298,0.3119266055045872,15.855572998430144,10.989010989010987,556,627,140,0.26156299840510366,0.7071428571428572,0.2785714285714286,0.014285714285714285,0.03827751196172249,0.1291866028708134,0.14354066985645933,0.09569377990430622,0.011164274322169059,0.20414673046251994,0.009569377990430622,0.007974481658692184,0.0,0.009569377990430622,0.003189792663476874,0.006379585326953748,0.295,0.367,0.502,0.869,0.342,20.4,9.6
30,32,Bo Bichette,TOR,140,584.1860465116279,628.0,147.08970099667772,0.260797342192691,0.773049645390071,0.2127659574468085,0.007092198581560284,0.026578073089700994,0.12292358803986711,0.11960132890365449,0.05647840531561462,0.0016611295681063121,0.1877076411960133,0.0066445182724252485,0.0066445182724252485,0.0016611295681063121,0.019933554817275746,0.0049833887043189366,0.014950166112956811,0.28,0.3239202657807309,0.4214285714285714,0.7453488372093023,0.3241379310344827,18.77076411960133,5.647840531561462,582,628,163,0.28821656050955413,0.7239263803680982,0.26993865030674846,0.006134969325153374,0.028662420382165606,0.12420382165605096,0.14968152866242038,0.06369426751592357,0.0031847133757961785,0.1449044585987261,0.004777070063694267,0.004777070063694267,0.0,0.006369426751592357,0.004777070063694267,0.0015923566878980893,0.311,0.357,0.483,0.84,0.342,14.499999999999998,6.4
31,33,Alex Bregman,BOS,145,434.78672985781986,495.0,94.62085308056871,0.22748815165876776,0.7438016528925621,0.23966942148760334,0.01652892561983471,0.036334913112164295,0.1232227488080808,0.12796208530805686,0.09952606635071089,0.001579778830963665,0.13112164296998421,0.011058451816745656,0.011058451816745656,0.001579778830963665,0.00315955766192733,0.001579778830963665,0.001579778830963665,0.259,0.3380726698262243,0.4424460431654676,0.780518713,0.2647702407002188,13.112164296998422,9.952606635,433,495,100,0.2383838383838384,0.72,0.28,0.0,0.03636363636363636,0.1292929292929293,0.12525252525252525,0.10303030303030303,0.006060606060606061,0.1414141414141414,0.01818181818181818,0.00404040404040404,0.0,0.00202020202020202,0.00202020202020202,0.0,0.273,0.36,0.462,0.821,0.288,14.099999999999998,10.3
32,34,Carlos Correa,MIN,120,512.6976744186046,584.0,118.83720930232559,0.24031007751937986,0.7619047619047618,0.22857142857142854,0.009523809523809521,0.036821705426356585,0.12596899224806202,0.12790697674418605,0.09883720930232558,0.003875968992248061,0.19186046511627908,0.007751937984496124,0.007751937984496124,0.0,0.0,0.0,0.0,0.273,0.349609375,0.4569536423841059,0.806563017,0.3097345132743362,19.186046511627907,9.883720930232558,537,584,135,0.2534246575342466,0.7851851851851852,0.21481481481481482,0.0,0.02226027397260274,0.10787671232876712,0.08904109589041095,0.07705479452054795,0.0,0.1934931506849315,0.0017123287671232876,0.0017123287671232876,0.0,0.0,0.0,0.0,0.276,0.332,0.402,0.734,0.328,19.3,7.7
33,35,Jackson Merrill,SDP,152,448.55467511885894,483.0,103.33597464342313,0.24881141045958793,0.7333333333333335,0.23703703703703707,0.029629629629629634,0.03486529318541997,0.12678288431061807,0.12361331220285261,0.0554675118858954,0.003169572107765452,0.17432646592709983,0.004754358161648178,0.00792393026941363,0.004754358161648178,0.02218700475435816,0.006339144215530904,0.01584786053882726,0.267,0.3100158982511923,0.4488054607508532,0.7588213590020456,0.2941176470588235,17.432646592709986,5.546751189,440,483,100,0.2401656314699793,0.69,0.25,0.06,0.033126293995859216,0.12215320910973085,0.13871635610766045,0.06832298136645963,0.002070393374741201,0.2236024844720497,0.008281573498964804,0.010351966873706004,0.002070393374741201,0.002070393374741201,0.004140786749482402,-0.002070393374741201,0.264,0.317,0.457,0.774,0.312,22.4,6.800000000000001
34,36,Austin Wells,NYY,122,397.2649572649573,448.0,74.66666666666667,0.19871794871794873,0.717948717948718,0.2692307692307693,0.012820512820512818,0.032051282051282055,0.10897435897435899,0.11111111111111112,0.09401709401709402,0.0021367521367521365,0.2307692307692308,0.010683760683760684,0.00641025641025641,0.0021367521367521365,0.008547008547008546,0.0021367521367521365,0.00641025641025641,0.225,0.30406852248394,0.3879518072289156,0.6920203297128558,0.2644067796610169,23.076923076923077,9.401709401709402,401,448,67,0.19642857142857142,0.6567164179104478,0.3283582089552239,0.014925373134328358,0.046875,0.11383928571428571,0.15848214285714285,0.06696428571428571,0.0,0.26339285714285715,0.011160714285714286,0.024553571428571428,0.0,0.011160714285714286,0.002232142857142857,0.008928571428571428,0.219,0.275,0.436,0.712,0.245,26.3,6.7
35,37,Marcus Semien,TEX,149,473.7621951219512,534.0,99.31097560975608,0.22103658536585363,0.7295081967213115,0.2377049180327869,0.024590163934426233,0.0350609756097561,0.1265243902434457,0.11585365853658536,0.08841463414634146,0.0,0.16158536585365854,0.0060975609756097554,0.0060975609756097554,0.0015243902439024389,0.018292682926829267,0.0060975609756097554,0.012195121951219511,0.249,0.3194444444444444,0.4261168384879725,0.745561283,0.2669584245076586,16.158536585365855,8.841463414634147,470,534,93,0.20224719101123595,0.8172043010752689,0.17204301075268819,0.010752688172043012,0.028089887640449437,0.11610486891385768,0.11610486891385768,0.09363295880149813,0.0,0.17415730337078653,0.009363295880149813,0.016853932584269662,0.0,0.020599250936329586,0.0018726591760299626,0.018726591760299626,0.23,0.305,0.364,0.669,0.251,17.4,9.4
36,38,Matt Chapman,SFG,148,470.69711538461536,535.0,91.73878205128204,0.20993589743589744,0.691588785046729,0.2710280373831776,0.028037383177570097,0.038461538461538464,0.12660256409345794,0.12179487179487179,0.10096153846153845,0.0016025641025641025,0.2548076923076923,0.011217948717948718,0.008012820512820514,0.0,0.01282051282051282,0.003205128205128205,0.009615384615384616,0.238,0.3221153846153846,0.4316939890710382,0.7538093736864229,0.2884097035040431,25.48076923076923,10.096153846153848,454,535,84,0.19626168224299065,0.7023809523809523,0.27380952380952384,0.023809523809523808,0.03925233644859813,0.14205607476635515,0.11401869158878504,0.13271028037383178,0.001869158878504673,0.23551401869158878,0.011214953271028037,0.007476635514018692,0.0,0.016822429906542057,0.007476635514018692,0.009345794392523364,0.231,0.34,0.43,0.77,0.27,23.6,13.3
37,39,Michael Harris II,ATL,141,591.3602693602694,641.0,141.36531986531986,0.2542087542087542,0.7480916030534351,0.22900763358778628,0.022900763358778626,0.033670033670033676,0.1414141414141414,0.12121212121684867,0.06060606060606061,0.0033670033670033673,0.20033670033670034,0.010101010101010102,0.005050505050505051,0.0016835016835016836,0.03535353535353535,0.010101010101010102,0.025252525252525256,0.276,0.3254637436762226,0.4507299270072992,0.7761936706835219,0.3179611650485437,20.033670033670035,6.0606060606060606,611,641,132,0.23712948517940718,0.7575757575757576,0.19696969696969696,0.045454545454545456,0.031201248049921998,0.08580343213728549,0.13416536661466458,0.0249609984399376,0.0015600624024961,0.1996879875195008,0.0046801872074883,0.0109204368174727,0.0062402496099844,0.031201248049921998,0.0093603744149766,0.0218408736349454,0.249,0.268,0.409,0.678,0.281,20.0,2.5
38,40,Jazz Chisholm Jr.,NYY,141,478.785,531.0,93.81,0.22166666666666665,0.7547169811320754,0.20754716981132074,0.03773584905660377,0.045,0.14666666666666667,0.12,0.08333333333333333,0.0033333333333333335,0.25666666666666665,0.008333333333333333,0.006666666666666667,0.0016666666666666668,0.056666666666666664,0.015,0.041666666666666664,0.245,0.3133333333333333,0.4510166358595194,0.7643499691928528,0.2912087912087912,25.666666666666664,8.333333333333332,462,531,81,0.21092278719397364,0.8024691358024691,0.18518518518518517,0.012345679012345678,0.0583804143126177,0.14124293785310735,0.15065913370998116,0.10922787193973635,0.0018832391713747645,0.2787193973634652,0.011299435028248588,0.007532956685499058,0.0018832391713747645,0.0583804143126177,0.015065913370998116,0.04331450094161959,0.242,0.332,0.481,0.813,0.282,27.9,10.9
39,41,Brent Rooker,ATH,142,618.8820598006645,699.0,112.62956810631228,0.2225913621262458,0.731958762886598,0.2577319587628866,0.010309278350515465,0.06146179401993355,0.14119601328903655,0.1528239202657807,0.08970099667774085,0.0033222591362126247,0.29900332225913623,0.01661129568106312,0.006644518272425249,0.0,0.011627906976744186,0.0033222591362126247,0.00830564784053156,0.252,0.3294509151414309,0.5103189493433395,0.8397698644847704,0.303125,29.900332225913623,8.970099667774086,626,699,134,0.23462088698140202,0.6791044776119403,0.29850746268656714,0.022388059701492536,0.04291845493562232,0.13161659513590845,0.12732474964234622,0.09298998569384835,0.005722460658082976,0.2217453505007153,0.00715307582260372,0.002861230329041488,0.0,0.008583690987124463,0.001430615164520744,0.00715307582260372,0.262,0.335,0.479,0.814,0.302,22.2,9.3
40,42,Elly De La Cruz,CIN,150,627.8055555555555,699.0,131.60185185185185,0.22530864197530864,0.7049180327868853,0.24590163934426232,0.04918032786885246,0.037037037037037035,0.15277777777777782,0.11265432098765432,0.08641975308641975,0.003086419753086419,0.3148148148148148,0.00771604938271605,0.004629629629629629,0.0015432098765432096,0.07253086419753088,0.018518518518518517,0.05401234567901235,0.251,0.3204334365325077,0.4467353951890034,0.7671688317215112,0.3417366946778711,31.48148148148148,8.641975308641975,629,699,144,0.2374821173104435,0.7361111111111112,0.2152777777777778,0.04861111111111111,0.031473533619456366,0.1459227467811159,0.12303290414878398,0.09585121602288985,0.01430615164520744,0.25894134477825465,0.002861230329041488,0.001430615164520744,0.0,0.05293276108726753,0.011444921316165951,0.04148783977110158,0.264,0.336,0.44,0.777,0.337,25.9,9.6
41,43,Brandon Lowe,TBR,115,489.8983402489626,553.0,92.93153526970953,0.21784232365145226,0.7160493827160495,0.2592592592592593,0.02469135802469136,0.04979253112033195,0.13070539419087138,0.14730290456431533,0.09543568464737795,0.002074688796680498,0.2551867219917012,0.012448132780082987,0.006224066390041493,0.0,0.010373443983402487,0.002074688796680498,0.008298755186721992,0.245,0.3257261410788382,0.4730679156908665,0.7987940567697047,0.2862190812720848,25.518672199170123,9.543568465,507,553,99,0.23508137432188064,0.8080808080808081,0.1919191919191919,0.0,0.05605786618444846,0.14285714285714285,0.15009041591320071,0.06871609403254973,0.0018083182640144665,0.2694394213381555,0.003616636528028933,0.0108499095840868,0.0,0.0054249547920434,0.003616636528028933,0.0018083182640144665,0.256,0.307,0.477,0.785,0.297,26.899999999999995,6.9
42,44,Mike Trout,LAA,107,477.9438444924406,556.0,88.86393088552913,0.22246220302375805,0.7162162162162165,0.2567567567567568,0.027027027027027035,0.06263498920086392,0.1490280777537797,0.15766738660907126,0.11879049676258993,0.0064794816414686825,0.2613390928725702,0.01511879049676026,0.0064794816414686825,0.0,0.012958963282937365,0.004319654427645789,0.008639308855291577,0.259,0.3563714902807775,0.535175879,0.8915473696777625,0.2948207171314741,26.13390928725702,11.879049676025918,456,556,80,0.1906474820143885,0.8125,0.175,0.0125,0.046762589928057555,0.13129496402877697,0.11510791366906475,0.1564748201438849,0.017985611510791366,0.32014388489208634,0.01079136690647482,0.01079136690647482,0.0,0.0035971223021582736,0.0,0.0035971223021582736,0.232,0.359,0.439,0.797,0.31,32.0,15.6
43,45,Xander Bogaerts,SDP,145,491.78181818181815,552.0,118.61157024793387,0.24132231404958676,0.7923076923076925,0.2076923076923077,0.007692307690496099,0.026446280991735537,0.12396694215579711,0.11239669421487604,0.07603305785123966,0.001652892561594203,0.18181818181818182,0.009917355371900827,0.008264462809782607,0.001652892561594203,0.023140495867768594,0.0049586776859504135,0.01818181818181818,0.271,0.3322147651006711,0.4155844155844156,0.7477991806850868,0.3110047846889952,18.181818181818183,7.6033057851239665,491,552,118,0.23369565217391305,0.7457627118644068,0.2542372881355932,0.0,0.019927536231884056,0.11413043478260869,0.09601449275362318,0.08695652173913043,0.005434782608695652,0.17028985507246377,0.007246376811594203,0.014492753623188406,0.0018115942028985507,0.036231884057971016,0.0036231884057971015,0.03260869565217391,0.263,0.328,0.391,0.72,0.299,17.0,8.7
44,46,Alejandro Kirk,TOR,108,448.41646489104113,505.99999999999994,102.91525423728814,0.225181598062954,0.7857142857142856,0.21428571428571425,0.0,0.021791767554479417,0.10895883777239711,0.10653753026634384,0.09443099272727273,0.002421307506053269,0.12590799031620556,0.012106537530266344,0.007263922518159807,0.0,0.0,0.0,0.0,0.255,0.3317191283292978,0.3770491803278688,0.7087683086571667,0.2727272727272727,12.59079903,9.443099273607748,451,506,112,0.2509881422924901,0.8392857142857143,0.16071428571428573,0.0,0.029644268774703556,0.08893280632411067,0.15019762845849802,0.09486166007905138,0.003952569169960474,0.116600790513834,0.001976284584980237,0.011857707509881422,0.0,0.001976284584980237,0.0,0.001976284584980237,0.282,0.348,0.421,0.769,0.292,11.7,9.5
45,47,Jose Altuve,HOU,142,589.1232,654.0,136.032,0.2416,0.7692307692307692,0.22307692307692306,0.007692307692307692,0.0336,0.1328,0.11679999999999999,0.08159999999999999,0.0016,0.1728,0.0096,0.0048000000000000004,0.0016,0.0256,0.008,0.0176,0.268,0.333868378812199,0.4351687388987567,0.7690371177109557,0.2974828375286041,17.28,8.16,588,654,130,0.23853211009174313,0.8076923076923077,0.18461538461538463,0.007692307692307693,0.039755351681957186,0.12232415902140673,0.11773700305810397,0.08409785932721713,0.00764525993883792,0.16666666666666666,0.0061162079510703364,0.009174311926605505,0.0015290519877675841,0.01529051987767584,0.009174311926605505,0.0061162079510703364,0.265,0.329,0.442,0.771,0.283,16.7,8.4
46,48,Riley Greene,DET,142,578.6371100164204,655.0,129.064039408867,0.23152709359605908,0.7416666666666667,0.21666666666666667,0.041666666666666664,0.03448275862068965,0.12972085386259544,0.11986863711001641,0.1018062397372742,0.003284072249589491,0.25944170771756975,0.008210180623973728,0.006568144499178982,0.0,0.009852216748768471,0.003284072249589491,0.006568144499178982,0.263,0.3415435139573071,0.4460966542750929,0.787640168,0.3305785123966942,25.94417077175698,10.180623973727425,600,655,119,0.2366412213740458,0.7310924369747899,0.2605042016806723,0.008403361344537815,0.0549618320610687,0.1282442748091603,0.16946564885496182,0.07022900763358779,0.0015267175572519084,0.3068702290076336,0.0061068702290076335,0.007633587786259542,0.0,0.0030534351145038168,0.0015267175572519084,0.0015267175572519084,0.258,0.313,0.493,0.806,0.323,30.7,7.000000000000001
47,49,Jarren Duran,BOS,148,632.4334365325077,696.0,149.75851393188853,0.2414860681114551,0.697841726618705,0.2517985611510791,0.05035971223021583,0.026315789473684213,0.14241486068111453,0.10526315789473685,0.07585139318885449,0.0015479876160990713,0.23065015479876158,0.010835913312693499,0.0046439628482972135,0.0015479876160990713,0.04953560371517028,0.010835913312693499,0.03869969040247678,0.266,0.3281733746130031,0.4361158432708688,0.7642892178838719,0.3278301886792453,23.06501547987616,7.5851393188854495,620,696,143,0.22844827586206898,0.6223776223776224,0.2867132867132867,0.09090909090909091,0.022988505747126436,0.1235632183908046,0.1206896551724138,0.08620689655172414,0.0014367816091954023,0.24281609195402298,0.017241379310344827,0.004310344827586207,0.0014367816091954023,0.034482758620689655,0.008620689655172414,0.02586206896551724,0.256,0.332,0.442,0.774,0.326,24.3,8.6
48,50,Sean Murphy,ATL,110,293.8953488372093,337.0,55.644186046511635,0.20232558139534887,0.7464788732394366,0.23943661971830985,0.01408450704225352,0.037209302325581395,0.12093023255813953,0.12325581395348839,0.09534883720930233,0.002325581395348837,0.23953488372093024,0.020930232558139535,0.0069767441860465115,0.0,0.0,0.0,0.0,0.232,0.3200934579439252,0.4106666666666667,0.7307601246105919,0.2741312741312741,23.953488372093023,9.534883720930234,291,337,42,0.17210682492581603,0.6904761904761905,0.30952380952380953,0.0,0.04747774480712166,0.10089020771513353,0.13353115727002968,0.10385756676557864,0.002967359050445104,0.3115727002967359,0.02373887240356083,0.008902077151335312,0.0,0.0,0.0,0.0,0.199,0.3,0.409,0.709,0.243,31.2,10.4
49,51,Yainer Diaz,HOU,134,532.5414364640884,567.0000000000001,127.39226519337018,0.25782688766114176,0.7786885245901639,0.21311475409836061,0.00819672131147541,0.03314917127071823,0.11602209944751381,0.12523020257826886,0.04419889502762431,0.0018416206261510127,0.1786372007366482,0.007366482504604051,0.007366482504604051,0.0018416206261510127,0.0018416206261510127,0.0,0.0018416206261510127,0.274,0.3099630996309963,0.4352941176470588,0.7452572172780552,0.3057644110275689,17.863720073664823,4.419889503,542,567,119,0.24514991181657847,0.7815126050420168,0.21008403361344538,0.008403361344537815,0.03527336860670194,0.09876543209876543,0.12345679012345678,0.03527336860670194,0.003527336860670194,0.1675485008818342,0.003527336860670194,0.005291005291005291,0.0,0.001763668430335097,0.001763668430335097,0.0,0.256,0.284,0.417,0.701,0.277,16.8,3.5000000000000004
50,52,Jordan Westburg,BAL,136,321.79334500875655,352.0,69.66024517908932,0.2329246935201401,0.7079646018071155,0.25663716815927157,0.02654867256820051,0.035026269715909095,0.12434325744308232,0.12259194394886364,0.0647985989492119,0.0017513134851138354,0.2329246935201401,0.012259194395796848,0.007005253940455341,0.0017513134851138354,0.01576182136647727,0.0035026269702276703,0.012259194395796848,0.255,0.3105263157894737,0.4348659003831417,0.7453922161726154,0.3029490616621983,23.29246935201401,6.479859895,328,352,70,0.2471590909090909,0.8428571428571429,0.14285714285714285,0.014285714285714285,0.048295454545454544,0.16761363636363635,0.11647727272727272,0.048295454545454544,0.0,0.22727272727272727,0.017045454545454544,0.002840909090909091,0.0,0.002840909090909091,0.005681818181818182,-0.002840909090909091,0.265,0.313,0.457,0.77,0.302,22.7,4.8
51,53,Ozzie Albies,ATL,145,607.1410256410256,667.0,136.82051282051282,0.2387820512820513,0.7187500000000001,0.2421875,0.03125,0.03365384615384615,0.12980769230769232,0.12339743589743589,0.0689102564102564,0.0016025641025641025,0.16025641025641024,0.009615384615384616,0.009615384615384616,0.0016025641025641025,0.019230769230769232,0.004807692307692308,0.014423076923076924,0.262,0.3178170144462279,0.4401408450704225,0.7579578595166505,0.282560706,16.025641025641026,6.891025641025641,603,667,129,0.21739130434782608,0.8062015503875969,0.17829457364341086,0.015503875968992248,0.0239880059970015,0.11094452773613193,0.11094452773613193,0.08245877061469266,0.0029985007496251873,0.1409295352323838,0.005997001499250375,0.0074962518740629685,0.0,0.020989505247376312,0.004497751124437781,0.01649175412293853,0.24,0.306,0.365,0.671,0.259,14.099999999999998,8.2
52,54,Jeremy Pena,HOU,152,501.0331230283912,543.0,119.04889589905363,0.24290220820189276,0.7841726618705035,0.19424460431654678,0.014388489208633093,0.02365930599369085,0.12302839116022098,0.10252365930599369,0.04889589905362776,0.0015772870662460567,0.18769716088328073,0.015772870662983426,0.007886435331230285,0.0031545741324921135,0.02996845425867508,0.007886435331230285,0.022082018927444796,0.264,0.3090332805071315,0.3914529914529914,0.700486272,0.3048245614035088,18.76971608832807,4.889589905362776,493,543,133,0.27624309392265195,0.7593984962406015,0.22556390977443608,0.015037593984962405,0.03130755064456722,0.1252302025782689,0.1141804788213628,0.06445672191528545,0.003683241252302026,0.1712707182320442,0.022099447513812154,0.003683241252302026,0.001841620626151013,0.03683241252302026,0.003683241252302026,0.03314917127071823,0.304,0.363,0.477,0.84,0.345,17.1,6.4
53,55,Bo Naylor,CLE,109,369.97974683544305,414.0,63.934177215189884,0.18734177215189876,0.7377049180327866,0.24590163934426226,0.016393442622950817,0.03291139240506329,0.1088607594936709,0.11139240506329115,0.09113924050632911,0.002531645569620253,0.2810126582278481,0.007594936708860759,0.005063291139240506,0.002531645569620253,0.015189873417721518,0.005063291139240506,0.010126582278481013,0.211,0.2868020304568528,0.3682719546742209,0.6550739851310738,0.264069264069264,28.10126582278481,9.113924050632912,359,414,56,0.16908212560386474,0.5892857142857143,0.39285714285714285,0.017857142857142856,0.033816425120772944,0.1111111111111111,0.11352657004830918,0.10869565217391304,0.0,0.2391304347826087,0.0024154589371980675,0.014492753623188406,0.007246376811594203,0.0024154589371980675,0.004830917874396135,-0.0024154589371980675,0.195,0.282,0.379,0.661,0.222,23.9,10.9
54,56,Shea Langeliers,ATH,128,475.0756972111554,523.0,80.2211155378486,0.20916334661354583,0.7402597402597403,0.24675324675324672,0.025974025974025972,0.055776892430278883,0.12549800796812746,0.13745019920318727,0.07370517928286852,0.00199203187250996,0.2729083665338645,0.009960159362549799,0.00796812749003984,0.00199203187250996,0.00796812749003984,0.00199203187250996,0.00597609561752988,0.231,0.2928286852589641,0.4671052631578947,0.7599339484168589,0.2610169491525423,27.290836653386453,7.370517928286853,481,523,102,0.25430210325047803,0.6862745098039216,0.3137254901960784,0.0,0.05927342256214149,0.13957934990439771,0.13766730401529637,0.06883365200764818,0.0019120458891013384,0.19694072657743786,0.0019120458891013384,0.009560229445506692,0.0,0.01338432122370937,0.0019120458891013384,0.011472275334608031,0.277,0.325,0.536,0.861,0.29,19.7,6.9
55,57,Dansby Swanson,CHC,149,574.5987158908507,645.0,119.0609951845907,0.21508828250401285,0.7739130434782608,0.21739130434782605,0.008695652173913044,0.0304975922953451,0.11717495987158909,0.11717495987158909,0.08667736757624397,0.0016051364365971107,0.24879614767255215,0.006420545746388443,0.006420545746388443,0.0016051364365971107,0.024077046548956663,0.006420545746388443,0.017656500806201552,0.241,0.3111831442463533,0.3927927927927928,0.7039759370391461,0.2987012987012987,24.879614767255216,8.667736757624397,590,645,120,0.22325581395348837,0.775,0.2,0.025,0.037209302325581395,0.13023255813953488,0.11937984496124031,0.07286821705426356,0.0015503875968992248,0.26046511627906976,0.0031007751937984496,0.007751937984496124,0.0015503875968992248,0.031007751937984496,0.004651162790697674,0.02635658914728682,0.244,0.3,0.417,0.717,0.298,26.0,7.3
56,58,Danny Jansen,TBR,98,296.1239892183288,337.0,53.59299191374662,0.1994609164420485,0.711864406779661,0.25423728813559326,0.016949152542372885,0.04043126684636119,0.11320754716981131,0.12938005391691396,0.09703504043126684,0.0,0.1994609164420485,0.016172506738544475,0.008086253369272238,0.0,0.0026954177897574125,0.0,0.0026954177897574125,0.226,0.3126684636118598,0.4141104294478527,0.7267788930597125,0.2458333333333333,19.946091644204852,9.703504043126683,288,337,48,0.18397626112759644,0.7708333333333334,0.22916666666666666,0.0,0.04154302670623145,0.11275964391691394,0.10682492581602374,0.12462908011869436,0.0,0.2551928783382789,0.011869436201780416,0.005934718100890208,0.002967359050445104,0.0,0.0,0.0,0.215,0.321,0.399,0.721,0.253,25.5,12.5
57,59,Steven Kwan,CLE,147,613.9546875,693.0,161.33906249999998,0.24687499999999998,0.7986577181208053,0.17449664429530204,0.02684563758389262,0.0140625,0.12031249999999999,0.09375,0.09531250000000001,0.0015624999999999999,0.09218749999999999,0.0078125,0.0078125,0.0031249999999999997,0.024999999999999998,0.0078125,0.017187499999999998,0.278,0.3510971786833856,0.3862433862433862,0.7373405649267718,0.2956349206349206,9.21875,9.53125,625,693,159,0.2453102453102453,0.8113207547169812,0.18238993710691823,0.006289308176100629,0.015873015873015872,0.11688311688311688,0.08080808080808081,0.07936507936507936,0.002886002886002886,0.08658008658008658,0.004329004329004329,0.010101010101010102,0.004329004329004329,0.030303030303030304,0.007215007215007215,0.023088023088023088,0.272,0.33,0.374,0.705,0.283,8.7,7.9
58,60,Wyatt Langford,TEX,140,510.1922428330523,573.0,111.12141652613828,0.22765598650927488,0.7217391304347827,0.24347826086956523,0.034782608695652174,0.033726812816188875,0.13490725125654449,0.10961214165261383,0.09274873524451939,0.00505902192242833,0.20067453625632378,0.01011804384485666,0.0067453625632377745,0.0016863406408094436,0.030354131534569985,0.0067453625632377745,0.023608768971332208,0.256,0.3305227655986509,0.4375,0.7680227655986509,0.2926208651399491,20.06745362563238,9.274873524,489,573,96,0.20593368237347295,0.7291666666666666,0.2604166666666667,0.010416666666666666,0.038394415357766144,0.1273996509598604,0.1082024432809773,0.12914485165794065,0.005235602094240838,0.26352530541012215,0.008726003490401396,0.008726003490401396,0.0,0.038394415357766144,0.010471204188481676,0.027923211169284468,0.241,0.344,0.431,0.775,0.299,26.4,12.9
59,61,Pete Alonso,NYM,153,618.6267071320182,709.0,109.73899848254932,0.2094081942336874,0.7549019607935784,0.2352941176470588,0.009803921568627453,0.05462822458270106,0.13050075872534145,0.1471927162367223,0.09863429438543247,0.0060698027314112285,0.2321699544764795,0.021244309559939303,0.007587253414264035,0.0015174506828528076,0.0060698027314112285,0.0015174506828528076,0.004552352048558421,0.24,0.3292867981790592,0.4730434782608695,0.8023302764399287,0.2608695652173913,23.21699544764795,9.863429438543248,624,709,132,0.2397743300423131,0.6818181818181818,0.3106060606060606,0.007575757575757576,0.0535966149506347,0.1227080394922426,0.1777150916784203,0.08603667136812412,0.007052186177715092,0.22849083215796898,0.021156558533145273,0.012693935119887164,0.0,0.0014104372355430183,0.0028208744710860366,-0.0014104372355430183,0.272,0.347,0.524,0.871,0.305,22.8,8.6
60,62,Junior Caminero,TBR,131,603.9373881932022,653.0,133.16994633273703,0.24329159212880141,0.7982456140350879,0.19298245614035087,0.017543859649122806,0.03935599284436494,0.11806797853309482,0.1341681574272588,0.05903398926654741,0.0035778175313059034,0.19856887298747763,0.00894454382826476,0.007155635062787137,0.001788908765652952,0.00894454382826476,0.001788908765652952,0.007155635062787137,0.264,0.3112701252236136,0.4429400386847195,0.7542101639083332,0.2938144329896907,19.856887298747765,5.903398926654741,602,653,114,0.2434915773353752,0.7543859649122807,0.24561403508771928,0.0,0.06891271056661562,0.14241960183767227,0.16845329249617153,0.06278713629402756,0.0015313935681470138,0.19142419601837674,0.004594180704441042,0.010719754977029096,0.0,0.010719754977029096,0.0015313935681470138,0.009188361408882083,0.264,0.311,0.535,0.846,0.26,19.1,6.3
61,63,Matt Olson,ATL,155,626.0150375939849,723.9999999999999,120.84812030075187,0.21654135338345867,0.7297297297297297,0.25225225225225223,0.009009009009009009,0.049624060150375945,0.13383458646616544,0.1473684210526316,0.11729323308011051,0.009022556390977444,0.23609022556390977,0.009022556390977444,0.007518796992481204,0.0015037593984962407,0.0015037593984962407,0.0,0.0015037593984962407,0.25,0.3433734939759036,0.4730434782608695,0.8164169722367731,0.2846153846153846,23.609022556390975,11.729323308270676,624,724,141,0.23480662983425415,0.6950354609929078,0.2907801418439716,0.014184397163120567,0.04005524861878453,0.13535911602209943,0.13121546961325967,0.12569060773480664,0.0027624309392265192,0.2430939226519337,0.0055248618784530384,0.006906077348066298,0.0,0.0013812154696132596,0.0,0.0013812154696132596,0.272,0.366,0.484,0.85,0.333,24.3,12.6
62,64,CJ Abrams,WSN,139,577.3697478991596,635.0,123.79831932773106,0.2252100840336134,0.7413793103448276,0.23275862068965522,0.034482758620486026,0.030252100840336135,0.12941176470588234,0.10588235294117647,0.06050420168067227,0.003361344537815126,0.20168067226890757,0.018487394957983194,0.006722689075590551,0.005042016806722689,0.05546218487394958,0.015126050420168067,0.04033613445378152,0.248,0.3057432432432432,0.4140480591497227,0.7197913023929661,0.285012285012285,20.168067226890756,6.050420168067227,580,635,130,0.2346456692913386,0.6923076923076923,0.2692307692307692,0.038461538461538464,0.029921259842519685,0.14488188976377953,0.09448818897637795,0.05826771653543307,0.0015748031496062992,0.1968503937007874,0.02204724409448819,0.004724409448818898,0.0015748031496062992,0.048818897637795275,0.004724409448818898,0.04409448818897638,0.257,0.315,0.433,0.748,0.296,19.7,5.8
63,65,Randy Arozarena,SEA,146,614.0854838709678,709.0,122.35967741935482,0.20483870967741935,0.7570093457943927,0.22429906542056077,0.01869158878504673,0.03225806451612903,0.1306451612903226,0.10483870967741934,0.1032258064516129,0.0016129032258064516,0.2532258064516129,0.024193548387096774,0.0064516129032258064,0.0016129032258064516,0.04516129032258064,0.012903225806451613,0.03225806451612903,0.237,0.332258064516129,0.4003724394785847,0.7326305039947139,0.2939560439560439,25.322580645161292,10.32258064516129,613,709,119,0.2059238363892807,0.7226890756302521,0.2689075630252101,0.008403361344537815,0.0380818053596615,0.13399153737658676,0.1071932299012694,0.09026798307475317,0.0028208744710860366,0.2693935119887165,0.0380818053596615,0.007052186177715092,0.0,0.04372355430183357,0.00846262341325811,0.03526093088857546,0.238,0.334,0.426,0.76,0.298,26.899999999999995,9.0
64,66,Anthony Santander,TOR,148,197.33385826771652,221.0,36.19527558779527,0.2188976377828054,0.7211538462087548,0.2596153846351517,0.00961538461611673,0.05511811023622047,0.12913385826771653,0.15433070866141732,0.08503937007874014,0.0031496062992125984,0.20472440944881887,0.012598425196850394,0.007874015748031496,0.0,0.0031496062992125984,0.0015748031496062992,0.0015748031496062992,0.245,0.3170347003154574,0.4797178130511463,0.7967525133666038,0.2555282555282555,20.47244094488189,8.503937007874015,194,221,28,0.15384615384615385,0.8214285714285714,0.17857142857142858,0.0,0.027149321266968326,0.07239819004524888,0.08144796380090498,0.11312217194570136,0.004524886877828055,0.27601809954751133,0.004524886877828055,0.004524886877828055,0.0,0.0,0.0,0.0,0.175,0.271,0.294,0.565,0.219,27.6,11.3
65,67,Jackson Chourio,MIL,148,542.2539682539683,589.0,125.27936507936508,0.24603174603174602,0.7388059701492538,0.23134328358208958,0.02985074626865672,0.03333333333333333,0.12698412697792869,0.13174603174872665,0.06507936507936507,0.004761904761904762,0.2126984126984127,0.007936507936507938,0.00634920634920635,0.001587301587301587,0.03809523809523809,0.009523809523809523,0.028571428571428574,0.268,0.319047619,0.443103448275862,0.762151067,0.3123543123543124,21.26984126984127,6.507936507936509,549,589,127,0.25127334465195245,0.6929133858267716,0.2755905511811024,0.031496062992125984,0.035653650254668934,0.1494057724957555,0.13242784380305603,0.050933786078098474,0.001697792869269949,0.20543293718166383,0.0050933786078098476,0.010186757215619695,0.001697792869269949,0.035653650254668934,0.011884550084889643,0.023769100169779286,0.27,0.308,0.463,0.77,0.308,20.5,5.1
66,68,Gleyber Torres,DET,146,558.7795527156549,628.0,124.39616613418528,0.2252396166134185,0.774193548387097,0.20967741935483875,0.00806451612903226,0.027156549520766772,0.1134185303514377,0.11022364217252395,0.0926517571884984,0.001597444089456869,0.18370607028753994,0.006389776357827476,0.009584664536741214,0.001597444089456869,0.01597444089456869,0.004792332268370607,0.01118210862619808,0.253,0.3248,0.393177737881508,0.717977738,0.2877030162412993,18.37060702875399,9.265175719,532,628,120,0.21656050955414013,0.8166666666666667,0.18333333333333332,0.0,0.025477707006369428,0.12579617834394904,0.1178343949044586,0.13535031847133758,0.0,0.160828025477707,0.006369426751592357,0.011146496815286623,0.0,0.006369426751592357,0.0015923566878980893,0.004777070063694267,0.256,0.358,0.387,0.745,0.284,16.1,13.5
67,69,Royce Lewis,MIN,122,364.9212598425197,403.0,74.5708661417323,0.2303149606299213,0.7446808510638296,0.2553191489361702,0.010638297872340424,0.045275590551181105,0.1279527559055118,0.13582677165354332,0.07874015748031496,0.003937007874015748,0.22440944881889768,0.007874015748031496,0.007874015748031496,0.001968503937007874,0.015748031496062992,0.003937007874015748,0.011811023622828785,0.255,0.3169291338582677,0.4630434782608695,0.7799726121191373,0.2874617737003058,22.440944881889763,7.874015748031496,376,403,76,0.22084367245657568,0.7631578947368421,0.23684210526315788,0.0,0.03225806451612903,0.08933002481389578,0.12903225806451613,0.062034739454094295,0.0,0.19851116625310175,0.0,0.004962779156327543,0.0,0.02977667493796526,0.004962779156327543,0.02481389578163772,0.237,0.283,0.388,0.671,0.267,19.9,6.2
68,70,Ian Happ,CHC,150,574.7368421052632,663.0,114.94736842105263,0.20588235294117646,0.7232142857142858,0.2589285714285715,0.01785714285714286,0.032507739938080496,0.1238390092879257,0.11919504643962849,0.11764705882352941,0.0015479876160990713,0.2476780185758514,0.009287925696594429,0.006191950464396285,0.0,0.017027863777089786,0.004643962848297214,0.01238390092879257,0.238,0.3328173374613003,0.4089285714285714,0.7417459088898717,0.2924281984334204,24.76780185758514,11.76470588235294,569,663,115,0.2081447963800905,0.7217391304347827,0.2782608695652174,0.0,0.03469079939668175,0.13122171945701358,0.1191553544494721,0.13122171945701358,0.0030165912518853697,0.2277526395173454,0.0030165912518853697,0.007541478129713424,0.0,0.00904977375565611,0.004524886877828055,0.004524886877828055,0.243,0.342,0.42,0.762,0.288,22.8,13.1
69,71,Max Muncy,LAD,125,326.18809980806145,388.0,50.64107485445298,0.18042226487113402,0.7205882353167862,0.2794117647146722,0.014705882352228845,0.04990403071017274,0.1305182341650672,0.1420345489443378,0.1381957773512476,0.005758157389635316,0.2591170825335893,0.011516314779270632,0.007677543186180423,0.0,0.0038387715930902114,0.0,0.0038387715930902114,0.216,0.3307692307692307,0.4429223744292237,0.7736916051984545,0.2419928825622775,25.911708253358924,13.81957773512476,313,388,57,0.1958762886597938,0.7894736842105263,0.17543859649122806,0.03508771929824561,0.04896907216494845,0.12371134020618557,0.17268041237113402,0.16494845360824742,0.005154639175257732,0.21391752577319587,0.015463917525773196,0.01288659793814433,0.0,0.010309278350515464,0.0,0.010309278350515464,0.243,0.376,0.47,0.846,0.264,21.4,16.5
70,72,J.P. Crawford,SEA,132,565.6216216216216,654.0,120.19459459459459,0.2036036036036036,0.7745098039215685,0.21568627450980393,0.00980392156862745,0.01981981981981982,0.1045045045045045,0.09549549549549549,0.1135135135135135,0.0,0.19999999999999998,0.010810810810397553,0.005405405405405405,0.0036036036036036037,0.005405405405405405,0.0018018018018018018,0.0036036036036036037,0.236,0.3297101449275362,0.3541666666666667,0.6838768115942029,0.2825484764542936,20.0,11.351351351351353,570,654,139,0.2308868501529052,0.8273381294964028,0.17266187050359713,0.0,0.01834862385321101,0.10550458715596331,0.08868501529051988,0.11314984709480122,0.0015290519877675841,0.18654434250764526,0.0045871559633027525,0.0015290519877675841,0.009174311926605505,0.012232415902140673,0.0015290519877675841,0.010703363914373088,0.265,0.352,0.37,0.722,0.318,18.7,11.3
71,73,Jung Hoo Lee,SFG,121,558.7475915,617.0,147.41425818882465,0.25626204238921,0.7096774193548387,0.25806451612903225,0.024193548387096777,0.017341040462427747,0.12138728323699421,0.10597302504816954,0.07707129094412332,0.0038535645472061657,0.09826589595375722,0.007707129094412331,0.007707129094412331,0.0019267822736030828,0.013487475915221578,0.0038535645472061657,0.009633911368015415,0.283,0.3416988416988417,0.4191489361702127,0.7608477778690544,0.2995169082125604,9.826589595375722,7.707129094412331,560,617,141,0.24149108589951376,0.6950354609929078,0.2198581560283688,0.0851063829787234,0.012965964343598054,0.11831442463533225,0.08914100486223663,0.07617504051863858,0.0,0.11507293354943274,0.009724473257698542,0.006482982171799027,0.0,0.01620745542949757,0.004862236628849271,0.011345218800648298,0.266,0.327,0.407,0.735,0.291,11.5,7.6
72,74,Kyle Schwarber,PHI,149,604.9863014,724.0,92.56621004,0.18569254185082873,0.7500000000458761,0.23809523810980188,0.011904761905490096,0.057838660580110494,0.14003044140030443,0.15220700152207,0.1491628614916286,0.0045662100456621,0.2861491628614916,0.0091324200913242,0.0045662100456621,0.0,0.0060882800608828,0.0030441400304414,0.0030441400304414,0.223,0.3445121951219512,0.4699453551912568,0.8144575503132081,0.2576687116564417,28.61491628614916,14.91628614916286,604,724,89,0.20027624309392264,0.7191011235955056,0.25842696629213485,0.02247191011235955,0.07734806629834254,0.15331491712707182,0.18232044198895028,0.14917127071823205,0.008287292817679558,0.27209944751381215,0.015193370165745856,0.0013812154696132596,0.0,0.013812154696132596,0.0027624309392265192,0.011049723756906077,0.24,0.365,0.563,0.928,0.253,27.200000000000003,14.9
73,75,Matt McLain,CIN,126,513.0073937153419,577.0,108.78743068391866,0.22550831792975967,0.7254901960991607,0.2450980392156863,0.029411764705882356,0.03696857670979667,0.133086876155268,0.12384473197781885,0.08872458410351201,0.0018484288354898336,0.27171903881700554,0.014787430683918669,0.005545286506469501,0.0018484288354898336,0.033271719038817,0.009242144176776431,0.024029574861367836,0.254,0.3296296296296296,0.4428274428274428,0.7724570724570725,0.3217665615141956,27.171903881700555,8.872458410351202,510,577,97,0.19410745233968804,0.8144329896907216,0.18556701030927836,0.0,0.025996533795493933,0.1265164644714038,0.08665511265164645,0.09532062391681109,0.0,0.28942807625649913,0.008665511265164644,0.006932409012131715,0.005199306759098787,0.03119584055459272,0.0034662045060658577,0.02772963604852686,0.22,0.3,0.343,0.643,0.292,28.9,9.5
74,76,Logan O'Hoppe,LAA,126,408.3501006036217,451.0,78.04024144869216,0.2152917505030181,0.755813953488372,0.2325581395348837,0.011627906976744184,0.04225352112676056,0.11670020119733925,0.1267605633802817,0.07444668008048289,0.0020120724346076456,0.2696177062374246,0.012072434607645875,0.006036217303822937,0.0020120724346076456,0.006036217303822937,0.0020120724346076456,0.004024144869215291,0.238,0.3024193548387097,0.4266666666666667,0.7290860215053764,0.2885906040268456,26.961770623742453,7.444668008,423,451,71,0.19955654101995565,0.8732394366197183,0.11267605633802817,0.014084507042253521,0.04212860310421286,0.07760532150776053,0.09534368070953436,0.05321507760532151,0.0,0.3082039911308204,0.004434589800443459,0.0022172949002217295,0.0022172949002217295,0.004434589800443459,0.0022172949002217295,0.0022172949002217295,0.213,0.258,0.371,0.629,0.267,30.8,5.3
75,77,Luis Robert Jr.,CHW,135,394.9581881533101,431.0,81.09407665505228,0.22996515679442509,0.7314814814814814,0.25,0.018518518518518514,0.041811846689895474,0.1358885017421603,0.12369337979094078,0.06097560975609756,0.0034843205574912888,0.29268292682926833,0.013937282229965159,0.005226480836236934,0.0,0.04703832752613241,0.008710801393728224,0.038327526132404185,0.25,0.3059440559440559,0.4467680608365019,0.7527121167805578,0.3204747774480712,29.268292682926827,6.097560975609756,382,431,71,0.19721577726218098,0.8309859154929577,0.16901408450704225,0.0,0.03248259860788863,0.12064965197215777,0.12296983758700696,0.09280742459396751,0.0069605568445475635,0.25986078886310904,0.004640371229698376,0.0069605568445475635,0.002320185614849188,0.0765661252900232,0.018561484918793503,0.058004640371229696,0.223,0.297,0.364,0.661,0.274,26.0,9.3
76,78,Taylor Ward,LAA,149,585.1830985915493,663.0000000000001,123.46948356807513,0.22378716744913926,0.7478991596638656,0.2352941176470588,0.01680672268907563,0.037558685446009384,0.12363067292644757,0.12050078247261345,0.09702660406885759,0.0,0.2300469483568075,0.012519561815336462,0.00782472613458529,0.0015649452269170582,0.010954616588419404,0.0031298904538341154,0.00782472613458529,0.253,0.3333333333333333,0.4379432624113475,0.7712765957446808,0.2989949748743719,23.004694835680752,9.70266040688576,579,663,96,0.19909502262443438,0.65625,0.3229166666666667,0.020833333333333332,0.05429864253393665,0.1297134238310709,0.15535444947209653,0.11312217194570136,0.0015082956259426848,0.26395173453996984,0.004524886877828055,0.00904977375565611,0.0,0.006033182503770739,0.0015082956259426848,0.004524886877828055,0.228,0.317,0.475,0.792,0.257,26.4,11.3
77,79,Zach Neto,LAA,122,497.26506024096386,554.0,101.23293172690764,0.21887550200803213,0.7362637362637362,0.24175824175824176,0.010989010989010988,0.03614457831325301,0.12851405622489961,0.11244979919678716,0.06626506024096386,0.0020080321285140565,0.23293172690763056,0.02610441767068273,0.006024096385542169,0.004016064257028113,0.03614457831325301,0.010040160642570281,0.02610441767068273,0.243,0.3125,0.4161073825503356,0.7286073825503356,0.2879746835443038,23.293172690763058,6.626506024096386,502,554,103,0.2328519855595668,0.7087378640776699,0.2815533980582524,0.009708737864077669,0.04693140794223827,0.148014440433213,0.11191335740072202,0.05956678700361011,0.010830324909747292,0.26895306859205775,0.02527075812274368,0.005415162454873646,0.0036101083032490976,0.04693140794223827,0.016245487364620937,0.030685920577617327,0.257,0.319,0.474,0.793,0.312,26.899999999999995,6.0
78,80,J.T. Realmuto,PHI,115,490.8991228070176,550.0,104.93421052631578,0.22587719298245615,0.7586206896551725,0.22988505747126442,0.02298850574712644,0.03508771929824562,0.1293859649090909,0.12280701754385966,0.07017543859649124,0.002192982456140351,0.2456140350877193,0.015350877192982457,0.006578947368421053,0.0,0.024122807017543862,0.006578947368421053,0.01754385964912281,0.254,0.3162583518930957,0.4324324324324324,0.7486907843255282,0.3085106382978723,24.561403508771928,7.017543859649122,502,550,117,0.23454545454545456,0.7692307692307693,0.2222222222222222,0.008547008547008548,0.02181818181818182,0.10363636363636364,0.09454545454545454,0.06363636363636363,0.0018181818181818182,0.23454545454545456,0.016363636363636365,0.005454545454545455,0.0,0.014545454545454545,0.0036363636363636364,0.01090909090909091,0.257,0.315,0.384,0.7,0.321,23.5,6.4
79,81,Brandon Nimmo,NYM,139,560.72,652.0,118.44666666666666,0.21166666666666667,0.7339449541284404,0.22018348623853212,0.03669724770642202,0.03,0.12666666666666668,0.105,0.11333333333333333,0.001666666666666667,0.22666666666666666,0.016666666666666666,0.005,0.0033333333333333335,0.008333333333333333,0.0033333333333333335,0.005,0.245,0.3433835845896147,0.4108527131782946,0.7542362977679093,0.2986301369863013,22.666666666666664,11.333333333333332,587,652,129,0.2361963190184049,0.7906976744186046,0.20930232558139536,0.0,0.03834355828220859,0.12423312883435583,0.1411042944785276,0.07668711656441718,0.0015337423312883436,0.21625766871165644,0.010736196319018405,0.010736196319018405,0.0015337423312883436,0.019938650306748466,0.0015337423312883436,0.018404907975460124,0.262,0.324,0.436,0.76,0.301,21.6,7.7
80,82,Bryan Reynolds,PIT,148,581.5569230769231,654.0,133.81846153846152,0.23846153846153845,0.7593984962406016,0.21052631578947376,0.030075187969924817,0.033846153846153845,0.12615384615384617,0.12923076923076923,0.08923076923076924,0.004615384615384616,0.22,0.013846153846153848,0.006153846153846154,0.0015384615384615385,0.013846153846153848,0.004615384615384616,0.009230769230769232,0.267,0.3420647149460709,0.444636678,0.7867013931467629,0.3189448441247002,22.0,8.923076923076923,587,654,128,0.22018348623853212,0.6796875,0.296875,0.0234375,0.024464831804281346,0.10397553516819572,0.11162079510703364,0.0871559633027523,0.0015290519877675841,0.26452599388379205,0.010703363914373088,0.0045871559633027525,0.0,0.0045871559633027525,0.0030581039755351682,0.0015290519877675841,0.245,0.318,0.402,0.72,0.319,26.5,8.7
81,83,Andres Gimenez,TOR,143,335.56711409395973,369.0,79.24832214765101,0.2332214765100671,0.7734375,0.1953125,0.023437499999999997,0.018456375838926176,0.12583892617449666,0.09060402684563759,0.05033557046979866,0.003355704697986577,0.174496644295302,0.026845637583892617,0.006711409395973154,0.006711409395973154,0.04865771812080537,0.01174496644295302,0.03691275167785235,0.257,0.3125,0.3726937269372694,0.6851937269372694,0.296983758700696,17.449664429530202,5.033557046979865,329,369,62,0.18699186991869918,0.8064516129032258,0.1774193548387097,0.016129032258064516,0.018970189701897018,0.10569105691056911,0.0948509485094851,0.06775067750677506,0.0,0.17886178861788618,0.02981029810298103,0.008130081300813009,0.0027100271002710027,0.032520325203252036,0.005420054200542005,0.02710027100271003,0.21,0.285,0.313,0.598,0.239,17.9,6.800000000000001
82,84,Ryan Jeffers,MIN,106,413.1970802919708,464.0,79.02676399026764,0.2116788321167883,0.7428571428571429,0.24285714285714285,0.014285714285714285,0.0413625304136253,0.1192214111922141,0.12408759124087591,0.08029197080291971,0.0,0.23357664233576642,0.0194647201946472,0.0072992700729927005,0.004866180048661801,0.004866180048661801,0.0024330900243309003,0.0024330900243309003,0.237,0.3121951219512195,0.4289617486338797,0.7411568705850993,0.2734375,23.35766423357664,8.02919708,406,464,99,0.23275862068965517,0.7373737373737373,0.26262626262626265,0.0,0.01939655172413793,0.10129310344827586,0.10129310344827586,0.10775862068965517,0.0021551724137931034,0.1961206896551724,0.015086206896551725,0.0021551724137931034,0.0,0.0021551724137931034,0.0021551724137931034,0.0,0.266,0.356,0.397,0.752,0.322,19.6,10.8
83,85,Masyn Winn,STL,143,492.4682926829268,537.0,114.38536585365853,0.23414634146341462,0.7480916030534353,0.2137404580152672,0.03053435114503817,0.02113821138211382,0.11707317073170731,0.10081300813008129,0.06504065040650407,0.0,0.18048780487895716,0.004878048780487805,0.0065040650406504065,0.004878048780487805,0.026016260162601623,0.0065040650406504065,0.019512195121951216,0.256,0.3060556464811784,0.3865248226950354,0.6925804691762139,0.295045045045045,18.048780487804876,6.504065040650407,491,537,115,0.2309124767225326,0.7652173913043478,0.23478260869565218,0.0,0.01675977653631285,0.1340782122905028,0.09497206703910614,0.0633147113594041,0.0,0.18994413407821228,0.0148975791433892,0.0037243947858473,0.0037243947858473,0.01675977653631285,0.00931098696461825,0.0074487895716946,0.253,0.31,0.363,0.673,0.301,19.0,6.3
85,87,Teoscar Hernandez,LAD,146,497.48626817447496,546.0,104.08400646203555,0.2358642972536349,0.7627118644067796,0.22881355932203387,0.01694915254237288,0.045234248788368334,0.1373182552504039,0.14054927302100162,0.07108239095315025,0.0016155088852988692,0.2875605815831987,0.011308562197092083,0.00646203554029304,0.0016155088852988692,0.01615508885298869,0.004846526655896606,0.011308562197092083,0.259,0.3182552504038772,0.4645390070921986,0.7827942574960758,0.3259668508287293,28.75605815831987,7.1082390953150245,511,546,101,0.23076923076923078,0.7029702970297029,0.2871287128712871,0.009900990099009901,0.045787545787545784,0.11904761904761904,0.163003663003663,0.047619047619047616,0.0,0.2454212454212454,0.005494505494505495,0.009157509157509158,0.0,0.009157509157509158,0.003663003663003663,0.005494505494505495,0.247,0.284,0.454,0.738,0.283,24.5,4.8
86,88,Ivan Herrera,STL,97,399.47027027027025,452.0,90.39999999999998,0.22162162162162158,0.7702702702702704,0.21621621621621626,0.013513513513513516,0.02162162162162162,0.11351351351351352,0.1,0.0945945945945946,0.0,0.21891891891891893,0.01081081081081081,0.005405405405405405,0.0027027027027027024,0.01081081081081081,0.0027027027027027024,0.008108108108108109,0.251,0.328804348,0.3792048929663608,0.7080092407924479,0.3083333333333333,21.891891891891895,9.459459459,388,452,91,0.24336283185840707,0.8571428571428571,0.14285714285714285,0.0,0.0420353982300885,0.11946902654867257,0.14601769911504425,0.09513274336283185,0.0022123893805309734,0.18584070796460178,0.033185840707964605,0.008849557522123894,0.0,0.017699115044247787,0.004424778761061947,0.01327433628318584,0.284,0.373,0.464,0.837,0.315,18.6,9.5
87,89,Yandy Diaz,TBR,141,577.8420195,651.0,144.19543973941364,0.24429967426710092,0.7867647058823531,0.19852941176470595,0.007352941176470592,0.02280130293159609,0.11726384364820848,0.11237785016286646,0.09609120521172639,0.0,0.1482084690553746,0.009771986970684038,0.004885993485342019,0.0016286644951140068,0.003257328990228013,0.0016286644951140068,0.0016286644951140068,0.275,0.3507340946166394,0.4036697247706422,0.7544038193872817,0.3069977426636568,14.82084690553746,9.609120521172638,583,651,150,0.26881720430107525,0.8,0.19333333333333333,0.006666666666666667,0.03840245775729647,0.12135176651305683,0.12749615975422426,0.08755760368663594,0.006144393241167435,0.141321044546851,0.009216589861751152,0.007680491551459293,0.0,0.004608294930875576,0.0015360983102918587,0.0030721966205837174,0.3,0.366,0.482,0.848,0.318,14.099999999999998,8.8
88,90,Alec Bohm,PHI,144,460.35294117647055,504.0,111.99999999999999,0.24836601307189538,0.7720588235294118,0.2205882352941177,0.007352941176470589,0.026143790849673196,0.11437908496732024,0.11928104575163398,0.06699346405228758,0.001633986928104575,0.15359477124183005,0.008169934640522875,0.00980392156862745,0.0,0.0065359477124183,0.001633986928104575,0.004901960784313725,0.272,0.3240589198036006,0.4150268336314848,0.7390857534350854,0.2989010989010989,15.359477124183009,6.699346405228758,464,504,122,0.2638888888888889,0.8278688524590164,0.14754098360655737,0.02459016393442623,0.021825396825396824,0.10515873015873016,0.11706349206349206,0.057539682539682536,0.0,0.1626984126984127,0.00992063492063492,0.011904761904761904,0.0,0.003968253968253968,0.0,0.003968253968253968,0.287,0.331,0.409,0.741,0.324,16.3,5.8
89,91,Xavier Edwards,MIA,134,553.4461805555555,619.0,150.45138888888889,0.25,0.7999999999999999,0.17857142857142858,0.02857142857142857,0.006944444444444444,0.11805555555555555,0.07291666666666666,0.08159722222222221,0.003472222222222222,0.1440972222222222,0.003472222222222222,0.006944444444444444,0.012152777777777776,0.05381944444444444,0.010416666666666666,0.043402777777777776,0.28,0.3397887323943662,0.3689320388349514,0.7087207712293176,0.324074074074074,14.40972222222222,8.159722222222223,561,619,156,0.2568659127625202,0.8397435897435898,0.1282051282051282,0.03205128205128205,0.004846526655896607,0.12116316639741519,0.06946688206785137,0.0791599353796446,0.0032310177705977385,0.1421647819063005,0.004846526655896607,0.004846526655896607,0.004846526655896607,0.04361873990306947,0.011308562197092083,0.03231017770597738,0.283,0.343,0.353,0.695,0.33,14.2,7.9
90,92,Nolan Arenado,STL,144,396.8169934640523,436.0,86.91503268215686,0.2303921568627451,0.7704918032407067,0.2213114754036783,0.008196721311247346,0.03104575162844037,0.10947712418300655,0.12091503267973858,0.07189542483660132,0.0032679738562091504,0.14869281045751637,0.008169934640522876,0.00980392156862745,0.0016339869281045752,0.006535947712418301,0.0016339869281045752,0.004901960784313725,0.254,0.3104575163398693,0.40754039497307,0.7179979113129393,0.2693156732891832,14.869281045751634,7.189542484,401,436,83,0.21788990825688073,0.7710843373493976,0.21686746987951808,0.012048192771084338,0.027522935779816515,0.11009174311926606,0.11926605504587157,0.06422018348623854,0.009174311926605505,0.11238532110091744,0.006880733944954129,0.009174311926605505,0.0,0.006880733944954129,0.0,0.006880733944954129,0.237,0.289,0.377,0.666,0.241,11.2,6.4
91,93,Anthony Volpe,NYY,146,541.2852459016393,596.0,112.36065573770492,0.21311475409836064,0.7304347826086957,0.23478260869565212,0.034782608695652174,0.02459016393442623,0.12131147540268455,0.09508196721311475,0.07049180327868852,0.0,0.22950819672131145,0.011475409836065573,0.008196721311475409,0.001639344262295082,0.040983606557377046,0.009836065573770491,0.03114754098360656,0.234,0.2955665024630542,0.3790613718411552,0.6746278743042095,0.2846534653465346,22.950819672131143,7.049180327868852,539,596,95,0.1912751677852349,0.6210526315789474,0.3368421052631579,0.042105263157894736,0.031879194630872486,0.10906040268456375,0.12080536912751678,0.07214765100671142,0.0,0.2516778523489933,0.006711409395973154,0.01174496644295302,0.0050335570469798654,0.030201342281879196,0.013422818791946308,0.016778523489932886,0.212,0.272,0.391,0.663,0.252,25.2,7.200000000000001
92,94,Willson Contreras,STL,132,479.4060822898032,563.0,96.68694096601075,0.21109123434704832,0.7499999999999999,0.2395833333333333,0.010416666666666668,0.03935599284436494,0.13237924865831843,0.1270125223613596,0.10554561717352415,0.0017889087656529521,0.2486583184257603,0.030411449016100184,0.0053667262969588556,0.0017889087656529521,0.010733452593917711,0.0035778175313059034,0.007155635062611807,0.249,0.3495495495495495,0.4390756302521008,0.7886251798016504,0.3018867924528302,24.86583184257603,10.554561717352415,490,563,106,0.22380106571936056,0.6981132075471698,0.29245283018867924,0.009433962264150943,0.035523978685612786,0.12433392539964476,0.14209591474245115,0.07815275310834814,0.0017761989342806395,0.2522202486678508,0.04085257548845471,0.007104795737122558,0.0017761989342806395,0.008880994671403197,0.0017761989342806395,0.007104795737122558,0.257,0.344,0.447,0.791,0.319,25.2,7.8
93,95,Tyler Stephenson,CIN,119,304.0810234541578,342.0,66.35820895522389,0.2281449893390192,0.7802197802197801,0.20879120879120877,0.010989010989010986,0.034115138592750525,0.11300639658848614,0.12579957356076757,0.08742004264392324,0.0021321961620469083,0.23880597014925373,0.014925373134328358,0.008528784648187633,0.0,0.0021321961620469083,0.0,0.0021321961620469083,0.256,0.3304904051172708,0.422062350119904,0.7525527552371749,0.310580205,23.88059701492537,8.742004264392325,299,342,56,0.20175438596491227,0.6785714285714286,0.32142857142857145,0.0,0.038011695906432746,0.11695906432748537,0.14619883040935672,0.10818713450292397,0.0029239766081871343,0.3391812865497076,0.005847953216374269,0.011695906432748537,0.0,0.0,0.0029239766081871343,-0.0029239766081871343,0.231,0.316,0.421,0.737,0.322,33.9,10.8
94,96,Evan Carter,TEX,115,194.31718061674007,220.0,40.70484581497797,0.21585903083700442,0.7142857142857143,0.23809523809523808,0.04761904761904762,0.030837004405286344,0.13436123348017623,0.1013215859030837,0.09691629954545454,0.004405286343612334,0.23788546255506607,0.011013215859030836,0.006607929515418502,0.002202643171806167,0.028634361233480173,0.008810572687224669,0.019823788546255505,0.245,0.3245033112582781,0.4189526184538653,0.7434559297121435,0.2978723404255319,23.788546255506606,9.691629955947135,194,220,43,0.21818181818181817,0.7441860465116279,0.20930232558139536,0.046511627906976744,0.022727272727272728,0.1409090909090909,0.11363636363636363,0.08636363636363636,0.004545454545454545,0.18636363636363637,0.031818181818181815,0.0,0.0,0.06363636363636363,0.00909090909090909,0.05454545454545454,0.247,0.336,0.392,0.728,0.291,18.6,8.6
95,97,Lawrence Butler,ATH,145,574.6621621621622,630.0,114.93243243243245,0.22128378378378383,0.7314814814814814,0.24999999999999997,0.018518518518518517,0.03885135135135135,0.125,0.11486486486486487,0.07601351351351353,0.0016891891891891893,0.2516891891891892,0.0033783783783783786,0.006756756756756757,0.0016891891891891893,0.025337837837837843,0.006756756756756757,0.018581081081081082,0.242,0.3011844331641286,0.4277777777777777,0.7289622109419063,0.2903225806451613,25.16891891891892,7.601351351351352,569,630,112,0.2111111111111111,0.7142857142857143,0.26785714285714285,0.017857142857142856,0.03333333333333333,0.13174603174603175,0.1,0.09365079365079365,0.0,0.2841269841269841,0.0,0.0,0.0031746031746031746,0.03492063492063492,0.011111111111111112,0.023809523809523808,0.234,0.306,0.404,0.71,0.304,28.4,9.4
96,98,Christian Walker,HOU,146,564.8874598070739,640.0,101.86495176848874,0.20739549839228294,0.7575757575757576,0.24242424242424243,0.010101010101010102,0.04823151125401929,0.1270096463022508,0.135048231511254,0.09646302250803858,0.003215434083601286,0.22186495176848875,0.012861736334405145,0.008038585209003215,0.001607717041800643,0.009646302250803858,0.001607717041800643,0.008038585209003215,0.235,0.3167202572347267,0.448087431693989,0.7648076889287158,0.2564766839378238,22.186495176848876,9.646302250803858,585,640,112,0.2171875,0.7767857142857143,0.21428571428571427,0.008928571428571428,0.0421875,0.1125,0.1375,0.0625,0.0015625,0.2765625,0.0171875,0.00625,0.0,0.003125,0.0015625,0.0015625,0.238,0.297,0.421,0.717,0.291,27.699999999999996,6.3
97,99,Salvador Perez,KCR,143,580.7350427350428,641.0000000000001,120.52991452991454,0.23076923076923075,0.7727272727272729,0.21818181820309174,0.009090909090909092,0.04273504273504273,0.1111111111111111,0.14871794871794872,0.05299145299145299,0.006837606837606837,0.21880341880341878,0.01709401709401709,0.010256410256410256,0.0,0.0017094017094017092,0.0,0.0017094017094017092,0.255,0.3050259965337955,0.4452830188679245,0.750309015,0.2872062663185378,21.88034188034188,5.299145299145299,597,641,111,0.21996879875195008,0.6846846846846847,0.3153153153153153,0.0,0.046801872074883,0.0842433697347894,0.15600624024961,0.0436817472698908,0.0078003120124804995,0.19500780031201248,0.0187207488299532,0.0015600624024961,0.0,0.0,0.0,0.0,0.236,0.284,0.446,0.729,0.251,19.5,4.4
98,100,Ezequiel Tovar,COL,149,365.0934579439252,390.0,82.61682242990653,0.24610591900311524,0.7205882352941176,0.25,0.022058823529411766,0.03426791277258567,0.11838006230529594,0.12149532710280372,0.045171339563862926,0.0,0.26791277258566976,0.0077881619937694695,0.0077881619937694695,0.004672897196261682,0.018691588785046728,0.004672897196261682,0.014018691588785045,0.263,0.3,0.4376039933444259,0.737603993,0.3300970873786408,26.791277258566975,4.517133956386292,360,390,82,0.23333333333333334,0.7317073170731707,0.21951219512195122,0.04878048780487805,0.023076923076923078,0.11282051282051282,0.08461538461538462,0.05384615384615385,0.0,0.2512820512820513,0.002564102564102564,0.005128205128205128,0.015384615384615385,0.01282051282051282,0.007692307692307693,0.005128205128205128,0.253,0.294,0.4,0.694,0.322,25.1,5.4
99,101,Byron Buxton,MIN,104,489.4272517321016,542.0,91.37644341801386,0.21939953810623558,0.6575342465753423,0.31506849315068486,0.027397260273972598,0.05080831408775981,0.13625866050808313,0.14087759815242493,0.07159353348729793,0.0023094688221709007,0.27713625866050806,0.018475750577367205,0.0069284064665127015,0.0,0.018475750577367205,0.004618937644341801,0.013856812933025403,0.243,0.3094688221709007,0.4808184143222506,0.7902872364931514,0.2896825396825397,27.713625866050805,7.159353348729793,488,542,94,0.23800738007380073,0.7021276595744681,0.22340425531914893,0.07446808510638298,0.06457564575645756,0.17896678966789667,0.15313653136531366,0.07564575645756458,0.00922509225092251,0.2730627306273063,0.012915129151291513,0.01107011070110701,0.0,0.04428044280442804,0.0,0.04428044280442804,0.264,0.327,0.551,0.878,0.302,27.3,7.6
100,102,Jacob Wilson,ATH,125,483.5885947046843,523.0,123.56008146639509,0.24847250509164964,0.7758620689655172,0.20689655172413793,0.01724137931034483,0.012219959266802442,0.10386965376782077,0.08757637474541752,0.05091649694501018,0.002036659877800407,0.11812627291242361,0.010183299389002037,0.006109979633401221,0.006109979633401221,0.008146639511201629,0.002036659877800407,0.006109979633401221,0.268,0.3121149897330595,0.3700440528634361,0.6821590425964956,0.2951653944020356,11.812627291242364,5.091649694501019,486,523,138,0.2887189292543021,0.8115942028985508,0.18840579710144928,0.0,0.0248565965583174,0.11854684512428298,0.12045889101338432,0.05162523900573614,0.0019120458891013384,0.0745697896749522,0.01338432122370937,0.0019120458891013384,0.0038240917782026767,0.009560229445506692,0.0038240917782026767,0.0057361376673040155,0.311,0.355,0.444,0.8,0.317,7.5,5.2
101,103,Gabriel Moreno,ARI,119,276.1130820399113,309.0,69.88470066518848,0.24168514412416853,0.7647058823529411,0.21568627450980393,0.0196078431372549,0.015521064301552106,0.11529933481152994,0.10643015521064303,0.08647450110864746,0.0022172949002217295,0.17073170731707318,0.011086474501108648,0.006651884700665188,0.0022172949002217295,0.011086474501108648,0.004434589800443459,0.006651884700665188,0.27,0.34,0.3870967741935484,0.7270967741935483,0.3167701863354037,17.073170731707318,8.647450110864744,277,309,70,0.255663430420712,0.8142857142857143,0.17142857142857143,0.014285714285714285,0.02912621359223301,0.1423948220064725,0.12944983818770225,0.09385113268608414,0.009708737864077669,0.1715210355987055,0.003236245954692557,0.006472491909385114,0.0,0.006472491909385114,0.006472491909385114,0.0,0.285,0.353,0.433,0.786,0.323,17.2,9.4
102,104,JJ Bleday,ATH,143,301.9363484087102,344.0,55.89279731993301,0.19932998324958126,0.6804123711340206,0.2886597938144329,0.020618556701030924,0.03685092127303182,0.11725293132328309,0.11390284757118928,0.10720268006700168,0.001675041875,0.21105527638190955,0.006700167504187605,0.008375209380813953,0.001675041875,0.006700167504187605,0.001675041875,0.005025125628140704,0.228,0.3132328308207705,0.4122137404580153,0.7254465712787859,0.2545931758530184,21.105527638190953,10.720268006700168,307,344,51,0.18895348837209303,0.6666666666666666,0.3333333333333333,0.0,0.040697674418604654,0.13953488372093023,0.11337209302325581,0.10465116279069768,0.005813953488372093,0.26453488372093026,0.0,0.0029069767441860465,0.0,0.0029069767441860465,0.005813953488372093,-0.0029069767441860465,0.212,0.294,0.404,0.698,0.251,26.5,10.5
103,105,Oneil Cruz,PIT,144,490.7536704730832,544.0,101.16802610114195,0.22185970636215338,0.7192982456458009,0.24561403508771926,0.026315789473684202,0.03588907014681893,0.13213703099510604,0.12071778139705881,0.08482871125000001,0.004893964110929853,0.2920065252854812,0.0065252854812398045,0.0065252854812398045,0.0,0.03752039151712888,0.008156606851549756,0.029363784665579123,0.246,0.3132137030995106,0.4249547920433996,0.7381684951429102,0.3202247191011236,29.20065252854813,8.482871125611746,471,544,74,0.17279411764705882,0.7162162162162162,0.24324324324324326,0.04054054054054054,0.03676470588235294,0.11397058823529412,0.11213235294117647,0.11764705882352941,0.007352941176470588,0.31985294117647056,0.007352941176470588,0.009191176470588236,0.0,0.06985294117647059,0.009191176470588236,0.06066176470588235,0.2,0.298,0.378,0.676,0.262,32.0,11.8
104,106,Cody Bellinger,NYY,134,590.9704347826087,656.0,122.07304347826086,0.2260869565217391,0.7476635514232393,0.23364485981308414,0.01869158878504673,0.04,0.1217391304347826,0.12521739130434784,0.0817391304347826,0.006956521739130434,0.17043478260869563,0.006956521739130434,0.010434782608695651,0.0,0.024347826086956518,0.005217391304347826,0.019130434782608695,0.251,0.3147826086956521,0.4401544401544401,0.7549370488500924,0.2655086848635236,17.043478260869566,8.173913043,588,656,131,0.24390243902439024,0.7709923664122137,0.19083969465648856,0.03816793893129771,0.04420731707317073,0.13567073170731708,0.14939024390243902,0.08689024390243902,0.001524390243902439,0.13719512195121952,0.003048780487804878,0.013719512195121951,0.0,0.019817073170731708,0.003048780487804878,0.01676829268292683,0.272,0.334,0.48,0.813,0.274,13.699999999999998,8.7
105,107,Eugenio Suarez,ARI,144,581.9453642384105,657.0,108.7748344370861,0.2052980132450331,0.74,0.23999999999999996,0.009999999999999998,0.03973509933774834,0.11754966887417219,0.13907284768211922,0.08940397350993377,0.0,0.2880794701986754,0.014900662251655627,0.008278145695364239,0.0016556291390728477,0.0016556291390728477,0.0,0.0016556291390728477,0.232,0.3101160862354892,0.4130841121495327,0.7232001983850219,0.2923976608187134,28.807947019867548,8.940397350993377,588,657,85,0.2039573820395738,0.6705882352941176,0.32941176470588235,0.0,0.0745814307458143,0.1385083713850837,0.1796042617960426,0.0700152207001522,0.0030441400304414,0.2983257229832572,0.0243531202435312,0.0106544901065449,0.0,0.0060882800608828,0.0015220700152207,0.0045662100456621,0.228,0.298,0.526,0.824,0.243,29.799999999999997,7.000000000000001
106,108,Marcell Ozuna,ATL,148,526.7476038338658,592.0,104.97124600638978,0.22843450479233227,0.7657657657657658,0.22522522522522526,0.009009009009009009,0.051118210862619806,0.134185303514377,0.15015974440894567,0.09744408945686901,0.001597444089456869,0.24281150159744408,0.006389776357827476,0.006389776357827476,0.001597444089456869,0.001597444089456869,0.0,0.001597444089456869,0.257,0.3322683706070287,0.4775583482944344,0.8098267189014632,0.2944297082228116,24.281150159744406,9.7444089456869,487,592,92,0.19087837837837837,0.7934782608695652,0.20652173913043478,0.0,0.03547297297297297,0.10304054054054054,0.11486486486486487,0.15878378378378377,0.0033783783783783786,0.24324324324324326,0.005067567567567568,0.011824324324324325,0.0,0.0,0.0,0.0,0.232,0.355,0.4,0.756,0.28,24.3,15.9
107,109,Nico Hoerner,CHC,125,589.8880455,649.0,153.93738140417457,0.24857685009487665,0.7999999999999998,0.17600000000000002,0.016,0.011385199240986717,0.11954459203036052,0.09108159392789374,0.06451612903225806,0.0018975332068311191,0.113851992403698,0.017077798861480073,0.0075901328273244775,0.0018975332068311191,0.049335863377609104,0.011385199240986717,0.03795066413662239,0.273,0.3307984790874524,0.3632567849686847,0.6940552640561373,0.2997601918465228,11.385199240986717,6.451612903225806,599,649,171,0.27426810477657937,0.8070175438596491,0.1695906432748538,0.023391812865497075,0.01078582434514638,0.13713405238828968,0.09399075500770417,0.060092449922958396,0.0015408320493066256,0.07550077041602465,0.01078582434514638,0.0061633281972265025,0.0,0.04468412942989214,0.009244992295839754,0.03543913713405239,0.297,0.345,0.394,0.739,0.313,7.6,6.0
108,110,Brendan Donovan,STL,135,456.1687170474517,515.0,112.23198594024605,0.2390158172231986,0.7741935483870968,0.20967741935483872,0.016129032258064516,0.0210896309314587,0.11599297012302284,0.10720562390158173,0.0843585237258348,0.0017574692442882253,0.13708260105448153,0.019332161687170477,0.007029876977152899,0.0017574692442882253,0.008787346221441126,0.0035149384885764497,0.005272407732864675,0.27,0.3439153439153439,0.4007936507936508,0.7447089947089947,0.2966507177033493,13.708260105448156,8.435852373,460,515,122,0.2563106796116505,0.7377049180327869,0.26229508196721313,0.0,0.019417475728155338,0.12427184466019417,0.0970873786407767,0.08155339805825243,0.005825242718446602,0.13009708737864079,0.013592233009708738,0.007766990291262136,0.003883495145631068,0.005825242718446602,0.005825242718446602,0.0,0.287,0.353,0.422,0.775,0.315,13.0,8.2
109,111,Cedric Mullins,BAL,131,447.3397312859885,498.0,86.9827255278311,0.20729366602687138,0.7362637362637362,0.21978021978021978,0.03296703296703297,0.0326295585412668,0.1343570057581574,0.09980806142034548,0.08061420345489442,0.0019193857965451055,0.2034548944337812,0.009596928982725527,0.007677543186180422,0.003838771593090211,0.057581573896353176,0.011516314779270634,0.046065259117082535,0.231,0.2986512524084778,0.3931623931623931,0.691813646,0.2607449856733524,20.34548944337812,8.061420345489443,435,498,77,0.18875502008032127,0.6883116883116883,0.2987012987012987,0.012987012987012988,0.03413654618473896,0.11646586345381527,0.11847389558232932,0.10040160642570281,0.0,0.24096385542168675,0.008032128514056224,0.012048192771084338,0.006024096385542169,0.04417670682730924,0.008032128514056224,0.03614457831325301,0.216,0.299,0.391,0.69,0.253,24.1,10.0
110,112,Josh Naylor,ARI,140,541.1677852348993,604.0,121.61073825503357,0.24161073825503357,0.7499999999999998,0.24166666666666664,0.008333333333333333,0.040268456375838924,0.12583892617449666,0.1459731543624161,0.08389261744966443,0.010067114093959731,0.15100671140939595,0.011744966442953019,0.008389261744966443,0.0016778523489932886,0.013422818791390729,0.003355704697986577,0.010067114093959731,0.269,0.337248322,0.4625468164794007,0.7997951386270518,0.2823529411764706,15.100671140939598,8.389261744966444,543,604,140,0.26490066225165565,0.7857142857142857,0.20714285714285716,0.007142857142857143,0.033112582781456956,0.13410596026490065,0.152317880794702,0.07947019867549669,0.006622516556291391,0.13741721854304637,0.006622516556291391,0.008278145695364239,0.0,0.04966887417218543,0.0033112582781456954,0.046357615894039736,0.295,0.353,0.462,0.816,0.315,13.699999999999998,7.9
111,113,Daulton Varsho,TOR,136,242.47368421052633,271.0,42.78947368421053,0.19600725952813067,0.7126436781609196,0.25287356321839083,0.034482758620689655,0.038112522686025406,0.1252268602540835,0.11433756805807621,0.08711433756805807,0.0018148820326678765,0.25226860254083483,0.009074410163339383,0.0054446460980036296,0.0036297640653357535,0.02722323049001815,0.0054446460980036296,0.021778584392014518,0.219,0.2932604735883424,0.4036511156186612,0.6969115892070037,0.2589285714285714,25.226860254083483,8.711433756805807,248,271,39,0.2177121771217712,0.6153846153846154,0.3333333333333333,0.05128205128205128,0.07380073800738007,0.15867158671586715,0.2029520295202952,0.06273062730627306,0.0036900369003690036,0.28413284132841327,0.0036900369003690036,0.01845018450184502,0.0,0.007380073800738007,0.0,0.007380073800738007,0.238,0.284,0.548,0.833,0.25,28.4,6.3
112,114,Colton Cowser,BAL,136,317.11191335740074,360.0,62.38267148014441,0.20938628158844766,0.7395833333333333,0.23958333333333331,0.020833333333333332,0.036101083032490974,0.12454873646209387,0.1173285198555957,0.09747292418772563,0.0036101083032490976,0.3032490974729242,0.01444043321299639,0.005415162454873647,0.0018050541516245488,0.01624548736462094,0.005415162454873647,0.010830324909747294,0.238,0.321880651,0.415983606557377,0.7378642575519521,0.3168316831683168,30.324909747292416,9.747292418772563,327,360,48,0.17777777777777778,0.7083333333333334,0.2916666666666667,0.0,0.044444444444444446,0.1,0.1111111111111111,0.075,0.002777777777777778,0.35555555555555557,0.016666666666666666,0.0,0.0,0.03888888888888889,0.0,0.03888888888888889,0.196,0.269,0.385,0.655,0.262,35.6,7.5
113,115,Keibert Ruiz,WSN,124,247.1814432989691,267.0,52.29896907216495,0.22268041237113403,0.7789473684210527,0.22105263157894742,0.0,0.026804123711340208,0.09278350515463918,0.1175257731958763,0.05154639175257732,0.002061855670103093,0.11546391752577322,0.012371134020618558,0.008247422680412371,0.002061855670103093,0.004123711340206186,0.002061855670103093,0.002061855670103093,0.24,0.2871900826446281,0.3741648106904232,0.6613548933350513,0.2473958333333333,11.54639175257732,5.154639175257731,255,267,61,0.23595505617977527,0.8032786885245902,0.19672131147540983,0.0,0.00749063670411985,0.07116104868913857,0.09363295880149813,0.0299625468164794,0.0,0.09737827715355805,0.011235955056179775,0.003745318352059925,0.0,0.0,0.00749063670411985,-0.00749063670411985,0.247,0.277,0.318,0.595,0.268,9.7,3.0
114,117,Luis Arraez,SDP,147,622.5116640746502,675.0000000000001,187.90824261275273,0.2877138413685847,0.8156424581005587,0.17318435754189943,0.01675977653631285,0.009331259720062208,0.1135303265940902,0.10730948678518518,0.05909797822706065,0.006220839813374805,0.04976671850699844,0.0077760497667185065,0.0077760497667185065,0.0031104199066874024,0.010886469674074072,0.004665629860031104,0.006220839813374805,0.312,0.3556942277691107,0.4064080944350758,0.7621023222041866,0.3196428571428571,4.976671850699844,5.909797822706065,620,675,173,0.26814814814814814,0.8034682080924855,0.17341040462427745,0.023121387283236993,0.011851851851851851,0.09777777777777778,0.09037037037037036,0.05037037037037037,0.0,0.03111111111111111,0.002962962962962963,0.01037037037037037,0.017777777777777778,0.016296296296296295,0.005925925925925926,0.01037037037037037,0.292,0.327,0.392,0.719,0.289,3.1,5.0
115,118,Tyler O'Neill,BAL,115,183.58700209643604,209.0,31.985324947589092,0.20545073375262052,0.7808219178082193,0.21917808219178087,0.013698630136986304,0.05241090146750524,0.1320754716981132,0.14046121593291402,0.10062893081761007,0.004192872117400419,0.30398322851153037,0.014675052410901467,0.006289308176100628,0.0,0.014675052410901467,0.004192872117400419,0.010482180293501047,0.235,0.320754716981132,0.4582338902147971,0.7789886071959292,0.2896825396825397,30.398322851153043,10.062893081761008,181,209,27,0.1722488038277512,0.7407407407407407,0.2222222222222222,0.037037037037037035,0.0430622009569378,0.10526315789473684,0.12440191387559808,0.10526315789473684,0.004784688995215311,0.24401913875598086,0.014354066985645933,0.014354066985645933,0.0,0.019138755980861243,0.0,0.019138755980861243,0.199,0.292,0.392,0.684,0.218,24.4,10.5
116,120,Bryson Stott,PHI,141,506.3414634146341,560.0,116.09756097560975,0.22822299651567943,0.7731092436890756,0.21008403361344538,0.025210084033613446,0.020905923344947733,0.12195121951219513,0.09581881533101044,0.08013937282142858,0.0017421602785714285,0.1724738675958188,0.005226480836236933,0.008710801393728223,0.0017421602785714285,0.04181184668989547,0.010452961672473867,0.03135888501785714,0.253,0.3141361256544502,0.3834296724470135,0.6975657981014638,0.288135593,17.247386759581882,8.013937282229964,499,560,115,0.22857142857142856,0.782608695652174,0.19130434782608696,0.02608695652173913,0.023214285714285715,0.11785714285714285,0.11785714285714285,0.09642857142857143,0.0017857142857142857,0.1625,0.0017857142857142857,0.007142857142857143,0.0035714285714285713,0.04285714285714286,0.008928571428571428,0.033928571428571426,0.257,0.328,0.391,0.719,0.288,16.3,9.6
117,121,Jackson Holliday,BAL,120,573.9550321199143,649.0,122.29550321199144,0.2119914346895075,0.7159090909355301,0.23863636363636362,0.03409090909090909,0.023554603854389723,0.11991434689507495,0.10064239828967642,0.10064239828967642,0.004282655246252677,0.25910064239828695,0.006423982869379015,0.004282655246252677,0.0021413276231263384,0.017130620985010704,0.006423982869379015,0.010706638115631693,0.239,0.3204301075268817,0.3825665859564164,0.7029966934832982,0.3109540636042402,25.910064239828696,10.06423982869379,586,649,125,0.21879815100154082,0.808,0.168,0.024,0.026194144838212634,0.10785824345146379,0.0847457627118644,0.08628659476117104,0.0015408320493066256,0.21571648690292758,0.009244992295839754,0.0015408320493066256,0.0,0.026194144838212634,0.01694915254237288,0.009244992295839754,0.242,0.314,0.375,0.69,0.291,21.6,8.6
118,122,Joey Ortiz,MIL,140,456.2295081967213,506.0,101.38433515482696,0.2185792349726776,0.7363636363636364,0.21818181818181817,0.03636363636363636,0.018214936247723128,0.1092896174863388,0.10018214936247723,0.08014571948998178,0.001821493624772313,0.20582877959927143,0.009107468123861566,0.00546448087431694,0.0036429872495446266,0.020036429872495445,0.00546448087431694,0.014571948998178506,0.242,0.3089579524680073,0.3656565656565657,0.6746145181245731,0.2933333333333333,20.58287795992714,8.014571948998178,470,506,101,0.2134387351778656,0.8118811881188119,0.1782178217821782,0.009900990099009901,0.01383399209486166,0.1225296442687747,0.08893280632411067,0.0533596837944664,0.0,0.14624505928853754,0.005928853754940711,0.0,0.011857707509881422,0.02766798418972332,0.005928853754940711,0.021739130434782608,0.23,0.276,0.317,0.593,0.26,14.6,5.3
119,123,Josh Lowe,TBR,126,395.6102362204725,435.0,82.20472440944881,0.22244094488188976,0.7083333333333335,0.27083333333333337,0.020833333333333336,0.03346456692913386,0.1279527559055118,0.1141732283464567,0.07874015748031496,0.005905511811023623,0.29330708661417326,0.003937007874015748,0.007874015748031496,0.001968503937007874,0.045275590551181105,0.007874015748031496,0.0374015748031496,0.244,0.3051181102362205,0.4199134199134199,0.7250315301496404,0.32,29.33070866141732,7.874015748031496,396,435,76,0.2,0.6973684210526315,0.27631578947368424,0.02631578947368421,0.02528735632183908,0.12873563218390804,0.09195402298850575,0.07586206896551724,0.0022988505747126436,0.25057471264367814,0.006896551724137931,0.004597701149425287,0.0022988505747126436,0.041379310344827586,0.009195402298850575,0.03218390804597701,0.22,0.283,0.366,0.65,0.273,25.1,7.6
120,124,Jonah Heim,TEX,102,397.1963824289406,433.0,73.84496124031008,0.20155038759689925,0.7727272727272727,0.22727272727272724,0.01515151515151515,0.0310077519379845,0.10077519379844962,0.10852713178294573,0.06976744186046512,0.002583979328165375,0.19638242894056848,0.00516795865633075,0.007751937984496125,0.0,0.002583979328165375,0.0,0.002583979328165375,0.221,0.276485788113695,0.3718309859154929,0.648316774,0.2444444444444444,19.638242894056848,6.976744186046512,395,433,73,0.19399538106235567,0.8082191780821918,0.1917808219178082,0.0,0.025404157043879907,0.08775981524249422,0.09930715935334873,0.07390300230946882,0.0,0.20323325635103925,0.0023094688221709007,0.009237875288683603,0.0023094688221709007,0.006928406466512702,0.0,0.006928406466512702,0.213,0.271,0.332,0.602,0.243,20.3,7.400000000000001
121,125,Jonathan India,KCR,138,486.2745762711864,567.0,107.63389830508473,0.21355932203389827,0.7500000000000001,0.23214285716175365,0.01785714285714286,0.023728813559322035,0.12542372881355932,0.10169491525423728,0.10677966101694915,0.0,0.2016949152542373,0.027118644067796606,0.006779661016949153,0.0016949152542372883,0.022033898305084745,0.006779661016949153,0.015254237288135594,0.248,0.3480475382003395,0.391304348,0.7393518860264265,0.2970822281167108,20.16949152542373,10.677966101694915,497,567,107,0.20458553791887124,0.7289719626168224,0.27102803738317754,0.0,0.015873015873015872,0.1111111111111111,0.07936507936507936,0.09523809523809523,0.0,0.18694885361552027,0.02292768959435626,0.003527336860670194,0.001763668430335097,0.0,0.007054673721340388,-0.007054673721340388,0.233,0.323,0.346,0.669,0.279,18.7,9.5
122,126,Christian Yelich,MIL,120,555.1724137931035,644.0,127.07279693486592,0.22605363984674332,0.7669902912621357,0.2135922330097087,0.019417475728155335,0.028735632183908046,0.13026819923371646,0.11494252873563218,0.12260536398467432,0.009578544061302681,0.2164750957854406,0.00574712643678161,0.00574712643678161,0.0019157088122605363,0.040229885057471264,0.007662835249042145,0.032567049808429116,0.263,0.3557692307692308,0.42,0.7757692307692308,0.3169230769230769,21.64750957854406,12.260536398467432,573,644,122,0.234472049689441,0.8278688524590164,0.1721311475409836,0.0,0.04503105590062112,0.13664596273291926,0.15993788819875776,0.09937888198757763,0.009316770186335404,0.2593167701863354,0.009316770186335404,0.0015527950310559005,0.0,0.024844720496894408,0.009316770186335404,0.015527950310559006,0.264,0.343,0.452,0.795,0.323,25.9,9.9
123,127,Seiya Suzuki,CHC,129,570.6440072,651.0,124.61001787763865,0.22540250445468513,0.7476635514705634,0.2336448598345511,0.018691588786764086,0.03398926654740608,0.1288014311270125,0.12343470483005366,0.10554561717352415,0.0035778175313059034,0.2504472271889401,0.010733452594470045,0.007155635062611807,0.0,0.023255813953488372,0.007155635062611807,0.016100178890876563,0.257,0.3416815742397138,0.4326530612244898,0.7743346354642036,0.3194029850746269,25.044722719141323,10.554561717352415,571,651,108,0.21505376344086022,0.6851851851851852,0.28703703703703703,0.027777777777777776,0.04915514592933948,0.1152073732718894,0.15821812596006143,0.10906298003072197,0.0015360983102918587,0.2519201228878648,0.0015360983102918587,0.01228878648233487,0.0,0.007680491551459293,0.0030721966205837174,0.004608294930875576,0.245,0.326,0.478,0.804,0.282,25.2,10.9
124,128,Joc Pederson,TEX,110,262.4895104895105,306.0,48.5034965044056,0.21212121212418303,0.7499999999859429,0.22058823530440072,0.0294117647053311,0.053613053613053616,0.13986013986928106,0.13752913752913754,0.1118881118881119,0.006993006993464053,0.22843822843137254,0.020979020980392157,0.006993006993464053,0.002331002331002331,0.009324009324009324,0.002331002331002331,0.006993006993464053,0.246,0.3457943925233644,0.4864130434782608,0.8322074360016254,0.272,22.84382284382285,11.188811188811188,265,306,39,0.1568627450980392,0.717948717948718,0.2564102564102564,0.02564102564102564,0.029411764705882353,0.0915032679738562,0.08496732026143791,0.1111111111111111,0.0,0.21241830065359477,0.016339869281045753,0.0032679738562091504,0.0,0.006535947712418301,0.0,0.006535947712418301,0.181,0.285,0.328,0.614,0.203,21.2,11.1
125,129,Trevor Story,BOS,112,582.4248927038626,654.0,116.48497854077254,0.21030042918454936,0.7228915662650601,0.25301204819277107,0.012048192771084333,0.032188841201716736,0.12660944206008584,0.11373390557939914,0.07725321888412018,0.004291845493562231,0.285407725382263,0.01072961373390558,0.008583690987124463,0.0021459227467811154,0.0407725321888412,0.01072961373390558,0.03004291845493562,0.235,0.3021739130434782,0.3975903614457831,0.6997642744892614,0.3062730627306273,28.54077253218884,7.725321888412018,612,654,136,0.24617737003058104,0.7867647058823529,0.21323529411764705,0.0,0.0382262996941896,0.13914373088685014,0.14678899082568808,0.05045871559633028,0.0015290519877675841,0.2691131498470948,0.010703363914373088,0.0015290519877675841,0.0015290519877675841,0.047400611620795105,0.0015290519877675841,0.045871559633027525,0.263,0.308,0.433,0.741,0.33,26.899999999999995,5.0
126,130,Kyle Higashioka,TEX,81,300.7944251,327.0,46.714285714285715,0.18815331010452963,0.7560975609480122,0.24390243902439027,0.0,0.045296167247386755,0.10801393727828745,0.1254355400696864,0.0627177700348432,0.0,0.289198606271777,0.003484320557491289,0.006968641114982578,0.003484320557491289,0.003484320557491289,0.0,0.003484320557491289,0.206,0.256140351,0.3901515151515151,0.6462918660287081,0.2411764705882353,28.91986063,6.2717770034843205,303,327,62,0.22324159021406728,0.7580645161290323,0.22580645161290322,0.016129032258064516,0.03363914373088685,0.10091743119266056,0.1437308868501529,0.06116207951070336,0.0,0.22018348623853212,0.0061162079510703364,0.0061162079510703364,0.0,0.009174311926605505,0.0030581039755351682,0.0061162079510703364,0.241,0.291,0.403,0.693,0.279,22.0,6.1
127,131,Pete Crow-Armstrong,CHC,136,591.3700935,647.0,125.77196261682245,0.21869158878504674,0.7403846153987337,0.2115384615384615,0.04807692307692307,0.024299065420560748,0.12336448598130842,0.09719626168224299,0.059813084112149535,0.003738317757009346,0.2635514018691589,0.01308411214953271,0.005607476635514019,0.007476635514018692,0.04672897196261683,0.01308411214953271,0.03364485981308411,0.238,0.2937853107344633,0.3844580777096114,0.6782433884440747,0.3076923076923077,26.35514018691589,5.981308411214954,591,647,115,0.22565687789799072,0.6434782608695652,0.3217391304347826,0.034782608695652174,0.04791344667697063,0.14064914992272023,0.14683153013910355,0.04482225656877898,0.0015455950540958269,0.23956723338485317,0.013910355486862442,0.01854714064914992,0.00927357032457496,0.05409582689335394,0.012364760432766615,0.04173106646058733,0.247,0.287,0.481,0.768,0.276,24.0,4.5
128,132,Mark Vientos,NYM,145,422.5066007,463.0,78.6947194719472,0.21287128712871287,0.7475728155339806,0.23300970873786406,0.009708737868648955,0.042904290429042896,0.11386138613861385,0.132013201320132,0.0726072607260726,0.0016501650172786177,0.297029702970297,0.008250825082073433,0.006600660066006601,0.0016501650172786177,0.0016501650172786177,0.0,0.0016501650172786177,0.233,0.2937293729372937,0.4195298372513562,0.7132592101886499,0.2934472934472934,29.7029703,7.260726072607261,424,463,82,0.21382289416846653,0.7195121951219512,0.25609756097560976,0.024390243902439025,0.0367170626349892,0.09503239740820735,0.13174946004319654,0.06479481641468683,0.0,0.24838012958963282,0.01079913606911447,0.008639308855291577,0.0,0.0021598272138228943,0.0,0.0021598272138228943,0.233,0.289,0.413,0.702,0.277,24.8,6.5
129,133,Jake Cronenworth,SDP,142,453.64932885906035,515.0,95.91442953020135,0.21140939597315436,0.7297297297297297,0.2432432432432432,0.027027027027027025,0.025167785234899327,0.11577181208053691,0.10570469798657718,0.09060402684563758,0.0016778523489932886,0.18288590604026841,0.015100671140939596,0.008389261744966443,0.0016778523489932886,0.008389261744966443,0.0016778523489932886,0.006711409395973154,0.24,0.3187183811129848,0.3885714285714285,0.7072898096844134,0.2733990147783251,18.288590604026847,9.060402684563758,419,515,92,0.2,0.7717391304347826,0.21739130434782608,0.010869565217391304,0.021359223300970873,0.11844660194174757,0.1145631067961165,0.13398058252427184,0.001941747572815534,0.20776699029126214,0.02912621359223301,0.013592233009708738,0.007766990291262136,0.005825242718446602,0.005825242718446602,0.0,0.246,0.367,0.377,0.744,0.299,20.8,13.4
130,134,Luis Garcia Jr.,WSN,136,489.9855855855856,526.0,117.52072072072072,0.25045045045045045,0.7822580645161289,0.20161290322580644,0.01612903225806452,0.027027027027027025,0.1135135135135135,0.11711711711026616,0.05405405405405405,0.003603603603603604,0.16036036036036036,0.003603603603603604,0.009009009009009009,0.0018018018018018016,0.027027027027027025,0.009009009009009009,0.018018018018018018,0.268,0.3086642599277978,0.4119922630560928,0.7206565229838906,0.2966507177033493,16.036036036036037,5.405405405405405,488,526,107,0.2338403041825095,0.7289719626168224,0.2616822429906542,0.009345794392523364,0.030418250950570342,0.12737642585551331,0.12547528517110265,0.051330798479087454,0.0019011406844106464,0.1596958174904943,0.0038022813688212928,0.017110266159695818,0.0,0.026615969581749048,0.009505703422053232,0.017110266159695818,0.252,0.289,0.412,0.701,0.27,16.0,5.1
131,135,Brenton Doyle,COL,143,491.06040268456377,538.0,103.80872483221476,0.22818791946308725,0.7478260869565218,0.21739130434782608,0.034782608695652174,0.03523489932885906,0.13255033557046977,0.10738255033557047,0.06711409395973154,0.0016778523489932886,0.28859060402684567,0.008389261744966443,0.006711409395973154,0.0050335570469798654,0.0436241610738255,0.010067114093959731,0.033557046979865765,0.25,0.3052276559865092,0.4264705882352941,0.7316982442218034,0.323943662,28.85906040268457,6.7114093959731544,502,538,102,0.2174721189591078,0.7549019607843137,0.22549019607843138,0.0196078431372549,0.027881040892193308,0.10594795539033457,0.10594795539033457,0.055762081784386616,0.0,0.25650557620817843,0.0,0.007434944237918215,0.0037174721189591076,0.03345724907063197,0.0037174721189591076,0.02973977695167286,0.233,0.274,0.376,0.651,0.289,25.7,5.6
132,136,Tommy Edman,LAD,131,343.7560975609756,377.0,74.97560975609755,0.22326454033771106,0.7547169811320754,0.21698113207547168,0.028301886792452834,0.024390243902439025,0.13133208255159473,0.10131332082551595,0.06754221388367729,0.001876172607879925,0.1782363977453581,0.009380863039399624,0.0075046904315197,0.003752345215759849,0.04690431519699813,0.0075046904315197,0.039399624765478425,0.244,0.3013182674199623,0.3847736625514403,0.6860919299714027,0.2774869109947644,17.823639774859288,6.754221388,346,377,65,0.20689655172413793,0.7846153846153846,0.2,0.015384615384615385,0.034482758620689655,0.129973474801061,0.129973474801061,0.050397877984084884,0.0,0.16180371352785147,0.015915119363395226,0.013262599469496022,0.002652519893899204,0.007957559681697613,0.002652519893899204,0.005305039787798408,0.225,0.274,0.382,0.655,0.235,16.2,5.0
133,137,Travis d'Arnaud,LAA,72,206.18888888888887,231.0,40.21111111111111,0.2111111111111111,0.7659574468085106,0.2340425531914894,0.0,0.037037037037037035,0.1111111111111111,0.1259259259259259,0.06666666666666667,0.0,0.25555555555555554,0.014814814814814814,0.007407407407407407,0.0,0.0037037037037037034,0.0,0.0037037037037037034,0.236,0.2981132075471698,0.4066390041493776,0.7047522116965474,0.2865853658536585,25.555555555555554,6.666666666666667,213,231,36,0.18181818181818182,0.6388888888888888,0.3611111111111111,0.0,0.025974025974025976,0.06926406926406926,0.09090909090909091,0.05627705627705628,0.0,0.3203463203463203,0.017316017316017316,0.004329004329004329,0.0,0.0,0.0,0.0,0.197,0.255,0.343,0.598,0.269,32.0,5.6
134,138,Jorge Polanco,SEA,115,464.050847457627,524.0,85.48305084338983,0.19915254237288138,0.7662337662702282,0.22077922083731277,0.012987012987630987,0.036016949160305345,0.1059322033898305,0.125,0.09533898305084745,0.00211864406779661,0.2690677966101695,0.00847457627118644,0.00847457627118644,0.0,0.00847457627118644,0.00211864406779661,0.00635593220338983,0.225,0.3036093418259023,0.3923444976076555,0.6959538394335578,0.276978417266187,26.906779661016948,9.533898305084746,471,524,99,0.2385496183206107,0.696969696969697,0.30303030303030304,0.0,0.04961832061068702,0.12213740458015267,0.14885496183206107,0.08015267175572519,0.0019083969465648854,0.15648854961832062,0.0057251908396946565,0.009541984732824428,0.0057251908396946565,0.011450381679389313,0.0057251908396946565,0.0057251908396946565,0.265,0.326,0.495,0.821,0.269,15.6,8.0
135,139,Luis Rengifo,LAA,129,494.4841121495327,541.0,111.23364485981307,0.23177570093457942,0.790909090909091,0.17272727272727273,0.02727272727272727,0.02616822429906542,0.12523364485981306,0.09906542056074766,0.06542056074766356,0.0018691588785046728,0.16635514018484288,0.011214953271028035,0.007476635514018691,0.0018691588785046728,0.037383177570093455,0.011214953271028035,0.02616822429906542,0.253,0.3089887640449438,0.3885480572597137,0.6975368213046576,0.282051282051282,16.635514018691588,6.5420560747663545,501,541,110,0.2199630314232902,0.8272727272727273,0.14545454545454545,0.02727272727272727,0.0166358595194085,0.10166358595194085,0.07948243992606285,0.06099815157116451,0.0,0.1922365988909427,0.005545286506469501,0.005545286506469501,0.0018484288354898336,0.018484288354898338,0.012939001848428836,0.005545286506469501,0.238,0.287,0.335,0.622,0.281,19.2,6.1
136,140,Vinnie Pasquantino,KCR,139,608.7651006711409,682.0,136.1711409395973,0.2348993288590604,0.7142857142857143,0.2689075630252101,0.01680672268907563,0.03523489932885906,0.11912751677852348,0.1325503355718475,0.08724832214765099,0.0050335570469798654,0.1325503355718475,0.010067114093959731,0.010067114093959731,0.0016778523489932886,0.0016778523489932886,0.0,0.0016778523489932886,0.263,0.3322147651006711,0.4492481203007519,0.7814628854014231,0.271689498,13.25503355704698,8.724832214765101,621,682,132,0.2404692082111437,0.7424242424242424,0.25,0.007575757575757576,0.0469208211143695,0.10557184750733138,0.1656891495601173,0.0718475073313783,0.007331378299120235,0.15689149560117302,0.010263929618768328,0.007331378299120235,0.0,0.001466275659824047,0.0,0.001466275659824047,0.264,0.323,0.475,0.798,0.271,15.7,7.200000000000001
137,141,Joey Bart,PIT,97,299.4332425,332.0,59.705722070844686,0.2125340599455041,0.787878787878788,0.21212121212121213,0.015151515151515154,0.03269754768392371,0.10626702997275204,0.11989100817438691,0.07084468664850138,0.0,0.27792915531335155,0.01907356948228883,0.005449591280653952,0.0,0.002724795640326976,0.0,0.002724795640326976,0.236,0.3032786885245901,0.3957703927492447,0.6990490812738348,0.3013698630136986,27.79291553133515,7.084468664850137,285,332,67,0.21385542168674698,0.8059701492537313,0.1791044776119403,0.014925373134328358,0.012048192771084338,0.06325301204819277,0.09036144578313253,0.12048192771084337,0.0,0.28012048192771083,0.02108433734939759,0.0,0.0,0.0030120481927710845,0.0030120481927710845,0.0,0.249,0.355,0.34,0.696,0.356,28.000000000000004,12.0
138,142,James Wood,WSN,137,610.3577512776831,689.0,138.50425894378193,0.22998296422487222,0.728813559322034,0.2457627118644068,0.025423728814211215,0.02896081771720613,0.12776831345826234,0.11243611584327085,0.10051107325383304,0.0034071550255536623,0.27597955706984667,0.006814310051107325,0.006814310051107325,0.0,0.02896081771720613,0.008517887563884156,0.020442930153321975,0.26,0.3373083475298126,0.425,0.7623083475298126,0.3420289855072463,27.597955706984667,10.051107325383304,598,689,122,0.2220609579100145,0.6885245901639344,0.3114754098360656,0.0,0.04499274310595065,0.1262699564586357,0.13642960812772134,0.12336719883889695,0.011611030478955007,0.32075471698113206,0.0043541364296081275,0.0043541364296081275,0.0,0.02177068214804064,0.010159651669085631,0.011611030478955007,0.256,0.35,0.475,0.825,0.35,32.1,12.3
139,143,Brayan Rocchio,CLE,139,346.10211946050094,383.0,73.79576107899807,0.20809248554913293,0.7699999999999999,0.21999999999999997,0.02,0.015414258188824661,0.10404624277456646,0.08670520231213873,0.07321772639691713,0.0019267822736030826,0.19267822736030826,0.011560693641618497,0.0077071290944123304,0.0038535645472061652,0.025048169556840076,0.009633911368015413,0.015414258188824661,0.231,0.2940038684719536,0.3390191897654584,0.633023058,0.273972603,19.26782273603083,7.321772639691715,344,383,75,0.20887728459530025,0.7333333333333333,0.24,0.02666666666666667,0.013054830287206266,0.08877284595300261,0.11488250652741515,0.057441253263707574,0.0,0.2010443864229765,0.020887728459530026,0.013054830287206266,0.010443864229765013,0.020887728459530026,0.010443864229765013,0.010443864229765013,0.233,0.29,0.34,0.63,0.281,20.1,5.7
140,144,Brandon Marsh,PHI,126,373.9307535641548,425.0,77.90224032708758,0.21181262729411765,0.744444444428061,0.2222222222187364,0.03333333333281045,0.0285132382892057,0.12830957230142565,0.10183299389002037,0.10183299389002037,0.002036659877800407,0.3136456211812627,0.008146639511201629,0.006109979633401222,0.004073319755600814,0.0285132382892057,0.008146639511201629,0.020366598778004074,0.24,0.3231083844580777,0.3981481481481481,0.7212565326062259,0.3370786516853932,31.364562118126273,10.183299389002038,379,425,95,0.24941176470588236,0.7157894736842105,0.2631578947368421,0.021052631578947368,0.02588235294117647,0.1388235294117647,0.1011764705882353,0.08941176470588236,0.002352941176470588,0.25882352941176473,0.0,0.009411764705882352,0.007058823529411765,0.01647058823529412,0.002352941176470588,0.01411764705882353,0.28,0.342,0.443,0.785,0.363,25.9,8.9
141,145,Ryan McMahon,COL,147,517.2250803858522,586.0,104.57556270096462,0.21221864951768488,0.7387387387138333,0.23423423424499587,0.018018018018018018,0.03376205787781351,0.1173633440443686,0.1173633440443686,0.1045016077170418,0.0032154340836012857,0.28938906752411575,0.006430868167202571,0.006430868167202571,0.0,0.011254019292604502,0.0032154340836012857,0.008038585209003215,0.24,0.3231511254019292,0.4080145719489982,0.7311656973509275,0.3153409090909091,28.938906752411576,10.45016077170418,509,586,89,0.18600682593856654,0.7303370786516854,0.25842696629213485,0.011235955056179775,0.034129692832764506,0.10580204778156997,0.09044368600682594,0.11945392491467577,0.0017064846416382253,0.3225255972696246,0.006825938566552901,0.005119453924914676,0.0,0.005119453924914676,0.0017064846416382253,0.0034129692832764505,0.214,0.312,0.381,0.693,0.294,32.3,11.9
142,146,Christopher Morel,TBR,126,272.02702702702703,305.0,48.87065637065638,0.20463320463320467,0.7349397590361445,0.22891566265060237,0.036144578313253004,0.04440154440154441,0.12934362934362936,0.12934362934362936,0.0888030888030888,0.0019305019305019305,0.27413127413127414,0.009652509652509652,0.007722007722007722,0.0019305019305019305,0.021235521235521238,0.007722007722007722,0.013513513513513514,0.229,0.3036750483558994,0.4329004329004329,0.7365754812563323,0.2757475083056478,27.413127413127413,8.880308880308881,278,305,50,0.2,0.68,0.32,0.0,0.036065573770491806,0.12131147540983607,0.10819672131147541,0.08196721311475409,0.0,0.35737704918032787,0.006557377049180328,0.0,0.0,0.022950819672131147,0.006557377049180328,0.01639344262295082,0.219,0.289,0.396,0.684,0.316,35.7,8.2
144,149,Lars Nootbaar,STL,121,503.6077235772358,583.0,103.09146341463415,0.20528455284552846,0.7586206896551725,0.21839080459770116,0.022988505747126436,0.02845528455284553,0.11991869918699188,0.10772357723577236,0.12195121951219515,0.0040650406504065045,0.2032520325203252,0.0040650406504065045,0.006097560975609756,0.0020325203252032522,0.014227642276422765,0.0040650406504065045,0.010162601626016262,0.238,0.3326530612244898,0.3905882352941176,0.7232412965186075,0.2770700636942675,20.32520325203252,12.195121951219512,509,583,106,0.20411663807890223,0.7641509433962265,0.22641509433962265,0.009433962264150943,0.022298456260720412,0.11663807890222985,0.0823327615780446,0.1097770154373928,0.005145797598627788,0.20411663807890223,0.010291595197255575,0.005145797598627788,0.0017152658662092624,0.00686106346483705,0.008576329331046312,-0.0017152658662092624,0.234,0.325,0.361,0.686,0.279,20.4,11.0
145,151,Nolan Schanuel,LAA,133,484.43571428571425,564.0,112.8,0.22142857142857142,0.8125000000000001,0.17857142857142858,0.017857142857142856,0.021428571428571425,0.11785714285714287,0.09285714285714285,0.11607142857142856,0.0017857142857142857,0.1625,0.014285714285714285,0.008928571428571428,0.0035714285714285713,0.012499999999999999,0.0035714285714285713,0.008928571428571428,0.259,0.3524150268336314,0.3846153846153846,0.737030411,0.2924281984334204,16.25,11.607142857142858,488,564,117,0.22872340425531915,0.7948717948717948,0.19658119658119658,0.008547008547008548,0.02127659574468085,0.11347517730496454,0.09397163120567376,0.10460992907801418,0.0070921985815602835,0.12588652482269502,0.01773049645390071,0.0070921985815602835,0.005319148936170213,0.008865248226950355,0.0017730496453900709,0.0070921985815602835,0.264,0.353,0.389,0.742,0.286,12.6,10.5
146,152,Geraldo Perdomo,ARI,129,620.5447471,720.0,137.27626459143968,0.20233463035019456,0.7653061224489796,0.20408163265306123,0.03061224489795918,0.011673151750972761,0.11089494163888888,0.07198443579766536,0.09727626459143968,0.0019455252918287936,0.17704280155642022,0.011673151750972761,0.007782101167315174,0.023346303501945522,0.02723735408560311,0.007782101167315174,0.019455252918287938,0.234,0.3180914512922465,0.3340857787810384,0.6521772300732849,0.28,17.704280155642024,9.727626459,597,720,153,0.24027777777777778,0.7516339869281046,0.21568627450980393,0.032679738562091505,0.027777777777777776,0.1361111111111111,0.1388888888888889,0.13055555555555556,0.001388888888888889,0.11527777777777778,0.013888888888888888,0.015277777777777777,0.011111111111111112,0.0375,0.008333333333333333,0.029166666666666667,0.29,0.389,0.462,0.851,0.303,11.5,13.1
148,154,Josh Jung,TEX,122,471.53663366336633,511.0,96.12871287128712,0.22376237623762377,0.7578947368421053,0.22105263157894742,0.02105263157894737,0.03564356435643565,0.11485148514851486,0.1188118811881188,0.05742574257425743,0.0019801980198019802,0.2772277227722772,0.011881188118811881,0.005940594059405941,0.0,0.007920792079207921,0.0019801980198019802,0.005940594059405941,0.243,0.2936507936507936,0.4120171673819742,0.7056679610327679,0.3054662379421222,27.72277227722773,5.742574257425743,482,511,107,0.23679060665362034,0.7757009345794392,0.21495327102803738,0.009345794392523364,0.0273972602739726,0.10371819960861056,0.11937377690802348,0.05283757338551859,0.0,0.25244618395303325,0.003913894324853229,0.0,0.0,0.007827788649706457,0.0019569471624266144,0.005870841487279843,0.251,0.294,0.39,0.684,0.316,25.2,5.3
149,155,Willi Castro,MIN,130,406.6554934823091,454.0,90.46182495344506,0.21973929236499068,0.7476635514018691,0.2149532710280374,0.03738317757009346,0.020484171322160148,0.12290502793296088,0.09124767225325885,0.07262569832402234,0.0,0.2364990689013035,0.022346368715083796,0.0074487895716946,0.0037243947858473,0.0335195530726257,0.009310986964618248,0.02420856610800745,0.245,0.3152985074626865,0.3783783783783784,0.6936768858410649,0.30835734870317,23.649906890130353,7.262569832402235,402,454,80,0.20044052863436124,0.75,0.2125,0.0375,0.024229074889867842,0.1277533039647577,0.07268722466960352,0.0881057268722467,0.0022026431718061676,0.2444933920704846,0.024229074889867842,0.0,0.0022026431718061676,0.022026431718061675,0.00881057268722467,0.013215859030837005,0.226,0.313,0.366,0.679,0.286,24.4,8.8
150,157,Nathaniel Lowe,WSN,141,531.7157360406092,609.0,122.6243654822335,0.22673434856175972,0.7983193277310925,0.18487394957983191,0.016806722689075633,0.025380710659898477,0.11167512690355332,0.10998307952622674,0.11336717428087986,0.0033840947546531306,0.21827411167512692,0.006768189509306261,0.006768189509306261,0.0016920473773265657,0.0033840947546531306,0.0016920473773265657,0.0016920473773265657,0.26,0.3468697123519458,0.3972868217054263,0.7441565340573721,0.3164893617021276,21.82741116751269,11.336717428087988,540,609,105,0.2019704433497537,0.7523809523809524,0.21904761904761905,0.02857142857142857,0.029556650246305417,0.10509031198686371,0.13793103448275862,0.10180623973727422,0.003284072249589491,0.26108374384236455,0.003284072249589491,0.008210180623973728,0.0,0.0016420361247947454,0.0,0.0016420361247947454,0.228,0.307,0.381,0.689,0.285,26.1,10.2
151,158,Jorge Soler,LAA,129,272.88461538461536,315.0,47.88461538461538,0.19963369963369962,0.7228915662650602,0.26506024096385544,0.012048192771084338,0.047619047619047616,0.12454212454212453,0.1336996336996337,0.1117216117216117,0.0018315018315018313,0.25274725274725274,0.010989010989010988,0.005494505494505494,0.0,0.0018315018315018313,0.0,0.0018315018315018313,0.23,0.3241252302025783,0.4460887949260042,0.7702140251285825,0.266025641,25.274725274725274,11.172161172161172,279,315,48,0.19047619047619047,0.75,0.25,0.0,0.0380952380952381,0.09841269841269841,0.10793650793650794,0.08888888888888889,0.0,0.2984126984126984,0.012698412698412698,0.009523809523809525,0.0,0.0,0.0,0.0,0.215,0.293,0.387,0.68,0.273,29.799999999999997,8.9
152,159,Parker Meadows,DET,131,192.09444444444443,213.0,37.86666666666666,0.2037037037037037,0.7187500000000001,0.22916666666666669,0.05208333333333334,0.025925925925925925,0.11666666666666667,0.09444444444444444,0.08148148148148147,0.0018518518518518515,0.24074074074074076,0.007407407407407406,0.007407407407407406,0.0018518518518518515,0.029629629629629627,0.009259259259259259,0.02037037037037037,0.225,0.2931354359925788,0.377823409,0.6709588446168089,0.276657061,24.074074074074073,8.148148148148149,191,213,37,0.19248826291079812,0.7837837837837838,0.16216216216216217,0.05405405405405406,0.018779342723004695,0.10328638497652583,0.07511737089201878,0.09859154929577464,0.0,0.26291079812206575,0.0,0.004694835680751174,0.0,0.018779342723004695,0.0,0.018779342723004695,0.215,0.291,0.33,0.621,0.28,26.3,9.9
153,160,Jurickson Profar,ATL,142,321.3289256198347,371.0,70.52066115702479,0.2165289256198347,0.7565217390859018,0.22608695652173913,0.008695652173913044,0.026446280991735537,0.12396694214876032,0.10578512396694215,0.10578512396694215,0.003305785123966942,0.16363636363636364,0.014876033056603774,0.006611570247933884,0.0049586776859504135,0.009917355371900827,0.003305785123966942,0.006611570247933884,0.249,0.3394342762063227,0.3931297709923664,0.7325640471986892,0.2784503631961259,16.363636363636363,10.578512396694215,318,371,64,0.21024258760107817,0.734375,0.25,0.015625,0.03773584905660377,0.1509433962264151,0.11590296495956873,0.1293800539083558,0.0,0.15902964959568733,0.013477088948787063,0.0,0.0,0.02425876010781671,0.005390835579514825,0.018867924528301886,0.245,0.353,0.434,0.787,0.261,15.9,12.9
154,161,Nick Gonzales,PIT,113,372.10300429184554,408.0,88.42918454935622,0.23605150214592274,0.712871287128713,0.24752475247524755,0.029702970297029705,0.019313304721030045,0.10944206008583691,0.10944206008583691,0.06223175965665236,0.002145922746781116,0.2274678111519608,0.015021459227467813,0.008583690987124463,0.002145922746781116,0.010729613733905581,0.004291845493562232,0.0064377682403433485,0.259,0.3139784946236559,0.3929411764705882,0.7069196710942441,0.321656051,22.746781115879827,6.223175965665236,381,408,94,0.2426470588235294,0.776595744680851,0.19148936170212766,0.031914893617021274,0.012254901960784314,0.09558823529411764,0.07352941176470588,0.051470588235294115,0.0,0.17892156862745098,0.004901960784313725,0.00980392156862745,0.0,0.0,0.004901960784313725,-0.004901960784313725,0.26,0.299,0.362,0.661,0.306,17.9,5.1
155,162,George Springer,TOR,137,518.6891891891892,586.0,106.90540540540542,0.21283783783783786,0.7777777777777777,0.2037037037037037,0.018518518518518514,0.030405405405405407,0.12331081081081083,0.10810810810810811,0.09121621621621623,0.0,0.18918918918918923,0.011824324324324325,0.006756756756756758,0.001689189189189189,0.02364864864864865,0.006756756756756758,0.01689189189249147,0.24,0.3174872665534805,0.3931297709923664,0.7106170375458469,0.271356784,18.91891891891892,9.12162162162162,498,586,122,0.2627986348122867,0.7704918032786885,0.22131147540983606,0.00819672131147541,0.05460750853242321,0.18088737201365188,0.14334470989761092,0.11774744027303755,0.005119453924914676,0.189419795221843,0.013651877133105802,0.006825938566552901,0.0,0.030716723549488054,0.0017064846416382253,0.02901023890784983,0.309,0.399,0.56,0.959,0.34,18.9,11.8
156,163,Victor Caratini,HOU,63,344.2251082251082,386.0,70.18181818181819,0.2077922077922078,0.8333333333333331,0.16666666666666663,0.0,0.025974025974025976,0.1038961038961039,0.1038961038961039,0.08225108225108224,0.004329004329004329,0.20346320346320348,0.012987012987012988,0.008658008658008658,0.004329004329004329,0.004329004329004329,0.0,0.004329004329004329,0.235,0.3043478260869565,0.3543689320388349,0.6587167581257916,0.2709677419354839,20.346320346320347,8.225108225108226,344,386,77,0.23056994818652848,0.8181818181818182,0.18181818181818182,0.0,0.031088082901554404,0.09067357512953368,0.11917098445595854,0.05958549222797927,0.0,0.16839378238341968,0.03367875647668394,0.015544041450777202,0.0,0.0025906735751295338,0.0,0.0025906735751295338,0.259,0.324,0.404,0.728,0.282,16.8,6.0
157,164,Matt Shaw,CHC,115,398.1144068,437.0,85.17796610169492,0.22245762711864409,0.7826086956521738,0.19565217391304346,0.021739130434782608,0.027542372881355925,0.11652542372881355,0.10805084745762712,0.06779661016949153,0.00211864406779661,0.21822033898305085,0.010593220338983052,0.006355932203389831,0.00211864406779661,0.02966101694915254,0.00847457627118644,0.021186440677966108,0.244,0.3021276595744681,0.386046512,0.688174171,0.2902208201892745,21.822033898305087,6.779661016949152,393,437,76,0.2036613272311213,0.6842105263157895,0.27631578947368424,0.039473684210526314,0.029748283752860413,0.13043478260869565,0.10068649885583524,0.08695652173913043,0.0,0.2151029748283753,0.004576659038901602,0.009153318077803204,0.0,0.038901601830663615,0.011441647597254004,0.02745995423340961,0.226,0.295,0.394,0.69,0.262,21.5,8.7
158,165,Brice Turang,MIL,139,595.0758377425044,659.0,135.984126984127,0.22045855379188714,0.7777777777777779,0.19658119658119658,0.02564102564102564,0.014109347442680775,0.1146384479717813,0.08465608465608465,0.08112874779541447,0.001763668430335097,0.18871252204585537,0.003527336860670194,0.007054673721340388,0.005291005291005291,0.0599647266313933,0.010582010582010581,0.04938271604938271,0.245,0.3067375886524823,0.34765625,0.6543938386524824,0.2917705735660847,18.871252204585534,8.112874779541446,584,659,150,0.2549317147192716,0.8,0.18666666666666668,0.013333333333333334,0.027314112291350532,0.1471927162367223,0.12291350531107739,0.10015174506828528,0.0015174506828528073,0.2276176024279211,0.0030349013657056147,0.007587253414264037,0.0030349013657056147,0.036418816388467376,0.012139605462822459,0.024279210925644917,0.288,0.359,0.435,0.794,0.356,22.8,10.0
159,166,Lourdes Gurriel Jr.,ARI,133,504.075,546.0,120.89999999999999,0.25357142857142856,0.7661290322580646,0.22580645161290325,0.016129032258064516,0.03214285714285715,0.12142857142857143,0.13392857142857142,0.05714285714285714,0.0017857142857142857,0.17857142857142858,0.008928571428571428,0.008928571428571428,0.0,0.010714285714285714,0.0035714285714285713,0.007142857142857143,0.275,0.3202146690518783,0.4429400386847195,0.7631547077365979,0.3069306930693069,17.857142857142858,5.714285714285714,500,546,105,0.2271062271062271,0.7523809523809524,0.22857142857142856,0.01904761904761905,0.0347985347985348,0.09523809523809523,0.14652014652014653,0.056776556776556776,0.0,0.1391941391941392,0.01098901098901099,0.016483516483516484,0.0,0.018315018315018316,0.007326007326007326,0.01098901098901099,0.248,0.295,0.418,0.713,0.254,13.900000000000002,5.7
160,167,Connor Norby,MIA,133,306.30783242258656,337.00000000000006,64.45355191256832,0.2204007285974499,0.7238095238095237,0.2476190476190476,0.019047619047619046,0.02914389799635701,0.1111111111111111,0.1111111111111111,0.07468123861566484,0.0,0.28779599271402545,0.009107468123861566,0.005464480874316939,0.0,0.01821493624772313,0.005464480874316939,0.012750455373406192,0.242,0.3047445255474452,0.3967935871743487,0.7015381127217939,0.3201219512195122,28.77959927140255,7.468123861566485,311,337,70,0.2314540059347181,0.7428571428571429,0.24285714285714285,0.014285714285714285,0.02373887240356083,0.12462908011869436,0.10089020771513353,0.05341246290801187,0.0,0.26706231454005935,0.01483679525222552,0.008902077151335312,0.0,0.02373887240356083,0.005934718100890208,0.017804154302670624,0.251,0.3,0.389,0.689,0.324,26.700000000000003,5.3
161,168,Kerry Carpenter,DET,121,418.8488612836439,464.0,84.53830227743272,0.2277432712215321,0.7272727273163204,0.23863636363636362,0.03409090909090909,0.045548654244306416,0.12422360248447205,0.13871635610766048,0.07453416149068323,0.004140786749482402,0.24637681159420288,0.014492753622844827,0.008281573498964804,0.0,0.008281573498964804,0.004140786749482402,0.004140786749482402,0.252,0.3167701863354037,0.4655963302752293,0.7823665166106331,0.294314381270903,24.637681159420293,7.453416149068323,433,464,83,0.2349137931034483,0.7228915662650602,0.21686746987951808,0.060240963855421686,0.05603448275862069,0.14224137931034483,0.1336206896551724,0.03879310344827586,0.0,0.22844827586206898,0.015086206896551725,0.004310344827586207,0.0,0.0021551724137931034,0.0021551724137931034,0.0,0.252,0.291,0.497,0.788,0.274,22.8,3.9
162,169,Jake McCarthy,ARI,128,200.1496062992126,222.0,48.94488188976378,0.234251968503937,0.7589285714285715,0.18749999999324324,0.044642857142857144,0.013779527559055118,0.13188976377952757,0.08661417322834647,0.06692913385826771,0.0019685039370078736,0.1830708661417323,0.015748031496062992,0.005905511811023622,0.00984251968503937,0.05905511811023622,0.011811023622047244,0.047244094488188976,0.259,0.320079522862823,0.371179039,0.6912585621641331,0.3102493074792243,18.30708661417323,6.692913385826772,206,222,38,0.1891891891891892,0.6842105263157895,0.18421052631578946,0.13157894736842105,0.018018018018018018,0.08108108108108109,0.09009009009009009,0.04504504504504504,0.0,0.18018018018018017,0.009009009009009009,0.0045045045045045045,0.013513513513513514,0.02702702702702703,0.0,0.02702702702702703,0.204,0.247,0.345,0.591,0.233,18.0,4.5
163,170,Christian Vazquez,MIN,80,196.58983050847456,214.0,42.07457627118644,0.2135593220338983,0.7931034482758621,0.18965517241379312,0.0,0.01694915254237288,0.09491525423728814,0.09491525423728814,0.05084745762711864,0.0,0.20677966101694914,0.006779661016949152,0.006779661016949152,0.006779661016949152,0.010169491525423728,0.003389830508474576,0.006779661016949152,0.233,0.2758620689655172,0.3247232472324723,0.6005853161979895,0.2801932367149758,20.677966101694913,5.084745762711865,190,214,33,0.16822429906542055,0.7878787878787878,0.21212121212121213,0.0,0.014018691588785047,0.06542056074766354,0.06542056074766354,0.08411214953271028,0.0,0.16355140186915887,0.018691588785046728,0.009345794392523364,0.0,0.004672897196261682,0.004672897196261682,0.0,0.189,0.271,0.274,0.545,0.214,16.4,8.4
164,171,Dylan Moore,SEA,104,209.65963060686016,243.00000000000003,34.62269129287599,0.17150395778364116,0.7222222222222221,0.25925925925925924,0.03703703703703704,0.029023746701846962,0.12664907651715038,0.08707124010554089,0.10290237467018468,0.002638522427440633,0.29815303430079154,0.023746701846965697,0.005277044854881267,0.002638522427440633,0.06596306068601583,0.015831134564643797,0.05013192612137203,0.2,0.29973474801061,0.3577981651376147,0.6575329131482248,0.2634146341463415,29.815303430079155,10.29023746701847,219,243,33,0.18106995884773663,0.8484848484848485,0.15151515151515152,0.0,0.04526748971193416,0.1440329218106996,0.102880658436214,0.0823045267489712,0.0,0.3374485596707819,0.00411522633744856,0.012345679012345678,0.0,0.05761316872427984,0.0205761316872428,0.037037037037037035,0.201,0.267,0.374,0.642,0.256,33.7,8.2
165,172,Spencer Steer,CIN,136,499.0,568.0,103.0,0.2147887323943662,0.7087378640776699,0.27184466019417475,0.019417475728155338,0.03345070422535211,0.12323943661971831,0.12147887323943662,0.09859154929577464,0.0017605633802816902,0.20598591549295775,0.014084507042253521,0.008802816901408451,0.0,0.022887323943661973,0.00528169014084507,0.017605633802816902,0.244,0.3274647887323944,0.4228456913827655,0.7503104801151599,0.2798913043478261,20.598591549295776,9.859154929577464,509,568,100,0.2130281690140845,0.77,0.21,0.02,0.03697183098591549,0.11619718309859155,0.13204225352112675,0.0897887323943662,0.0,0.22711267605633803,0.008802816901408451,0.0035211267605633804,0.0017605633802816902,0.01232394366197183,0.0017605633802816902,0.01056338028169014,0.238,0.312,0.411,0.723,0.277,22.7,9.0
166,173,Jo Adell,LAA,122,520.5765957446808,573.0,90.21702127659574,0.19999999999999998,0.7297297296943541,0.25675675675675674,0.02702702702702703,0.04255319148936171,0.12340425531914893,0.1170212765957447,0.0723404255319149,0.002127659574468085,0.3,0.01276595744680851,0.00425531914893617,0.0,0.02765957446808511,0.00851063829787234,0.01914893617021277,0.219,0.2857142857142857,0.4168618266978923,0.702576112,0.2761194029850746,30.0,7.234042553191489,526,573,87,0.2164048865619546,0.7816091954022989,0.20689655172413793,0.011494252873563218,0.06457242582897033,0.1099476439790576,0.17102966841186737,0.05759162303664921,0.0,0.26352530541012215,0.017452006980802792,0.0017452006980802793,0.0,0.008726003490401396,0.0017452006980802793,0.006980802792321117,0.236,0.293,0.485,0.778,0.257,26.4,5.8
167,174,Michael Massey,KCR,117,254.36344086021504,277.0,53.61290322580645,0.22580645161290322,0.7222222222222222,0.2555555555555556,0.022222222222222223,0.03225806451612903,0.11182795698924732,0.1247311827797834,0.05591397849462366,0.002150537634408602,0.1956989247311828,0.010752688172043012,0.008602150537634409,0.004301075268817204,0.010752688172043012,0.002150537634408602,0.008602150537634409,0.247,0.2943722943722944,0.414519906323185,0.7088922006954794,0.2769230769230769,19.56989247311828,5.591397849462366,262,277,61,0.23104693140794225,0.8524590163934426,0.14754098360655737,0.0,0.010830324909747292,0.07220216606498195,0.07220216606498195,0.032490974729241874,0.0,0.1552346570397112,0.0036101083032490976,0.01444043321299639,0.0036101083032490976,0.007220216606498195,0.0036101083032490976,0.0036101083032490976,0.244,0.268,0.313,0.581,0.277,15.5,3.2
168,175,Josh Smith,TEX,96,494.48677248677245,563.0,104.25925925925927,0.20899470899470898,0.7428571428571428,0.22857142857142854,0.014285714285714284,0.023809523809523808,0.1164021164021164,0.09523809523809523,0.0873015873015873,0.0026455026455026454,0.20634920634920634,0.023809523809523808,0.007936507936507936,0.005291005291005291,0.018518518518518517,0.005291005291005291,0.013227513227513225,0.238,0.3209549071618037,0.3704819277108434,0.6914368348726471,0.282258064516129,20.634920634920633,8.73015873,495,563,114,0.2202486678507993,0.7807017543859649,0.20175438596491227,0.017543859649122806,0.017761989342806393,0.12433392539964476,0.06216696269982238,0.09769094138543517,0.003552397868561279,0.17761989342806395,0.014209591474245116,0.0017761989342806395,0.0053285968028419185,0.021314387211367674,0.0053285968028419185,0.015985790408525755,0.251,0.335,0.366,0.7,0.295,17.8,9.8
169,176,Jake Burger,TEX,141,343.7530017152659,376.0,63.84905659891939,0.2195540308747856,0.7474747475315751,0.22222222223911692,0.020202020203556083,0.04974271013297872,0.12521440823327615,0.137221269296741,0.06174957118353345,0.0017152658662092624,0.26758147512864494,0.015437392795883362,0.00686106346483705,0.0017152658662092624,0.003430531732418525,0.0017152658662092624,0.0017152658662092624,0.239,0.2972508591065292,0.450281426,0.7475322849977112,0.28125,26.758147512864493,6.174957118353345,356,376,68,0.22340425531914893,0.7647058823529411,0.22058823529411764,0.014705882352941176,0.0425531914893617,0.11436170212765957,0.14095744680851063,0.031914893617021274,0.0,0.2473404255319149,0.013297872340425532,0.007978723404255319,0.0,0.0026595744680851063,0.0026595744680851063,0.0,0.236,0.269,0.419,0.687,0.272,24.7,3.2
170,177,Trevor Larnach,MIN,117,499.5859872611465,567.0,103.52866242038215,0.2165605095541401,0.744186046511628,0.23255813953488375,0.011627906976744188,0.033970276008492575,0.12101910828025479,0.11889596603174604,0.1019108280254777,0.0021231422505307855,0.2611464968152866,0.010615711252653927,0.006369426751592356,0.0,0.006369426751592356,0.0021231422505307855,0.004246284501061571,0.245,0.3290870488322717,0.4120481927710843,0.7411352416033561,0.3082437275985663,26.11464968152866,10.191082802547772,503,567,109,0.2222222222222222,0.7706422018348624,0.22018348623853212,0.009174311926605505,0.029982363315696647,0.10934744268077601,0.10582010582010581,0.09347442680776014,0.003527336860670194,0.21516754850088182,0.007054673721340388,0.010582010582010581,0.0,0.007054673721340388,0.007054673721340388,0.0,0.25,0.323,0.404,0.727,0.295,21.5,9.3
171,178,Maikel Garcia,KCR,130,606.358209,666.0,146.61940298507466,0.23134328358208958,0.7627118644067796,0.20338983050847456,0.02542372881355932,0.01119402985074627,0.11753731343283583,0.08582089552238807,0.07276119402402402,0.0,0.18097014925373134,0.00373134328358209,0.00746268656716418,0.005597014925373135,0.04291044776119403,0.01119402985074627,0.03171641791044776,0.254,0.3095684803001876,0.3504098360655737,0.6599783163657613,0.3033419023136247,18.097014925373134,7.276119402985075,595,666,154,0.2552552552552553,0.7142857142857143,0.2532467532467532,0.032467532467532464,0.024024024024024024,0.12162162162162163,0.1111111111111111,0.09309309309309309,0.0,0.12612612612612611,0.0015015015015015015,0.0075075075075075074,0.0045045045045045045,0.03453453453453453,0.013513513513513514,0.021021021021021023,0.286,0.351,0.449,0.8,0.308,12.6,9.3
173,180,Tyler Fitzgerald,SFG,133,222.4454887218045,243.0,43.392857142857146,0.2105263157894737,0.7368421052631579,0.25263157894736843,0.021052631578947368,0.03195488721804512,0.12030075187969926,0.10526315789473685,0.06203007518796993,0.0,0.3101503759398497,0.013157894736842106,0.005639097744360902,0.0037593984962406017,0.03195488721804512,0.0075187969924812035,0.02443609022633745,0.231,0.2867924528301886,0.3942505133470226,0.6810429661772113,0.3084415584415584,31.015037593984964,6.203007518796992,217,243,43,0.1934156378600823,0.7441860465116279,0.23255813953488372,0.023255813953488372,0.01646090534979424,0.07818930041152264,0.05761316872427984,0.06995884773662552,0.0,0.2880658436213992,0.00823045267489712,0.00411522633744856,0.024691358024691357,0.037037037037037035,0.01646090534979424,0.0205761316872428,0.217,0.278,0.327,0.606,0.299,28.800000000000004,7.000000000000001
174,181,Jasson Dominguez,NYY,129,385.4425287356322,429.0,79.71839080459772,0.21647509578544066,0.7628865979381443,0.21649484536082472,0.020618556701030924,0.030651340996168588,0.12452107279693486,0.10153256704980844,0.08620689655172414,0.003831417624521073,0.24521072796934867,0.00574712643678161,0.00574712643678161,0.0019157088122605365,0.03639846743295019,0.007662835249042146,0.028735632183908046,0.241,0.3096153846153846,0.3965884861407249,0.7062038707561096,0.2957317073170731,24.521072796934863,8.620689655172415,381,429,88,0.22843822843822845,0.7840909090909091,0.20454545454545456,0.011363636363636364,0.023310023310023312,0.1351981351981352,0.10955710955710955,0.09557109557109557,0.002331002331002331,0.2680652680652681,0.006993006993006993,0.009324009324009324,0.0,0.053613053613053616,0.011655011655011656,0.04195804195804196,0.257,0.331,0.388,0.719,0.338,26.8,9.6
175,182,Wilyer Abreu,BOS,118,370.1663066954643,417.0,72.9524838012959,0.20950323974082072,0.691358024691358,0.2839506172839506,0.024691358024691357,0.03455723542116631,0.12526997840172785,0.11879049676025917,0.09719222462203023,0.0021598272138228943,0.26781857451403884,0.008639308855291577,0.006479481641468682,0.0,0.019438444924406047,0.006479481641468682,0.012958963282937363,0.237,0.3153347732181425,0.4184914841849148,0.7338262574030574,0.2956204379562044,26.78185745140389,9.719222462203025,373,417,70,0.22062350119904076,0.7571428571428571,0.24285714285714285,0.0,0.05275779376498801,0.12709832134292565,0.16546762589928057,0.09592326139088729,0.011990407673860911,0.2422062350119904,0.0,0.007194244604316547,0.002398081534772182,0.014388489208633094,0.007194244604316547,0.007194244604316547,0.247,0.317,0.469,0.786,0.277,24.2,9.6
176,183,Paul Goldschmidt,NYY,142,479.4563426688632,534.0,96.77100494233937,0.2174629324546952,0.7545454545454544,0.23636363636363636,0.00909090909090909,0.036243822075782535,0.11861614497528829,0.11861614497528829,0.0873146622734761,0.0016474464579901151,0.2553542009884679,0.004942339373970346,0.0065897858319604605,0.0016474464579901151,0.013179571663920921,0.0032948929159802303,0.009884678747940691,0.242,0.3107438016528925,0.4146788990825688,0.7254227007354614,0.2956989247311828,25.53542009884679,8.731466227347612,489,534,124,0.250936329588015,0.7419354838709677,0.25,0.008064516129032258,0.018726591760299626,0.14232209737827714,0.08426966292134831,0.06741573033707865,0.009363295880149813,0.18726591760299627,0.00749063670411985,0.003745318352059925,0.0,0.009363295880149813,0.0018726591760299626,0.00749063670411985,0.274,0.328,0.403,0.731,0.325,18.7,6.7
177,184,Jake Meyers,HOU,112,345.1411764705882,381.0,70.82117647058824,0.21176470588235297,0.7468354430379746,0.22784810126582278,0.012658227848101266,0.02588235294117647,0.11529411764705882,0.09882352941176471,0.07058823529411765,0.0,0.23764705882352946,0.01411764705882353,0.007058823529411765,0.0023529411764705885,0.018823529411764708,0.004705882352941177,0.01411764705882353,0.232,0.2971698113207547,0.3688311688311688,0.6660009801519235,0.286231884,23.764705882352946,7.0588235294117645,343,381,97,0.26246719160104987,0.8247422680412371,0.15463917525773196,0.020618556701030927,0.007874015748031496,0.13910761154855644,0.06299212598425197,0.08136482939632546,0.0,0.17585301837270342,0.007874015748031496,0.005249343832020997,0.005249343832020997,0.04199475065616798,0.013123359580052493,0.028871391076115485,0.292,0.354,0.373,0.727,0.353,17.6,8.1
178,186,Jeff McNeil,NYM,121,418.3613963039014,462.0,97.71252566735112,0.2279260780287474,0.7669902912621359,0.22330097087378645,0.009708737864077673,0.016427104722792605,0.1026694045174538,0.09650924024640657,0.06570841889117042,0.002053388090349076,0.135523613963039,0.018480492813141684,0.006160164271047227,0.002053388090349076,0.006160164271047227,0.002053388090349076,0.004106776180698151,0.252,0.3134020618556701,0.3628117913832199,0.676213853,0.2783783783783783,13.552361396303905,6.570841889117044,399,462,85,0.20995670995670995,0.6941176470588235,0.24705882352941178,0.058823529411764705,0.025974025974025976,0.09090909090909091,0.11688311688311688,0.10606060606060606,0.008658008658008658,0.11904761904761904,0.017316017316017316,0.008658008658008658,0.004329004329004329,0.006493506493506494,0.0,0.006493506493506494,0.243,0.335,0.411,0.746,0.253,11.9,10.6
179,187,TJ Friedl,CIN,120,603.452381,685.0,125.03968253968253,0.21428571428571427,0.7717391304347827,0.1956521739130435,0.03260869565217392,0.031746031746031744,0.125,0.10714285714285714,0.08134920634920635,0.001984126984126984,0.16666666666666669,0.019841269841269844,0.007936507936507936,0.009920634920634922,0.031746031746031744,0.007936507936507936,0.02380952380952381,0.244,0.3186372745490982,0.4054054054054054,0.7240426799545037,0.264367816091954,16.666666666666664,8.134920634920634,579,685,137,0.22043795620437956,0.8248175182481752,0.16058394160583941,0.014598540145985401,0.020437956204379562,0.11970802919708029,0.07737226277372262,0.11824817518248175,0.0,0.1678832116788321,0.02335766423357664,0.0072992700729927005,0.00583941605839416,0.017518248175182483,0.004379562043795621,0.013138686131386862,0.261,0.364,0.378,0.742,0.301,16.8,11.8
180,188,Carson Kelly,CHC,81,375.7919463087249,421.0,72.0503355704698,0.19798657718120805,0.7843137254901961,0.21568627450980393,0.0,0.026845637583892617,0.09731543624161074,0.11073825503355705,0.08389261744966443,0.0,0.2080536912751678,0.013422818791946308,0.006711409395973154,0.0,0.003355704697986577,0.0,0.003355704697986577,0.221,0.2962962962962963,0.3533834586466165,0.6496797549429127,0.2575757575757575,20.80536912751678,8.389261744966444,369,421,75,0.21852731591448932,0.8133333333333334,0.17333333333333334,0.013333333333333334,0.040380047505938245,0.11401425178147269,0.1187648456057007,0.10688836104513064,0.0,0.19002375296912113,0.007125890736342043,0.009501187648456057,0.0,0.004750593824228029,0.0,0.004750593824228029,0.249,0.333,0.428,0.761,0.272,19.0,10.7
181,189,Yoan Moncada,LAA,110,259.8408071748879,289.0,55.72645739910314,0.21973094170403587,0.7441860465116279,0.2209302325581395,0.023255813953488372,0.026905829596412554,0.11434977578475336,0.10538116591928251,0.08520179372197309,0.0,0.2713004484304933,0.008968609865470852,0.0067264573991031385,0.002242152467128028,0.0067264573991031385,0.002242152467128028,0.004484304932735426,0.243,0.3139013452914798,0.3890274314214463,0.7029287767129262,0.3173431734317343,27.13004484304933,8.520179372197308,248,289,46,0.20069204152249134,0.6739130434782609,0.2826086956521739,0.043478260869565216,0.04152249134948097,0.13494809688581316,0.12110726643598616,0.11072664359861592,0.0034602076124567475,0.25951557093425603,0.02422145328719723,0.006920415224913495,0.0,0.0,0.0,0.0,0.234,0.336,0.448,0.783,0.282,26.0,11.1
182,190,Adolis Garcia,TEX,143,495.6342668863262,547.0,87.41186161449752,0.2042833607907743,0.7422680412201512,0.24742268041237117,0.02061855670103093,0.04448105436573312,0.12520593080724876,0.12191103789126853,0.07578253706754531,0.0016474464579901156,0.28171334431630973,0.011532125205930808,0.008237232289950578,0.0,0.021416803953871497,0.004942339373970346,0.016474464579901156,0.226,0.2911184210526316,0.4254545454545455,0.7165729665071771,0.2717086834733893,28.171334431630974,7.578253707,507,547,96,0.21023765996343693,0.7083333333333334,0.2916666666666667,0.0,0.03473491773308958,0.10603290676416818,0.13711151736745886,0.051188299817184646,0.0018281535648994515,0.24680073126142596,0.009140767824497258,0.012797074954296161,0.0,0.02376599634369287,0.007312614259597806,0.016453382084095063,0.227,0.271,0.394,0.665,0.267,24.7,5.1
183,191,Ryan Mountcastle,BAL,124,327.3075435203095,357.0,73.1953578336557,0.2379110251450677,0.7735849056603773,0.21698113207547168,0.009433962268061941,0.03288201160541586,0.11411992263056094,0.1218568665377176,0.06576402321083172,0.0019342359775910362,0.23017408123791103,0.007736943907156673,0.009671179883945842,0.0,0.005802707930367504,0.0019342359775910362,0.0038684719535783366,0.26,0.3114119922630561,0.4198312236286919,0.7312432158917481,0.3090379008746355,23.017408123791103,6.5764023210831715,332,357,76,0.23249299719887956,0.7631578947368421,0.23684210526315788,0.0,0.0196078431372549,0.09523809523809523,0.09803921568627451,0.04201680672268908,0.0,0.27450980392156865,0.011204481792717087,0.01680672268907563,0.0,0.008403361344537815,0.0,0.008403361344537815,0.25,0.286,0.367,0.653,0.326,27.500000000000004,4.2
184,193,Isiah Kiner-Falefa,PIT,124,423.40408163265306,459.0,104.91428571428571,0.24081632653061225,0.8303571428571428,0.16071428571428573,0.01785714285714286,0.012244897959183675,0.10816326530612246,0.08571428571428572,0.05102040816326531,0.0,0.15918367346938778,0.014285714285714285,0.006122448979591837,0.006122448979591837,0.0326530612244898,0.00816326530612245,0.024489795918367346,0.261,0.3080082135523614,0.3517699115044247,0.6597781250567862,0.3018867924528302,15.918367346938776,5.1020408163265305,431,459,111,0.24618736383442266,0.7927927927927928,0.1891891891891892,0.018018018018018018,0.004357298474945534,0.09803921568627451,0.08714596949891068,0.037037037037037035,0.0,0.16775599128540306,0.010893246187363835,0.002178649237472767,0.010893246187363835,0.032679738562091505,0.008714596949891068,0.023965141612200435,0.262,0.297,0.334,0.631,0.314,16.8,3.7000000000000006
185,194,Matt Wallner,MIN,126,344.06311637080864,392.0,61.08086785009861,0.1952662721893491,0.7088607594936709,0.27848101265822783,0.02531645569620253,0.03944773175542406,0.1222879684418146,0.12031558185404338,0.09270216962524654,0.003944773175542406,0.3431952662721893,0.025641025641025644,0.005917159763313609,0.0,0.005917159763313609,0.001972386587771203,0.003944773175542406,0.223,0.3129921259842519,0.4179775280898876,0.7309696540741396,0.3110236220472441,34.319526627218934,9.270216962524657,336,392,46,0.17346938775510204,0.5869565217391305,0.34782608695652173,0.06521739130434782,0.05612244897959184,0.11989795918367346,0.10204081632653061,0.11734693877551021,0.0,0.29081632653061223,0.02040816326530612,0.00510204081632653,0.0,0.01020408163265306,0.007653061224489796,0.002551020408163265,0.202,0.311,0.464,0.776,0.228,29.100000000000005,11.7
186,195,Heliot Ramos,SFG,135,632.3763250883393,695.0,135.07067137809187,0.22791519434628976,0.7636363636363638,0.2272727272727273,0.018181818181818184,0.03356890459363958,0.12014134275618377,0.1148409893992933,0.0706713780918728,0.00176678445229682,0.2667844522968198,0.0088339222614841,0.00706713780918728,0.00176678445229682,0.014134275618374562,0.00530035335689046,0.0088339222614841,0.251,0.3085106382978723,0.4194174757281553,0.7279281140260276,0.3151862464183381,26.67844522968198,7.067137809,620,695,138,0.22877697841726619,0.8188405797101449,0.17391304347826086,0.007246376811594203,0.030215827338129497,0.1223021582733813,0.09928057553956834,0.07482014388489208,0.0028776978417266188,0.2273381294964029,0.02446043165467626,0.008633093525179856,0.0,0.008633093525179856,0.0057553956834532375,0.0028776978417266188,0.256,0.328,0.4,0.728,0.309,22.7,7.5
187,196,Andrew Vaughn,CHW,142,406.77,447.0,88.655,0.23,0.7563025210084033,0.23529411764705882,0.008403361344537815,0.03166666666666666,0.10833333333333332,0.12,0.06666666666666667,0.0,0.20166666666666666,0.015,0.008333333333333333,0.0016666666666666666,0.0016666666666666666,0.0,0.0016666666666666666,0.252,0.3116666666666666,0.412087912087912,0.7237545787545787,0.2895377128953771,20.166666666666664,6.666666666666667,406,447,89,0.23042505592841164,0.7528089887640449,0.24719101123595505,0.0,0.03131991051454139,0.07829977628635347,0.14541387024608501,0.06935123042505593,0.0,0.1789709172259508,0.006711409395973154,0.013422818791946308,0.0022371364653243847,0.0,0.0,0.0,0.254,0.307,0.411,0.719,0.28,17.9,6.9
188,198,Ke'Bryan Hayes,PIT,125,524.1379310344828,570.0000000000001,120.11494252873565,0.22796934865900384,0.7818181818430621,0.19999999999999998,0.02727272727272727,0.017241379310344824,0.10919540229885057,0.09770114942105261,0.06513409961403507,0.0019157088122605365,0.19348659003831417,0.005747126436781609,0.007662835249042145,0.0019157088122605365,0.028735632183908042,0.007662835249042145,0.021072796934865898,0.249,0.2994241842610364,0.3645833333333333,0.6640075175943698,0.2941176470588235,19.34865900383142,6.513409961685824,527,570,119,0.21754385964912282,0.8403361344537815,0.13445378151260504,0.025210084033613446,0.008771929824561403,0.08771929824561403,0.08596491228070176,0.06315789473684211,0.0017543859649122807,0.19473684210526315,0.008771929824561403,0.0017543859649122807,0.0017543859649122807,0.021052631578947368,0.005263157894736842,0.015789473684210527,0.235,0.29,0.306,0.595,0.289,19.5,6.3
189,199,Michael Conforto,LAD,116,426.1528662420382,486.0,82.54777070063693,0.20806794055201694,0.7625000000000001,0.23750000000000002,0.012500000000000002,0.03821656050955414,0.12314225053078556,0.12951167728237792,0.09766454352441613,0.004246284501061571,0.2271762208067941,0.014861995753715499,0.008492569002123142,0.0,0.0021231422505307855,0.0,0.0021231422505307855,0.238,0.3212765957446808,0.4213075060532688,0.7425841017979496,0.273972603,22.717622080679405,9.766454352441617,418,486,71,0.17078189300411523,0.7183098591549296,0.28169014084507044,0.0,0.024691358024691357,0.1111111111111111,0.07407407407407407,0.11522633744855967,0.0,0.24897119341563786,0.018518518518518517,0.006172839506172839,0.0,0.00205761316872428,0.0,0.00205761316872428,0.199,0.305,0.333,0.637,0.247,24.9,11.5
190,201,Dylan Crews,WSN,134,293.39024390243907,322.00000000000006,62.829268293414636,0.21951219512422357,0.7499999999990294,0.21428571428321877,0.026785714285402343,0.024390243902439022,0.11672473867595817,0.09930313588850175,0.06620209059233449,0.0,0.22299651568322978,0.013937282229965155,0.005226480836236933,0.0017421602787456444,0.03832752613240418,0.012195121951219511,0.02613240418118467,0.241,0.3006993006993007,0.3766730401529636,0.6773723408522643,0.2916666666666667,22.299651567944252,6.620209059233449,293,322,51,0.18944099378881987,0.803921568627451,0.1568627450980392,0.0392156862745098,0.031055900621118012,0.13354037267080746,0.08385093167701864,0.07453416149068323,0.0,0.2360248447204969,0.015527950310559006,0.0,0.0,0.052795031055900624,0.015527950310559006,0.037267080745341616,0.208,0.28,0.352,0.631,0.246,23.6,7.5
192,205,Luke Raley,SEA,118,194.8810572687225,219.0,34.73127753303964,0.19823788546255502,0.7500000000000002,0.2222222222219686,0.02777777777777778,0.03964757709251101,0.11894273127753305,0.1211453744493392,0.06828193832599118,0.0,0.3083700440528634,0.033039647575342466,0.006607929515418502,0.004405286343612334,0.02422907488986784,0.004405286343612334,0.019823788546255505,0.224,0.3002207505518763,0.4059405940594059,0.7061613446112823,0.2891566265060241,30.837004405286343,6.828193832599119,183,219,33,0.1689497716894977,0.7575757575757576,0.24242424242424243,0.0,0.0182648401826484,0.1050228310502283,0.0867579908675799,0.0867579908675799,0.0,0.2922374429223744,0.0593607305936073,0.0045662100456621,0.0136986301369863,0.0091324200913242,0.0045662100456621,0.0045662100456621,0.202,0.319,0.311,0.631,0.284,29.2,8.7
194,207,Ramon Urias,BAL,79,352.8215488215488,390.99999999999994,73.72390572390572,0.2154882154882155,0.7857142857142857,0.21428571428571427,0.017857142857142856,0.02693602693602694,0.10774410774410775,0.10774410774410775,0.0707070707070707,0.0,0.22222222222222224,0.01346801346801347,0.006734006734006735,0.0033670033670033673,0.0033670033670033673,0.0,0.0033670033670033673,0.239,0.3016949152542373,0.3843283582089552,0.6860232734631926,0.2857142857142857,22.22222222222222,7.070707071,352,391,74,0.21739130434782608,0.7702702702702703,0.22972972972972974,0.0,0.028132992327365727,0.08439897698209718,0.11253196930946291,0.06905370843989769,0.0,0.22506393861892582,0.005115089514066497,0.02557544757033248,0.0,0.0076726342710997444,0.0,0.0076726342710997444,0.241,0.292,0.384,0.675,0.281,22.5,6.9
195,208,Andy Pages,LAD,81,562.56,624.0,111.35999999999999,0.21230769230769228,0.706896551724138,0.2758620689655173,0.01724137931034483,0.033846153846153845,0.12,0.12615384615384614,0.07384615384615384,0.003076923076923077,0.24615384615384614,0.015384615384615384,0.006153846153846154,0.0,0.00923076923076923,0.003076923076923077,0.006153846153846154,0.237,0.3024691358024691,0.409556313993174,0.7120254497956432,0.284313725490196,24.615384615384617,7.384615384615385,581,624,131,0.2532051282051282,0.7862595419847328,0.20610687022900764,0.007633587786259542,0.04326923076923077,0.11858974358974358,0.13782051282051283,0.046474358974358976,0.0,0.21634615384615385,0.01282051282051282,0.009615384615384616,0.0,0.022435897435897436,0.011217948717948718,0.011217948717948718,0.272,0.313,0.461,0.774,0.308,21.6,4.6
196,209,Jesus Sanchez,MIA,134,447.7644859813085,497.0,91.96822429906541,0.22056074766355138,0.7474747474747475,0.23232323232323238,0.020202020202020204,0.03551401869158879,0.1177570093457944,0.11962616822429907,0.08224299065420561,0.003738317757009346,0.25794392523364484,0.009345794392523366,0.005607476635514019,0.0018691588785046728,0.016822429906542057,0.003738317757009346,0.013084112149532711,0.246,0.3127340823970037,0.4190871369294606,0.7318212193264644,0.3018292682926829,25.79439252336449,8.224299065420562,451,497,93,0.2152917505030181,0.7311827956989247,0.22580645161290322,0.043010752688172046,0.028169014084507043,0.1227364185110664,0.096579476861167,0.08450704225352113,0.002012072434607646,0.22132796780684105,0.004024144869215292,0.004024144869215292,0.0,0.026156941649899398,0.006036217303822937,0.02012072434607646,0.237,0.304,0.395,0.699,0.283,22.1,8.5
197,210,Otto Lopez,MIA,115,547.8142548596112,594.0,134.7084233261339,0.23974082073434125,0.780952380952381,0.2,0.028571428571428577,0.012958963282937365,0.1079913606911447,0.08639308855291578,0.05831533477321814,0.0021598272138228943,0.1814254859611231,0.008639308855291577,0.0064794816414686825,0.004319654427645789,0.0345572354211663,0.008639308855291577,0.02591792656587473,0.261,0.3080260303687636,0.3676814988290398,0.6757075291978034,0.3088235294117647,18.142548596112313,5.831533477321814,544,594,119,0.2255892255892256,0.8235294117647058,0.17647058823529413,0.0,0.025252525252525252,0.1111111111111111,0.12962962962962962,0.07407407407407407,0.003367003367003367,0.13804713804713806,0.005050505050505051,0.005050505050505051,0.0,0.025252525252525252,0.010101010101010102,0.015151515151515152,0.246,0.305,0.368,0.672,0.264,13.8,7.400000000000001
198,211,Ryan O'Hearn,BAL,103,492.0603015075376,544.0,109.3467336683417,0.2336683417085427,0.75,0.22500000000000003,0.025,0.032663316582914576,0.11809045226130653,0.12060301507537688,0.07788944723618091,0.005025125628140704,0.17587939698492464,0.007537688442211055,0.007537688442211055,0.002512562814070352,0.007537688442211055,0.002512562814070352,0.005025125628140704,0.259,0.3198992443324937,0.4277777777777777,0.7476770221102715,0.2857142857142857,17.587939698492463,7.788944723618091,474,544,116,0.24448529411764705,0.8103448275862069,0.1810344827586207,0.008620689655172414,0.03125,0.12316176470588236,0.11580882352941177,0.10661764705882353,0.007352941176470588,0.20036764705882354,0.014705882352941176,0.007352941176470588,0.0,0.0055147058823529415,0.001838235294117647,0.003676470588235294,0.281,0.366,0.437,0.803,0.33,20.0,10.7
199,212,Edouard Julien,MIN,81,179.0379746835443,208.0,36.20253164556962,0.19936708860759494,0.7636363636363636,0.21818181818181817,0.01818181818181818,0.02531645569620253,0.11708860759493668,0.09493670886075949,0.12341772151898733,0.0031645569620253164,0.3164556962025316,0.009493670886075948,0.006329113924050633,0.0,0.012658227848101266,0.0031645569620253164,0.009493670886075948,0.23,0.3322784810126582,0.3713235294117647,0.7036020104244229,0.3313253012048193,31.64556962025317,12.341772151898734,182,208,37,0.19230769230769232,0.7297297297297297,0.2702702702702703,0.0,0.014423076923076924,0.0625,0.057692307692307696,0.10576923076923077,0.0,0.2932692307692308,0.009615384615384616,0.004807692307692308,0.004807692307692308,0.0,0.014423076923076924,-0.014423076923076924,0.22,0.309,0.324,0.633,0.311,29.299999999999997,10.6
200,213,Jose Caballero,TBR,82,332.7597402597403,370.0,64.87012987022078,0.19805194805194806,0.7592592592581952,0.24074074074040336,0.018518518518492566,0.022727272727027025,0.1266233766233766,0.08116883116883117,0.06818181818181818,0.0,0.25324675324324325,0.022727272727027025,0.006493506493506494,0.003246753246753247,0.07467532467532467,0.01948051948051948,0.05519480519480519,0.22,0.2899022801302932,0.3537906137184115,0.6436928938487048,0.2783505154639175,25.32467532467532,6.8181818181818175,314,370,69,0.2,0.7246376811594203,0.2608695652173913,0.014492753623188406,0.013513513513513514,0.14054054054054055,0.0972972972972973,0.12702702702702703,0.0,0.2648648648648649,0.008108108108108109,0.005405405405405406,0.010810810810810811,0.13243243243243244,0.02972972972972973,0.10270270270270271,0.236,0.339,0.347,0.686,0.324,26.5,12.7
201,214,Kristian Campbell,BOS,70,235.69896193771623,263.0,54.60207612456747,0.23183391003460205,0.7666666666666667,0.21666666666666667,0.016666666666666666,0.02422145328719723,0.12110726643598616,0.10726643598615916,0.08304498269896193,0.0034602076124567466,0.23183391003460205,0.013840830449826988,0.006920415224913494,0.0034602076124567466,0.020761245674740483,0.006920415224913494,0.013840830449826988,0.258,0.328719723,0.3976833976833976,0.7264031208667887,0.320855614973262,23.18339100346021,8.304498269896193,229,263,45,0.19391634980988592,0.7777777777777778,0.2222222222222222,0.0,0.022813688212927757,0.09125475285171103,0.07984790874524715,0.11026615969581749,0.0,0.2737642585551331,0.015209125475285171,0.0038022813688212928,0.0,0.0076045627376425855,0.0038022813688212928,0.0038022813688212928,0.223,0.319,0.345,0.664,0.296,27.399999999999995,11.0
202,216,Nolan Gorman,STL,112,360.4449438202247,402.0,58.71910112359551,0.19325842696629214,0.7538461538461538,0.24615384615384617,0.015384615392843474,0.04719101123595506,0.11460674157303372,0.13707865168539327,0.08764044943820225,0.0022471910124378107,0.3348314606741573,0.008988764044943821,0.006741573033707865,0.0,0.01123595505721393,0.0022471910124378107,0.008988764044943821,0.216,0.2898876404494382,0.4210526315789473,0.7109402720283855,0.2801724137931034,33.48314606741573,8.764044943820224,351,402,58,0.1791044776119403,0.7413793103448276,0.2413793103448276,0.017241379310344827,0.03482587064676617,0.11940298507462686,0.11442786069651742,0.11691542288557213,0.004975124378109453,0.3383084577114428,0.0,0.009950248756218905,0.0,0.0024875621890547263,0.0024875621890547263,0.0,0.205,0.296,0.37,0.666,0.283,33.8,11.7
204,218,Mitch Garver,SEA,80,250.4126984126984,290.0,39.58730158730158,0.17777777777777776,0.7674418604651163,0.23255813953488375,0.0,0.04126984126984127,0.10793650793103449,0.12380952380952381,0.11428571428571427,0.0,0.29523809523809524,0.012698412698412698,0.006349206349206349,0.0,0.0031746031746031746,0.0,0.0031746031746031746,0.205,0.3057324840764331,0.3860294117647059,0.691761896,0.2559523809523809,29.52380952380953,11.428571428571429,254,290,44,0.18275862068965518,0.8636363636363636,0.11363636363636363,0.022727272727272728,0.03103448275862069,0.1,0.10344827586206896,0.10344827586206896,0.0034482758620689655,0.27586206896551724,0.010344827586206896,0.010344827586206896,0.0,0.010344827586206896,0.0,0.010344827586206896,0.209,0.297,0.343,0.639,0.262,27.6,10.3
205,219,Alek Thomas,ARI,85,431.2990353697749,469.0,96.51446945337622,0.22829581993569137,0.7343749999999999,0.23437499999999997,0.031249999999999997,0.022508038585209004,0.11575562700964631,0.10932475884244373,0.06430868167202572,0.003215434083601286,0.1993569131769723,0.006430868167202572,0.006430868167202572,0.003215434083601286,0.019292604501066096,0.006430868167202572,0.012861736334405145,0.247,0.3,0.3881118881118881,0.6881118881118882,0.2922374429223744,19.935691318327976,6.430868167202572,433,469,99,0.2302771855010661,0.7777777777777778,0.1919191919191919,0.030303030303030304,0.019189765458422176,0.10874200426439233,0.08102345415778252,0.04477611940298507,0.0,0.2601279317697228,0.010660980810234541,0.008528784648187633,0.01279317697228145,0.014925373134328358,0.008528784648187633,0.006396588486140725,0.249,0.289,0.37,0.659,0.324,26.0,4.5
206,220,Dillon Dingler,DET,65,430.2396694214876,469.0,81.39669421487602,0.20247933884297517,0.7380952380952382,0.23809523809523817,0.023809523810437612,0.028925619834710748,0.09917355371900827,0.10743801652892561,0.061983471066098084,0.0,0.28099173553719015,0.016528925620469082,0.008264462810234541,0.0,0.0041322314051172706,0.0041322314051172706,0.0,0.22,0.279835390946502,0.3693693693693693,0.6492047603158715,0.2818791946308724,28.09917355371901,6.198347107438017,435,469,108,0.2579957356076759,0.7870370370370371,0.19444444444444445,0.018518518518518517,0.02771855010660981,0.11513859275053305,0.12153518123667377,0.04904051172707889,0.0042643923240938165,0.2345415778251599,0.019189765458422176,0.0021321961620469083,0.0,0.0,0.0,0.0,0.278,0.327,0.425,0.752,0.345,23.5,4.9
207,221,Rhys Hoskins,MIL,129,284.4710280373832,328.0,47.20747663551401,0.18878504672897195,0.7142857143233291,0.2597402597402598,0.01298701298701299,0.04485981308411215,0.11588785046728972,0.14579439252336449,0.11028037383177572,0.001869158878504673,0.27102803738317754,0.01308411214953271,0.007476635514018692,0.0,0.007476635514018692,0.001869158878504673,0.00560747663551402,0.217,0.3127340823970037,0.418103448275862,0.7308375306728658,0.2575250836120401,27.102803738317753,11.02803738317757,279,328,54,0.20121951219512196,0.7592592592592593,0.2222222222222222,0.018518518518518517,0.036585365853658534,0.09146341463414634,0.13109756097560976,0.11585365853658537,0.006097560975609756,0.2774390243902439,0.01524390243902439,0.018292682926829267,0.0,0.006097560975609756,0.003048780487804878,0.003048780487804878,0.237,0.332,0.416,0.748,0.297,27.699999999999996,11.6
208,222,Elias Diaz,SDP,88,259.0604229607251,283.0,52.15407854992749,0.2084592145015106,0.7868852458147216,0.19672131147511354,0.0,0.024169184289752652,0.09667673717314489,0.10574018126888217,0.0634441087613293,0.0030211480362537764,0.22356495468277945,0.006042296072507553,0.006042296072507553,0.0,0.0,0.0,0.0,0.228,0.2804878048780488,0.3432343234323432,0.623722128,0.273542601,22.356495468277945,6.3444108761329305,255,283,43,0.18374558303886926,0.8372093023255814,0.16279069767441862,0.0,0.03180212014134275,0.12014134275618374,0.10247349823321555,0.07420494699646643,0.0,0.26148409893992935,0.007067137809187279,0.0,0.0176678445229682,0.0,0.0,0.0,0.204,0.27,0.337,0.607,0.25,26.1,7.400000000000001
209,223,Andrew Benintendi,CHW,113,422.89978678038375,470.0,95.20255863539445,0.22601279317697226,0.7789473684210526,0.19999999999999998,0.021052631578947368,0.02345415778251599,0.10660980810234541,0.10447761193617022,0.08528784648187632,0.0042643923240938165,0.16417910447761194,0.0042643923240938165,0.008528784648187633,0.0021321961620469083,0.012793176972281448,0.0042643923240938165,0.008528784648187633,0.251,0.3162393162393162,0.3838862559241706,0.7001255721634869,0.2810650887573964,16.417910447761194,8.528784648187633,420,470,81,0.2148936170212766,0.7777777777777778,0.19753086419753085,0.024691358024691357,0.0425531914893617,0.12127659574468085,0.13404255319148936,0.0851063829787234,0.00425531914893617,0.17446808510638298,0.006382978723404255,0.01276595744680851,0.0,0.002127659574468085,0.0,0.002127659574468085,0.24,0.307,0.431,0.738,0.25,17.4,8.5
210,224,Orlando Arcia,ATL,125,195.44758064516128,214.0,38.83064516129033,0.20967741935483872,0.7999999999999999,0.19999999999999998,0.0,0.028225806451612902,0.10483870967741936,0.11088709677419355,0.0685483870967742,0.0,0.20967741935483872,0.006048387096774194,0.006048387096774194,0.0020161290322580645,0.0020161290322580645,0.0,0.0020161290322580645,0.23,0.2860040567951318,0.3620309050772627,0.6480349618723946,0.2662721893491124,20.967741935483872,6.854838709677419,203,214,38,0.19158878504672897,0.7894736842105263,0.18421052631578946,0.02631578947368421,0.014018691588785047,0.06074766355140187,0.06074766355140187,0.04672897196261682,0.0,0.21962616822429906,0.0,0.004672897196261682,0.0,0.0,0.004672897196261682,-0.004672897196261682,0.202,0.238,0.291,0.529,0.247,22.0,4.7
211,225,Colt Keith,DET,130,428.4,468.0,99.0,0.23653846153846153,0.7545454545454545,0.20909090909090908,0.03636363636363636,0.024999999999999998,0.11153846153846154,0.10961538461538461,0.07115384615384616,0.0038461538461538464,0.20576923076923076,0.0057692307692307696,0.007692307692307693,0.0,0.009615384615384616,0.0038461538461538464,0.0057692307692307696,0.258,0.3134615384615384,0.4054621848739496,0.718923723,0.3055555555555556,20.576923076923077,7.115384615384615,414,468,93,0.2264957264957265,0.7419354838709677,0.23655913978494625,0.021505376344086023,0.027777777777777776,0.1388888888888889,0.09615384615384616,0.10256410256410256,0.002136752136752137,0.21794871794871795,0.004273504273504274,0.008547008547008548,0.0,0.002136752136752137,0.002136752136752137,0.0,0.256,0.333,0.413,0.746,0.307,21.8,10.3
212,228,LaMonte Wade Jr.,SFG,108,203.61379310344827,241.99999999999997,41.16781609195402,0.19540229885057472,0.7702702702702702,0.20270270270270271,0.013513513513513513,0.025287356321839084,0.11264367816091955,0.09655172413793103,0.1310344827586207,0.006896551724137931,0.20229885057471267,0.013793103448275862,0.006896551724137931,0.006896551724137931,0.004597701149425288,0.0022988505747126436,0.0022988505747126436,0.231,0.3425925925925926,0.366120219,0.7087128111718276,0.2740740740740741,20.229885057471265,13.10344827586207,209,242,33,0.1446280991735537,0.696969696969697,0.24242424242424243,0.06060606060606061,0.008264462809917356,0.07851239669421488,0.0743801652892562,0.1115702479338843,0.004132231404958678,0.2396694214876033,0.012396694214876033,0.004132231404958678,0.008264462809917356,0.004132231404958678,0.0,0.004132231404958678,0.167,0.271,0.254,0.524,0.22,24.0,11.2
213,230,Spencer Horwitz,PIT,101,361.3623188405797,411.0,85.37681159420289,0.22705314009661834,0.7441860465116279,0.2441860465116279,0.011627906976744186,0.01932367149758454,0.10869565217391304,0.10869565217391304,0.10144927536231883,0.0024154589371980675,0.17874396135265702,0.012077294685990338,0.007246376811594203,0.0,0.004830917874396135,0.0024154589371980675,0.0024154589371980675,0.258,0.3405797101449275,0.3873626373626374,0.7279423475075649,0.3017543859649123,17.874396135265698,10.144927536231885,364,411,88,0.24087591240875914,0.7045454545454546,0.29545454545454547,0.0,0.0267639902676399,0.13381995133819952,0.12408759124087591,0.1070559610705596,0.0024330900243309003,0.17761557177615572,0.004866180048661801,0.0024330900243309003,0.0,0.0,0.0024330900243309003,-0.0024330900243309003,0.272,0.353,0.434,0.787,0.313,17.8,10.7
215,232,Chase Meidroth,CHW,60,444.9795081967213,505.0,103.48360655737706,0.21721311475409838,0.7799999999540593,0.19999999999999998,0.019999999999999997,0.012295081967213115,0.10655737704918032,0.0819672131147541,0.09836065573770492,0.0,0.1721311475409836,0.012295081967213115,0.004098360655737705,0.0,0.01639344262295082,0.004098360655737705,0.012295081967213115,0.248,0.3292181069958848,0.3441860465116279,0.6734041535075127,0.2923976608187134,17.21311475409836,9.836065573770492,450,505,109,0.22574257425742575,0.8623853211009175,0.13761467889908258,0.0,0.009900990099009901,0.10693069306930693,0.04554455445544554,0.0891089108910891,0.0,0.14257425742574256,0.011881188118811881,0.0019801980198019802,0.005940594059405941,0.027722772277227723,0.007920792079207921,0.019801980198019802,0.253,0.329,0.32,0.649,0.291,14.3,8.9
216,234,Brooks Lee,MIN,104,487.2506082725061,527.0,107.70802919708031,0.22384428223844285,0.7738095237774464,0.21428571428571427,0.011904761904761902,0.019464720194647202,0.0997566909975669,0.0997566909975669,0.0632603406326034,0.004866180048661801,0.17031630170316303,0.004866180048661801,0.007299270072992701,0.0024330900243309,0.007299270072992701,0.0024330900243309,0.004866180048661801,0.242,0.291970803,0.3578947368421052,0.6498655397618133,0.2754098360655738,17.03163017,6.326034063260341,487,527,99,0.21821631878557876,0.8383838383838383,0.15151515151515152,0.010101010101010102,0.030360531309297913,0.09487666034155598,0.12144212523719165,0.058823529411764705,0.0,0.174573055028463,0.007590132827324478,0.009487666034155597,0.0,0.0056925996204933585,0.0018975332068311196,0.003795066413662239,0.236,0.285,0.37,0.654,0.258,17.5,5.9
217,235,Ceddanne Rafaela,BOS,109,553.108545,587.0,116.58660508083142,0.2240184757505774,0.7441860465003366,0.2209302325581395,0.03488372093023256,0.02540415704387991,0.11778290993071593,0.10161662817551964,0.03695150115843271,0.0023094688221709007,0.2540415704387991,0.011547344110854504,0.006928406466512702,0.0023094688221709007,0.03695150115843271,0.009237875288683603,0.02771362586605081,0.237,0.2731481481481481,0.3799019607843137,0.6530501089324618,0.296551724,25.40415704387991,3.695150115473441,546,587,120,0.23168654173764908,0.6833333333333333,0.2833333333333333,0.03333333333333333,0.027257240204429302,0.14310051107325383,0.10732538330494037,0.04770017035775128,0.0,0.19931856899488926,0.013628620102214651,0.0034071550255536627,0.005110732538330494,0.034071550255536626,0.008517887563884156,0.02555366269165247,0.249,0.295,0.414,0.708,0.289,19.9,4.8
218,236,Ernie Clement,TOR,89,552.4712990936556,588.0,127.90332326283989,0.2356495468277946,0.7777777777777778,0.20833333333333331,0.013888888888888888,0.01812688821752266,0.10574018126888217,0.09969788519637462,0.0392749244712991,0.0030211480362537764,0.10271903323129251,0.006042296072507553,0.00906344410876133,0.006042296072507553,0.021148036253776436,0.006042296072507553,0.015105740181268883,0.251,0.2826747720364742,0.3633440514469453,0.6460188234834194,0.2627737226277372,10.27190332326284,3.927492447129909,545,588,142,0.2568027210884354,0.7394366197183099,0.24647887323943662,0.014084507042253521,0.015306122448979591,0.141156462585034,0.08503401360544217,0.04591836734693878,0.0017006802721088435,0.10374149659863946,0.006802721088435374,0.008503401360544218,0.011904761904761904,0.01020408163265306,0.008503401360544218,0.0017006802721088435,0.277,0.313,0.398,0.711,0.296,10.4,4.6
219,237,Michael Busch,CHC,134,523.2377495462795,592.0,100.99455535390202,0.20145190562613433,0.7234042553191489,0.25531914893617014,0.021276595744680847,0.030852994555353903,0.11070780399274047,0.12159709618874774,0.09618874773648649,0.0018148820326678767,0.2813067150635209,0.012704174228675136,0.007259528130671507,0.0,0.0054446460980036296,0.0018148820326678767,0.0036297640653357535,0.229,0.3103448275862069,0.3901437371663244,0.7004885647525314,0.2946708463949843,28.13067150635209,9.618874773139746,524,592,103,0.23141891891891891,0.7087378640776699,0.24271844660194175,0.04854368932038835,0.057432432432432436,0.13175675675675674,0.15202702702702703,0.0945945945945946,0.0033783783783783786,0.23479729729729729,0.016891891891891893,0.0033783783783783786,0.0,0.006756756756756757,0.0,0.006756756756756757,0.261,0.343,0.523,0.866,0.292,23.5,9.5
220,238,Miguel Vargas,CHW,104,503.72817955112225,569.0,103.5835411471322,0.2069825436408978,0.7123287671232876,0.27397260273972596,0.013698630136986299,0.02493765586034913,0.10972568578553617,0.10224438902743144,0.09476309226932668,0.002493765586034913,0.2119700748129676,0.009975062344139652,0.00748129675810474,0.002493765586034913,0.019950124688279305,0.004987531172069826,0.01496259351620948,0.233,0.3125,0.380281690140845,0.69278169,0.2775665399239543,21.19700748129676,9.476309226932669,504,569,102,0.20738137082601055,0.6666666666666666,0.3137254901960784,0.0196078431372549,0.028119507908611598,0.140597539543058,0.1054481546572935,0.0984182776801406,0.0,0.1757469244288225,0.01054481546572935,0.005272407732864675,0.0,0.01054481546572935,0.0,0.01054481546572935,0.234,0.316,0.401,0.717,0.261,17.6,9.8
221,239,Alex Verdugo,,99,192.57534246575344,213.0,44.73972602739725,0.23059360730593606,0.7608695652173914,0.22826086956521746,0.010869565217391306,0.02054794520547945,0.1050228310502283,0.10730593607305937,0.0776255707762557,0.00228310502283105,0.15068493150234744,0.006849315068493151,0.0091324200913242,0.00228310502283105,0.006849315068493151,0.00228310502283105,0.0045662100456621,0.255,0.3157894736842105,0.3813131313131313,0.6971026049973419,0.283076923076923,15.068493150684931,7.762557078,197,213,47,0.22065727699530516,0.7872340425531915,0.2127659574468085,0.0,0.0,0.09859154929577464,0.056338028169014086,0.06572769953051644,0.0,0.14553990610328638,0.009389671361502348,0.0,0.0,0.004694835680751174,0.0,0.004694835680751174,0.239,0.296,0.289,0.585,0.283,14.6,6.6000000000000005
222,240,Josh Rojas,CHW,101,186.7780612244898,210.99999999999997,39.29336734693878,0.20408163265306126,0.7671232876712327,0.21917808219178078,0.013698630136986299,0.017857142857142856,0.10714285714285716,0.08418367346938775,0.09438775510204082,0.0025510204081632655,0.21938775510204084,0.005102040816326532,0.007653061224489797,0.007653061224489797,0.02806122448979592,0.007653061224489797,0.020408163265306124,0.231,0.3059125964010283,0.3429394812680115,0.6488520776690399,0.2840466926070039,21.93877551020408,9.43877551020408,189,211,32,0.16113744075829384,0.71875,0.28125,0.0,0.009478672985781991,0.06635071090047394,0.052132701421800945,0.09004739336492891,0.0,0.22748815165876776,0.0,0.009478672985781991,0.004739336492890996,0.018957345971563982,0.004739336492890996,0.014218009478672985,0.18,0.252,0.259,0.512,0.227,22.7,9.0
223,241,Kyle Isbel,KCR,122,371.8181818181818,409.0,77.99113082039912,0.20842572062084258,0.7209302325581395,0.2209302325581395,0.04651162790697674,0.017738359201773836,0.11529933481152993,0.08647450110864745,0.06430155210643015,0.002217294900221729,0.21729490022172948,0.011086474501108647,0.0066518847006651885,0.008869179600886918,0.03104212860310421,0.008869179600886918,0.02217294900221729,0.228,0.2863534675615212,0.3512195121951219,0.6375729797566432,0.2801302931596091,21.729490022172943,6.430155210643015,368,409,90,0.22982885085574573,0.7777777777777778,0.17777777777777778,0.044444444444444446,0.009779951100244499,0.10268948655256724,0.08068459657701711,0.05623471882640587,0.0,0.18092909535452323,0.004889975550122249,0.007334963325183374,0.03178484107579462,0.009779951100244499,0.012224938875305624,-0.0024449877750611247,0.255,0.301,0.353,0.654,0.307,18.1,5.6
224,242,Jonathan Aranda,TBR,104,375.58,422.0,75.96000000000001,0.215,0.7499999999999999,0.23611111111111108,0.013888888888888886,0.034999999999999996,0.11249999999999999,0.125,0.0875,0.0025,0.25,0.015,0.0075,0.0,0.0025,0.0,0.0025,0.241,0.3175,0.4129213483146067,0.7304213483146067,0.2938775510204082,25.0,8.75,370,422,103,0.2772511848341232,0.7864077669902912,0.21359223300970873,0.0,0.03317535545023697,0.13270142180094788,0.13981042654028436,0.0971563981042654,0.0071090047393364926,0.25355450236966826,0.018957345971563982,0.0071090047393364926,0.0,0.0,0.004739336492890996,-0.004739336492890996,0.316,0.393,0.489,0.883,0.409,25.4,9.7
225,243,Jacob Young,WSN,129,330.3098591549296,364.0,77.63380281690141,0.2193158953722334,0.8018867924528302,0.17924528301886794,0.018867924528301886,0.006036217303822938,0.10462776659959758,0.06438631790744467,0.060362173038229376,0.002012072434607646,0.19315895372233402,0.014084507042253521,0.006036217303822938,0.012072434607645876,0.048289738430583505,0.012072434607645876,0.03621730382293763,0.242,0.2973523421588595,0.3126385809312638,0.6099909230901233,0.2985915492957746,19.31589537,6.036217303822937,324,364,73,0.20604395604395603,0.8493150684931506,0.136986301369863,0.0136986301369863,0.005494505494505495,0.09340659340659341,0.08516483516483517,0.07417582417582418,0.0,0.17857142857142858,0.008241758241758242,0.0027472527472527475,0.024725274725274724,0.04120879120879121,0.03021978021978022,0.01098901098901099,0.231,0.296,0.287,0.583,0.283,17.9,7.400000000000001
226,244,Tyler Soderstrom,ATH,135,566.0909090909091,624.0,104.0,0.20643939393939392,0.7386363636363638,0.23863636363636365,0.02272727272727273,0.03977272727272728,0.10984848484848485,0.11931818181818181,0.07575757575757576,0.003787878787878789,0.27272727272727276,0.00946969696969697,0.007575757575757576,0.0,0.003787878787878789,0.0018939393939393944,0.0018939393939393944,0.227,0.2916666666666667,0.4112734864300626,0.7029401530967293,0.2767295597484276,27.27272727272727,7.575757575757576,561,624,130,0.2483974358974359,0.7307692307692307,0.26153846153846155,0.007692307692307693,0.04006410256410257,0.1201923076923077,0.14903846153846154,0.08814102564102565,0.003205128205128205,0.22596153846153846,0.009615384615384616,0.003205128205128205,0.0,0.01282051282051282,0.004807692307692308,0.008012820512820512,0.276,0.346,0.474,0.82,0.327,22.6,8.8
227,245,Colson Montgomery,CHW,104,254.0335731414868,284.0,46.99280575539568,0.1870503597122302,0.7536231884057972,0.2318840579710145,0.014492753623188406,0.02158273381294964,0.09592326139088729,0.09112709832134293,0.08393285371702638,0.004796163069544364,0.2853717026378897,0.016786570743405275,0.004796163069544364,0.0,0.007194244604316545,0.002398081534772182,0.004796163069544364,0.21,0.2877697841726618,0.3297587131367292,0.6175284973093911,0.2793522267206478,28.53717026378897,8.393285371702639,255,284,40,0.2147887323943662,0.75,0.225,0.025,0.07394366197183098,0.15140845070422534,0.1936619718309859,0.0880281690140845,0.0035211267605633804,0.29225352112676056,0.007042253521126761,0.0035211267605633804,0.0,0.0,0.0,0.0,0.239,0.311,0.529,0.84,0.263,29.2,8.8
230,249,Ramon Laureano,BAL,70,439.0185873605949,488.0,85.2639405204461,0.20817843866171004,0.7659574468085107,0.23404255319148937,0.021276595744680854,0.033457249070631974,0.11895910780669146,0.11152416356877323,0.06691449814126395,0.0,0.28624535315985133,0.022304832713754646,0.007434944237918217,0.0,0.02602230483271375,0.007434944237918217,0.018587360594795543,0.231,0.2985074626865671,0.4008264462809917,0.6993339089675589,0.2974683544303797,28.624535315985128,6.691449814126393,441,488,100,0.2540983606557377,0.72,0.26,0.02,0.04918032786885246,0.14754098360655737,0.1557377049180328,0.07172131147540983,0.0020491803278688526,0.24385245901639344,0.01639344262295082,0.00819672131147541,0.0,0.014344262295081968,0.00819672131147541,0.006147540983606557,0.281,0.342,0.512,0.855,0.331,24.4,7.200000000000001
231,253,Edgar Quero,CHW,48,362.7,403.0,80.6,0.22777777777777777,0.7500000000000001,0.25,0.0,0.02777777777777778,0.11111111111111112,0.11111111111111112,0.07777777777777778,0.0,0.18333333333333335,0.016666666666666666,0.005555555555555556,0.0,0.005555555555555556,0.0,0.005555555555555556,0.254,0.3222222222222222,0.4012345679012346,0.7234567901234568,0.288,18.333333333333332,7.777777777777778,365,403,93,0.24317617866004962,0.8172043010752689,0.1827956989247312,0.0,0.01240694789081886,0.07692307692307693,0.08933002481389578,0.0794044665012407,0.0,0.1761786600496278,0.009925558312655087,0.004962779156327543,0.0,0.0,0.0024813895781637717,-0.0024813895781637717,0.268,0.333,0.356,0.689,0.32,17.6,7.9
232,255,Harrison Bader,MIN,87,464.3414634146341,501.0,96.22865853658537,0.21646341463414634,0.7460317460317459,0.2222222222222222,0.015873015873015872,0.024390243902439022,0.11890243902439022,0.0945121951219512,0.051829268292682924,0.0030487804878048777,0.2073170731707317,0.01524390243902439,0.0060975609756097554,0.0030487804878048777,0.04573170731707317,0.012195121951219511,0.033536585365853654,0.232,0.2835365853658536,0.3618421052631579,0.6453786906290115,0.2739130434782608,20.73170731707317,5.182926829268292,448,501,107,0.24750499001996007,0.7663551401869159,0.22429906542056074,0.009345794392523364,0.033932135728542916,0.1217564870259481,0.10778443113772455,0.07784431137724551,0.0,0.2714570858283433,0.021956087824351298,0.005988023952095809,0.0,0.021956087824351298,0.013972055888223553,0.007984031936127744,0.277,0.347,0.449,0.796,0.359,27.1,7.8
235,258,Giancarlo Stanton,NYY,91,251.5759162303665,281.0,40.45811518670157,0.20157068064056938,0.7818181817514073,0.21818181816318347,0.0,0.057591623036649206,0.12041884816753927,0.14659685863874344,0.09162303664921466,0.0026178010471204186,0.3010471204188482,0.005235602094240836,0.005235602094240836,0.0,0.0,0.0,0.0,0.225,0.2992125984251969,0.4532163742690058,0.7524289726942027,0.2657004830917874,30.104712041884817,9.162303664921463,249,281,44,0.24199288256227758,0.8181818181818182,0.18181818181818182,0.0,0.08540925266903915,0.12811387900355872,0.23487544483985764,0.10320284697508897,0.010676156583629894,0.3416370106761566,0.0035587188612099642,0.0035587188612099642,0.0,0.0,0.0,0.0,0.273,0.35,0.594,0.944,0.338,34.2,10.3
236,259,Wenceel Perez,DET,90,347.51771117166214,383.0,76.1825613079019,0.21798365122615804,0.7260273972602741,0.2191780821917808,0.0547945205479452,0.01907356948228883,0.11716621253405994,0.09264305177111716,0.07629427792915532,0.0,0.19618528610354224,0.005449591280653951,0.008174386920980927,0.0027247956403269754,0.027247956403269755,0.008174386920980927,0.01907356948228883,0.241,0.3005464480874317,0.3753753753753753,0.675921823,0.2840466926070039,19.618528610354225,7.629427792915531,344,383,71,0.2193211488250653,0.704225352112676,0.23943661971830985,0.056338028169014086,0.033942558746736295,0.1227154046997389,0.1122715404699739,0.08093994778067885,0.0,0.22715404699738903,0.007832898172323759,0.013054830287206266,0.0,0.020887728459530026,0.007832898172323759,0.013054830287206266,0.244,0.308,0.43,0.738,0.285,22.7,8.1
238,263,Tyler Freeman,CLE,42,384.1025641025641,428.0,93.28205128205127,0.23076923076923075,0.7647058823529412,0.2058823529411765,0.0,0.01282051282051282,0.11538461538461539,0.08974358974358974,0.06410256410256411,0.0,0.14743589742990654,0.032051282051282055,0.00641025641025641,0.00641025641025641,0.032051282051282055,0.00641025641025641,0.02564102564102564,0.26,0.3269230769230769,0.3428571428571428,0.6697802197802198,0.293103448275862,14.743589743589745,6.41025641,377,428,104,0.24766355140186916,0.7884615384615384,0.19230769230769232,0.019230769230769232,0.004672897196261682,0.11682242990654206,0.07242990654205607,0.0794392523364486,0.0,0.1191588785046729,0.02570093457943925,0.009345794392523364,0.004672897196261682,0.04205607476635514,0.02102803738317757,0.02102803738317757,0.281,0.354,0.361,0.715,0.317,11.9,7.9
239,264,Mike Yastrzemski,SFG,121,493.5252100840336,558.0,87.9201680672269,0.1911764705882353,0.6933333333333334,0.27999999999999997,0.026666666666666665,0.03361344537815126,0.11134453781512606,0.11134453781512606,0.09453781512605042,0.004201680672268907,0.2647058823529412,0.01050420168067227,0.0063025210084033615,0.004201680672268907,0.008403361344537815,0.0021008403361344537,0.0063025210084033615,0.217,0.2974683544303797,0.3895486935866983,0.6870170480170781,0.2659574468085106,26.47058823529412,9.453781512605042,477,558,94,0.1989247311827957,0.6914893617021277,0.2978723404255319,0.010638297872340425,0.03046594982078853,0.12186379928315412,0.08243727598566308,0.12903225806451613,0.007168458781362007,0.1935483870967742,0.0035842293906810036,0.008960573476702509,0.0035842293906810036,0.012544802867383513,0.0035842293906810036,0.008960573476702509,0.233,0.333,0.403,0.735,0.263,19.4,12.9
240,266,Alec Burleson,STL,118,500.7826086956522,546.0,114.17391304347827,0.23809523809523808,0.792079207920792,0.198019801980198,0.0099009900990099,0.02898550724637681,0.10973084886128363,0.11801242236024843,0.06418219461697722,0.0,0.13871635610766045,0.006211180124223602,0.008281573498964802,0.0020703933747412005,0.010351966873706002,0.004140786749482401,0.006211180124223602,0.26,0.3097713097713098,0.4040632054176072,0.7138345151889169,0.2759562841530054,13.871635610766043,6.418219461697723,497,546,126,0.26373626373626374,0.7777777777777778,0.20634920634920634,0.015873015873015872,0.03296703296703297,0.0989010989010989,0.12637362637362637,0.07142857142857142,0.0018315018315018315,0.1446886446886447,0.005494505494505495,0.007326007326007326,0.0018315018315018315,0.009157509157509158,0.0018315018315018315,0.007326007326007326,0.29,0.343,0.459,0.801,0.312,14.499999999999998,7.1
241,267,Ty France,MIN,100,439.1062801932366,489.99999999999994,100.60386473429952,0.2270531400966184,0.7882352941176469,0.2117647058823529,0.0,0.021739130434782608,0.10628019323671499,0.10386473429951691,0.06521739130434784,0.0,0.1811594202898551,0.03140096618357487,0.007246376811594203,0.0,0.0,0.0,0.0,0.255,0.323671497584541,0.3746630727762803,0.6983345703608214,0.293103448275862,18.115942028985508,6.521739130434782,444,490,107,0.23265306122448978,0.7663551401869159,0.2336448598130841,0.0,0.014285714285714285,0.10204081632653061,0.10612244897959183,0.044897959183673466,0.0020408163265306124,0.16938775510204082,0.04285714285714286,0.006122448979591836,0.0,0.0020408163265306124,0.0,0.0020408163265306124,0.257,0.32,0.36,0.681,0.3,16.9,4.5
242,268,Freddy Fermin,KCR,78,318.1833910034602,347.0,68.43944636678201,0.2179930795847751,0.7719298245614036,0.21052631578947367,0.017543859649122803,0.020761245674740483,0.09688581314878894,0.10380622837370243,0.0657439446366782,0.0,0.1972318339100346,0.006920415224913493,0.006920415224913493,0.0034602076124567466,0.0034602076124567466,0.0,0.0034602076124567466,0.237,0.2916666666666667,0.3584905660377358,0.6501572327044025,0.2794117647058823,19.72318339100346,6.5743944636678195,319,347,75,0.23054755043227665,0.8266666666666667,0.17333333333333334,0.0,0.01440922190201729,0.09221902017291066,0.07492795389048991,0.05475504322766571,0.002881844380403458,0.1873198847262248,0.005763688760806916,0.0,0.020172910662824207,0.002881844380403458,0.005763688760806916,-0.002881844380403458,0.251,0.297,0.339,0.636,0.301,18.7,5.5
243,269,Gavin Lux,CIN,113,451.5568181818182,502.99999999999994,101.7431818181818,0.22499999999999998,0.7640449438202249,0.20224719101123598,0.03370786516853933,0.022727272727272724,0.1159090909090909,0.10454545454545454,0.0909090909090909,0.0022727272727272726,0.2204545454545455,0.004545454545454545,0.006818181818181819,0.0,0.01590909090909091,0.004545454545454545,0.0113636363638171,0.25,0.3204545454545454,0.3873417721518987,0.7077963176064441,0.3058419243986254,22.045454545454547,9.090909090909092,446,503,115,0.23856858846918488,0.7391304347826086,0.24347826086956523,0.017391304347826087,0.009940357852882704,0.09741550695825049,0.10536779324055666,0.11133200795228629,0.0,0.22664015904572565,0.0,0.0019880715705765406,0.0,0.0019880715705765406,0.0,0.0019880715705765406,0.269,0.35,0.374,0.724,0.351,22.7,11.1
244,270,Luis Urias,ATH,63,291.2608695652174,330.0,53.086956521739125,0.1869565217391304,0.7567567567567568,0.21621621621621623,0.0,0.02608695652173913,0.10434782608695652,0.09565217391304348,0.08695652173913043,0.0,0.23043478260869565,0.021739130434782608,0.004347826086956522,0.0,0.008695652173913044,0.0,0.008695652173913044,0.212,0.296943231441048,0.334975369458128,0.6319186008991762,0.2551724137931034,23.043478260869566,8.695652173913043,287,330,58,0.2,0.8793103448275862,0.1206896551724138,0.0,0.024242424242424242,0.08181818181818182,0.07575757575757576,0.09393939393939393,0.0,0.13636363636363635,0.01818181818181818,0.00909090909090909,0.0,0.006060606060606061,0.0030303030303030303,0.0030303030303030303,0.23,0.315,0.338,0.653,0.245,13.6,9.4
245,271,Jordan Walker,STL,127,361.96875,396.0,77.34375,0.220703125,0.74,0.24,0.02,0.025390625,0.111328125,0.107421875,0.068359375,0.001953125,0.240234375,0.01171875,0.005859375,0.0,0.013671875,0.00390625,0.009765625,0.242,0.30078125,0.3846153846153846,0.6853966346153846,0.2985074626865671,24.0234375,6.8359375,363,396,72,0.19696969696969696,0.8055555555555556,0.18055555555555555,0.013888888888888888,0.015151515151515152,0.10101010101010101,0.10353535353535354,0.07323232323232323,0.0025252525252525255,0.3181818181818182,0.007575757575757576,0.0025252525252525255,0.0,0.025252525252525252,0.007575757575757576,0.017676767676767676,0.215,0.278,0.306,0.584,0.31,31.8,7.3
246,272,Jose Trevino,CIN,68,277.14403292181066,302.0,57.16872427983538,0.21810699588477364,0.8043478260869567,0.17391304347343797,0.0,0.02880658436213992,0.09876543209876544,0.11522633744855967,0.06172839506172839,0.0,0.17695473251028804,0.008230452675496689,0.008230452675496689,0.004115226337448559,0.004115226337448559,0.0,0.004115226337448559,0.236,0.2892561983471074,0.3632286995515695,0.6524848978986769,0.2628571428571428,17.695473251028808,6.172839506172839,282,302,63,0.22185430463576158,0.6825396825396826,0.31746031746031744,0.0,0.013245033112582781,0.09933774834437085,0.0728476821192053,0.04966887417218543,0.0,0.1291390728476821,0.0,0.013245033112582781,0.0033112582781456954,0.0,0.0,0.0,0.238,0.272,0.351,0.623,0.259,12.9,5.0
247,273,Nick Castellanos,PHI,148,541.8044871794872,589.0,117.0448717948718,0.23237179487179488,0.7419354838709677,0.24193548387096775,0.016129032258064516,0.03365384615384615,0.11538461538461536,0.125,0.060897435897435896,0.0016025641025641025,0.23237179487179488,0.009615384615384616,0.008012820512820512,0.0016025641025641025,0.011217948717948718,0.003205128205128205,0.008012820512820512,0.252,0.3033707865168539,0.4216027874564459,0.7249735739732999,0.3002421307506053,23.23717948717949,6.089743589743589,547,589,120,0.23259762308998302,0.7583333333333333,0.225,0.016666666666666666,0.028862478777589132,0.12224108658743633,0.12224108658743633,0.05432937181663837,0.0,0.22580645161290322,0.006791171477079796,0.010186757215619695,0.0,0.006791171477079796,0.0,0.006791171477079796,0.25,0.294,0.4,0.694,0.298,22.6,5.4
248,274,Pedro Pages,STL,56,354.5073891625616,389.0,70.90147783268965,0.20689655172413793,0.7837837837818233,0.21621621621567544,0.0,0.024630541871465298,0.09852216748768473,0.10344827586206896,0.06896551724137931,0.0,0.25615763546798026,0.009852216748768473,0.0049261083743842365,0.0,0.0049261083743842365,0.0,0.0049261083743842365,0.226,0.2871287128712871,0.3513513513513513,0.6384800642226385,0.2868217054263566,25.615763546798032,6.896551724137931,361,389,72,0.2133676092544987,0.7916666666666666,0.20833333333333334,0.0,0.028277634961439587,0.09768637532133675,0.11568123393316196,0.04884318766066838,0.002570694087403599,0.2750642673521851,0.007712082262210797,0.007712082262210797,0.007712082262210797,0.0,0.0,0.0,0.23,0.272,0.363,0.635,0.293,27.500000000000004,4.9
249,275,Kyle Teel,CHW,48,266.9840425531915,297.0,55.29255319148936,0.2074468085106383,0.7714285714285715,0.22857142857142854,0.02857142857142857,0.02127659574468085,0.10106382978723404,0.09042553191489361,0.0851063829787234,0.0,0.25531914893617025,0.005319148936170213,0.005319148936170213,0.0,0.010638297872340425,0.005319148936170213,0.005319148936170213,0.231,0.2994652406417112,0.3668639053254438,0.666329146,0.2966101694915254,25.53191489361702,8.510638298,253,297,61,0.23232323232323232,0.819672131147541,0.18032786885245902,0.0,0.026936026936026935,0.12794612794612795,0.11784511784511785,0.12457912457912458,0.0,0.25925925925925924,0.016835016835016835,0.003367003367003367,0.003367003367003367,0.010101010101010102,0.003367003367003367,0.006734006734006734,0.273,0.375,0.411,0.786,0.361,25.9,12.5
250,276,Jake Fraley,CIN,104,194.44059405940595,217.0,43.50742574257426,0.22524752475247528,0.7530864197530864,0.22222222222950444,0.024691358024691357,0.024752475247524757,0.12376237623762376,0.10396039603960397,0.08415841584158414,0.0024752475247524753,0.19801980198019806,0.012376237623762379,0.007425742574257427,0.0,0.04207920792079207,0.012376237623762379,0.029702970297029705,0.251,0.3217821782178218,0.3950276243093922,0.716809803,0.2945454545454545,19.8019801980198,8.415841584158416,191,217,40,0.2119815668202765,0.775,0.225,0.0,0.027649769585253458,0.14285714285714285,0.10599078341013825,0.1152073732718894,0.004608294930875576,0.22580645161290322,0.004608294930875576,0.0,0.0,0.018433179723502304,0.013824884792626729,0.004608294930875576,0.241,0.332,0.382,0.714,0.294,22.6,11.5
252,278,Roman Anthony,BOS,92,270.0477453580902,303.0,58.671087532819634,0.21750663129973477,0.7260273972644425,0.24657534246716914,0.027397260274129906,0.02387267904620462,0.1193633952254642,0.10344827586206896,0.09549071618037135,0.002652519893899204,0.2493368700265252,0.005305039787798408,0.005305039787798408,0.002652519893899204,0.01856763925729443,0.005305039787798408,0.01326259946949602,0.243,0.3191489361702128,0.3898809523809524,0.7090298885511652,0.3106382978723404,24.93368700265252,9.549071618037134,257,303,67,0.24752475247524752,0.7164179104477612,0.26865671641791045,0.014925373134328358,0.026402640264026403,0.15841584158415842,0.10561056105610561,0.132013201320132,0.0,0.27722772277227725,0.0165016501650165,0.0033003300330033004,0.0,0.013201320132013201,0.0033003300330033004,0.009900990099009901,0.292,0.396,0.463,0.859,0.404,27.699999999999996,13.2
253,279,Sal Frelick,MIL,113,537.9370786516854,594.0,130.81348314606743,0.22696629213483147,0.7755102040816326,0.19387755102040816,0.03061224489795918,0.0067415730337078645,0.10337078651685394,0.08314606741573033,0.07640449438202247,0.0022471910112359553,0.14831460674157304,0.008988764044943821,0.0067415730337078645,0.0022471910112359553,0.029213483146067417,0.0067415730337078645,0.022471910112359557,0.252,0.3130630630630631,0.3349875930521092,0.6480506561151722,0.2908011869436201,14.831460674157304,7.640449438202247,528,594,140,0.2558922558922559,0.8357142857142857,0.14285714285714285,0.02142857142857143,0.020202020202020204,0.12794612794612795,0.10606060606060606,0.07912457912457913,0.0,0.13468013468013468,0.011784511784511785,0.008417508417508417,0.005050505050505051,0.03198653198653199,0.010101010101010102,0.021885521885521887,0.288,0.351,0.405,0.756,0.317,13.5,7.9
254,280,Tyrone Taylor,NYM,82,313.16326530612247,341.0,60.31292517006803,0.20748299319727892,0.7115384615384617,0.2692307692307693,0.019230769230769232,0.030612244897959176,0.11224489795918367,0.1054421768707483,0.054421768709677416,0.0,0.23809523809523808,0.017006802721088437,0.006802721088435375,0.0034013605442176874,0.023809523809384163,0.006802721088435375,0.017006802721088437,0.224,0.2798634812286689,0.3851851851851852,0.6650486664138542,0.2694300518134715,23.809523809523807,5.442176870748299,310,341,67,0.20234604105571846,0.6865671641791045,0.26865671641791045,0.04477611940298507,0.005865102639296188,0.09970674486803519,0.07917888563049853,0.0469208211143695,0.002932551319648094,0.22287390029325513,0.026392961876832845,0.005865102639296188,0.008797653958944282,0.03519061583577713,0.005865102639296188,0.02932551319648094,0.223,0.279,0.319,0.598,0.286,22.3,4.7
256,284,Taylor Walls,TBR,61,279.1283185840708,317.0,51.89823008849558,0.18141592920353983,0.7297297298081677,0.2432432432432432,0.027027027027027025,0.017699115044247787,0.11061946902654868,0.0752212389380531,0.10176991150442478,0.0,0.252212389380531,0.004424778761061947,0.008849557522123894,0.004424778761061947,0.04424778761061947,0.01327433628318584,0.03097345132743363,0.204,0.2888888888888888,0.321608040201005,0.6104969290898938,0.2642857142857143,25.221238938053094,10.17699115044248,282,317,58,0.19558359621451105,0.7413793103448276,0.2413793103448276,0.017241379310344827,0.012618296529968454,0.11356466876971609,0.11987381703470032,0.08201892744479496,0.0,0.22082018927444794,0.0,0.01892744479495268,0.00946372239747634,0.04416403785488959,0.01892744479495268,0.025236593059936908,0.22,0.28,0.319,0.599,0.271,22.1,8.2
257,285,Trent Grisham,NYY,61,497.6278027,581.0,80.76681614349778,0.17040358744394624,0.7096774193548386,0.2580645161290322,0.032258064516129024,0.03139013452914798,0.11659192825112108,0.09865470852017938,0.11659192825112108,0.004484304932735426,0.273542600896861,0.013452914798206279,0.004484304932735426,0.008968609865470852,0.017937219730941704,0.004484304932735426,0.013452914798206279,0.199,0.3031674208144796,0.3612565445026178,0.6644239653170974,0.25,27.35426009,11.659192825112108,494,581,82,0.19965576592082615,0.8780487804878049,0.10975609756097561,0.012195121951219513,0.058519793459552494,0.14974182444061962,0.12736660929432014,0.14113597246127366,0.0,0.23580034423407917,0.0068846815834767644,0.0017211703958691911,0.0,0.0051635111876075735,0.0034423407917383822,0.0017211703958691911,0.235,0.348,0.464,0.811,0.253,23.6,14.099999999999998
258,286,Trey Sweeney,DET,72,295.9261992619926,326.0,55.33579335805534,0.19188191881918817,0.7173913043462475,0.23913043478208254,0.04347826086946954,0.02214022140184049,0.10332103321033209,0.09225092250922508,0.07380073800738007,0.0036900369003690036,0.2767527675276752,0.01107011070110701,0.0036900369003690036,0.0,0.01845018450184502,0.007380073800738007,0.01107011070110701,0.211,0.2777777777777778,0.3455284552845528,0.6233062330623307,0.2771084337349397,27.67527675276753,7.380073800738007,296,326,52,0.17791411042944785,0.8461538461538461,0.11538461538461539,0.038461538461538464,0.018404907975460124,0.11042944785276074,0.09815950920245399,0.07975460122699386,0.0,0.2822085889570552,0.0,0.012269938650306749,0.0,0.009202453987730062,0.003067484662576687,0.006134969325153374,0.196,0.258,0.291,0.548,0.257,28.199999999999996,8.0
260,288,Luis Torrens,NYM,47,259.4166666666667,283.0,50.794871794871796,0.20512820512820512,0.75,0.21428571428571425,0.0,0.02564102564102564,0.09615384615384615,0.10256410256410256,0.0641025641025641,0.0,0.25641025641025644,0.00641025641025641,0.00641025641025641,0.0,0.00641025641025641,0.0,0.00641025641025641,0.223,0.2774193548387096,0.3426573426573426,0.6200766974960523,0.28,25.64102564102564,6.41025641,261,283,54,0.20848056537102475,0.7222222222222222,0.25925925925925924,0.018518518518518517,0.0176678445229682,0.0706713780918728,0.10247349823321555,0.06713780918727916,0.0,0.1978798586572438,0.007067137809187279,0.0,0.0035335689045936395,0.0035335689045936395,0.0,0.0035335689045936395,0.226,0.284,0.345,0.629,0.27,19.8,6.7
261,289,Masataka Yoshida,BOS,95,184.5524296675192,205.0,45.613810741687985,0.24552429667519182,0.7701149425287356,0.21839080459770108,0.011494252873563218,0.023017902813299233,0.11508951406649617,0.11508951406649617,0.07672634271099744,0.005115089514066497,0.13043478260869565,0.017902813299232736,0.005115089514066497,0.0,0.005115089514066497,0.0025575447570332483,0.0025575447570332483,0.271,0.340153453,0.4090909090909091,0.7492443617763311,0.2959183673469387,13.043478260869565,7.672634271099745,188,205,46,0.24390243902439024,0.7608695652173914,0.2391304347826087,0.0,0.01951219512195122,0.07804878048780488,0.12682926829268293,0.04878048780487805,0.0,0.11707317073170732,0.014634146341463415,0.01951219512195122,0.0,0.014634146341463415,0.0,0.014634146341463415,0.266,0.307,0.388,0.696,0.28,11.7,4.9
262,291,Javier Baez,DET,83,403.6920731707317,437.0,81.27134146341463,0.21036585365853658,0.7704918032786886,0.21311475409836067,0.01639344262295082,0.02439024390243902,0.10365853658536586,0.10060975609756098,0.04573170731707317,0.0,0.24085365853658536,0.012195121951219513,0.006097560975609756,0.0,0.021341463414634148,0.006097560975609756,0.01524390243902439,0.227,0.2716049382716049,0.3564356435643564,0.6280405818359613,0.2798165137614679,24.085365853658537,4.573170731707317,417,437,95,0.2448512585812357,0.7894736842105263,0.17894736842105263,0.031578947368421054,0.02745995423340961,0.12585812356979406,0.13043478260869565,0.02288329519450801,0.0,0.2494279176201373,0.013729977116704805,0.006864988558352402,0.0,0.011441647597254004,0.002288329519450801,0.009153318077803204,0.257,0.282,0.398,0.68,0.318,24.9,2.3
263,293,Jose Iglesias,SDP,66,317.24110671936756,343.0,82.699604743083,0.25296442687747034,0.7868852459016394,0.19672131147540986,0.01639344262295082,0.011857707509881424,0.10671936758893281,0.10276679841897232,0.03952569169960474,0.0,0.16205533596837945,0.015810276679841896,0.003952569169960474,0.0,0.011857707509881424,0.003952569169960474,0.007905138339920948,0.273,0.3132530120481928,0.3717948717948718,0.6850478838430646,0.3193717277486911,16.205533596837945,3.9525691699604746,306,343,67,0.20408163265306123,0.835820895522388,0.16417910447761194,0.0,0.008746355685131196,0.08454810495626822,0.10495626822157435,0.06997084548104957,0.0,0.16326530612244897,0.02040816326530612,0.0058309037900874635,0.011661807580174927,0.014577259475218658,0.0029154518950437317,0.011661807580174927,0.229,0.298,0.294,0.592,0.269,16.3,7.000000000000001
264,294,Caleb Durbin,MIL,66,456.9104478,506.0,101.95522388059702,0.2164179104477612,0.7592592592592593,0.22222222222222224,0.018518518518518517,0.014925373134328358,0.1082089552238806,0.09328358208955224,0.06716417910447761,0.003731343283582089,0.12686567164179105,0.01865671641791045,0.007462686567164178,0.003731343283582089,0.0373134328358209,0.007462686567164178,0.02985074626865672,0.24,0.3033707865168539,0.3471074380165289,0.6504782245333829,0.2621359223300971,12.686567164179104,6.7164179104477615,445,506,103,0.22529644268774704,0.7572815533980582,0.24271844660194175,0.0,0.021739130434782608,0.11857707509881422,0.10474308300395258,0.05928853754940711,0.0,0.09881422924901186,0.04743083003952569,0.007905138339920948,0.005928853754940711,0.03557312252964427,0.011857707509881422,0.023715415019762844,0.256,0.334,0.387,0.721,0.265,9.9,5.9
265,295,Angel Martinez,CLE,46,434.29189189189185,484.0,94.18378378378378,0.2162162162162162,0.75,0.25,0.027777777777777776,0.02162162162162162,0.1081081081081081,0.09729729729729729,0.07567567567567568,0.0,0.19459459459459458,0.01081081081081081,0.005405405405405405,0.005405405405405405,0.016216216216216217,0.005405405405405405,0.01081081081081081,0.243,0.3060109289617486,0.3855421686746988,0.6915530976364475,0.2834645669291338,19.45945945945946,7.567567567567568,446,484,89,0.2066115702479339,0.7191011235955056,0.25842696629213485,0.02247191011235955,0.022727272727272728,0.11570247933884298,0.09297520661157024,0.047520661157024795,0.0,0.22727272727272727,0.012396694214876033,0.008264462809917356,0.010330578512396695,0.01652892561983471,0.004132231404958678,0.012396694214876033,0.224,0.269,0.359,0.628,0.271,22.7,4.8
266,296,Javier Sanoja,MIA,49,320.37931034482756,342.0,84.51724137931035,0.25862068965517243,0.7441860465116279,0.20930232558139533,0.023255813953488372,0.01149425287356322,0.10919540230994153,0.09195402298850575,0.05172413793103448,0.00574712643678161,0.07471264367816091,0.00574712643678161,0.00574712643678161,0.00574712643678161,0.03448275862068965,0.01149425287356322,0.022988505747126436,0.274,0.3160919540229885,0.3742331288343558,0.6903250828573444,0.2885906040268456,7.471264367816093,5.172413793103448,313,342,70,0.2222222222222222,0.6285714285714286,0.3142857142857143,0.05714285714285714,0.017543859649122806,0.11695906432748537,0.1111111111111111,0.05555555555555555,0.0,0.11988304093567251,0.005847953216374269,0.011695906432748537,0.011695906432748537,0.017543859649122806,0.014619883040935672,0.0029239766081871343,0.243,0.287,0.396,0.683,0.259,12.0,5.6
267,297,Nolan Jones,COL,122,352.9327902240326,403.0,74.69042769857435,0.2118126272912424,0.7252747252747251,0.2527472527472527,0.021978021978021976,0.0264765784114053,0.12016293279022404,0.10183299389002037,0.10997963340122201,0.006109979633401223,0.3014256619144603,0.00814663951120163,0.004073319755600815,0.0020366598778004076,0.022403258655804476,0.006109979633401223,0.01629327902240326,0.243,0.3306122448979592,0.3953488372093023,0.7259610821072615,0.3357933579335793,30.14256619144603,10.99796334,355,403,70,0.18610421836228289,0.7714285714285715,0.2,0.02857142857142857,0.01240694789081886,0.08436724565756824,0.08436724565756824,0.0967741935483871,0.0024813895781637717,0.2803970223325062,0.01240694789081886,0.007444168734491315,0.0024813895781637717,0.019851116625310174,0.007444168734491315,0.01240694789081886,0.211,0.296,0.304,0.6,0.292,28.000000000000004,9.7
268,299,Agustin Ramirez,MIA,62,534.0248962655601,585.0,111.65975103734439,0.21991701244813275,0.7608695652173912,0.23913043478260873,0.0,0.029045643153526972,0.10373443983402489,0.11203319502074688,0.07468879668049791,0.004149377593360996,0.20746887966804978,0.008298755186721992,0.004149377593360996,0.0,0.012448132780082987,0.004149377593360996,0.008298755186721992,0.24,0.3029045643153527,0.3863636363636363,0.689268201,0.2804878048780488,20.74688796680498,7.468879668049793,537,585,103,0.21196581196581196,0.6699029126213593,0.32038834951456313,0.009708737864077669,0.035897435897435895,0.12307692307692308,0.11452991452991453,0.06153846153846154,0.003418803418803419,0.19316239316239317,0.013675213675213675,0.006837606837606838,0.0,0.02735042735042735,0.005128205128205128,0.022222222222222223,0.231,0.287,0.413,0.701,0.253,19.3,6.2
269,300,Mickey Moniak,LAA,84,428.37538461538463,461.0,76.59692307692305,0.20307692307692304,0.7222222222222225,0.25925925925925936,0.03703703703703705,0.036923076923076927,0.11384615384615385,0.11076923076923077,0.0523076923076923,0.003076923076923077,0.2923076923076923,0.009230769230769232,0.006153846153846154,0.003076923076923077,0.018461538461538463,0.006153846153846154,0.012307692307692308,0.22,0.2654320987654321,0.4006622516556291,0.6660943504210612,0.2741116751269035,29.230769230769234,5.230769230769231,434,461,93,0.25379609544468545,0.6989247311827957,0.21505376344086022,0.08602150537634409,0.052060737527114966,0.13449023861171366,0.1475054229934924,0.04772234273318872,0.0021691973969631237,0.2386117136659436,0.004338394793926247,0.006507592190889371,0.0,0.019522776572668113,0.006507592190889371,0.013015184381778741,0.27,0.306,0.518,0.824,0.307,23.9,4.8
276,309,Thomas Saggese,STL,61,273.0043859649123,295.0,56.9298245614035,0.21929824561403505,0.7500000000000001,0.25000000000000006,0.022727272727272728,0.02631578947368421,0.10526315789473684,0.10964912280701752,0.05263157894736842,0.0,0.2543859649122807,0.013157894736842105,0.008771929824561403,0.0043859649122807015,0.013157894736842105,0.0043859649122807015,0.008771929824561403,0.239,0.2850877192982456,0.3886255924170616,0.6737133117153072,0.2953020134228188,25.438596491228072,5.263157894736842,275,295,69,0.24067796610169492,0.7536231884057971,0.2463768115942029,0.0,0.006779661016949152,0.0847457627118644,0.0847457627118644,0.05423728813559322,0.0,0.28135593220338984,0.003389830508474576,0.006779661016949152,0.003389830508474576,0.010169491525423728,0.0,0.010169491525423728,0.258,0.299,0.342,0.641,0.359,28.1,5.4
277,311,Austin Hays,CIN,110,382.95327102803736,416.0,80.67289719626169,0.22429906542056077,0.7349397590361445,0.25301204819277107,0.012048192771084338,0.030373831775700934,0.1074766355140187,0.1238317757009346,0.056074766355140186,0.0,0.22429906542056077,0.014018691588785047,0.007009345794392523,0.0023364485981308414,0.007009345794392523,0.0023364485981308414,0.004672897196261683,0.245,0.2950819672131147,0.4010152284263959,0.6960971956395107,0.2881944444444444,22.429906542056074,5.607476635514018,380,416,86,0.24278846153846154,0.7558139534883721,0.18604651162790697,0.05813953488372093,0.036057692307692304,0.14423076923076922,0.15384615384615385,0.06971153846153846,0.004807692307692308,0.25721153846153844,0.002403846153846154,0.014423076923076924,0.0,0.016826923076923076,0.0,0.016826923076923076,0.266,0.315,0.453,0.768,0.326,25.7,7.000000000000001
278,312,Mike Tauchman,CHW,97,333.5994764397906,385.0,70.54973821989529,0.20157068062827227,0.7571428571428572,0.2142857142857143,0.014285714285714285,0.018324607329842934,0.1099476439790576,0.08900523560209424,0.11518324607329843,0.002617801047120419,0.21465968586387435,0.010471204188481676,0.005235602094240838,0.002617801047120419,0.015706806282722516,0.005235602094240838,0.010471204188481676,0.231,0.3280839895013123,0.3444108761329305,0.6724948656342429,0.2868852459016393,21.465968586387437,11.518324607329845,335,385,79,0.22857142857142856,0.7721518987341772,0.21518987341772153,0.012658227848101266,0.023376623376623377,0.11428571428571428,0.1038961038961039,0.11688311688311688,0.0,0.22337662337662337,0.01038961038961039,0.0025974025974025974,0.0,0.0,0.0,0.0,0.263,0.356,0.4,0.756,0.328,22.3,11.7
279,313,Miguel Rojas,LAD,52,285.95360824742266,317.0,70.26288659793813,0.23195876288659792,0.7674418604651164,0.20930232558139536,0.0,0.010309278350515464,0.11340206185567009,0.09278350515463916,0.0618556701030928,0.0,0.12886597938144329,0.010309278350515464,0.005154639175257732,0.005154639175257732,0.020618556701030927,0.005154639175257732,0.015463917525773196,0.254,0.3105263157894737,0.3371428571428571,0.6476691729323308,0.2885906040268456,12.886597938144329,6.185567010309279,290,317,69,0.23974763406940064,0.7391304347826086,0.2608695652173913,0.0,0.022082018927444796,0.11041009463722397,0.08517350157728706,0.07570977917981073,0.0031545741324921135,0.14511041009463724,0.0,0.0,0.00946372239747634,0.015772870662460567,0.0,0.015772870662460567,0.262,0.318,0.397,0.715,0.291,14.499999999999998,7.6
280,314,Brooks Baldwin,CHW,47,300.967033,328.0,63.07692307692308,0.2142857142857143,0.7428571428571429,0.22857142857142856,0.028571428571428574,0.02197802197802198,0.1043956043956044,0.09340659340659341,0.06593406593406594,0.005494505494505495,0.22527472527439027,0.005494505494505495,0.005494505494505495,0.005494505494505495,0.02197802197802198,0.005494505494505495,0.016483516483516484,0.234,0.287292818,0.3652694610778443,0.6525622787574024,0.2845528455284553,22.52747252747253,6.593406593406594,300,328,61,0.21951219512195122,0.7377049180327869,0.2459016393442623,0.01639344262295082,0.03353658536585366,0.0975609756097561,0.11585365853658537,0.06402439024390244,0.0,0.2621951219512195,0.003048780487804878,0.006097560975609756,0.012195121951219513,0.01524390243902439,0.0,0.01524390243902439,0.24,0.29,0.407,0.697,0.298,26.200000000000003,6.4
281,317,Nick Fortes,MIA,100,221.54929577464787,242.0,44.99154929577465,0.2028169014084507,0.7727272727272727,0.21212121212121213,0.015151515151515152,0.016901408450704224,0.08732394366197183,0.08450704225352113,0.05070422535211268,0.0,0.16056338028169015,0.016901408450704224,0.005633802816901408,0.008450704225352112,0.011267605633802816,0.002816901408450704,0.008450704225352112,0.22,0.2735042735042735,0.3261538461538461,0.5996581196581197,0.25,16.056338028169016,5.070422535211268,218,242,45,0.2066115702479339,0.7777777777777778,0.2,0.022222222222222223,0.02066115702479339,0.07851239669421488,0.08677685950413223,0.05785123966942149,0.0,0.19421487603305784,0.028925619834710745,0.004132231404958678,0.008264462809917356,0.004132231404958678,0.0,0.004132231404958678,0.229,0.296,0.349,0.644,0.269,19.4,5.8
287,324,Cole Young,SEA,33,230.1492537313433,257.0,49.865671641791046,0.20895522388059704,0.7692307692307692,0.23076923076923075,0.0,0.014925373134328358,0.10447761194029852,0.08955223880597014,0.08208955223880597,0.0,0.1865671641791045,0.007462686567164179,0.007462686567164179,0.0,0.022388059701492536,0.007462686567164179,0.014925373134328358,0.236,0.3007518796992481,0.3333333333333333,0.6340852130325814,0.2765957446808511,18.65671641791045,8.208955223880597,223,257,43,0.1828793774319066,0.813953488372093,0.16279069767441862,0.023255813953488372,0.01556420233463035,0.0933852140077821,0.0933852140077821,0.10894941634241245,0.0038910505836575876,0.1828793774319066,0.007782101167315175,0.007782101167315175,0.007782101167315175,0.0038910505836575876,0.0,0.0038910505836575876,0.211,0.302,0.305,0.607,0.247,18.3,10.9
288,325,Rob Refsnyder,BOS,62,183.09829059829065,209.0,41.08547008547009,0.22222222222222224,0.7826086956521737,0.21739130434782605,0.0,0.025641025641025644,0.11965811965811966,0.11111111111111112,0.09401709401709402,0.0,0.2435897435897436,0.017094017094017096,0.008547008547008548,0.0,0.012820512820512822,0.004273504273504274,0.008547008547008548,0.255,0.334763948497854,0.3902439024390244,0.7250078509368785,0.3194444444444444,24.35897435897436,9.401709401709402,182,209,40,0.23444976076555024,0.7,0.3,0.0,0.0430622009569378,0.13875598086124402,0.14354066985645933,0.11483253588516747,0.004784688995215311,0.2583732057416268,0.004784688995215311,0.009569377990430622,0.0,0.014354066985645933,0.0,0.014354066985645933,0.269,0.354,0.484,0.838,0.331,25.8,11.5
289,326,Oswald Peraza,NYY,51,241.77835051546393,265.0,47.80927835051548,0.20618556701030932,0.7714285714285712,0.19999999999999993,0.0,0.025773195876288662,0.1134020618556701,0.09278350515463918,0.06701030927835051,0.0,0.23711340206185566,0.015463917525773195,0.005154639175257732,0.0,0.041237113402061855,0.010309278350515464,0.03092783505154639,0.225,0.2886597938144329,0.3446327683615819,0.6332925621760148,0.2755905511811024,23.711340206185564,6.701030927835052,244,265,35,0.1509433962264151,0.8285714285714286,0.17142857142857143,0.0,0.018867924528301886,0.09056603773584905,0.07547169811320754,0.06415094339622641,0.0,0.3018867924528302,0.007547169811320755,0.0037735849056603774,0.0,0.033962264150943396,0.0,0.033962264150943396,0.164,0.223,0.25,0.473,0.219,30.2,6.4
290,327,Dane Myers,MIA,70,304.57317073170736,333.0,64.97560975609757,0.21951219512195125,0.7916666666666666,0.20833333333333334,0.020833333333333332,0.02439024390243903,0.10975609756097562,0.09756097560975611,0.06097560975609756,0.0,0.2764227642276423,0.012195121951219514,0.0040650406504065045,0.0040650406504065045,0.02439024390243903,0.0040650406504065045,0.02032520325203252,0.242,0.2950819672131147,0.3777777777777777,0.6728597449908925,0.3157894736842105,27.64227642276423,6.097560975609756,307,333,66,0.21621621621621623,0.8484848484848485,0.15151515151515152,0.0,0.018018018018018018,0.08708708708708708,0.09309309309309309,0.06906906906906907,0.0,0.23123123123123124,0.006006006006006006,0.003003003003003003,0.0,0.05405405405405406,0.015015015015015015,0.03903903903903904,0.235,0.291,0.326,0.617,0.293,23.1,6.9
292,329,Santiago Espinal,CIN,65,301.7046414,328.0,71.9662447257384,0.23628691983122366,0.7884615384615384,0.1923076923076923,0.0,0.016877637130801686,0.10126582278481013,0.0970464135021097,0.06329113924050633,0.004219409282700422,0.1476793248945148,0.008438818565400843,0.008438818565400843,0.004219409282700422,0.02109704641350211,0.008438818565400843,0.012658227848101266,0.257,0.3080168776371308,0.3532110091743119,0.6612278868114427,0.287292818,14.767932489451477,6.329113924050633,301,328,73,0.2225609756097561,0.8356164383561644,0.1643835616438356,0.0,0.0,0.07621951219512195,0.04878048780487805,0.06402439024390244,0.0,0.11585365853658537,0.003048780487804878,0.006097560975609756,0.009146341463414634,0.006097560975609756,0.003048780487804878,0.003048780487804878,0.243,0.292,0.282,0.575,0.275,11.6,6.4
294,331,Lenyn Sosa,CHW,96,511.16010498687666,544.0,109.94225721784775,0.22834645669291337,0.7662337662337664,0.2207792207792208,0.012987012987012988,0.026246719160104987,0.09448818897637795,0.11023622047244094,0.04199475065616798,0.0026246719160104987,0.2152230971128609,0.005249343832020997,0.007874015748031496,0.005249343832020997,0.005249343832020997,0.0026246719160104987,0.0026246719160104987,0.242,0.2770448548812665,0.3798882681564245,0.6569331230376911,0.2862453531598513,21.522309711286088,4.199475065616798,518,544,115,0.25183823529411764,0.8173913043478261,0.17391304347826086,0.008695652173913044,0.04044117647058824,0.10477941176470588,0.13786764705882354,0.03308823529411765,0.0,0.23345588235294118,0.007352941176470588,0.0055147058823529415,0.001838235294117647,0.003676470588235294,0.001838235294117647,0.001838235294117647,0.264,0.293,0.434,0.727,0.309,23.3,3.3000000000000003
296,333,Coby Mayo,BAL,46,265.83233532934133,294.0,52.814371257485035,0.2095808383233533,0.7,0.26666666666666666,0.03333333333333333,0.029940119760479042,0.10778443113772457,0.11377245508982035,0.07784431137724551,0.005988023952095809,0.28742514970059885,0.011976047904191617,0.005988023952095809,0.0,0.005988023952095809,0.0,0.005988023952095809,0.23,0.2994011976047904,0.3973509933774834,0.6967521909822738,0.303030303030303,28.74251497005988,7.784431137724551,263,294,46,0.19387755102040816,0.7391304347826086,0.2608695652173913,0.0,0.03741496598639456,0.10204081632653061,0.09523809523809523,0.09183673469387756,0.0,0.2857142857142857,0.013605442176870748,0.0,0.0,0.01020408163265306,0.0,0.01020408163265306,0.217,0.299,0.388,0.687,0.274,28.6,9.2
297,337,Kyle Farmer,COL,78,270.5454545454545,300.0,61.090909090909086,0.22909090909090907,0.7678571428571429,0.21428571428571427,0.017857142857142856,0.025454545454545452,0.1127272727272727,0.10545454545454544,0.061818181818181814,0.0,0.20363636363636362,0.021818181818181816,0.007272727272727272,0.003636363636363636,0.014545454545454544,0.003636363636363636,0.010909090909090908,0.255,0.315018315,0.3951612903225806,0.7101796053408956,0.2994652406417112,20.363636363636363,6.181818181818182,277,300,55,0.21,0.7454545454545455,0.2545454545454545,0.0,0.02666666666666667,0.08,0.10333333333333333,0.056666666666666664,0.0,0.22,0.013333333333333334,0.006666666666666667,0.0,0.0,0.0033333333333333335,-0.0033333333333333335,0.227,0.28,0.365,0.645,0.268,22.0,5.7
298,338,Riley Adams,WSN,33,257.4,286.0,47.666666666666664,0.19166666666666665,0.75,0.25,0.0,0.025,0.1,0.10833333333333334,0.075,0.0,0.3,0.025,0.008333333333333333,0.0,0.0,0.0,0.0,0.214,0.2892561983471074,0.3425925925925926,0.631848791,0.2857142857142857,30.0,7.5,263,286,41,0.17132867132867133,0.8048780487804879,0.1951219512195122,0.0,0.027972027972027972,0.10139860139860139,0.08391608391608392,0.06293706293706294,0.0,0.38461538461538464,0.017482517482517484,0.0,0.0,0.0034965034965034965,0.0,0.0034965034965034965,0.186,0.252,0.308,0.56,0.283,38.5,6.3
299,339,Randal Grichuk,ARI,72,270.46153846153845,293.0,57.956043956043956,0.23076923076923075,0.7407407407407407,0.24074074074074076,0.018518518518518517,0.03296703296703297,0.11355311355311355,0.13553113553113552,0.062271062271062265,0.0,0.20146520146520147,0.010989010989761093,0.007326007326007326,0.0,0.003663003663003663,0.0,0.003663003663003663,0.251,0.3029197080291971,0.4166666666666667,0.7195863746958637,0.2842105263157894,20.146520146520142,6.227106227106227,272,293,53,0.21160409556313994,0.6415094339622641,0.33962264150943394,0.018867924528301886,0.030716723549488054,0.11945392491467577,0.09215017064846416,0.05802047781569966,0.0034129692832764505,0.20819112627986347,0.0034129692832764505,0.010238907849829351,0.0,0.0,0.0034129692832764505,-0.0034129692832764505,0.228,0.273,0.401,0.674,0.259,20.8,5.8
301,341,Edmundo Sosa,PHI,55,240.01507537688445,261.0,49.8391959798995,0.21608040201005027,0.7368421052631579,0.21052631578947364,0.02631578947368421,0.025125628140703515,0.11055276381909547,0.10552763819095477,0.04522613065326633,0.0,0.24623115577889448,0.025125628140703515,0.005025125628140704,0.005025125628140704,0.020100502512562814,0.005025125628140704,0.015075376884422112,0.234,0.2878787878787879,0.366120219,0.6539990064580229,0.2923076923076923,24.623115577889447,4.522613065326634,243,261,56,0.2567049808429119,0.7678571428571429,0.21428571428571427,0.017857142857142856,0.0421455938697318,0.11494252873563218,0.14942528735632185,0.038314176245210725,0.0,0.21455938697318008,0.007662835249042145,0.007662835249042145,0.011494252873563218,0.0038314176245210726,0.0038314176245210726,0.0,0.276,0.307,0.469,0.777,0.315,21.5,3.8
303,344,Jared Triolo,PIT,66,337.51181102362204,376.0,74.01574803149606,0.2125984251968504,0.76,0.22,0.02,0.015748031496062992,0.1062992125984252,0.09448818897637795,0.08661417322834646,0.0,0.26377952755905515,0.007874015748031496,0.007874015748031496,0.0,0.01968503937007874,0.003937007874015748,0.015748031496062992,0.238,0.3070866141732283,0.3464912280701754,0.6535778422434038,0.3144654088050314,26.37795275590551,8.661417322834646,331,376,68,0.19946808510638298,0.7058823529411765,0.2647058823529412,0.029411764705882353,0.018617021276595744,0.10904255319148937,0.06382978723404255,0.10372340425531915,0.0026595744680851063,0.20212765957446807,0.005319148936170213,0.0026595744680851063,0.007978723404255319,0.034574468085106384,0.005319148936170213,0.02925531914893617,0.227,0.311,0.356,0.667,0.273,20.2,10.4
307,352,Ezequiel Duran,TEX,62,203.76521739130436,219.0,43.800000000000004,0.22173913043478263,0.7391304347826086,0.2391304347826087,0.02173913043478261,0.02173913043478261,0.11304347826086955,0.0956521739130435,0.052173913043478265,0.0,0.24782608695652175,0.008695652173913045,0.004347826086956523,0.0,0.02173913043478261,0.004347826086956523,0.01739130434782609,0.238,0.2838427947598253,0.3691588785046729,0.6530016732644982,0.3006535947712418,24.782608695652176,5.217391304347826,205,219,46,0.2100456621004566,0.6956521739130435,0.30434782608695654,0.0,0.0,0.0730593607305936,0.0639269406392694,0.0365296803652968,0.0,0.2511415525114155,0.0182648401826484,0.0045662100456621,0.0045662100456621,0.0502283105022831,0.0091324200913242,0.0410958904109589,0.224,0.266,0.293,0.559,0.305,25.1,3.7000000000000006
308,353,Drake Baldwin,ATL,33,403.8582677165354,446.0,84.28346456692913,0.21259842519685038,0.7916666666806802,0.20833333333333337,0.0,0.023622047244094484,0.10236220472440945,0.10236220472440945,0.07874015748031496,0.0,0.2204724409448819,0.007874015748031496,0.007874015748031496,0.0,0.0,0.0,0.0,0.234,0.2992125984251969,0.3565217391304348,0.6557343375556317,0.2823529411764706,22.04724409448819,7.874015748031496,405,446,92,0.24887892376681614,0.782608695652174,0.1956521739130435,0.021739130434782608,0.042600896860986545,0.12556053811659193,0.17937219730941703,0.08520179372197309,0.0,0.15246636771300448,0.006726457399103139,0.0,0.0,0.0,0.0,0.0,0.274,0.341,0.469,0.81,0.289,15.2,8.5
310,355,Brett Baty,NYM,40,387.9745222929936,432.0,77.04458598726114,0.2038216560509554,0.7857142857142857,0.2142857142857143,0.0,0.025477707006369425,0.1019108280254777,0.1019108280254777,0.08280254777070063,0.0,0.2611464968152866,0.006369426751592356,0.006369426751592356,0.0,0.006369426751592356,0.0,0.006369426751592356,0.227,0.2948717948717949,0.3546099290780142,0.6494817239498091,0.2886597938144329,26.11464968152866,8.280254777070063,393,432,82,0.23148148148148148,0.8170731707317073,0.15853658536585366,0.024390243902439025,0.041666666666666664,0.12268518518518519,0.11574074074074074,0.0763888888888889,0.0,0.25,0.004629629629629629,0.006944444444444444,0.0,0.018518518518518517,0.0,0.018518518518518517,0.254,0.313,0.435,0.748,0.304,25.0,7.6
312,357,Josh Bell,WSN,133,472.4972972972973,533.0,97.95675675675675,0.2144144144144144,0.7843137254901961,0.19607843137254902,0.009803921568627453,0.030630630630630633,0.1063063063063063,0.11891891891891893,0.09549549549718574,0.0036036036036036037,0.19999999999999998,0.007207207207207207,0.009009009009009007,0.0,0.0018018018018018018,0.0,0.0018018018018018018,0.242,0.3176895306859206,0.3882113821138211,0.7059009127997418,0.2764227642276423,20.0,9.54954955,468,533,89,0.20825515947467166,0.8089887640449438,0.1797752808988764,0.011235955056179775,0.04127579737335835,0.10131332082551595,0.11819887429643527,0.10694183864915573,0.001876172607879925,0.1651031894934334,0.009380863039399626,0.005628517823639775,0.0,0.0,0.005628517823639775,-0.005628517823639775,0.237,0.325,0.417,0.741,0.247,16.5,10.7
314,359,Carlos Narvaez,BOS,56,399.29842931937173,446.0,74.72251308900523,0.18848167539267016,0.75,0.21875,0.0,0.02094240837696335,0.09947643979057591,0.09947643979057591,0.08900523560209422,0.005235602094240837,0.29842931937172773,0.010471204188481674,0.005235602094240837,0.0,0.010471204188481674,0.005235602094240837,0.005235602094240837,0.208,0.2879581151832461,0.3157894736842105,0.6037475888674566,0.2882882882882883,29.84293193717277,8.900523560209423,403,446,82,0.21748878923766815,0.6707317073170732,0.32926829268292684,0.0,0.033632286995515695,0.11434977578475336,0.11210762331838565,0.08520179372197309,0.0,0.24887892376681614,0.002242152466367713,0.004484304932735426,0.004484304932735426,0.002242152466367713,0.002242152466367713,0.0,0.241,0.306,0.419,0.726,0.294,24.9,8.5
315,360,Victor Scott II,STL,68,424.41666666666663,463.0,88.1904761904762,0.2023809523809524,0.7499999999999999,0.20833333333333331,0.04166666666666666,0.011904761904761904,0.11507936507936507,0.07142857142857142,0.05555555555555555,0.0,0.2142857142857143,0.011904761904761904,0.007936507936507936,0.011904761904761904,0.05555555555555555,0.011904761904761904,0.04365079365079365,0.222,0.272,0.3203463203463203,0.5923463203463204,0.2727272727272727,21.428571428571427,5.555555555555555,398,463,81,0.1857451403887689,0.8024691358024691,0.18518518518518517,0.012345679012345678,0.01079913606911447,0.11663066954643629,0.07991360691144708,0.09071274298056156,0.0,0.23974082073434125,0.02159827213822894,0.0064794816414686825,0.02159827213822894,0.0734341252699784,0.008639308855291577,0.06479481641468683,0.216,0.305,0.296,0.601,0.284,24.0,9.1
316,361,Kyle Manzardo,CLE,113,473.72359550561794,531.0,91.88089887640449,0.2044943820224719,0.7012987012987012,0.2857142857142857,0.012987012987012986,0.031460674157303366,0.10337078651685391,0.12584269662921346,0.08764044943820225,0.00449438202247191,0.2179775280898876,0.00898876404494382,0.00898876404494382,0.0,0.002247191011235955,0.0,0.002247191011235955,0.23,0.3018018018018018,0.3954659949622166,0.6972677967640184,0.2655172413793103,21.79775280898876,8.764044943820224,470,531,83,0.2071563088512241,0.7469879518072289,0.2289156626506024,0.024096385542168676,0.05084745762711865,0.08851224105461393,0.1318267419962335,0.0903954802259887,0.003766478342749529,0.2542372881355932,0.015065913370998116,0.009416195856873822,0.0,0.003766478342749529,0.0,0.003766478342749529,0.234,0.313,0.455,0.768,0.265,25.4,9.0
317,365,Davis Schneider,TOR,61,198.625,227.0,34.24568965517241,0.1853448275862069,0.7142857142857142,0.28571428572536184,0.028571428575456262,0.034482758620689655,0.11637931034482758,0.11637931034482758,0.10344827586206896,0.0,0.2974137931034483,0.01293103448275862,0.008620689655172414,0.0,0.01293103448275862,0.004310344828193833,0.008620689655172414,0.211,0.3017241379310345,0.3940886699507389,0.6958128078817734,0.2734375,29.74137931034483,10.344827586206897,188,227,33,0.19383259911894274,0.8484848484848485,0.15151515151515152,0.0,0.048458149779735685,0.14537444933920704,0.13656387665198239,0.15859030837004406,0.0,0.2643171806167401,0.00881057268722467,0.004405286343612335,0.0,0.013215859030837005,0.004405286343612335,0.00881057268722467,0.234,0.361,0.436,0.797,0.28,26.4,15.9
318,366,Gabriel Arias,CLE,45,436.5365853658537,471.0,89.03048780487806,0.2134146341463415,0.7741935483870968,0.22580645161290322,0.0,0.024390243902439022,0.10365853658536586,0.09756097560975609,0.06097560975609756,0.0,0.2926829268292684,0.012195121951219513,0.006097560975609756,0.0,0.01829268292682927,0.006097560975609756,0.012195121951219513,0.231,0.2848484848484848,0.3552631578947368,0.6401116427432216,0.3069306930693069,29.268292682926827,6.097560975609756,432,471,84,0.20169851380042464,0.6785714285714286,0.2976190476190476,0.023809523809523808,0.02335456475583864,0.09341825902335456,0.11464968152866242,0.05732484076433121,0.0021231422505307855,0.34394904458598724,0.014861995753715499,0.008492569002123142,0.0021231422505307855,0.016985138004246284,0.008492569002123142,0.008492569002123142,0.22,0.274,0.363,0.638,0.319,34.4,5.7
319,368,Chandler Simpson,TBR,19,406.1842105263158,441.0,110.25,0.25,0.7894736842105262,0.15789473684210523,0.0,0.0,0.11842105263157894,0.07894736842105261,0.06578947368421052,0.0,0.11842105263157894,0.0,0.0,0.013157894736842105,0.06578947368421052,0.013157894736842105,0.05263157894736842,0.271,0.32,0.3,0.62,0.3114754098360656,11.842105263157894,6.578947368421052,414,441,122,0.2766439909297052,0.8524590163934426,0.12295081967213115,0.02459016393442623,0.0,0.12018140589569161,0.05895691609977324,0.045351473922902494,0.0,0.09750566893424037,0.0,0.0045351473922902496,0.006802721088435374,0.09977324263038549,0.027210884353741496,0.07256235827664399,0.295,0.326,0.345,0.671,0.327,9.8,4.5
320,369,Max Schuemann,ATH,40,187.6092715231788,213.00000000000003,35.264900662251655,0.18543046357615892,0.8000000000000002,0.24000000000000002,0.0,0.019867549668874173,0.10596026490066225,0.0728476821192053,0.08609271523178809,0.0,0.2649006622516556,0.019867549668874173,0.006622516556291391,0.006622516556291391,0.026490066225165563,0.006622516556291391,0.019867549668874173,0.212,0.2933333333333333,0.3308270676691729,0.6241604010025062,0.2747252747252747,26.490066225165563,8.609271523178808,183,213,34,0.16901408450704225,0.8235294117647058,0.11764705882352941,0.058823529411764705,0.009389671361502348,0.09389671361502347,0.06103286384976526,0.10328638497652583,0.0,0.1643192488262911,0.018779342723004695,0.004694835680751174,0.014084507042253521,0.03286384976525822,0.004694835680751174,0.028169014084507043,0.197,0.295,0.273,0.568,0.231,16.4,10.3
321,370,Enrique Hernandez,LAD,73,232.8953068592058,256.0,46.20938628158845,0.20577617328519857,0.74,0.26,0.020000000007968748,0.025270758122743684,0.10469314078125,0.11191335740072203,0.07220216606498195,0.0,0.1985559566796875,0.007220216606498195,0.007220216606498195,0.0,0.0036101083046875,0.0,0.0036101083046875,0.226,0.286231884,0.373015873,0.659247757,0.2604166666666667,19.85559566787003,7.220216606498195,232,256,37,0.18359375,0.7837837837837838,0.21621621621621623,0.0,0.0390625,0.1171875,0.13671875,0.0703125,0.0,0.265625,0.0,0.01953125,0.00390625,0.0,0.0,0.0,0.203,0.255,0.366,0.621,0.233,26.6,7.000000000000001
322,371,Max Kepler,PHI,111,426.2818791946309,474.0,85.89261745067114,0.210290827742616,0.7407407407320589,0.23456790123181864,0.024691358024401963,0.029082774049217004,0.10738255033557045,0.11409395973154364,0.08277404921700224,0.0022371364653243847,0.2013422818791946,0.011185682326621925,0.006711409395973154,0.0,0.0022371364653243847,0.0,0.0022371364653243847,0.234,0.3042505592841163,0.3880597014925373,0.6923102607766536,0.2682119205298013,20.13422818791946,8.277404921700224,417,474,72,0.189873417721519,0.7361111111111112,0.2638888888888889,0.0,0.0379746835443038,0.12236286919831224,0.10970464135021098,0.10126582278481013,0.006329113924050633,0.1962025316455696,0.008438818565400843,0.008438818565400843,0.002109704641350211,0.006329113924050633,0.0,0.006329113924050633,0.216,0.3,0.391,0.691,0.232,19.6,10.1
323,372,Dylan Carlson,BAL,37,212.6470588235294,241.0,44.30147058823529,0.20588235294117646,0.72,0.24000000000000007,0.04,0.022058823529411766,0.11029411764705883,0.10294117647058823,0.08823529411764708,0.0,0.22794117647058823,0.014705882352941176,0.007352941176470588,0.0,0.007352941176470588,0.0,0.007352941176470588,0.23,0.3111111111111111,0.375,0.6861111111111111,0.2873563218390804,22.794117647058822,8.823529411764707,217,241,38,0.1825726141078838,0.7368421052631579,0.23684210526315788,0.02631578947368421,0.024896265560165973,0.07053941908713693,0.08298755186721991,0.08713692946058091,0.0,0.22406639004149378,0.008298755186721992,0.004149377593360996,0.0,0.012448132780082987,0.012448132780082987,0.0,0.203,0.278,0.336,0.614,0.241,22.4,8.7
324,374,Paul DeJong,WSN,87,189.31736526946108,208.0,29.269461077844312,0.18263473053892215,0.7659574468085107,0.23404255319148934,0.0,0.041916167664670656,0.09580838323353294,0.13173652694610777,0.059880239520958084,0.0,0.3233532934131737,0.014970059880239521,0.005988023952095809,0.0,0.008982035928143714,0.0029940119760479044,0.005988023952095809,0.202,0.2598187311178248,0.375,0.6348187311178248,0.2554347826086957,32.33532934131736,5.9880239520958085,193,208,38,0.21153846153846154,0.7368421052631579,0.2631578947368421,0.0,0.028846153846153848,0.08653846153846154,0.11057692307692307,0.052884615384615384,0.0,0.33653846153846156,0.004807692307692308,0.014423076923076924,0.0,0.019230769230769232,0.0,0.019230769230769232,0.228,0.269,0.373,0.642,0.317,33.7,5.3
326,377,Nick Allen,ATL,37,378.7462686567165,416.0,90.02985074626866,0.22388059701492538,0.793103448275862,0.20689655172413793,0.0,0.007462686567164179,0.11194029850746269,0.07462686567164178,0.05970149253731343,0.0,0.15671641791044777,0.007462686567164179,0.007462686567164179,0.014925373134328358,0.02238805970149254,0.007462686567164179,0.014925373134328358,0.245,0.2954545454545454,0.319672131,0.6151266766020864,0.2871287128712871,15.671641791044776,5.970149253731343,371,416,82,0.1971153846153846,0.8658536585365854,0.13414634146341464,0.0,0.0,0.07692307692307693,0.052884615384615384,0.07451923076923077,0.0,0.23798076923076922,0.007211538461538462,0.007211538461538462,0.019230769230769232,0.019230769230769232,0.016826923076923076,0.002403846153846154,0.221,0.284,0.251,0.535,0.298,23.8,7.5
328,380,Wilmer Flores,SFG,93,414.0650406504065,463.0,85.32249322493226,0.21409214092140924,0.764705882352941,0.2205882352941176,0.0,0.02981029810298103,0.10569105691144709,0.11382113821138212,0.0840108401084011,0.0027100271002710027,0.14905149051490515,0.01084010840108401,0.008130081300813009,0.0,0.0,0.0,0.0,0.239,0.3097826086956521,0.3818181818181818,0.6916007905138339,0.2546816479400749,14.905149051490516,8.401084010840108,419,463,85,0.21814254859611232,0.8823529411764706,0.11764705882352941,0.0,0.03455723542116631,0.09503239740820735,0.15334773218142547,0.0734341252699784,0.0,0.1900647948164147,0.01511879049676026,0.0064794816414686825,0.0,0.0021598272138228943,0.0,0.0021598272138228943,0.241,0.307,0.379,0.686,0.267,19.0,7.3
331,384,Zach McKinstry,DET,66,463.9623430962343,510.99999999999994,94.07531380753136,0.20083682008368198,0.727272727253158,0.22727272727272732,0.04545454545454546,0.01673640167364017,0.1087866108786611,0.0794979079497908,0.0794979079497908,0.0,0.22175732217573224,0.008368200836820085,0.008368200836820085,0.004184100418410042,0.029288702928870293,0.008368200836820085,0.020920502092050212,0.222,0.2875,0.3410138248847926,0.6285138248847926,0.2716049382716049,22.17573221757322,7.949790794979079,452,511,105,0.22896281800391388,0.6761904761904762,0.21904761904761905,0.10476190476190476,0.023483365949119372,0.13307240704500978,0.0958904109589041,0.09001956947162426,0.0019569471624266144,0.2172211350293542,0.0136986301369863,0.009784735812133072,0.0019569471624266144,0.03718199608610567,0.009784735812133072,0.0273972602739726,0.259,0.333,0.438,0.771,0.314,21.7,9.0
332,385,Addison Barger,TOR,41,455.7631578947369,502.0,89.17105263157895,0.20394736842105263,0.7037037037037037,0.29629629629629634,0.0,0.026315789473684213,0.10526315788844622,0.11184210526315791,0.07236842105263158,0.0,0.26973684210526316,0.013157894736842106,0.006578947368421053,0.0,0.006578947368421053,0.0,0.006578947368421053,0.227,0.2894736842105263,0.3695652173913043,0.6590389016018307,0.2872340425531915,26.973684210526315,7.236842105263158,460,502,91,0.22310756972111553,0.6373626373626373,0.3516483516483517,0.01098901098901099,0.04183266932270916,0.12151394422310757,0.14741035856573706,0.07171314741035857,0.00796812749003984,0.2410358565737052,0.00597609561752988,0.00398406374501992,0.0,0.00796812749003984,0.00199203187250996,0.00597609561752988,0.243,0.301,0.454,0.756,0.284,24.1,7.200000000000001
333,386,Miguel Andujar,ATH,73,318.49174917491746,341.0,75.4026402640264,0.24092409240924093,0.7910447761194029,0.19402985074626863,0.014925373134328358,0.019801980198019802,0.1023102310231023,0.0957095709570957,0.052805280528052806,0.0033003300330033004,0.1353135313531353,0.006600660066006601,0.006600660066006601,0.0,0.013201320132013201,0.0033003300330033004,0.009900990099009901,0.258,0.3003300330033003,0.3745583038869258,0.6748883368902261,0.2815126050420168,13.531353135313532,5.2805280528052805,321,341,92,0.2991202346041056,0.8043478260869565,0.18478260869565216,0.010869565217391304,0.02932551319648094,0.10557184750733138,0.12903225806451613,0.04985337243401759,0.002932551319648094,0.1436950146627566,0.002932551319648094,0.005865102639296188,0.0,0.002932551319648094,0.0,0.002932551319648094,0.318,0.352,0.47,0.822,0.348,14.400000000000002,5.0
336,390,Henry Davis,PIT,30,252.67857142857144,283.0,48.00892857142857,0.19642857142857142,0.7894736842105263,0.2631578947368421,0.0,0.026785714285714288,0.10714285714285715,0.10714285714285715,0.08035714285714286,0.00892857142857143,0.26785714285714285,0.01785714285714286,0.00892857142857143,0.0,0.01785714285714286,0.00892857142857143,0.00892857142857143,0.224,0.2946428571428571,0.37,0.6646428571428571,0.2794117647058823,26.785714285714285,8.035714285714286,252,283,35,0.14840989399293286,0.8,0.2,0.0,0.024734982332155476,0.08833922261484099,0.07773851590106007,0.0636042402826855,0.0,0.26855123674911663,0.0176678445229682,0.01060070671378092,0.01060070671378092,0.007067137809187279,0.0035335689045936395,0.0035335689045936395,0.167,0.234,0.278,0.512,0.203,26.899999999999995,6.4
337,391,Abraham Toro,BOS,26,257.64948453608247,284.0,55.62886597938144,0.21649484536082472,0.7368421052631579,0.26315789473684215,0.0,0.020618556701030927,0.1134020618556701,0.10309278350515463,0.07216494845360824,0.0,0.17525773195876287,0.010309278350515464,0.010309278350515464,0.0,0.010309278350515464,0.0,0.010309278350515464,0.242,0.2989690721649484,0.3636363636363636,0.662605436,0.2714285714285714,17.525773195876287,7.216494845360824,259,284,55,0.21830985915492956,0.7636363636363637,0.23636363636363636,0.0,0.02464788732394366,0.11619718309859155,0.09507042253521127,0.04929577464788732,0.0035211267605633804,0.14788732394366197,0.02112676056338028,0.017605633802816902,0.0,0.007042253521126761,0.0035211267605633804,0.0035211267605633804,0.239,0.289,0.371,0.659,0.256,14.800000000000002,4.9
338,392,Michael A. Taylor,CHW,53,295.45454545454544,325.0,52.13903743336898,0.19251336898461538,0.7666666666635215,0.1999999999991795,0.03333333333319658,0.0320855614973262,0.10695187165775401,0.09625668449197862,0.07486631016042782,0.0,0.32085561497326204,0.005347593582887701,0.005347593582887701,0.005347593582887701,0.026737967914438502,0.005347593582887701,0.021390374331550804,0.209,0.2741935483870967,0.3647058823529411,0.638899431,0.2857142857142857,32.0855615,7.4866310160427805,295,325,50,0.18153846153846154,0.58,0.4,0.02,0.027692307692307693,0.10153846153846154,0.1076923076923077,0.07076923076923076,0.003076923076923077,0.3384615384615385,0.003076923076923077,0.006153846153846154,0.012307692307692308,0.024615384615384615,0.009230769230769232,0.015384615384615385,0.2,0.259,0.366,0.625,0.281,33.8,7.1
341,395,Ben Rice,NYY,26,469.89690721649487,530.0,81.95876288659792,0.1958762886597938,0.7333333333333335,0.2666666666666667,0.0,0.041237113402061855,0.12371134020618556,0.12371134020618556,0.09278350515463918,0.0,0.24742268041237112,0.010309278350515464,0.010309278350515464,0.0,0.010309278350515464,0.0,0.010309278350515464,0.226,0.2989690721649484,0.4069767441860465,0.705945816,0.2542372881355932,24.74226804123711,9.278350515463918,467,530,93,0.22452830188679246,0.6559139784946236,0.3010752688172043,0.043010752688172046,0.04905660377358491,0.13962264150943396,0.12264150943396226,0.09433962264150944,0.0,0.18867924528301888,0.016981132075471698,0.0037735849056603774,0.0,0.005660377358490566,0.0037735849056603774,0.0018867924528301887,0.255,0.337,0.499,0.836,0.271,18.9,9.4
344,399,Daniel Schneemann,CLE,42,377.57894736842104,422.0,72.18421052631578,0.1907894736842105,0.7692307692307694,0.23076923076923075,0.0,0.019736842105263153,0.10526315789473684,0.09210526315789473,0.09210526315789473,0.0,0.2697368421052631,0.006578947368421052,0.006578947368421052,0.006578947368421052,0.019736842105263153,0.006578947368421052,0.013157894736842105,0.216,0.2894736842105263,0.3235294117647059,0.6130030959752322,0.2795698924731182,26.973684210526315,9.210526315789473,379,422,66,0.1848341232227488,0.7121212121212122,0.2727272727272727,0.015151515151515152,0.02843601895734597,0.11374407582938388,0.0971563981042654,0.09004739336492891,0.002369668246445498,0.2772511848341232,0.0071090047393364926,0.002369668246445498,0.002369668246445498,0.02132701421800948,0.0071090047393364926,0.014218009478672985,0.206,0.283,0.354,0.636,0.263,27.699999999999996,9.0
345,400,Starling Marte,NYM,71,299.19127516778525,329.0,70.65771812099328,0.23154362416107382,0.7968749999978807,0.17187499999954292,0.031249999999916893,0.0167785234893617,0.12080536912751678,0.08389261744966442,0.06040268456375839,0.0,0.21140939598784192,0.020134228187919462,0.006711409395973154,0.003355704697986577,0.04697986577181208,0.010067114093959731,0.03691275167785235,0.254,0.3131313131313131,0.3653136531365313,0.6784449662678445,0.3121951219512195,21.140939597315437,6.0402684563758395,293,329,70,0.24012158054711247,0.8,0.2,0.0,0.02735562310030395,0.11246200607902736,0.1033434650455927,0.0668693009118541,0.0,0.2066869300911854,0.02735562310030395,0.0121580547112462,0.00303951367781155,0.02127659574468085,0.0060790273556231,0.015197568389057751,0.27,0.335,0.41,0.745,0.318,20.7,6.7
348,403,Liam Hicks,MIA,27,344.11764705882354,390.0,76.47058823529412,0.2058823529411765,0.7500000000000001,0.25,0.0,0.00980392156862745,0.08823529411764706,0.08823529411764706,0.08823529411764706,0.0,0.16666666666666666,0.0196078431372549,0.00980392156862745,0.0,0.00980392156862745,0.0,0.00980392156862745,0.235,0.3137254901960784,0.3222222222222222,0.6359477124183006,0.273972603,16.666666666666664,8.823529411764707,332,390,76,0.21025641025641026,0.8157894736842105,0.17105263157894737,0.013157894736842105,0.015384615384615385,0.09487179487179487,0.11538461538461539,0.11025641025641025,0.0,0.14358974358974358,0.023076923076923078,0.007692307692307693,0.007692307692307693,0.005128205128205128,0.0,0.005128205128205128,0.247,0.346,0.346,0.693,0.278,14.400000000000002,11.0
349,405,Will Benson,CIN,58,220.47142857142856,253.0,36.14285714285715,0.17619047619047623,0.6666666666666665,0.26666666666666655,0.03333333333333332,0.03333333333333333,0.12857142857142856,0.10476190476190475,0.10952380952380952,0.0,0.3523809523809524,0.009523809523809523,0.0047619047619047615,0.0047619047619047615,0.04285714285714285,0.009523809523809523,0.03333333333333333,0.202,0.2966507177033493,0.366120219,0.6627709362825842,0.2912621359223301,35.23809523809524,10.952380952380953,230,253,40,0.20553359683794467,0.75,0.2,0.05,0.04743083003952569,0.1225296442687747,0.16205533596837945,0.06324110671936758,0.003952569169960474,0.2648221343873518,0.003952569169960474,0.023715415019762844,0.0,0.007905138339920948,0.007905138339920948,0.0,0.226,0.273,0.435,0.708,0.255,26.5,6.3
350,406,Nacho Alvarez Jr.,ATL,14,189.0909090909091,208.0,45.38181818181819,0.2363636363636364,0.7499999999999999,0.16666666666666663,0.0,0.01818181818181818,0.1090909090909091,0.09090909090909091,0.09090909090909091,0.0,0.2,0.01818181818181818,0.0,0.0,0.01818181818181818,0.0,0.01818181818181818,0.256,0.3392857142857143,0.34,0.6792857142857143,0.3157894736842105,20.0,9.090909090909092,188,208,42,0.21153846153846154,0.7142857142857143,0.2857142857142857,0.0,0.009615384615384616,0.08653846153846154,0.07211538461538461,0.057692307692307696,0.0,0.23557692307692307,0.02403846153846154,0.004807692307692308,0.009615384615384616,0.0,0.0,0.0,0.234,0.296,0.33,0.626,0.304,23.6,5.8
357,413,Casey Schmitt,SFG,31,322.6909090909091,348.0,66.43636363627272,0.21818181818181817,0.7619047619058046,0.23809523809556393,0.0,0.027272727272988507,0.09999999999999999,0.10909090909090909,0.05454545454545454,0.0,0.23636363636363636,0.00909090909090909,0.00909090909090909,0.0,0.00909090909090909,0.0,0.00909090909090909,0.233,0.2818181818181818,0.3725490196078431,0.6543672014260249,0.2837837837837837,23.636363636363637,5.454545454545454,312,348,62,0.21264367816091953,0.7580645161290323,0.24193548387096775,0.0,0.034482758620689655,0.09770114942528736,0.11494252873563218,0.07758620689655173,0.0028735632183908046,0.23850574712643677,0.014367816091954023,0.008620689655172414,0.0028735632183908046,0.0,0.0,0.0,0.237,0.305,0.401,0.706,0.282,23.9,7.8
359,416,Tommy Pham,PIT,113,403.8176100628931,449.0,88.48218029679245,0.2159329140534521,0.7659574467800181,0.21276595743889393,0.02127659574388939,0.018867924528301886,0.11320754716981132,0.09643605870020963,0.0859538784067086,0.0,0.22641509433962265,0.008385744234800837,0.006289308176100629,0.0020964360587002093,0.025157232704402517,0.006289308176100629,0.018867924528301886,0.241,0.310272536687631,0.358974359,0.669246896,0.2984126984126984,22.641509433962263,8.595387841,392,449,86,0.21380846325167038,0.7906976744186046,0.19767441860465115,0.011627906976744186,0.022271714922048998,0.09799554565701558,0.11581291759465479,0.111358574610245,0.0066815144766146995,0.20935412026726058,0.004454342984409799,0.011135857461024499,0.0,0.011135857461024499,0.0066815144766146995,0.004454342984409799,0.245,0.33,0.37,0.7,0.294,20.9,11.1
361,418,Luke Keaschall,MIN,13,183.1153846153846,207.0,39.80769230769231,0.21153846153846154,0.8,0.2,0.0,0.019230769230769232,0.11538461538461539,0.09615384615384615,0.07692307692307693,0.0,0.21153846153846154,0.019230769230769232,0.0,0.0,0.019230769230769232,0.0,0.019230769230769232,0.246,0.3137254901960784,0.3478260869565217,0.6615515771526002,0.2941176470588235,21.153846153846153,7.6923076923076925,182,207,51,0.26570048309178745,0.7254901960784313,0.27450980392156865,0.0,0.01932367149758454,0.12077294685990338,0.13526570048309178,0.09178743961352658,0.0,0.14009661835748793,0.024154589371980676,0.004830917874396135,0.0,0.06763285024154589,0.014492753623188406,0.05314009661835749,0.302,0.382,0.445,0.827,0.34,14.000000000000002,9.2
362,420,Mauricio Dubon,HOU,96,372.92054794520544,398.0,85.05205479547945,0.2273972602763819,0.8076923076719272,0.20512820512589244,0.012820512820368278,0.0136986301369863,0.0958904109589041,0.08767123287671233,0.043835616438356165,0.0,0.14246575342465753,0.005479452054794521,0.008219178082191782,0.005479452054794521,0.010958904109589041,0.0027397260273972603,0.008219178082191782,0.244,0.2782369146005509,0.3450292397660818,0.6232661543666328,0.2708333333333333,14.246575342465754,4.383561643835616,369,398,82,0.2236180904522613,0.7439024390243902,0.25609756097560976,0.0,0.017587939698492462,0.10804020100502512,0.0829145728643216,0.06030150753768844,0.0,0.10552763819095477,0.002512562814070352,0.002512562814070352,0.007537688442211055,0.007537688442211055,0.0,0.007537688442211055,0.241,0.289,0.355,0.644,0.255,10.6,6.0
364,423,Carlos Santana,CLE,131,421.1407678244973,474.0,76.25594149908594,0.19195612431444245,0.75,0.2386363636363636,0.011363636363636362,0.031078610603290674,0.10420475319926875,0.11334552102376601,0.09689213893967094,0.0018281535648994515,0.1773308957952468,0.005484460694092827,0.005484460694092827,0.0018281535648994515,0.005484460694092827,0.0018281535648994515,0.0036563071297989027,0.216,0.2954128440366972,0.3683127572016461,0.6637256012383433,0.2346666666666666,17.73308957952468,9.689213893967093,415,474,80,0.19198312236286919,0.8625,0.1375,0.0,0.023206751054852322,0.10337552742616034,0.11392405063291139,0.10970464135021098,0.002109704641350211,0.19198312236286919,0.006329113924050633,0.008438818565400843,0.0,0.014767932489451477,0.0,0.014767932489451477,0.219,0.308,0.325,0.633,0.252,19.2,11.0
368,427,Adam Frazier,PIT,71,413.7954545454545,459.0,93.88636363636363,0.21590909090909088,0.7592592592689422,0.20370370370370372,0.01851851851851852,0.011363636363636364,0.10227272727272727,0.08333333333333333,0.07196969696969696,0.0,0.16666666666666666,0.011363636363636364,0.007575757575757575,0.007575757575757575,0.01893939393939394,0.007575757575757575,0.011363636363636364,0.239,0.3015267175572519,0.3277310924369748,0.6292578099942268,0.2797927461139896,16.666666666666664,7.196969696969697,419,459,105,0.2440087145969499,0.8095238095238095,0.19047619047619047,0.0,0.015250544662309368,0.09368191721132897,0.09586056644880174,0.05664488017429194,0.004357298474945534,0.17647058823529413,0.017429193899782137,0.010893246187363835,0.002178649237472767,0.017429193899782137,0.013071895424836602,0.004357298474945534,0.267,0.319,0.365,0.684,0.313,17.6,5.7
369,428,Noelvi Marte,CIN,51,332.8643216080402,360.0,70.55276381909549,0.22110552763819097,0.7692307691752135,0.23076923076923075,0.0,0.02512562814070352,0.11055276381909548,0.10552763819095477,0.06030150753768845,0.0,0.25125628140703515,0.010050251256281405,0.005025125628140703,0.0,0.030150753768844223,0.010050251256281405,0.020100502512562814,0.239,0.2914572864321608,0.3695652173913043,0.6610225038234652,0.3,25.125628140703515,6.030150753768844,339,360,75,0.24722222222222223,0.7466666666666667,0.22666666666666666,0.02666666666666667,0.03888888888888889,0.125,0.14166666666666666,0.044444444444444446,0.0,0.2361111111111111,0.008333333333333333,0.005555555555555556,0.0,0.027777777777777776,0.008333333333333333,0.019444444444444445,0.263,0.3,0.448,0.748,0.31,23.6,4.4
371,431,Drew Waters,KCR,31,199.95652173913044,219.0,41.89565217391304,0.20869565217391306,0.6818181818181819,0.27272727272727276,0.04545454545454546,0.01739130434782609,0.11304347826086955,0.0956521739130435,0.07826086956521738,0.0,0.31304347826086953,0.008695652173913045,0.008695652173913045,0.0,0.026086956520547946,0.008695652173913045,0.01739130434782609,0.228,0.293103448275862,0.3619047619047619,0.6550082101806239,0.3235294117647059,31.30434782608696,7.826086957,206,219,49,0.228310502283105,0.8163265306122449,0.12244897959183673,0.061224489795918366,0.0045662100456621,0.0958904109589041,0.0639269406392694,0.0502283105022831,0.0,0.273972602739726,0.0091324200913242,0.0,0.0,0.0228310502283105,0.0136986301369863,0.0091324200913242,0.243,0.288,0.316,0.603,0.338,27.399999999999995,5.0
373,434,Spencer Torkelson,DET,63,575.7665369649806,649.0,103.53696498054475,0.19455252918287938,0.7073170731707317,0.26829268292682923,0.024390243902439022,0.03501945525291829,0.10505836576271187,0.11673151750972761,0.09727626459143969,0.0038910505836575876,0.26848249027237353,0.011673151750972763,0.007782101167315175,0.0,0.0038910505836575876,0.0,0.0038910505836575876,0.219,0.3023255813953488,0.3947368421052631,0.697062424,0.2697368421052631,26.848249027237355,9.727626459,563,649,104,0.20801232665639446,0.7307692307692307,0.25961538461538464,0.009615384615384616,0.04776579352850539,0.1263482280431433,0.12018489984591679,0.11093990755007704,0.009244992295839754,0.26040061633281975,0.01386748844375963,0.007704160246533128,0.0,0.0030816640986132513,0.0015408320493066256,0.0015408320493066256,0.24,0.333,0.456,0.789,0.283,26.0,11.1
374,435,Nathan Lukes,TOR,29,399.35294117647055,438.0,98.76470588235293,0.2352941176470588,0.7826086956521741,0.2173913043478261,0.0,0.00980392156862745,0.10784313725490195,0.08823529411764706,0.06862745098039216,0.0,0.17647058823529413,0.00980392156862745,0.00980392156862745,0.0,0.00980392156862745,0.0,0.00980392156862745,0.255,0.3137254901960784,0.3440860215053763,0.6578115117014548,0.3066666666666666,17.647058823529413,6.862745098039216,388,438,87,0.22602739726027396,0.7586206896551724,0.21839080459770116,0.022988505747126436,0.0273972602739726,0.12557077625570776,0.14840182648401826,0.0867579908675799,0.0045662100456621,0.136986301369863,0.0045662100456621,0.00684931506849315,0.01598173515981735,0.0045662100456621,0.0091324200913242,-0.0045662100456621,0.255,0.323,0.407,0.73,0.273,13.699999999999998,8.7
376,437,Jake Mangum,TBR,39,402.987013,428.0,94.4935064935065,0.2272727272727273,0.7352941176470588,0.20588235294117643,0.02941176470588235,0.006493506493506493,0.0974025974025974,0.08441558441558442,0.03896103896103896,0.0,0.20779220779220778,0.012987012987012986,0.006493506493506493,0.0,0.025974025974025972,0.006493506493506493,0.01948051948051948,0.242,0.2792207792207792,0.3172413793103448,0.596462159,0.3008849557522124,20.77922077922078,3.896103896103896,405,428,117,0.2803738317757009,0.8376068376068376,0.15384615384615385,0.008547008547008548,0.007009345794392523,0.08644859813084112,0.09345794392523364,0.04439252336448598,0.0,0.14953271028037382,0.004672897196261682,0.002336448598130841,0.002336448598130841,0.0630841121495327,0.014018691588785047,0.04906542056074766,0.296,0.33,0.368,0.698,0.345,15.0,4.4
377,438,Romy Gonzalez,BOS,34,317.27826086956526,341.0,65.23478260608695,0.21739130434017595,0.7727272727581737,0.2272727272818158,0.045454545456363155,0.026086956521739132,0.1217391304347826,0.10434782608695653,0.06086956521739129,0.0,0.28695652173913044,0.008695652173913044,0.008695652173913044,0.0,0.034782608695652174,0.008695652173913044,0.026086956521739132,0.237,0.2844827586206896,0.3925233644859813,0.677006123,0.3055555555555556,28.695652173913043,6.086956521739131,315,341,87,0.28152492668621704,0.7011494252873564,0.26436781609195403,0.034482758620689655,0.026392961876832845,0.1378299120234604,0.15542521994134897,0.05278592375366569,0.002932551319648094,0.2375366568914956,0.008797653958944282,0.01466275659824047,0.0,0.017595307917888565,0.01466275659824047,0.002932551319648094,0.305,0.343,0.483,0.826,0.378,23.8,5.3
379,441,Pavin Smith,ARI,90,254.8363636363636,288.0,51.49090909090909,0.2090909090909091,0.7457627118644067,0.23728813559322026,0.01694915254237288,0.0303030303030303,0.11212121212121212,0.1212121212121212,0.09999999999999999,0.0030303030303030303,0.20606060606060606,0.006060606060606061,0.006060606060606061,0.0,0.0030303030303030303,0.0,0.0030303030303030303,0.236,0.3161094224924012,0.3938356164383562,0.7099450389307573,0.2731481481481481,20.60606060606061,10.0,244,288,55,0.21875,0.6727272727272727,0.3090909090909091,0.01818181818181818,0.027777777777777776,0.125,0.09722222222222222,0.1423611111111111,0.003472222222222222,0.3194444444444444,0.0,0.006944444444444444,0.0,0.006944444444444444,0.006944444444444444,0.0,0.258,0.362,0.434,0.797,0.377,31.9,14.2
380,442,Max Muncy,ATH,18,355.2112676056338,388.0,65.57746478873239,0.19718309859154928,0.7500000000000001,0.25,0.0,0.028169014084507043,0.09859154929577464,0.08450704225352111,0.056338028169014086,0.0,0.3098591549295774,0.014084507042253521,0.0,0.0,0.014084507042253521,0.0,0.014084507042253521,0.214,0.2714285714285714,0.3538461538461538,0.6252747252747253,0.2926829268292683,30.985915492957744,5.633802816901409,313,388,57,0.1958762886597938,0.7894736842105263,0.17543859649122806,0.03508771929824561,0.04896907216494845,0.12371134020618557,0.17268041237113402,0.16494845360824742,0.005154639175257732,0.21391752577319587,0.015463917525773196,0.01288659793814433,0.0,0.010309278350515464,0.0,0.010309278350515464,0.243,0.376,0.47,0.846,0.264,21.4,16.5
383,446,Alex Call,WSN,61,283.3047210300429,322.0,53.89699570536481,0.18884120170807453,0.7435897436282316,0.23076923078117534,0.025641025642352815,0.02145922746781116,0.10300429184549356,0.09012875536480686,0.09871244635193133,0.0,0.2017167381974249,0.012875536480686695,0.008583690987124463,0.004291845493562232,0.02145922746781116,0.008583690987124463,0.012875536480686695,0.216,0.3004291845493562,0.3414634146341463,0.6418925991835026,0.2516129032258064,20.171673819742487,9.871244635193133,270,322,67,0.2236024844720497,0.7761194029850746,0.19402985074626866,0.029850746268656716,0.015527950310559006,0.13354037267080746,0.09627329192546584,0.11180124223602485,0.0,0.17080745341614906,0.018633540372670808,0.012422360248447204,0.018633540372670808,0.006211180124223602,0.003105590062111801,0.003105590062111801,0.267,0.361,0.385,0.746,0.313,17.1,11.2
390,454,Dominic Canzone,SEA,35,246.3870967741935,268.0,45.387096774516124,0.20161290322580644,0.7619047618993469,0.23809523809354588,0.0,0.032258064514925376,0.0967741935483871,0.11290322580645161,0.07258064516129031,0.0,0.23387096774193547,0.008064516129032258,0.008064516129032258,0.0,0.008064516129032258,0.0,0.008064516129032258,0.219,0.28,0.3684210526315789,0.648421053,0.2560975609756097,23.387096774193548,7.258064516129033,243,268,62,0.27238805970149255,0.8225806451612904,0.1774193548387097,0.0,0.041044776119402986,0.11194029850746269,0.11940298507462686,0.07462686567164178,0.0,0.22014925373134328,0.011194029850746268,0.007462686567164179,0.0,0.011194029850746268,0.0037313432835820895,0.007462686567164179,0.3,0.358,0.481,0.84,0.354,22.0,7.5
401,471,Myles Straw,TOR,28,270.32876712328766,299.0,61.43835616438356,0.20547945205479454,0.7999999999999999,0.19999999999999998,0.0,0.0,0.0958904109589041,0.0684931506849315,0.0821917808219178,0.0,0.1917808219178082,0.0,0.0136986301369863,0.0,0.0410958904109589,0.0136986301369863,0.0273972602739726,0.228,0.2876712328767123,0.2727272727272727,0.5603985056039851,0.2830188679245283,19.17808219178082,8.219178082,267,299,66,0.23411371237458195,0.7727272727272727,0.21212121212121213,0.015151515151515152,0.013377926421404682,0.1705685618729097,0.10702341137123746,0.06354515050167224,0.0,0.16722408026755853,0.0033444816053511705,0.0033444816053511705,0.03678929765886288,0.04013377926421405,0.0033444816053511705,0.03678929765886288,0.262,0.313,0.367,0.68,0.308,16.7,6.4
404,474,Jakob Marsee,MIA,16,205.75862068965515,234.0,40.3448275862069,0.1896551724137931,0.7,0.19999999999999998,0.0,0.017241379310344827,0.10344827586206895,0.08620689655172414,0.10344827586206895,0.0,0.24137931034482757,0.017241379310344827,0.0,0.0,0.034482758620689655,0.0,0.034482758620689655,0.209,0.3103448275862069,0.2941176470588235,0.6044624746450304,0.2777777777777778,24.13793103448276,10.344827586206897,209,234,56,0.2606837606837607,0.625,0.32142857142857145,0.05357142857142857,0.021367521367521368,0.11965811965811966,0.14102564102564102,0.09401709401709402,0.0,0.20512820512820512,0.008547008547008548,0.004273504273504274,0.0,0.05982905982905983,0.02564102564102564,0.03418803418803419,0.292,0.363,0.478,0.842,0.357,20.5,9.4
411,484,Isaac Collins,MIL,15,389.72093023255815,441.0,71.79069767441861,0.18604651162790697,0.8571428571428572,0.2857142857142857,0.0,0.023255813953488372,0.09302325581395349,0.09302325581395349,0.09302325581395349,0.0,0.23255813953488372,0.0,0.0,0.0,0.023255813953488372,0.0,0.023255813953488372,0.218,0.2857142857142857,0.3684210526315789,0.6541353383458646,0.2592592592592592,23.25581395348837,9.302325581,372,441,89,0.2222222222222222,0.7191011235955056,0.24719101123595505,0.033707865168539325,0.02040816326530612,0.12698412698412698,0.12244897959183673,0.1292517006802721,0.0,0.2108843537414966,0.013605442176870748,0.006802721088435374,0.006802721088435374,0.036281179138321996,0.015873015873015872,0.02040816326530612,0.263,0.368,0.411,0.779,0.326,21.1,12.9
416,490,Jordan Beck,COL,98,535.5275590551181,588.0,112.66141732283465,0.2178477690288714,0.7123287671232876,0.2602739726027397,0.0273972602739726,0.026246719160104987,0.11286089238845144,0.10498687664041995,0.07611548556430446,0.0026246719160104987,0.29133858267716534,0.005249343832020997,0.005249343832020997,0.0,0.020997375328083986,0.005249343832020997,0.015748031496062995,0.239,0.3,0.3919308357348703,0.6919308357348704,0.3201754385964912,29.133858267716533,7.611548556430446,539,588,123,0.23639455782312926,0.7398373983739838,0.21951219512195122,0.04065040650406504,0.027210884353741496,0.1054421768707483,0.09013605442176871,0.07312925170068027,0.0,0.29591836734693877,0.006802721088435374,0.0017006802721088435,0.0,0.03231292517006803,0.013605442176870748,0.01870748299319728,0.258,0.317,0.416,0.732,0.351,29.600000000000005,7.3
417,492,Hunter Goodman,COL,82,534.4615384615385,579.0,102.0673076923077,0.21794871794871795,0.6909090909090909,0.2909090909090909,0.01818181818181818,0.041666666666666664,0.11217948717948718,0.13141025641025642,0.05448717948717949,0.0,0.2756410256410256,0.012820512820512822,0.006410256410256411,0.0,0.006410256410256411,0.0032051282051282055,0.0032051282051282055,0.235,0.2861736334405145,0.4340277777777778,0.7202014112182923,0.2879581151832461,27.56410256410257,5.448717948717949,540,579,119,0.25906735751295334,0.7226890756302521,0.23529411764705882,0.04201680672268908,0.0535405872193437,0.12607944732297063,0.15716753022452504,0.05699481865284974,0.0,0.26252158894645944,0.0069084628670120895,0.0034542314335060447,0.0,0.0017271157167530224,0.0034542314335060447,-0.0017271157167530224,0.278,0.323,0.52,0.843,0.331,26.3,5.7
