#,Name,Team,GS,G,IP,TBF,W,L,QS,SV,HLD,BS,H,R,ER,HR,IBB,HBP,SO,BB,K/9,BB/9,ERA,WHIP,K%,BB%,real_GS,real_G,real_IP,real_TBF,real_W,real_L,real_QS,real_SV,real_HLD,real_BS,real_H,real_R,real_ER,real_HR,real_IBB,real_HBP,real_SO,real_BB,real_K/9,real_BB/9,real_ERA,real_WHIP,real_K%,real_BB%,real_PA
1,Cade Smith,CLE,0.0,58.92857142857143,73.21428571428572,336,3.0303030303030303,3.0303030303030303,0.0,1.5151515151515151,21.21212121212121,,15.94387755102041,7.706207482993197,7.174744897959185,1.594387755102041,0.5314625850340137,1.0629251700680273,94.64285714285715,25.892857142857142,11.65,3.23,2.96,1.09,31.547619047619047,8.630952380952381,0.0,76.0,73.2,300.0,10.526315789473683,6.578947368421052,,21.052631578947366,25.0,7.894736842105263,18.333333333333332,10.333333333333334,8.0,1.3333333333333335,1.0,1.3333333333333335,104.0,19.0,12.71,2.32,2.93,1.0,34.699999999999996,6.3,300.0
2,Emmanuel Clase,CLE,0.0,40.56325301204819,50.371084337349394,332,4.477611940298508,2.985074626865672,0.0,55.22388059701492,2.985074626865672,,12.764915082014808,4.923610103062854,4.558898243576716,0.7294237189722746,0.3647118594861374,0.547067789229206,42.984939759036145,9.08132530120482,7.65,1.57,2.72,1.01,21.385542168674696,4.518072289156627,0.0,48.0,47.1,201.0,10.416666666666668,6.25,,50.0,2.083333333333333,10.416666666666668,22.885572139303484,9.950248756218906,8.45771144278607,0.9950248756218906,0.9950248756218906,1.9900497512437811,47.0,12.0,8.94,2.28,3.23,1.23,23.39999999999999,6.0,201.0
3,Mason Miller,ATH,0.0,47.103896103896105,58.5,308,4.838709677419354,3.225806451612903,0.0,43.548387096774185,3.225806451612903,,12.5801146905043,6.660060718502277,6.166722887502109,1.9733513240006744,0.4933378310001686,0.9866756620003372,82.05194805194805,19.753246753246753,12.63,3.09,2.9,1.0,35.064935064935064,8.441558441558442,0.0,60.0,61.2,234.0,1.6666666666666667,3.3333333333333335,,36.666666666666664,16.666666666666664,6.666666666666667,11.965811965811966,8.11965811965812,7.6923076923076925,2.1367521367521367,0.8547008547008548,0.4273504273504274,104.0,28.0,15.18,4.09,2.63,0.91,44.4,12.0,234.0
4,Edwin Diaz,NYM,0.0,50.96296296296296,63.06666666666667,324,4.6875,1.5625,0.0,53.125,3.125,,13.763145861911294,7.61888431641518,7.127343392775491,2.2119341563786006,0.24577046181984452,1.2288523090992227,91.57407407407408,22.296296296296298,13.0,3.18,3.28,1.06,35.49382716049383,8.641975308641975,0.0,62.0,66.1,258.0,9.67741935483871,4.838709677419355,,45.16129032258064,0.0,4.838709677419355,14.34108527131783,5.426356589147287,4.651162790697675,1.550387596899225,0.0,3.10077519379845,98.0,21.0,13.3,2.85,1.63,0.87,38.0,8.1,258.0
5,Ryan Walker,SFG,0.0,51.53276353276353,63.809686609686615,351,4.411764705882352,2.941176470588235,0.0,32.35294117647059,7.35294117647059,,15.329421027426726,7.340849506091672,6.90903482926275,1.5113513689012266,0.4318146768289219,0.8636293536578438,74.26780626780626,20.461538461538463,10.41,2.85,3.41,1.16,27.92022792022792,7.6923076923076925,0.0,68.0,61.1,266.0,7.352941176470589,10.294117647058822,,25.0,13.23529411764706,8.823529411764707,22.55639097744361,12.030075187969924,10.526315789473683,1.5037593984962405,0.7518796992481203,3.007518796992481,60.0,18.0,8.8,2.64,4.11,1.27,22.6,6.800000000000001,266.0
6,Aaron Bummer,ATL,0.0,44.83076923076923,55.82153846153846,325,4.838709677419355,1.6129032258064515,0.0,1.6129032258064515,22.580645161290327,,14.906508875739647,6.229585798816568,5.7846153846153845,0.667455621301775,0.44497041420118333,0.8899408284023667,62.90769230769231,21.692307692307693,10.07,3.51,3.05,1.25,26.769230769230766,9.230769230769232,2.0,42.0,54.1,235.0,7.142857142857142,4.761904761904762,,0.0,4.761904761904762,0.0,21.70212765957447,11.48936170212766,9.787234042553191,1.276595744680851,1.702127659574468,4.680851063829787,51.0,17.0,8.45,2.82,3.81,1.25,21.7,7.199999999999999,235.0
7,Orion Kerkering,PHI,0.0,52.139534883720934,64.68837209302326,301,3.389830508474576,1.694915254237288,0.0,10.16949152542373,20.33898305084746,,17.909294599397356,7.927064822684077,7.633469829251334,1.467974967163718,0.2935949934327436,1.1743799737309744,70.69767441860465,18.55813953488372,9.84,2.56,3.12,1.11,26.57807309,6.976744186046512,0.0,69.0,60.0,266.0,11.594202898550725,5.797101449275362,,5.797101449275362,27.536231884057973,10.144927536231885,20.676691729323306,10.526315789473683,8.270676691729323,2.2556390977443606,1.1278195488721803,1.5037593984962405,65.0,27.0,9.75,4.05,3.3,1.37,24.4,10.2,266.0
8,Andres Munoz,SEA,0.0,49.95333333333333,62.738,300,3.389830508474576,1.694915254237288,0.0,45.76271186440678,6.779661016949152,,14.957777777777778,7.055555555555556,6.773333333333334,1.6933333333333336,0.5644444444444444,1.1288888888888888,75.35333333333334,22.013333333333335,10.78,3.1,2.85,1.06,29.666666666666668,8.666666666666668,0.0,64.0,62.1,254.0,4.6875,4.6875,,59.375,0.0,10.9375,14.173228346456693,7.086614173228346,4.724409448818897,0.7874015748031495,1.1811023622047243,1.574803149606299,83.0,28.0,11.98,4.04,1.73,1.03,32.7,11.0,254.0
9,Felix Bautista,BAL,0.0,27.804195804195803,34.35804195804196,286,5.357142857142858,3.571428571428572,0.0,48.21428571428571,7.142857142857144,,7.985720573133161,4.340065528876718,3.9928602865665805,1.215218348085481,0.3472052423101374,0.6944104846202748,49.65034965034965,15.888111888111888,12.98,4.08,3.02,1.11,34.96503496503497,11.188811188811188,0.0,35.0,34.2,142.0,2.857142857142857,2.857142857142857,,54.285714285714285,0.0,2.857142857142857,11.267605633802818,7.042253521126761,7.042253521126761,2.112676056338028,0.0,0.0,50.0,23.0,12.98,5.97,2.6,1.13,35.199999999999996,16.2,142.0
10,Matt Strahm,PHI,0.0,51.0404984423676,63.00311526479751,321,4.6875,1.5625,0.0,7.8125,18.75,,15.403577216836018,7.950233402237944,7.204899020778137,2.236003144379422,0.24844479381993576,0.993779175279743,75.7632398753894,16.747663551401867,10.85,2.43,3.35,1.05,29.595015576323984,6.5420560747663545,0.0,66.0,62.1,256.0,3.0303030303030303,4.545454545454546,,9.090909090909092,33.33333333333333,6.0606060606060606,18.359375,8.59375,7.421875,1.953125,0.390625,0.78125,70.0,20.0,10.11,2.89,2.74,1.07,27.3,7.8,256.0
12,Ryan Helsley,STL,0.0,48.52173913043478,61.04347826086957,322,4.838709677419355,3.225806451612903,0.0,54.83870967741935,3.225806451612903,,14.582770726438024,7.534431541992978,7.0483391844450445,1.7013232514177694,0.4860923575479341,0.7291385363219012,70.43478260869566,22.695652173913043,10.37,3.38,3.34,1.15,27.95031055900621,9.006211180124224,0.0,58.0,56.0,252.0,5.172413793103448,6.896551724137931,,36.206896551724135,1.7241379310344827,15.517241379310345,24.206349206349206,12.698412698412698,11.11111111111111,3.1746031746031744,1.1904761904761905,0.3968253968253968,63.0,25.0,10.13,4.02,4.5,1.54,25.0,9.9,252.0
13,Jhoan Duran,MIN,0.0,55.63384615384616,68.88,325,4.761904761904762,3.1746031746031744,0.0,44.44444444444445,7.936507936507936,,17.933254437869824,8.42319526627219,7.879763313609469,1.6302958579881657,0.5434319526627219,1.0868639053254439,76.8276923076923,22.96,9.98,3.02,3.32,1.18,26.769230769230766,8.0,0.0,72.0,70.0,287.0,9.722222222222223,8.333333333333332,,44.44444444444444,1.3888888888888888,6.944444444444445,20.209059233449477,6.620209059233449,5.574912891986063,1.0452961672473868,1.3937282229965158,1.0452961672473868,80.0,19.0,10.29,2.44,2.06,1.1,27.89999999999999,6.6000000000000005,287.0
15,Porter Hodge,CHC,0.0,28.15909090909091,35.31818181818182,308,5.084745762711865,1.694915254237288,0.0,16.949152542372882,16.949152542372882,,8.522727272727272,4.338842975206612,4.028925619834711,0.7747933884297522,0.30991735537190085,0.7747933884297522,40.09090909090909,15.272727272727272,10.24,3.88,3.17,1.18,27.27272727272727,10.38961038961039,0.0,36.0,33.0,147.0,5.555555555555555,5.555555555555555,,5.555555555555555,22.22222222222222,8.333333333333332,23.12925170068027,16.3265306122449,15.646258503401361,6.122448979591836,0.6802721088435374,0.0,40.0,18.0,10.91,4.91,6.27,1.58,27.200000000000003,12.2,147.0
16,Griffin Jax,MIN,0.0,55.24024024024024,68.07297297297298,333,4.615384615384616,3.076923076923077,0.0,10.76923076923077,16.92307692307692,,17.09908106304503,8.677145614082551,7.911515118722326,2.0416813209606004,0.5104203302401501,1.0208406604803002,76.48648648648648,21.246246246246248,10.12,2.77,3.51,1.15,27.027027027027028,7.5075075075075075,2.0,73.0,66.0,283.0,1.36986301369863,9.58904109589041,,0.0,38.35616438356164,8.21917808219178,22.614840989399294,11.66077738515901,10.954063604240282,2.4734982332155475,1.0600706713780919,0.35335689045936397,99.0,21.0,13.5,2.86,4.23,1.29,35.0,7.4,283.0
17,Devin Williams,NYY,0.0,50.240802675585286,62.36789297658863,299,3.4482758620689653,1.7241379310344827,0.0,53.44827586206896,5.1724137931034475,,14.775002516750371,7.822060155926668,7.242648292524692,2.0279415219069135,0.2897059317009877,1.1588237268039507,85.75585284280936,28.585284280936452,12.39,4.14,3.18,1.18,33.11036789297659,11.036789297658862,0.0,67.0,62.0,259.0,5.970149253731343,8.955223880597014,,26.865671641791046,22.388059701492537,5.970149253731343,17.374517374517374,14.285714285714285,12.741312741312742,1.9305019305019304,0.3861003861003861,1.5444015444015444,90.0,25.0,13.06,3.63,4.79,1.13,34.699999999999996,9.69999999999999,259.0
18,Camilo Doval,SFG,0.0,52.48377581120944,65.68672566371681,339,4.687499999999999,3.125,0.0,15.625,18.749999999999996,,15.96575038504712,7.98287519252356,7.49906457479486,1.2095265443217516,0.4838106177287006,1.2095265443217516,72.16519174041298,27.882005899705018,9.88,3.8,3.43,1.24,25.958702064896755,10.029498525073748,0.0,69.0,65.1,278.0,5.797101449275362,4.3478260869565215,,23.18840579710145,14.492753623188406,8.695652173913043,18.345323741007196,12.23021582733813,9.352517985611511,1.4388489208633095,0.3597122302158274,1.079136690647482,72.0,35.0,9.92,4.82,3.58,1.32,25.9,12.6,278.0
19,Justin Martinez,ARI,0.0,12.538011695906432,15.67251461988304,342,4.6875,3.125,0.0,32.8125,12.5,,3.666085291200711,1.8330426456003555,1.6611948975753223,0.2864129133750556,0.17184774802503333,0.2864129133750556,18.023391812865498,8.032163742690058,10.37,4.56,3.31,1.31,26.900584795321635,11.988304093567251,0.0,17.0,15.1,67.0,5.88235294117647,11.76470588235294,,29.411764705882355,23.52941176470588,5.88235294117647,10.44776119402985,11.940298507462686,10.44776119402985,1.4925373134328357,1.4925373134328357,4.477611940298507,22.0,12.0,12.91,7.04,4.11,1.24,32.79999999999999,17.9,67.0
20,Chris Martin,TEX,0.0,34.54873646209386,42.77761732851985,277,3.6363636363636367,1.8181818181818183,0.0,16.363636363636363,10.90909090909091,,14.059873059729696,6.576392237615505,6.122847945366158,1.8141771689973805,0.22677214612467256,0.6803164383740177,43.34296028880867,6.909747292418773,9.13,1.43,3.51,1.07,24.90974729241877,3.9711191335740073,0.0,49.0,42.1,174.0,4.081632653061225,12.244897959183673,,4.081632653061225,26.53061224489796,6.122448979591836,24.71264367816092,10.344827586206897,8.045977011494253,3.4482758620689653,1.7241379310344827,0.5747126436781609,43.0,8.0,9.14,1.7,2.98,1.2,24.7,4.6,174.0
21,Erik Miller,SFG,0.839344262295082,25.18032786885246,30.30032786885246,305,5.0,3.3333333333333335,0.0,1.6666666666666667,20.0,,7.292663262563827,3.9903251814028486,3.7151303413061005,0.8255845202902444,0.2751948400967482,0.4127922601451222,36.511475409836066,15.527868852459015,10.77,4.54,3.29,1.24,28.524590163934427,12.131147540983608,0.0,36.0,30.0,128.0,11.11111111111111,2.7777777777777777,,0.0,27.77777777777778,5.555555555555555,18.75,3.90625,3.90625,0.0,3.125,2.34375,22.0,20.0,6.6,6.0,1.5,1.47,17.2,15.6,128.0
22,Josh Hader,HOU,0.0,40.30434782608695,50.54037267080745,322,4.761904761904763,3.1746031746031753,0.0,52.38095238095239,3.1746031746031753,,10.331391535820378,6.15909880020061,5.761737587284442,2.185486671038926,0.1986806064580842,0.7947224258323368,70.37267080745342,20.472049689440993,12.59,3.7,3.29,1.08,34.161490683229815,9.937888198757763,0.0,48.0,52.2,206.0,12.5,4.166666666666666,,58.333333333333336,0.0,2.083333333333333,14.077669902912621,7.766990291262135,5.825242718446602,3.8834951456310676,0.48543689320388345,0.9708737864077669,76.0,16.0,12.99,2.73,2.05,0.85,36.9,7.8,206.0
23,Jason Adam,SDP,0.0,53.035714285714285,65.97321428571428,336,3.0303030303030303,3.0303030303030303,0.0,10.606060606060606,18.181818181818183,,14.34948979591837,8.131377551020408,7.653061224489796,2.152423469387755,0.47831632653061223,1.4349489795918366,74.73214285714286,23.30357142857143,10.19,3.13,3.44,1.07,27.67857142857143,8.630952380952381,0.0,65.0,65.1,270.0,12.307692307692308,6.153846153846154,,0.0,44.61538461538462,3.076923076923077,18.51851851851852,6.666666666666667,5.185185185185185,1.4814814814814816,1.1111111111111112,1.1111111111111112,70.0,25.0,9.64,3.44,1.93,1.15,25.9,9.3,270.0
25,Dylan Lee,ATL,0.0,51.51408450704225,64.62676056338027,284,5.454545454545455,1.8181818181818183,0.0,0.0,23.636363636363637,,20.117536203134296,9.564074588375322,8.904483237452885,2.638365403689744,0.329795675461218,0.659591350922436,71.1830985915493,15.922535211267606,9.88,2.27,3.53,1.13,26.76056338028169,5.985915492957746,0.0,74.0,68.1,266.0,2.7027027027027026,5.405405405405405,,2.7027027027027026,25.675675675675674,9.45945945945946,19.924812030075188,10.150375939849624,9.398496240601503,4.887218045112782,0.37593984962406013,0.0,76.0,14.0,10.01,1.84,3.29,0.98,28.6,5.3,266.0
26,Keegan Akin,BAL,0.0,52.434782608695656,64.25341614906833,322,4.761904761904761,3.1746031746031744,0.0,1.5873015873015872,25.396825396825395,,17.059527024420355,8.529763512210177,8.012808147833802,2.3262991396936847,0.5169553643763745,0.7754330465645615,70.74534161490683,19.142857142857142,9.86,2.68,3.61,1.15,26.39751552795031,7.142857142857142,3.0,64.0,63.1,268.0,7.8125,6.25,,12.5,25.0,9.375,20.149253731343283,10.44776119402985,8.955223880597014,3.731343283582089,0.7462686567164178,0.3731343283582089,59.0,33.0,8.38,4.69,3.41,1.37,22.0,12.3,268.0
27,Bryan Abreu,HOU,0.0,56.41988950276243,70.32044198895028,362,4.3478260869565215,2.898550724637681,0.0,7.246376811594203,20.28985507246377,,15.133848173132689,8.35749824486432,7.905741582979762,2.0329049784805107,0.22587833094227894,1.3552699856536736,86.67403314917128,30.25414364640884,11.12,3.87,3.66,1.21,29.28176796,10.220994475138122,0.0,70.0,71.0,296.0,4.285714285714286,5.714285714285714,,10.0,35.714285714285715,7.142857142857142,17.22972972972973,6.081081081081082,6.081081081081082,1.3513513513513513,0.0,1.3513513513513513,105.0,31.0,13.31,3.93,2.28,1.15,35.5,10.5,296.0
28,Tyler Rogers,SFG,0.0,57.92592592592592,72.4074074074074,351,4.411764705882353,2.941176470588235,0.0,2.941176470588235,20.58823529411765,,19.41542682283423,8.736942070275404,8.251556399704546,1.6988498469979951,0.2426928352854279,1.2134641764271394,51.96296296296296,16.185185185185187,6.42,1.97,3.58,1.16,17.37891737891738,5.413105413105413,0.0,81.0,77.1,299.0,4.938271604938271,7.4074074074074066,,0.0,39.50617283950617,2.4691358024691357,22.073578595317723,6.688963210702341,5.68561872909699,1.3377926421404682,0.0,0.33444816053511706,48.0,7.0,5.59,0.81,1.98,0.94,16.1,2.3,299.0
29,Raisel Iglesias,ATL,0.0,51.333333333333336,64.55555555555556,342,4.545454545454546,1.515151515151515,0.0,51.515151515151516,1.515151515151515,,17.056530214424953,8.187134502923977,7.732293697205979,2.2742040285899936,0.4548408057179987,0.6822612085769981,65.33333333333333,14.77777777777778,9.14,2.09,3.66,1.13,24.561403508771928,5.555555555555555,0.0,70.0,67.1,266.0,5.714285714285714,8.571428571428571,,41.42857142857143,2.857142857142857,7.142857142857142,19.172932330827066,9.398496240601503,9.022556390977442,3.007518796992481,0.7518796992481203,0.7518796992481203,73.0,16.0,9.76,2.14,3.21,1.0,27.39999999999999,6.0,266.0
30,Kevin Kelly,TBR,0.0,33.11619718309859,41.60598591549295,284,5.454545454545454,1.8181818181818181,0.0,0.0,9.09090909090909,,13.144713350525691,5.936322158301924,5.512299146994644,1.2720690339218408,0.21201150565364016,0.8480460226145606,35.524647887323944,9.03169014084507,7.63,1.94,3.43,1.11,20.774647887323944,5.281690141,0.0,41.0,39.2,171.0,4.878048780487805,12.195121951219512,,0.0,12.195121951219512,9.75609756097561,26.31578947368421,16.95906432748538,15.204678362573098,6.432748538011696,0.5847953216374269,0.0,35.0,9.0,7.94,2.04,5.9,1.36,20.5,5.3,171.0
31,Tyler Holton,DET,0.9968051118210862,61.801916932907346,75.95654952076677,313,4.838709677419355,3.225806451612903,0.0,9.67741935483871,20.96774193548387,,20.38195755800304,9.554042605313926,8.91710643162633,2.2292766079065824,0.636936173687595,0.9554042605313925,65.78913738019169,18.93929712460064,7.67,2.27,3.28,1.09,21.08626198083067,6.070287539936102,6.0,70.0,78.2,312.0,8.571428571428571,7.142857142857142,,0.0,24.285714285714285,5.714285714285714,20.833333333333336,10.897435897435898,10.256410256410255,4.807692307692308,0.3205128205128205,0.0,64.0,17.0,7.32,1.94,3.66,1.04,20.5,5.4,312.0
32,Brant Hurter,DET,3.220930232558139,44.01937984496123,66.67325581395349,258,7.3170731707317085,4.878048780487806,0.41614085691965624,0.0,9.756097560975611,,23.72002884442041,10.819662279911062,9.98738056607175,2.0807042845982813,0.41614085691965624,1.2484225707589687,56.90310077519379,18.251937984496124,7.68,2.41,3.47,1.18,20.54263565891473,6.5891472868217065,4.0,43.0,63.0,277.0,9.30232558139535,6.976744186046512,,4.651162790697675,11.627906976744185,0.0,20.577617328519857,9.386281588447654,6.137184115523466,1.444043321299639,1.083032490974729,3.9711191335740073,68.0,27.0,9.71,3.86,2.43,1.33,24.5,9.69999999999999,277.0
34,Robert Garcia,TEX,0.0,51.045180722891565,64.09006024096385,332,4.761904761904763,1.5873015873015872,0.0,12.698412698412698,15.873015873015875,,16.107199883872838,8.297648425025402,7.809551458847437,1.9523878647118593,0.7321454492669472,0.9761939323559297,72.92168674698794,23.496987951807228,10.2,3.35,3.61,1.2,27.10843373493976,8.734939759036145,0.0,71.0,64.0,269.0,5.633802816901409,11.267605633802818,,12.676056338028168,21.12676056338028,9.859154929577464,21.561338289962826,9.66542750929368,7.806691449814126,2.973977695167286,0.7434944237918215,0.37174721189591076,68.0,22.0,9.56,3.09,2.95,1.25,25.3,8.19999999999999,269.0
35,Aroldis Chapman,BOS,0.0,43.0059880239521,53.31377245508982,334,4.761904761904763,1.5873015873015872,0.0,19.04761904761905,14.285714285714285,,10.627846104198788,6.540212987199255,6.131449675499302,1.430671590949837,0.20438165584997672,0.8175266233999069,77.13772455089821,33.44910179640719,13.06,5.68,3.43,1.3,33.83233532934132,14.67065868263473,0.0,67.0,61.1,228.0,7.462686567164178,4.477611940298507,,47.76119402985074,5.970149253731343,2.9850746268656714,12.280701754385964,3.9473684210526314,3.508771929824561,1.3157894736842104,0.0,0.0,85.0,15.0,12.47,2.2,1.17,0.7,37.3,6.6000000000000005,228.0
36,Tanner Scott,LAD,0.0,44.24788732394366,55.64507042253521,355,4.545454545454546,3.0303030303030303,0.0,27.272727272727277,12.121212121212121,,12.841896449117238,6.609799642927991,6.232096806189247,1.321959928585598,0.3777028367387423,0.9442570918468557,63.690140845070424,26.816901408450704,10.35,4.37,3.58,1.31,26.76056338028169,11.267605633802818,0.0,61.0,57.0,238.0,1.639344262295082,6.557377049180328,,37.704918032786885,13.114754098360656,16.39344262295082,22.689075630252102,13.865546218487395,12.605042016806722,4.621848739495799,0.8403361344537815,1.680672268907563,60.0,18.0,9.47,2.84,4.74,1.26,25.2,7.6,238.0
38,Alex Vesia,LAD,0.0,45.608247422680414,57.09175257731958,291,5.357142857142858,1.7857142857142856,0.0,1.7857142857142856,19.642857142857142,,14.553441740177844,8.39621638856414,7.836468629326532,2.518864916569242,0.5597477592376093,0.839621638856414,70.85567010309278,22.804123711340207,11.17,3.63,3.54,1.15,29.89690721649485,9.621993127147768,0.0,68.0,59.2,237.0,5.88235294117647,2.941176470588235,,7.352941176470589,36.76470588235294,5.88235294117647,15.611814345991561,8.860759493670885,8.438818565400844,3.79746835443038,1.2658227848101267,2.109704641350211,80.0,22.0,12.07,3.32,3.02,0.99,33.79999999999999,9.3,237.0
39,Jeremiah Estrada,SDP,0.0,57.904761904761905,72.38095238095238,315,3.333333333333334,3.333333333333334,0.0,6.666666666666668,21.666666666666668,,17.46334089191232,9.8039808515999,9.191232048374905,2.7573696145124718,0.6127488032249937,1.2254976064499874,96.5079365079365,31.847619047619048,11.99,3.91,3.6,1.19,31.746031746031743,10.476190476190476,0.0,77.0,73.0,304.0,5.194805194805195,6.493506493506493,,3.896103896103896,38.961038961038966,3.896103896103896,19.078947368421055,10.197368421052632,9.210526315789473,3.9473684210526314,0.6578947368421052,0.9868421052631579,108.0,27.0,13.32,3.33,3.45,1.16,35.5,8.9,304.0
40,Cole Sands,MIN,0.0,56.85901639344262,70.6816393442623,305,3.4482758620689653,3.4482758620689653,0.0,6.896551724137931,25.86206896551724,,19.92797635044343,10.606826122010212,9.963988175221715,2.571351787153991,0.32141897339424885,1.2856758935769954,76.4655737704918,24.50819672131147,9.75,3.17,3.87,1.21,25.573770491803277,8.196721311,3.0,69.0,72.0,299.0,5.797101449275362,8.695652173913043,,4.3478260869565215,18.84057971014493,5.797101449275362,21.73913043478261,13.712374581939798,12.040133779264215,2.341137123745819,0.6688963210702341,1.3377926421404682,64.0,19.0,8.0,2.38,4.5,1.17,21.4,6.4,299.0
42,Ryan Fernandez,STL,0.0,26.559485530546624,33.35691318327974,311,3.389830508474576,3.389830508474576,0.0,1.6949152542372878,27.11864406779661,,9.84274356137757,4.921371780688785,4.631879323001209,1.1579698307503024,0.2894924576875756,0.43423868653136344,32.41157556270097,9.903536977491962,8.74,2.71,3.83,1.21,23.15112540192926,7.073954984,0.0,32.0,30.1,140.0,0.0,12.5,,3.125,12.5,3.125,25.71428571428571,21.428571428571427,18.571428571428573,4.285714285714286,1.4285714285714286,0.7142857142857143,34.0,16.0,10.09,4.75,7.71,1.71,24.3,11.4,140.0
43,Tim Herrin,CLE,0.0,37.042071197411005,46.45954692556634,309,3.389830508474576,3.389830508474576,0.0,0.0,23.728813559322028,,12.394088876320941,6.095453545731612,5.68908997601617,1.2190907091463223,0.40636356971544074,0.6095453545731612,46.45954692556634,17.579288025889966,9.06,3.46,3.41,1.21,23.94822006472492,9.061488673,0.0,54.0,42.2,194.0,9.25925925925926,7.4074074074074066,,0.0,27.77777777777778,3.7037037037037033,19.072164948453608,11.855670103092782,11.855670103092782,2.5773195876288657,1.0309278350515463,3.0927835051546393,45.0,30.0,9.49,6.33,4.85,1.57,23.19999999999999,15.5,194.0
44,Lucas Erceg,KCR,0.0,45.94642857142858,57.80357142857143,336,3.225806451612903,3.225806451612903,0.0,25.806451612903224,16.129032258064516,,14.336203231292519,7.498937074829932,7.057823129251702,1.3233418367346939,0.22055697278911568,1.3233418367346939,64.47321428571429,28.16071428571429,10.01,4.41,3.65,1.32,25.892857142857142,11.30952380952381,0.0,61.0,61.1,249.0,13.114754098360656,6.557377049180328,,3.278688524590164,36.0655737704918,8.19672131147541,21.686746987951807,7.630522088353414,7.228915662650602,1.6064257028112447,1.2048192771084338,1.6064257028112447,48.0,18.0,7.04,2.64,2.64,1.17,19.3,7.199999999999999,249.0
45,Bryan Hudson,MIL,0.0,14.402173913043477,17.98913043478261,276,3.773584905660378,1.886792452830189,0.0,3.773584905660378,20.754716981132077,,5.119722747321991,2.5598613736609956,2.3629489603024574,0.5907372400756143,0.09845620667926905,0.2953686200378072,19.565217391304348,6.7934782608695645,9.68,3.41,3.25,1.16,26.08695652173913,9.057971014492754,0.0,16.0,15.0,75.0,0.0,6.25,,0.0,12.5,0.0,20.0,13.333333333333334,10.666666666666668,2.666666666666667,2.666666666666667,2.666666666666667,19.0,13.0,11.4,7.8,4.8,1.87,25.3,17.299999999999997,75.0
46,Jose A. Ferrer,WSN,0.0,62.50803858520901,77.3016077170418,311,5.0,3.3333333333333335,0.0,8.333333333333332,18.333333333333332,,22.778920813473803,10.719492147517085,9.714539758687359,2.0099047776594534,0.6699682592198178,1.0049523888297267,62.50803858520901,21.877813504823152,7.21,2.52,3.53,1.2,19.292604501607716,6.752411575562702,0.0,72.0,76.1,324.0,5.555555555555555,5.555555555555555,,15.277777777777779,29.166666666666668,5.555555555555555,25.0,12.654320987654321,11.728395061728394,1.5432098765432098,0.30864197530864196,2.1604938271604937,71.0,16.0,8.37,1.89,4.48,1.27,21.899999999999988,4.9,324.0
47,Joel Payamps,MIL,0.0,22.739811912225708,28.24137931034483,319,4.838709677419354,3.225806451612903,0.0,9.67741935483871,20.96774193548387,,7.818319395446191,4.024134982950247,3.679209127268797,1.149752852271499,0.2299505704542998,0.4599011409085996,27.874608150470223,7.3354231974921635,8.89,2.37,3.76,1.14,23.824451410658305,6.269592476489027,0.0,30.0,26.1,117.0,0.0,3.3333333333333335,,3.3333333333333335,13.333333333333334,0.0,26.495726495726498,17.094017094017094,17.094017094017094,3.418803418803419,0.8547008547008548,1.7094017094017095,24.0,9.0,8.2,3.08,6.84,1.52,20.5,7.7,117.0
48,Yimi Garcia,TOR,0.0,17.560975609756095,21.98257839721254,287,3.571428571428572,3.571428571428572,0.0,14.285714285714288,25.0,,6.228071240393837,3.2779322317862305,3.0594034163338146,1.0926440772620767,0.21852881545241534,0.32779322317862297,24.45993031358885,5.958188153310104,10.06,2.46,3.63,1.09,27.177700348432055,6.620209059233449,0.0,22.0,21.0,90.0,4.545454545454546,9.090909090909092,,13.636363636363635,27.27272727272727,18.181818181818183,14.444444444444443,11.11111111111111,10.0,2.2222222222222223,1.1111111111111112,1.1111111111111112,25.0,12.0,10.71,5.14,3.86,1.19,27.800000000000004,13.3,90.0
49,Kevin Ginkel,ARI,0.0,23.03021148036254,28.550151057401813,331,4.761904761904763,3.1746031746031744,0.0,9.523809523809526,22.22222222222222,,7.841293891074379,4.086308084081015,3.754985806993364,0.8835260722337328,0.2208815180584332,0.4417630361168664,29.610271903323262,9.870090634441087,9.3,3.06,3.95,1.24,24.47129909365559,8.157099697885197,0.0,29.0,25.2,121.0,3.4482758620689653,13.793103448275861,,10.344827586206897,20.689655172413794,3.4482758620689653,23.96694214876033,18.181818181818183,17.355371900826448,1.6528925619834711,0.0,1.6528925619834711,29.0,13.0,10.17,4.56,7.36,1.64,24.0,10.7,121.0
50,Adrian Morejon,SDP,0.9565217391304348,56.434782608695656,68.10434782608696,299,3.389830508474576,3.389830508474576,0.0,1.694915254237288,20.33898305084746,,20.154136978333575,10.2370219572488,9.59720808492075,2.5592554893122,0.319906936164025,0.9597208084920752,67.91304347826087,21.043478260869566,8.92,2.78,3.76,1.2,23.745819397993312,7.357859531772576,0.0,75.0,73.2,286.0,17.333333333333336,8.0,,4.0,26.666666666666668,5.333333333333334,17.132867132867133,8.041958041958042,5.944055944055944,0.6993006993006993,1.048951048951049,0.0,70.0,17.0,8.55,2.08,2.08,0.9,24.5,5.8999999999999995,286.0
51,Matthew Liberatore,STL,8.1,103.275,151.875,320,5.88235294117647,5.88235294117647,0.6328125,1.9607843137254901,23.52941176470588,,44.296875,22.781249999999996,21.515625,4.4296875,1.265625,1.8984374999999998,135.67499999999998,52.65,8.0,3.16,4.09,1.29,20.9375,8.125,29.0,29.0,151.2,648.0,27.586206896551722,41.37931034482759,,0.0,0.0,0.0,24.382716049382715,12.191358024691358,10.95679012345679,2.9320987654320985,0.0,0.6172839506172839,122.0,40.0,7.24,2.37,4.21,1.31,18.8,6.2,648.0
52,David Bednar,PIT,0.0,47.210031347962385,59.09122257053291,319,3.3333333333333335,1.6666666666666667,0.0,35.0,6.666666666666667,,16.772633916726445,9.126286101748214,8.386316958363222,1.9732510490266408,0.4933127622566602,0.9866255245133204,59.79937304075235,19.670846394984327,9.07,3.0,4.1,1.24,23.824451410658305,7.836990595611286,0.0,64.0,62.2,251.0,9.375,7.8125,,42.1875,6.25,4.6875,18.326693227091635,7.171314741035857,6.374501992031872,1.593625498007968,0.796812749003984,0.398406374501992,86.0,19.0,12.35,2.73,2.3,1.04,34.29999999999999,7.6,251.0
53,Blake Treinen,LAD,0.0,24.894736842105264,30.824210526315788,285,5.454545454545454,1.8181818181818181,0.0,9.09090909090909,25.454545454545453,,9.05263157894737,4.7645429362880884,4.44690674053555,1.1117266851338874,0.1588180978762696,0.47645429362880887,33.49473684210526,11.31578947368421,9.72,3.28,3.65,1.2,25.964912280701753,8.771929824561402,0.0,32.0,26.2,129.0,6.25,21.875,,6.25,31.25,9.375,23.25581395348837,13.953488372093023,12.4031007751938,3.10077519379845,3.10077519379845,1.550387596899225,36.0,19.0,12.15,6.41,5.4,1.84,27.89999999999999,14.7,129.0
54,Garrett Whitlock,BOS,1.2468085106382978,56.1063829787234,70.07063829787234,235,4.444444444444444,4.444444444444444,0.0,8.888888888888888,31.11111111111111,,28.119511090991395,13.79447713897691,12.733363512901766,3.1833408782254415,0.5305568130375735,1.061113626075147,66.08085106382978,16.20851063829787,8.42,2.04,3.84,1.17,22.55319149,5.531914893617021,0.0,62.0,72.0,293.0,11.29032258064516,4.838709677419355,,1.6129032258064515,38.70967741935484,6.451612903225806,18.43003412969283,7.167235494880546,6.143344709897611,0.6825938566552902,0.6825938566552902,1.7064846416382253,91.0,24.0,11.38,3.0,2.25,1.08,31.1,8.19999999999999,293.0
55,Yuki Matsui,SDP,0.0,52.613138686131386,64.72408759124087,274,3.7735849056603774,1.8867924528301887,0.0,3.7735849056603774,11.320754716981133,,18.114976823485534,9.78208748468219,9.057488411742767,2.536096755287975,0.7245990729394214,1.086898609409132,74.45255474452554,26.802919708029197,10.22,3.74,3.48,1.18,27.37226277372263,9.854014598540148,0.0,61.0,63.1,272.0,4.918032786885246,1.639344262295082,,1.639344262295082,4.918032786885246,0.0,19.485294117647058,10.661764705882353,10.294117647058822,3.6764705882352944,0.7352941176470588,0.3676470588235294,61.0,33.0,8.67,4.69,3.98,1.36,22.399999999999988,12.1,272.0
56,Ryan Pressly,CHC,0.0,35.20655737704918,43.56065573770492,305,3.389830508474576,1.694915254237288,0.0,38.983050847457626,8.474576271186441,,13.303950550927171,6.2606826122010215,5.869389948938458,1.3695243214189734,0.19564633163128192,0.5869389948938458,40.57704918032787,12.531147540983609,8.42,2.54,3.71,1.21,22.295081967213115,6.885245901639345,0.0,44.0,41.1,182.0,4.545454545454546,6.8181818181818175,,11.363636363636363,15.909090909090908,4.545454545454546,25.274725274725274,13.186813186813188,10.989010989010989,3.296703296703297,0.0,1.098901098901099,28.0,17.0,6.1,3.7,4.35,1.52,15.4,9.3,182.0
58,Andrew Chafin,,0.0,27.21268656716418,33.66902985074627,268,5.88235294117647,5.88235294117647,0.0,3.9215686274509802,0.0,,10.55218311427935,5.574738249053242,5.176542659835153,1.1945867676542659,0.19909779460904437,0.5972933838271329,38.417910447761194,14.406716417910449,10.21,3.77,3.63,1.25,26.86567164179105,10.07462686567164,0.0,42.0,33.2,143.0,2.380952380952381,2.380952380952381,,0.0,9.523809523809524,0.0,20.27972027972028,7.6923076923076925,6.293706293706294,1.3986013986013985,0.0,0.0,36.0,19.0,9.62,5.08,2.41,1.43,25.2,13.3,143.0
59,Jeff Hoffman,TOR,0.0,54.46084337349397,67.60060240963855,332,3.1746031746031744,3.1746031746031744,0.0,39.682539682539684,6.349206349206349,,16.40386848599216,9.634017999709682,9.113260269995644,2.6037886485701844,0.5207577297140369,1.0415154594280738,85.58132530120481,28.527108433734934,11.33,3.76,3.96,1.22,29.819277108433734,9.939759036144578,0.0,71.0,68.0,287.0,12.676056338028168,9.859154929577464,,46.478873239436616,0.0,9.859154929577464,18.81533101045296,11.846689895470384,11.498257839721255,5.2264808362369335,0.34843205574912894,1.3937282229965158,84.0,27.0,11.12,3.57,4.37,1.19,29.299999999999997,9.4,287.0
60,Slade Cecconi,CLE,8.934426229508198,75.94262295081968,129.99590163934428,244,2.941176470588235,2.941176470588235,0.0,0.0,2.941176470588235,,47.60145122278958,25.631550658425155,23.80072561139479,7.323300188121474,1.8308250470303684,2.7462375705455524,127.3155737704918,33.50409836065574,8.74,2.3,3.96,1.15,23.36065573770492,6.147540983606557,23.0,23.0,132.0,545.0,30.434782608695656,30.434782608695656,,0.0,0.0,0.0,22.93577981651376,12.110091743119266,11.559633027522937,4.4036697247706424,0.1834862385321101,0.5504587155963303,109.0,32.0,7.43,2.18,4.3,1.19,20.0,5.8999999999999995,545.0
61,Caleb Ferguson,PIT,0.0,50.51020408163265,62.632653061224495,294,3.6363636363636367,1.8181818181818183,0.0,1.8181818181818183,16.363636363636363,,19.67930029154519,9.995835068721366,9.37109537692628,1.8742190753852563,0.31236984589754274,1.2494793835901707,61.53061224489796,23.877551020408163,8.82,3.41,3.88,1.29,22.789115646258505,8.843537414965986,0.0,70.0,65.1,270.0,7.142857142857142,5.714285714285714,,0.0,20.0,7.142857142857142,20.0,10.0,9.62962962962963,0.7407407407407408,1.1111111111111112,2.2222222222222223,51.0,22.0,7.03,3.03,3.58,1.16,18.899999999999988,8.1,270.0
62,Mike Burrows,PIT,5.798076923076923,54.11538461538461,94.89519230769233,208,3.571428571428572,3.571428571428572,0.0,0.0,3.571428571428572,,38.096338757396445,20.441937869822485,19.512758875739642,4.645894970414201,0.9291789940828403,2.787536982248521,96.6346153846154,36.72115384615385,9.14,3.44,3.84,1.22,24.03846153846154,9.134615384615383,19.0,23.0,96.0,402.0,8.695652173913043,17.391304347826086,,0.0,0.0,0.0,21.890547263681594,10.696517412935323,10.44776119402985,3.233830845771144,0.24875621890547264,1.2437810945273633,97.0,31.0,9.09,2.91,3.94,1.24,24.1,7.7,402.0
63,Pierce Johnson,ATL,0.0,44.39755351681957,55.4605504587156,327,4.918032786885246,1.639344262295082,0.0,4.918032786885246,19.672131147540984,,14.912699080698408,8.012793535897652,7.5676383394588935,2.003198383974413,0.22257759821937922,0.8903103928775169,64.77675840978593,23.29051987767584,10.44,3.74,3.95,1.29,27.217125382262996,9.785932721712538,0.0,65.0,59.0,238.0,4.615384615384616,4.615384615384616,,1.5384615384615385,24.615384615384617,4.615384615384616,21.84873949579832,8.823529411764707,8.403361344537815,3.361344537815126,0.8403361344537815,0.42016806722689076,59.0,19.0,9.0,2.9,3.05,1.2,24.8,8.0,238.0
64,Beau Brieske,DET,0.7330960854092526,19.793594306049823,24.595373665480423,281,5.555555555555555,5.555555555555555,-0.13044414331125492,11.11111111111111,18.51851851851852,,7.4353161687415295,4.0437684426489025,3.652436012715138,1.0435531464900394,0.13044414331125492,0.39133242993376477,22.359430604982204,8.064056939501778,8.22,2.99,3.8,1.19,21.70818505338078,7.829181494661921,1.0,22.0,22.0,103.0,4.545454545454546,13.636363636363635,,4.545454545454546,22.727272727272727,4.545454545454546,23.300970873786408,19.41747572815534,15.53398058252427,4.854368932038835,0.9708737864077669,0.0,16.0,12.0,6.55,4.91,6.55,1.64,15.5,11.69999999999999,103.0
65,Gabe Speier,SEA,0.0,47.0,58.2,243,4.25531914893617,2.127659574468085,0.0,0.0,21.27659574468085,,20.5761316872428,10.2880658436214,9.465020576131687,2.4691358024691357,0.823045267489712,1.2345679012345678,63.0,17.0,9.6,2.58,3.55,1.15,25.925925925925924,6.995884773662551,0.0,76.0,62.0,243.0,5.263157894736842,3.9473684210526314,,0.0,31.57894736842105,7.894736842105263,17.695473251028808,7.818930041152264,7.4074074074074066,2.05761316872428,0.411522633744856,2.05761316872428,82.0,11.0,11.9,1.6,2.61,0.87,33.7,4.5,243.0
66,Kody Funderburk,MIN,0.0,34.41025641025641,43.01282051282051,234,4.545454545454546,2.272727272727273,0.0,2.272727272727273,2.272727272727273,,16.042077580539118,7.686828840674993,7.018408941485865,1.0026298487836949,0.33420994959456496,1.0026298487836949,43.01282051282051,17.205128205128204,9.01,3.66,3.5,1.28,23.504273504273502,9.401709401709402,0.0,39.0,41.0,183.0,10.256410256410255,2.564102564102564,,2.564102564102564,17.94871794871795,0.0,24.043715846994534,9.289617486338798,8.743169398907105,1.092896174863388,0.546448087431694,1.639344262295082,40.0,18.0,8.78,3.95,3.51,1.51,21.899999999999988,9.8,183.0
67,Colin Holderman,PIT,0.0,23.56230031948882,29.19329073482428,313,3.389830508474576,1.694915254237288,0.0,3.389830508474576,22.033898305084744,,8.038256999663158,4.3381069521991655,3.9553328093580626,0.7655482856822059,0.2551827618940686,0.6379569047351713,29.15335463258786,12.380191693290737,8.97,3.77,3.85,1.27,23.322683706070286,9.904153354632587,0.0,24.0,25.2,125.0,0.0,8.333333333333332,,4.166666666666666,8.333333333333332,8.333333333333332,27.200000000000003,16.8,16.0,3.2,0.8,1.6,18.0,16.0,6.31,5.61,7.01,1.95,14.4,12.8,125.0
68,Max Lazar,PHI,0.0,33.65482233502538,41.421319796954315,197,2.5641025641025643,2.5641025641025643,0.0,0.0,10.256410256410257,,19.27387977015641,9.198897163029194,8.322811718931176,2.190213610245046,0.43804272204900924,0.8760854440980185,40.558375634517766,7.766497461928934,8.71,1.73,3.61,1.11,23.85786802030457,4.568527918781726,0.0,36.0,41.1,170.0,2.7777777777777777,2.7777777777777777,,2.7777777777777777,2.7777777777777777,0.0,24.11764705882353,13.529411764705882,12.941176470588237,4.117647058823529,0.0,0.0,26.0,12.0,5.66,2.61,4.79,1.28,15.3,7.1,170.0
69,Scott Alexander,,0.3732718894009216,16.05069124423963,19.44746543778802,217,4.651162790697675,4.651162790697675,0.0,0.0,0.0,,8.256705387670156,3.612308607105694,3.4402939115292317,0.5160440867293847,0.3440293911529232,0.3440293911529232,14.930875576036868,5.225806451612903,6.88,2.4,3.35,1.19,18.433179723502302,6.451612903225806,0.0,21.0,17.2,81.0,4.761904761904762,4.761904761904762,,0.0,14.285714285714285,4.761904761904762,28.39506172839506,14.814814814814813,14.814814814814813,6.172839506172839,0.0,1.2345679012345678,8.0,9.0,4.08,4.58,6.11,1.81,9.9,11.1,81.0
70,Jose Alvarado,PHI,0.0,21.24223602484472,26.5527950310559,322,3.333333333333334,3.333333333333334,0.0,6.666666666666668,16.666666666666668,,7.03676555688438,3.7382817020948256,3.4084333166158713,0.6596967709579105,0.21989892365263686,0.4397978473052737,27.96894409937888,12.391304347826088,9.46,4.24,3.76,1.32,24.53416149068323,10.869565217391305,0.0,28.0,26.0,114.0,14.285714285714285,7.142857142857142,,25.0,17.857142857142858,3.571428571428571,23.684210526315788,10.526315789473683,9.649122807017543,3.508771929824561,0.0,0.8771929824561403,32.0,7.0,11.08,2.42,3.81,1.31,28.1,6.1,114.0
71,David Robertson,,0.0,14.95,18.5575,240,6.521739130434782,4.347826086956522,0.0,8.695652173913045,0.0,,5.958333333333334,3.114583333333333,2.979166666666667,0.8125,0.13541666666666669,0.40625,22.425,8.125,10.89,3.91,3.4,1.2,28.749999999999996,10.416666666666668,0.0,20.0,17.2,78.0,10.0,0.0,,10.0,50.0,5.0,23.076923076923077,11.538461538461538,10.256410256410255,5.128205128205128,1.282051282051282,0.0,22.0,8.0,11.21,4.08,4.08,1.47,28.199999999999996,10.3,78.0
72,Bryan King,HOU,0.0,52.02702702702703,64.98069498069499,259,4.081632653061225,2.0408163265306127,0.0,0.0,24.48979591836735,,20.08765522279036,10.248803685097123,9.428899390289352,2.0497607370194246,0.40995214740388497,1.2298564422116547,67.95366795366796,28.66795366795367,9.29,3.94,3.4,1.24,24.71042471042471,10.424710424710424,0.0,68.0,68.0,275.0,7.352941176470589,5.88235294117647,,2.941176470588235,39.705882352941174,4.411764705882353,21.818181818181817,7.636363636363637,7.636363636363637,3.6363636363636362,0.0,1.4545454545454546,69.0,11.0,9.13,1.46,2.78,1.04,25.1,4.0,275.0
74,Paul Sewald,CLE,0.0,15.510638297872342,19.30212765957447,282,3.7037037037037033,3.7037037037037033,0.0,7.4074074074074066,22.22222222222222,,5.703938433680399,3.2593933906745134,3.0556813037573565,1.0185604345857853,0.2037120869171571,0.30556813037573566,22.117021276595747,6.031914893617022,10.29,2.83,3.93,1.14,27.30496453900709,7.446808510638298,0.0,22.0,19.2,81.0,4.545454545454546,4.545454545454546,,9.090909090909092,18.181818181818183,9.090909090909092,22.22222222222222,13.580246913580247,12.345679012345679,4.938271604938271,0.0,0.0,20.0,6.0,9.15,2.75,4.58,1.22,24.7,7.4,81.0
78,Kirby Yates,LAD,0.0,33.96052631578947,42.275,304,5.172413793103448,1.7241379310344827,0.0,25.86206896551724,18.965517241379313,,10.593403739612189,6.163434903047092,5.778220221606648,1.7334660664819943,0.19260734072022162,0.7704293628808865,53.868421052631575,18.73684210526316,11.38,3.98,3.74,1.2,30.26315789473684,10.526315789473683,0.0,50.0,41.1,178.0,8.0,6.0,,6.0,30.0,4.0,21.34831460674157,14.606741573033707,13.48314606741573,5.056179775280898,0.0,0.5617977528089888,52.0,17.0,11.32,3.7,5.23,1.33,29.2,9.6,178.0
80,Angel Zerpa,KCR,0.0,52.28136882129277,65.8745247148289,263,4.0,2.0000000000000004,0.0,0.0,24.0,,22.661886105047056,10.734577628706502,9.939423730283796,1.9878847460567592,0.7951538984227038,1.1927308476340557,55.41825095057034,19.866920152091257,7.6,2.72,3.53,1.21,20.15209125475285,7.224334600760455,2.0,69.0,64.2,275.0,7.246376811594203,2.898550724637681,,0.0,20.28985507246377,5.797101449275362,24.363636363636363,10.909090909090908,10.909090909090908,2.5454545454545454,0.0,0.7272727272727273,58.0,22.0,8.07,3.06,4.18,1.38,21.1,8.0,275.0
81,Pete Fairbanks,TBR,0.0,45.971014492753625,57.640579710144934,276,3.8461538461538463,3.8461538461538463,0.0,46.15384615384615,13.461538461538462,,18.257718966603655,9.929636630959884,9.289014912833439,2.242176013442554,0.32031085906322204,0.9609325771896662,61.88405797101449,20.333333333333336,9.58,3.21,3.99,1.23,25.36231884057971,8.333333333333332,0.0,61.0,60.1,244.0,6.557377049180328,8.19672131147541,,44.26229508196721,0.0,8.19672131147541,18.442622950819672,9.01639344262295,7.786885245901639,2.8688524590163933,0.0,0.4098360655737705,59.0,18.0,8.8,2.69,2.83,1.04,24.2,7.4,244.0
82,Kenley Jansen,,0.0,45.446280991735534,56.179338842975206,242,6.382978723404255,6.382978723404255,0.0,21.276595744680847,0.0,,17.980329212485486,10.388634656102726,9.589508913325592,3.1965029711085307,0.39956287138856633,1.198688614165699,65.75206611570248,21.272727272727273,10.41,3.4,3.76,1.14,28.09917355371901,9.090909090909092,0.0,62.0,59.0,234.0,8.064516129032258,6.451612903225806,,46.774193548387096,0.0,1.6129032258064515,15.81196581196581,7.6923076923076925,7.264957264957266,3.418803418803419,0.8547008547008548,0.4273504273504274,57.0,19.0,8.69,2.9,2.59,0.95,24.4,8.1,234.0
84,Matt Brash,SEA,0.0,37.904761904761905,47.49940476190476,168,3.125,3.125,0.0,9.375,3.125,,21.152210884353742,10.576105442176871,9.871031746031745,2.1152210884353746,0.7050736961451247,1.4101473922902494,59.226190476190474,21.321428571428573,11.26,3.94,3.13,1.18,29.761904761904763,10.714285714285714,0.0,53.0,47.1,199.0,1.8867924528301887,5.660377358490567,,7.547169811320755,39.62264150943396,1.8867924528301887,20.603015075376884,7.537688442211055,6.532663316582915,2.0100502512562812,1.0050251256281406,1.0050251256281406,58.0,18.0,11.03,3.42,2.47,1.25,29.1,9.0,199.0
85,John Schreiber,KCR,0.0,50.22875816993464,61.66013071895425,306,3.448275862068965,3.448275862068965,0.0,3.448275862068965,20.689655172413794,,18.678713315391516,9.339356657695758,8.773335042077834,1.698064846853774,0.2830108078089624,1.1320432312358495,53.692810457516345,22.516339869281047,7.79,3.29,3.87,1.29,20.26143790849673,8.496732026,0.0,74.0,64.0,265.0,4.054054054054054,4.054054054054054,,1.3513513513513513,31.08108108108108,5.405405405405405,21.50943396226415,10.943396226415095,10.18867924528302,3.7735849056603774,0.37735849056603776,0.37735849056603776,62.0,19.0,8.72,2.67,3.8,1.19,23.39999999999999,7.199999999999999,265.0
86,Scott Barlow,,0.0,56.81249999999999,71.54166666666666,288,5.555555555555556,5.555555555555556,0.0,1.851851851851852,0.0,,21.187789351851848,11.689814814814813,10.959201388888888,2.9224537037037033,0.7306134259259258,1.4612268518518516,78.90625,28.406249999999996,9.9,3.52,3.97,1.25,26.041666666666668,9.375,1.0,75.0,68.1,303.0,8.0,4.0,,1.3333333333333335,21.333333333333336,1.3333333333333335,16.5016501650165,11.55115511551155,10.561056105610561,2.6402640264026402,0.9900990099009901,1.9801980198019802,75.0,45.0,9.88,5.93,4.21,1.39,24.8,14.9,303.0
87,Ian Hamilton,NYY,0.0,30.970149253731343,38.526865671641794,268,4.0,2.0,0.0,4.0,30.000000000000004,,12.249387391401202,6.471374470928937,6.0091334372911565,1.3867231009133438,0.23112051681889062,0.9244820672755625,40.88059701492537,16.723880597014926,9.41,3.91,3.73,1.28,24.62686567164179,10.07462686567164,1.0,36.0,40.0,166.0,5.555555555555555,2.7777777777777777,,0.0,11.11111111111111,0.0,16.867469879518072,12.048192771084338,11.44578313253012,3.0120481927710845,0.6024096385542169,0.6024096385542169,42.0,22.0,9.45,4.95,4.28,1.25,25.3,13.3,166.0
89,Ryan Thompson,ARI,0.0,33.04953560371517,41.1764705882353,323,4.918032786885247,3.278688524590164,0.0,1.639344262295082,21.311475409836067,,12.748133309051177,6.206328058353861,5.703112269838684,1.174170173202082,0.33547719234345197,0.6709543846869039,31.424148606811148,11.91950464396285,6.92,2.58,4.08,1.29,17.956656346749224,6.811145510835913,0.0,48.0,41.1,175.0,6.25,4.166666666666666,,2.083333333333333,35.41666666666667,6.25,24.0,12.0,10.285714285714285,2.2857142857142856,1.1428571428571428,1.1428571428571428,36.0,13.0,7.84,2.83,3.92,1.33,20.6,7.4,175.0
92,Fernando Cruz,NYY,0.6134969325153374,37.423312883435585,46.625766871165645,326,3.278688524590164,3.278688524590164,0.0,1.639344262295082,21.311475409836063,,11.291354586171854,6.963001994805977,6.586623508600248,2.0700816741315067,0.3763784862057285,0.752756972411457,65.03067484662577,23.312883435582823,12.53,4.46,4.12,1.29,32.515337423312886,11.65644171779141,0.0,49.0,48.0,200.0,6.122448979591836,8.16326530612245,,4.081632653061225,32.6530612244898,2.0408163265306123,16.5,10.5,9.5,2.5,0.0,1.5,72.0,24.0,13.5,4.5,3.56,1.19,36.0,12.0,200.0
93,Tony Santillan,CIN,0.0,55.70454545454545,69.38636363636364,308,5.263157894736842,3.508771929824561,0.0,7.017543859649124,21.05263157894737,,19.35507674144038,11.105371900826446,10.470779220779221,2.855667060212515,0.6345926800472255,1.5864817001180638,84.04545454545455,32.25,10.88,4.17,4.17,1.32,27.92207792207792,10.714285714285714,0.0,80.0,73.2,301.0,1.25,6.25,,8.75,41.25,5.0,17.60797342192691,7.641196013289036,6.64451827242525,2.3255813953488373,0.0,1.6611295681063125,75.0,29.0,9.16,3.54,2.44,1.11,24.9,9.6,301.0
94,Danny Coulombe,MIN,0.0,34.16033755274262,42.40337552742616,237,6.521739130434784,6.521739130434784,0.0,2.1739130434782608,8.695652173913043,,15.353664832914953,8.146842564403855,7.520162367142019,2.193380690416422,0.31334009863091744,0.6266801972618349,44.55696202531646,12.624472573839665,9.45,2.75,3.75,1.17,25.31645569620253,7.172995780590717,1.0,55.0,43.0,176.0,3.6363636363636362,1.8181818181818181,,3.6363636363636362,16.363636363636363,0.0,18.181818181818183,6.25,6.25,1.7045454545454544,0.0,0.0,43.0,18.0,9.0,3.77,2.3,1.16,24.4,10.2,176.0
95,Jared Koenig,MIL,1.9633699633699633,52.02930402930403,63.02417582417582,273,3.7735849056603774,3.7735849056603774,0.0,3.7735849056603774,22.641509433962263,,20.13712782943552,10.428155483100538,9.708972346334983,2.51714097867944,0.7191831367655543,1.0787747051483314,60.86446886446886,23.56043956043956,8.59,3.36,3.8,1.24,22.71062271062271,8.791208791208792,0.0,72.0,66.0,268.0,8.333333333333332,1.3888888888888888,,2.7777777777777777,37.5,2.7777777777777777,21.26865671641791,7.835820895522389,7.835820895522389,2.2388059701492535,0.3731343283582089,1.4925373134328357,68.0,20.0,9.27,2.73,2.86,1.17,25.4,7.5,268.0
96,Edwin Uceta,TBR,0.0,61.3993288590604,75.61812080536913,298,5.263157894736843,3.508771929824562,0.0,15.789473684210527,19.29824561403509,,20.603801630557182,11.928516733480475,11.205576325390748,3.6147020404486288,0.7229404080897258,1.4458808161794516,88.32885906040269,30.16107382550336,10.46,3.57,3.93,1.2,27.516778523489933,9.395973154362416,0.0,70.0,76.0,321.0,14.285714285714285,4.285714285714286,,1.4285714285714286,30.0,7.142857142857142,19.314641744548286,10.2803738317757,9.968847352024921,3.4267912772585665,0.9345794392523363,2.4922118380062304,103.0,27.0,12.2,3.2,3.79,1.17,32.1,8.4,321.0
97,Will Vest,DET,0.0,53.4089552238806,66.29492537313433,335,4.761904761904763,3.1746031746031753,0.0,4.761904761904763,19.04761904761905,,18.726665181554914,9.616395633771441,8.857206504789486,2.0245043439518824,0.2530630429939853,1.0122521719759412,61.038805970149255,22.04179104477612,8.31,3.01,4.05,1.28,21.49253731343283,7.761194029850746,0.0,64.0,68.2,284.0,9.375,7.8125,,35.9375,4.6875,10.9375,21.47887323943662,9.15492957746479,8.098591549295776,1.4084507042253522,0.35211267605633806,0.35211267605633806,75.0,22.0,9.83,2.88,3.01,1.21,26.4,7.7,284.0
98,Fraser Ellard,CHW,0.0,13.804281345565748,17.198776758409785,327,3.278688524590164,3.278688524590164,0.0,6.557377049180328,21.311475409836067,,4.636721562906228,2.283758381729933,2.1453487828372095,0.4152287966781695,0.13840959889272322,0.27681919778544645,16.972477064220183,7.694189602446483,8.87,4.01,3.65,1.32,22.93577981651376,10.397553516819572,3.0,18.0,17.0,74.0,5.555555555555555,11.11111111111111,,0.0,11.11111111111111,0.0,10.81081081081081,12.162162162162163,10.81081081081081,1.3513513513513513,0.0,1.3513513513513513,22.0,19.0,11.65,10.06,4.24,1.59,29.7,25.7,74.0
101,Yennier Cano,BAL,0.0,47.7361963190184,59.285276073619634,326,4.838709677419355,3.225806451612904,0.0,4.838709677419355,19.35483870967742,,16.532425006586625,8.266212503293312,7.793857503105123,1.6532425006586624,0.4723550001881892,0.9447100003763784,54.66564417177914,21.558282208588956,8.34,3.26,3.84,1.28,21.77914110429448,8.588957055214724,0.0,65.0,58.0,251.0,4.615384615384616,10.76923076923077,,3.076923076923077,26.153846153846157,7.6923076923076925,24.701195219123505,14.342629482071715,13.147410358565736,2.788844621513944,0.398406374501992,1.1952191235059761,53.0,24.0,8.22,3.72,5.12,1.48,21.1,9.6,251.0
102,Taylor Rogers,CIN,0.0,41.226299694189606,51.499082568807346,327,4.918032786885247,3.2786885245901636,0.0,8.19672131147541,21.31147540983606,,14.674223082606217,7.853809537169525,7.440451140476391,2.0667919834656643,0.4133583966931328,0.8267167933862656,54.067278287461775,17.571865443425075,9.4,3.1,4.18,1.27,24.464831804281346,7.951070336391437,0.0,57.0,50.2,221.0,5.263157894736842,3.508771929824561,,0.0,17.543859649122805,1.7543859649122806,21.266968325791854,11.312217194570136,8.597285067873303,3.167420814479638,0.904977375565611,1.3574660633484164,53.0,23.0,9.41,4.09,3.38,1.38,24.0,10.4,221.0
103,Grant Holman,ATH,0.0,19.701342281879196,24.54026845637584,298,3.508771929824561,3.508771929824561,0.0,0.0,21.05263157894737,,7.075131750822035,3.7115445250213956,3.479572992207559,0.9278861312553489,0.23197153281383723,0.46394306562767446,24.19463087248322,8.640939597315436,8.87,3.1,3.8,1.2,23.48993288590604,8.389261744966444,2.0,22.0,23.0,103.0,18.181818181818183,9.090909090909092,,0.0,13.636363636363635,9.090909090909092,25.24271844660194,13.592233009708737,12.62135922330097,2.912621359223301,0.0,0.9708737864077669,17.0,9.0,6.65,3.52,5.09,1.52,16.5,8.7,103.0
108,Trevor Megill,MIL,0.0,36.03883495145631,44.8621359223301,309,3.4482758620689653,3.4482758620689653,0.0,43.103448275862064,3.4482758620689653,,12.869576146039524,7.4402237094291,6.836962327583497,2.0108712728186755,0.4021742545637351,0.8043485091274702,52.19417475728155,16.155339805825243,10.43,3.27,4.23,1.25,27.18446601941747,8.414239482200648,0.0,50.0,47.0,192.0,12.0,6.0,,60.0,0.0,12.0,18.75,8.333333333333332,6.770833333333333,1.5625,1.5625,0.0,60.0,17.0,11.49,3.26,2.49,1.13,31.3,8.9,192.0
109,Nick Mears,MIL,0.0,41.53020134228188,51.91275167785235,298,3.571428571428571,3.571428571428571,0.0,0.0,19.642857142857142,,13.687446511418406,7.963605243007072,7.465879915319131,1.990901310751768,0.497725327687942,0.995450655375884,63.03691275167785,24.473154362416107,10.89,4.28,3.89,1.26,28.523489932885905,11.073825503355703,0.0,63.0,56.2,221.0,7.936507936507936,4.761904761904762,,1.5873015873015872,25.396825396825395,9.523809523809524,19.004524886877828,11.312217194570136,9.95475113122172,3.167420814479638,0.4524886877828055,0.4524886877828055,46.0,13.0,7.31,2.06,3.49,0.97,20.8,5.8999999999999995,221.0
112,Eduard Bazardo,SEA,0.0,59.93617021276596,75.25319148936171,188,2.777777777777778,2.777777777777778,0.0,2.777777777777778,2.777777777777778,,32.76652331371661,17.711634223630604,15.940470801267542,4.427908555907651,0.8855817111815302,1.7711634223630603,83.24468085106383,24.97340425531915,9.79,2.95,3.64,1.14,26.595744680851062,7.97872340425532,0.0,73.0,78.2,313.0,6.8493150684931505,0.0,,0.0,16.43835616438356,1.36986301369863,16.93290734824281,7.348242811501597,7.0287539936102235,2.8753993610223643,0.6389776357827476,0.6389776357827476,82.0,27.0,9.38,3.09,2.52,1.02,26.200000000000003,8.6,313.0
113,John Brebbia,,0.5,22.5,27.5,230,4.444444444444445,6.666666666666667,0.0,2.2222222222222223,0.0,,10.652173913043478,5.869565217391305,5.434782608695652,1.7391304347826086,0.21739130434782608,0.43478260869565216,30.0,8.0,9.86,2.68,4.14,1.19,26.08695652173913,6.956521739130435,0.0,22.0,23.1,115.0,4.545454545454546,4.545454545454546,,0.0,9.090909090909092,0.0,24.347826086956523,20.0,17.391304347826086,4.3478260869565215,0.0,3.4782608695652173,26.0,12.0,10.03,4.63,7.71,1.71,22.6,10.4,115.0
115,Trent Thornton,SEA,0.0,34.205607476635514,42.61682242990654,321,3.2786885245901636,3.2786885245901636,0.0,3.2786885245901636,22.950819672131146,,11.878766704515677,6.463446589221765,6.114071097912481,1.7468774565464231,0.1746877456546423,0.6987509826185692,42.05607476635514,14.018691588785046,8.85,2.97,4.11,1.22,23.364485981308412,7.788161994,0.0,33.0,42.1,180.0,6.0606060606060606,0.0,,0.0,15.151515151515152,3.0303030303030303,22.77777777777778,12.777777777777777,12.222222222222221,3.3333333333333335,1.1111111111111112,2.2222222222222223,32.0,14.0,6.8,2.98,4.68,1.3,17.8,7.8,180.0
116,Hoby Milner,TEX,0.0,56.9434628975265,70.50636042402826,283,3.6363636363636362,1.8181818181818181,0.0,0.0,20.0,,23.413951978424006,11.341132989549127,10.609446990223377,2.9267439973030007,0.3658429996628751,1.097528998988625,63.15547703180212,16.565371024734983,8.04,2.12,3.79,1.17,21.5547703180212,5.6537102473498235,0.0,73.0,70.1,293.0,4.10958904109589,5.47945205479452,,0.0,24.65753424657534,5.47945205479452,23.208191126279864,11.945392491467576,10.238907849829351,1.7064846416382253,1.023890784982935,0.6825938566552902,58.0,21.0,7.42,2.69,3.84,1.27,19.8,7.199999999999999,293.0
117,Carmen Mlodzinski,PIT,1.4599303135888502,78.8362369337979,96.501393728223,287,3.703703703703704,1.851851851851852,0.0,1.851851851851852,22.222222222222225,,31.538564265682485,17.295341694083938,15.769282132841237,3.052119122485401,0.5086865204142336,2.0347460816569343,89.05574912891986,37.958188153310104,8.24,3.59,4.27,1.34,21.254355400696863,9.059233449477352,12.0,34.0,99.0,419.0,14.705882352941178,23.52941176470588,,0.0,8.823529411764707,2.941176470588235,24.3436754176611,10.023866348448687,9.307875894988067,1.9093078758949882,0.0,0.9546539379474941,89.0,27.0,8.09,2.45,3.55,1.3,21.2,6.4,419.0
118,Nic Enright,CLE,0.0,24.761006289308177,30.511949685534596,159,3.225806451612903,3.225806451612903,0.0,0.0,0.0,,16.075313476523874,8.540010284403309,8.037656738261937,2.511767730706855,0.5023535461413711,1.0047070922827421,34.34591194968554,8.786163522012579,10.03,2.52,3.7,1.1,27.044025157232703,6.918238993710692,0.0,27.0,31.0,127.0,7.4074074074074066,3.7037037037037033,,3.7037037037037033,11.11111111111111,3.7037037037037033,18.89763779527559,6.299212598425196,5.511811023622047,2.3622047244094486,0.0,1.574803149606299,30.0,12.0,8.71,3.48,2.03,1.16,23.6,9.4,127.0
119,Caleb Thielbar,CHC,0.0,41.7921146953405,52.043010752688176,279,3.7735849056603774,1.8867924528301887,0.0,1.8867924528301887,18.867924528301884,,16.109762207576985,9.044077028815149,8.478822214514201,2.543646664354261,0.2826274071504734,0.5652548143009468,55.19713261648746,19.71326164874552,9.58,3.42,4.07,1.25,25.089605734767023,8.960573476702509,0.0,67.0,58.0,220.0,4.477611940298507,5.970149253731343,,1.4925373134328357,37.3134328358209,4.477611940298507,17.272727272727273,7.727272727272727,7.727272727272727,2.272727272727273,0.45454545454545453,0.0,56.0,13.0,8.69,2.02,2.64,0.88,25.5,5.8999999999999995,220.0
121,Brock Burke,LAA,0.0,48.55374592833876,60.44104234527688,307,5.172413793103449,3.4482758620689653,0.0,1.7241379310344827,22.413793103448278,,18.26968986408344,9.543867839446573,8.998503962906769,2.4541374444291186,0.5453638765398041,0.8180458148097062,58.59934853420196,19.254071661237784,8.61,2.9,4.03,1.24,22.80130293159609,7.491856677524431,1.0,69.0,61.2,257.0,10.144927536231885,1.4492753623188406,,0.0,21.73913043478261,7.246376811594203,22.56809338521401,9.33852140077821,8.949416342412452,3.11284046692607,1.556420233463035,1.1673151750972763,52.0,18.0,7.59,2.63,3.36,1.23,20.19999999999999,7.000000000000001,257.0
122,Shawn Armstrong,TEX,0.922077922077922,53.48051948051947,66.48181818181817,308,3.448275862068966,3.448275862068966,0.0,1.724137931034483,20.689655172413797,,20.35756451340867,11.076910102884128,10.478158205430933,2.694383538539382,0.29937594872659806,1.1975037949063922,64.54545454545455,21.20779220779221,8.71,2.81,4.35,1.26,22.727272727272727,7.467532467532467,2.0,71.0,74.0,284.0,5.633802816901409,4.225352112676056,,12.676056338028168,16.901408450704224,4.225352112676056,14.084507042253522,7.394366197183098,6.690140845070422,1.7605633802816902,0.0,2.112676056338028,74.0,20.0,9.0,2.43,2.31,0.81,26.1,7.000000000000001,284.0
123,JoJo Romero,STL,0.0,48.24324324324324,59.61486486486487,296,3.571428571428572,3.571428571428572,0.0,5.357142857142858,21.428571428571434,,19.20882030679328,9.31336742147553,8.731281957633309,2.037299123447772,0.2910427319211103,0.873128195763331,54.27364864864865,20.675675675675677,8.09,3.04,3.9,1.28,21.283783783783782,8.108108108108109,0.0,65.0,61.0,255.0,6.153846153846154,9.230769230769232,,12.307692307692308,36.92307692307693,1.5384615384615385,18.43137254901961,8.235294117647058,5.490196078431373,0.7843137254901961,1.9607843137254901,0.7843137254901961,55.0,29.0,8.11,4.28,2.07,1.25,21.6,11.4,255.0
124,Anthony Bender,MIA,0.0,38.29126213592233,47.53398058252427,309,3.4482758620689653,3.4482758620689653,0.0,8.620689655172415,20.689655172413794,,14.31488987337795,7.4779275457944525,6.836962327583499,1.7092405818958747,0.42731014547396867,0.8546202909479373,46.87378640776699,17.16504854368932,8.88,3.25,4.0,1.29,22.97734627831715,8.414239482200648,0.0,51.0,50.0,204.0,5.88235294117647,9.803921568627452,,7.8431372549019605,37.254901960784316,5.88235294117647,15.686274509803921,6.372549019607843,5.88235294117647,1.4705882352941175,0.9803921568627451,0.9803921568627451,42.0,21.0,7.56,3.78,2.16,1.06,20.6,10.3,204.0
126,Tristan Beck,SFG,1.949579831932773,37.042016806722685,53.80840336134454,238,5.2631578947368425,5.2631578947368425,0.40957559494385987,0.0,18.42105263157895,,22.936233316856153,11.877692253371936,11.058541063484217,2.867029164607019,0.40957559494385987,0.8191511898877197,46.78991596638655,16.57142857142857,7.69,2.73,4.38,1.3,20.168067226890756,7.142857142857142,1.0,31.0,56.2,232.0,3.225806451612903,0.0,,6.451612903225806,9.67741935483871,0.0,20.25862068965517,12.5,12.5,3.0172413793103448,0.0,0.8620689655172413,41.0,16.0,6.51,2.54,4.61,1.11,17.7,6.9,232.0
127,Manuel Rodriguez,TBR,0.0,22.75862068965517,28.106896551724137,319,5.0,3.3333333333333335,0.0,5.0,21.666666666666664,,8.085612366230679,4.280618311533888,3.923900118906064,0.8323424494649225,0.23781212841854932,0.5945303210463734,27.310344827586206,11.0,8.7,3.5,4.04,1.3,22.570532915360506,9.090909090909092,0.0,31.0,30.1,121.0,3.225806451612903,6.451612903225806,,0.0,35.483870967741936,0.0,21.487603305785125,7.43801652892562,5.785123966942149,1.6528925619834711,0.0,0.8264462809917356,25.0,6.0,7.42,1.78,2.08,1.05,20.7,5.0,121.0
128,Randy Rodriguez,SFG,0.0,37.67256637168142,45.73274336283186,226,4.651162790697675,2.3255813953488373,0.0,0.0,23.25581395348837,,17.056934763881276,9.691440206750725,8.916124990210667,1.938288041350145,0.387657608270029,1.1629728248100868,46.43362831858407,21.02654867256637,9.03,4.06,3.92,1.28,23.45132743362832,10.619469026548671,0.0,50.0,50.2,198.0,6.0,10.0,,8.0,26.0,6.0,17.17171717171717,6.0606060606060606,5.05050505050505,2.0202020202020203,0.0,2.0202020202020203,67.0,11.0,11.9,1.95,1.78,0.89,33.79999999999999,5.59999999999999,198.0
129,Seth Halvorsen,COL,0.0,31.896875,40.00625,320,3.389830508474576,3.389830508474576,0.0,16.94915254237288,13.559322033898304,,11.9951171875,6.5888671875,6.082031249999999,1.3515625,0.337890625,0.67578125,38.384375,15.1375,8.58,3.41,4.37,1.34,22.1875,8.75,0.0,42.0,39.2,173.0,2.380952380952381,4.761904761904762,,26.190476190476193,9.523809523809524,7.142857142857142,23.699421965317917,15.028901734104046,12.716763005780345,4.046242774566474,0.5780346820809248,0.0,36.0,21.0,8.17,4.76,4.99,1.56,20.8,12.1,173.0
130,Ryan Brasier,CHC,0.621301775147929,20.502958579881657,24.976331360946745,169,3.03030303030303,3.03030303030303,0.0,0.0,39.39393939393939,,13.234830713210322,6.617415356605161,6.249781170127096,1.4705367459122578,0.36763418647806445,0.7352683729561289,23.6094674556213,6.834319526627218,8.36,2.51,3.78,1.17,22.485207100591715,6.508875739644971,1.0,28.0,26.0,105.0,0.0,3.571428571428571,,0.0,14.285714285714285,0.0,25.71428571428571,12.380952380952381,12.380952380952381,1.9047619047619049,0.0,0.0,20.0,5.0,6.92,1.73,4.5,1.23,19.0,4.8,105.0
131,Sean Hjelle,SFG,0.0,13.4808362369338,16.812891986062716,287,5.660377358490566,3.7735849056603774,0.0,0.0,24.528301886792452,,6.026539110587722,2.924643980138159,2.7473928298267554,0.5317534509342107,0.17725115031140357,0.4431278757785089,14.498257839721257,5.850174216027875,7.73,3.1,4.19,1.37,19.860627177700348,8.013937282229964,1.0,12.0,15.0,73.0,8.333333333333332,8.333333333333332,,0.0,0.0,0.0,28.767123287671232,17.80821917808219,17.80821917808219,2.73972602739726,2.73972602739726,0.0,11.0,9.0,6.6,5.4,7.8,2.0,15.1,12.3,73.0
134,Angel Chivilli,COL,0.0,51.81159420289855,63.96739130434783,276,1.923076923076923,3.846153846153846,0.0,1.923076923076923,17.30769230769231,,23.465395925225792,12.274207099348876,11.191188825876916,2.8880487292585593,0.7220121823146397,1.0830182734719596,58.78623188405797,17.934782608695652,8.2,2.47,4.34,1.28,21.37681159,6.521739130434782,0.0,43.0,58.2,275.0,2.3255813953488373,11.627906976744185,,0.0,2.3255813953488373,0.0,27.636363636363637,17.81818181818182,16.727272727272727,4.7272727272727275,0.36363636363636365,2.181818181818182,43.0,23.0,6.6,3.53,7.06,1.69,15.6,8.4,275.0
135,Mason Montgomery,TBR,0.0,39.77238805970149,49.286567164179104,268,3.9215686274509802,1.9607843137254901,0.0,1.9607843137254901,23.52941176470588,,15.713410559144576,8.438683448429492,7.856705279572288,2.327912675428826,0.5819781688572065,0.8729672532858097,54.58955223880597,18.71641791044776,9.87,3.37,3.82,1.21,26.119402985074625,8.955223880597014,0.0,57.0,46.0,209.0,1.7543859649122806,5.263157894736842,,1.7543859649122806,17.543859649122805,5.263157894736842,23.444976076555022,15.311004784688995,13.875598086124402,2.8708133971291865,0.0,0.4784688995215311,63.0,27.0,12.33,5.28,5.67,1.65,30.1,12.9,209.0
136,Gregory Soto,BAL,0.0,51.63311688311688,64.4961038961039,308,5.263157894736843,3.5087719298245625,0.0,3.5087719298245625,17.54385964912281,,18.234525215044695,9.70547309833024,9.117262607522347,2.0587367178276272,0.5882104908078934,1.176420981615787,65.22077922077922,29.892857142857142,9.11,4.14,3.86,1.32,23.376623376623375,10.714285714285714,0.0,70.0,60.1,279.0,1.4285714285714286,7.142857142857142,,1.4285714285714286,31.428571428571427,1.4285714285714286,22.22222222222222,11.827956989247312,10.03584229390681,1.4336917562724014,0.35842293906810035,3.942652329749104,70.0,24.0,10.44,3.58,4.18,1.43,25.1,8.6,279.0
137,Carlos Estevez,KCR,0.0,50.2803738317757,62.850467289719624,321,3.3333333333333335,3.3333333333333335,0.0,31.666666666666664,10.0,,18.535340301433408,10.181384109238069,9.398200716219758,2.3495501790549396,0.5221222620122088,1.0442445240244176,60.33644859813084,21.78816199376947,8.66,3.08,4.33,1.29,22.429906542056074,8.099688474,0.0,67.0,66.0,269.0,5.970149253731343,7.462686567164178,,62.68656716417911,0.0,8.955223880597014,17.843866171003718,8.178438661710038,6.691449814126393,1.858736059479554,2.2304832713754648,1.486988847583643,54.0,22.0,7.36,3.0,2.45,1.06,20.1,8.19999999999999,269.0
138,Clayton Beeter,NYY,0.4837209302325581,19.83255813953488,24.234418604651164,215,4.8780487804878065,2.439024390243903,0.0,0.0,9.756097560975611,,8.99945916711736,5.174689021092482,4.949702541914548,1.3499188750676043,0.224986479177934,0.6749594375338022,29.506976744186048,11.609302325581396,10.87,4.37,3.87,1.27,28.37209302325581,11.16279069767442,0.0,26.0,25.1,104.0,0.0,11.538461538461538,,3.8461538461538463,34.61538461538461,7.6923076923076925,12.5,11.538461538461538,11.538461538461538,2.8846153846153846,0.0,0.0,33.0,18.0,11.72,6.39,4.26,1.22,31.7,17.299999999999997,104.0
140,Dennis Santana,PIT,0.0,49.73684210526316,61.6578947368421,342,3.1746031746031753,3.1746031746031753,0.0,7.936507936507938,19.04761904761905,,16.85133887349954,9.464450600184673,9.002770083102494,1.8467220683287167,0.4616805170821792,1.154201292705448,60.78947368421053,27.63157894736842,8.84,4.03,4.43,1.38,22.514619883040936,10.23391812865497,0.0,70.0,70.1,270.0,5.714285714285714,7.142857142857142,,22.857142857142858,17.142857142857142,4.285714285714286,16.296296296296298,6.666666666666667,6.296296296296296,1.8518518518518516,0.0,1.1111111111111112,60.0,17.0,7.68,2.18,2.18,0.87,22.2,6.3,270.0
142,Luis Garcia,,0.0,24.439929328621908,30.526855123674913,283,5.660377358490567,5.660377358490567,0.0,3.773584905660378,0.0,,10.591342131878285,5.377142928492053,5.051255478280413,1.1406060757407384,0.16294372510581975,0.6517749004232792,26.284452296819783,9.2226148409894,7.7,2.72,4.13,1.28,20.141342756183743,7.067137809,1.0,30.0,31.15,130.5,5.0,3.3333333333333335,,3.3333333333333335,20.0,1.6666666666666667,22.22222222222222,9.961685823754788,9.195402298850574,1.532567049808429,1.9157088122605364,0.38314176245210724,27.5,13.5,8.015,2.7,3.47,0.99,22.799999999999997,7.399999999999995,130.5
144,Hunter Bigge,TBR,0.0,11.235955056179774,13.97752808988764,267,4.0,2.0,0.0,0.0,13.999999999999998,,4.124058410133401,2.524933720489837,2.3566048057905147,0.6733156587972899,0.16832891469932248,0.2524933720489837,17.078651685393258,6.741573033707865,10.93,4.31,3.98,1.26,28.46441947565543,11.235955056179774,0.0,13.0,15.0,60.0,0.0,0.0,,0.0,7.6923076923076925,7.6923076923076925,18.333333333333332,6.666666666666667,6.666666666666667,6.666666666666667,0.0,1.6666666666666667,12.0,5.0,7.2,3.0,2.4,1.07,20.0,8.3,60.0
146,Dauri Moreta,PIT,0.0,13.146666666666668,15.957333333333334,150,3.448275862068965,3.448275862068965,0.0,0.0,3.448275862068965,,9.066666666666666,5.137777777777777,4.835555555555556,1.208888888888889,0.3022222222222222,0.6044444444444445,17.226666666666667,5.4399999999999995,9.63,3.06,3.91,1.19,25.333333333333336,8.0,0.0,18.0,16.2,68.0,5.555555555555555,5.555555555555555,,0.0,11.11111111111111,5.555555555555555,23.52941176470588,11.76470588235294,8.823529411764707,2.941176470588235,1.4705882352941175,0.0,19.0,7.0,10.26,3.78,3.24,1.38,27.89999999999999,10.3,68.0
147,Chad Green,TOR,0.0,36.611295681063126,45.51162790697674,301,3.4482758620689653,3.4482758620689653,0.0,13.793103448275861,20.689655172413794,,13.631196123663095,7.759296255008223,7.130164126223773,2.3068178055429853,0.4194214191896337,0.6291321287844505,42.92358803986711,11.993355481727574,8.48,2.37,4.23,1.17,22.591362126245848,6.312292358803987,0.0,45.0,43.2,190.0,6.666666666666667,4.444444444444445,,2.2222222222222223,15.555555555555555,0.0,26.842105263157894,14.736842105263156,14.210526315789473,7.368421052631578,1.0526315789473684,1.0526315789473684,35.0,13.0,7.21,2.68,5.56,1.47,18.4,6.800000000000001,190.0
148,Jose Suarez,LAA,1.1696750902527075,12.28158844765343,18.71480144404332,277,7.142857142857142,7.142857142857142,0.10556634388562341,7.142857142857142,28.57142857142857,,6.333980633137407,3.5892556921111964,3.3781230043399493,0.9500970949706108,0.10556634388562341,0.42226537554249366,18.422382671480143,7.310469314079422,8.91,3.46,4.51,1.33,22.74368231046931,9.025270758122744,1.0,7.0,19.1,81.0,28.57142857142857,0.0,,14.285714285714285,14.285714285714285,0.0,18.51851851851852,6.172839506172839,4.938271604938271,1.2345679012345678,1.2345679012345678,0.0,16.0,10.0,7.45,4.66,1.86,1.29,19.8,12.3,81.0
149,Hunter Gaddis,CLE,0.9102990033222592,52.797342192691026,64.81328903654484,301,3.448275862068966,3.448275862068966,0.0,1.724137931034483,29.310344827586203,,18.750344918930253,10.887297049701436,9.980022295559651,3.326674098519885,0.6048498360945244,1.2096996721890487,60.0797342192691,20.026578073089706,8.32,2.82,4.17,1.18,21.92691029900332,7.308970099667775,0.0,73.0,66.2,274.0,2.73972602739726,2.73972602739726,,4.10958904109589,47.94520547945205,5.47945205479452,21.16788321167883,8.75912408759124,8.394160583941606,2.9197080291970803,0.7299270072992701,0.36496350364963503,73.0,21.0,9.86,2.84,3.11,1.19,26.6,7.7,274.0
151,Sean Reynolds,SDP,0.0,21.9375,27.21294642857143,224,2.3809523809523814,2.3809523809523814,0.0,0.0,21.42857142857143,,9.793526785714286,5.596301020408164,5.36312181122449,1.1658960459183676,0.2331792091836735,0.6995376275510204,30.81696428571429,13.058035714285715,10.09,4.3,3.91,1.29,26.339285714285715,11.160714285714286,1.0,19.0,27.0,117.0,0.0,5.263157894736842,,0.0,10.526315789473683,0.0,17.094017094017094,13.675213675213676,13.675213675213676,3.418803418803419,0.0,2.564102564102564,25.0,17.0,8.33,5.67,5.33,1.37,21.4,14.499999999999998,117.0
152,Trevor McDonald,SFG,0.0,11.48936170212766,14.127659574468089,141,3.7037037037037033,3.7037037037037033,0.0,0.0,3.7037037037037033,,8.752074845329712,4.225139580503998,3.9233438961822844,0.6035913686434284,0.3017956843217142,0.6035913686434284,12.340425531914894,5.1063829787234045,7.87,3.14,3.43,1.22,20.56737588652482,8.510638298,2.0,3.0,15.0,60.0,33.33333333333333,0.0,,0.0,0.0,0.0,21.666666666666668,10.0,5.0,1.6666666666666667,0.0,0.0,14.0,2.0,8.4,1.2,1.8,1.0,23.3,3.3000000000000003,60.0
154,John King,STL,0.0,42.0,51.900000000000006,296,3.571428571428571,3.571428571428571,0.0,0.0,21.428571428571427,,18.49662162162162,8.361486486486488,7.85472972972973,1.2668918918918919,0.2533783783783784,0.7601351351351352,32.25,14.25,5.55,2.47,3.99,1.32,14.527027027027026,6.418918918918918,0.0,51.0,48.1,222.0,3.9215686274509802,1.9607843137254901,,0.0,5.88235294117647,1.9607843137254901,29.27927927927928,13.513513513513514,11.26126126126126,3.6036036036036037,0.0,0.0,28.0,14.0,5.21,2.61,4.66,1.63,12.6,6.3,222.0
155,Abner Uribe,MIL,0.0,56.14492753623188,69.38937198067633,207,5.128205128205128,2.5641025641025643,0.0,5.128205128205128,10.256410256410255,,26.427687927372865,13.909309435459406,13.213843963686433,2.7818618870918805,0.6954654717729704,2.08639641531891,71.98067632850241,35.990338164251206,9.26,4.62,3.53,1.29,24.154589371980677,12.07729468599034,0.0,75.0,75.1,298.0,4.0,2.666666666666667,,9.333333333333334,49.333333333333336,2.666666666666667,17.114093959731544,6.0402684563758395,4.697986577181208,1.342281879194631,0.6711409395973155,2.013422818791946,90.0,27.0,10.75,3.23,1.67,1.04,30.2,9.1,298.0
156,Andrew Kittredge,BAL,0.0,39.709090909090904,49.22666666666666,330,4.761904761904763,3.1746031746031753,0.0,4.761904761904763,20.634920634920636,,14.89807162534435,7.640036730945822,7.067033976124885,2.1010101010101008,0.3820018365472911,0.5730027548209367,42.23030303030303,11.975757575757576,7.73,2.14,4.25,1.23,20.303030303030305,5.757575757575758,0.0,54.0,53.0,208.0,7.4074074074074066,5.555555555555555,,9.25925925925926,27.77777777777778,1.8518518518518516,19.71153846153846,10.576923076923077,9.615384615384617,3.3653846153846154,0.4807692307692308,0.0,64.0,11.0,10.87,1.87,3.4,0.98,30.8,5.3,208.0
157,Ryan Gusto,HOU,8.236363636363636,63.14545454545455,107.07272727272728,165,4.3478260869565215,8.695652173913043,-1.6639118457300275,0.0,0.0,,54.90909090909091,31.61432506887053,28.286501377410467,8.319559228650139,1.6639118457300275,3.327823691460055,104.32727272727271,41.18181818181819,8.83,3.42,4.02,1.23,23.03030303030303,9.090909090909092,17.0,27.0,101.2,453.0,25.925925925925924,25.925925925925924,,0.0,0.0,0.0,25.165562913907287,14.79028697571744,14.1280353200883,3.7527593818984544,0.0,1.1037527593818985,97.0,36.0,8.59,3.19,5.67,1.48,21.4,7.9,453.0
159,Brenan Hanifee,DET,1.6049382716049383,51.358024691358025,61.308641975308646,162,3.125,3.125,0.0,0.0,3.125,,35.66529492455419,17.832647462277095,15.851242188690748,2.9721079103795156,0.9907026367931717,1.9814052735863434,49.75308641975309,17.654320987654323,7.13,2.59,3.8,1.22,19.13580247,6.790123456790123,0.0,54.0,60.0,260.0,5.555555555555555,5.555555555555555,,0.0,18.51851851851852,1.8518518518518516,25.0,11.923076923076923,7.6923076923076925,1.153846153846154,0.7692307692307693,0.7692307692307693,40.0,14.0,6.0,2.1,3.0,1.32,15.4,5.4,260.0
160,Justin Slaten,BOS,0.0,25.37037037037037,31.755246913580244,324,3.3333333333333335,3.3333333333333335,0.0,10.0,25.0,,9.004915409236396,5.08973479652492,4.698216735253771,1.3050602042371588,0.2610120408474318,0.5220240816948636,33.40432098765432,12.685185185185183,9.44,3.57,4.28,1.31,24.382716049382715,9.259259259,0.0,36.0,34.0,137.0,5.555555555555555,11.11111111111111,,8.333333333333332,16.666666666666664,8.333333333333332,19.708029197080293,13.86861313868613,11.678832116788321,2.18978102189781,1.4598540145985401,0.0,25.0,10.0,6.62,2.65,4.24,1.09,18.2,7.3,137.0
161,Sam Moll,CIN,0.0,14.9079754601227,18.659815950920244,326,5.0,3.3333333333333335,0.0,0.0,18.333333333333332,,5.182731755052881,2.820015807896421,2.6675825209831006,0.6097331476532801,0.22864993036998005,0.38108321728330014,19.38036809815951,8.199386503067485,9.29,3.9,4.13,1.34,23.92638036809816,10.122699386503069,0.0,23.0,18.1,81.0,4.3478260869565215,0.0,,0.0,8.695652173913043,0.0,19.753086419753085,19.753086419753085,16.049382716049383,4.938271604938271,0.0,0.0,22.0,10.0,10.8,4.91,6.38,1.42,27.200000000000003,12.3,81.0
162,Reed Garrett,NYM,0.0,43.88125,54.4425,320,3.389830508474576,1.694915254237288,0.0,3.389830508474576,25.423728813559322,,15.107421874999998,8.83203125,8.134765625,2.091796875,0.46484375,0.9296875,64.70625,26.03125,10.61,4.28,4.33,1.36,27.187499999999996,10.9375,1.0,58.0,55.1,238.0,5.172413793103448,10.344827586206897,,5.172413793103448,34.48275862068966,12.068965517241379,19.747899159663866,11.344537815126051,10.084033613445378,2.100840336134454,0.8403361344537815,0.42016806722689076,64.0,26.0,10.41,4.23,3.9,1.32,26.89999999999999,10.9,238.0
164,Luke Weaver,NYY,0.0,49.327160493827165,61.45679012345679,324,3.278688524590164,3.278688524590164,0.0,8.196721311475411,21.31147540983607,,17.72024081694864,9.733653406492914,9.23449169333943,2.745389422344155,0.49916171315348273,0.9983234263069655,64.69135802469137,19.40740740740741,9.47,2.85,4.34,1.25,24.69135802469136,7.4074074074074066,0.0,64.0,64.2,262.0,6.25,6.25,,12.5,32.8125,6.25,17.557251908396946,10.687022900763358,9.923664122137405,3.816793893129771,0.38167938931297707,0.38167938931297707,72.0,20.0,10.02,2.78,3.62,1.02,27.500000000000004,7.6,262.0
166,Daysbel Hernandez,ATL,0.0,30.706382978723404,37.75489361702128,235,4.545454545454546,2.272727272727273,0.0,0.0,25.0,,13.066545948392939,7.7211407876867355,7.1272068809416025,1.7818017202354006,0.5939339067451336,0.8909008601177003,44.66382978723404,19.540425531914895,10.58,4.71,3.95,1.34,27.23404255319149,11.914893617021278,0.0,39.0,37.0,164.0,10.256410256410255,7.6923076923076925,,0.0,25.64102564102564,5.128205128205128,16.463414634146343,9.75609756097561,8.536585365853659,1.8292682926829267,0.6097560975609756,1.2195121951219512,33.0,30.0,8.03,7.3,3.41,1.54,20.1,18.3,164.0
167,Jose Butto,NYM,1.0035335689045937,52.18374558303887,66.33356890459363,283,3.8461538461538463,3.8461538461538463,0.0,1.9230769230769231,30.76923076923077,,20.212513578643758,11.701981545530597,10.992770542771167,2.8368440110377207,0.7092110027594302,1.4184220055188603,67.23674911660777,28.098939929328623,9.1,3.77,4.19,1.28,23.674911660777383,9.893992933,0.0,55.0,67.0,284.0,9.090909090909092,5.454545454545454,,1.8181818181818181,10.909090909090908,7.2727272727272725,21.830985915492956,10.915492957746478,10.211267605633804,1.4084507042253522,0.7042253521126761,0.7042253521126761,58.0,32.0,7.79,4.3,3.9,1.4,20.4,11.3,284.0
169,Zach Brzykcy,WSN,0.0,20.50179211469534,25.706093189964157,279,5.769230769230769,3.8461538461538463,0.0,0.0,7.6923076923076925,,7.772253696638019,4.380724810832337,4.098097403681864,1.1305096286018936,0.4239411107257101,0.5652548143009468,27.204301075268816,10.64516129032258,9.42,3.7,3.98,1.25,24.731182795698924,9.677419355,0.0,26.0,23.0,110.0,0.0,3.8461538461538463,,0.0,0.0,3.8461538461538463,25.454545454545453,20.909090909090907,20.909090909090907,5.454545454545454,0.0,1.8181818181818181,24.0,12.0,9.39,4.7,9.0,1.74,21.8,10.9,110.0
170,Daniel Lynch IV,KCR,3.4133858267716537,44.374015748031496,67.12992125984252,254,5.128205128205128,5.128205128205128,0.4479508959017918,0.0,10.256410256410255,,25.981151962303926,13.886477772955546,12.990575981151963,3.135656271312542,0.4479508959017918,1.3438526877053756,55.75196850393701,23.893700787401578,7.55,3.21,4.42,1.34,19.291338582677163,8.267716535433072,2.0,57.0,67.2,289.0,10.526315789473683,3.508771929824561,,1.7543859649122806,12.280701754385964,0.0,22.837370242214533,8.304498269896193,7.958477508650519,2.768166089965398,0.34602076124567477,2.0761245674740483,45.0,26.0,5.99,3.46,3.06,1.36,15.6,9.0,289.0
172,Alek Jacob,SDP,0.0,29.297872340425528,36.89361702127659,141,3.703703703703704,3.703703703703704,0.0,0.0,3.703703703703704,,22.317790855590765,11.543684925305568,10.774105930285199,3.0783159800814848,0.7695789950203712,1.5391579900407424,39.06382978723404,11.936170212765957,9.6,2.83,3.69,1.16,25.53191489361702,7.801418439716312,0.0,29.0,33.1,153.0,3.4482758620689653,0.0,,0.0,6.896551724137931,0.0,23.52941176470588,13.071895424836603,12.418300653594772,3.9215686274509802,0.0,3.9215686274509802,23.0,14.0,6.21,3.78,5.13,1.5,15.0,9.2,153.0
174,Kaleb Ort,HOU,0.0,36.54109589041096,45.2445205479452,292,3.6363636363636362,3.6363636363636362,0.0,1.8181818181818181,23.636363636363637,,13.4241884030775,7.963501595045974,7.508444361043348,2.2752861700131355,0.4550572340026271,0.9101144680052542,49.16438356164384,18.6027397260274,9.68,3.7,4.33,1.27,25.34246575342466,9.589041096,0.0,49.0,46.0,194.0,4.081632653061225,4.081632653061225,,2.0408163265306123,6.122448979591836,0.0,18.04123711340206,13.402061855670103,12.886597938144329,4.123711340206185,0.5154639175257731,0.0,49.0,27.0,9.59,5.28,4.89,1.35,25.3,13.900000000000002,194.0
175,Jackson Rutledge,WSN,4.479638009049774,43.30316742081448,74.95927601809956,221,3.4482758620689653,3.4482758620689653,0.0,0.0,3.4482758620689653,,31.080444708339307,18.2428697201122,16.891546037140927,4.053971048913822,1.351323682971274,2.026985524456911,70.18099547511312,34.34389140271493,8.36,4.0,4.39,1.36,21.266968325791854,10.407239819004523,0.0,63.0,73.1,330.0,6.349206349206349,3.1746031746031744,,0.0,4.761904761904762,0.0,26.36363636363636,14.84848484848485,14.242424242424242,4.848484848484849,0.0,2.1212121212121215,65.0,24.0,7.98,2.95,5.77,1.51,19.69999999999999,7.3,330.0
177,Tanner Banks,PHI,0.0,49.9601226993865,61.59018404907976,326,3.278688524590164,3.278688524590164,0.0,1.639344262295082,19.672131147540988,,18.842447965674282,10.049305581692952,9.29560766306598,2.512326395423238,0.2512326395423238,0.7536979186269712,60.607361963190186,20.47546012269939,8.83,2.95,4.42,1.32,22.699386503067483,7.668711656441718,1.0,69.0,67.1,267.0,8.695652173913043,2.898550724637681,,1.4492753623188406,14.492753623188406,4.3478260869565215,20.973782771535582,8.98876404494382,8.614232209737828,3.3707865168539324,0.37453183520599254,0.37453183520599254,61.0,12.0,8.15,1.6,3.07,1.01,22.8,4.5,267.0
178,Joey Wentz,PIT,1.5400696864111498,81.62369337979094,101.64459930313588,287,3.773584905660378,3.773584905660378,0.0,0.0,15.094339622641511,,32.1965788099892,18.24472799232721,17.171508698660904,4.292877174665226,1.0732192936663065,1.6098289404994595,100.10452961672472,46.20209059233449,8.78,4.09,4.36,1.36,22.64808362369338,10.452961672473869,13.0,39.0,98.0,442.0,12.82051282051282,17.94871794871795,,0.0,0.0,2.564102564102564,24.8868778280543,14.93212669683258,13.800904977375566,2.48868778280543,0.6787330316742082,0.22624434389140274,92.0,43.0,8.45,3.95,5.6,1.56,20.8,9.69999999999999,442.0
179,Jorge Alcala,MIN,0.0,48.23948220064725,60.04983818770227,309,3.448275862068965,3.448275862068965,0.0,0.0,20.689655172413794,,17.495627402310408,9.959049444392077,9.42072244739791,2.960798483467915,0.2691634984970832,1.0766539939883326,61.54692556634304,20.792880258899675,9.09,3.13,4.32,1.24,23.94822006472492,8.090614886731391,0.0,56.0,55.0,257.0,0.0,3.571428571428571,,0.0,8.928571428571429,3.571428571428571,25.680933852140075,17.120622568093385,14.785992217898833,5.058365758754864,0.38910505836575876,0.38910505836575876,61.0,30.0,9.98,4.91,6.22,1.75,23.7,11.69999999999999,257.0
181,Bryan Baker,BAL,0.0,51.375,64.36145833333333,192,5.555555555555555,2.7777777777777777,0.0,0.0,2.7777777777777777,,28.24435763888889,15.608723958333334,14.865451388888888,4.459635416666666,0.7432725694444444,1.4865451388888888,68.5,25.6875,9.42,3.6,3.95,1.23,25.0,9.375,0.0,73.0,68.2,274.0,5.47945205479452,5.47945205479452,,4.10958904109589,26.027397260273972,8.21917808219178,21.532846715328464,12.043795620437956,11.313868613138686,4.744525547445255,0.0,0.0,83.0,17.0,10.88,2.23,4.06,1.11,30.3,6.2,274.0
182,Ryan Yarbrough,,1.1139240506329111,43.44303797468354,62.49113924050633,237,7.6923076923076925,7.6923076923076925,0.470010147946376,0.0,0.0,,24.910537841157932,13.160284142498533,12.220263846605778,3.2900710356246323,0.470010147946376,1.8800405917855045,47.89873417721519,16.70886075949367,6.87,2.4,4.16,1.21,18.143459915611817,6.329113924050633,8.0,19.0,64.0,264.0,15.789473684210526,5.263157894736842,,5.263157894736842,0.0,0.0,21.96969696969697,11.742424242424242,11.742424242424242,4.924242424242424,0.0,0.7575757575757576,55.0,19.0,7.73,2.67,4.36,1.2,20.8,7.199999999999999,264.0
183,Tommy Kahnle,DET,0.0,50.12643678160919,62.50459770114942,261,4.081632653061225,4.081632653061225,0.0,4.081632653061225,20.408163265306122,,21.16527942925089,11.366538952745849,10.582639714625445,2.7436473334214115,0.39194961906020165,1.175848857180605,61.37931034482759,24.551724137931032,8.75,3.51,3.9,1.27,22.988505747126435,9.195402298850574,0.0,66.0,63.0,267.0,1.5151515151515151,7.575757575757576,,13.636363636363635,24.242424242424242,7.575757575757576,19.101123595505616,11.985018726591761,11.610486891385769,2.9962546816479403,0.0,0.37453183520599254,50.0,31.0,7.14,4.43,4.43,1.3,18.7,11.599999999999987,267.0
186,Brennan Bernardino,BOS,0.7368421052631579,42.0,50.98947368421052,304,3.508771929824561,3.508771929824561,0.0,0.0,17.543859649122805,,16.239612188365648,8.96814404432133,8.240997229916896,2.181440443213296,0.48476454293628807,1.2119113573407203,53.78947368421052,20.63157894736842,9.46,3.63,4.45,1.36,24.01315789473684,9.210526315789473,3.0,55.0,51.2,224.0,7.2727272727272725,5.454545454545454,,1.8181818181818181,3.6363636363636362,0.0,17.410714285714285,10.267857142857142,8.035714285714286,0.4464285714285714,2.232142857142857,1.3392857142857142,43.0,26.0,7.49,4.53,3.14,1.26,19.2,11.599999999999987,224.0
188,Anthony Banda,LAD,1.00374531835206,50.187265917603,61.42921348314607,267,4.0,2.0,0.0,0.0,13.999999999999998,,22.180139993547392,12.405841013340066,11.278037284854605,2.6315420331327415,0.7518691523236404,1.1278037284854607,60.2247191011236,25.0936329588015,8.81,3.59,4.43,1.36,22.47191011235955,9.363295880149812,1.0,71.0,65.0,268.0,7.042253521126761,1.4084507042253522,,0.0,15.492957746478872,1.4084507042253522,16.791044776119403,8.582089552238806,8.582089552238806,2.9850746268656714,2.2388059701492535,0.7462686567164178,61.0,34.0,8.45,4.71,3.18,1.22,22.8,12.7,268.0
191,Graham Ashcraft,CIN,3.367588932806324,46.02371541501976,65.33122529644268,253,4.878048780487805,7.3170731707317085,0.0,0.0,9.75609756097561,,26.1775687793904,13.310628192910373,12.42325298004968,2.662125638582075,0.44368760643034577,1.7747504257213826,50.51383399209486,22.450592885375492,6.94,3.06,4.34,1.34,17.786561264822133,7.905138339920949,0.0,62.0,65.1,284.0,12.903225806451612,8.064516129032258,,0.0,37.096774193548384,9.67741935483871,23.943661971830984,13.028169014084506,10.211267605633804,0.7042253521126761,0.0,0.0,64.0,25.0,8.82,3.44,3.99,1.42,22.5,8.799999999999999,284.0
194,George Soriano,MIA,0.0,30.319587628865985,39.41546391752578,194,2.941176470588235,2.941176470588235,0.0,0.0,11.76470588235294,,19.305983632692104,10.112658093314913,9.652991816346052,2.298331384844298,0.45966627696885964,1.378998830906579,38.34536082474227,16.051546391752577,8.58,3.58,4.15,1.32,22.164948453608247,9.278350515463918,0.0,24.0,36.2,173.0,8.333333333333332,0.0,,4.166666666666666,0.0,0.0,26.589595375722542,20.809248554913296,19.653179190751445,5.780346820809249,0.5780346820809248,1.1560693641618496,36.0,19.0,8.84,4.66,8.35,1.77,20.8,11.0,173.0
200,Cionel Perez,BAL,0.0,20.23411371237458,25.384615384615383,299,5.454545454545455,3.6363636363636367,0.0,1.8181818181818181,12.727272727272727,,7.751591145512913,3.9373161374033843,3.691233878815673,0.6152056464692788,0.24608225858771152,0.49216451717542303,19.86622073578595,11.404682274247492,7.06,4.03,3.92,1.36,18.06020066889632,10.367892976588628,0.0,19.0,21.2,110.0,0.0,0.0,,0.0,0.0,0.0,25.454545454545453,20.0,18.181818181818183,2.727272727272727,0.9090909090909091,1.8181818181818181,21.0,18.0,8.72,7.48,8.31,2.12,19.1,16.399999999999988,110.0
201,Luis Peralta,COL,0.0,18.218354430379748,22.756962025316454,316,3.508771929824561,3.508771929824561,0.0,3.508771929824561,22.807017543859644,,6.6756128825508725,3.742389040217913,3.540097740746675,0.7080195481493351,0.20229129947123858,0.40458259894247717,24.610759493670884,11.50632911392405,9.7,4.56,4.38,1.43,24.367088607594937,11.39240506329114,0.0,22.0,19.0,101.0,4.545454545454546,13.636363636363635,,0.0,4.545454545454546,13.636363636363635,25.742574257425744,21.782178217821784,19.801980198019802,5.9405940594059405,0.0,1.9801980198019802,16.0,18.0,7.58,8.53,9.47,2.32,15.8,17.8,101.0
202,Ryan Zeferjahn,LAA,0.0,47.76951672862453,59.42527881040892,269,4.0,4.0,0.0,2.0000000000000004,28.000000000000004,,19.178839430079737,11.010074487638368,10.299747101339118,2.841309545196998,0.7103273862992494,1.4206547725984988,66.87732342007435,25.79553903345725,10.07,3.93,4.23,1.29,26.02230483271375,10.037174721189592,1.0,62.0,57.0,257.0,9.67741935483871,8.064516129032258,,3.225806451612903,27.419354838709676,8.064516129032258,19.06614785992218,12.062256809338521,11.673151750972762,4.669260700389105,1.1673151750972763,1.556420233463035,73.0,35.0,11.53,5.53,4.74,1.47,28.4,13.6,257.0
203,Sam Long,KCR,0.0,35.48275862068966,44.17241379310345,261,4.081632653061225,2.0408163265306123,0.0,0.0,20.40816326530612,,15.259611573523586,8.323424494649228,7.768529528339278,1.9421323820848195,0.5548949663099485,0.8323424494649228,40.55172413793103,17.379310344827587,8.24,3.58,4.06,1.29,21.455938697318008,9.195402298850574,0.0,39.0,40.1,189.0,5.128205128205128,7.6923076923076925,,0.0,2.564102564102564,0.0,25.396825396825395,16.402116402116402,12.698412698412698,3.7037037037037033,0.5291005291005291,1.0582010582010581,33.0,22.0,7.36,4.91,5.36,1.74,17.5,11.599999999999987,189.0
204,Brandon Young,BAL,4.266666666666667,42.666666666666664,59.946666666666665,120,5.0,5.0,0.0,0.0,0.0,,44.44444444444445,24.88888888888889,23.111111111111114,7.111111111111111,1.7777777777777777,1.7777777777777777,59.733333333333334,21.333333333333332,9.04,3.1,4.08,1.24,23.333333333333332,8.333333333333332,12.0,12.0,57.2,256.0,8.333333333333332,58.333333333333336,,0.0,0.0,0.0,26.171875,16.40625,15.625,4.6875,0.0,0.0,47.0,22.0,7.34,3.43,6.24,1.54,18.4,8.6,256.0
205,Jordan Romano,PHI,0.0,35.184668989547035,43.72020905923345,287,3.7037037037037033,1.851851851851852,0.0,44.44444444444444,7.4074074074074066,,14.07568381308502,7.94595053964477,7.264869064818074,2.0432444244800836,0.4540543165511296,0.6810814748266945,43.65505226480836,15.637630662020904,8.89,3.18,4.29,1.27,23.34494773519164,8.362369337979095,0.0,49.0,42.2,187.0,4.081632653061225,8.16326530612245,,16.3265306122449,14.285714285714285,6.122448979591836,24.06417112299465,21.390374331550802,20.855614973262032,5.347593582887701,0.53475935828877,1.6042780748663104,47.0,17.0,9.91,3.59,8.23,1.45,25.1,9.1,187.0
206,Calvin Faucher,MIA,0.0,46.44039735099338,57.58609271523179,302,3.6363636363636362,3.6363636363636362,0.0,21.818181818181817,10.909090909090908,,18.732731020569275,10.065348011052148,9.226569010131135,1.9571510021490286,0.5591860006140081,1.1183720012280163,59.10596026490066,26.17549668874172,9.11,4.13,4.38,1.43,23.178807947019862,10.264900662251655,0.0,65.0,60.1,255.0,6.153846153846154,6.153846153846154,,23.076923076923077,10.76923076923077,7.6923076923076925,20.784313725490197,10.588235294117647,8.627450980392156,3.1372549019607843,0.0,1.1764705882352942,59.0,24.0,8.8,3.58,3.28,1.28,23.1,9.4,255.0
208,Mark Leiter Jr.,NYY,0.0,41.014134275618375,51.151590106007056,283,3.7735849056603774,1.8867924528301887,0.0,1.8867924528301887,22.64150943396226,,15.859855910299792,9.29715691293436,8.750265329820573,2.7344579155689295,0.2734457915568929,1.3672289577844647,61.13427561837455,19.346289752650176,10.69,3.44,4.31,1.26,27.915194346289752,8.833922261,0.0,59.0,48.1,219.0,10.16949152542373,11.864406779661017,,3.389830508474576,23.728813559322035,6.779661016949152,26.027397260273972,14.15525114155251,11.87214611872146,2.28310502283105,0.0,1.82648401826484,54.0,17.0,10.06,3.17,4.84,1.53,24.7,7.8,219.0
212,Chris Roycroft,STL,0.0,18.703703703703702,23.192592592592593,162,3.3333333333333335,3.3333333333333335,0.0,0.0,3.3333333333333335,,13.084895595183662,6.927297668038407,6.157597927145252,1.1545496113397349,0.38484987044657826,0.7696997408931565,19.950617283950617,9.975308641975309,7.73,3.87,3.92,1.34,19.753086419753085,9.876543209876544,0.0,20.0,20.2,101.0,5.0,15.0,,0.0,10.0,5.0,25.742574257425744,20.792079207920793,17.82178217821782,1.9801980198019802,0.9900990099009901,0.9900990099009901,15.0,12.0,6.53,5.23,7.84,1.84,14.9,11.9,101.0
213,Quinn Priester,BOS,8.371794871794872,104.6474358974359,151.11089743589744,156,4.0,4.0,0.0,0.0,4.0,,93.91436554898095,48.29881656804734,45.615548980933596,8.049802761341224,2.6832675871137415,5.366535174227483,125.57692307692308,54.41666666666667,7.33,3.31,4.16,1.33,19.230769230769234,8.333333333333332,24.0,29.0,157.1,653.0,44.827586206896555,10.344827586206897,,0.0,0.0,0.0,22.2052067381317,9.494640122511486,8.88208269525268,2.756508422664625,0.0,0.9188361408882083,132.0,50.0,7.55,2.86,3.32,1.24,20.19999999999999,7.7,653.0
217,Seranthony Dominguez,BAL,0.0,49.37837837837838,61.21351351351351,333,4.761904761904762,3.1746031746031744,0.0,7.936507936507936,19.047619047619044,,16.005194383572764,9.179449719990261,8.473338203067932,2.353705056407759,0.23537050564077588,1.1768525282038795,61.91891891891892,24.2972972972973,9.07,3.57,4.17,1.26,23.72372372372373,9.309309309,0.0,67.0,62.2,261.0,5.970149253731343,5.970149253731343,,2.9850746268656714,29.850746268656714,4.477611940298507,16.85823754789272,11.494252873563218,8.42911877394636,1.9157088122605364,0.7662835249042145,0.7662835249042145,79.0,36.0,11.35,5.17,3.16,1.28,30.3,13.8,261.0
220,Evan Sisk,KCR,0.0,14.678899082568808,18.495412844036696,109,5.0,5.0,0.0,0.0,0.0,,14.140223886878209,7.40678394074573,6.733439946132481,1.346687989226496,0.673343994613248,0.673343994613248,19.816513761467892,8.807339449541285,9.54,4.24,3.46,1.31,24.770642201834864,11.009174311926609,0.0,19.0,17.2,80.0,5.263157894736842,5.263157894736842,,0.0,10.526315789473683,0.0,20.0,8.75,8.75,1.25,0.0,2.5,25.0,10.0,12.74,5.09,3.57,1.47,31.3,12.5,80.0
221,Nick Sandlin,TOR,0.0,13.13225806451613,16.27064516129032,310,3.389830508474576,3.389830508474576,0.0,0.0,20.338983050847457,,4.164412070759625,2.5130072840790847,2.2976066597294484,0.7180020811654527,0.14360041623309053,0.3590010405827263,17.583870967741937,7.122580645161291,9.68,3.96,3.98,1.23,25.483870967741932,10.32258064516129,0.0,19.0,16.1,69.0,0.0,10.526315789473683,,5.263157894736842,26.31578947368421,15.789473684210526,15.942028985507244,10.144927536231885,5.797101449275362,2.898550724637681,0.0,2.898550724637681,16.0,8.0,8.82,4.41,2.2,1.16,23.19999999999999,11.599999999999987,69.0
222,Jalen Beeks,,1.0547945205479452,43.24657534246575,53.7945205479452,219,4.878048780487805,7.317073170731707,0.0,4.878048780487805,0.0,,23.600425345593294,12.522674673171952,11.559392006004877,2.8898480015012193,0.4816413335835366,1.4449240007506097,47.465753424657535,20.04109589041096,7.97,3.35,4.31,1.34,20.54794520547945,8.675799087,2.0,61.0,57.1,231.0,8.19672131147541,4.918032786885246,,1.639344262295082,22.950819672131146,3.278688524590164,18.181818181818183,11.255411255411255,10.38961038961039,2.5974025974025974,0.8658008658008658,0.8658008658008658,47.0,20.0,7.38,3.14,3.77,1.08,20.3,8.7,231.0
223,Phil Maton,,0.0,45.46666666666667,57.12266666666666,300,5.454545454545454,5.454545454545454,0.0,0.0,0.0,,17.635555555555555,9.920000000000002,9.36888888888889,2.2044444444444444,0.27555555555555555,1.6533333333333333,56.21333333333333,22.32,8.77,3.49,4.37,1.31,22.666666666666664,9.0,0.0,63.0,61.1,248.0,6.349206349206349,7.936507936507936,,7.936507936507936,34.92063492063492,7.936507936507936,16.93548387096774,8.46774193548387,7.661290322580645,1.2096774193548387,0.8064516129032258,2.82258064516129,81.0,23.0,11.89,3.38,2.79,1.06,32.7,9.3,248.0
224,Alexis Diaz,CIN,0.0,15.657894736842104,19.659356725146196,342,4.761904761904763,3.1746031746031744,0.0,38.0952380952381,4.761904761904763,,4.796347594131528,2.9795492630211005,2.7615334632878494,0.7267193324441709,0.14534386648883416,0.4360315994665025,20.87719298245614,9.444444444444445,9.56,4.28,4.36,1.31,24.561403508771928,11.11111111111111,0.0,18.0,17.2,85.0,5.555555555555555,0.0,,0.0,22.22222222222222,0.0,17.647058823529413,20.0,18.823529411764707,7.0588235294117645,0.0,5.88235294117647,17.0,12.0,8.66,6.11,8.15,1.53,20.0,14.099999999999998,85.0
226,Carlos Vargas,SEA,0.0,62.977876106194685,77.77035398230089,226,4.651162790697675,2.3255813953488373,0.0,0.0,16.27906976744186,,31.106586263607173,16.201347012295404,14.90523925131177,3.2402694024590804,0.6480538804918161,1.9441616414754483,65.90707964601769,29.292035398230087,7.65,3.38,3.92,1.29,19.91150442477876,8.849557522123893,0.0,70.0,77.0,331.0,7.142857142857142,7.142857142857142,,1.4285714285714286,20.0,10.0,24.47129909365559,11.782477341389729,10.27190332326284,3.0211480362537766,1.2084592145015105,2.1148036253776437,54.0,23.0,6.31,2.69,3.97,1.35,16.3,6.9,331.0
227,Hunter Stratton,PIT,0.0,16.818897637795274,20.46299212598425,127,4.166666666666667,4.166666666666667,0.0,0.0,4.166666666666667,,14.346828693657388,7.725215450430902,7.173414346828694,1.6554033108066215,0.5518011036022072,1.1036022072044147,19.62204724409449,8.409448818897637,8.6,3.66,4.08,1.29,22.04724409448819,9.448818897637794,0.0,15.0,19.0,89.0,6.666666666666667,6.666666666666667,,6.666666666666667,20.0,6.666666666666667,25.842696629213485,13.48314606741573,12.359550561797752,3.3707865168539324,0.0,3.3707865168539324,16.0,7.0,7.58,3.32,5.21,1.58,18.0,7.9,89.0
229,Steven Cruz,KCR,0.0,35.936619718309856,43.92253521126761,142,3.7037037037037033,3.7037037037037033,0.0,0.0,3.7037037037037033,,26.244792699861136,14.05971037492561,13.122396349930568,2.811942074985122,0.9373140249950405,1.8746280499900811,43.92253521126761,19.964788732394368,9.06,4.19,3.81,1.3,23.239436619718308,10.56338028169014,0.0,47.0,45.2,189.0,6.382978723404255,2.127659574468085,,0.0,19.148936170212767,0.0,19.047619047619047,10.582010582010582,10.052910052910052,2.6455026455026456,0.5291005291005291,0.5291005291005291,38.0,18.0,7.49,3.55,3.74,1.18,20.1,9.5,189.0
230,Spencer Bivens,SFG,1.805263157894737,59.57368421052632,79.79263157894738,190,6.0606060606060606,3.0303030303030303,0.0,0.0,12.121212121212121,,39.905817174515235,20.903047091412745,19.002770083102494,4.7506925207756225,0.9501385041551246,1.9002770083102491,61.37894736842105,27.078947368421055,6.85,3.1,4.09,1.28,17.894736842105264,7.894736842105263,0.0,54.0,81.0,343.0,7.4074074074074066,5.555555555555555,,5.555555555555555,7.4074074074074066,0.0,24.198250728862973,12.244897959183673,10.495626822157435,1.749271137026239,0.2915451895043732,1.4577259475218658,61.0,25.0,6.78,2.78,4.0,1.33,17.8,7.3,343.0
231,Brandon Eisert,CHW,0.0,59.16,71.808,150,3.4482758620689653,3.4482758620689653,0.0,0.0,3.4482758620689653,,44.88,23.119999999999997,21.76,5.44,1.36,1.36,73.44,22.44,9.0,2.84,4.0,1.23,24.0,7.333333333333333,3.0,72.0,69.2,306.0,4.166666666666666,11.11111111111111,,2.7777777777777777,11.11111111111111,4.166666666666666,24.509803921568626,11.76470588235294,11.11111111111111,3.9215686274509802,1.9607843137254901,1.6339869281045754,74.0,25.0,9.56,3.23,4.39,1.44,24.2,8.19999999999999,306.0
232,Hector Neris,,0.0,23.224080267558527,28.698327759197326,299,5.357142857142858,5.357142857142858,0.0,5.357142857142858,0.0,,8.460755472533865,4.993232737888839,4.577130009731436,1.2483081844722097,0.13870090938580104,0.5548036375432043,29.859531772575252,12.02675585284281,9.3,3.75,4.28,1.29,24.08026755852843,9.698996655518394,0.0,35.0,26.2,124.0,8.571428571428571,5.714285714285714,,0.0,20.0,5.714285714285714,23.387096774193548,20.161290322580644,16.129032258064516,4.838709677419355,0.8064516129032258,0.8064516129032258,35.0,16.0,11.81,5.4,6.75,1.69,28.199999999999996,12.9,124.0
233,Shawn Dubin,HOU,0.6331877729257642,27.227074235807866,33.0524017467249,229,4.651162790697674,2.325581395348837,0.0,0.0,16.279069767441857,,12.99555691157682,7.4655326938845565,6.912530272115329,1.6590072653076795,0.2765012108846132,0.8295036326538398,32.92576419213974,15.829694323144103,8.93,4.21,4.28,1.36,22.707423580786028,10.91703056768559,0.0,30.0,33.2,145.0,6.666666666666667,0.0,,0.0,26.666666666666668,3.3333333333333335,25.517241379310345,13.10344827586207,13.10344827586207,4.137931034482759,0.0,1.3793103448275863,28.0,11.0,7.49,2.94,5.08,1.43,19.3,7.6,145.0
235,Riley O'Brien,STL,0.0,36.65789473684211,45.47324561403509,228,4.761904761904762,2.380952380952381,0.0,0.0,9.523809523809524,,16.84364419821484,9.953062480763313,9.187442289935365,1.9140504770698679,0.38281009541397354,1.5312403816558942,48.00438596491228,23.565789473684212,9.46,4.62,4.18,1.36,24.12280701754386,11.842105263157894,0.0,42.0,48.0,199.0,7.142857142857142,2.380952380952381,,14.285714285714285,14.285714285714285,7.142857142857142,16.582914572864322,6.532663316582915,5.527638190954774,1.0050251256281406,1.0050251256281406,3.5175879396984926,45.0,22.0,8.44,4.13,2.06,1.15,22.6,11.1,199.0
236,Yerry De Los Santos,NYY,0.0,30.638297872340427,37.56028368794327,141,3.703703703703704,3.703703703703704,0.0,0.0,3.703703703703704,,24.94844323726171,12.071827372868569,11.267038881343996,2.4143654745737138,0.8047884915245714,1.6095769830491424,31.77304964539007,12.4822695035461,7.64,2.86,3.86,1.23,19.858156028368796,7.801418439716312,0.0,25.0,35.2,160.0,0.0,4.0,,0.0,12.0,0.0,23.125,9.375,8.125,0.625,0.0,0.625,28.0,17.0,7.07,4.29,3.28,1.51,17.5,10.6,160.0
239,Robert Suarez,SDP,0.0,50.80185758513932,63.377399380804945,323,3.2786885245901636,3.2786885245901636,0.0,45.90163934426229,6.557377049180328,,17.790834763105178,9.797851028956474,9.024336474038858,2.578381849725388,0.5156763699450775,1.0313527398901552,59.13003095975232,21.653250773993808,8.33,3.08,4.18,1.25,21.981424148606813,8.049535604,0.0,70.0,69.2,269.0,5.714285714285714,8.571428571428571,,57.14285714285714,0.0,7.142857142857142,17.472118959107807,8.921933085501859,8.550185873605948,2.2304832713754648,0.7434944237918215,0.7434944237918215,75.0,16.0,9.69,2.07,2.97,0.9,27.89999999999999,5.8999999999999995,269.0
240,Grant Anderson,MIL,0.0,56.95238095238095,71.19047619047619,126,4.166666666666667,4.166666666666667,0.0,0.0,4.166666666666667,,47.083648274124464,26.366843033509703,24.48349710254472,7.533383723859914,1.8833459309649785,3.766691861929957,75.93650793650794,23.73015873015873,9.46,3.15,3.87,1.2,25.396825396825395,7.936507936507936,0.0,66.0,69.2,299.0,3.0303030303030303,9.090909090909092,,0.0,9.090909090909092,3.0303030303030303,19.732441471571907,11.705685618729097,8.361204013377927,2.6755852842809364,1.0033444816053512,0.6688963210702341,74.0,29.0,9.56,3.75,3.23,1.26,24.7,9.69999999999999,299.0
243,Tyler Phillips,PHI,4.22972972972973,50.75675675675676,72.1168918918919,148,4.166666666666666,4.166666666666666,0.0,0.0,4.166666666666666,,51.442658875091304,27.15029218407597,24.29236669101534,5.715850986121256,1.428962746530314,1.428962746530314,57.101351351351354,21.14864864864865,7.0,2.72,4.58,1.35,18.24324324324324,6.756756756756757,1.0,54.0,77.2,313.0,3.7037037037037033,1.8518518518518516,,7.4074074074074066,14.814814814814813,0.0,20.766773162939298,8.30670926517572,7.667731629392971,2.5559105431309903,0.0,0.6389776357827476,52.0,24.0,6.03,2.78,2.78,1.15,16.6,7.7,313.0
244,Anthony Molina,COL,0.0,28.23529411764706,36.57142857142858,119,4.761904761904761,4.761904761904761,0.0,0.0,4.761904761904761,,35.02577501588872,16.947955652849377,15.818091942659418,3.389591130569875,1.1298637101899582,1.1298637101899582,25.54621848739496,9.411764705882351,6.29,2.18,4.57,1.35,15.966386554621849,5.882352941,1.0,17.0,34.2,160.0,5.88235294117647,5.88235294117647,,0.0,0.0,0.0,32.5,18.75,17.5,7.5,0.0,1.25,24.0,6.0,6.23,1.56,7.27,1.67,15.0,3.8,160.0
245,Victor Vodnik,COL,0.0,38.855421686746986,48.56927710843373,332,3.3333333333333335,3.3333333333333335,0.0,8.333333333333332,18.333333333333332,,15.01941500943533,8.192408186964725,7.6072361736101035,1.3654013644941212,0.3901146755697488,0.7802293511394977,42.74096385542168,21.37048192771084,7.89,4.02,4.66,1.48,19.879518072289155,9.939759036144578,0.0,52.0,50.2,215.0,7.6923076923076925,5.769230769230769,,19.230769230769234,13.461538461538462,9.615384615384617,20.930232558139537,8.837209302325581,7.906976744186046,1.8604651162790697,0.9302325581395349,0.0,49.0,26.0,8.7,4.62,3.02,1.4,22.8,12.1,215.0
246,Eduardo Salazar,WSN,0.0,27.4390243902439,34.207317073170735,246,4.444444444444445,4.444444444444445,0.0,2.2222222222222223,26.666666666666668,,13.632758278802301,7.436049970255801,6.940313305572081,1.2393416617093,0.49573666468371996,0.9914733293674399,28.048780487804876,14.024390243902438,7.32,3.71,4.41,1.39,18.69918699186992,9.349593496,0.0,30.0,29.0,150.0,0.0,3.3333333333333335,,0.0,6.666666666666667,3.3333333333333335,31.333333333333336,19.333333333333332,18.0,4.666666666666667,0.0,0.6666666666666667,23.0,16.0,7.14,4.97,8.38,2.17,15.3,10.7,150.0
251,Eric Orze,TBR,0.0,33.28455284552846,42.112195121951224,123,4.3478260869565215,4.3478260869565215,0.0,0.0,4.3478260869565215,,28.237160420384694,16.47167691189107,15.295128561041707,4.706193403397449,1.1765483508493622,2.3530967016987243,47.75609756097561,15.918699186991873,10.06,3.25,3.91,1.19,26.82926829268293,8.943089431,0.0,33.0,41.2,178.0,3.0303030303030303,3.0303030303030303,,9.090909090909092,3.0303030303030303,0.0,21.34831460674157,8.98876404494382,7.865168539325842,2.247191011235955,0.5617977528089888,1.6853932584269662,40.0,19.0,8.64,4.1,3.02,1.37,22.5,10.7,178.0
253,Luke Jackson,,0.0,40.71859296482412,49.7427135678392,199,5.405405405405405,5.405405405405405,0.0,0.0,0.0,,23.226686194793057,12.71937577333906,12.166359435367793,2.765081689856317,0.5530163379712633,1.1060326759425265,51.72361809045226,22.01005025125628,9.18,3.98,4.25,1.36,23.618090452261303,10.050251256281408,0.0,52.0,51.0,219.0,3.8461538461538463,9.615384615384617,,17.307692307692307,7.6923076923076925,3.8461538461538463,18.72146118721461,13.698630136986301,10.50228310502283,1.82648401826484,2.28310502283105,1.36986301369863,38.0,28.0,6.71,4.94,4.06,1.35,17.4,12.8,219.0
255,Luis Curvelo,TEX,0.0,16.333333333333332,20.22222222222222,108,4.761904761904763,0.0,0.0,0.0,0.0,,15.123456790123454,8.641975308641976,7.921810699588478,2.880658436213992,0.720164609053498,0.720164609053498,21.0,6.222222222222222,9.43,2.79,3.78,1.13,25.0,7.4074074074074066,0.0,17.0,19.0,84.0,5.88235294117647,5.88235294117647,,0.0,11.76470588235294,11.76470588235294,20.238095238095237,15.476190476190476,14.285714285714285,3.571428571428571,1.1904761904761905,0.0,20.0,10.0,9.47,4.74,5.68,1.42,23.799999999999997,11.9,84.0
257,Gordon Graceffo,STL,2.946564885496183,26.519083969465647,44.49312977099236,131,5.555555555555555,5.555555555555555,1.1246430860672454,0.0,5.555555555555555,,33.73929258201736,17.994289377075926,16.869646291008685,4.498572344268982,1.1246430860672454,1.1246430860672454,35.358778625954194,14.732824427480915,7.08,2.94,4.41,1.3,18.32061069,7.633587786259542,0.0,26.0,43.0,193.0,11.538461538461538,3.8461538461538463,,3.8461538461538463,0.0,7.6923076923076925,25.906735751295333,17.098445595854923,15.544041450777202,1.0362694300518136,0.0,1.0362694300518136,40.0,13.0,8.37,2.72,6.28,1.47,20.7,6.7,193.0
258,Dylan Dodd,ATL,0.8774193548387097,24.567741935483873,31.587096774193547,155,3.571428571428571,3.571428571428571,0.0,0.0,14.285714285714285,,20.944849115504685,10.755463059313215,10.189386056191466,2.8303850156087407,0.5660770031217481,0.5660770031217481,27.2,9.651612903225807,7.69,2.67,4.5,1.34,20.0,7.096774193548387,0.0,28.0,35.0,136.0,3.571428571428571,0.0,,0.0,7.142857142857142,3.571428571428571,20.588235294117645,10.294117647058822,10.294117647058822,3.6764705882352944,0.0,0.7352941176470588,30.0,5.0,7.71,1.29,3.6,0.94,22.1,3.7,136.0
260,Tyler Kinley,COL,0.0,56.861538461538466,70.224,325,3.3333333333333326,3.3333333333333326,0.0,19.999999999999996,10.0,,20.995029585798818,12.538698224852071,11.663905325443787,2.9159763313609464,0.29159763313609466,1.1663905325443786,70.12923076923077,27.48307692307693,8.95,3.5,4.8,1.36,22.76923076923077,8.923076923076923,0.0,73.0,72.2,308.0,8.21917808219178,4.10958904109589,,4.10958904109589,17.80821917808219,4.10958904109589,17.20779220779221,11.363636363636363,10.38961038961039,1.948051948051948,1.2987012987012987,0.974025974025974,73.0,33.0,9.04,4.09,3.96,1.18,23.7,10.7,308.0
261,Ronny Henriquez,MIN,0.0,58.64516129032258,71.10725806451613,124,4.166666666666666,4.166666666666666,0.0,0.0,4.166666666666666,,55.17689906347554,27.58844953173777,25.617845993756504,5.911810613943809,1.9706035379812696,1.9706035379812696,63.53225806451613,21.991935483870968,8.11,2.75,4.12,1.24,20.967741935483872,7.258064516129033,0.0,69.0,73.0,303.0,10.144927536231885,1.4492753623188406,,10.144927536231885,37.68115942028986,5.797101449275362,17.491749174917494,7.590759075907591,5.9405940594059405,2.6402640264026402,0.6600660066006601,1.3201320132013201,98.0,27.0,12.08,3.33,2.22,1.1,32.29999999999999,8.9,303.0
263,Brent Headrick,MIN,0.0,17.008403361344538,21.647058823529413,119,4.545454545454546,4.545454545454546,0.0,0.0,4.545454545454546,,16.241790833980655,9.095402867029167,8.445731233669939,2.5986865334369043,0.6496716333592261,0.6496716333592261,23.19327731092437,7.73109243697479,9.8,3.23,4.1,1.26,25.210084033613445,8.403361344537815,0.0,17.0,23.0,92.0,0.0,0.0,,0.0,5.88235294117647,0.0,18.478260869565215,8.695652173913043,8.695652173913043,4.3478260869565215,1.0869565217391304,1.0869565217391304,30.0,7.0,11.74,2.74,3.13,1.04,32.6,7.6,92.0
273,Greg Weissert,BOS,0.0,51.30872483221477,64.36912751677852,298,3.6363636363636362,3.6363636363636362,0.0,0.0,21.818181818181817,,20.03513355254268,11.582811585063736,10.643664699788298,2.817440655826314,0.6260979235169587,1.2521958470339174,60.63758389261745,25.187919463087248,8.52,3.54,4.45,1.32,21.812080536912752,9.060402684563758,0.0,72.0,67.0,278.0,8.333333333333332,8.333333333333332,,5.555555555555555,23.61111111111111,12.5,20.503597122302157,9.712230215827338,7.553956834532374,2.158273381294964,0.3597122302158274,1.079136690647482,57.0,21.0,7.66,2.82,2.82,1.16,20.5,7.6,278.0
274,Kyle Finnegan,,0.0,42.73591549295775,53.218309859154935,284,5.660377358490567,5.660377358490567,0.0,13.20754716981132,0.0,,17.887075976988694,9.937264431660386,9.369420749851221,2.555296568141242,0.5678436818091649,0.8517655227137473,49.99295774647887,20.158450704225352,8.43,3.42,4.45,1.33,21.830985915492956,8.802816901,0.0,56.0,57.0,229.0,7.142857142857142,7.142857142857142,,42.857142857142854,5.357142857142857,12.5,19.65065502183406,10.480349344978166,9.606986899563319,1.7467248908296942,0.8733624454148471,0.43668122270742354,55.0,18.0,8.68,2.84,3.47,1.11,24.0,7.9,229.0
280,Julian Merryweather,CHC,0.0,16.183908045977013,20.26360153256705,261,4.166666666666666,2.083333333333333,0.0,0.0,8.333333333333332,,7.492550021285655,4.2630025983177,3.875456907561545,1.0334551753497452,0.12918189691871815,0.3875456907561544,19.89272030651341,7.754789272030652,8.78,3.48,4.53,1.35,22.60536398467433,8.812260536398467,0.0,21.0,18.2,88.0,0.0,4.761904761904762,,0.0,33.33333333333333,0.0,26.136363636363637,14.772727272727273,13.636363636363635,2.272727272727273,2.272727272727273,0.0,15.0,11.0,7.23,5.3,5.79,1.82,17.0,12.5,88.0
281,Justin Wrobleski,LAD,2.857142857142857,45.714285714285715,63.42857142857143,98,6.25,6.25,0.0,0.0,6.25,,61.224489795918366,34.98542274052478,32.06997084548105,8.746355685131196,0.0,2.915451895043732,62.85714285714286,22.857142857142858,8.68,3.35,4.26,1.31,22.448979591836736,8.163265306,2.0,24.0,66.2,280.0,20.833333333333336,20.833333333333336,,8.333333333333332,25.0,0.0,23.214285714285715,12.142857142857142,11.428571428571429,2.142857142857143,0.35714285714285715,1.0714285714285714,76.0,17.0,10.26,2.3,4.32,1.23,27.1,6.1,280.0
284,Carlos Hernandez,KCR,0.0,37.865284974093264,46.38497409326425,193,2.7777777777777777,2.7777777777777777,0.0,0.0,2.7777777777777777,,21.79924293269618,12.534564686300302,11.989583612982898,3.2698864399044263,0.5449810733174045,1.089962146634809,44.17616580310881,19.984455958549223,8.59,3.84,4.44,1.33,21.76165803108808,9.844559585492227,0.0,41.0,43.1,203.0,2.4390243902439024,0.0,,0.0,2.4390243902439024,0.0,24.63054187192118,15.763546798029557,14.77832512315271,1.9704433497536946,0.49261083743842365,0.9852216748768473,39.0,22.0,8.1,4.57,6.23,1.66,19.2,10.8,203.0
286,Jacob Latz,TEX,0.0,65.1685393258427,80.80898876404495,267,4.0,2.0,0.0,0.0,18.000000000000004,,25.38400033665783,15.132769431469093,14.15646172621302,3.905230821024282,0.9763077052560705,1.4644615578841056,83.41573033707866,37.79775280898877,9.23,4.27,4.2,1.32,23.97003745318352,10.861423220973784,8.0,33.0,85.2,348.0,6.0606060606060606,0.0,,3.0303030303030303,3.0303030303030303,0.0,19.82758620689655,8.045977011494253,7.758620689655173,2.0114942528735633,0.5747126436781609,0.0,76.0,37.0,7.98,3.89,2.84,1.24,21.8,10.6,348.0
289,Jonathan Bowlan,KCR,1.818181818181818,34.54545454545455,41.81818181818182,99,5.263157894736841,5.263157894736841,0.0,0.0,5.263157894736841,,42.24058769513315,22.038567493112946,22.038567493112946,5.509641873278237,1.8365472910927452,1.8365472910927452,38.18181818181818,14.545454545454543,8.08,2.97,4.55,1.33,21.21212121212121,8.080808080808081,1.0,34.0,44.1,180.0,2.941176470588235,5.88235294117647,,0.0,5.88235294117647,0.0,20.555555555555554,11.666666666666666,10.555555555555555,3.3333333333333335,0.0,0.0,46.0,17.0,9.34,3.45,3.86,1.22,25.6,9.4,180.0
291,Zack Kelly,BOS,0.0,28.552486187845304,34.59889502762431,181,2.941176470588235,2.941176470588235,0.0,0.0,2.941176470588235,,16.702786850218246,9.743292329293977,8.815359726504076,2.3198315069747566,0.4639663013949513,1.3918989041848537,35.270718232044196,15.955801104972377,9.03,4.17,4.17,1.33,23.204419889502763,10.497237569060774,0.0,28.0,35.1,152.0,3.571428571428571,10.714285714285714,,0.0,10.714285714285714,7.142857142857142,23.026315789473685,13.815789473684212,11.842105263157894,1.9736842105263157,0.6578947368421052,1.9736842105263157,35.0,12.0,8.92,3.06,4.58,1.33,23.0,7.9,152.0
292,Garrett Cleavinger,TBR,0.0,44.524844720496894,55.92018633540373,322,5.084745762711865,3.389830508474577,0.0,3.389830508474577,25.423728813559325,,15.233787276725435,8.905906407931793,8.437174491724857,2.3436595810346823,0.46873191620693655,1.1718297905173412,61.881987577639755,26.41304347826087,9.92,4.2,4.35,1.33,25.465838509316768,10.869565217391305,0.0,67.0,61.1,243.0,2.9850746268656714,8.955223880597014,,2.9850746268656714,31.343283582089555,5.970149253731343,16.46090534979424,6.995884773662551,6.584362139917696,3.7037037037037033,0.0,2.880658436213992,82.0,18.0,12.03,2.64,2.35,0.95,33.7,7.4,243.0
293,Max Kranick,NYM,0.0,27.901639344262296,34.20983606557377,122,4.347826086956522,4.347826086956522,0.0,0.0,4.347826086956522,,25.853265251276536,13.9209889814566,12.926632625638268,3.9774254232733135,0.9943563558183287,0.9943563558183287,31.540983606557376,12.131147540983608,8.07,3.11,4.22,1.24,21.311475409836063,8.196721311,0.0,24.0,37.0,148.0,12.5,8.333333333333332,,0.0,20.833333333333336,4.166666666666666,22.972972972972975,10.135135135135135,10.135135135135135,3.3783783783783785,0.0,0.0,25.0,5.0,6.08,1.22,3.65,1.05,16.89999999999999,3.4000000000000004,148.0
294,Jacob Lopez,ATH,0.0,72.2,95.0,105,5.263157894736842,5.263157894736842,0.0,0.0,5.263157894736842,,76.0,39.8095238095238,36.19047619047619,10.857142857142858,3.619047619047619,3.619047619047619,98.8,38.0,9.23,3.44,3.74,1.21,24.761904761904763,9.523809523809524,17.0,21.0,92.2,399.0,33.33333333333333,33.33333333333333,,0.0,0.0,0.0,20.30075187969925,11.779448621553884,10.526315789473683,3.7593984962406015,0.0,2.0050125313283207,113.0,37.0,10.97,3.59,4.08,1.27,28.299999999999997,9.3,399.0
295,Ryne Stanek,NYM,0.0,47.44186046511628,59.38704318936877,301,3.571428571428571,1.7857142857142856,0.0,1.7857142857142856,21.428571428571427,,16.32432313109127,10.1323384951601,9.287976953896756,2.8145384708778045,0.5629076941755609,1.125815388351122,62.691029900332225,27.109634551495017,9.48,4.15,4.24,1.28,24.58471760797342,10.6312292358804,0.0,65.0,56.0,255.0,6.153846153846154,9.230769230769232,,4.615384615384616,16.923076923076923,7.6923076923076925,21.96078431372549,15.294117647058824,12.941176470588237,2.7450980392156863,0.0,0.0,58.0,32.0,9.32,5.14,5.3,1.57,22.69999999999999,12.5,255.0
297,Stephen Kolek,SDP,0.0,83.27741935483871,104.69161290322582,155,3.571428571428571,3.571428571428571,0.0,0.0,3.571428571428571,,67.15920915712799,34.53902185223725,32.62018730489074,5.756503642039542,1.918834547346514,3.837669094693028,89.2258064516129,41.63870967741936,7.52,3.54,4.31,1.37,19.35483870967742,9.032258064516128,19.0,19.0,112.2,461.0,26.31578947368421,36.84210526315789,,0.0,0.0,0.0,21.25813449023861,10.629067245119305,9.544468546637743,1.9522776572668112,0.21691973969631237,1.5184381778741864,77.0,31.0,6.15,2.48,3.51,1.14,16.69999999999999,6.7,461.0
298,Ryan Borucki,PIT,0.0,27.277227722772277,33.306930693069305,101,5.263157894736842,0.0,0.0,0.0,5.263157894736842,,29.850014704440735,15.635721988040387,14.214292716400353,2.8428585432800704,0.0,1.4214292716400352,31.584158415841586,12.92079207920792,8.31,3.51,3.94,1.28,21.782178217821784,8.910891089,0.0,39.0,35.0,145.0,2.564102564102564,7.6923076923076925,,0.0,17.94871794871795,7.6923076923076925,20.0,13.793103448275861,12.413793103448276,2.7586206896551726,0.6896551724137931,0.6896551724137931,32.0,16.0,8.23,4.11,4.63,1.29,22.1,11.0,145.0
300,Tim Mayza,PIT,0.0,13.714285714285714,16.914285714285715,259,2.083333333333333,2.083333333333333,0.0,0.0,8.333333333333332,,7.170435741864313,3.6403750689464975,3.419746276889134,0.6618863761720905,0.11031439602868173,0.22062879205736347,12.285714285714285,4.857142857142857,6.42,2.59,4.63,1.38,16.602316602316602,6.563706563706563,0.0,15.0,16.2,74.0,0.0,0.0,,0.0,0.0,0.0,22.972972972972975,9.45945945945946,9.45945945945946,2.7027027027027026,0.0,2.7027027027027026,15.0,5.0,8.1,2.7,3.78,1.32,20.3,6.800000000000001,74.0
302,Justin Topa,MIN,0.0,48.51724137931034,61.22413793103448,232,4.761904761904763,2.3809523809523814,0.0,2.3809523809523814,2.3809523809523814,,28.381391200951246,15.43549346016647,14.439655172413794,2.9875148632580264,0.49791914387633773,1.4937574316290132,49.672413793103445,19.63793103448276,7.34,2.83,4.84,1.39,18.53448275862069,7.327586206896551,1.0,54.0,60.0,268.0,1.8518518518518516,9.25925925925926,,7.4074074074074066,7.4074074074074066,7.4074074074074066,25.37313432835821,11.940298507462686,9.701492537313433,0.7462686567164178,1.1194029850746268,1.4925373134328357,49.0,18.0,7.35,2.7,3.9,1.43,18.3,6.7,268.0
305,Mason Englert,DET,0.0,36.059322033898304,43.898305084745765,118,4.3478260869565215,4.3478260869565215,0.0,0.0,4.3478260869565215,,34.54467107153117,18.600976730824474,17.272335535765585,5.314564780235564,1.328641195058891,1.328641195058891,40.76271186440678,12.542372881355933,8.19,2.6,4.13,1.2,22.033898305084744,6.779661016949152,0.0,29.0,44.2,185.0,0.0,3.4482758620689653,,0.0,3.4482758620689653,0.0,23.243243243243246,10.81081081081081,10.27027027027027,2.1621621621621623,0.0,0.5405405405405406,44.0,11.0,8.87,2.22,3.83,1.21,23.799999999999997,5.8999999999999995,185.0
307,Cole Sulser,TBR,0.4918032786885246,17.21311475409836,20.75409836065574,183,5.714285714285714,2.857142857142857,0.0,2.857142857142857,2.857142857142857,,10.481053480247244,5.9123891427035735,5.643644181671593,1.6124697661918836,0.26874496103198064,0.5374899220639613,20.163934426229503,8.360655737704917,8.64,3.61,4.44,1.31,22.404371584699454,9.289617486338798,0.0,18.0,22.2,90.0,11.11111111111111,5.555555555555555,,0.0,0.0,5.555555555555555,22.22222222222222,5.555555555555555,5.555555555555555,1.1111111111111112,1.1111111111111112,0.0,22.0,7.0,8.74,2.78,1.99,1.19,24.4,7.8,90.0
309,Mike Vasil,TBR,0.0,80.22413793103448,99.67241379310344,174,3.0303030303030307,3.0303030303030307,0.0,0.0,0.0,,51.694411414982156,29.340071343638524,26.545778834720572,6.985731272294887,1.3971462544589777,2.7942925089179544,89.94827586206895,34.03448275862069,8.13,3.18,4.27,1.26,21.26436781609195,8.045977011494253,3.0,47.0,101.0,423.0,10.638297872340425,6.382978723404255,,8.51063829787234,4.25531914893617,4.25531914893617,17.494089834515368,7.5650118203309695,6.619385342789598,1.8912529550827424,1.1820330969267139,1.8912529550827424,82.0,52.0,7.31,4.63,2.5,1.25,19.399999999999988,12.3,423.0
310,Brendon Little,TOR,0.0,54.59074733096086,68.23843416370107,281,3.8461538461538463,3.8461538461538463,0.0,0.0,19.230769230769234,,22.042527323615456,11.5816668988488,10.834462582794039,2.2416129481642835,0.7472043160547612,1.1208064740821417,57.74021352313168,30.44483985765125,7.62,4.03,3.99,1.36,19.572953736654807,10.320284697508896,0.0,79.0,68.1,295.0,5.063291139240507,2.5316455696202533,,1.2658227848101267,37.9746835443038,3.79746835443038,16.271186440677965,9.491525423728813,7.796610169491526,0.6779661016949152,1.3559322033898304,0.6779661016949152,91.0,45.0,11.99,5.93,3.03,1.36,30.8,15.3,295.0
315,Hunter Dobbins,BOS,0.0,48.55172413793103,58.26206896551724,58,0.0,0.0,0.0,0.0,0.0,,98.92984542211653,53.269916765755056,45.65992865636147,7.609988109393578,0.0,7.609988109393578,52.96551724137931,22.06896551724138,8.16,3.2,4.06,1.31,20.689655172413794,8.620689655172415,11.0,13.0,61.0,256.0,30.76923076923077,7.6923076923076925,,0.0,0.0,7.6923076923076925,23.828125,11.71875,10.9375,2.34375,0.390625,0.78125,45.0,17.0,6.64,2.51,4.13,1.28,17.599999999999998,6.6000000000000005,256.0
317,Collin Snider,SEA,0.0,21.84918032786885,27.35049180327869,305,3.571428571428571,3.571428571428571,0.0,1.7857142857142856,21.428571428571427,,8.31496909432948,4.733136253695243,4.349368449341575,1.1513034130610051,0.25584520290244556,0.5116904058048911,26.140983606557377,11.314754098360655,8.56,3.75,4.36,1.35,21.96721311,9.508196721311474,0.0,24.0,26.1,119.0,8.333333333333332,4.166666666666666,,0.0,16.666666666666664,0.0,26.89075630252101,16.80672268907563,13.445378151260504,2.5210084033613445,0.8403361344537815,1.680672268907563,24.0,6.0,8.2,2.05,5.47,1.44,20.19999999999999,5.0,119.0
318,Chase Shugart,BOS,0.0,32.68055555555556,40.724999999999994,72,0.0,0.0,0.0,0.0,7.692307692307692,,55.8641975308642,31.42361111111111,27.9320987654321,6.983024691358025,0.0,3.4915123456790127,37.708333333333336,15.083333333333332,8.03,3.06,4.33,1.33,20.833333333333336,8.333333333333332,0.0,35.0,45.0,181.0,11.428571428571429,8.571428571428571,,0.0,14.285714285714285,5.714285714285714,18.23204419889503,9.94475138121547,9.392265193370166,3.314917127071823,1.1049723756906076,0.5524861878453038,31.0,17.0,6.2,3.4,3.4,1.11,17.1,9.4,181.0
319,Jacob Webb,TEX,0.0,49.80733944954128,62.136697247706415,327,3.278688524590164,3.278688524590164,0.0,6.557377049180328,24.59016393442623,,16.729792666161657,9.987935920096513,9.238840726089274,2.7466823780265415,0.4993967960048256,0.9987935920096512,62.055045871559635,25.31192660550459,8.99,3.64,4.38,1.29,23.24159021406728,9.48012232415902,0.0,55.0,66.0,267.0,9.090909090909092,7.2727272727272725,,1.8181818181818181,12.727272727272727,3.6363636363636362,18.352059925093634,8.98876404494382,8.239700374531834,3.7453183520599254,0.7490636704119851,0.7490636704119851,58.0,19.0,7.91,2.59,3.0,1.03,21.7,7.1,267.0
322,Lou Trivino,,0.0,38.8125,47.4375,144,3.7037037037037033,7.4074074074074066,0.0,0.0,3.7037037037037033,,31.944444444444443,17.96875,15.972222222222221,3.9930555555555554,0.9982638888888888,1.9965277777777777,44.5625,20.125,8.35,3.74,4.48,1.38,21.52777777777778,9.722222222222223,2.0,47.0,47.2,207.0,6.382978723404255,4.25531914893617,,0.0,10.638297872340425,2.127659574468085,22.22222222222222,11.11111111111111,10.144927536231885,2.898550724637681,0.4830917874396135,2.898550724637681,37.0,18.0,6.99,3.4,3.97,1.34,17.9,8.7,207.0
323,Tommy Nance,TOR,0.0,23.51196172248804,28.998086124401915,209,2.5641025641025643,2.5641025641025643,0.0,0.0,17.94871794871795,,12.980472058789866,7.211373365994368,6.922918431354592,1.7307296078386485,0.28845493463977473,0.8653648039193242,27.129186602870817,12.057416267942584,8.47,3.79,4.4,1.35,21.53110048,9.569377990430622,0.0,30.0,31.2,126.0,6.666666666666667,0.0,,0.0,16.666666666666664,0.0,19.841269841269842,8.73015873015873,5.555555555555555,0.0,0.0,0.7936507936507936,32.0,7.0,9.09,1.99,1.99,1.01,25.4,5.59999999999999,126.0
324,Matt Gage,DET,0.0,25.6875,31.395833333333332,96,5.555555555555555,5.555555555555555,0.0,0.0,5.555555555555555,,31.217447916666668,16.351996527777775,16.351996527777775,2.9730902777777777,1.4865451388888888,1.4865451388888888,29.96875,12.84375,8.67,3.75,4.29,1.37,21.875,9.375,2.0,33.0,31.0,137.0,0.0,3.0303030303030303,,0.0,6.0606060606060606,0.0,25.547445255474454,8.02919708029197,8.02919708029197,0.0,0.7299270072992701,1.4598540145985401,27.0,12.0,7.84,3.48,3.19,1.52,19.69999999999999,8.799999999999999,137.0
325,Grant Wolfram,MIL,0.0,24.32926829268293,30.97926829268293,82,6.666666666666667,0.0,0.0,0.0,0.0,,31.64782867340869,17.801903628792385,15.823914336704345,3.955978584176086,1.977989292088043,1.977989292088043,32.4390243902439,14.597560975609756,9.59,4.11,3.88,1.29,24.390243902439025,10.975609756097562,0.0,21.0,26.2,133.0,14.285714285714285,4.761904761904762,,0.0,4.761904761904762,0.0,26.31578947368421,15.037593984962406,12.030075187969924,1.5037593984962405,0.7518796992481203,0.7518796992481203,31.0,15.0,10.46,5.06,5.4,1.88,23.3,11.3,133.0
326,Shelby Miller,,0.0,34.82553191489362,42.89872340425532,235,4.545454545454546,6.818181818181819,0.0,2.272727272727273,0.0,,16.166591217745587,9.767315527387959,9.093707559981892,2.6944318696242644,0.33680398370303305,1.0104119511090992,43.53191489361702,18.20425531914894,9.04,3.72,4.46,1.3,23.404255319148938,9.787234042553193,0.0,48.0,46.0,186.0,8.333333333333332,6.25,,20.833333333333336,18.75,10.416666666666668,17.741935483870968,9.13978494623656,7.526881720430108,2.6881720430107525,2.1505376344086025,2.1505376344086025,54.0,15.0,10.57,2.93,2.74,1.04,28.999999999999996,8.1,186.0
328,Jesus Tinoco,MIA,0.0,14.70404984423676,18.442367601246104,321,3.389830508474576,3.389830508474576,0.0,16.94915254237288,16.94915254237288,,5.279451868673634,2.9502819266117366,2.7950039304742766,0.7763899806872991,0.15527799613745985,0.3105559922749197,18.193146417445483,7.975077881619938,8.92,3.84,4.32,1.35,22.741433021806852,9.96884735202492,0.0,20.0,19.1,80.0,10.0,5.0,,20.0,20.0,10.0,21.25,15.0,13.750000000000002,1.25,1.25,0.0,10.0,8.0,4.66,3.72,5.12,1.29,12.5,10.0,80.0
329,Will Klein,SEA,0.0,12.681159420289855,15.82608695652174,138,4.0,4.0,0.0,0.0,4.0,,9.55681579500105,5.513547574039068,5.1459777357697964,1.1027095148078137,0.3675698382692712,0.7351396765385424,17.246376811594203,8.623188405797102,9.49,4.93,4.07,1.38,24.637681159420293,12.318840579710146,0.0,14.0,15.1,70.0,7.142857142857142,7.142857142857142,,0.0,7.142857142857142,0.0,20.0,8.571428571428571,5.714285714285714,0.0,0.0,2.857142857142857,21.0,10.0,12.33,5.87,2.35,1.57,30.0,14.3,70.0
332,Yoendrys Gomez,NYY,0.0,46.94915254237288,63.61610169491526,118,5.0,5.0,0.0,0.0,5.0,,45.755530020109155,27.851192186153405,25.86182131571388,7.957483481758115,1.9893708704395288,3.9787417408790575,65.72881355932203,28.16949152542373,9.26,3.81,4.18,1.28,23.728813559322035,10.16949152542373,9.0,21.0,62.2,277.0,14.285714285714285,14.285714285714285,,4.761904761904762,0.0,0.0,21.660649819494584,14.440433212996389,12.996389891696749,4.332129963898916,0.0,1.444043321299639,58.0,27.0,8.33,3.88,5.17,1.39,20.9,9.69999999999999,277.0
333,Jonathan Loaisiga,NYY,0.0,25.81967213114754,31.79508196721312,183,2.857142857142857,2.857142857142857,0.0,0.0,2.857142857142857,,17.737167428110723,8.868583714055362,8.062348830959422,2.0155872077398547,0.40311744154797097,0.8062348830959422,20.655737704918035,8.114754098360656,5.9,2.35,4.21,1.27,15.300546448087433,6.0109289617486334,0.0,30.0,29.2,135.0,0.0,3.3333333333333335,,3.3333333333333335,23.333333333333332,10.0,25.185185185185183,11.11111111111111,10.37037037037037,5.185185185185185,2.2222222222222223,2.2222222222222223,25.0,10.0,7.58,3.03,4.25,1.48,18.5,7.4,135.0
334,Brooks Raley,,0.0,18.51219512195122,22.61707317073171,123,4.347826086956522,4.347826086956522,0.0,4.347826086956522,0.0,,17.668054729327785,9.815585960737657,9.161213563355147,2.6174895895300416,0.6543723973825104,1.3087447947650208,23.34146341463415,8.048780487804878,9.21,3.26,4.57,1.33,23.577235772357724,8.130081300813007,0.0,30.0,25.2,99.0,10.0,3.3333333333333335,,0.0,33.33333333333333,0.0,14.14141414141414,7.07070707070707,7.07070707070707,0.0,0.0,2.0202020202020203,25.0,6.0,8.77,2.1,2.45,0.78,25.3,6.1,99.0
336,Jimmy Herget,COL,0.0,65.54444444444445,79.42444444444445,180,2.9411764705882346,2.9411764705882346,0.0,2.9411764705882346,2.9411764705882346,,46.05246913580247,25.703703703703702,24.632716049382715,6.425925925925926,1.0709876543209875,2.141975308641975,71.32777777777778,23.133333333333333,7.95,2.64,4.89,1.32,20.555555555555554,6.666666666666667,0.0,59.0,83.1,347.0,1.694915254237288,3.389830508474576,,0.0,15.254237288135593,1.694915254237288,20.7492795389049,6.9164265129683,6.628242074927954,1.729106628242075,0.2881844380403458,2.0172910662824206,81.0,26.0,8.75,2.81,2.48,1.18,23.3,7.5,347.0
337,Rob Zastryzny,CHC,0.9207920792079208,17.495049504950497,21.270297029702977,101,5.263157894736842,5.263157894736842,0.0,0.0,5.263157894736842,,20.0568571708656,10.940103911381238,10.940103911381238,2.7350259778453094,0.9116753259484365,0.9116753259484365,21.17821782178218,8.287128712871288,8.68,3.65,4.47,1.35,22.772277227722775,8.910891089,1.0,26.0,22.0,93.0,7.6923076923076925,3.8461538461538463,,0.0,7.6923076923076925,3.8461538461538463,17.20430107526882,7.526881720430108,6.451612903225806,3.225806451612903,3.225806451612903,1.0752688172043012,20.0,10.0,8.18,4.09,2.45,1.18,21.5,10.8,93.0
338,Noah Murdock,ATH,0.0,17.65217391304348,22.034782608695657,161,3.4482758620689653,3.4482758620689653,0.0,0.0,0.0,,11.720226843100189,6.805293005671078,6.049149338374291,1.1342155009451798,0.3780718336483932,1.1342155009451798,21.304347826086957,12.173913043478262,8.67,4.87,4.0,1.39,21.73913043478261,12.422360248447204,0.0,14.0,17.0,98.0,7.142857142857142,7.142857142857142,,0.0,7.142857142857142,7.142857142857142,26.53061224489796,25.510204081632654,25.510204081632654,0.0,3.061224489795918,2.0408163265306123,21.0,20.0,11.12,10.59,13.24,2.71,21.4,20.4,98.0
340,Elvis Alvarado,ATH,0.0,33.27272727272727,42.51515151515152,99,5.555555555555555,5.555555555555555,0.0,0.0,0.0,,35.4759718396082,20.538720538720536,20.538720538720536,5.601469237832873,1.8671564126109579,3.7343128252219158,44.36363636363636,20.333333333333332,9.52,4.31,4.15,1.32,24.24242424242424,11.11111111111111,0.0,37.0,42.1,183.0,2.7027027027027026,2.7027027027027026,,0.0,10.81081081081081,2.7027027027027026,18.579234972677597,9.289617486338798,8.19672131147541,3.278688524590164,0.546448087431694,1.092896174863388,50.0,22.0,10.63,4.68,3.19,1.32,27.3,12.0,183.0
343,Kyle Nicolas,PIT,0.0,30.208191126279864,37.67474402730375,293,3.7735849056603774,1.8867924528301887,0.0,1.8867924528301887,20.754716981132077,,11.866183648033175,7.1975212291348765,6.613938426772591,1.5562208062994327,0.3890552015748582,0.7781104031497164,38.75767918088737,19.37883959044369,9.2,4.61,4.69,1.43,23.208191126279864,11.604095563139932,0.0,31.0,38.0,167.0,3.225806451612903,6.451612903225806,,0.0,9.67741935483871,3.225806451612903,20.35928143712575,12.574850299401197,11.976047904191617,1.7964071856287425,0.0,1.1976047904191618,34.0,18.0,8.05,4.26,4.74,1.37,20.4,10.8,167.0
345,Justin Hagenman,NYM,0.0,19.25,23.512500000000003,72,7.142857142857142,0.0,0.0,0.0,0.0,,28.645833333333332,15.277777777777779,15.277777777777779,3.8194444444444446,0.0,1.9097222222222223,23.375,6.875,8.91,2.77,4.1,1.2,23.61111111111111,6.944444444444445,1.0,9.0,23.2,99.0,0.0,11.11111111111111,,11.11111111111111,0.0,0.0,24.242424242424242,13.131313131313133,12.121212121212121,4.040404040404041,0.0,1.0101010101010102,23.0,2.0,8.75,0.76,4.56,1.1,23.19999999999999,2.0,99.0
346,Lyon Richardson,CIN,2.15,30.1,38.915,80,7.142857142857142,7.142857142857142,0.0,0.0,7.142857142857142,,48.375,26.875,24.1875,5.375,0.0,2.6875,36.55,15.05,8.43,3.62,4.56,1.37,21.25,8.75,0.0,34.0,37.2,172.0,0.0,8.823529411764707,,0.0,8.823529411764707,2.941176470588235,21.511627906976745,14.534883720930234,11.046511627906977,1.1627906976744187,2.3255813953488373,1.1627906976744187,30.0,21.0,7.17,5.02,4.54,1.54,17.4,12.2,172.0
347,Genesis Cabrera,NYM,0.0,35.46551724137931,43.20344827586207,174,3.0303030303030303,3.0303030303030303,0.0,0.0,3.0303030303030303,,22.235434007134362,12.970669837495045,11.735367948209802,3.0882547232131063,0.6176509446426213,1.2353018892852425,37.61494252873563,17.195402298850574,7.68,3.61,4.27,1.3,20.114942528735632,9.195402298850574,0.0,40.0,42.2,187.0,0.0,2.5,,2.5,7.5,2.5,24.598930481283425,17.11229946524064,16.577540106951872,6.417112299465241,0.53475935828877,1.06951871657754,35.0,18.0,7.38,3.8,6.54,1.5,18.7,9.6,187.0
349,Tyler Gilbert,CHW,1.6666666666666667,40.0,48.666666666666664,129,4.166666666666667,4.166666666666667,0.0,0.0,4.166666666666667,,37.46770025839793,20.671834625322997,19.379844961240313,5.167958656330749,1.2919896640826873,1.2919896640826873,45.0,18.333333333333336,8.12,3.31,4.48,1.35,20.930232558139537,8.527131782945736,5.0,46.0,51.0,215.0,8.695652173913043,4.3478260869565215,,2.1739130434782608,10.869565217391305,0.0,18.6046511627907,11.162790697674419,10.232558139534884,2.3255813953488373,1.3953488372093024,0.9302325581395349,49.0,24.0,8.65,4.24,3.88,1.25,22.8,11.19999999999999,215.0
352,Ben Casparius,LAD,3.619565217391304,50.67391304347826,76.37282608695652,92,7.142857142857142,7.142857142857142,0.0,0.0,7.142857142857142,,74.75189035916824,47.2117202268431,43.2774102079395,11.802930056710775,0.0,3.9343100189035916,83.25,36.19565217391304,9.6,4.05,4.58,1.33,25.0,10.869565217391305,3.0,46.0,77.2,333.0,15.217391304347828,10.869565217391305,,4.3478260869565215,28.26086956521739,0.0,23.423423423423422,12.312312312312311,12.012012012012011,2.4024024024024024,0.0,0.9009009009009009,71.0,21.0,8.23,2.43,4.64,1.27,21.3,6.3,333.0
354,Justin Wilson,BOS,0.0,37.83870967741935,47.55806451612903,279,3.921568627450981,1.9607843137254906,0.0,1.9607843137254906,13.725490196078432,,15.955601803676725,9.307434385478091,8.509654295294254,2.393340270551509,0.26592669672794544,0.7977800901838363,46.0,21.516129032258064,8.67,4.02,4.55,1.37,22.22222222222222,10.39426523297491,0.0,61.0,48.1,207.0,6.557377049180328,1.639344262295082,,0.0,29.508196721311474,6.557377049180328,23.18840579710145,10.628019323671497,8.695652173913043,1.4492753623188406,1.4492753623188406,0.966183574879227,57.0,20.0,10.61,3.72,3.35,1.41,27.500000000000004,9.69999999999999,207.0
363,Yohan Ramirez,PIT,0.0,28.703703703703702,35.592592592592595,135,3.9999999999999996,3.9999999999999996,0.0,0.0,3.9999999999999996,,23.81344307270233,13.607681755829903,12.757201646090536,2.5514403292181074,0.8504801097393688,2.5514403292181074,32.148148148148145,16.074074074074073,8.1,4.03,4.29,1.35,20.74074074074074,10.37037037037037,0.0,24.0,33.1,155.0,12.5,12.5,,0.0,4.166666666666666,0.0,21.29032258064516,16.129032258064516,12.903225806451612,2.5806451612903225,0.6451612903225806,2.5806451612903225,45.0,16.0,12.15,4.32,5.4,1.47,28.999999999999996,10.3,155.0
365,Huascar Brazoban,NYM,0.0,47.52558139534883,59.71162790697674,215,5.128205128205129,2.5641025641025643,0.0,0.0,2.5641025641025643,,24.372093023255815,14.736614386154677,13.60302866414278,3.400757166035695,0.5667928610059491,1.7003785830178475,58.49302325581395,30.465116279069765,8.83,4.65,4.47,1.39,22.32558139534884,11.627906976744184,3.0,52.0,63.0,262.0,9.615384615384617,3.8461538461538463,,3.8461538461538463,23.076923076923077,7.6923076923076925,19.46564885496183,11.068702290076336,9.541984732824428,2.2900763358778624,0.38167938931297707,1.5267175572519083,57.0,27.0,8.14,3.86,3.57,1.24,21.8,10.3,262.0
366,Andrew Alvarez,WSN,0.0,20.045454545454543,22.495454545454542,44,0.0,0.0,0.0,0.0,0.0,,45.55785123966942,20.24793388429752,20.24793388429752,5.06198347107438,0.0,0.0,20.045454545454543,8.909090909090908,7.5,3.38,3.58,1.28,20.454545454545457,9.090909090909092,5.0,5.0,23.1,98.0,20.0,20.0,,0.0,0.0,0.0,16.3265306122449,8.16326530612245,6.122448979591836,1.0204081632653061,0.0,1.0204081632653061,20.0,10.0,7.71,3.86,2.31,1.11,20.4,10.2,98.0
367,Brent Suter,CIN,1.0355871886120998,54.886120996441285,67.52028469750891,281,3.7735849056603774,3.7735849056603774,0.0,0.0,18.867924528301888,,23.95486379351832,12.898772811894482,12.161700079786224,3.316827294487152,0.36853636605412804,1.105609098162384,53.85053380782919,22.782918149466195,7.13,2.96,4.51,1.32,18.505338078291818,7.829181494661921,3.0,48.0,67.2,291.0,2.083333333333333,4.166666666666666,,0.0,0.0,2.083333333333333,23.711340206185564,13.058419243986256,11.683848797250858,3.7800687285223367,0.3436426116838488,0.6872852233676976,53.0,18.0,7.05,2.39,4.52,1.29,18.2,6.2,291.0
369,Jaden Hill,COL,0.0,23.607843137254903,28.835294117647063,153,3.571428571428571,3.571428571428571,0.0,0.0,3.571428571428571,,19.28745354350891,11.021402024862233,9.919261822376008,2.2042804049724465,0.5510701012431116,1.1021402024862232,27.823529411764707,11.803921568627452,8.48,3.74,4.79,1.42,21.568627450980394,9.150326797,0.0,28.0,29.1,129.0,3.571428571428571,3.571428571428571,,0.0,10.714285714285714,0.0,20.930232558139537,10.852713178294573,8.527131782945736,1.550387596899225,0.0,2.3255813953488373,31.0,12.0,9.51,3.68,3.38,1.33,24.0,9.3,129.0
370,Cristian Javier,HOU,1.5242718446601942,27.436893203883496,36.73495145631068,103,5.555555555555555,5.555555555555555,0.0,0.0,5.555555555555555,,29.597511546799883,19.23838250541993,17.758506928079935,5.919502309359977,0.0,1.4798755773399943,36.58252427184466,15.24271844660194,8.8,3.68,4.4,1.22,23.300970873786408,9.708737864,8.0,8.0,37.0,157.0,25.0,50.0,,0.0,0.0,0.0,20.382165605095544,14.012738853503185,12.101910828025478,1.910828025477707,0.0,0.6369426751592357,34.0,15.0,8.27,3.65,4.62,1.27,21.7,9.6,157.0
371,JT Brubaker,NYY,1.5129310344827585,15.129310344827584,26.325,232,3.333333333333334,3.333333333333334,0.0,0.0,3.333333333333334,,11.955633174791913,6.956004756242567,6.521254458977407,1.7390011890606418,0.21737514863258023,0.8695005945303209,23.70258620689655,9.581896551724135,7.99,3.28,5.15,1.42,20.25862068965517,8.189655172413794,1.0,17.0,28.2,117.0,0.0,0.0,,0.0,0.0,0.0,19.65811965811966,10.256410256410255,10.256410256410255,0.0,0.8547008547008548,0.8547008547008548,22.0,12.0,6.91,3.77,3.77,1.22,18.8,10.3,117.0
373,Justin Sterner,ATH,0.0,50.32432432432432,62.306306306306304,222,4.761904761904762,4.761904761904762,0.0,0.0,16.666666666666664,,24.287801314828343,15.112409707004302,14.03295187078971,4.857560262965668,1.0794578362145928,1.6191867543218896,67.09909909909909,23.963963963963963,9.75,3.5,4.55,1.25,25.225225225225223,9.009009009,1.0,59.0,65.0,266.0,6.779661016949152,5.084745762711865,,0.0,27.11864406779661,10.16949152542373,17.669172932330827,9.022556390977442,8.646616541353383,3.7593984962406015,0.7518796992481203,2.631578947368421,70.0,21.0,9.69,2.91,3.18,1.05,26.3,7.9,266.0
374,Enyel De Los Santos,ATL,0.0,52.13793103448276,63.91724137931035,145,3.7037037037037033,3.7037037037037033,0.0,0.0,3.7037037037037033,,42.61593341260404,23.971462544589777,22.6397146254459,6.658739595719382,1.3317479191438764,2.6634958382877527,61.793103448275865,25.10344827586207,8.6,3.38,4.62,1.34,22.06896551724138,8.965517241,0.0,65.0,66.0,280.0,9.230769230769232,4.615384615384616,,0.0,9.230769230769232,3.076923076923077,21.785714285714285,12.5,11.428571428571429,2.5,0.7142857142857143,0.7142857142857143,62.0,24.0,8.45,3.27,4.36,1.29,22.1,8.6,280.0
376,Chris Devenski,NYM,0.0,12.415730337078651,15.410112359550563,89,5.882352941176471,0.0,0.0,0.0,5.882352941176471,,15.591465724024744,9.026638050751167,9.026638050751167,2.461810377477591,0.0,0.8206034591591971,15.337078651685394,5.112359550561798,8.91,2.85,4.55,1.21,23.59550561797753,7.865168539325842,1.0,13.0,16.2,65.0,0.0,0.0,,0.0,15.384615384615385,0.0,15.384615384615385,6.153846153846154,6.153846153846154,1.5384615384615385,0.0,3.076923076923077,14.0,5.0,7.56,2.7,2.16,0.9,21.5,7.7,65.0
379,Kendall Graveman,,0.0,15.068376068376068,18.923076923076923,234,4.651162790697675,6.97674418604651,0.0,4.651162790697675,0.0,,7.637519175980715,4.3429030608517785,4.043392504930966,1.0482869457228432,0.14975527796040616,0.5990211118416247,17.52136752136752,8.05982905982906,8.38,3.81,4.46,1.36,21.36752136752137,9.829059829,0.0,19.0,17.2,82.0,5.263157894736842,0.0,,0.0,5.263157894736842,0.0,28.04878048780488,17.073170731707318,17.073170731707318,2.4390243902439024,0.0,1.2195121951219512,9.0,12.0,4.58,6.11,7.13,1.98,11.0,14.6,82.0
382,Easton Lucas,TOR,0.0,20.093023255813954,25.116279069767444,86,6.25,6.25,0.0,0.0,6.25,,26.284478096268256,14.602487831260142,14.602487831260142,4.380746349378041,1.4602487831260142,1.4602487831260142,25.116279069767444,10.046511627906977,8.74,3.59,4.26,1.3,23.25581395348837,9.302325581,5.0,6.0,24.1,108.0,50.0,50.0,,0.0,0.0,0.0,23.14814814814815,16.666666666666664,16.666666666666664,4.62962962962963,0.0,0.0,23.0,12.0,8.51,4.44,6.66,1.52,21.3,11.1,108.0
383,Steven Okert,HOU,0.0,52.0,64.0,138,3.8461538461538463,3.8461538461538463,0.0,0.0,3.8461538461538463,,39.130434782608695,24.637681159420293,23.18840579710145,7.246376811594203,1.4492753623188406,2.898550724637681,68.0,28.0,9.64,3.79,4.47,1.27,24.637681159420293,10.144927536231885,1.0,68.0,71.2,276.0,4.411764705882353,2.941176470588235,,1.4705882352941175,14.705882352941178,1.4705882352941175,16.304347826086957,9.057971014492754,8.695652173913043,2.1739130434782608,0.36231884057971014,0.7246376811594203,84.0,19.0,10.55,2.39,3.01,0.89,30.4,6.9,276.0
384,Casey Legumina,SEA,0.0,43.08196721311476,50.62131147540984,61,0.0,0.0,0.0,0.0,8.333333333333332,,76.5116904058049,41.198602526202635,41.198602526202635,11.771029293200753,0.0,5.8855146466003765,46.67213114754099,17.95081967213115,8.22,2.98,4.1,1.24,21.311475409836063,8.196721311,1.0,48.0,49.2,219.0,8.333333333333332,12.5,,0.0,6.25,0.0,21.461187214611872,16.43835616438356,14.15525114155251,3.1963470319634704,0.91324200913242,0.91324200913242,55.0,25.0,9.97,4.53,5.62,1.45,25.1,11.4,219.0
389,Joey Lucchesi,SFG,3.5106382978723403,28.08510638297872,38.61702127659574,47,0.0,12.500000000000004,0.0,0.0,12.500000000000004,,82.16387505658669,44.816659121774556,37.34721593481213,7.469443186962427,0.0,0.0,28.08510638297872,14.04255319148936,6.96,3.68,4.48,1.39,17.02127659574468,8.510638298,0.0,38.0,38.1,165.0,0.0,2.631578947368421,,0.0,15.789473684210526,0.0,21.21212121212121,10.303030303030303,9.696969696969697,2.4242424242424243,0.6060606060606061,1.2121212121212122,31.0,12.0,7.28,2.82,3.76,1.23,18.8,7.3,165.0
390,Jake Eder,CHW,0.7572815533980582,12.116504854368932,17.493203883495145,103,6.25,6.25,0.0,0.0,6.25,,16.174945800735227,9.557922518616268,8.822697709491942,2.2056744273729847,0.7352248091243284,0.7352248091243284,16.660194174757283,8.330097087378642,8.27,4.25,4.52,1.42,21.35922330097087,10.679611650485436,0.0,8.0,18.1,78.0,0.0,12.5,,0.0,0.0,0.0,19.230769230769234,12.82051282051282,12.82051282051282,3.8461538461538463,1.282051282051282,1.282051282051282,15.0,9.0,7.36,4.42,4.91,1.31,19.2,11.5,78.0
391,Kyle Leahy,STL,0.0,65.36781609195403,82.05747126436782,261,4.25531914893617,4.25531914893617,0.0,2.127659574468085,21.276595744680847,,32.505394812172455,18.117761042850223,17.0520103932708,3.730127273527986,0.5328753247897124,1.5986259743691371,68.14942528735632,33.37931034482759,7.53,3.66,4.86,1.44,18.773946360153257,9.195402298850574,1.0,62.0,88.0,363.0,6.451612903225806,3.225806451612903,,1.6129032258064515,29.03225806451613,6.451612903225806,22.03856749311295,8.81542699724518,8.264462809917356,1.3774104683195594,0.27548209366391185,0.27548209366391185,80.0,28.0,8.18,2.86,3.07,1.23,22.0,7.7,363.0
393,Chris Murphy,BOS,0.0,28.19047619047619,32.41904761904762,42,0.0,0.0,0.0,0.0,0.0,,75.51020408163266,41.95011337868481,41.95011337868481,8.39002267573696,0.0,0.0,31.714285714285715,14.095238095238097,8.68,3.77,4.14,1.32,21.428571428571427,9.523809523809524,0.0,23.0,34.2,148.0,13.043478260869565,0.0,,0.0,4.3478260869565215,0.0,14.18918918918919,8.108108108108109,8.108108108108109,2.7027027027027026,0.6756756756756757,3.3783783783783785,30.0,20.0,7.79,5.19,3.12,1.18,20.3,13.5,148.0
395,Anthony Veneziano,MIA,0.0,21.22983870967742,26.513709677419357,248,4.444444444444445,4.444444444444445,0.0,0.0,13.333333333333336,,10.272502601456816,5.706945889698231,5.326482830385016,1.331620707596254,0.38046305931321545,0.5706945889698233,24.53225806451613,11.322580645161292,8.22,3.88,4.46,1.39,20.967741935483872,9.677419355,1.0,26.0,25.0,117.0,0.0,0.0,,0.0,15.384615384615385,3.8461538461538463,23.931623931623932,11.11111111111111,11.11111111111111,3.418803418803419,0.0,1.7094017094017095,25.0,11.0,9.0,3.96,4.68,1.56,21.4,9.4,117.0
397,Taylor Clarke,KCR,0.0,39.23809523809524,46.43174603174603,63,0.0,0.0,0.0,0.0,8.333333333333332,,77.85336356764927,41.52179390274629,41.52179390274629,10.38044847568657,0.0,5.190224237843285,39.23809523809524,13.07936507936508,7.65,2.65,4.66,1.3,19.047619047619047,6.349206349206349,0.0,51.0,55.1,206.0,1.9607843137254901,1.9607843137254901,,1.9607843137254901,9.803921568627452,1.9607843137254901,18.446601941747574,9.70873786407767,9.70873786407767,3.8834951456310676,0.0,0.48543689320388345,44.0,9.0,7.16,1.46,3.25,0.85,21.4,4.3999999999999995,206.0
398,Connor Brogdon,LAA,0.0,37.3125,46.01875,96,5.555555555555555,5.555555555555555,0.0,0.0,5.555555555555555,,43.185763888888886,25.911458333333332,23.752170138888886,8.637152777777777,2.159288194444444,2.159288194444444,45.604166666666664,16.583333333333332,8.78,3.16,4.44,1.25,22.916666666666664,8.333333333333332,0.0,43.0,47.0,199.0,6.976744186046512,4.651162790697675,,0.0,9.30232558139535,0.0,22.613065326633166,15.577889447236181,14.572864321608039,5.527638190954774,2.0100502512562812,0.0,49.0,18.0,9.38,3.45,5.55,1.34,24.6,9.0,199.0
