#,Name,Team,GS,G,IP,TBF,W,L,QS,SV,HLD,BS,H,R,ER,HR,IBB,HBP,SO,BB,K/9,BB/9,ERA,WHIP,K%,BB%,real_GS,real_G,real_IP,real_TBF,real_W,real_L,real_QS,real_SV,real_HLD,real_BS,real_H,real_R,real_ER,real_HR,real_IBB,real_HBP,real_SO,real_BB,real_K/9,real_BB/9,real_ERA,real_WHIP,real_K%,real_BB%,real_PA
1,Mason Miller,ATH,0.0,53.384030418250944,58.72243346007604,263,5.0,3.3333333333333335,0.0,46.66666666666667,3.3333333333333335,5.0,15.223582818892856,7.442640489236507,7.104338648816666,2.0298110425190474,0.6766036808396825,1.0149055212595237,84.52471482889733,20.463878326996195,12.92,3.08,2.8,1.03,36.12167300380228,8.745247148288973,0.0,60.0,61.2,234.0,1.6666666666666667,3.3333333333333335,,36.666666666666664,16.666666666666664,6.666666666666667,11.965811965811966,8.11965811965812,7.6923076923076925,2.1367521367521367,0.8547008547008548,0.4273504273504274,104.0,28.0,15.18,4.09,2.63,0.91,44.4,12.0,234.0
2,Cade Smith,CLE,0.0,69.48529411764706,73.89705882352942,272,6.349206349206351,3.1746031746031753,0.0,3.1746031746031753,33.333333333333336,3.1746031746031753,21.08564013840831,9.731833910034602,8.920847750865054,2.0274653979238755,0.40549307958477515,1.2164792387543253,95.9558823529412,24.264705882352946,11.65,2.9,2.97,1.1,31.985294117647054,8.088235294117647,0.0,76.0,73.2,300.0,10.526315789473683,6.578947368421052,,21.052631578947366,25.0,7.894736842105263,18.333333333333332,10.333333333333334,8.0,1.3333333333333335,1.0,1.3333333333333335,104.0,19.0,12.71,2.32,2.93,1.0,34.699999999999996,6.3,300.0
3,Emmanuel Clase,CLE,0.0,49.301886792452834,50.818867924528305,265,6.153846153846154,4.615384615384616,0.0,56.92307692307692,1.5384615384615385,7.692307692307692,16.028479886080458,6.010679957280171,5.438234247063011,1.1448914204343184,0.2862228551085796,0.5724457102171592,48.5433962264151,9.860377358490569,8.6,1.7,2.58,1.02,24.150943396226417,4.905660377358491,0.0,48.0,47.1,201.0,10.416666666666668,6.25,,50.0,2.083333333333333,10.416666666666668,22.885572139303484,9.950248756218906,8.45771144278607,0.9950248756218906,0.9950248756218906,1.9900497512437811,47.0,12.0,8.94,2.28,3.23,1.23,23.39999999999999,6.0,201.0
4,Edwin Diaz,NYM,0.0,61.52307692307693,63.606923076923074,260,8.064516129032258,4.838709677419355,0.0,54.83870967741935,3.225806451612903,9.67741935483871,17.55621301775148,8.77810650887574,8.396449704142011,2.289940828402367,0.3816568047337279,1.5266272189349115,91.2923076923077,22.823076923076925,12.9,3.24,3.01,1.08,35.38461538461539,8.846153846153847,0.0,62.0,66.1,258.0,9.67741935483871,4.838709677419355,,45.16129032258064,0.0,4.838709677419355,14.34108527131783,5.426356589147287,4.651162790697675,1.550387596899225,0.0,3.10077519379845,98.0,21.0,13.3,2.85,1.63,0.87,38.0,8.1,258.0
5,Ryan Helsley,STL,0.0,59.12307692307692,62.03076923076923,260,8.19672131147541,6.557377049180328,0.0,54.09836065573771,3.278688524590164,8.19672131147541,17.893491124260354,8.20118343195266,7.455621301775148,1.863905325443787,0.7455621301775148,0.7455621301775148,76.56923076923077,23.26153846153846,11.08,3.33,2.83,1.12,30.384615384615383,9.230769230769232,0.0,58.0,56.0,252.0,5.172413793103448,6.896551724137931,,36.206896551724135,1.7241379310344827,15.517241379310345,24.206349206349206,12.698412698412698,11.11111111111111,3.1746031746031744,1.1904761904761905,0.3968253968253968,63.0,25.0,10.13,4.02,4.5,1.54,25.0,9.9,252.0
6,Ryan Walker,SFG,0.0,61.312056737588655,65.08510638297872,282,7.6923076923076925,4.615384615384616,0.0,38.46153846153847,7.6923076923076925,6.153846153846153,18.396961923444497,8.362255419747498,7.6932749861676974,2.0069413007393995,0.33449021678989993,1.3379608671595997,77.34751773049646,19.80851063829787,10.67,2.77,3.0,1.11,29.07801418439716,7.446808510638298,0.0,68.0,61.1,266.0,7.352941176470589,10.294117647058822,,25.0,13.23529411764706,8.823529411764707,22.55639097744361,12.030075187969924,10.526315789473683,1.5037593984962405,0.7518796992481203,3.007518796992481,60.0,18.0,8.8,2.64,4.11,1.27,22.6,6.800000000000001,266.0
7,Jhoan Duran,MIN,0.0,67.265625,69.619921875,256,8.333333333333332,6.666666666666667,0.0,46.666666666666664,6.666666666666667,6.666666666666667,22.33428955078125,9.19647216796875,8.758544921875,2.18963623046875,0.8758544921875,1.751708984375,85.203125,21.30078125,10.98,2.8,2.83,1.13,29.6875,7.421875,0.0,72.0,70.0,287.0,9.722222222222223,8.333333333333332,,44.44444444444444,1.3888888888888888,6.944444444444445,20.209059233449477,6.620209059233449,5.574912891986063,1.0452961672473868,1.3937282229965158,1.0452961672473868,80.0,19.0,10.29,2.44,2.06,1.1,27.89999999999999,6.6000000000000005,287.0
8,Orion Kerkering,PHI,0.0,61.959839357429715,64.31004016064257,249,6.896551724137931,5.172413793103448,0.0,10.344827586206897,24.137931034482758,3.4482758620689653,21.880292253350753,9.438557442621894,8.580506766019901,2.1451266915049754,0.4290253383009952,1.7161013532039804,74.77911646586345,19.2289156626506,10.33,2.67,3.02,1.13,28.11244979919679,7.228915662650602,0.0,69.0,60.0,266.0,11.594202898550725,5.797101449275362,,5.797101449275362,27.536231884057973,10.144927536231885,20.676691729323306,10.526315789473683,8.270676691729323,2.2556390977443606,1.1278195488721803,1.5037593984962405,65.0,27.0,9.75,4.05,3.3,1.37,24.4,10.2,266.0
9,Griffin Jax,MIN,0.0,66.46212121212122,69.78522727272727,264,8.064516129032258,6.451612903225806,0.0,11.29032258064516,27.419354838709676,8.064516129032258,21.52060376492195,10.15122819100092,9.339129935720845,2.4362947658402203,0.40604912764003676,1.2181473829201102,82.54166666666667,18.223484848484848,10.53,2.4,3.15,1.08,29.166666666666668,6.4393939393939394,2.0,73.0,66.0,283.0,1.36986301369863,9.58904109589041,,0.0,38.35616438356164,8.21917808219178,22.614840989399294,11.66077738515901,10.954063604240282,2.4734982332155475,1.0600706713780919,0.35335689045936397,99.0,21.0,13.5,2.86,4.23,1.29,35.0,7.4,283.0
10,Matt Strahm,PHI,0.0,60.23529411764706,63.569747899159665,238,8.928571428571427,5.357142857142858,0.0,7.142857142857142,26.785714285714285,7.142857142857142,21.241437751571215,10.394746133747615,9.490855165595649,3.163618388531883,0.45194548407598334,1.35583645222795,76.36974789915966,16.134453781512605,10.76,2.28,3.23,1.05,29.831932773109244,6.302521008403361,0.0,66.0,62.1,256.0,3.0303030303030303,4.545454545454546,,9.090909090909092,33.33333333333333,6.0606060606060606,18.359375,8.59375,7.421875,1.953125,0.390625,0.78125,70.0,20.0,10.11,2.89,2.74,1.07,27.3,7.8,256.0
11,Felix Bautista,BAL,0.0,32.964285714285715,34.92946428571428,224,7.692307692307692,3.846153846153846,0.0,51.92307692307692,3.846153846153846,7.692307692307692,10.754145408163264,5.09406887755102,4.811065051020408,1.415019132653061,0.28300382653061223,0.5660076530612245,50.71428571428571,14.580357142857142,13.01,3.71,2.7,1.1,35.714285714285715,10.267857142857142,0.0,35.0,34.2,142.0,2.857142857142857,2.857142857142857,,54.285714285714285,0.0,2.857142857142857,11.267605633802818,7.042253521126761,7.042253521126761,2.112676056338028,0.0,0.0,50.0,23.0,12.98,5.97,2.6,1.13,35.199999999999996,16.2,142.0
12,Jeff Hoffman,TOR,0.0,68.06324110671936,70.33201581027667,253,5.0,3.3333333333333335,0.0,43.33333333333333,8.333333333333334,5.0,21.52197347248043,10.312612288896874,9.415863394210188,3.1386211314033963,0.4483744473433423,1.3451233420300268,87.34782608695652,23.822134387351777,11.14,3.07,3.09,1.12,30.434782608695656,8.300395256916996,0.0,71.0,68.0,287.0,12.676056338028168,9.859154929577464,,46.478873239436616,0.0,9.859154929577464,18.81533101045296,11.846689895470384,11.498257839721255,5.2264808362369335,0.34843205574912894,1.3937282229965158,84.0,27.0,11.12,3.57,4.37,1.19,29.299999999999997,9.4,287.0
13,Aaron Bummer,ATL,0.0,53.20754716981132,54.9811320754717,265,8.333333333333334,5.0,0.0,1.6666666666666667,20.0,6.666666666666667,18.739765040939833,8.70060519757921,8.031327874688502,1.3385546457814168,0.6692773228907084,1.0039159843360628,62.9622641509434,22.16981132075472,10.34,3.64,3.48,1.31,26.79245283018868,9.433962264150944,2.0,42.0,54.1,235.0,7.142857142857142,4.761904761904762,,0.0,4.761904761904762,0.0,21.70212765957447,11.48936170212766,9.787234042553191,1.276595744680851,1.702127659574468,4.680851063829787,51.0,17.0,8.45,2.82,3.81,1.25,21.7,7.199999999999999,235.0
14,Tanner Scott,LAD,0.0,54.32608695652174,56.913043478260875,276,7.936507936507936,6.349206349206349,0.0,33.33333333333333,9.523809523809526,6.349206349206349,15.621718126444026,7.1859903381642525,6.873555975635372,1.5621718126444024,0.624868725057761,0.9373030875866417,69.84782608695653,26.731884057971016,11.01,4.22,2.96,1.23,29.347826086956523,11.231884057971014,0.0,61.0,57.0,238.0,1.639344262295082,6.557377049180328,,37.704918032786885,13.114754098360656,16.39344262295082,22.689075630252102,13.865546218487395,12.605042016806722,4.621848739495799,0.8403361344537815,1.680672268907563,60.0,18.0,9.47,2.84,4.74,1.26,25.2,7.6,238.0
15,Chris Martin,TEX,0.0,41.03056768558952,42.70218340611354,229,7.407407407407408,3.703703703703704,0.0,27.77777777777778,16.666666666666668,7.407407407407408,17.585477012261396,7.299631967353788,6.636029061230716,1.9908087183692147,0.33180145306153586,0.6636029061230717,44.069868995633186,6.8384279475982535,9.3,1.46,3.25,1.1,25.327510917030565,3.930131004366813,0.0,49.0,42.1,174.0,4.081632653061225,12.244897959183673,,4.081632653061225,26.53061224489796,6.122448979591836,24.71264367816092,10.344827586206897,8.045977011494253,3.4482758620689653,1.7241379310344827,0.5747126436781609,43.0,8.0,9.14,1.7,2.98,1.2,24.7,4.6,174.0
16,Robert Garcia,TEX,0.0,63.35521235521235,64.6015444015444,259,6.557377049180328,6.557377049180328,0.0,14.754098360655737,22.950819672131146,4.918032786885246,21.253410056498858,10.02519342287682,9.223177949046676,2.4060464214904367,0.8020154738301456,0.8020154738301456,72.7027027027027,21.81081081081081,10.02,3.07,3.36,1.19,27.027027027027028,8.108108108108109,0.0,71.0,64.0,269.0,5.633802816901409,11.267605633802818,,12.676056338028168,21.12676056338028,9.859154929577464,21.561338289962826,9.66542750929368,7.806691449814126,2.973977695167286,0.7434944237918215,0.37174721189591076,68.0,22.0,9.56,3.09,2.95,1.25,25.3,8.19999999999999,269.0
17,Keegan Akin,BAL,0.0,58.05054151624549,65.79061371841155,277,6.666666666666665,3.3333333333333326,0.0,1.6666666666666663,19.999999999999996,1.6666666666666663,20.258311720470747,10.129155860235372,9.081312150555853,2.7942498924787236,0.6985624731196809,0.6985624731196809,73.53068592057761,18.382671480144403,10.02,2.51,3.49,1.14,27.436823104693143,6.859205776173286,3.0,64.0,63.1,268.0,7.8125,6.25,,12.5,25.0,9.375,20.149253731343283,10.44776119402985,8.955223880597014,3.731343283582089,0.7462686567164178,0.3731343283582089,59.0,33.0,8.38,4.69,3.41,1.37,22.0,12.3,268.0
18,Bryan Abreu,HOU,0.0,68.0,71.1,296,4.411764705882353,2.941176470588235,0.0,7.352941176470589,32.35294117647059,5.88235294117647,18.58108108108108,9.121621621621621,8.445945945945946,2.364864864864865,0.33783783783783783,1.3513513513513513,93.0,30.0,11.71,3.74,3.15,1.18,31.41891891891892,10.135135135135137,0.0,70.0,71.0,296.0,4.285714285714286,5.714285714285714,,10.0,35.714285714285715,7.142857142857142,17.22972972972973,6.081081081081082,6.081081081081082,1.3513513513513513,0.0,1.3513513513513513,105.0,31.0,13.31,3.93,2.28,1.15,35.5,10.5,296.0
19,Josh Hader,HOU,0.0,49.66798418972332,50.56363636363636,253,8.19672131147541,6.557377049180328,0.0,54.09836065573771,1.639344262295082,6.557377049180328,14.160508678467087,7.723913824618411,7.0802543392335435,2.574637941539471,0.32182974269243386,0.9654892280773016,70.83794466403161,20.35573122529644,12.59,3.55,3.22,1.1,34.387351778656125,9.881422924901186,0.0,48.0,52.2,206.0,12.5,4.166666666666666,,58.333333333333336,0.0,2.083333333333333,14.077669902912621,7.766990291262135,5.825242718446602,3.8834951456310676,0.48543689320388345,0.9708737864077669,76.0,16.0,12.99,2.73,2.05,0.85,36.9,7.8,206.0
20,Lucas Erceg,KCR,0.0,55.434306569343065,58.34233576642335,274,6.557377049180328,6.557377049180328,0.0,22.950819672131146,24.59016393442623,6.557377049180328,18.573179178432518,9.286589589216259,8.291597847514518,1.6583195695029036,0.33166391390058075,1.6583195695029036,67.24817518248175,21.81021897810219,10.23,3.37,3.54,1.24,27.00729927007299,8.75912408759124,0.0,61.0,61.1,249.0,13.114754098360656,6.557377049180328,,3.278688524590164,36.0655737704918,8.19672131147541,21.686746987951807,7.630522088353414,7.228915662650602,1.6064257028112447,1.2048192771084338,1.6064257028112447,48.0,18.0,7.04,2.64,2.64,1.17,19.3,7.199999999999999,249.0
21,Andres Munoz,SEA,0.0,59.58024691358024,61.879835390946496,243,7.017543859649122,7.017543859649122,0.0,47.36842105263158,7.017543859649122,8.771929824561404,18.926654134701685,8.603024606682585,7.7427221460143265,2.150756151670646,0.8603024606682586,1.2904536910023876,79.440329218107,24.041152263374485,11.49,3.49,2.73,1.12,31.275720164609055,9.465020576131687,0.0,64.0,62.1,254.0,4.6875,4.6875,,59.375,0.0,10.9375,14.173228346456693,7.086614173228346,4.724409448818897,0.7874015748031495,1.1811023622047243,1.574803149606299,83.0,28.0,11.98,4.04,1.73,1.03,32.7,11.0,254.0
22,Raisel Iglesias,ATL,0.0,63.28624535315985,65.46171003717473,269,7.8125,4.6875,0.0,53.125,1.5625,6.25,20.95327593593234,9.190033305233483,8.454830640814803,2.5732093254653745,0.7352026644186785,0.7352026644186785,71.19702602230483,15.821561338289962,9.71,2.17,3.15,1.09,26.765799256505577,5.947955390334572,0.0,70.0,67.1,266.0,5.714285714285714,8.571428571428571,,41.42857142857143,2.857142857142857,7.142857142857142,19.172932330827066,9.398496240601503,9.022556390977442,3.007518796992481,0.7518796992481203,0.7518796992481203,73.0,16.0,9.76,2.14,3.21,1.0,27.39999999999999,6.0,266.0
23,Devin Williams,NYY,0.0,60.43333333333333,62.69958333333333,240,8.928571428571429,5.357142857142857,0.0,55.35714285714286,3.571428571428571,7.142857142857142,17.98611111111111,8.993055555555555,8.543402777777777,2.248263888888889,0.44965277777777773,1.3489583333333333,85.25416666666666,29.1375,12.24,4.18,2.87,1.15,32.916666666666664,11.25,0.0,67.0,62.0,259.0,5.970149253731343,8.955223880597014,,26.865671641791046,22.388059701492537,5.970149253731343,17.374517374517374,14.285714285714285,12.741312741312742,1.9305019305019304,0.3861003861003861,1.5444015444015444,90.0,25.0,13.06,3.63,4.79,1.13,34.699999999999996,9.69999999999999,259.0
24,Jeremiah Estrada,SDP,0.0,71.744,73.2032,250,6.779661016949152,5.084745762711865,0.0,6.779661016949152,28.8135593220339,3.389830508474576,22.8608,11.673599999999999,10.7008,3.4048000000000003,0.9728000000000001,0.9728000000000001,100.928,31.616,12.37,3.8,3.31,1.19,33.2,10.4,0.0,77.0,73.0,304.0,5.194805194805195,6.493506493506493,,3.896103896103896,38.961038961038966,3.896103896103896,19.078947368421055,10.197368421052632,9.210526315789473,3.9473684210526314,0.6578947368421052,0.9868421052631579,108.0,27.0,13.32,3.33,3.45,1.16,35.5,8.9,304.0
26,Justin Martinez,ARI,0.0,14.340350877192982,15.56280701754386,285,6.557377049180327,4.918032786885246,0.0,31.147540983606557,16.393442622950822,4.918032786885246,4.454293628808865,2.1446598953524165,1.979686057248384,0.329947676208064,0.247460757156048,0.329947676208064,19.277192982456143,7.992982456140351,11.12,4.61,3.28,1.32,28.771929824561404,11.929824561403509,0.0,17.0,15.1,67.0,5.88235294117647,11.76470588235294,,29.411764705882355,23.52941176470588,5.88235294117647,10.44776119402985,11.940298507462686,10.44776119402985,1.4925373134328357,1.4925373134328357,4.477611940298507,22.0,12.0,12.91,7.04,4.11,1.24,32.79999999999999,17.9,67.0
28,Jason Adam,SDP,0.0,64.71910112359551,65.93258426966293,267,6.25,4.6875,0.0,10.9375,29.687499999999993,6.25,18.558262845600304,9.46850145183689,8.711021335689937,2.651180406514329,0.7574801161469511,1.8937002903673779,75.84269662921349,22.247191011235955,10.29,2.94,3.13,1.08,28.08988764044944,8.239700374531834,0.0,65.0,65.1,270.0,12.307692307692308,6.153846153846154,,0.0,44.61538461538462,3.076923076923077,18.51851851851852,6.666666666666667,5.185185185185185,1.4814814814814816,1.1111111111111112,1.1111111111111112,70.0,25.0,9.64,3.44,1.93,1.15,25.9,9.3,270.0
29,Cole Sands,MIN,0.0,64.15325670498083,71.255938697318,261,8.92857142857143,5.357142857142858,0.0,7.142857142857144,17.85714285714286,3.571428571428572,24.579791840988825,12.289895920494413,11.412046211887668,3.072473980123603,0.43892485430337197,1.7556994172134874,77.90038314176245,21.766283524904217,9.8,2.66,3.68,1.18,26.053639846743295,7.2796934865900385,3.0,69.0,72.0,299.0,5.797101449275362,8.695652173913043,,4.3478260869565215,18.84057971014493,5.797101449275362,21.73913043478261,13.712374581939798,12.040133779264215,2.341137123745819,0.6688963210702341,1.3377926421404682,64.0,19.0,8.0,2.38,4.5,1.17,21.4,6.4,299.0
30,Camilo Doval,SFG,0.0,63.36764705882352,65.41176470588235,272,8.064516129032258,6.451612903225806,0.0,14.516129032258066,24.193548387096776,8.064516129032258,19.53935986159169,10.145436851211072,9.393923010380622,1.8787846020761243,0.7515138408304498,1.1272707612456747,77.67647058823529,31.68382352941176,10.75,4.32,3.54,1.3,27.941176470588236,11.397058823529411,0.0,69.0,65.1,278.0,5.797101449275362,4.3478260869565215,,23.18840579710145,14.492753623188406,8.695652173913043,18.345323741007196,12.23021582733813,9.352517985611511,1.4388489208633095,0.3597122302158274,1.079136690647482,72.0,35.0,9.92,4.82,3.58,1.32,25.9,12.6,278.0
31,Brant Hurter,DET,1.231111111111111,48.01333333333333,66.47999999999999,225,10.256410256410257,7.692307692307694,0.5471604938271604,0.0,7.692307692307694,2.5641025641025643,28.452345679012346,13.131851851851852,12.03753086419753,2.7358024691358023,0.5471604938271604,1.6414814814814815,56.63111111111111,16.004444444444445,7.71,2.16,3.71,1.2,20.444444444444446,5.777777777777778,4.0,43.0,63.0,277.0,9.30232558139535,6.976744186046512,,4.651162790697675,11.627906976744185,0.0,20.577617328519857,9.386281588447654,6.137184115523466,1.444043321299639,1.083032490974729,3.9711191335740073,68.0,27.0,9.71,3.86,2.43,1.33,24.5,9.69999999999999,277.0
32,Aroldis Chapman,BOS,0.0,52.75294117647059,52.93176470588236,255,8.47457627118644,6.779661016949152,0.0,20.33898305084746,22.033898305084744,6.779661016949152,15.077277970011533,8.41522491349481,7.713956170703576,1.7531718569780852,0.3506343713956171,0.7012687427912342,77.78823529411765,32.188235294117646,13.2,5.42,3.4,1.33,34.11764705882353,14.117647058823527,0.0,67.0,61.1,228.0,7.462686567164178,4.477611940298507,,47.76119402985074,5.970149253731343,2.9850746268656714,12.280701754385964,3.9473684210526314,3.508771929824561,1.3157894736842104,0.0,0.0,85.0,15.0,12.47,2.2,1.17,0.7,37.3,6.6000000000000005,228.0
33,Jose Alvarado,PHI,0.0,26.85123966942149,26.85123966942149,242,5.263157894736841,5.263157894736841,0.0,8.771929824561402,22.807017543859647,5.263157894736841,9.14896523461512,4.6718120346970835,4.2824943651389935,0.9732941738952258,0.3893176695580902,0.3893176695580902,30.6198347107438,12.24793388429752,10.3,4.15,3.44,1.28,26.859504132231404,10.743801652892564,0.0,28.0,26.0,114.0,14.285714285714285,7.142857142857142,,25.0,17.857142857142858,3.571428571428571,23.684210526315788,10.526315789473683,9.649122807017543,3.508771929824561,0.0,0.8771929824561403,32.0,7.0,11.08,2.42,3.81,1.31,28.1,6.1,114.0
34,Tyler Holton,DET,1.1304347826086956,66.69565217391303,76.98260869565216,276,6.779661016949152,5.084745762711865,0.0,10.16949152542373,23.728813559322038,1.694915254237288,23.755513547574036,11.0586011342155,10.239445494643983,2.867044738500315,0.40957781978575925,1.2287334593572778,67.82608695652173,18.08695652173913,7.88,2.15,3.24,1.1,21.73913043478261,5.797101449275362,6.0,70.0,78.2,312.0,8.571428571428571,7.142857142857142,,0.0,24.285714285714285,5.714285714285714,20.833333333333336,10.897435897435898,10.256410256410255,4.807692307692308,0.3205128205128205,0.0,64.0,17.0,7.32,1.94,3.66,1.04,20.5,5.4,312.0
35,Garrett Whitlock,BOS,1.2107438016528926,55.69421487603306,70.46528925619836,242,6.521739130434784,6.521739130434784,0.0,8.695652173913045,21.73913043478261,2.173913043478261,27.516904583020285,13.007991257427772,12.007376545317944,3.5021514923844004,0.0,1.0006147121098286,71.43388429752066,16.950413223140497,9.0,2.17,3.73,1.18,24.3801652892562,5.785123966942149,0.0,62.0,72.0,293.0,11.29032258064516,4.838709677419355,,1.6129032258064515,38.70967741935484,6.451612903225806,18.43003412969283,7.167235494880546,6.143344709897611,0.6825938566552902,0.6825938566552902,1.7064846416382253,91.0,24.0,11.38,3.0,2.25,1.08,31.1,8.19999999999999,293.0
36,Kevin Ginkel,ARI,0.0,27.88671875,28.926562500000003,256,8.47457627118644,5.084745762711865,0.0,10.16949152542373,25.423728813559322,6.779661016949152,10.15472412109375,4.61578369140625,4.24652099609375,1.1077880859375,0.18463134765625,0.55389404296875,31.1953125,8.98046875,9.66,2.76,3.38,1.2,25.78125,7.421875,0.0,29.0,25.2,121.0,3.4482758620689653,13.793103448275861,,10.344827586206897,20.689655172413794,3.4482758620689653,23.96694214876033,18.181818181818183,17.355371900826448,1.6528925619834711,0.0,1.6528925619834711,29.0,13.0,10.17,4.56,7.36,1.64,24.0,10.7,121.0
37,Ryan Pressly,CHC,0.0,42.46666666666667,43.376666666666665,240,5.357142857142857,5.357142857142857,0.0,41.07142857142857,10.714285714285714,10.714285714285714,16.746527777777775,7.583333333333334,6.951388888888889,1.5798611111111112,0.0,0.6319444444444444,45.5,12.891666666666666,9.35,2.67,3.48,1.21,25.0,7.083333333333333,0.0,44.0,41.1,182.0,4.545454545454546,6.8181818181818175,,11.363636363636363,15.909090909090908,4.545454545454546,25.274725274725274,13.186813186813188,10.989010989010989,3.296703296703297,0.0,1.098901098901099,28.0,17.0,6.1,3.7,4.35,1.52,15.4,9.3,182.0
38,Blake Treinen,LAD,0.0,29.94642857142857,31.15580357142857,224,9.615384615384617,5.769230769230769,0.0,11.538461538461538,30.76923076923077,7.6923076923076925,12.083466198979592,5.65609056122449,5.141900510204081,1.5425701530612244,0.257095025510204,0.7712850765306122,34.55357142857142,9.214285714285714,9.94,2.68,3.32,1.17,26.785714285714285,7.142857142857142,0.0,32.0,26.2,129.0,6.25,21.875,,6.25,31.25,9.375,23.25581395348837,13.953488372093023,12.4031007751938,3.10077519379845,3.10077519379845,1.550387596899225,36.0,19.0,12.15,6.41,5.4,1.84,27.89999999999999,14.7,129.0
40,Fernando Cruz,NYY,0.7751937984496124,46.51162790697675,47.36434108527132,258,5.0,5.0,0.0,1.6666666666666667,28.333333333333332,3.3333333333333335,14.42221020371372,8.412955952166337,7.51156781443423,2.1032389880415843,0.3004627125773692,0.9013881377321075,65.89147286821706,22.48062015503876,12.51,4.19,3.72,1.25,32.945736434108525,11.24031007751938,0.0,49.0,48.0,200.0,6.122448979591836,8.16326530612245,,4.081632653061225,32.6530612244898,2.0408163265306123,16.5,10.5,9.5,2.5,0.0,1.5,72.0,24.0,13.5,4.5,3.56,1.19,36.0,12.0,200.0
41,Erik Miller,SFG,1.0281124497991967,29.815261044176705,29.866666666666664,249,5.172413793103448,5.172413793103448,0.0,1.7241379310344827,24.137931034482758,5.172413793103448,9.290172739149368,5.161207077305204,4.748310511120788,1.032241415461041,0.2064482830922082,0.4128965661844164,37.01204819277108,16.449799196787147,11.12,4.9,3.55,1.32,28.915662650602407,12.851405622489958,0.0,36.0,30.0,128.0,11.11111111111111,2.7777777777777777,,0.0,27.77777777777778,5.555555555555555,18.75,3.90625,3.90625,0.0,3.125,2.34375,22.0,20.0,6.6,6.0,1.5,1.47,17.2,15.6,128.0
42,Michael McGreevy,STL,6.504065040650406,58.536585365853654,94.63414634146342,246,8.333333333333334,8.333333333333334,1.3219644391565868,0.0,2.777777777777778,0.0,38.99795095511931,17.84651992861392,16.52455548945733,3.9658933174697597,0.6609822195782934,1.3219644391565868,74.79674796747967,22.764227642276424,7.12,2.22,3.8,1.26,18.69918699186992,5.691056910569105,16.0,17.0,95.2,400.0,47.05882352941176,23.52941176470588,,0.0,0.0,0.0,25.0,12.5,11.75,3.0,0.0,0.75,58.0,20.0,5.46,1.88,4.42,1.25,14.499999999999998,5.0,400.0
43,Trevor Megill,MIL,0.0,43.38075313807531,45.87112970711297,239,5.555555555555556,3.7037037037037033,0.0,44.44444444444445,9.25925925925926,7.4074074074074066,16.470299889707814,8.067085660265052,7.39482852190963,2.3528999842439733,0.6722571383554209,0.6722571383554209,54.62761506276151,16.06694560669456,10.71,3.22,3.53,1.22,28.451882845188287,8.368200836820083,0.0,50.0,47.0,192.0,12.0,6.0,,60.0,0.0,12.0,18.75,8.333333333333332,6.770833333333333,1.5625,1.5625,0.0,60.0,17.0,11.49,3.26,2.49,1.13,31.3,8.9,192.0
45,Will Vest,DET,0.0,65.0381679389313,68.29007633587787,262,5.0,5.0,0.0,3.3333333333333335,21.66666666666667,5.0,23.58254180991784,10.756948895751997,9.929491288386458,2.4823728220966146,0.41372880368276904,1.2411864110483073,67.20610687022901,20.595419847328245,8.8,2.75,3.41,1.21,23.66412213740458,7.251908396946565,0.0,64.0,68.2,284.0,9.375,7.8125,,35.9375,4.6875,10.9375,21.47887323943662,9.15492957746479,8.098591549295776,1.4084507042253522,0.35211267605633806,0.35211267605633806,75.0,22.0,9.83,2.88,3.01,1.21,26.4,7.7,284.0
46,Tyler Rogers,SFG,0.0,69.48591549295774,70.74929577464789,284,4.545454545454546,4.545454545454546,0.0,3.0303030303030303,31.818181818181817,3.0303030303030303,25.579002182106723,11.121305296568142,10.3798849434636,2.224261059313628,0.3707101765522714,1.4828407062090856,51.58802816901409,14.73943661971831,6.52,1.85,3.68,1.22,17.253521126760564,4.929577464788732,0.0,81.0,77.1,299.0,4.938271604938271,7.4074074074074066,,0.0,39.50617283950617,2.4691358024691357,22.073578595317723,6.688963210702341,5.68561872909699,1.3377926421404682,0.0,0.33444816053511706,48.0,7.0,5.59,0.81,1.98,0.94,16.1,2.3,299.0
47,Justin Slaten,BOS,0.0,29.213235294117645,32.336029411764706,272,6.896551724137931,5.172413793103448,0.0,8.620689655172415,29.31034482758621,6.896551724137931,10.925335207612456,5.555255190311419,5.184904844290657,1.2962262110726641,0.1851751730103806,0.5555255190311419,34.25,11.080882352941176,9.49,3.1,3.84,1.26,25.0,8.088235294117647,0.0,36.0,34.0,137.0,5.555555555555555,11.11111111111111,,8.333333333333332,16.666666666666664,8.333333333333332,19.708029197080293,13.86861313868613,11.678832116788321,2.18978102189781,1.4598540145985401,0.0,25.0,10.0,6.62,2.65,4.24,1.09,18.2,7.3,137.0
49,Pete Fairbanks,TBR,0.0,57.61111111111111,58.8537037037037,216,5.88235294117647,5.88235294117647,0.0,45.09803921568628,5.88235294117647,7.8431372549019605,22.487997256515772,11.505486968449931,10.459533607681754,2.6148834019204386,0.5229766803840877,1.0459533607681755,65.51851851851852,22.59259259259259,10.02,3.36,3.46,1.2,26.851851851851855,9.25925925925926,0.0,61.0,60.1,244.0,6.557377049180328,8.19672131147541,,44.26229508196721,0.0,8.19672131147541,18.442622950819672,9.01639344262295,7.786885245901639,2.8688524590163933,0.0,0.4098360655737705,59.0,18.0,8.8,2.69,2.83,1.04,24.2,7.4,244.0
50,Bryan Hudson,MIL,0.0,15.6,18.06,250,7.6923076923076925,3.8461538461538463,0.0,3.8461538461538463,25.0,5.769230769230769,5.88,2.8799999999999994,2.64,0.7199999999999999,0.12,0.35999999999999993,19.2,6.6,9.46,3.21,3.26,1.16,25.6,8.799999999999999,0.0,16.0,15.0,75.0,0.0,6.25,,0.0,12.5,0.0,20.0,13.333333333333334,10.666666666666668,2.666666666666667,2.666666666666667,2.666666666666667,19.0,13.0,11.4,7.8,4.8,1.87,25.3,17.299999999999997,75.0
51,Dylan Lee,ATL,0.0,60.8,65.14285714285714,245,7.142857142857142,3.571428571428571,0.0,0.0,23.214285714285715,3.571428571428571,23.043731778425656,10.192419825072886,9.306122448979592,3.1020408163265305,0.8862973760932943,0.44314868804664714,74.91428571428571,18.457142857142856,10.29,2.54,3.2,1.15,28.163265306122447,6.938775510204081,0.0,74.0,68.1,266.0,2.7027027027027026,5.405405405405405,,2.7027027027027026,25.675675675675674,9.45945945945946,19.924812030075188,10.150375939849624,9.398496240601503,4.887218045112782,0.37593984962406013,0.0,76.0,14.0,10.01,1.84,3.29,0.98,28.6,5.3,266.0
52,Alex Vesia,LAD,0.0,56.52301255230125,56.62217573221757,239,7.017543859649124,5.263157894736842,0.0,1.754385964912281,24.561403508771928,3.508771929824562,18.2559829134644,9.957808861889673,9.1279914567322,2.9043609180511543,0.8298174051574727,0.8298174051574727,71.39748953974895,25.782426778242677,11.37,4.03,3.44,1.22,30.125523012552303,10.87866108786611,0.0,68.0,59.2,237.0,5.88235294117647,2.941176470588235,,7.352941176470589,36.76470588235294,5.88235294117647,15.611814345991561,8.860759493670885,8.438818565400844,3.79746835443038,1.2658227848101267,2.109704641350211,80.0,22.0,12.07,3.32,3.02,0.99,33.79999999999999,9.3,237.0
54,Edwin Uceta,TBR,0.0,67.32584269662922,76.9438202247191,267,5.357142857142857,3.571428571428571,0.0,17.857142857142854,25.0,3.571428571428571,23.864831881496446,13.05811555779994,11.707276017337879,3.6022387745655013,0.45027984682068767,1.8011193872827507,86.56179775280899,28.853932584269664,10.1,3.32,3.69,1.19,26.96629213483146,8.98876404494382,0.0,70.0,76.0,321.0,14.285714285714285,4.285714285714286,,1.4285714285714286,30.0,7.142857142857142,19.314641744548286,10.2803738317757,9.968847352024921,3.4267912772585665,0.9345794392523363,2.4922118380062304,103.0,27.0,12.2,3.2,3.79,1.17,32.1,8.4,321.0
55,Adrian Morejon,SDP,0.0,64.32128514056225,67.88192771084339,249,5.357142857142857,5.357142857142857,0.0,1.7857142857142856,25.0,1.7857142857142856,24.909275656844247,11.99335494588797,11.070789180819666,2.767697295204916,0.4612828825341527,0.9225657650683055,71.2128514056225,22.971887550200805,9.4,3.02,3.61,1.25,24.899598393574298,8.032128514056225,0.0,75.0,73.2,286.0,17.333333333333336,8.0,,4.0,26.666666666666668,5.333333333333334,17.132867132867133,8.041958041958042,5.944055944055944,0.6993006993006993,1.048951048951049,0.0,70.0,17.0,8.55,2.08,2.08,0.9,24.5,5.8999999999999995,286.0
56,Tim Herrin,CLE,0.0,45.69421487603306,45.85454545454546,242,7.017543859649122,3.508771929824561,0.0,0.0,24.561403508771924,1.7543859649122806,15.900553240898846,7.619015094597363,6.956492042893246,1.6563076292602963,0.3312615258520593,0.9937845775561779,48.900826446280995,18.43801652892562,9.54,3.6,3.33,1.23,25.206611570247933,9.50413223140496,0.0,54.0,42.2,194.0,9.25925925925926,7.4074074074074066,,0.0,27.77777777777778,3.7037037037037033,19.072164948453608,11.855670103092782,11.855670103092782,2.5773195876288657,1.0309278350515463,3.0927835051546393,45.0,30.0,9.49,6.33,4.85,1.57,23.19999999999999,15.5,194.0
57,David Bednar,PIT,0.0,58.0,59.1,251,5.172413793103448,6.896551724137931,0.0,39.6551724137931,6.896551724137931,8.620689655172415,21.115537848605577,11.553784860557768,10.358565737051793,2.788844621513944,0.796812749003984,1.1952191235059761,62.0,22.0,9.36,3.34,3.97,1.26,24.701195219123505,8.764940239043826,0.0,64.0,62.2,251.0,9.375,7.8125,,42.1875,6.25,4.6875,18.326693227091635,7.171314741035857,6.374501992031872,1.593625498007968,0.796812749003984,0.398406374501992,86.0,19.0,12.35,2.73,2.3,1.04,34.29999999999999,7.6,251.0
58,Yimi Garcia,TOR,0.0,21.222707423580783,21.694323144104803,229,5.555555555555556,5.555555555555556,0.0,9.25925925925926,35.18518518518519,7.407407407407408,8.066207738220095,4.290536030968135,3.947293148490685,1.201350088671078,0.34324288247745083,0.5148643237161762,24.759825327510914,6.68122270742358,10.11,2.67,3.73,1.15,27.510917030567683,7.423580786026202,0.0,22.0,21.0,90.0,4.545454545454546,9.090909090909092,,13.636363636363635,27.27272727272727,18.181818181818183,14.444444444444443,11.11111111111111,10.0,2.2222222222222223,1.1111111111111112,1.1111111111111112,25.0,12.0,10.71,5.14,3.86,1.19,27.800000000000004,13.3,90.0
59,Ian Hamilton,NYY,0.0,35.060344827586206,38.78103448275863,232,4.081632653061225,4.081632653061225,0.0,4.081632653061225,26.53061224489796,2.0408163265306123,14.803804994054698,7.093489892984542,6.476664684898931,1.542063020214031,0.3084126040428062,0.9252378121284186,42.21551724137931,15.74137931034483,9.74,3.55,3.51,1.27,25.43103448275862,9.482758620689657,1.0,36.0,40.0,166.0,5.555555555555555,2.7777777777777777,,0.0,11.11111111111111,0.0,16.867469879518072,12.048192771084338,11.44578313253012,3.0120481927710845,0.6024096385542169,0.6024096385542169,42.0,22.0,9.45,4.95,4.28,1.25,25.3,13.3,166.0
61,Shawn Armstrong,TEX,1.0636704119850189,61.69288389513108,67.01123595505618,267,5.172413793103448,5.172413793103448,0.0,1.724137931034483,15.517241379310345,1.724137931034483,23.902705887303792,12.349731375106959,11.552974512196831,3.1870274516405055,0.39837843145506324,1.1951352943651894,64.88389513108613,22.337078651685392,8.78,2.99,4.13,1.28,22.846441947565545,7.865168539325842,2.0,71.0,74.0,284.0,5.633802816901409,4.225352112676056,,12.676056338028168,16.901408450704224,4.225352112676056,14.084507042253522,7.394366197183098,6.690140845070422,1.7605633802816902,0.0,2.112676056338028,74.0,20.0,9.0,2.43,2.31,0.81,26.1,7.000000000000001,284.0
62,Matt Brash,SEA,0.0,45.92307692307692,47.19871794871794,156,8.333333333333332,5.555555555555555,0.0,8.333333333333332,19.444444444444446,5.555555555555555,24.531558185404336,11.448060486522024,10.63034188034188,2.4531558185404334,0.8177186061801446,1.6354372123602892,61.230769230769226,20.41025641025641,11.66,3.99,3.15,1.25,30.76923076923077,10.256410256410255,0.0,53.0,47.1,199.0,1.8867924528301887,5.660377358490567,,7.547169811320755,39.62264150943396,1.8867924528301887,20.603015075376884,7.537688442211055,6.532663316582915,2.0100502512562812,1.0050251256281406,1.0050251256281406,58.0,18.0,11.03,3.42,2.47,1.25,29.1,9.0,199.0
63,Porter Hodge,CHC,0.0,31.064150943396225,34.44792452830189,265,5.357142857142858,5.357142857142858,0.0,17.857142857142858,26.785714285714285,7.142857142857142,10.675685297258813,5.65183339266643,5.23317906728373,1.0466358134567462,0.20932716269134924,0.6279814880740477,38.83018867924528,16.641509433962263,10.1,4.27,3.62,1.29,26.41509433962264,11.320754716981131,0.0,36.0,33.0,147.0,5.555555555555555,5.555555555555555,,5.555555555555555,22.22222222222222,8.333333333333332,23.12925170068027,16.3265306122449,15.646258503401361,6.122448979591836,0.6802721088435374,0.0,40.0,18.0,10.91,4.91,6.27,1.58,27.200000000000003,12.2,147.0
65,Jose A. Ferrer,WSN,0.0,73.69411764705882,76.23529411764706,255,5.172413793103448,3.4482758620689653,0.0,6.896551724137931,32.758620689655174,3.4482758620689653,28.899653979238753,13.951557093425606,12.95501730103806,2.491349480968858,0.4982698961937716,1.4948096885813147,63.52941176470588,24.141176470588235,7.47,2.8,3.88,1.28,19.607843137254903,7.450980392156863,0.0,72.0,76.1,324.0,5.555555555555555,5.555555555555555,,15.277777777777779,29.166666666666668,5.555555555555555,25.0,12.654320987654321,11.728395061728394,1.5432098765432098,0.30864197530864196,2.1604938271604937,71.0,16.0,8.37,1.89,4.48,1.27,21.899999999999988,4.9,324.0
66,Jakob Junis,CLE,4.473469387755102,40.26122448979592,66.09551020408163,245,8.333333333333332,5.555555555555555,0.9129529362765515,0.0,8.333333333333332,2.7777777777777777,26.019158683881717,13.237817576009997,11.868388171595171,3.651811745106206,0.45647646813827575,1.3694294044148272,61.51020408163266,14.538775510204085,8.33,1.93,4.0,1.18,22.448979591836736,5.3061224489795915,0.0,57.0,66.2,274.0,7.017543859649122,1.7543859649122806,,0.0,10.526315789473683,0.0,23.357664233576642,8.75912408759124,8.02919708029197,1.824817518248175,0.7299270072992701,1.4598540145985401,55.0,18.0,7.43,2.43,2.97,1.23,20.1,6.6000000000000005,274.0
67,Anthony Bender,MIA,0.0,47.79916317991632,47.88451882845188,239,7.142857142857142,5.357142857142858,0.0,8.928571428571427,26.785714285714285,7.142857142857142,18.571103447068506,9.285551723534253,8.571278514031617,1.7856830237565866,0.35713660475131737,1.071409814253952,49.50627615062761,17.07112970711297,9.31,3.16,3.83,1.28,24.267782426778243,8.368200836820083,0.0,51.0,50.0,204.0,5.88235294117647,9.803921568627452,,7.8431372549019605,37.254901960784316,5.88235294117647,15.686274509803921,6.372549019607843,5.88235294117647,1.4705882352941175,0.9803921568627451,0.9803921568627451,42.0,21.0,7.56,3.78,2.16,1.06,20.6,10.3,204.0
68,Tanner Banks,PHI,0.0,56.15867158671587,63.25239852398524,271,5.263157894736841,5.263157894736841,0.0,1.7543859649122806,15.789473684210526,3.508771929824561,21.813428466387986,10.906714233193993,10.179599950981059,2.9084571288517314,0.3635571411064664,1.0906714233193993,63.055350553505534,19.70479704797048,8.87,2.83,3.87,1.25,23.616236162361623,7.380073800738007,1.0,69.0,67.1,267.0,8.695652173913043,2.898550724637681,,1.4492753623188406,14.492753623188406,4.3478260869565215,20.973782771535582,8.98876404494382,8.614232209737828,3.3707865168539324,0.37453183520599254,0.37453183520599254,61.0,12.0,8.15,1.6,3.07,1.01,22.8,4.5,267.0
69,Kenley Jansen,LAA,0.0,54.15720524017467,56.200873362445414,229,5.660377358490567,5.660377358490567,0.0,37.73584905660377,5.660377358490567,7.547169811320755,20.525924372151557,11.155393680517152,10.262962186075779,3.123510230544803,0.4462157472206861,0.8924314944413722,64.37554585152839,21.458515283842793,10.37,3.41,3.83,1.21,27.510917030567683,9.170305676855897,0.0,62.0,59.0,234.0,8.064516129032258,6.451612903225806,,46.774193548387096,0.0,1.6129032258064515,15.81196581196581,7.6923076923076925,7.264957264957266,3.418803418803419,0.8547008547008548,0.4273504273504274,57.0,19.0,8.69,2.9,2.59,0.95,24.4,8.1,234.0
70,Reed Garrett,NYM,0.0,51.38636363636363,55.08257575757576,264,8.771929824561404,7.017543859649122,0.0,3.508771929824561,24.561403508771928,7.017543859649122,18.4400826446281,9.903007346189163,8.87855831037649,2.390381083562902,0.6829660238751147,1.024449035812672,65.81060606060606,26.14393939393939,10.62,4.22,3.84,1.34,27.65151515151515,10.984848484848484,1.0,58.0,55.1,238.0,5.172413793103448,10.344827586206897,,5.172413793103448,34.48275862068966,12.068965517241379,19.747899159663866,11.344537815126051,10.084033613445378,2.100840336134454,0.8403361344537815,0.42016806722689076,64.0,26.0,10.41,4.23,3.9,1.32,26.89999999999999,10.9,238.0
71,Matthew Liberatore,STL,8.582781456953642,102.99337748344372,150.41324503311256,302,6.249999999999999,8.333333333333332,0.710495153721328,2.083333333333333,20.83333333333333,2.083333333333333,48.31367045305031,25.577825533967808,23.44634007280382,5.683961229770624,0.710495153721328,2.131485461163984,137.32450331125827,53.64238410596026,8.17,3.26,4.19,1.33,21.192052980132452,8.27814569536424,29.0,29.0,151.2,648.0,27.586206896551722,41.37931034482759,,0.0,0.0,0.0,24.382716049382715,12.191358024691358,10.95679012345679,2.9320987654320985,0.0,0.6172839506172839,122.0,40.0,7.24,2.37,4.21,1.31,18.8,6.2,648.0
72,David Robertson,,0.0,16.532608695652172,18.694565217391304,184,5.128205128205129,5.128205128205129,0.0,10.256410256410259,20.512820512820515,10.256410256410259,8.293950850661625,4.146975425330813,3.6862003780718333,0.9215500945179586,0.23038752362948958,0.46077504725897916,22.89130434782609,7.630434782608695,10.98,3.57,3.33,1.2,29.347826086956523,9.782608695652174,0.0,20.0,17.2,78.0,10.0,0.0,,10.0,50.0,5.0,23.076923076923077,11.538461538461538,10.256410256410255,5.128205128205128,1.282051282051282,0.0,22.0,8.0,11.21,4.08,4.08,1.47,28.199999999999996,10.3,78.0
73,Yennier Cano,BAL,0.0,58.303149606299215,59.39015748031496,254,5.084745762711864,5.084745762711864,0.0,6.779661016949152,33.89830508474576,5.084745762711864,21.39779279558559,9.726269452538904,8.948167896335793,1.945253890507781,0.3890507781015562,0.7781015562031124,59.29133858267717,20.751968503937007,8.95,3.17,3.39,1.26,23.62204724409449,8.267716535433072,0.0,65.0,58.0,251.0,4.615384615384616,10.76923076923077,,3.076923076923077,26.153846153846157,7.6923076923076925,24.701195219123505,14.342629482071715,13.147410358565736,2.788844621513944,0.398406374501992,1.1952191235059761,53.0,24.0,8.22,3.72,5.12,1.48,21.1,9.6,251.0
74,John Schreiber,KCR,0.0,61.57676348547719,61.686721991701255,241,5.357142857142857,5.357142857142857,0.0,1.7857142857142856,30.357142857142854,3.571428571428571,23.72548682013051,11.862743410065255,10.950224686214082,2.2812968096279334,0.45625936192558675,1.3687780857767602,58.27800829875519,24.19087136929461,8.45,3.52,3.85,1.32,21.99170124481328,9.12863070539419,0.0,74.0,64.0,265.0,4.054054054054054,4.054054054054054,,1.3513513513513513,31.08108108108108,5.405405405405405,21.50943396226415,10.943396226415095,10.18867924528302,3.7735849056603774,0.37735849056603776,0.37735849056603776,62.0,19.0,8.72,2.67,3.8,1.19,23.39999999999999,7.199999999999999,265.0
75,Caleb Ferguson,PIT,0.0,62.84482758620689,61.91379310344828,232,3.703703703703704,5.555555555555556,0.0,1.851851851851852,24.074074074074073,3.703703703703704,25.081747919143876,12.03923900118906,11.035969084423305,2.5081747919143873,0.5016349583828775,2.00653983353151,67.5,25.603448275862068,9.7,3.69,3.75,1.35,25.0,9.482758620689657,0.0,70.0,65.1,270.0,7.142857142857142,5.714285714285714,,0.0,20.0,7.142857142857142,20.0,10.0,9.62962962962963,0.7407407407407408,1.1111111111111112,2.2222222222222223,51.0,22.0,7.03,3.03,3.58,1.16,18.899999999999988,8.1,270.0
78,Jared Koenig,MIL,0.9962825278810408,54.795539033457246,62.765799256505574,269,9.090909090909092,7.2727272727272725,0.0,3.6363636363636362,20.0,3.6363636363636362,21.85154986802283,10.370227056010835,9.62949655201006,2.2221915120023215,0.7407305040007738,1.1110957560011607,60.773234200743495,22.91449814126394,8.73,3.28,3.66,1.3,22.676579925650557,8.550185873605948,0.0,72.0,66.0,268.0,8.333333333333332,1.3888888888888888,,2.7777777777777777,37.5,2.7777777777777777,21.26865671641791,7.835820895522389,7.835820895522389,2.2388059701492535,0.3731343283582089,1.4925373134328357,68.0,20.0,9.27,2.73,2.86,1.17,25.4,7.5,268.0
79,Mark Leiter Jr.,NYY,0.0,49.07053941908713,51.88755186721992,241,5.555555555555556,7.4074074074074066,0.0,1.8518518518518516,27.777777777777786,3.7037037037037033,18.475921557824417,10.180609837984884,9.426490590726743,2.6394173654034883,0.3770596236290697,1.5082384945162788,62.70124481327801,19.99170124481328,10.82,3.41,3.92,1.23,28.63070539419087,9.12863070539419,0.0,59.0,48.1,219.0,10.16949152542373,11.864406779661017,,3.389830508474576,23.728813559322035,6.779661016949152,26.027397260273972,14.15525114155251,11.87214611872146,2.28310502283105,0.0,1.82648401826484,54.0,17.0,10.06,3.17,4.84,1.53,24.7,7.8,219.0
80,Kevin Kelly,TBR,0.0,39.01456310679612,41.50485436893204,206,6.382978723404255,4.255319148936171,0.0,0.0,17.02127659574468,4.255319148936171,18.53614855311528,8.46215477424828,8.0591950230936,2.0147987557734,0.40295975115467997,1.6118390046187199,36.52427184466019,9.131067961165048,7.86,1.92,3.55,1.14,21.35922330097087,5.339805825242718,0.0,41.0,39.2,171.0,4.878048780487805,12.195121951219512,,0.0,12.195121951219512,9.75609756097561,26.31578947368421,16.95906432748538,15.204678362573098,6.432748538011696,0.5847953216374269,0.0,35.0,9.0,7.94,2.04,5.9,1.36,20.5,5.3,171.0
82,Colin Holderman,PIT,0.0,28.5,29.0,250,5.263157894736842,5.263157894736842,0.0,3.508771929824561,31.57894736842105,7.017543859649122,10.6,5.4,5.0,1.2,0.2,0.8,29.5,12.5,9.12,3.82,3.84,1.33,23.6,10.0,0.0,24.0,25.2,125.0,0.0,8.333333333333332,,4.166666666666666,8.333333333333332,8.333333333333332,27.200000000000003,16.8,16.0,3.2,0.8,1.6,18.0,16.0,6.31,5.61,7.01,1.95,14.4,12.8,125.0
83,Yuki Matsui,SDP,0.0,63.58441558441559,64.87965367965369,231,5.555555555555556,3.7037037037037033,0.0,3.7037037037037033,18.51851851851852,5.555555555555556,23.44783643484942,12.233653792095353,11.214182642754071,3.568149022694477,1.0194711493412794,1.0194711493412794,75.35930735930737,27.082251082251084,10.42,3.78,3.6,1.25,27.705627705627705,9.956709956709958,0.0,61.0,63.1,272.0,4.918032786885246,1.639344262295082,,1.639344262295082,4.918032786885246,0.0,19.485294117647058,10.661764705882353,10.294117647058822,3.6764705882352944,0.7352941176470588,0.3676470588235294,61.0,33.0,8.67,4.69,3.98,1.36,22.399999999999988,12.1,272.0
84,Hoby Milner,TEX,0.0,68.10964912280703,70.67982456140352,228,5.660377358490566,3.7735849056603765,0.0,0.0,16.9811320754717,1.8867924528301883,29.309018159433677,14.090874115112346,12.963604185903355,3.3818097876269624,0.5636349646044936,1.1272699292089872,65.53947368421053,16.706140350877195,8.31,2.21,3.82,1.2,22.36842105263158,5.701754385964912,0.0,73.0,70.1,293.0,4.10958904109589,5.47945205479452,,0.0,24.65753424657534,5.47945205479452,23.208191126279864,11.945392491467576,10.238907849829351,1.7064846416382253,1.023890784982935,0.6825938566552902,58.0,21.0,7.42,2.69,3.84,1.27,19.8,7.199999999999999,293.0
85,Taylor Rogers,CIN,0.0,51.685483870967744,51.77459677419355,248,5.172413793103448,6.896551724137931,0.0,8.620689655172413,22.413793103448274,3.4482758620689653,19.04428980228928,10.4204604578564,9.342481789802289,2.8746097814776275,0.35932622268470343,1.0779786680541101,56.141129032258064,19.60483870967742,9.72,3.41,4.09,1.29,25.403225806451612,8.870967741935484,0.0,57.0,50.2,221.0,5.263157894736842,3.508771929824561,,0.0,17.543859649122805,1.7543859649122806,21.266968325791854,11.312217194570136,8.597285067873303,3.167420814479638,0.904977375565611,1.3574660633484164,53.0,23.0,9.41,4.09,3.38,1.38,24.0,10.4,221.0
86,Pierce Johnson,ATL,0.0,54.92307692307692,55.83846153846154,260,6.666666666666667,6.666666666666667,0.0,5.0,25.0,5.0,19.011834319526628,9.857988165680473,8.801775147928993,2.464497041420118,0.35207100591715973,0.7041420118343195,67.73846153846154,23.8,10.83,3.86,3.73,1.31,28.46153846153846,10.0,0.0,65.0,59.0,238.0,4.615384615384616,4.615384615384616,,1.5384615384615385,24.615384615384617,4.615384615384616,21.84873949579832,8.823529411764707,8.403361344537815,3.361344537815126,0.8403361344537815,0.42016806722689076,59.0,19.0,9.0,2.9,3.05,1.2,24.8,8.0,238.0
87,Carlos Estevez,KCR,0.0,61.042307692307695,64.14615384615385,260,6.779661016949152,6.779661016949152,0.0,32.20338983050847,8.47457627118644,8.47457627118644,22.284023668639055,11.539940828402369,10.346153846153845,2.785502958579882,0.7958579881656805,1.193786982248521,63.111538461538466,21.72692307692308,8.91,3.04,3.85,1.24,23.46153846153846,8.076923076923077,0.0,67.0,66.0,269.0,5.970149253731343,7.462686567164178,,62.68656716417911,0.0,8.955223880597014,17.843866171003718,8.178438661710038,6.691449814126393,1.858736059479554,2.2304832713754648,1.486988847583643,54.0,22.0,7.36,3.0,2.45,1.06,20.1,8.19999999999999,269.0
88,Joel Payamps,MIL,0.0,27.637795275590552,28.14448818897638,254,5.0,6.666666666666667,0.0,11.666666666666666,28.333333333333332,3.333333333333334,9.974269948539897,4.896459792919586,4.533759067518136,1.450802901605803,0.3627007254014508,0.5440510881021762,27.637795275590552,8.291338582677165,8.88,2.71,3.62,1.2,23.62204724409449,7.086614173228346,0.0,30.0,26.1,117.0,0.0,3.3333333333333335,,3.3333333333333335,13.333333333333334,0.0,26.495726495726498,17.094017094017094,17.094017094017094,3.418803418803419,0.8547008547008548,1.7094017094017095,24.0,9.0,8.2,3.08,6.84,1.52,20.5,7.7,117.0
90,Kirby Yates,LAD,0.0,41.36099585062241,42.838174273858925,241,8.928571428571429,3.571428571428571,0.0,19.64285714285714,21.428571428571427,5.357142857142857,12.871679206625231,7.048776708390007,6.4358396033126155,1.8388113152321757,0.612937105077392,0.9194056576160878,53.178423236514526,19.941908713692943,11.21,4.24,3.29,1.19,29.87551867219917,11.20331950207469,0.0,50.0,41.1,178.0,8.0,6.0,,6.0,30.0,4.0,21.34831460674157,14.606741573033707,13.48314606741573,5.056179775280898,0.0,0.5617977528089888,52.0,17.0,11.32,3.7,5.23,1.33,29.2,9.6,178.0
91,Sean Hjelle,SFG,0.0,13.840148698884756,16.879553903345723,269,5.882352941176471,5.882352941176471,0.0,0.0,17.647058823529413,0.0,6.557399704260583,3.0264921711971917,2.8247260264507124,0.6052984342394384,0.20176614474647944,0.4035322894929589,14.654275092936802,4.613382899628252,7.83,2.47,4.0,1.31,20.074349442379184,6.319702602230483,1.0,12.0,15.0,73.0,8.333333333333332,8.333333333333332,,0.0,0.0,0.0,28.767123287671232,17.80821917808219,17.80821917808219,2.73972602739726,2.73972602739726,0.0,11.0,9.0,6.6,5.4,7.8,2.0,15.1,12.3,73.0
92,Tony Santillan,CIN,0.0,66.22,69.9524,250,7.2727272727272725,7.2727272727272725,0.0,7.2727272727272725,21.81818181818182,5.454545454545455,25.0432,13.966399999999998,13.003199999999998,3.8528,1.4448,1.4448,81.872,30.1,10.53,3.9,4.17,1.32,27.200000000000003,10.0,0.0,80.0,73.2,301.0,1.25,6.25,,8.75,41.25,5.0,17.60797342192691,7.641196013289036,6.64451827242525,2.3255813953488373,0.0,1.6611295681063125,75.0,29.0,9.16,3.54,2.44,1.11,24.9,9.6,301.0
93,Danny Coulombe,MIN,0.0,42.86010362694301,42.86010362694301,193,6.382978723404255,4.255319148936171,0.0,2.1276595744680855,27.6595744680851,4.255319148936171,19.37233214314478,8.977422212676851,8.50492630674649,2.362479529651803,0.4724959059303606,0.9449918118607212,44.6839378238342,12.766839378238345,9.46,2.62,3.43,1.17,25.38860103626943,7.253886010362693,1.0,55.0,43.0,176.0,3.6363636363636362,1.8181818181818181,,3.6363636363636362,16.363636363636363,0.0,18.181818181818183,6.25,6.25,1.7045454545454544,0.0,0.0,43.0,18.0,9.0,3.77,2.3,1.16,24.4,10.2,176.0
95,Ryan Brasier,CHC,0.4861111111111111,24.305555555555554,25.32638888888889,216,4.0,4.0,0.0,2.0,22.000000000000004,4.0,10.577417695473251,5.401234567901234,4.951131687242798,1.3503086419753085,0.22505144032921812,0.45010288065843623,24.305555555555554,7.291666666666667,8.63,2.56,3.73,1.18,23.14814814814815,6.944444444444445,1.0,28.0,26.0,105.0,0.0,3.571428571428571,,0.0,14.285714285714285,0.0,25.71428571428571,12.380952380952381,12.380952380952381,1.9047619047619049,0.0,0.0,20.0,5.0,6.92,1.73,4.5,1.23,19.0,4.8,105.0
96,Seth Halvorsen,COL,0.0,37.525735294117645,39.49742647058823,272,6.779661016949152,8.47457627118644,0.0,18.64406779661017,16.94915254237288,6.779661016949152,14.497729238754323,7.71653330449827,7.01503027681661,1.8706747404844288,0.2338343425605536,0.9353373702422144,38.79779411764706,15.900735294117649,8.75,3.59,4.41,1.4,22.426470588235293,9.191176470588236,0.0,42.0,39.2,173.0,2.380952380952381,4.761904761904762,,26.190476190476193,9.523809523809524,7.142857142857142,23.699421965317917,15.028901734104046,12.716763005780345,4.046242774566474,0.5780346820809248,0.0,36.0,21.0,8.17,4.76,4.99,1.56,20.8,12.1,173.0
99,Robert Suarez,SDP,0.0,63.23107569721115,65.37450199203187,251,8.47457627118644,6.779661016949152,0.0,44.06779661016949,6.779661016949152,8.47457627118644,22.202822177425755,11.101411088712878,10.247456389581117,3.4158187965270392,0.8539546991317598,0.8539546991317598,64.30278884462152,21.43426294820717,8.91,2.91,3.52,1.17,23.90438247011952,7.968127490039841,0.0,70.0,69.2,269.0,5.714285714285714,8.571428571428571,,57.14285714285714,0.0,7.142857142857142,17.472118959107807,8.921933085501859,8.550185873605948,2.2304832713754648,0.7434944237918215,0.7434944237918215,75.0,16.0,9.69,2.07,2.97,0.9,27.89999999999999,5.8999999999999995,269.0
100,Tristan Beck,SFG,1.1485148514851484,41.34653465346534,55.12871287128712,202,5.555555555555556,5.555555555555556,0.0,0.0,5.555555555555556,0.0,26.722870306832665,13.077149299088326,11.940005881776294,3.4114302519360846,0.568571708656014,1.137143417312028,48.23762376237623,14.93069306930693,7.81,2.49,3.92,1.25,20.792079207920793,6.435643564356436,1.0,31.0,56.2,232.0,3.225806451612903,0.0,,6.451612903225806,9.67741935483871,0.0,20.25862068965517,12.5,12.5,3.0172413793103448,0.0,0.8620689655172413,41.0,16.0,6.51,2.54,4.61,1.11,17.7,6.9,232.0
101,Joe Ross,PHI,3.5625,32.953125,52.725,256,8.108108108108109,8.108108108108109,0.69580078125,0.0,5.405405405405405,0.0,20.17822265625,10.784912109375,9.7412109375,2.783203125,0.347900390625,1.043701171875,47.203125,19.59375,7.93,3.3,4.24,1.33,20.703125,8.59375,1.0,37.0,51.0,228.0,5.405405405405405,2.7027027027027026,,0.0,0.0,5.405405405405405,25.0,13.157894736842104,12.719298245614036,3.508771929824561,0.43859649122807015,1.3157894736842104,39.0,18.0,6.88,3.18,5.12,1.47,17.1,7.9,228.0
102,Brock Burke,LAA,0.0,55.912213740458014,60.0320610687023,262,7.017543859649122,5.2631578947368425,0.0,1.7543859649122806,17.543859649122805,3.508771929824561,22.089330458597985,11.606258376551484,10.483072082046501,2.995163452013286,0.7487908630033215,0.7487908630033215,60.81679389312977,20.599236641221378,9.02,3.1,4.1,1.29,23.66412213740458,8.015267175572518,1.0,69.0,61.2,257.0,10.144927536231885,1.4492753623188406,,0.0,21.73913043478261,7.246376811594203,22.56809338521401,9.33852140077821,8.949416342412452,3.11284046692607,1.556420233463035,1.1673151750972763,52.0,18.0,7.59,2.63,3.36,1.23,20.19999999999999,7.000000000000001,257.0
103,Dane Dunning,TEX,1.489028213166144,13.401253918495298,22.067398119122256,319,8.88888888888889,8.88888888888889,0.18671200165092716,0.0,11.11111111111111,0.0,6.721632059433377,3.64088403219308,3.3608160297166885,0.9335600082546358,0.09335600082546357,0.3734240033018543,20.25078369905956,7.74294670846395,8.18,3.14,4.29,1.32,21.316614420062695,8.150470219435736,0.0,12.0,20.2,95.0,0.0,0.0,,16.666666666666664,0.0,0.0,25.263157894736842,17.894736842105264,16.842105263157894,4.2105263157894735,1.0526315789473684,3.1578947368421053,21.0,7.0,9.15,3.05,6.97,1.5,22.1,7.4,95.0
104,Brock Stewart,MIN,0.0,35.41706161137441,37.677725118483416,211,4.25531914893617,2.127659574468085,0.0,2.127659574468085,29.787234042553195,4.25531914893617,14.999663080344106,7.499831540172053,6.785561869679476,2.1428090114777296,0.3571348352462883,0.7142696704925766,46.720379146919434,16.578199052132703,11.06,3.87,3.47,1.27,29.383886255924168,10.42654028436019,0.0,43.0,37.2,159.0,4.651162790697675,4.651162790697675,,0.0,37.2093023255814,2.3255813953488373,20.125786163522015,6.918238993710692,6.918238993710692,1.8867924528301887,1.257861635220126,2.515723270440252,44.0,13.0,10.51,3.11,2.63,1.19,27.699999999999992,8.19999999999999,159.0
105,Landon Knack,LAD,3.4741784037558685,26.056338028169012,44.29577464788732,213,10.0,6.666666666666668,0.8155348365624105,0.0,3.3333333333333335,0.0,19.165068659216647,10.194185457030132,9.37865062046772,3.2621393462496413,0.40776741828120516,0.8155348365624105,45.16431924882629,13.896713615023474,9.1,2.86,4.14,1.23,24.413145539906104,7.511737089201878,7.0,10.0,42.1,185.0,30.0,20.0,,10.0,0.0,0.0,21.62162162162162,13.513513513513514,12.432432432432433,5.405405405405405,0.0,1.0810810810810811,42.0,19.0,8.93,4.04,4.89,1.39,22.69999999999999,10.3,185.0
106,Caleb Thielbar,CHC,0.0,53.60406091370558,52.48730964467005,197,6.25,4.166666666666667,0.0,2.0833333333333335,22.91666666666667,2.0833333333333335,23.808910304310857,12.471333968924736,11.904455152155428,3.401272900615836,0.5668788167693061,0.5668788167693061,58.07106598984772,18.98477157360406,9.9,3.29,3.97,1.26,26.39593908629442,8.629441624365482,0.0,67.0,58.0,220.0,4.477611940298507,5.970149253731343,,1.4925373134328357,37.3134328358209,4.477611940298507,17.272727272727273,7.727272727272727,7.727272727272727,2.272727272727273,0.45454545454545453,0.0,56.0,13.0,8.69,2.02,2.64,0.88,25.5,5.8999999999999995,220.0
107,Nick Mears,MIL,0.0,48.31578947368421,51.178947368421056,247,3.7037037037037033,5.555555555555555,0.0,1.8518518518518516,22.22222222222222,3.7037037037037033,18.112081823993183,10.142765821436182,9.418282548476453,2.5356914553590455,0.3622416364798636,0.7244832729597273,62.631578947368425,24.157894736842103,10.96,4.15,4.06,1.32,28.34008097165992,10.931174089068826,0.0,63.0,56.2,221.0,7.936507936507936,4.761904761904762,,1.5873015873015872,25.396825396825395,9.523809523809524,19.004524886877828,11.312217194570136,9.95475113122172,3.167420814479638,0.4524886877828055,0.4524886877828055,46.0,13.0,7.31,2.06,3.49,0.97,20.8,5.8999999999999995,221.0
109,Scott Alexander,COL,0.3665158371040724,18.69230769230769,18.69230769230769,221,5.88235294117647,5.88235294117647,0.0,1.9607843137254901,19.607843137254903,3.9215686274509802,8.789746319690424,4.146106754570955,3.8144182142052783,0.6633770807313527,0.4975328105485145,0.33168854036567635,14.294117647058822,6.23076923076923,6.92,3.04,4.03,1.37,17.647058823529413,7.6923076923076925,0.0,21.0,17.2,81.0,4.761904761904762,4.761904761904762,,0.0,14.285714285714285,4.761904761904762,28.39506172839506,14.814814814814813,14.814814814814813,6.172839506172839,0.0,1.2345679012345678,8.0,9.0,4.08,4.58,6.11,1.81,9.9,11.1,81.0
110,Luke Weaver,NYY,0.0,54.238596491228066,62.696140350877194,285,6.779661016949152,5.084745762711864,0.0,6.779661016949152,28.8135593220339,1.6949152542372885,19.676208064019697,10.644506001846722,9.676823638042475,3.2256078793474927,0.3225607879347492,0.9676823638042474,68.94736842105263,19.305263157894736,9.83,2.78,3.92,1.19,26.31578947368421,7.368421052631578,0.0,64.0,64.2,262.0,6.25,6.25,,12.5,32.8125,6.25,17.557251908396946,10.687022900763358,9.923664122137405,3.816793893129771,0.38167938931297707,0.38167938931297707,72.0,20.0,10.02,2.78,3.62,1.02,27.500000000000004,7.6,262.0
111,Bryan King,HOU,0.0,64.16666666666667,64.16666666666667,210,4.081632653061225,2.0408163265306123,0.0,0.0,16.3265306122449,4.081632653061225,27.43764172335601,13.095238095238097,12.471655328798185,3.1179138321995463,0.6235827664399093,1.870748299319728,66.78571428571429,26.19047619047619,9.39,3.65,3.58,1.29,24.285714285714285,9.523809523809524,0.0,68.0,68.0,275.0,7.352941176470589,5.88235294117647,,2.941176470588235,39.705882352941174,4.411764705882353,21.818181818181817,7.636363636363637,7.636363636363637,3.6363636363636362,0.0,1.4545454545454546,69.0,11.0,9.13,1.46,2.78,1.04,25.1,4.0,275.0
112,Ryan Fernandez,STL,0.0,30.820895522388057,32.492537313432834,268,5.084745762711865,6.779661016949152,0.0,3.389830508474576,25.423728813559322,3.389830508474576,11.305413232345733,5.652706616172868,5.262864780574738,1.1695255067943862,0.38984183559812874,0.38984183559812874,32.91044776119403,13.059701492537313,9.12,3.66,3.86,1.33,23.50746268656717,9.328358208955224,0.0,32.0,30.1,140.0,0.0,12.5,,3.125,12.5,3.125,25.71428571428571,21.428571428571427,18.571428571428573,4.285714285714286,1.4285714285714286,0.7142857142857143,34.0,16.0,10.09,4.75,7.71,1.71,24.3,11.4,140.0
113,Dennis Santana,PIT,0.0,58.69565217391305,62.70652173913043,276,5.0,5.0,0.0,6.666666666666667,21.666666666666664,5.0,21.266540642722116,11.696597353497165,10.633270321361058,2.126654064272212,0.3544423440453686,1.4177693761814745,60.65217391304348,24.456521739130434,8.63,3.56,4.21,1.32,22.463768115942027,9.057971014492754,0.0,70.0,70.1,270.0,5.714285714285714,7.142857142857142,,22.857142857142858,17.142857142857142,4.285714285714286,16.296296296296298,6.666666666666667,6.296296296296296,1.8518518518518516,0.0,1.1111111111111112,60.0,17.0,7.68,2.18,2.18,0.87,22.2,6.3,270.0
114,Gregory Soto,BAL,0.0,66.48510638297873,64.34808510638298,235,5.357142857142858,7.142857142857142,0.0,3.571428571428571,21.42857142857143,3.571428571428571,24.249886826618383,12.63014938886374,11.619737437754642,2.526029877772748,0.5052059755545496,2.0208239022181984,72.42127659574469,29.680851063829788,10.04,4.1,3.74,1.32,25.957446808510635,10.638297872340424,0.0,70.0,60.1,279.0,1.4285714285714286,7.142857142857142,,1.4285714285714286,31.428571428571427,1.4285714285714286,22.22222222222222,11.827956989247312,10.03584229390681,1.4336917562724014,0.35842293906810035,3.942652329749104,70.0,24.0,10.44,3.58,4.18,1.43,25.1,8.6,279.0
115,Ryan Thompson,ARI,0.0,40.11857707509881,41.501976284584984,253,6.896551724137931,6.896551724137931,0.0,1.7241379310344827,27.586206896551722,8.620689655172415,16.13054414223,7.38177443796966,6.834976331453389,1.366995266290678,0.27339905325813557,0.8201971597744067,33.201581027667984,11.75889328063241,7.21,2.55,3.75,1.26,18.972332015810274,6.719367588932807,0.0,48.0,41.1,175.0,6.25,4.166666666666666,,2.083333333333333,35.41666666666667,6.25,24.0,12.0,10.285714285714285,2.2857142857142856,1.1428571428571428,1.1428571428571428,36.0,13.0,7.84,2.83,3.92,1.33,20.6,7.4,175.0
116,JoJo Romero,STL,0.0,58.4375,60.5625,240,7.2727272727272725,5.454545454545454,0.0,3.6363636363636362,32.72727272727273,9.090909090909092,23.020833333333332,11.067708333333332,10.182291666666666,2.65625,0.4427083333333333,1.328125,57.375,20.1875,8.61,2.96,3.66,1.25,22.5,7.916666666666666,0.0,65.0,61.0,255.0,6.153846153846154,9.230769230769232,,12.307692307692308,36.92307692307693,1.5384615384615385,18.43137254901961,8.235294117647058,5.490196078431373,0.7843137254901961,1.9607843137254901,0.7843137254901961,55.0,29.0,8.11,4.28,2.07,1.25,21.6,11.4,255.0
117,Jesus Tinoco,MIA,0.0,17.163636363636364,18.909090909090907,275,5.084745762711864,3.389830508474576,0.0,15.254237288135592,23.72881355932203,3.389830508474576,6.241322314049587,3.1735537190082646,2.856198347107438,0.8462809917355372,0.10578512396694215,0.3173553719008264,19.2,6.6909090909090905,9.13,3.23,3.78,1.27,24.0,8.363636363636363,0.0,20.0,19.1,80.0,10.0,5.0,,20.0,20.0,10.0,21.25,15.0,13.750000000000002,1.25,1.25,0.0,10.0,8.0,4.66,3.72,5.12,1.29,12.5,10.0,80.0
118,Max Lazar,PHI,0.0,36.06060606060606,40.28484848484849,165,5.714285714285714,5.714285714285714,0.0,0.0,8.57142857142857,5.714285714285714,23.728191000918272,12.488521579430673,11.239669421487603,3.1221303948576673,0.6244260789715337,0.6244260789715337,35.03030303030303,11.333333333333332,7.79,2.46,4.16,1.25,20.60606060606061,6.666666666666667,0.0,36.0,41.1,170.0,2.7777777777777777,2.7777777777777777,,2.7777777777777777,2.7777777777777777,0.0,24.11764705882353,13.529411764705882,12.941176470588237,4.117647058823529,0.0,0.0,26.0,12.0,5.66,2.61,4.79,1.28,15.3,7.1,170.0
119,Paul Sewald,CLE,0.0,18.803571428571427,19.56294642857143,224,5.769230769230769,3.8461538461538463,0.0,5.769230769230769,21.153846153846153,7.6923076923076925,7.425860969387754,4.197225765306122,3.8743622448979593,1.2914540816326532,0.1614317602040816,0.4842952806122449,21.69642857142857,6.147321428571429,10.02,2.87,3.92,1.17,26.785714285714285,7.5892857142857135,0.0,22.0,19.2,81.0,4.545454545454546,4.545454545454546,,9.090909090909092,18.181818181818183,9.090909090909092,22.22222222222222,13.580246913580247,12.345679012345679,4.938271604938271,0.0,0.0,20.0,6.0,9.15,2.75,4.58,1.22,24.7,7.4,81.0
120,Braxton Ashcraft,PIT,5.7254901960784315,43.89542483660131,68.8967320261438,153,8.695652173913043,8.695652173913043,1.2473834849844079,0.0,4.3478260869565215,0.0,44.905805459438675,22.452902729719337,21.20551924473493,4.9895339399376315,1.2473834849844079,1.2473834849844079,61.071895424836605,19.08496732026144,7.84,2.43,4.11,1.27,20.91503267973856,6.535947712418301,8.0,26.0,69.2,292.0,15.384615384615385,15.384615384615385,,0.0,15.384615384615385,3.8461538461538463,21.575342465753426,7.534246575342466,7.191780821917808,1.0273972602739725,0.3424657534246575,0.684931506849315,71.0,24.0,9.17,3.1,2.71,1.25,24.3,8.19999999999999,292.0
121,Brenan Hanifee,DET,1.699346405228758,52.6797385620915,61.34640522875817,153,6.451612903225806,6.451612903225806,0.0,0.0,19.35483870967742,6.451612903225806,39.98462129950019,17.770942799777863,15.549574949805631,3.3320517749583494,0.0,1.1106839249861162,49.28104575163398,16.99346405228758,7.23,2.43,3.57,1.27,18.954248366013072,6.535947712418301,0.0,54.0,60.0,260.0,5.555555555555555,5.555555555555555,,0.0,18.51851851851852,1.8518518518518516,25.0,11.923076923076923,7.6923076923076925,1.153846153846154,0.7692307692307693,0.7692307692307693,40.0,14.0,6.0,2.1,3.0,1.32,15.4,5.4,260.0
122,Beau Brieske,DET,0.7518248175182481,19.923357664233578,24.13357664233577,274,5.660377358490566,7.547169811320755,0.1371943097661037,13.20754716981132,18.867924528301884,3.7735849056603774,7.957269966434014,4.253023602749214,3.8414406734509035,0.9603601683627259,0.1371943097661037,0.2743886195322074,23.306569343065693,9.3978102189781,8.58,3.42,3.91,1.28,22.62773722627737,9.124087591240876,1.0,22.0,22.0,103.0,4.545454545454546,13.636363636363635,,4.545454545454546,22.727272727272727,4.545454545454546,23.300970873786408,19.41747572815534,15.53398058252427,4.854368932038835,0.9708737864077669,0.0,16.0,12.0,6.55,4.91,6.55,1.64,15.5,11.69999999999999,103.0
123,Sam Moll,CIN,0.0,19.26872246696035,18.62643171806167,227,5.555555555555557,5.555555555555557,0.0,0.0,24.074074074074076,1.8518518518518516,7.388072735741039,3.9298259232665096,3.6154398494051896,0.9431582215839625,0.47157911079198134,0.47157911079198134,19.26872246696035,8.20704845814978,9.22,3.86,3.94,1.32,23.788546255506606,10.13215859030837,0.0,23.0,18.1,81.0,4.3478260869565215,0.0,,0.0,8.695652173913043,0.0,19.753086419753085,19.753086419753085,16.049382716049383,4.938271604938271,0.0,0.0,22.0,10.0,10.8,4.91,6.38,1.42,27.200000000000003,12.3,81.0
124,Scott Barlow,CIN,0.0,67.19758064516128,70.86290322580645,248,5.454545454545455,5.454545454545455,0.0,1.8181818181818183,21.81818181818182,3.6363636363636367,25.617845993756504,13.794224765868885,12.808922996878252,3.448556191467221,0.4926508844953174,1.4779526534859522,75.75,29.32258064516129,9.62,3.77,3.99,1.31,25.0,9.67741935483871,1.0,75.0,68.1,303.0,8.0,4.0,,1.3333333333333335,21.333333333333336,1.3333333333333335,16.5016501650165,11.55115511551155,10.561056105610561,2.6402640264026402,0.9900990099009901,1.9801980198019802,75.0,45.0,9.88,5.93,4.21,1.39,24.8,14.9,303.0
126,Sawyer Gipson-Long,DET,2.732876712328767,20.04109589041096,31.883561643835616,146,9.09090909090909,9.09090909090909,0.6239444548695816,0.0,4.545454545454545,0.0,20.590167010696188,10.607055732782886,9.983111277913306,2.4957778194783264,0.6239444548695816,1.2478889097391632,30.972602739726028,9.10958904109589,8.63,2.57,4.02,1.23,23.28767123287671,6.8493150684931505,3.0,8.0,31.1,133.0,0.0,25.0,,0.0,12.5,0.0,25.563909774436087,19.548872180451127,18.796992481203006,6.015037593984962,0.0,1.5037593984962405,26.0,6.0,7.47,1.72,7.18,1.28,19.5,4.5,133.0
127,Graham Ashcraft,CIN,2.5357142857142856,48.17857142857142,65.92857142857143,224,7.894736842105264,7.894736842105264,0.5660076530612245,0.0,7.894736842105264,0.0,29.9984056122449,15.848214285714285,14.150191326530612,3.396045918367347,0.0,1.6980229591836735,53.25,21.553571428571427,7.3,2.86,4.39,1.34,18.75,7.5892857142857135,0.0,62.0,65.1,284.0,12.903225806451612,8.064516129032258,,0.0,37.096774193548384,9.67741935483871,23.943661971830984,13.028169014084506,10.211267605633804,0.7042253521126761,0.0,0.0,64.0,25.0,8.82,3.44,3.99,1.42,22.5,8.799999999999999,284.0
128,Calvin Faucher,MIA,0.0,54.78515625,57.97265625,256,5.454545454545454,5.454545454545454,0.0,29.09090909090909,14.545454545454545,7.2727272727272725,21.78955078125,11.28387451171875,10.1165771484375,2.3345947265625,0.7781982421875,1.16729736328125,60.76171875,25.8984375,9.42,3.98,4.04,1.4,23.828125,10.15625,0.0,65.0,60.1,255.0,6.153846153846154,6.153846153846154,,23.076923076923077,10.76923076923077,7.6923076923076925,20.784313725490197,10.588235294117647,8.627450980392156,3.1372549019607843,0.0,1.1764705882352942,59.0,24.0,8.8,3.58,3.28,1.28,23.1,9.4,255.0
129,Hunter Gaddis,CLE,1.066147859922179,59.704280155642024,66.20778210116731,257,7.142857142857142,5.357142857142858,0.0,1.7857142857142856,35.71428571428571,5.357142857142858,22.816393889385154,12.030462232584899,10.785931656800255,3.3187482020923857,0.4148435252615482,1.6593741010461929,60.7704280155642,18.12451361867704,8.19,2.44,3.79,1.15,22.17898832684825,6.614785992217899,0.0,73.0,66.2,274.0,2.73972602739726,2.73972602739726,,4.10958904109589,47.94520547945205,5.47945205479452,21.16788321167883,8.75912408759124,8.394160583941606,2.9197080291970803,0.7299270072992701,0.36496350364963503,73.0,21.0,9.86,2.84,3.11,1.19,26.6,7.7,274.0
130,Slade Cecconi,CLE,8.696808510638299,75.37234042553192,128.13297872340428,188,7.6923076923076925,11.538461538461538,1.5419873245812585,0.0,3.8461538461538463,0.0,69.38942960615664,38.54968311453146,35.46570846536895,10.79391127206881,0.0,3.083974649162517,115.95744680851064,28.98936170212766,8.14,2.11,4.59,1.23,21.27659574468085,5.319148936170213,23.0,23.0,132.0,545.0,30.434782608695656,30.434782608695656,,0.0,0.0,0.0,22.93577981651376,12.110091743119266,11.559633027522937,4.4036697247706424,0.1834862385321101,0.5504587155963303,109.0,32.0,7.43,2.18,4.3,1.19,20.0,5.8999999999999995,545.0
133,Emilio Pagan,CIN,0.0,60.967741935483865,64.23387096774194,248,5.357142857142857,7.142857142857142,0.0,3.571428571428571,23.214285714285715,5.357142857142857,24.144771071800207,13.608870967741934,12.29188345473465,4.389958376690947,0.43899583766909467,0.8779916753381893,67.5,21.774193548387096,9.42,2.97,4.33,1.25,25.0,8.064516129032258,0.0,70.0,68.2,270.0,2.857142857142857,5.714285714285714,,45.714285714285715,2.857142857142857,8.571428571428571,15.185185185185185,9.62962962962963,8.148148148148149,3.7037037037037033,0.0,0.7407407407407408,81.0,22.0,10.62,2.88,2.88,0.92,30.0,8.1,270.0
134,Alexis Diaz,CIN,0.0,19.163636363636364,19.534545454545455,275,6.451612903225806,6.451612903225806,0.0,35.48387096774193,4.838709677419355,6.451612903225806,6.069421487603306,3.709090909090909,3.371900826446281,0.8991735537190083,0.22479338842975208,0.5619834710743801,20.709090909090907,9.89090909090909,9.56,4.52,4.25,1.35,24.363636363636363,11.636363636363637,0.0,18.0,17.2,85.0,5.555555555555555,0.0,,0.0,22.22222222222222,0.0,17.647058823529413,20.0,18.823529411764707,7.0588235294117645,0.0,5.88235294117647,17.0,12.0,8.66,6.11,8.15,1.53,20.0,14.099999999999998,85.0
135,John King,STL,0.0,48.33870967741935,51.91935483870968,248,5.555555555555556,5.555555555555556,0.0,0.0,22.222222222222225,5.555555555555556,22.018080124869925,9.384755463059314,8.662851196670134,1.804760665972945,0.36095213319458896,0.7219042663891779,34.91129032258065,14.32258064516129,6.07,2.45,3.67,1.33,15.725806451612904,6.451612903225806,0.0,51.0,48.1,222.0,3.9215686274509802,1.9607843137254901,,0.0,5.88235294117647,1.9607843137254901,29.27927927927928,13.513513513513514,11.26126126126126,3.6036036036036037,0.0,0.0,28.0,14.0,5.21,2.61,4.66,1.63,12.6,6.3,222.0
138,Manuel Rodriguez,TBR,0.0,27.588,28.1688,250,7.017543859649122,7.017543859649122,0.0,5.263157894736842,26.31578947368421,3.508771929824561,10.4544,5.0336,4.4528,1.1616,0.1936,0.7744,27.588,10.164,8.71,3.29,3.6,1.28,22.8,8.4,0.0,31.0,30.1,121.0,3.225806451612903,6.451612903225806,,0.0,35.483870967741936,0.0,21.487603305785125,7.43801652892562,5.785123966942149,1.6528925619834711,0.0,0.8264462809917356,25.0,6.0,7.42,1.78,2.08,1.05,20.7,5.0,121.0
139,Gabe Speier,SEA,0.0,60.11052631578947,57.68052631578947,190,4.25531914893617,4.25531914893617,0.0,0.0,25.531914893617024,2.127659574468085,26.925207756232684,14.13573407202216,12.789473684210526,3.3656509695290855,1.3462603878116344,1.3462603878116344,63.94736842105263,20.46315789473684,9.84,3.16,3.86,1.23,26.31578947368421,8.421052631578947,0.0,76.0,62.0,243.0,5.263157894736842,3.9473684210526314,,0.0,31.57894736842105,7.894736842105263,17.695473251028808,7.818930041152264,7.4074074074074066,2.05761316872428,0.411522633744856,2.05761316872428,82.0,11.0,11.9,1.6,2.61,0.87,33.7,4.5,243.0
141,Daysbel Hernandez,ATL,0.0,35.437185929648244,37.1678391959799,199,9.30232558139535,4.651162790697675,0.0,0.0,18.6046511627907,2.3255813953488373,16.565238251559304,8.696750082068636,7.868488169490669,1.6565238251559304,0.4141309562889826,0.8282619125779652,43.678391959798994,19.77889447236181,10.45,4.71,3.77,1.4,26.633165829145728,12.060301507537687,0.0,39.0,37.0,164.0,10.256410256410255,7.6923076923076925,,0.0,25.64102564102564,5.128205128205128,16.463414634146343,9.75609756097561,8.536585365853659,1.8292682926829267,0.6097560975609756,1.2195121951219512,33.0,30.0,8.03,7.3,3.41,1.54,20.1,18.3,164.0
142,Shane Smith,CHW,9.263157894736842,97.26315789473684,143.81052631578947,266,4.761904761904763,9.523809523809526,0.8705975464978236,0.0,11.904761904761903,2.3809523809523814,50.494657696873766,27.859121487930356,25.247328848436883,6.964780371982589,0.0,3.4823901859912945,136.63157894736844,53.26315789473684,8.47,3.34,4.24,1.31,22.18045112781955,8.646616541353383,29.0,29.0,146.1,616.0,24.137931034482758,27.586206896551722,,0.0,0.0,0.0,18.993506493506494,11.363636363636363,10.064935064935066,2.75974025974026,0.16233766233766234,1.948051948051948,145.0,58.0,8.92,3.57,3.81,1.2,23.5,9.4,616.0
144,Jose Butto,NYM,1.0716981132075472,53.58490566037736,67.51698113207547,265,8.0,6.000000000000001,0.0,2.0,26.0,4.0,21.029547881808472,11.323602705589177,10.514773940904236,2.8309006763972944,0.4044143823424706,1.2132431470274119,67.51698113207547,28.93584905660377,9.03,3.79,3.73,1.26,23.77358490566038,10.18867924528302,0.0,55.0,67.0,284.0,9.090909090909092,5.454545454545454,,1.8181818181818181,10.909090909090908,7.2727272727272725,21.830985915492956,10.915492957746478,10.211267605633804,1.4084507042253522,0.7042253521126761,0.7042253521126761,58.0,32.0,7.79,4.3,3.9,1.4,20.4,11.3,284.0
145,Abner Uribe,MIL,0.0,63.9774011299435,67.51299435028248,177,5.2631578947368425,5.2631578947368425,0.0,5.2631578947368425,15.789473684210522,5.2631578947368425,31.389447476778702,17.121516805515657,16.170321427431453,2.8535861342526094,1.9023907561684064,1.9023907561684064,77.44632768361582,42.090395480225986,10.23,5.48,3.78,1.42,25.98870056497175,14.124293785310735,0.0,75.0,75.1,298.0,4.0,2.666666666666667,,9.333333333333334,49.333333333333336,2.666666666666667,17.114093959731544,6.0402684563758395,4.697986577181208,1.342281879194631,0.6711409395973155,2.013422818791946,90.0,27.0,10.75,3.23,1.67,1.04,30.2,9.1,298.0
148,Garrett Cleavinger,TBR,0.0,56.83064516129032,56.83064516129032,248,8.620689655172415,6.896551724137931,0.0,3.4482758620689653,25.862068965517242,5.172413793103448,19.359716441207077,10.667598855359001,9.877406347554631,2.7656737773152966,0.3950962539021852,1.580385015608741,65.6491935483871,26.455645161290324,10.45,4.15,3.88,1.3,27.016129032258064,10.887096774193548,0.0,67.0,61.1,243.0,2.9850746268656714,8.955223880597014,,2.9850746268656714,31.343283582089555,5.970149253731343,16.46090534979424,6.995884773662551,6.584362139917696,3.7037037037037033,0.0,2.880658436213992,82.0,18.0,12.03,2.64,2.35,0.95,33.7,7.4,243.0
149,Jose Suarez,LAA,1.1868131868131868,12.461538461538462,18.72197802197802,273,7.142857142857142,7.142857142857142,0.10868252626494385,4.761904761904762,16.666666666666668,4.761904761904762,6.629634102161575,3.69520589300809,3.477840840478204,0.9781427363844946,0.10868252626494385,0.32604757879483154,18.39560439560439,7.417582417582418,8.83,3.5,4.5,1.36,22.71062271062271,9.157509157509155,1.0,7.0,19.1,81.0,28.57142857142857,0.0,,14.285714285714285,14.285714285714285,0.0,18.51851851851852,6.172839506172839,4.938271604938271,1.2345679012345678,1.2345679012345678,0.0,16.0,10.0,7.45,4.66,1.86,1.29,19.8,12.3,81.0
150,Kody Funderburk,MIN,0.0,37.70909090909091,42.14545454545455,165,5.88235294117647,2.941176470588235,0.0,0.0,14.705882352941178,0.0,24.198347107438018,12.771349862258951,11.426997245179065,2.0165289256198347,0.6721763085399449,1.3443526170798898,42.14545454545455,17.745454545454546,9.03,3.73,4.15,1.37,23.03030303030303,9.696969696969695,0.0,39.0,41.0,183.0,10.256410256410255,2.564102564102564,,2.564102564102564,17.94871794871795,0.0,24.043715846994534,9.289617486338798,8.743169398907105,1.092896174863388,0.546448087431694,1.639344262295082,40.0,18.0,8.78,3.95,3.51,1.51,21.899999999999988,9.8,183.0
151,Tyler Ferguson,ATH,0.0,52.26373626373626,56.769230769230774,273,5.172413793103449,5.172413793103449,0.0,3.448275862068966,25.862068965517242,3.448275862068966,17.823934307450788,10.232258583906937,9.572112868816166,2.3105100028176953,0.6601457150907701,1.3202914301815403,61.27472527472528,27.934065934065934,9.79,4.45,4.12,1.35,24.90842490842491,11.355311355311356,0.0,56.0,58.0,246.0,7.142857142857142,3.571428571428571,,3.571428571428571,19.642857142857142,5.357142857142857,17.479674796747968,13.008130081300814,12.195121951219512,1.6260162601626018,0.8130081300813009,1.6260162601626018,54.0,34.0,8.38,5.28,4.66,1.33,22.0,13.8,246.0
152,Carmen Mlodzinski,PIT,1.6963562753036436,86.51417004048582,96.86194331983803,247,7.8431372549019605,7.8431372549019605,0.0,1.9607843137254901,19.607843137254903,3.9215686274509802,37.77311544198397,19.229949679555475,17.85638184530151,4.120703502761888,0.6867839171269813,2.060351751380944,88.21052631578947,39.016194331983804,8.17,3.61,4.01,1.35,21.052631578947366,9.31174089068826,12.0,34.0,99.0,419.0,14.705882352941178,23.52941176470588,,0.0,8.823529411764707,2.941176470588235,24.3436754176611,10.023866348448687,9.307875894988067,1.9093078758949882,0.0,0.9546539379474941,89.0,27.0,8.09,2.45,3.55,1.3,21.2,6.4,419.0
153,Jonathan Loaisiga,NYY,0.0,29.265734265734267,32.0979020979021,143,6.451612903225805,6.451612903225805,0.0,0.0,12.90322580645161,6.451612903225805,21.125727419433712,9.902684727859553,8.582326764144947,1.9805369455719104,0.6601789818573034,1.3203579637146068,25.48951048951049,9.44055944055944,7.08,2.64,3.56,1.25,18.88111888111888,6.993006993006993,0.0,30.0,29.2,135.0,0.0,3.3333333333333335,,3.3333333333333335,23.333333333333332,10.0,25.185185185185183,11.11111111111111,10.37037037037037,5.185185185185185,2.2222222222222223,2.2222222222222223,25.0,10.0,7.58,3.03,4.25,1.48,18.5,7.4,135.0
156,Jorge Alcala,MIN,0.0,57.11111111111111,61.19047619047619,252,5.357142857142857,5.357142857142857,0.0,0.0,25.0,3.571428571428571,21.04434366339128,11.736268581506677,10.926870748299319,3.237591332829428,0.4046989166036785,1.2140967498110353,63.23015873015873,23.45634920634921,9.34,3.39,4.06,1.24,24.6031746031746,9.126984126984128,0.0,56.0,55.0,257.0,0.0,3.571428571428571,,0.0,8.928571428571429,3.571428571428571,25.680933852140075,17.120622568093385,14.785992217898833,5.058365758754864,0.38910505836575876,0.38910505836575876,61.0,30.0,9.98,4.91,6.22,1.75,23.7,11.69999999999999,257.0
158,Anthony Banda,LAD,1.1806167400881058,57.85022026431719,61.62819383259912,227,6.1224489795918355,4.081632653061225,0.0,0.0,18.36734693877551,2.0408163265306123,26.00477401075123,13.52248248559064,11.962196044945566,3.120572881290147,1.0401909604300492,1.5602864406450736,62.57268722466961,24.792951541850226,9.04,3.56,4.01,1.35,23.348017621145377,9.251101321585905,1.0,71.0,65.0,268.0,7.042253521126761,1.4084507042253522,,0.0,15.492957746478872,1.4084507042253522,16.791044776119403,8.582089552238806,8.582089552238806,2.9850746268656714,2.2388059701492535,0.7462686567164178,61.0,34.0,8.45,4.71,3.18,1.22,22.8,12.7,268.0
160,Randy Rodriguez,SFG,0.0,39.02884615384615,45.69230769230769,208,7.3170731707317085,4.878048780487805,0.0,0.0,17.073170731707314,2.4390243902439024,20.136834319526624,10.983727810650889,10.068417159763312,2.2882766272189348,0.4576553254437869,1.372965976331361,45.69230769230769,19.990384615384613,9.02,4.0,4.16,1.36,23.076923076923077,10.096153846153848,0.0,50.0,50.2,198.0,6.0,10.0,,8.0,26.0,6.0,17.17171717171717,6.0606060606060606,5.05050505050505,2.0202020202020203,0.0,2.0202020202020203,67.0,11.0,11.9,1.95,1.78,0.89,33.79999999999999,5.59999999999999,198.0
161,Angel Zerpa,KCR,0.0,60.97826086956522,63.608695652173914,230,3.9215686274509802,3.9215686274509802,0.0,0.0,21.568627450980394,1.9607843137254906,28.07183364839319,12.996219281663517,11.956521739130435,2.599243856332703,0.5198487712665407,1.0396975425330812,56.19565217391304,21.52173913043478,7.93,2.97,3.91,1.34,20.434782608695652,7.82608695652174,2.0,69.0,64.2,275.0,7.246376811594203,2.898550724637681,,0.0,20.28985507246377,5.797101449275362,24.363636363636363,10.909090909090908,10.909090909090908,2.5454545454545454,0.0,0.7272727272727273,58.0,22.0,8.07,3.06,4.18,1.38,21.1,8.0,275.0
162,Jalen Beeks,HOU,1.1323529411764706,49.8235294117647,53.33382352941177,204,6.818181818181819,6.818181818181819,0.0,0.0,15.909090909090907,4.545454545454546,25.533448673587085,12.766724336793542,12.211649365628602,2.775374855824683,0.5550749711649365,1.110149942329873,49.8235294117647,20.38235294117647,8.32,3.5,4.11,1.36,21.568627450980394,8.823529411764707,2.0,61.0,57.1,231.0,8.19672131147541,4.918032786885246,,1.639344262295082,22.950819672131146,3.278688524590164,18.181818181818183,11.255411255411255,10.38961038961039,2.5974025974025974,0.8658008658008658,0.8658008658008658,47.0,20.0,7.38,3.14,3.77,1.08,20.3,8.7,231.0
163,Noah Cameron,KCR,11.232323232323232,101.0909090909091,129.73333333333335,99,5.555555555555555,5.555555555555555,5.67289052137537,0.0,5.555555555555555,0.0,130.4764819916335,62.40179573512906,56.7289052137537,17.01867156412611,0.0,5.67289052137537,123.55555555555554,39.31313131313131,8.6,2.66,4.0,1.28,22.22222222222222,7.07070707070707,24.0,24.0,138.1,556.0,37.5,29.166666666666668,,0.0,0.0,0.0,19.60431654676259,8.273381294964029,8.273381294964029,3.237410071942446,0.1798561151079137,0.539568345323741,114.0,43.0,7.42,2.8,2.99,1.1,20.5,7.7,556.0
165,Seranthony Dominguez,BAL,0.0,61.41176470588235,61.51411764705882,255,6.666666666666667,6.666666666666667,0.0,8.333333333333332,23.333333333333332,6.666666666666667,21.27335640138408,11.238754325259514,10.43598615916955,3.211072664359861,0.40138408304498263,1.204152249134948,66.52941176470588,23.541176470588233,9.78,3.5,3.88,1.27,25.49019607843137,9.019607843137257,0.0,67.0,62.2,261.0,5.970149253731343,5.970149253731343,,2.9850746268656714,29.850746268656714,4.477611940298507,16.85823754789272,11.494252873563218,8.42911877394636,1.9157088122605364,0.7662835249042145,0.7662835249042145,79.0,36.0,11.35,5.17,3.16,1.28,30.3,13.8,261.0
166,Brennan Bernardino,BOS,1.1978609625668448,51.50802139037432,51.50802139037432,187,6.976744186046513,4.651162790697675,0.0,0.0,23.255813953488374,2.3255813953488373,26.263261746117987,13.451914552889702,12.170779833566872,3.2028367983070716,1.921702078984243,1.921702078984243,53.90374331550802,20.363636363636363,9.33,3.5,3.98,1.34,24.06417112299465,9.090909090909092,3.0,55.0,51.2,224.0,7.2727272727272725,5.454545454545454,,1.8181818181818181,3.6363636363636362,0.0,17.410714285714285,10.267857142857142,8.035714285714286,0.4464285714285714,2.232142857142857,1.3392857142857142,43.0,26.0,7.49,4.53,3.14,1.26,19.2,11.599999999999987,224.0
168,Justin Wilson,BOS,0.0,50.03317535545024,48.07109004739337,211,3.9215686274509802,5.88235294117647,0.0,0.0,17.64705882352941,1.9607843137254901,22.78250713146605,12.088677253430966,11.158779003167044,3.2546438759237213,0.4649491251319602,0.9298982502639204,50.03317535545024,16.677725118483412,9.3,3.08,4.44,1.35,24.17061611374407,8.056872037914692,0.0,61.0,48.1,207.0,6.557377049180328,1.639344262295082,,0.0,29.508196721311474,6.557377049180328,23.18840579710145,10.628019323671497,8.695652173913043,1.4492753623188406,1.4492753623188406,0.966183574879227,57.0,20.0,10.61,3.72,3.35,1.41,27.500000000000004,9.69999999999999,207.0
170,John Brebbia,DET,0.5808080808080808,27.297979797979796,27.297979797979796,198,4.25531914893617,6.382978723404255,0.0,0.0,21.27659574468085,4.25531914893617,12.906846240179574,7.040097949188858,6.453423120089787,2.0533619018467504,0.2933374145495357,0.5866748290990714,29.04040404040404,9.292929292929292,9.62,2.98,4.28,1.26,25.252525252525253,8.080808080808081,0.0,22.0,23.1,115.0,4.545454545454546,4.545454545454546,,0.0,9.090909090909092,0.0,24.347826086956523,20.0,17.391304347826086,4.3478260869565215,0.0,3.4782608695652173,26.0,12.0,10.03,4.63,7.71,1.71,22.6,10.4,115.0
171,Luis Peralta,COL,0.0,22.227799227799228,22.305791505791507,259,3.508771929824561,3.508771929824561,0.0,3.508771929824561,19.298245614035086,0.0,8.281033377558474,4.667491540078412,4.215798810393405,0.9033854593700155,0.1505642432283359,0.6022569729133436,25.347490347490343,12.088803088803088,10.06,4.86,4.4,1.49,25.096525096525095,11.96911196911197,0.0,22.0,19.0,101.0,4.545454545454546,13.636363636363635,,0.0,4.545454545454546,13.636363636363635,25.742574257425744,21.782178217821784,19.801980198019802,5.9405940594059405,0.0,1.9801980198019802,16.0,18.0,7.58,8.53,9.47,2.32,15.8,17.8,101.0
175,Mike Burrows,PIT,5.056603773584905,63.20754716981132,93.54716981132076,159,12.0,8.0,1.5901269728254421,0.0,4.0,0.0,57.244571021715906,31.80253945650884,28.622285510857953,7.950634864127211,0.0,3.1802539456508843,85.9622641509434,35.39622641509434,8.2,3.48,4.42,1.36,21.38364779874214,8.80503144654088,19.0,23.0,96.0,402.0,8.695652173913043,17.391304347826086,,0.0,0.0,0.0,21.890547263681594,10.696517412935323,10.44776119402985,3.233830845771144,0.24875621890547264,1.2437810945273633,97.0,31.0,9.09,2.91,3.94,1.24,24.1,7.7,402.0
178,Justin Topa,MIN,0.0,59.734939759036145,62.96385542168675,166,5.405405405405405,5.405405405405405,0.0,0.0,18.91891891891892,2.7027027027027026,36.95746842792859,16.533604296704894,15.561039338075194,3.8902598345187984,0.9725649586296996,1.9451299172593992,54.89156626506024,20.987951807228917,7.85,2.92,3.69,1.29,20.481927710843372,7.83132530120482,1.0,54.0,60.0,268.0,1.8518518518518516,9.25925925925926,,7.4074074074074066,7.4074074074074066,7.4074074074074066,25.37313432835821,11.940298507462686,9.701492537313433,0.7462686567164178,1.1194029850746268,1.4925373134328357,49.0,18.0,7.35,2.7,3.9,1.43,18.3,6.7,268.0
180,Jacob Webb,TEX,0.0,61.61538461538461,61.82076923076923,260,3.3333333333333335,6.666666666666667,0.0,6.666666666666667,24.999999999999996,1.6666666666666667,20.93343195266272,11.849112426035502,11.059171597633135,3.159763313609467,0.7899408284023668,1.1849112426035502,62.64230769230769,27.726923076923075,9.04,4.08,4.14,1.33,23.46153846153846,10.384615384615383,0.0,55.0,66.0,267.0,9.090909090909092,7.2727272727272725,,1.8181818181818181,12.727272727272727,3.6363636363636362,18.352059925093634,8.98876404494382,8.239700374531834,3.7453183520599254,0.7490636704119851,0.7490636704119851,58.0,19.0,7.91,2.59,3.0,1.03,21.7,7.1,267.0
181,Cionel Perez,BAL,0.0,25.603448275862068,25.129310344827587,232,5.555555555555556,3.703703703703704,0.0,1.8518518518518516,25.92592592592593,1.8518518518518516,10.218489892984541,4.904875148632581,4.70050535077289,0.8174791914387634,0.2043697978596908,0.6131093935790726,22.28448275862069,11.85344827586207,7.97,4.25,3.82,1.41,20.25862068965517,10.775862068965516,0.0,19.0,21.2,110.0,0.0,0.0,,0.0,0.0,0.0,25.454545454545453,20.0,18.181818181818183,2.727272727272727,0.9090909090909091,1.8181818181818181,21.0,18.0,8.72,7.48,8.31,2.12,19.1,16.399999999999988,110.0
182,Ryan Zeferjahn,LAA,0.0,49.54216867469879,58.831325301204814,249,4.166666666666666,6.25,0.0,2.083333333333333,14.583333333333332,2.083333333333333,21.55449105659586,12.849792745278302,11.606264415090079,2.9015661037725193,0.8290188867921485,1.658037773584297,61.92771084337349,27.867469879518072,9.5,4.25,4.45,1.38,24.096385542168676,10.843373493975903,1.0,62.0,57.0,257.0,9.67741935483871,8.064516129032258,,3.225806451612903,27.419354838709676,8.064516129032258,19.06614785992218,12.062256809338521,11.673151750972762,4.669260700389105,1.1673151750972763,1.556420233463035,73.0,35.0,11.53,5.53,4.74,1.47,28.4,13.6,257.0
184,Hunter Bigge,TBR,0.0,13.548387096774194,13.852534562211984,217,4.081632653061225,4.081632653061225,0.0,0.0,16.3265306122449,0.0,5.733823185882053,3.18545732549003,2.9306207394508275,0.8919280511372083,0.1274182930196012,0.2548365860392024,15.207373271889402,6.63594470046083,9.94,4.28,4.17,1.37,25.34562211981567,11.059907834101384,0.0,13.0,15.0,60.0,0.0,0.0,,0.0,7.6923076923076925,7.6923076923076925,18.333333333333332,6.666666666666667,6.666666666666667,6.666666666666667,0.0,1.6666666666666667,12.0,5.0,7.2,3.0,2.4,1.07,20.0,8.3,60.0
186,Andrew Chafin,DET,0.0,33.77386934673367,33.05527638190955,199,4.25531914893617,6.382978723404255,0.0,4.25531914893617,19.148936170212767,4.25531914893617,14.805181687331128,7.944243832226458,7.222039847478599,1.8055099618696497,0.3611019923739299,0.7222039847478599,37.36683417085427,15.809045226130651,10.09,4.31,3.9,1.36,26.13065326633166,11.055276381909549,0.0,42.0,33.2,143.0,2.380952380952381,2.380952380952381,,0.0,9.523809523809524,0.0,20.27972027972028,7.6923076923076925,6.293706293706294,1.3986013986013985,0.0,0.0,36.0,19.0,9.62,5.08,2.41,1.43,25.2,13.3,143.0
187,Jordan Romano,PHI,0.0,41.65,44.285,220,6.122448979591836,8.16326530612245,0.0,44.89795918367347,8.16326530612245,12.244897959183673,17.772727272727273,9.272727272727273,8.5,2.7045454545454546,0.7727272727272727,1.1590909090909092,46.75,16.15,9.52,3.23,3.87,1.25,25.0,8.636363636363637,0.0,49.0,42.2,187.0,4.081632653061225,8.16326530612245,,16.3265306122449,14.285714285714285,6.122448979591836,24.06417112299465,21.390374331550802,20.855614973262032,5.347593582887701,0.53475935828877,1.6042780748663104,47.0,17.0,9.91,3.59,8.23,1.45,25.1,9.1,187.0
190,Stephen Kolek,SDP,4.752577319587629,76.04123711340206,104.7943298969072,194,9.375,6.25,1.2248910617493889,0.0,6.25,6.25,57.569879902221274,29.39738548198533,26.947603358486553,6.124455308746945,1.2248910617493889,3.6746731852481664,85.54639175257732,35.644329896907216,7.38,3.08,4.48,1.4,18.556701030927837,7.731958762886598,19.0,19.0,112.2,461.0,26.31578947368421,36.84210526315789,,0.0,0.0,0.0,21.25813449023861,10.629067245119305,9.544468546637743,1.9522776572668112,0.21691973969631237,1.5184381778741864,77.0,31.0,6.15,2.48,3.51,1.14,16.69999999999999,6.7,461.0
191,Trent Thornton,SEA,0.0,40.38022813688213,43.18631178707224,263,5.084745762711863,5.084745762711863,0.0,3.3898305084745757,18.64406779661017,3.3898305084745757,14.833234541485346,7.546733363211841,6.766036808396825,2.0818574795067155,0.26023218493833944,0.7806965548150182,42.43346007604563,13.00380228136882,8.88,2.72,3.77,1.21,23.574144486692013,7.224334600760455,0.0,33.0,42.1,180.0,6.0606060606060606,0.0,,0.0,15.151515151515152,3.0303030303030303,22.77777777777778,12.777777777777777,12.222222222222221,3.3333333333333335,1.1111111111111112,2.2222222222222223,32.0,14.0,6.8,2.98,4.68,1.3,17.8,7.8,180.0
192,Julian Merryweather,CHC,0.0,18.791666666666664,20.258333333333333,192,4.878048780487805,4.878048780487805,0.0,0.0,19.51219512195122,4.878048780487805,9.54861111111111,5.013020833333334,4.774305555555555,1.1935763888888888,0.23871527777777776,0.7161458333333333,22.458333333333332,8.708333333333332,9.86,3.85,3.99,1.32,25.520833333333332,9.895833333333332,0.0,21.0,18.2,88.0,0.0,4.761904761904762,,0.0,33.33333333333333,0.0,26.136363636363637,14.772727272727273,13.636363636363635,2.272727272727273,2.272727272727273,0.0,15.0,11.0,7.23,5.3,5.79,1.82,17.0,12.5,88.0
196,Luke Jackson,TEX,0.0,48.666666666666664,50.69444444444444,216,6.25,4.166666666666666,0.0,2.083333333333333,14.583333333333332,2.083333333333333,21.59207818930041,11.734825102880658,10.796039094650205,2.816358024691358,0.4693930041152263,0.9387860082304526,53.73611111111111,22.305555555555554,9.59,4.01,4.13,1.36,24.53703703703704,10.185185185185183,0.0,52.0,51.0,219.0,3.8461538461538463,9.615384615384617,,17.307692307692307,7.6923076923076925,3.8461538461538463,18.72146118721461,13.698630136986301,10.50228310502283,1.82648401826484,2.28310502283105,1.36986301369863,38.0,28.0,6.71,4.94,4.06,1.35,17.4,12.8,219.0
198,Joey Wentz,PIT,1.7333333333333334,81.46666666666667,100.88,255,4.25531914893617,8.51063829787234,0.0,0.0,12.76595744680851,0.0,39.424836601307184,21.751633986928105,20.392156862745097,5.437908496732026,0.6797385620915033,1.3594771241830066,100.53333333333332,43.333333333333336,8.87,3.79,4.55,1.42,22.745098039215687,9.803921568627452,13.0,39.0,98.0,442.0,12.82051282051282,17.94871794871795,,0.0,0.0,2.564102564102564,24.8868778280543,14.93212669683258,13.800904977375566,2.48868778280543,0.6787330316742082,0.22624434389140274,92.0,43.0,8.45,3.95,5.6,1.56,20.8,9.69999999999999,442.0
202,Clayton Beeter,NYY,0.0,21.203883495145632,24.333980582524273,103,4.761904761904762,4.761904761904762,0.0,0.0,4.761904761904762,0.0,19.605994909982087,11.763596945989255,10.783297200490152,2.9408992364973137,0.0,0.9802997454991046,28.271844660194176,11.106796116504857,10.35,4.26,3.95,1.3,27.18446601941747,10.679611650485436,0.0,26.0,25.1,104.0,0.0,11.538461538461538,,3.8461538461538463,34.61538461538461,7.6923076923076925,12.5,11.538461538461538,11.538461538461538,2.8846153846153846,0.0,0.0,33.0,18.0,11.72,6.39,4.26,1.22,31.7,17.299999999999997,104.0
203,Trevor McDonald,SFG,0.0,11.11111111111111,13.866666666666664,135,8.0,8.0,0.0,0.0,4.0,0.0,10.205761316872428,4.938271604938271,4.609053497942386,0.9876543209876543,0.0,0.6584362139917695,11.11111111111111,4.444444444444445,7.17,2.9,3.99,1.31,18.51851851851852,7.4074074074074066,2.0,3.0,15.0,60.0,33.33333333333333,0.0,,0.0,0.0,0.0,21.666666666666668,10.0,5.0,1.6666666666666667,0.0,0.0,14.0,2.0,8.4,1.2,1.8,1.0,23.3,3.3000000000000003,60.0
205,Riley O'Brien,STL,0.0,42.0,45.1,199,4.761904761904762,4.761904761904762,0.0,0.0,14.285714285714285,4.761904761904762,21.105527638190953,11.557788944723619,10.552763819095476,2.512562814070352,0.5025125628140703,1.507537688442211,46.0,22.0,9.2,4.44,4.22,1.41,23.11557788944724,11.055276381909549,0.0,42.0,48.0,199.0,7.142857142857142,2.380952380952381,,14.285714285714285,14.285714285714285,7.142857142857142,16.582914572864322,6.532663316582915,5.527638190954774,1.0050251256281406,1.0050251256281406,3.5175879396984926,45.0,22.0,8.44,4.13,2.06,1.15,22.6,11.1,199.0
207,Brandon Young,BAL,2.1880341880341883,48.13675213675214,59.51452991452992,117,9.090909090909092,4.545454545454546,0.0,0.0,4.545454545454546,0.0,48.62298195631529,24.311490978157646,22.441376287530133,5.610344071882533,1.8701146906275112,1.8701146906275112,59.07692307692308,19.692307692307693,8.75,2.94,3.98,1.26,23.076923076923077,7.6923076923076925,12.0,12.0,57.2,256.0,8.333333333333332,58.333333333333336,,0.0,0.0,0.0,26.171875,16.40625,15.625,4.6875,0.0,0.0,47.0,22.0,7.34,3.43,6.24,1.54,18.4,8.6,256.0
208,Bryan Baker,BAL,0.0,60.03370786516854,63.42022471910113,178,5.128205128205128,5.128205128205128,0.0,0.0,15.384615384615385,2.564102564102564,31.997222572907464,17.295795985355387,16.431006186087615,4.323948996338846,0.8647897992677691,1.7295795985355382,66.19101123595506,27.707865168539325,9.36,3.91,4.06,1.32,24.15730337078652,10.112359550561797,0.0,73.0,68.2,274.0,5.47945205479452,5.47945205479452,,4.10958904109589,26.027397260273972,8.21917808219178,21.532846715328464,12.043795620437956,11.313868613138686,4.744525547445255,0.0,0.0,83.0,17.0,10.88,2.23,4.06,1.11,30.3,6.2,274.0
209,Quinn Priester,BOS,8.012269938650308,92.14110429447854,149.02822085889574,163,13.043478260869565,13.043478260869565,2.457751514923407,0.0,4.3478260869565215,0.0,93.39455756708948,49.15503029846814,46.69727878354474,9.831006059693628,0.0,4.915503029846814,124.19018404907976,52.079754601227,7.43,3.09,4.46,1.36,19.018404907975462,7.975460122699387,24.0,29.0,157.1,653.0,44.827586206896555,10.344827586206897,,0.0,0.0,0.0,22.2052067381317,9.494640122511486,8.88208269525268,2.756508422664625,0.0,0.9188361408882083,132.0,50.0,7.55,2.86,3.32,1.24,20.19999999999999,7.7,653.0
210,Phil Maton,STL,0.0,57.507246376811594,57.62705314009662,207,4.166666666666666,4.166666666666666,0.0,0.0,12.5,2.083333333333333,25.466171905995473,13.890639221452075,12.733085952997733,3.4726598053630187,0.5787766342271699,2.3151065369086794,55.111111111111114,21.565217391304348,8.59,3.37,4.12,1.27,22.22222222222222,8.695652173913043,0.0,63.0,61.1,248.0,6.349206349206349,7.936507936507936,,7.936507936507936,34.92063492063492,7.936507936507936,16.93548387096774,8.46774193548387,7.661290322580645,1.2096774193548387,0.8064516129032258,2.82258064516129,81.0,23.0,11.89,3.38,2.79,1.06,32.7,9.3,248.0
211,Brent Suter,CIN,0.0,58.6600790513834,67.97667984189724,253,3.9215686274509802,3.9215686274509802,0.0,0.0,13.725490196078432,1.9607843137254901,27.73203768220094,13.184083488259466,12.27483635113812,3.6369885484853697,0.4546235685606712,0.9092471371213424,54.059288537549406,19.55335968379447,7.1,2.62,4.08,1.32,18.57707509881423,6.719367588932807,3.0,48.0,67.2,291.0,2.083333333333333,4.166666666666666,,0.0,0.0,2.083333333333333,23.711340206185564,13.058419243986256,11.683848797250858,3.7800687285223367,0.3436426116838488,0.6872852233676976,53.0,18.0,7.05,2.39,4.52,1.29,18.2,6.2,291.0
212,Victor Vodnik,COL,0.0,43.767857142857146,47.76071428571429,280,7.017543859649122,7.017543859649122,0.0,8.771929824561402,15.789473684210527,7.017543859649122,17.551020408163268,9.323979591836736,8.501275510204083,1.9196428571428572,0.27423469387755106,0.5484693877551021,45.30357142857143,23.80357142857143,8.51,4.46,4.49,1.51,21.071428571428573,11.071428571428571,0.0,52.0,50.2,215.0,7.6923076923076925,5.769230769230769,,19.230769230769234,13.461538461538462,9.615384615384617,20.930232558139537,8.837209302325581,7.906976744186046,1.8604651162790697,0.9302325581395349,0.0,49.0,26.0,8.7,4.62,3.02,1.4,22.8,12.1,215.0
214,Daniel Palencia,CHC,0.0,44.1025641025641,49.61538461538461,117,8.333333333333332,8.333333333333332,0.0,0.0,4.166666666666666,0.0,36.12389509825407,21.98845788589378,20.417853751187085,3.141208269413397,0.0,1.5706041347066986,55.12820512820512,25.726495726495724,10.14,4.73,4.21,1.36,25.64102564102564,11.965811965811966,0.0,54.0,52.2,215.0,1.8518518518518516,11.11111111111111,,40.74074074074074,11.11111111111111,5.555555555555555,20.46511627906977,8.837209302325581,7.906976744186046,2.3255813953488373,0.46511627906976744,0.9302325581395349,61.0,16.0,10.42,2.73,2.91,1.14,28.4,7.4,215.0
215,Ronny Henriquez,MIA,0.0,60.26519337016575,68.97016574585636,181,5.555555555555556,5.555555555555556,0.0,0.0,13.88888888888889,0.0,39.76984829522909,19.42248405115839,17.572723665333783,4.624400964561522,0.9248801929123043,1.8497603858246086,60.26519337016575,23.43646408839779,7.74,2.99,4.17,1.36,19.88950276243094,7.734806629834254,0.0,69.0,73.0,303.0,10.144927536231885,1.4492753623188406,,10.144927536231885,37.68115942028986,5.797101449275362,17.491749174917494,7.590759075907591,5.9405940594059405,2.6402640264026402,0.6600660066006601,1.3201320132013201,98.0,27.0,12.08,3.33,2.22,1.1,32.29999999999999,8.9,303.0
216,Erik Sabrowski,CLE,0.0,25.572164948453608,27.568041237113405,194,7.317073170731707,4.878048780487805,0.0,0.0,4.878048780487805,2.4390243902439024,12.217026251461368,6.430013816558613,5.787012434902753,1.6075034541396533,0.0,0.3215006908279307,32.43298969072165,14.969072164948454,10.48,4.87,3.7,1.4,26.804123711340207,12.371134020618555,0.0,33.0,29.1,121.0,0.0,3.0303030303030303,,0.0,36.36363636363637,0.0,11.570247933884298,6.6115702479338845,4.958677685950414,1.6528925619834711,0.0,2.479338842975207,42.0,21.0,12.89,6.44,1.84,1.19,34.699999999999996,17.4,121.0
217,Huascar Brazoban,NYM,0.0,54.935483870967744,60.56989247311828,186,5.128205128205128,5.128205128205128,0.0,0.0,17.94871794871795,7.6923076923076925,28.777893398080707,15.903572667360388,14.388946699040353,3.029251936640074,0.7573129841600185,1.514625968320037,61.97849462365592,29.580645161290324,9.17,4.35,4.03,1.36,23.655913978494624,11.29032258064516,3.0,52.0,63.0,262.0,9.615384615384617,3.8461538461538463,,3.8461538461538463,23.076923076923077,7.6923076923076925,19.46564885496183,11.068702290076336,9.541984732824428,2.2900763358778624,0.38167938931297707,1.5267175572519083,57.0,27.0,8.14,3.86,3.57,1.24,21.8,10.3,262.0
219,Hunter Stratton,PIT,0.0,19.67368421052632,20.70421052631579,95,4.761904761904761,4.761904761904761,0.0,0.0,14.285714285714283,9.523809523809522,20.70914127423823,10.84764542936288,9.861495844875348,1.9722991689750695,0.0,0.9861495844875348,19.67368421052632,7.494736842105263,8.43,3.33,4.09,1.31,22.105263157894736,8.421052631578947,0.0,15.0,19.0,89.0,6.666666666666667,6.666666666666667,,6.666666666666667,20.0,6.666666666666667,25.842696629213485,13.48314606741573,12.359550561797752,3.3707865168539324,0.0,3.3707865168539324,16.0,7.0,7.58,3.32,5.21,1.58,18.0,7.9,89.0
221,Daniel Lynch IV,KCR,3.819383259911894,45.83259911894272,67.60308370044052,227,8.333333333333336,8.333333333333336,0.5608492305303809,0.0,8.333333333333336,0.0,29.725009218110188,15.703778454850667,14.021230763259524,3.925944613712667,0.0,1.1216984610607617,56.01762114537445,20.370044052863435,7.34,2.73,4.29,1.3,19.383259911894275,7.048458149779736,2.0,57.0,67.2,289.0,10.526315789473683,3.508771929824561,,1.7543859649122806,12.280701754385964,0.0,22.837370242214533,8.304498269896193,7.958477508650519,2.768166089965398,0.34602076124567477,2.0761245674740483,45.0,26.0,5.99,3.46,3.06,1.36,15.6,9.0,289.0
222,Eduard Bazardo,SEA,0.0,67.07142857142857,75.45535714285714,112,8.333333333333334,4.166666666666667,0.0,0.0,4.166666666666667,0.0,57.389987244897966,32.437818877551024,29.942602040816325,7.485650510204081,0.0,2.4952168367346936,78.25,25.151785714285715,9.16,3.0,3.86,1.2,25.0,8.035714285714286,0.0,73.0,78.2,313.0,6.8493150684931505,0.0,,0.0,16.43835616438356,1.36986301369863,16.93290734824281,7.348242811501597,7.0287539936102235,2.8753993610223643,0.6389776357827476,0.6389776357827476,82.0,27.0,9.38,3.09,2.52,1.02,26.200000000000003,8.6,313.0
224,Greg Weissert,BOS,0.0,61.64853556485356,64.20753138075314,239,5.660377358490567,3.7735849056603774,0.0,0.0,15.094339622641506,3.7735849056603774,26.281052502582234,13.140526251291117,12.167153936380666,3.4068031021865863,0.9733723149104532,1.46005847236568,62.81171548117155,24.426778242677827,8.68,3.45,4.01,1.35,22.594142259414227,8.786610878661087,0.0,72.0,67.0,278.0,8.333333333333332,8.333333333333332,,5.555555555555555,23.61111111111111,12.5,20.503597122302157,9.712230215827338,7.553956834532374,2.158273381294964,0.3597122302158274,1.079136690647482,57.0,21.0,7.66,2.82,2.82,1.16,20.5,7.6,278.0
225,Evan Sisk,KCR,0.0,17.684210526315788,17.852631578947367,95,4.761904761904763,4.761904761904763,0.0,0.0,4.761904761904763,4.761904761904763,17.72853185595568,8.86426592797784,8.86426592797784,1.7728531855955676,0.8864265927977838,0.8864265927977838,17.684210526315788,8.421052631578947,8.63,4.11,3.96,1.38,22.105263157894736,10.526315789473683,0.0,19.0,17.2,80.0,5.263157894736842,5.263157894736842,,0.0,10.526315789473683,0.0,20.0,8.75,8.75,1.25,0.0,2.5,25.0,10.0,12.74,5.09,3.57,1.47,31.3,12.5,80.0
229,Andrew Kittredge,BAL,0.0,48.372093023255815,49.70232558139535,172,7.5,5.0,0.0,5.0,27.499999999999996,10.0,27.420227149810707,13.35857220118983,11.952406706327743,4.218496484586263,0.7030827474310438,0.7030827474310438,45.95348837209302,13.302325581395348,8.24,2.41,3.73,1.21,22.093023255813954,6.395348837209303,0.0,54.0,53.0,208.0,7.4074074074074066,5.555555555555555,,9.25925925925926,27.77777777777778,1.8518518518518516,19.71153846153846,10.576923076923077,9.615384615384617,3.3653846153846154,0.4807692307692308,0.0,64.0,11.0,10.87,1.87,3.4,0.98,30.8,5.3,208.0
230,Dauri Moreta,PIT,0.0,15.428571428571429,16.057142857142857,119,7.4074074074074066,3.7037037037037033,0.0,0.0,7.4074074074074066,3.7037037037037033,12.004801920768307,6.722689075630252,6.242496998799519,1.9207683073229291,0.4801920768307323,0.4801920768307323,17.142857142857142,6.285714285714286,9.61,3.45,4.13,1.25,25.210084033613445,9.243697478991598,0.0,18.0,16.2,68.0,5.555555555555555,5.555555555555555,,0.0,11.11111111111111,5.555555555555555,23.52941176470588,11.76470588235294,8.823529411764707,2.941176470588235,1.4705882352941175,0.0,19.0,7.0,10.26,3.78,3.24,1.38,27.89999999999999,10.3,68.0
231,Nic Enright,CLE,0.0,28.71304347826087,30.038260869565217,115,3.8461538461538463,3.8461538461538463,0.0,0.0,7.6923076923076925,0.0,24.007561436672965,12.483931947069944,11.523629489603024,3.8412098298676747,0.9603024574669187,0.9603024574669187,32.02608695652174,9.939130434782609,9.37,2.82,3.87,1.21,25.217391304347824,7.82608695652174,0.0,27.0,31.0,127.0,7.4074074074074066,3.7037037037037033,,3.7037037037037033,11.11111111111111,3.7037037037037033,18.89763779527559,6.299212598425196,5.511811023622047,2.3622047244094486,0.0,1.574803149606299,30.0,12.0,8.71,3.48,2.03,1.16,23.6,9.4,127.0
235,Tyler Alexander,MIL,6.190243902439025,61.90243902439025,101.10731707317072,205,6.666666666666667,10.0,1.006543723973825,0.0,3.3333333333333335,0.0,50.32718619869125,27.176680547293273,25.163593099345626,9.058893515764426,1.006543723973825,2.01308744794765,84.60000000000001,22.69756097560976,7.59,2.01,4.63,1.26,20.0,5.365853658536586,5.0,52.0,97.2,423.0,9.615384615384617,26.923076923076923,,1.9230769230769231,5.769230769230769,3.8461538461538463,25.295508274231675,14.657210401891252,12.76595744680851,2.127659574468085,1.1820330969267139,0.4728132387706856,82.0,30.0,7.56,2.76,4.98,1.4,19.399999999999988,7.1,423.0
237,Carson Seymour,SFG,0.0,31.53191489361702,36.51063829787234,94,5.263157894736842,5.263157894736842,0.0,0.0,5.263157894736842,0.0,38.841104572204614,17.655047532820277,17.655047532820277,3.531009506564056,0.0,1.765504753282028,31.53191489361702,11.617021276595745,7.64,2.99,3.97,1.33,20.212765957446805,7.446808510638298,3.0,16.0,36.0,156.0,6.25,18.75,,0.0,6.25,0.0,23.717948717948715,13.461538461538462,12.179487179487179,5.769230769230769,0.0,0.641025641025641,26.0,13.0,6.5,3.25,4.75,1.39,16.69999999999999,8.3,156.0
240,Chris Roycroft,STL,0.0,19.29936305732484,22.64458598726115,157,6.666666666666667,6.666666666666667,0.0,0.0,6.666666666666667,6.666666666666667,14.341352590368775,7.375552760761085,6.9657998296076915,1.229258793460181,0.4097529311533937,0.8195058623067873,20.585987261146496,10.292993630573248,8.07,4.11,4.24,1.43,20.382165605095544,10.191082802547772,0.0,20.0,20.2,101.0,5.0,15.0,,0.0,10.0,5.0,25.742574257425744,20.792079207920793,17.82178217821782,1.9801980198019802,0.9900990099009901,0.9900990099009901,15.0,12.0,6.53,5.23,7.84,1.84,14.9,11.9,101.0
243,Mason Montgomery,TBR,0.0,42.32911392405063,48.50210970464135,237,4.166666666666667,8.333333333333334,0.0,2.0833333333333335,25.0,6.25,19.348751090459153,10.046466912353788,9.30228417810536,2.604639569869501,0.3720913671242144,0.7441827342484288,52.029535864978904,19.40084388185654,9.66,3.6,4.12,1.34,24.894514767932492,9.282700421940929,0.0,57.0,46.0,209.0,1.7543859649122806,5.263157894736842,,1.7543859649122806,17.543859649122805,5.263157894736842,23.444976076555022,15.311004784688995,13.875598086124402,2.8708133971291865,0.0,0.4784688995215311,63.0,27.0,12.33,5.28,5.67,1.65,30.1,12.9,209.0
244,Tim Mayza,PIT,0.0,17.729166666666668,16.958333333333336,192,4.3478260869565215,4.3478260869565215,0.0,0.0,19.565217391304344,4.3478260869565215,9.434678819444446,4.416232638888889,4.014756944444445,0.802951388888889,0.20073784722222224,0.4014756944444445,13.104166666666668,5.78125,7.0,3.04,4.17,1.4,17.708333333333336,7.8125,0.0,15.0,16.2,74.0,0.0,0.0,,0.0,0.0,0.0,22.972972972972975,9.45945945945946,9.45945945945946,2.7027027027027026,0.0,2.7027027027027026,15.0,5.0,8.1,2.7,3.78,1.32,20.3,6.800000000000001,74.0
246,Sean Reynolds,SDP,0.0,23.67052023121387,26.44335260115607,173,2.8571428571428577,2.8571428571428577,0.0,0.0,11.42857142857143,0.0,14.464232015770659,7.818503792308465,7.036653413077618,1.5637007584616929,0.3909251896154232,0.7818503792308464,28.404624277456648,13.526011560693645,9.74,4.55,4.17,1.44,24.277456647398843,11.560693641618498,1.0,19.0,27.0,117.0,0.0,5.263157894736842,,0.0,10.526315789473683,0.0,17.094017094017094,13.675213675213676,13.675213675213676,3.418803418803419,0.0,2.564102564102564,25.0,17.0,8.33,5.67,5.33,1.37,21.4,14.499999999999998,117.0
247,Fraser Ellard,CHW,0.0,16.656826568265682,16.711439114391148,271,4.918032786885246,6.557377049180328,0.0,6.557377049180328,14.754098360655737,4.918032786885246,5.743385847142605,3.2243569668169005,2.9220735011778163,0.705328086491197,0.3022834656390844,0.3022834656390844,16.92988929889299,8.464944649446496,9.06,4.53,4.28,1.43,22.878228782287824,11.439114391143912,3.0,18.0,17.0,74.0,5.555555555555555,11.11111111111111,,0.0,11.11111111111111,0.0,10.81081081081081,12.162162162162163,10.81081081081081,1.3513513513513513,0.0,1.3513513513513513,22.0,19.0,11.65,10.06,4.24,1.59,29.7,25.7,74.0
249,Chad Green,TOR,0.0,43.541666666666664,45.916666666666664,240,7.2727272727272725,5.454545454545455,0.0,12.727272727272727,25.454545454545453,7.2727272727272725,17.48263888888889,9.23611111111111,8.57638888888889,2.96875,0.6597222222222222,0.6597222222222222,43.541666666666664,13.458333333333332,8.51,2.69,4.0,1.21,22.916666666666664,7.083333333333333,0.0,45.0,43.2,190.0,6.666666666666667,4.444444444444445,,2.2222222222222223,15.555555555555555,0.0,26.842105263157894,14.736842105263156,14.210526315789473,7.368421052631578,1.0526315789473684,1.0526315789473684,35.0,13.0,7.21,2.68,5.56,1.47,18.4,6.800000000000001,190.0
250,Lou Trivino,SFG,0.0,44.94078947368421,47.66447368421053,152,6.0606060606060606,6.0606060606060606,0.0,0.0,15.151515151515152,3.0303030303030303,30.462257617728532,16.127077562326868,15.231128808864266,3.583795013850416,0.895948753462604,1.791897506925208,44.94078947368421,19.065789473684212,8.37,3.63,4.28,1.38,21.710526315789476,9.210526315789473,2.0,47.0,47.2,207.0,6.382978723404255,4.25531914893617,,0.0,10.638297872340425,2.127659574468085,22.22222222222222,11.11111111111111,10.144927536231885,2.898550724637681,0.4830917874396135,2.898550724637681,37.0,18.0,6.99,3.4,3.97,1.34,17.9,8.7,207.0
253,Tommy Nance,TOR,0.0,26.951871657754012,29.04064171122995,187,5.0,7.5,0.0,0.0,10.0,5.0,15.493723011810461,7.927021075810005,7.206382796190912,1.801595699047728,0.7206382796190912,0.7206382796190912,26.951871657754012,10.106951871657754,8.19,3.19,4.23,1.34,21.3903743315508,8.02139037433155,0.0,30.0,31.2,126.0,6.666666666666667,0.0,,0.0,16.666666666666664,0.0,19.841269841269842,8.73015873015873,5.555555555555555,0.0,0.0,0.7936507936507936,32.0,7.0,9.09,1.99,1.99,1.01,25.4,5.59999999999999,126.0
254,Chase Lee,DET,0.0,33.352112676056336,33.76901408450704,71,6.25,6.25,0.0,0.0,6.25,0.0,44.03888117437017,23.48740329299742,20.551477881372744,5.871850823249355,0.0,2.9359254116246776,33.352112676056336,12.507042253521126,8.55,3.05,3.72,1.26,22.535211267605636,8.450704225352112,0.0,32.0,37.1,148.0,12.5,3.125,,0.0,12.5,3.125,21.62162162162162,11.486486486486488,11.486486486486488,4.72972972972973,0.6756756756756757,1.3513513513513513,36.0,9.0,8.68,2.17,4.1,1.1,24.3,6.1,148.0
256,Tommy Kahnle,DET,0.0,62.030303030303024,62.3,198,2.1739130434782608,4.3478260869565215,0.0,4.3478260869565215,28.26086956521739,2.1739130434782608,27.24211815120906,13.62105907560453,12.258953168044076,3.4052647689011324,0.6810529537802265,1.362105907560453,64.72727272727272,26.96969696969697,9.17,3.87,3.53,1.27,24.24242424242424,10.1010101010101,0.0,66.0,63.0,267.0,1.5151515151515151,7.575757575757576,,13.636363636363635,24.242424242424242,7.575757575757576,19.101123595505616,11.985018726591761,11.610486891385769,2.9962546816479403,0.0,0.37453183520599254,50.0,31.0,7.14,4.43,4.43,1.3,18.7,11.599999999999987,267.0
261,Alek Jacob,SDP,0.0,27.7248322147651,35.015436241610736,149,3.7037037037037033,3.7037037037037033,0.0,0.0,7.4074074074074066,0.0,22.742218818972116,11.715688482500788,11.02653033647133,2.7566325841178325,0.0,1.3783162920589163,35.93959731543624,14.375838926174495,9.11,3.54,4.13,1.36,23.48993288590604,9.395973154362416,0.0,29.0,33.1,153.0,3.4482758620689653,0.0,,0.0,6.896551724137931,0.0,23.52941176470588,13.071895424836603,12.418300653594772,3.9215686274509802,0.0,3.9215686274509802,23.0,14.0,6.21,3.78,5.13,1.5,15.0,9.2,153.0
262,Collin Snider,SEA,0.0,26.33606557377049,27.360245901639345,244,7.407407407407408,5.555555555555556,0.0,1.8518518518518516,20.37037037037037,5.555555555555556,10.793469497446923,5.196855683955926,4.797097554420854,1.399153453372749,0.19987906476753559,0.39975812953507117,25.848360655737704,11.704918032786884,8.43,3.76,3.87,1.37,21.72131147540983,9.836065573770492,0.0,24.0,26.1,119.0,8.333333333333332,4.166666666666666,,0.0,16.666666666666664,0.0,26.89075630252101,16.80672268907563,13.445378151260504,2.5210084033613445,0.8403361344537815,1.680672268907563,24.0,6.0,8.2,2.05,5.47,1.44,20.19999999999999,5.0,119.0
264,Jake Bird,COL,0.0,50.678260869565214,55.20695652173913,230,4.25531914893617,6.382978723404256,0.0,2.127659574468085,17.02127659574468,6.382978723404256,25.315689981096405,13.59546313799622,12.657844990548202,2.8128544423440456,0.46880907372400754,1.8752362948960302,47.44347826086957,23.721739130434784,7.73,3.82,4.68,1.47,19.130434782608695,9.565217391304348,0.0,48.0,55.1,248.0,8.333333333333332,4.166666666666666,,0.0,20.833333333333336,12.5,24.193548387096776,14.919354838709678,13.709677419354838,2.82258064516129,1.6129032258064515,1.2096774193548387,66.0,25.0,10.73,4.07,5.53,1.54,26.6,10.099999999999987,248.0
266,JT Brubaker,NYY,1.2580645161290325,19.5,27.111290322580647,186,6.451612903225808,9.67741935483871,0.3381893860561915,0.0,6.451612903225808,0.0,14.542143600416232,7.778355879292404,7.10197710718002,2.0291363163371487,0.0,1.0145681581685744,26.419354838709676,9.435483870967742,8.66,3.09,4.43,1.33,22.58064516129032,8.064516129032258,1.0,17.0,28.2,117.0,0.0,0.0,,0.0,0.0,0.0,19.65811965811966,10.256410256410255,10.256410256410255,0.0,0.8547008547008548,0.8547008547008548,22.0,12.0,6.91,3.77,3.77,1.22,18.8,10.3,117.0
267,Michael Tonkin,MIN,0.0,20.78070175438597,23.988157894736844,228,6.521739130434781,4.347826086956521,0.0,0.0,10.869565217391303,2.1739130434782603,9.708756540473994,5.349722991689751,4.953447214527547,1.3869652200677132,0.1981378885811019,0.7925515543244076,24.394736842105264,9.035087719298248,9.03,3.38,4.23,1.3,23.684210526315788,8.771929824561402,0.0,21.0,24.0,103.0,9.523809523809524,4.761904761904762,,0.0,9.523809523809524,4.761904761904762,19.41747572815534,12.62135922330097,12.62135922330097,2.912621359223301,0.0,4.854368932038835,19.0,8.0,7.13,3.0,4.88,1.17,18.4,7.8,103.0
268,Eduardo Salazar,WSN,0.0,27.99043062200957,33.08612440191388,209,2.564102564102564,7.6923076923076925,0.0,0.0,15.384615384615385,0.0,17.513335317414892,8.584968292850439,7.898170829422403,1.37359492685607,0.3433987317140175,1.37359492685607,25.83732057416268,13.636363636363637,7.05,3.67,4.4,1.52,17.22488038277512,9.090909090909092,0.0,30.0,29.0,150.0,0.0,3.3333333333333335,,0.0,6.666666666666667,3.3333333333333335,31.333333333333336,19.333333333333332,18.0,4.666666666666667,0.0,0.6666666666666667,23.0,16.0,7.14,4.97,8.38,2.17,15.3,10.7,150.0
269,Jimmy Herget,COL,0.0,72.4746835443038,79.50253164556963,158,3.0303030303030303,6.0606060606060606,0.0,3.0303030303030303,12.121212121212121,6.0606060606060606,52.82006088767827,27.80003204614645,26.410030443839133,8.340009613843936,1.3900016023073227,2.7800032046146455,72.4746835443038,24.15822784810127,8.0,2.68,4.63,1.35,20.88607594936709,6.962025316455696,0.0,59.0,83.1,347.0,1.694915254237288,3.389830508474576,,0.0,15.254237288135593,1.694915254237288,20.7492795389049,6.9164265129683,6.628242074927954,1.729106628242075,0.2881844380403458,2.0172910662824206,81.0,26.0,8.75,2.81,2.48,1.18,23.3,7.5,347.0
270,Jacob Lopez,ATH,0.0,70.85046728971962,93.22429906542057,107,5.2631578947368425,5.2631578947368425,0.0,0.0,5.2631578947368425,0.0,76.67045156782251,41.82024630972138,38.335225783911255,10.455061577430344,0.0,6.970041051620228,93.22429906542057,41.018691588785046,8.88,3.92,4.13,1.31,23.364485981308412,10.2803738317757,17.0,21.0,92.2,399.0,33.33333333333333,33.33333333333333,,0.0,0.0,0.0,20.30075187969925,11.779448621553884,10.526315789473683,3.7593984962406015,0.0,2.0050125313283207,113.0,37.0,10.97,3.59,4.08,1.27,28.299999999999997,9.3,399.0
271,Grant Holman,ATH,0.0,23.1981981981982,23.70855855855856,222,4.0,4.0,0.0,0.0,25.999999999999996,4.0,9.822660498336173,5.433812190568947,5.01582663744826,1.253956659362065,0.4179855531206883,0.6269783296810325,23.66216216216216,10.207207207207206,8.86,3.89,4.19,1.35,22.972972972972975,9.90990990990991,2.0,22.0,23.0,103.0,18.181818181818183,9.090909090909092,,0.0,13.636363636363635,9.090909090909092,25.24271844660194,13.592233009708737,12.62135922330097,2.912621359223301,0.0,0.9708737864077669,17.0,9.0,6.65,3.52,5.09,1.52,16.5,8.7,103.0
274,Brandon Eisert,CHW,0.0,65.32584269662921,72.20224719101124,89,5.2631578947368425,5.2631578947368425,0.0,0.0,10.526315789473685,0.0,77.26297184698902,38.63148592349451,38.63148592349451,11.589445777048352,0.0,3.863148592349451,68.76404494382022,27.50561797752809,8.38,3.32,4.11,1.33,22.47191011235955,8.98876404494382,3.0,72.0,69.2,306.0,4.166666666666666,11.11111111111111,,2.7777777777777777,11.11111111111111,4.166666666666666,24.509803921568626,11.76470588235294,11.11111111111111,3.9215686274509802,1.9607843137254901,1.6339869281045754,74.0,25.0,9.56,3.23,4.39,1.44,24.2,8.19999999999999,306.0
277,Bennett Sousa,HOU,0.0,43.6829268292683,45.62439024390244,123,7.4074074074074066,7.4074074074074066,0.0,0.0,7.4074074074074066,0.0,35.51457465794171,18.414964637451252,17.099610020490445,3.9460638508824113,1.315354616960804,1.315354616960804,45.300813008130085,17.796747967479675,8.72,3.41,4.02,1.31,22.76422764227642,8.94308943089431,0.0,44.0,50.2,199.0,11.363636363636363,2.272727272727273,,9.090909090909092,15.909090909090908,4.545454545454546,18.592964824120603,9.045226130653267,8.040201005025125,2.0100502512562812,0.0,0.0,59.0,15.0,10.48,2.66,2.84,1.03,29.6,7.5,199.0
283,Edgardo Henriquez,LAD,0.0,16.170731707317074,17.31219512195122,82,5.88235294117647,5.88235294117647,0.0,0.0,11.76470588235294,5.88235294117647,19.720404521118382,11.60023795359905,10.440214158239144,2.32004759071981,0.0,1.160023795359905,19.02439024390244,9.51219512195122,9.65,4.66,4.28,1.4,24.390243902439025,12.195121951219512,0.0,22.0,19.0,78.0,9.090909090909092,4.545454545454546,,4.545454545454546,22.727272727272727,9.090909090909092,21.794871794871796,6.41025641025641,6.41025641025641,2.564102564102564,0.0,0.0,18.0,5.0,8.53,2.37,2.37,1.16,23.1,6.4,78.0
285,Tyler Wells,BAL,1.051282051282051,14.71794871794872,19.133333333333333,78,7.14285714285714,7.14285714285714,0.0,0.0,7.14285714285714,0.0,22.91255752794214,13.477975016436556,12.1301775147929,4.043392504930967,0.0,0.0,18.923076923076923,5.256410256410256,8.47,2.61,4.24,1.22,23.076923076923077,6.41025641025641,4.0,4.0,21.2,82.0,50.0,25.0,,0.0,0.0,0.0,20.73170731707317,8.536585365853659,8.536585365853659,4.878048780487805,0.0,0.0,18.0,2.0,7.48,0.83,2.91,0.88,22.0,2.4,82.0
286,Cristian Javier,HOU,1.9146341463414631,26.804878048780488,36.56951219512195,82,7.142857142857142,7.142857142857142,0.0,0.0,7.142857142857142,0.0,37.35871505056514,23.349196906603208,21.01427721594289,7.004759071980963,0.0,2.3349196906603207,38.292682926829265,15.317073170731708,9.39,3.66,4.14,1.25,24.390243902439025,9.75609756097561,8.0,8.0,37.0,157.0,25.0,50.0,,0.0,0.0,0.0,20.382165605095544,14.012738853503185,12.101910828025478,1.910828025477707,0.0,0.6369426751592357,34.0,15.0,8.27,3.65,4.62,1.27,21.7,9.6,157.0
287,Chris Flexen,CHC,1.8936170212765957,30.29787234042553,40.144680851063825,94,6.25,12.5,0.0,0.0,6.25,0.0,46.333182435491175,24.173834314169305,22.159348121321866,6.043458578542326,0.0,2.0144861928474422,34.08510638297872,13.25531914893617,7.34,2.99,4.59,1.38,19.148936170212767,7.446808510638298,1.0,21.0,43.2,178.0,23.809523809523807,4.761904761904762,,4.761904761904762,0.0,0.0,21.34831460674157,10.112359550561797,8.426966292134832,3.932584269662921,0.0,0.0,22.0,12.0,4.53,2.47,3.09,1.15,12.4,6.7,178.0
288,Tyler Kinley,COL,0.0,69.50972762645914,69.74941634241246,257,5.172413793103448,5.172413793103448,0.0,18.965517241379313,15.517241379310345,3.4482758620689653,27.046586625081375,16.321216066859453,14.92225468970007,4.196884131478145,0.4663204590531272,1.3989613771593814,74.30350194552528,31.15953307392996,9.5,3.92,4.89,1.42,24.12451361867704,10.116731517509727,0.0,73.0,72.2,308.0,8.21917808219178,4.10958904109589,,4.10958904109589,17.80821917808219,4.10958904109589,17.20779220779221,11.363636363636363,10.38961038961039,1.948051948051948,1.2987012987012987,0.974025974025974,73.0,33.0,9.04,4.09,3.96,1.18,23.7,10.7,308.0
290,T.J. McFarland,ATH,0.0,18.99115044247788,17.02654867256637,226,3.448275862068965,5.172413793103447,0.0,0.0,22.413793103448267,1.7241379310344824,7.678753230480069,3.911817683452111,3.622053410603806,0.7244106821207612,0.28976427284830447,0.5795285456966089,12.442477876106196,5.566371681415929,6.65,2.99,4.3,1.35,16.8141592920354,7.52212389380531,0.0,27.0,15.2,74.0,0.0,0.0,,0.0,25.925925925925924,3.7037037037037033,35.13513513513514,16.216216216216218,16.216216216216218,2.7027027027027026,0.0,1.3513513513513513,7.0,3.0,4.02,1.72,6.89,1.85,9.5,4.09999999999999,74.0
291,Ryne Stanek,NYM,0.0,59.74895397489539,59.74895397489539,239,7.142857142857142,5.357142857142857,0.0,1.7857142857142856,23.214285714285715,5.357142857142857,21.42819628507904,12.053360410356962,11.160518898478667,3.124945291574027,0.44642075593914665,0.8928415118782933,67.21757322175732,27.740585774058577,10.07,4.18,3.98,1.31,26.359832635983267,10.87866108786611,0.0,65.0,56.0,255.0,6.153846153846154,9.230769230769232,,4.615384615384616,16.923076923076923,7.6923076923076925,21.96078431372549,15.294117647058824,12.941176470588237,2.7450980392156863,0.0,0.0,58.0,32.0,9.32,5.14,5.3,1.57,22.69999999999999,12.5,255.0
292,Hector Neris,ATL,0.0,28.405286343612335,29.006167400881058,227,9.615384615384615,5.769230769230769,0.0,5.769230769230769,25.0,5.769230769230769,11.310136039899863,6.016029808457374,5.534747423780784,1.6844883463680647,0.24064119233829492,0.7219235770148849,31.136563876651984,12.56387665198238,9.61,3.79,3.91,1.29,25.11013215859031,10.13215859030837,0.0,35.0,26.2,124.0,8.571428571428571,5.714285714285714,,0.0,20.0,5.714285714285714,23.387096774193548,20.161290322580644,16.129032258064516,4.838709677419355,0.8064516129032258,0.8064516129032258,35.0,16.0,11.81,5.4,6.75,1.69,28.199999999999996,12.9,124.0
293,Kyle Finnegan,WSN,0.0,49.323076923076925,53.72692307692308,260,7.142857142857142,7.142857142857142,0.0,37.49999999999999,7.142857142857142,8.928571428571427,19.64792899408284,10.162721893491124,9.146449704142013,2.710059171597633,0.6775147928994083,0.6775147928994083,51.08461538461538,20.257692307692302,8.56,3.37,4.03,1.32,22.30769230769231,8.846153846153847,0.0,56.0,57.0,229.0,7.142857142857142,7.142857142857142,,42.857142857142854,5.357142857142857,12.5,19.65065502183406,10.480349344978166,9.606986899563319,1.7467248908296942,0.8733624454148471,0.43668122270742354,55.0,18.0,8.68,2.84,3.47,1.11,24.0,7.9,229.0
294,Carlos Hernandez,KCR,0.0,42.38461538461539,46.84615384615385,182,2.631578947368421,7.894736842105263,0.0,0.0,10.526315789473683,5.263157894736842,23.9010989010989,14.095519864750633,12.8698224852071,3.064243448858833,0.6128486897717668,1.2256973795435335,45.73076923076923,21.192307692307693,8.79,4.01,4.44,1.38,22.52747252747253,10.43956043956044,0.0,41.0,43.1,203.0,2.4390243902439024,0.0,,0.0,2.4390243902439024,0.0,24.63054187192118,15.763546798029557,14.77832512315271,1.9704433497536946,0.49261083743842365,0.9852216748768473,39.0,22.0,8.1,4.57,6.23,1.66,19.2,10.8,203.0
295,Ryan Yarbrough,TOR,1.543859649122807,41.68421052631579,62.06315789473684,171,7.4074074074074066,7.4074074074074066,0.902841900071817,0.0,7.4074074074074066,3.7037037037037033,35.21083410280086,18.056838001436336,17.15399610136452,4.514209500359084,0.902841900071817,2.7085257002154512,46.315789473684205,16.982456140350877,6.65,2.4,4.17,1.22,17.543859649122805,6.432748538011696,8.0,19.0,64.0,264.0,15.789473684210526,5.263157894736842,,5.263157894736842,0.0,0.0,21.96969696969697,11.742424242424242,11.742424242424242,4.924242424242424,0.0,0.7575757575757576,55.0,19.0,7.73,2.67,4.36,1.2,20.8,7.199999999999999,264.0
299,Anthony Molina,COL,0.0,28.444444444444443,35.733333333333334,90,6.25,6.25,0.0,0.0,6.25,6.25,47.407407407407405,25.679012345679013,23.703703703703702,3.950617283950617,0.0,1.9753086419753085,24.88888888888889,10.666666666666666,6.25,2.74,5.31,1.47,15.555555555555555,6.666666666666667,1.0,17.0,34.2,160.0,5.88235294117647,5.88235294117647,,0.0,0.0,0.0,32.5,18.75,17.5,7.5,0.0,1.25,24.0,6.0,6.23,1.56,7.27,1.67,15.0,3.8,160.0
302,Tyler Phillips,PHI,4.439716312056738,48.83687943262411,71.25744680851064,141,9.090909090909092,9.090909090909092,1.5743674865449424,0.0,4.545454545454546,0.0,55.10286202907299,29.912982244353902,28.338614757808966,7.871837432724712,0.0,1.5743674865449424,55.49645390070922,24.418439716312054,6.89,3.0,4.94,1.41,17.73049645390071,7.801418439716312,1.0,54.0,77.2,313.0,3.7037037037037033,1.8518518518518516,,7.4074074074074066,14.814814814814813,0.0,20.766773162939298,8.30670926517572,7.667731629392971,2.5559105431309903,0.0,0.6389776357827476,52.0,24.0,6.03,2.78,2.78,1.15,16.6,7.7,313.0
303,Brooks Raley,,0.0,23.571428571428573,22.62857142857143,84,5.0,5.0,0.0,5.0,15.0,5.0,25.25510204081633,12.627551020408164,12.627551020408164,2.806122448979592,0.0,1.403061224489796,23.571428571428573,9.428571428571429,9.0,3.52,3.95,1.3,23.809523809523807,9.523809523809524,0.0,30.0,25.2,99.0,10.0,3.3333333333333335,,0.0,33.33333333333333,0.0,14.14141414141414,7.07070707070707,7.07070707070707,0.0,0.0,2.0202020202020203,25.0,6.0,8.77,2.1,2.45,0.78,25.3,6.1,99.0
304,Luis Garcia,LAD,0.0,29.0,29.362499999999997,72,6.25,6.25,0.0,0.0,12.5,6.25,42.79513888888889,20.13888888888889,17.62152777777778,5.034722222222222,0.0,2.517361111111111,27.1875,9.0625,8.02,2.71,3.98,1.29,20.833333333333336,6.944444444444445,1.0,30.0,31.15,130.5,5.0,3.3333333333333335,,3.3333333333333335,20.0,1.6666666666666667,22.22222222222222,9.961685823754788,9.195402298850574,1.532567049808429,1.9157088122605364,0.38314176245210724,27.5,13.5,8.015,2.7,3.47,0.99,22.799999999999997,7.399999999999995,130.5
305,Enyel De Los Santos,ATL,0.0,63.04635761589404,65.27152317880795,151,5.88235294117647,2.941176470588235,0.0,0.0,11.76470588235294,2.941176470588235,39.2965220823648,22.104293671330204,20.876277356256303,6.140081575369501,1.2280163150739,2.4560326301478,66.75496688741721,24.105960264900663,9.18,3.42,4.2,1.29,23.841059602649008,8.609271523178808,0.0,65.0,66.0,280.0,9.230769230769232,4.615384615384616,,0.0,9.230769230769232,3.076923076923077,21.785714285714285,12.5,11.428571428571429,2.5,0.7142857142857143,0.7142857142857143,62.0,24.0,8.45,3.27,4.36,1.29,22.1,8.6,280.0
311,Matt Gage,DET,0.0,24.909090909090907,31.551515151515147,66,8.333333333333334,8.333333333333334,0.0,0.0,0.0,8.333333333333334,44.03122130394858,25.160697887970613,22.01561065197429,6.290174471992653,0.0,3.1450872359963267,31.136363636363637,14.53030303030303,8.87,3.91,4.12,1.32,22.727272727272727,10.606060606060606,2.0,33.0,31.0,137.0,0.0,3.0303030303030303,,0.0,6.0606060606060606,0.0,25.547445255474454,8.02919708029197,8.02919708029197,0.0,0.7299270072992701,1.4598540145985401,27.0,12.0,7.84,3.48,3.19,1.52,19.69999999999999,8.799999999999999,137.0
312,Josh Simpson,MIA,0.0,32.35714285714286,33.975,112,4.166666666666666,8.333333333333332,0.0,0.0,4.166666666666666,0.0,28.890306122448983,15.64891581632653,14.445153061224492,3.611288265306123,0.0,1.203762755102041,36.401785714285715,16.17857142857143,9.3,4.29,4.1,1.4,24.107142857142858,10.714285714285714,0.0,31.0,30.2,151.0,12.903225806451612,6.451612903225806,,0.0,6.451612903225806,6.451612903225806,22.516556291390728,18.543046357615893,16.55629139072848,3.3112582781456954,1.3245033112582782,1.9867549668874174,36.0,22.0,10.57,6.46,7.34,1.83,23.799999999999997,14.6,151.0
313,Spencer Bivens,SFG,2.130434782608696,59.65217391304349,79.25217391304349,161,7.142857142857142,7.142857142857142,0.0,0.0,7.142857142857142,0.0,50.2835538752363,23.81852551984877,22.495274102079396,6.616257088846882,1.3232514177693764,2.6465028355387528,61.78260869565218,25.56521739130435,6.84,2.8,4.0,1.31,18.012422360248447,7.453416149068323,0.0,54.0,81.0,343.0,7.4074074074074066,5.555555555555555,,5.555555555555555,7.4074074074074066,0.0,24.198250728862973,12.244897959183673,10.495626822157435,1.749271137026239,0.2915451895043732,1.4577259475218658,61.0,25.0,6.78,2.78,4.0,1.33,17.8,7.3,343.0
314,Shawn Dubin,HOU,0.0,28.13432835820895,32.57089552238806,134,3.846153846153847,3.846153846153847,0.0,0.0,7.6923076923076925,0.0,22.610826464691467,12.112942748941858,11.305413232345735,2.4225885497883715,0.0,1.6150590331922474,33.54477611940298,16.23134328358209,9.24,4.4,4.13,1.42,23.13432835820895,11.194029850746269,0.0,30.0,33.2,145.0,6.666666666666667,0.0,,0.0,26.666666666666668,3.3333333333333335,25.517241379310345,13.10344827586207,13.10344827586207,4.137931034482759,0.0,1.3793103448275863,28.0,11.0,7.49,2.94,5.08,1.43,19.3,7.6,145.0
315,Rob Zastryzny,NYY,2.5833333333333335,20.666666666666668,20.925,36,0.0,0.0,0.0,0.0,0.0,0.0,57.407407407407405,28.703703703703702,28.703703703703702,7.175925925925926,0.0,0.0,20.666666666666668,10.333333333333334,8.76,4.11,4.31,1.4,22.22222222222222,11.11111111111111,1.0,26.0,22.0,93.0,7.6923076923076925,3.8461538461538463,,0.0,7.6923076923076925,3.8461538461538463,17.20430107526882,7.526881720430108,6.451612903225806,3.225806451612903,3.225806451612903,1.0752688172043012,20.0,10.0,8.18,4.09,2.45,1.18,21.5,10.8,93.0
316,Luis Guerrero,BOS,0.0,14.857142857142856,16.57142857142857,126,7.6923076923076925,7.6923076923076925,0.0,0.0,11.538461538461538,3.8461538461538463,11.791383219954648,6.802721088435374,6.349206349206349,1.3605442176870748,0.0,0.45351473922902497,17.142857142857142,8.0,9.21,4.28,4.22,1.39,23.809523809523807,11.11111111111111,0.0,13.0,17.1,72.0,0.0,7.6923076923076925,,0.0,0.0,0.0,12.5,11.11111111111111,11.11111111111111,0.0,0.0,0.0,10.0,14.0,5.19,7.27,4.15,1.33,13.900000000000002,19.399999999999988,72.0
317,Justin Sterner,ATH,0.0,54.127906976744185,62.01511627906977,172,5.714285714285714,5.714285714285714,0.0,0.0,8.571428571428571,5.714285714285714,33.26798269334776,19.7809626825311,17.982693347755543,5.394808004326662,2.697404002163332,1.7982693347755545,63.40697674418605,23.197674418604652,9.15,3.43,4.42,1.3,23.837209302325583,8.720930232558139,1.0,59.0,65.0,266.0,6.779661016949152,5.084745762711865,,0.0,27.11864406779661,10.16949152542373,17.669172932330827,9.022556390977442,8.646616541353383,3.7593984962406015,0.7518796992481203,2.631578947368421,70.0,21.0,9.69,2.91,3.18,1.05,26.3,7.9,266.0
318,Jonathan Bowlan,KCR,1.651376146788991,34.67889908256881,41.284403669724774,109,4.761904761904762,14.285714285714285,0.0,0.0,4.761904761904762,0.0,40.90564767275481,21.210335830317316,19.69531184243751,6.060095951519233,0.0,1.5150239878798082,34.67889908256881,13.211009174311927,7.52,2.95,4.5,1.39,19.26605504587156,7.339449541284404,1.0,34.0,44.1,180.0,2.941176470588235,5.88235294117647,,0.0,5.88235294117647,0.0,20.555555555555554,11.666666666666666,10.555555555555555,3.3333333333333335,0.0,0.0,46.0,17.0,9.34,3.45,3.86,1.22,25.6,9.4,180.0
323,Justin Wrobleski,LAD,2.08955223880597,48.05970149253731,64.98507462686567,134,8.695652173913043,8.695652173913043,0.0,0.0,4.3478260869565215,0.0,46.78102027177544,26.509244820672755,24.94987747828024,7.796836711962575,0.0,1.559367342392515,58.50746268656716,22.985074626865668,8.1,3.22,4.59,1.32,20.8955223880597,8.208955223880597,2.0,24.0,66.2,280.0,20.833333333333336,20.833333333333336,,8.333333333333332,25.0,0.0,23.214285714285715,12.142857142857142,11.428571428571429,2.142857142857143,0.35714285714285715,1.0714285714285714,76.0,17.0,10.26,2.3,4.32,1.23,27.1,6.1,280.0
324,Ryan Borucki,PIT,0.0,32.22222222222222,32.625,72,6.25,6.25,0.0,0.0,18.75,6.25,44.75308641975309,25.17361111111111,22.376543209876544,5.594135802469136,0.0,2.797067901234568,32.22222222222222,12.083333333333332,8.57,3.14,4.21,1.29,22.22222222222222,8.333333333333332,0.0,39.0,35.0,145.0,2.564102564102564,7.6923076923076925,,0.0,17.94871794871795,7.6923076923076925,20.0,13.793103448275861,12.413793103448276,2.7586206896551726,0.6896551724137931,0.6896551724137931,32.0,16.0,8.23,4.11,4.63,1.29,22.1,11.0,145.0
326,Jorge Lopez,WSN,0.0,23.6,24.480000000000004,265,5.084745762711865,5.084745762711865,0.0,11.864406779661017,25.423728813559322,3.389830508474576,9.056603773584905,4.679245283018868,4.226415094339623,1.207547169811321,0.30188679245283023,0.6037735849056605,21.6,8.8,7.96,3.28,4.13,1.33,20.37735849056604,8.30188679245283,0.0,26.0,24.2,106.0,23.076923076923077,0.0,,3.8461538461538463,19.230769230769234,11.538461538461538,23.58490566037736,16.9811320754717,16.9811320754717,0.9433962264150944,0.0,2.8301886792452833,17.0,7.0,6.2,2.55,6.57,1.3,16.0,6.6000000000000005,106.0
329,Steven Cruz,KCR,0.0,40.30147058823529,43.080882352941174,136,6.896551724137931,3.4482758620689653,0.0,0.0,6.896551724137931,3.4482758620689653,29.63343425605536,16.349480968858128,15.327638408304498,3.0655276816608996,0.0,2.0436851211072664,40.30147058823529,20.845588235294116,8.51,4.36,4.26,1.44,21.323529411764707,11.029411764705882,0.0,47.0,45.2,189.0,6.382978723404255,2.127659574468085,,0.0,19.148936170212767,0.0,19.047619047619047,10.582010582010582,10.052910052910052,2.6455026455026456,0.5291005291005291,0.5291005291005291,38.0,18.0,7.49,3.55,3.74,1.18,20.1,9.5,189.0
330,Chase Shugart,PIT,0.0,39.34782608695652,41.971014492753625,69,6.666666666666667,6.666666666666667,0.0,0.0,6.666666666666667,0.0,60.82755723587482,34.21550094517958,30.41377861793741,7.603444654484353,0.0,3.8017223272421763,34.10144927536232,15.73913043478261,7.44,3.35,4.51,1.4,18.84057971014493,8.695652173913043,0.0,35.0,45.0,181.0,11.428571428571429,8.571428571428571,,0.0,14.285714285714285,5.714285714285714,18.23204419889503,9.94475138121547,9.392265193370166,3.314917127071823,1.1049723756906076,0.5524861878453038,31.0,17.0,6.2,3.4,3.4,1.11,17.1,9.4,181.0
333,Luis Curvelo,TEX,0.0,19.090909090909093,19.28181818181818,88,5.0,5.0,0.0,0.0,10.0,0.0,20.609504132231404,11.931818181818182,10.847107438016533,3.2541322314049594,0.0,1.084710743801653,19.090909090909093,6.681818181818182,8.7,3.18,4.51,1.29,22.727272727272727,7.954545454545454,0.0,17.0,19.0,84.0,5.88235294117647,5.88235294117647,,0.0,11.76470588235294,11.76470588235294,20.238095238095237,15.476190476190476,14.285714285714285,3.571428571428571,1.1904761904761905,0.0,20.0,10.0,9.47,4.74,5.68,1.42,23.799999999999997,11.9,84.0
337,Logan Henderson,MIL,0.0,21.0,24.0,33,14.285714285714285,14.285714285714285,0.0,0.0,14.285714285714285,0.0,63.63636363636363,36.36363636363637,36.36363636363637,9.090909090909092,0.0,0.0,24.0,6.0,9.57,2.4,4.21,1.17,24.24242424242424,6.0606060606060606,5.0,5.0,25.1,99.0,60.0,0.0,,0.0,0.0,0.0,17.17171717171717,5.05050505050505,5.05050505050505,3.0303030303030303,0.0,0.0,33.0,8.0,11.72,2.84,1.78,0.99,33.29999999999999,8.1,99.0
341,Zack Kelly,BOS,0.0,32.73846153846154,35.07692307692308,130,7.142857142857142,7.142857142857142,0.0,0.0,14.285714285714285,3.571428571428571,23.384615384615383,13.491124260355031,12.591715976331363,3.5976331360946743,0.8994082840236686,1.7988165680473371,37.41538461538462,17.53846153846154,9.47,4.35,4.17,1.37,24.615384615384617,11.538461538461538,0.0,28.0,35.1,152.0,3.571428571428571,10.714285714285714,,0.0,10.714285714285714,7.142857142857142,23.026315789473685,13.815789473684212,11.842105263157894,1.9736842105263157,0.6578947368421052,1.9736842105263157,35.0,12.0,8.92,3.06,4.58,1.33,23.0,7.9,152.0
342,Matt Festa,TEX,0.0,48.42857142857143,53.80952380952381,42,11.111111111111112,0.0,0.0,0.0,11.111111111111112,0.0,115.3061224489796,64.05895691609977,64.05895691609977,12.811791383219957,0.0,12.811791383219957,53.80952380952381,21.52380952380953,8.95,3.72,4.53,1.33,23.809523809523807,9.523809523809524,0.0,63.0,54.2,226.0,7.936507936507936,6.349206349206349,,0.0,19.047619047619047,3.1746031746031744,19.469026548672566,12.831858407079647,11.061946902654867,1.7699115044247788,0.8849557522123894,2.2123893805309733,56.0,15.0,9.22,2.47,4.12,1.08,24.8,6.6000000000000005,226.0
343,Wandy Peralta,SDP,0.0,73.55499999999999,72.303,200,6.382978723404256,4.255319148936171,0.0,2.1276595744680855,21.276595744680854,4.255319148936171,32.865,16.4325,15.649999999999997,3.912499999999999,0.7825000000000001,2.3475,61.035,29.735,7.46,3.64,3.8,1.31,19.5,9.5,1.0,71.0,71.2,313.0,8.450704225352112,1.4084507042253522,,0.0,5.633802816901409,1.4084507042253522,21.08626198083067,9.26517571884984,7.987220447284344,1.5974440894568689,0.9584664536741214,0.6389776357827476,63.0,30.0,7.91,3.77,3.14,1.34,20.1,9.6,313.0
346,Chad Patrick,MIL,0.0,113.8867924528302,119.10660377358492,106,4.166666666666666,4.166666666666666,0.0,0.0,4.166666666666666,0.0,107.44037023851907,58.196867212531146,53.720185119259526,17.90672837308651,0.0,4.476682093271627,109.14150943396228,33.216981132075475,8.31,2.58,4.2,1.24,21.69811320754717,6.60377358490566,23.0,27.0,119.2,503.0,11.11111111111111,29.629629629629626,,0.0,3.7037037037037033,0.0,22.46520874751491,9.74155069582505,9.343936381709742,2.584493041749503,0.19880715705765406,0.7952286282306162,127.0,40.0,9.55,3.01,3.53,1.28,25.2,8.0,503.0
349,Joey Lucchesi,SFG,2.2,28.6,37.620000000000005,75,7.6923076923076925,7.6923076923076925,2.9333333333333336,0.0,7.6923076923076925,0.0,49.866666666666674,26.400000000000002,23.46666666666667,5.866666666666667,0.0,0.0,28.6,15.400000000000002,6.62,3.59,4.1,1.4,17.333333333333336,9.333333333333334,0.0,38.0,38.1,165.0,0.0,2.631578947368421,,0.0,15.789473684210526,0.0,21.21212121212121,10.303030303030303,9.696969696969697,2.4242424242424243,0.6060606060606061,1.2121212121212122,31.0,12.0,7.28,2.82,3.76,1.23,18.8,7.3,165.0
351,Gordon Graceffo,STL,2.6805555555555554,26.805555555555554,44.363194444444446,144,10.0,10.0,0.9307484567901234,0.0,10.0,0.0,32.57619598765432,16.75347222222222,15.822723765432098,3.7229938271604937,0.0,0.9307484567901234,34.84722222222222,16.083333333333332,7.1,3.12,4.56,1.39,18.055555555555554,8.333333333333332,0.0,26.0,43.0,193.0,11.538461538461538,3.8461538461538463,,3.8461538461538463,0.0,7.6923076923076925,25.906735751295333,17.098445595854923,15.544041450777202,1.0362694300518136,0.0,1.0362694300518136,40.0,13.0,8.37,2.72,6.28,1.47,20.7,6.7,193.0
353,Travis Adams,MIN,2.7719298245614037,22.17543859649123,36.31228070175439,57,12.5,12.5,0.0,0.0,12.5,0.0,68.08248691905202,34.04124345952601,34.04124345952601,9.726069559864573,0.0,4.863034779932287,27.71929824561404,11.087719298245617,6.68,2.84,4.56,1.35,17.543859649122805,7.017543859649122,2.0,18.0,33.2,158.0,5.555555555555555,22.22222222222222,,0.0,11.11111111111111,5.555555555555555,24.68354430379747,18.354430379746837,17.72151898734177,3.79746835443038,0.0,1.89873417721519,31.0,17.0,8.29,4.54,7.49,1.66,19.6,10.8,158.0
357,Brad Keller,CHC,5.411764705882353,43.294117647058826,60.07058823529412,51,12.5,12.5,0.0,0.0,0.0,0.0,127.33564013840831,63.667820069204154,63.667820069204154,10.611303344867359,0.0,10.611303344867359,48.70588235294118,27.058823529411768,7.0,3.76,4.49,1.45,17.647058823529413,9.803921568627452,1.0,68.0,69.2,276.0,5.88235294117647,2.941176470588235,,4.411764705882353,36.76470588235294,4.411764705882353,16.304347826086957,6.521739130434782,5.797101449275362,1.4492753623188406,0.0,2.1739130434782608,75.0,22.0,9.69,2.84,2.07,0.96,27.200000000000003,8.0,276.0
362,Yerry De Los Santos,NYY,0.0,34.87179487179487,36.92307692307692,78,5.88235294117647,5.88235294117647,0.0,0.0,11.76470588235294,5.88235294117647,47.337278106508876,23.668639053254438,21.0387902695595,5.259697567389875,2.6298487836949374,2.6298487836949374,30.769230769230766,14.358974358974358,7.38,3.28,4.19,1.37,19.230769230769234,8.974358974358974,0.0,25.0,35.2,160.0,0.0,4.0,,0.0,12.0,0.0,23.125,9.375,8.125,0.625,0.0,0.625,28.0,17.0,7.07,4.29,3.28,1.51,17.5,10.6,160.0
369,Michael Kelly,ATH,0.0,35.57142857142857,37.94285714285714,84,5.555555555555556,5.555555555555556,0.0,0.0,11.111111111111112,0.0,42.3469387755102,21.1734693877551,21.1734693877551,4.705215419501134,0.0,2.352607709750567,35.57142857142857,15.80952380952381,8.03,3.47,3.91,1.29,21.428571428571427,9.523809523809524,0.0,42.0,39.2,166.0,9.523809523809524,9.523809523809524,,4.761904761904762,16.666666666666664,2.380952380952381,19.27710843373494,10.240963855421686,8.433734939759036,3.0120481927710845,1.8072289156626504,0.6024096385542169,29.0,19.0,6.58,4.31,3.18,1.29,17.5,11.4,166.0
373,Ian Gibaut,CIN,0.0,22.244897959183675,24.691836734693876,49,10.0,10.0,0.0,0.0,30.0,10.0,49.93752603082049,27.238650562265722,22.698875468554768,4.539775093710953,0.0,4.539775093710953,24.46938775510204,11.122448979591836,8.51,3.87,4.26,1.41,22.448979591836736,10.20408163265306,0.0,25.0,25.1,109.0,0.0,4.0,,0.0,12.0,4.0,23.853211009174313,11.926605504587156,11.926605504587156,2.7522935779816518,0.0,0.0,15.0,8.0,5.33,2.84,4.62,1.34,13.8,7.3,109.0
374,Cole Sulser,TBR,0.0,19.09090909090909,20.90909090909091,99,4.761904761904763,4.761904761904763,0.0,0.0,9.523809523809524,4.761904761904763,19.283746556473826,11.019283746556473,10.1010101010101,2.7548209366391183,0.9182736455463729,0.9182736455463729,19.09090909090909,9.09090909090909,8.38,3.88,4.23,1.35,21.21212121212121,10.1010101010101,0.0,18.0,22.2,90.0,11.11111111111111,5.555555555555555,,0.0,0.0,5.555555555555555,22.22222222222222,5.555555555555555,5.555555555555555,1.1111111111111112,1.1111111111111112,0.0,22.0,7.0,8.74,2.78,1.99,1.19,24.4,7.8,90.0
378,Chris Murphy,BOS,0.0,26.90909090909091,33.63636363636364,22,0.0,0.0,0.0,0.0,0.0,0.0,152.8925619834711,91.73553719008265,91.73553719008265,30.57851239669422,0.0,0.0,33.63636363636364,13.454545454545457,8.49,3.61,4.56,1.4,22.727272727272727,9.090909090909092,0.0,23.0,34.2,148.0,13.043478260869565,0.0,,0.0,4.3478260869565215,0.0,14.18918918918919,8.108108108108109,8.108108108108109,2.7027027027027026,0.6756756756756757,3.3783783783783785,30.0,20.0,7.79,5.19,3.12,1.18,20.3,13.5,148.0
379,Janson Junk,MIA,5.321428571428571,74.5,101.63928571428572,84,7.142857142857142,7.142857142857142,0.0,0.0,7.142857142857142,0.0,133.03571428571428,69.68537414965986,63.35034013605442,19.005102040816325,0.0,6.335034013605442,74.5,31.928571428571427,6.71,2.84,4.85,1.42,16.666666666666664,7.142857142857142,16.0,21.0,110.0,447.0,28.57142857142857,19.047619047619047,,4.761904761904762,0.0,0.0,25.05592841163311,12.080536912751679,11.409395973154362,1.7897091722595078,0.0,0.8948545861297539,77.0,13.0,6.3,1.06,4.17,1.14,17.2,2.89999999999999,447.0
383,Grant Wolfram,MIL,0.0,28.5,30.4,70,6.666666666666667,6.666666666666667,0.0,0.0,6.666666666666667,0.0,40.714285714285715,21.714285714285715,21.714285714285715,5.428571428571429,0.0,2.7142857142857144,30.4,15.2,8.69,4.18,4.31,1.4,22.857142857142858,11.428571428571429,0.0,21.0,26.2,133.0,14.285714285714285,4.761904761904762,,0.0,4.761904761904762,0.0,26.31578947368421,15.037593984962406,12.030075187969924,1.5037593984962405,0.7518796992481203,0.7518796992481203,31.0,15.0,10.46,5.06,5.4,1.88,23.3,11.3,133.0
385,Nabil Crismatt,PHI,0.0,29.612903225806452,35.041935483870965,31,16.666666666666664,16.666666666666664,0.0,0.0,0.0,0.0,111.44640998959416,63.68366285119668,63.68366285119668,15.92091571279917,0.0,0.0,29.612903225806452,9.870967741935484,8.02,2.71,4.57,1.32,19.35483870967742,6.451612903225806,5.0,8.0,34.0,153.0,37.5,0.0,,0.0,0.0,0.0,26.143790849673206,13.071895424836603,9.15032679738562,3.9215686274509802,0.0,0.6535947712418301,25.0,9.0,6.62,2.38,3.71,1.44,16.3,5.8999999999999995,153.0
388,Dietrich Enns,DET,0.0,43.333333333333336,46.66666666666667,60,7.6923076923076925,7.6923076923076925,0.0,0.0,7.6923076923076925,0.0,72.22222222222221,38.88888888888889,38.88888888888889,11.111111111111112,0.0,0.0,43.333333333333336,20.0,8.68,3.68,4.41,1.36,21.666666666666668,10.0,3.0,24.0,46.1,200.0,12.5,12.5,,8.333333333333332,16.666666666666664,0.0,25.0,12.5,10.5,3.0,2.0,0.0,49.0,15.0,9.52,2.91,4.08,1.4,24.5,7.5,200.0
390,Drew Pomeranz,SEA,0.0,44.29090909090909,47.981818181818184,55,0.0,8.333333333333334,0.0,0.0,8.333333333333334,0.0,73.81818181818181,40.264462809917354,40.264462809917354,13.421487603305785,0.0,0.0,51.67272727272727,22.145454545454545,9.37,3.83,3.86,1.31,25.454545454545453,10.909090909090908,4.0,57.0,49.2,203.0,3.508771929824561,3.508771929824561,,1.7543859649122806,24.561403508771928,3.508771929824561,18.7192118226601,6.896551724137931,5.911330049261084,2.4630541871921183,0.49261083743842365,2.4630541871921183,57.0,15.0,10.33,2.72,2.17,1.07,28.1,7.4,203.0
393,Andrew Saalfrank,ARI,0.0,25.367346938775512,25.59795918367347,49,9.090909090909092,0.0,0.0,0.0,9.090909090909092,0.0,51.770095793419415,23.53186172428155,23.53186172428155,4.70637234485631,4.70637234485631,0.0,23.06122448979592,13.836734693877553,8.2,4.49,3.93,1.45,20.40816326530612,12.244897959183673,0.0,28.0,29.0,113.0,7.142857142857142,3.571428571428571,,10.714285714285714,17.857142857142858,7.142857142857142,16.8141592920354,4.424778761061947,3.5398230088495577,0.8849557522123894,0.8849557522123894,0.0,19.0,10.0,5.9,3.1,1.24,1.0,16.8,8.799999999999999,113.0
396,Justin Hagenman,NYM,0.0,22.0,22.366666666666664,54,8.333333333333332,8.333333333333332,0.0,0.0,8.333333333333332,0.0,40.74074074074074,23.76543209876543,20.37037037037037,6.790123456790123,0.0,3.3950617283950617,22.0,7.333333333333333,8.39,2.89,4.35,1.29,22.22222222222222,7.4074074074074066,1.0,9.0,23.2,99.0,0.0,11.11111111111111,,11.11111111111111,0.0,0.0,24.242424242424242,13.131313131313133,12.121212121212121,4.040404040404041,0.0,1.0101010101010102,23.0,2.0,8.75,0.76,4.56,1.1,23.19999999999999,2.0,99.0
399,Brad Lord,WSN,0.0,112.1917808219178,127.15068493150685,73,6.666666666666667,6.666666666666667,0.0,0.0,6.666666666666667,0.0,174.17902045411898,92.21242259335709,81.96659786076187,20.491649465190466,0.0,10.245824732595233,104.71232876712328,37.3972602739726,7.21,2.78,4.46,1.32,19.17808219178082,6.8493150684931505,19.0,48.0,130.2,546.0,10.416666666666668,20.833333333333336,,0.0,14.583333333333334,0.0,23.076923076923077,11.904761904761903,11.538461538461538,3.1135531135531136,0.0,0.5494505494505495,108.0,43.0,7.44,2.96,4.34,1.29,19.8,7.9,546.0
