#,Name,Team,G,AB,PA,HIP,H,1B,2B,3B,HR,R,RBI,BB,IBB,SO,HBP,SF,SH,SB,CS,NSB,AVG,OBP,SLG,OPS,BABIP,K%,BB%,real_AB,real_PA,real_HIP,real_H,real_1B,real_2B,real_3B,real_HR,real_R,real_RBI,real_BB,real_IBB,real_SO,real_HBP,real_SF,real_SH,real_SB,real_CS,real_NSB,real_AVG,real_OBP,real_SLG,real_OPS,real_BABIP,real_K%,real_BB%,Unnamed: 54,Unnamed: 55,Unnamed: 56,Unnamed: 57,Unnamed: 58,Unnamed: 59,Unnamed: 60,Unnamed: 61,Unnamed: 62
1,Aaron Judge,NYY,156,386.4375,458.0,75.65178571428572,0.2366071428571429,0.7747747747747747,0.22522522522522523,0.0,0.07142857142857142,0.16517857142857145,0.18601190476190477,0.14136904761904762,0.014880952380952382,0.2619047619047619,0.007440476190476192,0.005952380952380953,0.0,0.013392857142857142,0.0029761904761904756,0.010416666666666668,0.28,0.385991058,0.578483245,0.964474303,0.319884726,26.19047619,14.13690476,367,458,61,0.21397379912663755,0.7377049180327869,0.26229508196721313,0.0,0.08078602620087336,0.17248908296943233,0.16375545851528384,0.19213973799126638,0.019650655021834062,0.2838427947598253,0.0,0.006550218340611353,0.0,0.006550218340611353,0.002183406113537118,0.004366812227074236,0.267,0.406,0.613,1.019,0.3,28.4,19.2,,,,,,,,,
2,Trea Turner,PHI,156,633.4166666666666,691.0,165.55208333333331,0.27678571428571425,0.7515527950310561,0.22360248447204972,0.02484472049689441,0.03720238095238096,0.1547619047619048,0.13244047619047616,0.06994047619047619,0.001488095238095238,0.18005952380952384,0.005952380952380952,0.005952380952380952,0.0,0.04017857142857143,0.005952380952380952,0.03422619047619048,0.301,0.353204173,0.49512987,0.848334043,0.339662447,18.00595238,6.994047619,639,691,144,0.2460202604920405,0.7222222222222222,0.24305555555555555,0.034722222222222224,0.03762662807525326,0.1476121562952243,0.10998552821997105,0.06512301013024602,0.002894356005788712,0.2170767004341534,0.008683068017366137,0.001447178002894356,0.0,0.04341534008683068,0.0,0.04341534008683068,0.266,0.32,0.459,0.778,0.31,21.7,6.5,,,,,,,,,
3,Nolan Arenado,STL,156,550.9821428571429,612.0,124.76785714285714,0.24553571428571427,0.708029197080292,0.2846715328467153,0.0072992700729927,0.041666666666666664,0.11160714285714286,0.15327380952380956,0.08333333333333333,0.005952380952380952,0.12202380952380952,0.010416666666666666,0.005952380952380952,0.0,0.005952380952380952,0.0029761904761904773,0.0029761904761904773,0.273,0.339285714,0.479338843,0.818624557,0.274549098,12.20238095,8.333333333,560,612,123,0.2434640522875817,0.7723577235772358,0.21138211382113822,0.016260162601626018,0.042483660130718956,0.11601307189542484,0.15196078431372548,0.06699346405228758,0.008169934640522876,0.1650326797385621,0.004901960784313725,0.013071895424836602,0.0,0.004901960784313725,0.004901960784313725,0.0,0.266,0.315,0.459,0.774,0.279,16.5,6.7,,,,,,,,,
4,Francisco Lindor,NYM,156,610.3258928571429,687.0,128.8125,0.2261904761904762,0.7619047619047619,0.2142857142857143,0.023809523809523808,0.03869047619047619,0.13839285714285715,0.13690476190476192,0.0892857142857143,0.005952380952380953,0.17559523809523808,0.010416666666666666,0.007440476190476191,0.0029761904761904765,0.019345238095238096,0.007440476190476191,0.011904761904761906,0.255,0.32735426,0.440536013,0.767890273,0.27510917,17.55952381,8.928571429,602,687,122,0.22270742358078602,0.7131147540983607,0.27049180327868855,0.01639344262295082,0.04512372634643377,0.1572052401746725,0.14264919941775836,0.09606986899563319,0.001455604075691412,0.19941775836972345,0.017467248908296942,0.010189228529839884,0.0,0.04512372634643377,0.005822416302765648,0.039301310043668124,0.254,0.336,0.47,0.806,0.277,19.9,9.6,,,,,,,,,
5,Austin Riley,ATL,156,636.264881,715.0000000000001,136.1904761904762,0.24553571428571425,0.7187499999999999,0.265625,0.015625,0.0550595238095238,0.13988095238095238,0.16369047619047616,0.08333333333333333,0.002976190476190476,0.2425595238095238,0.019345238095238096,0.007440476190476189,0.0,0.0014880952380952378,0.0014880952380952378,0.0,0.276,0.348214286,0.525083612,0.873297898,0.317617866,24.25595238,8.333333333,636,715,142,0.25034965034965034,0.7535211267605634,0.22535211267605634,0.02112676056338028,0.05174825174825175,0.16363636363636364,0.13566433566433567,0.08251748251748252,0.005594405594405594,0.24055944055944056,0.012587412587412588,0.015384615384615385,0.0,0.004195804195804196,0.0013986013986013986,0.002797202797202797,0.281,0.345,0.516,0.861,0.324,24.1,8.3,,,,,,,,,
6,Marcus Semien,TEX,156,676.8035714285713,752.9999999999999,147.91071428571428,0.2380952380952381,0.7121212121212122,0.25,0.0303030303030303,0.04166666666666667,0.1488095238095238,0.11755952380952381,0.09077380952380953,0.0,0.17261904761904762,0.004464285714285714,0.005952380952380953,0.0,0.02380952380952381,0.007440476190476191,0.01636904761904762,0.264,0.333333333,0.470198675,0.803532009,0.284482759,17.26190476,9.077380952,670,753,156,0.2456839309428951,0.717948717948718,0.2564102564102564,0.02564102564102564,0.03851261620185923,0.16201859229747675,0.13280212483399734,0.09561752988047809,0.0013280212483399733,0.1460823373173971,0.006640106241699867,0.006640106241699867,0.0,0.01859229747675963,0.00398406374501992,0.014608233731739707,0.276,0.348,0.478,0.826,0.291,14.6,9.6,,,,,,,,,
7,Rafael Devers,BOS,156,593.5238095238095,656.0,138.6190476190476,0.26190476190476186,0.6901408450704226,0.3028169014084508,0.014084507042253523,0.050595238095238096,0.15625,0.16964285714285712,0.0818452380952381,0.013392857142857142,0.18898809523809523,0.008928571428571428,0.004464285714285714,0.0,0.005952380952380952,0.004464285714285714,0.001488095238095238,0.29,0.352678571,0.536184211,0.888862782,0.315555556,18.89880952,8.18452381,580,656,124,0.23932926829268292,0.7258064516129032,0.27419354838709675,0.0,0.05030487804878049,0.13719512195121952,0.1524390243902439,0.09451219512195122,0.01524390243902439,0.19207317073170732,0.01676829268292683,0.004573170731707317,0.0,0.007621951219512195,0.001524390243902439,0.006097560975609756,0.271,0.351,0.5,0.851,0.292,19.2,9.5,,,,,,,,,
8,Manny Machado,SDP,156,533.9241071428572,601.0,115.37053571428572,0.23660714285714288,0.7596899224806202,0.2325581395348837,0.007751937984496124,0.044642857142857144,0.13839285714285715,0.15029761904761904,0.09821428571428573,0.013392857142857142,0.18898809523809523,0.002976190476190477,0.00892857142857143,0.0,0.013392857142857142,0.002976190476190477,0.010416666666666668,0.266,0.338301043,0.470686767,0.80898781,0.289237668,18.89880952,9.821428571,543,601,110,0.23294509151414308,0.8090909090909091,0.19090909090909092,0.0,0.04991680532445923,0.12479201331114809,0.15141430948419302,0.08319467554076539,0.0016638935108153079,0.18136439267886856,0.0033277870216306157,0.009983361064891847,0.0,0.004991680532445923,0.0033277870216306157,0.0016638935108153079,0.258,0.319,0.462,0.782,0.268,18.1,8.3,,,,,,,,,
9,Freddie Freeman,LAD,156,634.4047619047618,730.0,155.3422619047619,0.2544642857142857,0.7552447552447552,0.2377622377622378,0.013986013986013983,0.041666666666666664,0.1607142857142857,0.16369047619047616,0.11755952380952381,0.017857142857142856,0.15476190476190477,0.008928571428571428,0.004464285714285714,0.0,0.013392857142857142,0.002976190476190475,0.010416666666666666,0.293,0.380952381,0.503424658,0.884377038,0.314285714,15.47619048,11.75595238,637,730,182,0.28904109589041094,0.6648351648351648,0.3241758241758242,0.01098901098901099,0.03972602739726028,0.17945205479452056,0.13972602739726028,0.09863013698630137,0.01643835616438356,0.16575342465753426,0.021917808219178082,0.00684931506849315,0.0,0.031506849315068496,0.0013698630136986301,0.030136986301369864,0.331,0.41,0.567,0.976,0.37,16.6,9.9,,,,,,,,,
10,Paul Goldschmidt,STL,156,600.1026785714286,687.0,135.96875,0.23958333333333334,0.7368421052631579,0.2556390977443609,0.0075187969924812035,0.041666666666666664,0.14285714285714285,0.15327380952380953,0.1130952380952381,0.0014880952380952382,0.22023809523809526,0.005952380952380953,0.005952380952380953,0.0,0.010416666666666666,0.0014880952380952382,0.008928571428571428,0.275,0.359165425,0.478705281,0.837870706,0.320481928,22.02380952,11.30952381,593,687,134,0.2314410480349345,0.7686567164179104,0.23134328358208955,0.0,0.036390101892285295,0.12954876273653565,0.11644832605531295,0.12663755458515283,0.008733624454148471,0.23435225618631733,0.004366812227074236,0.004366812227074236,0.0,0.01601164483260553,0.002911208151382824,0.013100436681222707,0.268,0.363,0.447,0.81,0.327,23.4,12.7,,,,,,,,,
11,Matt Olson,ATL,156,621.4285714285714,720.0,121.07142857142858,0.22321428571428573,0.6814159292035398,0.3185840707964601,0.0,0.0550595238095238,0.13392857142857145,0.1681547619047619,0.11755952380952381,0.011904761904761904,0.21875,0.011904761904761904,0.00744047619047619,0.0,0.001488095238095238,0.001488095238095238,0.0,0.259,0.352678571,0.512068966,0.864747537,0.281795511,21.875,11.75595238,608,720,118,0.2388888888888889,0.7457627118644068,0.2288135593220339,0.025423728813559324,0.075,0.1763888888888889,0.19305555555555556,0.14444444444444443,0.011111111111111112,0.23194444444444445,0.005555555555555556,0.005555555555555556,0.0,0.001388888888888889,0.0,0.001388888888888889,0.283,0.389,0.604,0.993,0.302,23.2,14.4,,,,,,,,,
12,Juan Soto,SDP,154,552.5593984962406,708.0,119.2421052631579,0.21203007518796993,0.7678571428937148,0.21428571428571427,0.01785714285714286,0.04360902255639098,0.16090225563909774,0.12631578947368421,0.21052631578947367,0.018045112781954885,0.15338345864661654,0.004511278195488723,0.004511278195488723,0.0,0.013533834586466167,0.004511278195488723,0.009022556390977446,0.272,0.427067669,0.493256262,0.920323931,0.286445013,15.33834586,21.05263158,568,708,121,0.22033898305084745,0.7272727272727273,0.2644628099173554,0.008264462809917356,0.04943502824858757,0.1370056497175141,0.153954802259887,0.1864406779661017,0.015536723163841809,0.18220338983050846,0.002824858757062147,0.007062146892655367,0.0014124293785310734,0.01694915254237288,0.007062146892655367,0.009887005649717515,0.275,0.41,0.519,0.93,0.296,18.2,18.6,,,,,,,,,
13,Alex Bregman,HOU,154,605.3293233082707,723.9999999999999,138.2676691729323,0.2285714285714286,0.7007874015748033,0.2913385826771654,0.007874015748031498,0.03759398496240601,0.1443609022556391,0.15338345864661654,0.13834586466165416,0.0030075187969924814,0.12030075187969927,0.015037593984962409,0.012030075187969926,0.0,0.0030075187969924814,0.0015037593984962407,0.0015037593984962407,0.273,0.381381381,0.478417266,0.859798648,0.276688453,12.03007519,13.83458647,622,724,138,0.22513812154696133,0.7681159420289855,0.2028985507246377,0.028985507246376812,0.034530386740331494,0.14226519337016574,0.13535911602209943,0.1270718232044199,0.0013812154696132596,0.12016574585635359,0.011049723756906077,0.0027624309392265192,0.0,0.004143646408839779,0.0013812154696132596,0.0027624309392265192,0.262,0.363,0.441,0.804,0.27,12.0,12.7,,,,,,,,,
14,Matt Chapman,TOR,154,501.4947368421053,581.0,89.98947368421054,0.2030075187969925,0.7087378640776699,0.27184466019417475,0.019417475728155338,0.0481203007518797,0.13834586466165413,0.13834586466165413,0.1142857142857143,0.0,0.27819548872180455,0.013533834586466165,0.009022556390977444,0.0,0.0030075187969924814,0.0030075187969924814,0.0,0.236,0.330827068,0.458188153,0.789015221,0.283746556,27.81954887,11.42857143,509,581,105,0.2099827882960413,0.6095238095238096,0.37142857142857144,0.01904761904761905,0.029259896729776247,0.11359724612736662,0.09294320137693632,0.10671256454388985,0.0017211703958691911,0.28399311531841653,0.013769363166953529,0.0034423407917383822,0.0,0.0068846815834767644,0.0034423407917383822,0.0034423407917383822,0.24,0.33,0.424,0.755,0.319,28.4,10.7,,,,,,,,,
15,Dansby Swanson,CHC,154,576.5984962406014,638.0,126.6406015037594,0.23458646616541354,0.7500000000000001,0.23484848484848483,0.01515151515151515,0.036090225563909784,0.13684210526315788,0.12932330827067667,0.081203007518797,0.0015037593984962407,0.24360902255639097,0.0075187969924812035,0.0075187969924812035,0.0,0.018045112781954885,0.006015037593984962,0.012030075187969924,0.259,0.323308271,0.437603993,0.760912264,0.314285714,24.36090226,8.120300752,565,638,116,0.21630094043887146,0.7586206896551724,0.21551724137931033,0.02586206896551724,0.034482758620689655,0.12695924764890282,0.12539184952978055,0.10344827586206896,0.0,0.2413793103448276,0.007836990595611285,0.003134796238244514,0.0,0.014106583072100314,0.001567398119122257,0.012539184952978056,0.244,0.328,0.416,0.744,0.297,24.1,10.3,,,,,,,,,
16,Pete Alonso,NYM,154,572.9052631578948,658.0,110.82105263157894,0.22706766917293233,0.7410714285714286,0.24999999999999997,0.00892857142857143,0.05864661654135338,0.13233082706766916,0.17293233082706766,0.10075187969924812,0.015037593984962407,0.19999999999999998,0.021052631578947368,0.0075187969924812035,0.0,0.004511278195488722,0.0015037593984962407,0.0030075187969924814,0.261,0.34887218,0.514680484,0.863552664,0.27184466,20.0,10.07518797,568,658,77,0.18693009118541035,0.7012987012987013,0.2727272727272727,0.025974025974025976,0.06990881458966565,0.1398176291793313,0.17933130699088146,0.09878419452887538,0.00911854103343465,0.22948328267477203,0.031914893617021274,0.0060790273556231,0.0,0.0060790273556231,0.001519756838905775,0.004559270516717325,0.217,0.318,0.504,0.821,0.205,22.9,9.9,,,,,,,,,
17,Bryan Reynolds,PIT,154,563.9699248120301,640.0,130.88721804511277,0.24060150375939848,0.7352941176183364,0.22058823529411759,0.03676470588091682,0.03609022556390977,0.1308270676691729,0.10827067669172932,0.09924812029687499,0.0075187969921875,0.21353383458646613,0.015037593984375,0.004511278195488721,0.0,0.0075187969921875,0.004511278195488721,0.0030075187969924814,0.272,0.354887218,0.462457338,0.817344556,0.321513002,21.35338346,9.92481203,574,640,127,0.2359375,0.7165354330708661,0.2440944881889764,0.03937007874015748,0.0375,0.1328125,0.13125,0.0828125,0.003125,0.215625,0.0109375,0.009375,0.0,0.01875,0.0015625,0.0171875,0.263,0.33,0.46,0.79,0.304,21.6,8.3,,,,,,,,,
18,Christian Walker,ARI,154,582.4751879699248,661.0,121.26616541353383,0.22406015037593985,0.7295081967213115,0.25409836065573776,0.008196721311475412,0.0406015037593985,0.13082706767019667,0.1293233082753404,0.10225563909774436,0.003007518796992482,0.2180451127819549,0.010526315789473684,0.007518796992481204,0.0,0.003007518796992482,0.001503759398496241,0.001503759398496241,0.254,0.336336336,0.447098976,0.783435312,0.291169451,21.80451128,10.22556391,582,661,117,0.22692889561270801,0.6752136752136753,0.3076923076923077,0.017094017094017096,0.049924357034795766,0.13010590015128592,0.15582450832072617,0.09379727685325265,0.0045385779122541605,0.19213313161875945,0.012102874432677761,0.012102874432677761,0.0,0.01664145234493192,0.0,0.01664145234493192,0.258,0.333,0.497,0.83,0.272,19.2,9.4,,,,,,,,,
19,Anthony Santander,BAL,154,595.8255639097745,656.0,120.34887218045117,0.23308270676691734,0.7295081967213113,0.27049180327868844,0.0,0.04962406015037594,0.13082706766917293,0.15037593984962405,0.07067669172932331,0.0015037593984962407,0.19849624060150375,0.013533834586466165,0.007518796992481203,0.0,0.0015037593984962407,0.003007518796992482,-0.0015037593978658537,0.256,0.317293233,0.475165563,0.792458796,0.274774775,19.84962406,7.067669173,591,656,124,0.23170731707317074,0.6612903225806451,0.33064516129032256,0.008064516129032258,0.042682926829268296,0.12347560975609756,0.1448170731707317,0.08384146341463415,0.001524390243902439,0.23170731707317074,0.009146341463414634,0.006097560975609756,0.0,0.007621951219512195,0.001524390243902439,0.006097560975609756,0.257,0.325,0.472,0.797,0.299,23.2,8.4,,,,,,,,,
21,Kyle Tucker,HOU,152,602.2978723404256,674.0,130.08814589665656,0.24164133738601826,0.6929133858267714,0.2755905511811024,0.023622047244094484,0.0486322188449848,0.13981762918397625,0.1838905775075988,0.09574468085106384,0.006079027356083086,0.1717325227963526,0.00303951367781155,0.006079027356083086,0.0,0.03647416413373861,0.004559270516717325,0.031914893617021274,0.27,0.340943683,0.50170068,0.842644364,0.284116331,17.17325228,9.574468085,574,674,134,0.24183976261127596,0.6865671641791045,0.27611940298507465,0.03731343283582089,0.04302670623145401,0.14391691394658754,0.1661721068249258,0.11869436201780416,0.013353115727002967,0.13649851632047477,0.004451038575667656,0.01483679525222552,0.0,0.04451038575667656,0.00741839762611276,0.037091988130563795,0.284,0.369,0.517,0.886,0.289,13.6,11.9,,,,,,,,,
22,Bo Bichette,TOR,152,558.0714285714286,601.0,132.43920972644375,0.2598784194528875,0.7448275862068966,0.25517241379310346,0.006896551724137932,0.03951367781155015,0.1458966565391015,0.15045592705167174,0.062310030399334436,0.0,0.2082066869300912,0.004559270516717325,0.004559270516717325,0.0,0.0243161094224924,0.00911854103343465,0.015197568389057751,0.28,0.32674772,0.47299509,0.79974281,0.321507761,20.82066869,6.23100304,571,601,155,0.2911813643926789,0.7870967741935484,0.1935483870967742,0.01935483870967742,0.033277870216306155,0.11480865224625623,0.12146422628951747,0.04492512479201331,0.0,0.1913477537437604,0.0033277870216306157,0.0016638935108153079,0.0,0.008319467554076539,0.004991680532445923,0.0033277870216306157,0.306,0.339,0.475,0.814,0.355,19.1,4.5,,,,,,,,,
24,Adolis Garcia,TEX,152,585.8966565349544,632.0,113.33738601823708,0.22644376899696048,0.7203389830508474,0.24576271186440676,0.03389830508691804,0.04711246200607903,0.1413373860182371,0.14893617021276595,0.0547112462006079,0.0015197568386075948,0.2978723404255319,0.0121580547112462,0.0060790273560126585,0.0,0.02887537993920973,0.010638297872340425,0.01823708207278481,0.245,0.29331307,0.457377049,0.750690119,0.304909561,29.78723404,5.47112462,555,632,97,0.21518987341772153,0.7010309278350515,0.29896907216494845,0.0,0.061708860759493674,0.17088607594936708,0.16930379746835442,0.10284810126582279,0.0,0.27689873417721517,0.00949367088607595,0.00949367088607595,0.0,0.014240506329113924,0.0015822784810126582,0.012658227848101266,0.245,0.328,0.508,0.836,0.28,27.7,10.3,,,,,,,,,
25,Jose Ramirez,CLE,151,605.0230414746544,691.0000000000001,131.61904761904765,0.23809523809523808,0.6612903225976844,0.3145161290014471,0.03225806451612903,0.04761904761904761,0.14592933947772657,0.16897081413210446,0.10445468509984637,0.019969278033794162,0.12903225806451613,0.00921658986175115,0.00921658986175115,0.0,0.030721966205837174,0.007680491551459293,0.023041474654377878,0.272,0.352307692,0.519298246,0.871605938,0.268980477,12.90322581,10.44546851,611,691,148,0.24891461649782923,0.722972972972973,0.24324324324324326,0.033783783783783786,0.03473227206946455,0.12590448625180897,0.11577424023154848,0.10564399421128799,0.03183791606367583,0.10564399421128799,0.001447178002894356,0.008683068017366137,0.0,0.04052098408104197,0.008683068017366137,0.03183791606367583,0.282,0.356,0.475,0.831,0.285,10.6,10.6,,,,,,,,,
26,Mookie Betts,LAD,151,605.7096774193548,693.0,129.8709677419355,0.2350230414746544,0.7049180328117237,0.2786885245901639,0.02459016393442623,0.047619047619047616,0.1797235023041475,0.1443932411674347,0.10752688172043011,0.0030721966205837174,0.15821812596006143,0.01075268817204301,0.007680491551226552,0.0,0.019969278033794162,0.004608294930875576,0.015360983102918587,0.27,0.353302611,0.504393673,0.857696284,0.277272727,15.8218126,10.75268817,584,693,140,0.2582972582972583,0.7071428571428572,0.2857142857142857,0.007142857142857143,0.05627705627705628,0.18181818181818182,0.1544011544011544,0.13852813852813853,0.004329004329004329,0.1544011544011544,0.011544011544011544,0.007215007215007215,0.0,0.020202020202020204,0.004329004329004329,0.015873015873015872,0.307,0.408,0.579,0.987,0.316,15.4,13.9,,,,,,,,,
27,Julio Rodriguez,SEA,149,647.4782608695652,714.0,140.80434782608697,0.24534161490683232,0.7637795275590551,0.20472440944881892,0.023622047244094488,0.04813664596273292,0.15062111801242237,0.15372670807453417,0.07763975155279504,0.006211180124223603,0.2484472049689441,0.013975155280112044,0.0015527950310559007,0.0,0.046583850931677016,0.012422360248447206,0.034161490683229816,0.27,0.336956522,0.482876712,0.819833234,0.322335025,24.8447205,7.763975155,654,714,148,0.25210084033613445,0.7364864864864865,0.25,0.013513513513513514,0.04481792717086835,0.14285714285714285,0.14425770308123248,0.06582633053221289,0.008403361344537815,0.24509803921568626,0.015406162464985995,0.0028011204481792717,0.0,0.05182072829131653,0.014005602240896359,0.037815126050420166,0.275,0.333,0.485,0.818,0.33,24.5,6.6,,,,,,,,,
28,Jose Altuve,HOU,149,364.1614906832298,410.0,84.03726708074534,0.2468944099378882,0.7424242424242425,0.24999999999999994,0.007575757575757577,0.04192546583850932,0.16149068321951218,0.11180124223602485,0.09627329192546584,0.0031055900621118015,0.14906832298136646,0.009316770186335406,0.004658385093167702,0.0,0.017080745341614908,0.0031055900621118015,0.013975155279503106,0.279,0.353032659,0.480769231,0.83380189,0.292035398,14.9068323,9.627329193,360,410,95,0.2731707317073171,0.7578947368421053,0.22105263157894736,0.021052631578947368,0.041463414634146344,0.18536585365853658,0.12439024390243902,0.1073170731707317,0.0,0.17317073170731706,0.012195121951219513,0.0024390243902439024,0.0,0.03414634146341464,0.004878048780487805,0.02926829268292683,0.311,0.393,0.522,0.915,0.348,17.3,10.7,,,,,,,,,
29,Xander Bogaerts,SDP,149,584.4565217391304,665.0,136.30434782608697,0.2360248447204969,0.765151515151515,0.23484848484848483,0.0,0.031055900621118016,0.1366459627368421,0.11956521739130435,0.10093167702255638,0.0031055900621118015,0.19099378881987575,0.009316770186335402,0.009316770186335402,0.0,0.009316770186335402,0.0015527950310559005,0.007763975155279502,0.269,0.34681182,0.429328622,0.776140442,0.307692308,19.09937888,10.0931677,596,665,151,0.2556390977443609,0.7814569536423841,0.2052980132450331,0.013245033112582781,0.02857142857142857,0.12481203007518797,0.08721804511278196,0.08421052631578947,0.0,0.16541353383458646,0.010526315789473684,0.009022556390977444,0.0,0.02857142857142857,0.0030075187969924814,0.02556390977443609,0.285,0.35,0.44,0.79,0.319,16.5,8.4,,,,,,,,,
30,Randy Arozarena,TBR,149,580.8819875776397,654.0,131.0031055900621,0.2329192546583851,0.7054263565891473,0.2713178294573644,0.023255813953488375,0.03260869565217391,0.13043478260869565,0.13664596273291926,0.08229813664596274,0.004658385093167702,0.24689440993788822,0.024844720496894408,0.004658385093167702,0.0,0.040372670807453416,0.018633540372670808,0.021739130434782608,0.262,0.340062112,0.444055944,0.784118056,0.326582278,24.68944099,8.229813665,551,654,117,0.21406727828746178,0.811965811965812,0.1623931623931624,0.02564102564102564,0.035168195718654434,0.1452599388379205,0.12691131498470948,0.12232415902140673,0.0015290519877675841,0.23853211009174313,0.027522935779816515,0.00764525993883792,0.0,0.03363914373088685,0.01529051987767584,0.01834862385321101,0.254,0.364,0.425,0.789,0.31,23.9,12.2,,,,,,,,,
31,Bobby Witt Jr.,KCR,149,642.2732919254659,694.0000000000001,145.48136645962734,0.24534161490683226,0.688888888888889,0.2740740740740741,0.037037037037037035,0.03571428571428571,0.14440993788819878,0.14130434782608695,0.05745341614906831,0.003105590062111801,0.21894409937888196,0.009316770186335402,0.007763975155279502,0.0,0.04037267080745341,0.010869565217391304,0.0295031055900621,0.265,0.312111801,0.459731544,0.771843345,0.308924485,21.89440994,5.745341615,641,694,147,0.25504322766570603,0.7346938775510204,0.19047619047619047,0.07482993197278912,0.043227665706051875,0.13976945244956773,0.138328530259366,0.05763688760806916,0.001440922190201729,0.17435158501440923,0.005763688760806916,0.011527377521613832,0.001440922190201729,0.07060518731988473,0.021613832853025938,0.04899135446685879,0.276,0.319,0.495,0.813,0.295,17.4,5.8,,,,,,,,,
32,Ronald Acuna Jr.,ATL,147,632.3076923076923,734.9999999999999,136.15384615384613,0.23547880690737835,0.7542372881355932,0.23728813559322037,0.008474576271186439,0.05023547880690738,0.1695447409733124,0.1365777080062794,0.11773940345368918,0.006279434850863423,0.23390894819466249,0.017268445839874413,0.004709576138147566,0.0,0.04866562009419153,0.015698587127158554,0.03296703296703297,0.274,0.370486656,0.503649635,0.874136291,0.318918919,23.39089482,11.77394035,643,735,176,0.29523809523809524,0.7784090909090909,0.19886363636363635,0.022727272727272728,0.055782312925170066,0.20272108843537415,0.14421768707482993,0.10884353741496598,0.004081632653061225,0.11428571428571428,0.012244897959183673,0.004081632653061225,0.0,0.09931972789115646,0.01904761904761905,0.08027210884353742,0.337,0.416,0.596,1.012,0.338,11.4,10.9,,,,,,,,,
33,Cedric Mullins,BAL,147,411.4285714285714,455.0,93.57142857142857,0.23547880690737832,0.7557251908396948,0.22137404580152673,0.03053435114503817,0.029827315541601257,0.13343799058084774,0.10989010989010989,0.07378335949764521,0.0031397174254317113,0.18524332810047098,0.01098901098901099,0.007849293563579279,0.0031397174254317113,0.04395604395604396,0.012558869701726845,0.031397174254317116,0.261,0.321259843,0.425347222,0.746607065,0.295045045,18.52433281,7.37833595,404,455,79,0.20659340659340658,0.6708860759493671,0.2911392405063291,0.0379746835443038,0.03296703296703297,0.11208791208791209,0.16263736263736264,0.0945054945054945,0.002197802197802198,0.22197802197802197,0.002197802197802198,0.008791208791208791,0.006593406593406593,0.041758241758241756,0.006593406593406593,0.035164835164835165,0.233,0.305,0.416,0.721,0.271,22.2,9.5,,,,,,,,,
34,Vladimir Guerrero Jr.,TOR,147,607.0549451,681.9999999999999,137.04238618524332,0.2527472527472528,0.7578125,0.2265625,0.0078125,0.05180533751962324,0.14285714285714288,0.16169544740973313,0.09890109890109891,0.007849293563579279,0.1569858712715856,0.007849293563579279,0.0031397174254317113,0.0,0.009419152275659825,0.0031397174254317113,0.006279434850863423,0.284,0.359497645,0.511463845,0.87096149,0.293577982,15.69858713,9.89010989,602,682,133,0.23313782991202345,0.7744360902255639,0.22556390977443608,0.0,0.03812316715542522,0.11436950146627566,0.1378299120234604,0.09824046920821114,0.007331378299120235,0.1466275659824047,0.013196480938416423,0.005865102639296188,0.0,0.007331378299120235,0.004398826979472141,0.002932551319648094,0.264,0.345,0.444,0.788,0.277,14.7,9.8,,,,,,,,,
35,Ian Happ,CHC,147,609.6420722135007,690.9999999999999,123.66405023547878,0.2150706436420722,0.7192982456147969,0.2631578947368421,0.01754385964912281,0.03610675039246468,0.11773940345875546,0.11616954474097332,0.10361067503617948,0.0031397174254317113,0.24960753532182106,0.007849293562952244,0.0031397174254317113,0.0015698587127158557,0.012558869701726845,0.004709576138147567,0.007849293562952244,0.244,0.327559055,0.427046263,0.754605318,0.298429319,24.96075353,10.3610675,580,691,123,0.20839363241678727,0.6829268292682927,0.2845528455284553,0.032520325203252036,0.030390738060781478,0.12445730824891461,0.12156295224312591,0.14327062228654125,0.002894356005788712,0.22141823444283648,0.008683068017366137,0.008683068017366137,0.0,0.020260492040520984,0.004341534008683068,0.015918958031837915,0.248,0.36,0.431,0.791,0.299,22.1,14.3,,,,,,,,,
36,Willy Adames,MIL,146,576.2253968253968,638.0,115.44761904761904,0.22857142857142856,0.7105263157894737,0.2807017543859649,0.008771929824561405,0.047619047619047616,0.1365079365079365,0.14761904761904762,0.09206349206349206,0.0031746031746031746,0.26190476190476186,0.0015873015873015875,0.0031746031746031746,0.0,0.009523809523809523,0.0047619047619047615,0.0047619047619047615,0.252,0.322222222,0.471001757,0.79322398,0.303191489,26.19047619,9.206349206,553,638,96,0.18808777429467086,0.6770833333333334,0.3020833333333333,0.020833333333333332,0.03761755485893417,0.11442006269592477,0.12539184952978055,0.11128526645768025,0.001567398119122257,0.25862068965517243,0.009404388714733543,0.009404388714733543,0.0,0.007836990595611285,0.004702194357366771,0.003134796238244514,0.217,0.31,0.407,0.717,0.259,25.9,11.1,,,,,,,,,
38,Shohei Ohtani,LAA,146,521.0349206349206,599.0,101.7349206349206,0.22698412698412693,0.6915887850467292,0.2429906542056076,0.0560747663551402,0.05714285714285714,0.14126984126984127,0.14126984126984127,0.11904761904761905,0.020634920634920634,0.25396825396825395,0.006349206349206349,0.0047619047619047615,0.0,0.023809523809523805,0.01111111111111111,0.012698412698412698,0.26,0.352380952,0.525547445,0.877928398,0.301408451,25.3968254,11.9047619,497,599,107,0.25208681135225375,0.6822429906542056,0.24299065420560748,0.07476635514018691,0.07345575959933222,0.17028380634390652,0.15859766277128548,0.15191986644407346,0.035058430717863104,0.2387312186978297,0.005008347245409015,0.005008347245409015,0.0,0.0333889816360601,0.01001669449081803,0.02337228714524207,0.304,0.412,0.654,1.066,0.342,23.9,15.2,,,,,,,,,
39,Kyle Schwarber,PHI,146,616.0,720.0,99.42857142857143,0.2015873015873016,0.7126436781609194,0.26436781609195403,0.022988505747126436,0.06349206349206349,0.146031746031746,0.15873015873015872,0.13174603174603172,0.0047619047619047615,0.2873015873015873,0.007936507936507936,0.0047619047619047615,0.0,0.009523809523809523,0.0015873015873015873,0.007936507936507936,0.235,0.341269841,0.508348794,0.849618635,0.271028037,28.73015873,13.17460317,585,720,68,0.1597222222222222,0.7058823529411765,0.27941176470588236,0.014705882352941176,0.06527777777777778,0.15,0.14444444444444443,0.175,0.006944444444444444,0.2986111111111111,0.008333333333333333,0.004166666666666667,0.0,0.0,0.002777777777777778,-0.002777777777777778,0.197,0.343,0.474,0.817,0.209,29.9,17.5,,,,,,,,,
41,Nathaniel Lowe,TEX,146,643.5555555555555,724.0,150.54603174603173,0.24285714285714285,0.7786259541984732,0.20610687022900764,0.015267175572519085,0.03492063492063492,0.11746031746031746,0.11904761904761904,0.10158730158730157,0.003174603174603174,0.23015873015873015,0.006349206349206348,0.003174603174603174,0.0,0.004761904761904762,0.001587301587301587,0.003174603174603174,0.273,0.350793651,0.446428571,0.797222222,0.33164557,23.01587302,10.15873016,623,724,146,0.22513812154696133,0.7191780821917808,0.2602739726027397,0.02054794520547945,0.023480662983425413,0.12292817679558012,0.1132596685082873,0.12845303867403315,0.0027624309392265192,0.22790055248618785,0.006906077348066298,0.004143646408839779,0.0,0.0013812154696132596,0.0,0.0013812154696132596,0.262,0.36,0.414,0.775,0.329,22.8,12.8,,,,,,,,,
42,Christian Yelich,MIL,146,537.7015873015873,632.0,113.35873015873017,0.20793650793650795,0.7522123893805309,0.22123893805309733,0.026548672566371674,0.02857142857142857,0.14126984126984127,0.11111111111111112,0.13650793650793652,0.011111111111111112,0.2365079365079365,0.007936507936507936,0.0031746031746031746,0.0,0.026984126984126985,0.0047619047619047615,0.022222222222222223,0.245,0.352941176,0.402985075,0.755926251,0.30458221,23.65079365,13.65079365,550,632,134,0.24208860759493672,0.7388059701492538,0.2537313432835821,0.007462686567164179,0.030063291139240507,0.16772151898734178,0.12025316455696203,0.12341772151898735,0.011075949367088608,0.22151898734177214,0.004746835443037975,0.0015822784810126582,0.0,0.04430379746835443,0.004746835443037975,0.03955696202531646,0.278,0.37,0.447,0.818,0.342,22.2,12.3,,,,,,,,,
43,Alec Bohm,PHI,146,557.6587301587301,611.0,138.6873015873016,0.2507936507936508,0.7832167832167832,0.1958041958041958,0.013986013988303021,0.023809523809523808,0.12063492063492064,0.11904761904761905,0.0682539682487725,0.0015873015873015873,0.1873015873015873,0.006349206349206349,0.011111111111111112,0.0,0.0047619047619047615,0.0047619047619047615,0.0,0.274,0.325914149,0.406956522,0.732870671,0.318485523,18.73015873,6.825396825,558,611,133,0.25040916530278234,0.7669172932330827,0.23308270676691728,0.0,0.03273322422258593,0.12111292962356793,0.15875613747954173,0.06873977086743044,0.0016366612111292963,0.15384615384615385,0.008183306055646482,0.009819967266775777,0.0,0.006546644844517185,0.0016366612111292963,0.004909983633387889,0.274,0.327,0.437,0.765,0.296,15.4,6.9,,,,,,,,,
44,Carlos Correa,MIN,144,510.1765650080257,580.0,118.23434991974318,0.24398073836276082,0.7559055118110236,0.22834645666277492,0.007874015748031496,0.04012841091492777,0.13001605136436598,0.1332263242375602,0.10433386837881219,0.0032102728731942215,0.1974317817014446,0.006420545746388443,0.008025682182985553,0.0,0.0,0.0016051364365971107,-0.0016051364362068966,0.276,0.355305466,0.468978102,0.824283568,0.313580247,19.74317817,10.43338684,514,580,100,0.20344827586206896,0.69,0.29,0.02,0.03103448275862069,0.10344827586206896,0.11206896551724138,0.10172413793103448,0.005172413793103448,0.22586206896551725,0.006896551724137931,0.005172413793103448,0.0,0.0,0.0,0.0,0.23,0.312,0.399,0.711,0.272,22.6,10.2,,,,,,,,,
45,Brandon Nimmo,NYM,144,583.4767255216694,682.0,142.31139646869983,0.23113964686998395,0.7615384615384616,0.2,0.03846153846153847,0.022471910112359553,0.13964686998394865,0.10112359550561797,0.1187800963081862,0.0,0.17977528089887643,0.01926163723916533,0.001605136436597111,0.004815409309791333,0.006420545746388444,0.004815409309791333,0.001605136436597111,0.27,0.370967742,0.416510319,0.787478061,0.318627451,17.97752809,11.87800963,592,682,138,0.2375366568914956,0.7391304347826086,0.21739130434782608,0.043478260869565216,0.03519061583577713,0.13049853372434017,0.09970674486803519,0.10850439882697947,0.0,0.21407624633431085,0.016129032258064516,0.005865102639296188,0.001466275659824047,0.004398826979472141,0.004398826979472141,0.0,0.274,0.363,0.466,0.829,0.324,21.4,10.9,,,,,,,,,
46,Wander Franco,TBR,144,447.6532905,491.0,111.91332263242376,0.2552166934189406,0.6971830985915493,0.23943661971830985,0.06338028169014084,0.02728731942215088,0.14125200642054575,0.12841091492776888,0.07544141252006421,0.0016051364365971107,0.10754414125200644,0.004815409309791332,0.006420545746388443,0.0,0.01765650080256822,0.004815409309791332,0.012841091492776886,0.28,0.336012862,0.461267606,0.797280467,0.290983607,10.75441413,7.544141252,442,491,107,0.2525458248472505,0.7289719626168224,0.21495327102803738,0.056074766355140186,0.034623217922606926,0.13238289205702647,0.11812627291242363,0.0855397148676171,0.006109979633401222,0.14052953156822812,0.006109979633401222,0.008146639511201629,0.0,0.06109979633401222,0.020366598778004074,0.04073319755600815,0.281,0.344,0.475,0.819,0.297,14.1,8.6,,,,,,,,,
47,Andres Gimenez,CLE,144,548.7640449438202,616.0,130.51685393258427,0.2375601926163724,0.7575757575757576,0.21212121212121213,0.022727272727272728,0.025682182985553772,0.11556982343499198,0.12680577849117175,0.0593900481540931,0.004815409309791333,0.20545746396103895,0.03852327447833066,0.004815409309791333,0.006420545746388443,0.03531300160513644,0.008025682182985553,0.027287319422150885,0.266,0.337641357,0.412612613,0.75025397,0.31884058,20.54574639,5.939004815,557,616,125,0.22727272727272727,0.744,0.216,0.04,0.024350649350649352,0.12337662337662338,0.10064935064935066,0.05194805194805195,0.00487012987012987,0.18181818181818182,0.032467532467532464,0.00487012987012987,0.006493506493506494,0.048701298701298704,0.00974025974025974,0.03896103896103896,0.251,0.314,0.399,0.712,0.289,18.2,5.2,,,,,,,,,
48,Eugenio Suarez,SEA,144,605.9967897271267,694.0,94.68699837704655,0.1829855537463977,0.7411764707277005,0.2470588235759002,0.011764705884566675,0.046548956661316206,0.11075441412520064,0.13001605136436595,0.1059390048154093,0.0016051364365971107,0.30979133226324235,0.012841091492776886,0.008025682182985553,0.0,0.0016051364365971107,0.0016051364365971107,0.0,0.209,0.30176565,0.411764706,0.713530356,0.259938838,30.97913323,10.59390048,598,694,117,0.20028818443804033,0.7521367521367521,0.24786324786324787,0.0,0.03170028818443804,0.09798270893371758,0.138328530259366,0.10086455331412104,0.0,0.30835734870317005,0.021613832853025938,0.01585014409221902,0.0,0.002881844380403458,0.001440922190201729,0.001440922190201729,0.232,0.323,0.391,0.714,0.314,30.8,10.1,,,,,,,,,
49,Corey Seager,TEX,143,476.8311688311688,536.0,107.02597402597401,0.24025974025974023,0.7235772357723579,0.2601626016260163,0.016260162601626018,0.0405844155844156,0.1412337662313433,0.1314935064935065,0.09253246753246752,0.008116883117537313,0.1607142857142857,0.00974025974025974,0.006493506493506493,0.0,0.0032467532467532465,0.0016233766233766233,0.0016233766233766233,0.27,0.343089431,0.472627737,0.815717168,0.287383178,16.07142857,9.253246753,477,536,123,0.291044776119403,0.6585365853658537,0.34146341463414637,0.0,0.061567164179104475,0.16417910447761194,0.1791044776119403,0.0914179104477612,0.016791044776119403,0.16417910447761194,0.007462686567164179,0.011194029850746268,0.0,0.0037313432835820895,0.0018656716417910447,0.0018656716417910447,0.327,0.39,0.623,1.013,0.34,16.4,9.1,,,,,,,,,
50,Jake Cronenworth,SDP,143,455.9025974025974,522.0,101.68831168831169,0.22240259740259738,0.7166666666666667,0.25,0.041666666666666664,0.027597402597402596,0.1396103896103896,0.1266233766233766,0.0974025974025974,0.00487012987012987,0.17207792207792208,0.01948051948051948,0.008116883116883116,0.0016233766233766233,0.006493506493506492,0.0032467532467532465,0.0032467532467532465,0.255,0.339837398,0.425650558,0.765487956,0.285714286,17.20779221,9.74025974,458,522,95,0.20114942528735633,0.6736842105263158,0.25263157894736843,0.07368421052631578,0.019157088122605363,0.10344827586206896,0.09195402298850575,0.08812260536398467,0.0038314176245210726,0.18582375478927204,0.0210727969348659,0.009578544061302681,0.0019157088122605363,0.011494252873563218,0.0019157088122605363,0.009578544061302681,0.229,0.312,0.378,0.689,0.267,18.6,8.8,,,,,,,,,
51,Amed Rosario,CLE,143,514.9188311688312,545.0,131.8262987012987,0.26136363636363635,0.785234899328859,0.17449664429530207,0.040268456375838924,0.01948051948051948,0.12175324675324674,0.10389610389610389,0.043831168831168825,0.0,0.17694805194805197,0.00487012987012987,0.006493506493506493,0.0,0.02435064935064935,0.006493506493506493,0.01785714285714286,0.276,0.310064935,0.403780069,0.713845004,0.320430108,17.69480519,4.383116883,510,545,128,0.24587155963302754,0.7421875,0.1953125,0.0625,0.011009174311926606,0.12844036697247707,0.10642201834862386,0.05321100917431193,0.0,0.181651376146789,0.005504587155963303,0.005504587155963303,0.0,0.027522935779816515,0.003669724770642202,0.023853211009174313,0.263,0.305,0.378,0.683,0.314,18.2,5.3,,,,,,,,,
52,Teoscar Hernandez,SEA,143,625.1688311688312,678.0,124.37337662337661,0.23376623376623376,0.7787610619469028,0.20353982300884957,0.008849557522123895,0.05032467532467533,0.13474025973451328,0.14935064935064932,0.06493506493506493,0.0016233766233766237,0.2678571428571429,0.008116883116883116,0.003246753246753247,0.0,0.01785714285714286,0.00487012987012987,0.012987012987012988,0.253,0.307317073,0.459507042,0.766824115,0.302139037,26.78571429,6.493506494,625,678,135,0.2374631268436578,0.7703703703703704,0.21481481481481482,0.014814814814814815,0.038348082595870206,0.10324483775811209,0.13716814159292035,0.05604719764011799,0.0029498525073746312,0.3112094395280236,0.011799410029498525,0.01032448377581121,0.0,0.01032448377581121,0.0029498525073746312,0.007374631268436578,0.258,0.305,0.435,0.741,0.342,31.1,5.6,,,,,,,,,
53,Michael Harris II,ATL,141,499.1724137931035,539.0,117.7126436321839,0.254515599257885,0.7067669175692871,0.2631578948396281,0.03007518798167179,0.03612479474548441,0.14614121510673234,0.1510673234811166,0.05582922824302135,0.0016420361247947454,0.23152709359605916,0.013136288998357963,0.003284072249589491,0.0016420361247947454,0.03940886699507389,0.006568144499178982,0.03284072249589491,0.274,0.324013158,0.468085106,0.792098264,0.330024814,23.15270936,5.582922824,505,539,130,0.274582560296846,0.7230769230769231,0.25384615384615383,0.023076923076923078,0.03339517625231911,0.14100185528756956,0.10575139146567718,0.04638218923933209,0.0018552875695732839,0.18738404452690166,0.00927643784786642,0.0055658627087198514,0.0018552875695732839,0.03710575139146568,0.0074211502782931356,0.029684601113172542,0.293,0.331,0.477,0.808,0.334,18.7,4.6,,,,,,,,,
54,Jeff McNeil,NYM,141,584.1576354679803,648.0,156.41379310344828,0.2594417077175698,0.7551020408163265,0.23809523809523808,0.006802721088435374,0.018062397372742206,0.11822660098522167,0.11001642036124795,0.06896551724137931,0.0016420361247947454,0.11658456486042694,0.024630541871921187,0.0049261083743842365,0.0,0.0049261083743842365,0.0016420361247947454,0.00328407225,0.289,0.353037767,0.415300546,0.768338313,0.312765957,11.65845649,6.896551724,585,648,148,0.24382716049382716,0.8040540540540541,0.16891891891891891,0.02702702702702703,0.015432098765432098,0.11574074074074074,0.08487654320987655,0.06018518518518518,0.0,0.10030864197530864,0.027777777777777776,0.004629629629629629,0.004629629629629629,0.015432098765432098,0.0,0.015432098765432098,0.27,0.333,0.378,0.711,0.288,10.0,6.0,,,,,,,,,
55,Ketel Marte,ARI,141,581.6912972085386,650.0,145.1559934318555,0.25287356321839083,0.6764705882165158,0.3014705882352941,0.022058823529411763,0.02955665024630542,0.1330049261083744,0.11001642036124795,0.08866995073891626,0.0049261083743842365,0.16748768472906406,0.009852216748768473,0.0049261083743842365,0.0,0.009852216748768473,0.0016420361247947454,0.008210180623973728,0.283,0.351973684,0.467889908,0.819863592,0.317757009,16.74876847,8.866995074,569,650,132,0.24153846153846154,0.7348484848484849,0.19696969696969696,0.06818181818181818,0.038461538461538464,0.14461538461538462,0.12615384615384614,0.10923076923076923,0.003076923076923077,0.1676923076923077,0.007692307692307693,0.007692307692307693,0.0,0.012307692307692308,0.003076923076923077,0.009230769230769232,0.276,0.358,0.485,0.844,0.3,16.8,10.9,,,,,,,,,
56,Javier Baez,DET,141,511.9704433497537,547.0,105.98686371100163,0.22988505747126434,0.7372881355932204,0.23728813559322037,0.02542372881355932,0.0361247947454844,0.12479474548440064,0.12479474548440064,0.04597701149425287,0.0016420361247947454,0.277504105090312,0.013136288998357963,0.004926108374384236,0.0,0.0180623973727422,0.004926108374384236,0.013136288998357963,0.246,0.288998358,0.421052632,0.71005099,0.308900524,27.75041051,4.597701149,510,547,104,0.20658135283363802,0.7884615384615384,0.17307692307692307,0.038461538461538464,0.016453382084095063,0.10603290676416818,0.10786106032906764,0.043875685557586835,0.0,0.22851919561243145,0.016453382084095063,0.005484460694698354,0.0,0.021937842778793418,0.0,0.021937842778793418,0.222,0.267,0.325,0.593,0.274,22.9,4.4,,,,,,,,,
57,Steven Kwan,CLE,141,634.2922824302134,717.9999999999999,165.05747126458618,0.2413793103448276,0.7999999999989416,0.16428571428549693,0.04285714285708616,0.011494252873259054,0.1297208538587849,0.08374384236453204,0.09688013136289,0.0032840722495894913,0.09688013136289,0.009852216748768475,0.006568144499178983,0.0032840722495894913,0.02298850574712644,0.00821018062397373,0.01477832512315271,0.274,0.349258649,0.379182156,0.728440805,0.294117647,9.688013136,9.688013136,638,718,166,0.2381615598885794,0.7409638554216867,0.21686746987951808,0.04216867469879518,0.006963788300835654,0.12952646239554316,0.07520891364902507,0.09749303621169916,0.002785515320334262,0.10445682451253482,0.004178272980501393,0.008356545961002786,0.001392757660167131,0.02924791086350975,0.004178272980501393,0.025069637883008356,0.268,0.34,0.37,0.71,0.294,10.4,9.7,,,,,,,,,
58,Ty France,SEA,141,591.8390804597702,665.0000000000001,140.86206896551727,0.2430213464696223,0.7751937984496123,0.22480620155038758,0.007751937984496125,0.03119868637110016,0.12151067323481116,0.13136288998357962,0.06239737274220032,0.0032840722495894913,0.16584564860426929,0.03940886699507389,0.008210180623973726,0.0,0.0,0.0016420361247947456,-0.0016420361248120298,0.273,0.344827586,0.437269373,0.782096959,0.302107728,16.58456486,6.239737274,587,665,135,0.22105263157894736,0.762962962962963,0.23703703703703705,0.0,0.01804511278195489,0.11879699248120301,0.08721804511278196,0.06466165413533835,0.0,0.17593984962406015,0.05112781954887218,0.0015037593984962407,0.0,0.0015037593984962407,0.0,0.0015037593984962407,0.25,0.337,0.366,0.703,0.294,17.6,6.5,,,,,,,,,
59,J.P. Crawford,SEA,141,560.4761904761905,638.0,132.0,0.2200328407224959,0.761904761904762,0.22222222222222224,0.015873015873015876,0.013136288998357965,0.11330049261083745,0.08866995073891626,0.10180623973727422,0.0,0.15435139573070608,0.01149425287356322,0.006568144499178983,0.0016420361247947456,0.008210180623973728,0.006568144499178983,0.0016420361247947456,0.25,0.333881579,0.355140187,0.689021766,0.288329519,15.43513957,10.18062397,534,638,123,0.2225705329153605,0.7154471544715447,0.2845528455284553,0.0,0.029780564263322883,0.14733542319749215,0.10188087774294671,0.14733542319749215,0.001567398119122257,0.19592476489028213,0.007836990595611285,0.003134796238244514,0.004702194357366771,0.003134796238244514,0.0,0.003134796238244514,0.266,0.38,0.438,0.818,0.314,19.6,14.7,,,,,,,,,
60,Andrew Vaughn,CHW,141,550.3694581280788,615.0,118.15270935960592,0.23973727422003285,0.7435897435897436,0.24786324786324784,0.008547008547008546,0.047619047619047616,0.11001642036124795,0.13793103448275862,0.08045977011494253,0.0,0.16584564860426926,0.01477832512315271,0.008210180623973728,0.0,0.0,0.0016420361247947454,-0.001642036125203252,0.267,0.335526316,0.48440367,0.819929986,0.278571429,16.58456486,8.045977011,566,615,125,0.23739837398373984,0.744,0.24,0.016,0.03414634146341464,0.10894308943089431,0.13008130081300814,0.05853658536585366,0.0,0.2097560975609756,0.01788617886178862,0.0032520325203252032,0.0,0.0,0.0,0.0,0.258,0.314,0.429,0.743,0.299,21.0,5.9,,,,,,,,,
61,Ryan Mountcastle,BAL,141,429.8686371100164,470.0,92.61083743842366,0.24630541871921185,0.7666666666666665,0.23333333333333328,0.008333333333333331,0.04926108374384237,0.1231527093596059,0.15435139573070605,0.0689655172413793,0.0016420361247947454,0.24794745484400654,0.006568144499178982,0.009852216748768471,0.0,0.004926108374384236,0.0016420361247947454,0.003284072249589491,0.269,0.32183908,0.486535009,0.808374089,0.314136126,24.79474548,6.896551724,423,470,96,0.2425531914893617,0.7708333333333334,0.21875,0.010416666666666666,0.03829787234042553,0.13617021276595745,0.14468085106382977,0.07872340425531915,0.002127659574468085,0.2276595744680851,0.006382978723404255,0.014893617021276596,0.0,0.006382978723404255,0.002127659574468085,0.00425531914893617,0.27,0.328,0.452,0.779,0.315,22.8,7.9,,,,,,,,,
62,Eloy Jimenez,CHW,141,449.65517241379314,489.0,96.35467980295567,0.24794745484400657,0.775,0.20833333333333334,0.008333333333333333,0.05090311986863711,0.11986863711001641,0.1592775041050903,0.06896551724137931,0.0,0.23152709359605916,0.0049261083743842365,0.006568144499178982,0.0,0.0,0.0016420361247947454,-0.0016420361247443764,0.269,0.32183908,0.482142857,0.803981938,0.306122449,23.15270936,6.896551724,456,489,106,0.25357873210633947,0.7830188679245284,0.2169811320754717,0.0,0.03680981595092025,0.10224948875255624,0.130879345603272,0.06134969325153374,0.00408997955010225,0.1901840490797546,0.002044989775051125,0.00408997955010225,0.0,0.0,0.0,0.0,0.272,0.317,0.441,0.758,0.305,19.0,6.1,,,,,,,,,
63,Jonathan India,CIN,141,460.3776683087028,529.0,102.49917898193759,0.22003284072249588,0.7457627118644069,0.22033898305084748,0.025423728813559327,0.026272577996715934,0.1297208538587849,0.10837438423645321,0.09195402298850575,0.0016420361247947456,0.2266009852216749,0.03284072249589491,0.0049261083743842365,0.0,0.011494252873563218,0.008210180623973728,0.0032840722495894913,0.253,0.344827586,0.401886792,0.746714379,0.311345646,22.66009852,9.195402299,454,529,94,0.20982986767485823,0.7553191489361702,0.24468085106382978,0.0,0.03213610586011342,0.14744801512287334,0.11531190926275993,0.09829867674858223,0.0,0.2060491493383743,0.030245746691871456,0.013232514177693762,0.0,0.026465028355387523,0.003780718336483932,0.022684310018903593,0.244,0.338,0.407,0.746,0.281,20.6,9.8,,,,,,,,,
64,Nick Castellanos,PHI,141,620.3169129720854,671.0000000000001,137.7257799671593,0.2430213464696223,0.696,0.296,0.008,0.03776683087027914,0.12972085385878487,0.13793103448275862,0.06239737274220032,0.003284072249589491,0.2249589490968801,0.008210180623973726,0.004926108374384236,0.0,0.006568144499178982,0.0016420361247947454,0.004926108374384236,0.263,0.3136289,0.454706927,0.768335827,0.307881773,22.49589491,6.239737274,626,671,141,0.2533532041728763,0.723404255319149,0.2624113475177305,0.014184397163120567,0.043219076005961254,0.11773472429210134,0.15797317436661698,0.05365126676602087,0.0,0.2757078986587183,0.004470938897168405,0.00894187779433681,0.0,0.01639344262295082,0.0029806259314456036,0.013412816691505217,0.272,0.311,0.476,0.788,0.337,27.6,5.4,,,,,,,,,
65,Yordan Alvarez,HOU,139,426.7906976744186,496.0,93.9269102944518,0.2541528239202657,0.6842105263393949,0.2982456140495401,0.01754385964997295,0.06478405316532258,0.1644518272425249,0.19601328903654483,0.12458471760797342,0.013289036544850497,0.20930232558139533,0.009966777408637873,0.0066445182724252485,0.0,0.0016611295681063121,0.0016611295681063121,0.0,0.296,0.388059701,0.594594595,0.982654296,0.319327731,20.93023256,12.45847176,410,496,89,0.24193548387096775,0.7191011235955056,0.2696629213483146,0.011235955056179775,0.0625,0.15524193548387097,0.19556451612903225,0.13911290322580644,0.010080645161290322,0.18548387096774194,0.02620967741935484,0.008064516129032258,0.0,0.0,0.0,0.0,0.293,0.407,0.583,0.99,0.306,18.5,13.9,,,,,,,,,
66,Luis Robert Jr.,CHW,139,553.4883720930233,595.0,127.5,0.2541528239202658,0.7519379844705882,0.21705426356589144,0.023255813953488372,0.03986710963455149,0.14451827242524917,0.15282392026578073,0.05149501661129568,0.0016611295681063123,0.21760797342192692,0.013289036544850499,0.0049833887043189366,0.0,0.02990033222591362,0.008305647840531562,0.02159468438538206,0.273,0.318936877,0.460714286,0.779651163,0.316176471,21.76079734,5.149501661,546,595,106,0.24201680672268908,0.6509433962264151,0.33962264150943394,0.009433962264150943,0.06386554621848739,0.15126050420168066,0.13445378151260504,0.05042016806722689,0.008403361344537815,0.28907563025210087,0.020168067226890758,0.0033613445378151263,0.0,0.03361344537815126,0.0067226890756302525,0.02689075630252101,0.264,0.315,0.542,0.857,0.314,28.9,5.0,,,,,,,,,
67,Gunnar Henderson,BAL,139,534.1760797342192,622.0,115.72093023255816,0.22259136212624586,0.7232142857142856,0.2232142857142857,0.053571428571428555,0.03654485049833886,0.154485049833887,0.1378737541528239,0.11960132890365448,0.0016611295681063123,0.2558139534883721,0.011627906976744186,0.009966777408637873,0.0,0.02159468438538206,0.0049833887043189366,0.01661129568106312,0.259,0.353820598,0.458413926,0.812234525,0.322766571,25.58139535,11.96013289,560,622,115,0.22990353697749197,0.6695652173913044,0.25217391304347825,0.0782608695652174,0.04501607717041801,0.1607717041800643,0.13183279742765272,0.09003215434083602,0.001607717041800643,0.25562700964630225,0.00482315112540193,0.00482315112540193,0.0,0.01607717041800643,0.00482315112540193,0.011254019292604502,0.255,0.325,0.489,0.814,0.306,25.6,9.0,,,,,,,,,
68,Luis Arraez,MIA,139,554.4800664451827,617.0000000000001,166.03654485049836,0.27906976744186046,0.808641975308642,0.16666666666666666,0.024691358024691357,0.009966777408637873,0.13621262458471758,0.08471760797342191,0.08970099667774085,0.0033222591362126242,0.07475083056478406,0.0033222591362126242,0.00830564784053156,0.0,0.0049833887043189366,0.0049833887043189366,0.0,0.311,0.372093023,0.408502773,0.780595796,0.327272727,7.475083056,8.970099668,574,617,193,0.32901134521880065,0.8290155440414507,0.15544041450777202,0.015544041450777202,0.01620745542949757,0.11507293354943274,0.11183144246353323,0.05672609400324149,0.01620745542949757,0.055105348460291734,0.006482982171799027,0.004862236628849271,0.0016207455429497568,0.004862236628849271,0.0032414910858995136,0.0016207455429497568,0.354,0.393,0.469,0.861,0.362,5.5,5.7,,,,,,,,,
69,Jeremy Pena,HOU,139,580.2890365448504,633.9999999999999,121.11295681063126,0.22757475083056486,0.7999999999999997,0.18260869565217386,0.01739130434782608,0.036544850498338874,0.12790697674418605,0.12624584717607976,0.06312292358803988,0.0,0.23754152823920266,0.011627906976744186,0.008305647840694009,0.0016611295681063123,0.018272425249169437,0.004983388704318937,0.013289036544850499,0.248,0.302828619,0.413793103,0.716621722,0.294117647,23.75415282,6.312292359,577,634,142,0.23974763406940064,0.7535211267605634,0.22535211267605634,0.02112676056338028,0.015772870662460567,0.1277602523659306,0.08201892744479496,0.06782334384858044,0.0015772870662460567,0.20347003154574134,0.014195583596214511,0.0015772870662460567,0.0015772870662460567,0.02050473186119874,0.014195583596214511,0.006309148264984227,0.263,0.324,0.381,0.705,0.323,20.3,6.8,,,,,,,,,
70,Tim Anderson,CHW,139,499.6279069767442,524.0,132.30564784053155,0.27906976744186046,0.8092105263157896,0.18421052631578946,0.006578947368421053,0.026578073089701,0.14784053156146182,0.09468438538205981,0.03820598006644519,0.0016611295681063123,0.19102990033222592,0.006644518272425249,0.0016611295681063123,0.0,0.029900332225913623,0.006644518272425249,0.023255813953488372,0.293,0.323920266,0.428571429,0.752491694,0.342342342,19.10299003,3.820598007,493,524,120,0.23091603053435114,0.8333333333333334,0.15,0.016666666666666666,0.0019083969465648854,0.09923664122137404,0.04770992366412214,0.04961832061068702,0.0,0.23282442748091603,0.0057251908396946565,0.003816793893129771,0.0,0.02480916030534351,0.003816793893129771,0.02099236641221374,0.245,0.286,0.296,0.582,0.323,23.3,5.0,,,,,,,,,
71,Ramon Laureano,OAK,139,360.3787375415282,404.0,71.13621262458472,0.21096345514950163,0.6981132075471698,0.2924528301886793,0.009433962264150943,0.03488372093023255,0.13122923588039867,0.09800664451827243,0.07142857142857141,0.0,0.26411960132890366,0.029900332225913626,0.0066445182724252485,0.0,0.02491694352159468,0.011627906976744184,0.013289036544850497,0.236,0.312292359,0.415270019,0.727562377,0.293628809,26.41196013,7.142857143,361,404,72,0.2004950495049505,0.6944444444444444,0.25,0.05555555555555555,0.022277227722772276,0.11386138613861387,0.08663366336633663,0.08168316831683169,0.0,0.28217821782178215,0.022277227722772276,0.0024752475247524753,0.0,0.0297029702970297,0.0024752475247524753,0.027227722772277228,0.224,0.304,0.371,0.676,0.301,28.2,8.2,,,,,,,,,
72,Yandy Diaz,TBR,139,515.282392,600.0,126.57807312790699,0.2342192691666667,0.7716535430741728,0.22047244087833506,0.007874015745654824,0.023255813953488372,0.12624584717607973,0.10631229235880399,0.12790697674418605,0.0033222591362126247,0.13122923588333332,0.008305647840531562,0.0049833887043189366,0.0,0.0033222591362126247,0.0033222591362126247,0.0,0.273,0.370431894,0.411992263,0.782424157,0.297423888,13.12292359,12.79069767,525,600,151,0.28833333333333333,0.7682119205298014,0.23178807947019867,0.0,0.03666666666666667,0.15833333333333333,0.13,0.10833333333333334,0.0,0.15666666666666668,0.013333333333333334,0.0033333333333333335,0.0,0.0,0.0016666666666666668,-0.0016666666666666668,0.33,0.41,0.522,0.932,0.367,15.7,10.8,,,,,,,,,
73,Joey Meneses,WSN,139,604.6146179401994,657.0000000000001,129.87209302325584,0.2441860465116279,0.7815126050420167,0.21848739495798317,0.008403361344537815,0.04651162790697673,0.10132890365448505,0.12292358803652965,0.06312292359208523,0.0049833887043189366,0.23421926910299004,0.0049833887043189366,0.011627906977168947,0.0,0.0016611295681063121,0.0016611295681063121,0.0,0.265,0.312292359,0.469314079,0.781606438,0.303571429,23.42192691,6.312292359,611,657,155,0.2557077625570776,0.7612903225806451,0.23225806451612904,0.0064516129032258064,0.0197869101978691,0.1080669710806697,0.1354642313546423,0.0578386605783866,0.0,0.197869101978691,0.0076103500761035,0.0045662100456621,0.0,0.0,0.0,0.0,0.275,0.321,0.401,0.722,0.329,19.8,5.8,,,,,,,,,
74,Josh Bell,CLE,139,533.9817275747508,617.0000000000001,115.8156146179402,0.21594684385382057,0.7699115044247788,0.22123893805309738,0.008849557522123895,0.02823920265780731,0.1112956810631229,0.12458471760129658,0.11960132890365446,0.0049833887043189366,0.2043189368770764,0.00830564784053156,0.0066445182724252485,0.0,0.0016611295681063121,0.0016611295681063121,0.0,0.249,0.343853821,0.399232246,0.743086066,0.293506494,20.43189369,11.96013289,547,617,113,0.2188006482982172,0.7522123893805309,0.24778761061946902,0.0,0.03565640194489465,0.08427876823338736,0.11993517017828201,0.10210696920583469,0.0032414910858995136,0.2171799027552674,0.0032414910858995136,0.004862236628849271,0.0,0.0,0.0016207455429497568,-0.0016207455429497568,0.247,0.325,0.419,0.744,0.287,21.7,10.2,,,,,,,,,
75,George Springer,TOR,138,599.2033613445378,683.0,122.8252100840336,0.23025210084033612,0.7476635514018692,0.22429906542056074,0.028037383177570093,0.050420168067226885,0.15294117647058822,0.14957983193277313,0.10084033613445377,0.0016806722689075631,0.19159663865546217,0.013445378151260503,0.008403361344537813,0.0,0.016806722689075626,0.003361344537815126,0.013445378151260503,0.262,0.344537815,0.492337165,0.83687498,0.279373368,19.15966387,10.08403361,613,683,137,0.23133235724743778,0.8102189781021898,0.18248175182481752,0.0072992700729927005,0.03074670571010249,0.1273792093704246,0.1054172767203514,0.08784773060029283,0.0014641288433382138,0.18301610541727673,0.007320644216691069,0.004392386530014641,0.0,0.029282576866764276,0.007320644216691069,0.021961932650073207,0.258,0.327,0.405,0.732,0.291,18.3,8.8,,,,,,,,,
76,Yoan Moncada,CHW,138,318.0,357.0,69.0,0.22352941176470587,0.7304347826086957,0.25217391304347825,0.017391304347826087,0.030252100840336138,0.11932773109243698,0.11764705882352941,0.09747899159663864,0.003361344537815126,0.2605042016806723,0.010084033613445379,0.003361344537815126,0.0,0.006722689075630252,0.003361344537815126,0.003361344537815126,0.251,0.330536913,0.41509434,0.745631252,0.320334262,26.05042017,9.74789916,334,357,76,0.24369747899159663,0.7236842105263158,0.2631578947368421,0.013157894736842105,0.03081232492997199,0.1092436974789916,0.11204481792717087,0.056022408963585436,0.0,0.29971988795518206,0.0056022408963585435,0.0028011204481792717,0.0,0.0028011204481792717,0.0,0.0028011204481792717,0.26,0.305,0.425,0.73,0.35,30.0,5.6,,,,,,,,,
77,Riley Greene,DET,138,373.35126050420166,416.0,83.89915966386553,0.22689075630252095,0.7500000000000002,0.2,0.05,0.025210084033613443,0.12941176470588234,0.11260504201923077,0.08907563025210083,0.001680672268907563,0.2689075630252101,0.006722689075630252,0.0050420168067226885,0.0,0.010084033613445377,0.006722689075630252,0.003361344537815126,0.253,0.323232323,0.404494382,0.727726705,0.331491713,26.8907563,8.907563025,378,416,98,0.2620192307692308,0.7653061224489796,0.19387755102040816,0.04081632653061224,0.026442307692307692,0.12259615384615384,0.0889423076923077,0.08413461538461539,0.0,0.27403846153846156,0.002403846153846154,0.004807692307692308,0.0,0.016826923076923076,0.0,0.016826923076923076,0.288,0.349,0.447,0.796,0.384,27.4,8.4,,,,,,,,,
78,Gleyber Torres,NYY,138,605.3647059,672.0,132.14117647058825,0.23361344537815126,0.7606837606837605,0.22222222222222218,0.008547008547008546,0.03697478991596638,0.12436974790178572,0.13445378151260504,0.08571428571428572,0.003361344537815126,0.21008403361344538,0.005042016806722689,0.006722689075630252,0.001680672268907563,0.015126050420168066,0.006722689075630252,0.008403361344537815,0.259,0.324915825,0.432835821,0.757751646,0.297709924,21.00840336,8.571428571,596,672,138,0.2425595238095238,0.782608695652174,0.2028985507246377,0.014492753623188406,0.03720238095238095,0.13392857142857142,0.10119047619047619,0.09970238095238096,0.0,0.14583333333333334,0.004464285714285714,0.008928571428571428,0.0,0.019345238095238096,0.008928571428571428,0.010416666666666666,0.273,0.347,0.453,0.8,0.288,14.6,10.0,,,,,,,,,
79,Taylor Ward,LAA,138,356.0705882352941,409.0,77.67563025436975,0.22689075630806846,0.7168141592710972,0.26548672566245307,0.008849557521865397,0.03697478991596639,0.14117647058823532,0.12268907563025211,0.11092436974789917,0.0,0.22689075630806846,0.011764705882352941,0.0033613445378151263,0.0016806722689075631,0.010084033613445377,0.0033613445378151263,0.0067226890756302525,0.26,0.350758853,0.447876448,0.798635301,0.311294766,22.68907563,11.09243697,356,409,76,0.2200488997555012,0.7631578947368421,0.23684210526315788,0.0,0.034229828850855744,0.1466992665036675,0.11491442542787286,0.09535452322738386,0.0,0.19559902200489,0.019559902200488997,0.014669926650366748,0.0,0.009779951100244499,0.004889975550122249,0.004889975550122249,0.253,0.335,0.421,0.756,0.284,19.6,9.5,,,,,,,,,
80,Alex Verdugo,BOS,138,548.3764705882353,602.0,148.72941176470587,0.2689075630252101,0.7346938775510204,0.2585034013605442,0.013605442176870748,0.021848739495798318,0.12941176470588237,0.11596638655462185,0.07563025210084034,0.0050420168067226885,0.1411764705882353,0.0050420168067226885,0.010084033613445377,0.0,0.0050420168067226885,0.003361344537815126,0.001680672268907563,0.296,0.348993289,0.446494465,0.795487754,0.32594235,14.11764706,7.56302521,546,602,131,0.23920265780730898,0.6793893129770993,0.2824427480916031,0.03816793893129771,0.02159468438538206,0.1345514950166113,0.08970099667774087,0.07475083056478406,0.0016611295681063123,0.15448504983388706,0.009966777408637873,0.008305647840531562,0.0,0.008305647840531562,0.0049833887043189366,0.0033222591362126247,0.264,0.324,0.421,0.745,0.294,15.4,7.5,,,,,,,,,
81,C.J. Cron,COL,138,248.5647058823529,278.0,52.32941176470589,0.23361344537815126,0.732142857142857,0.25892857142857134,0.008928571428571428,0.0453781512605042,0.11932773109243698,0.16134453781512603,0.08067226890756302,0.006722689075539568,0.2436974789915966,0.018487394957983194,0.006722689075539568,0.0,0.0,0.0016806722689075631,-0.0016806722697841727,0.262,0.332773109,0.471804511,0.804577621,0.307692308,24.3697479,8.067226891,258,278,52,0.2302158273381295,0.7692307692307693,0.23076923076923078,0.0,0.04316546762589928,0.1366906474820144,0.13309352517985612,0.06115107913669065,0.0,0.23381294964028776,0.0035971223021582736,0.007194244604316547,0.0,0.0,0.0,0.0,0.248,0.295,0.434,0.729,0.284,23.4,6.1,,,,,,,,,
82,Ozzie Albies,ATL,136,606.1224489795918,660.0,139.18367346938777,0.24829931972789115,0.7016129031935483,0.26612903225806445,0.032258064516129024,0.03741496598639456,0.14795918366666666,0.141156462585034,0.06802721088435372,0.003401360544217687,0.17517006802721086,0.005102040816666667,0.008503401360544217,0.0,0.01870748299319728,0.008503401360544217,0.010204081633333334,0.27,0.321428571,0.468518519,0.78994709,0.295238095,17.5170068,6.802721088,596,660,134,0.25303030303030305,0.7388059701492538,0.22388059701492538,0.03731343283582089,0.05,0.14545454545454545,0.16515151515151516,0.0696969696969697,0.0030303030303030303,0.1621212121212121,0.012121212121212121,0.012121212121212121,0.0,0.019696969696969695,0.0015151515151515152,0.01818181818181818,0.28,0.336,0.513,0.849,0.289,16.2,7.0,,,,,,,,,
83,Ke'Bryan Hayes,PIT,136,474.1071428571429,525.0,107.14285714285715,0.22108843537414968,0.725,0.25,0.025,0.017006802721088437,0.11394557823129253,0.0816326530612245,0.08503401360544219,0.0,0.2108843537414966,0.008503401360544218,0.0034013605442176874,0.0,0.025510204081632657,0.0034013605442176874,0.022108843537414966,0.246,0.31462585,0.369114878,0.683740728,0.30075188,21.08843537,8.503401361,494,525,119,0.25523809523809526,0.680672268907563,0.2605042016806723,0.058823529411764705,0.02857142857142857,0.12380952380952381,0.11619047619047619,0.05333333333333334,0.0019047619047619048,0.1980952380952381,0.0,0.005714285714285714,0.0,0.01904761904761905,0.011428571428571429,0.007619047619047619,0.271,0.309,0.453,0.762,0.315,19.8,5.3,,,,,,,,,
84,Nico Hoerner,CHC,136,634.1768707482993,688.0,162.63945578231292,0.25170068027210885,0.7841726618705036,0.1870503597277062,0.02877697841726619,0.015306122448979591,0.11054421768707483,0.11734693877551021,0.061224489795918366,0.006802721088435374,0.12074829931972789,0.013605442176870751,0.00510204081632653,0.0,0.030612244897959183,0.006802721088435374,0.023809523809523808,0.273,0.325976231,0.385608856,0.711585087,0.298924731,12.07482993,6.12244898,619,688,166,0.2543604651162791,0.8132530120481928,0.16265060240963855,0.024096385542168676,0.01308139534883721,0.14244186046511628,0.09883720930232558,0.07122093023255814,0.0,0.12063953488372094,0.020348837209302327,0.007267441860465116,0.0014534883720930232,0.0625,0.010174418604651164,0.05232558139534884,0.283,0.346,0.383,0.729,0.312,12.1,7.1,,,,,,,,,
86,Ryan McMahon,COL,136,554.4897959183673,627.0,114.0969387755102,0.22108843537414966,0.7383177570093459,0.2429906542056075,0.018691588783079194,0.03911564625850342,0.12414965986394559,0.13435374149659865,0.10374149659863946,0.0017006802721088435,0.2602040816326531,0.006802721087719298,0.005102040816326531,0.0,0.008503401360544218,0.003401360543859649,0.005102040816326531,0.249,0.331632653,0.440384615,0.772017268,0.308357349,26.02040816,10.37414966,555,627,110,0.21212121212121213,0.6909090909090909,0.2818181818181818,0.02727272727272727,0.03668261562998405,0.12759170653907495,0.11164274322169059,0.10845295055821372,0.003189792663476874,0.3157894736842105,0.001594896331738437,0.004784688995215311,0.0,0.007974481658692184,0.007974481658692184,0.0,0.24,0.322,0.431,0.753,0.326,31.6,10.8,,,,,,,,,
87,Austin Hays,BAL,136,521.7210884353741,566.0,112.62244897959182,0.23469387755102036,0.717948717948718,0.264957264957265,0.017094017094017096,0.03571428571428571,0.13265306122448978,0.12925170068904596,0.05612244897959184,0.0,0.20068027210884354,0.017006802721088433,0.003401360544217687,0.0017006802721088435,0.006802721088435374,0.006802721088435374,0.0,0.254,0.30834753,0.435424354,0.743771884,0.288888889,20.06802721,5.612244898,520,566,127,0.25265017667844525,0.7007874015748031,0.28346456692913385,0.015748031496062992,0.028268551236749116,0.13427561837455831,0.11837455830388692,0.06713780918727916,0.0017667844522968198,0.24911660777385158,0.00530035335689046,0.0088339222614841,0.0,0.0088339222614841,0.0017667844522968198,0.007067137809187279,0.275,0.325,0.444,0.769,0.345,24.9,6.7,,,,,,,,,
89,Max Muncy,LAD,134,480.3407917383821,579.0,79.72461270137694,0.1841652322970639,0.7125000003153336,0.2750000001217077,0.012500000005532166,0.04647160068846816,0.14113597246127368,0.1342512908777969,0.14802065404145076,0.0034423407917383835,0.24268502581755597,0.013769363166953529,0.006884681583476765,0.0,0.0034423407917383835,0.001721170395869191,0.001721170395869191,0.222,0.346551724,0.439834025,0.786385749,0.251572327,24.26850258,14.8020654,482,579,66,0.17616580310880828,0.7272727272727273,0.25757575757575757,0.015151515151515152,0.06217616580310881,0.16407599309153714,0.18134715025906736,0.14680483592400692,0.0069084628670120895,0.26424870466321243,0.010362694300518135,0.010362694300518135,0.0,0.0017271157167530224,0.0034542314335060447,-0.0017271157167530224,0.212,0.333,0.475,0.808,0.221,26.4,14.7,,,,,,,,,
90,Jorge Polanco,MIN,134,304.03614457831327,343.0,66.12048192698796,0.23235800344023325,0.7500000000081996,0.24107142857406416,0.017857142857338085,0.039586919104991396,0.1394148020654045,0.12908777969018934,0.09810671256454388,0.0017211703958691911,0.18932874354561102,0.0051635111876075735,0.008605851979345956,0.0,0.008605851979345956,0.00688468158309038,0.0017211703958691911,0.262,0.336206897,0.458252427,0.794459324,0.289405685,18.93287435,9.810671256,302,343,63,0.22448979591836735,0.7142857142857143,0.2857142857142857,0.0,0.04081632653061224,0.11078717201166181,0.13994169096209913,0.10495626822157435,0.0,0.2565597667638484,0.0058309037900874635,0.008746355685131196,0.0,0.011661807580174927,0.0,0.011661807580174927,0.255,0.335,0.454,0.789,0.31,25.7,10.5,,,,,,,,,
91,Jake McCarthy,ARI,134,283.0017211703959,312.0,66.05163511187608,0.23235800344234084,0.7154471544715448,0.21138211382113822,0.06504065040650407,0.020654044750430294,0.1359724612736661,0.1187607573149742,0.07401032702237521,0.0,0.23407917383821,0.01204819277108434,0.0017211703958691911,0.0034423407917383822,0.04647160068846816,0.010327022375215147,0.03614457831325301,0.256,0.320069204,0.40227704,0.722346244,0.323684211,23.40791738,7.401032702,276,312,65,0.21474358974358973,0.8153846153846154,0.1076923076923077,0.07692307692307693,0.00641025641025641,0.11858974358974358,0.05128205128205128,0.08333333333333333,0.0,0.1987179487179487,0.016025641025641024,0.003205128205128205,0.01282051282051282,0.08333333333333333,0.01282051282051282,0.07051282051282051,0.243,0.318,0.326,0.644,0.305,19.9,8.3,,,,,,,,,
92,Jeimer Candelario,WSN,134,516.5163511187608,576.0,108.06196213425129,0.22030981067125646,0.6880733944954128,0.2844036697247707,0.018348623853211007,0.03270223752151463,0.11531841652323581,0.1135972461273666,0.08777969018932875,0.0017211703958333333,0.22547332185886404,0.010327022375215147,0.003442340791738382,0.0,0.0017211703958333333,0.0017211703958333333,0.0,0.245,0.318965517,0.420345489,0.739311007,0.292225201,22.54733219,8.777969019,505,576,105,0.2204861111111111,0.6,0.37142857142857144,0.02857142857142857,0.03819444444444445,0.13368055555555555,0.12152777777777778,0.0920138888888889,0.001736111111111111,0.2204861111111111,0.022569444444444444,0.006944444444444444,0.0,0.013888888888888888,0.001736111111111111,0.012152777777777778,0.251,0.336,0.471,0.807,0.292,22.0,9.2,,,,,,,,,
93,Tyler O'Neill,STL,133,237.7317073170732,266.0,46.34146341463415,0.2229965156794425,0.7599999999999999,0.22999999999999995,0.01,0.04878048780487805,0.14634146341463417,0.15505226481203008,0.08362369337979095,0.0,0.2839721254355401,0.0156794425087108,0.008710801393728226,0.0,0.02613240418118467,0.006968641114982578,0.01916376306620209,0.249,0.32173913,0.461988304,0.783727435,0.305810398,28.39721254,8.362369338,238,266,46,0.20676691729323307,0.6956521739130435,0.30434782608695654,0.0,0.03383458646616541,0.10150375939849623,0.07894736842105263,0.10526315789473684,0.0,0.2518796992481203,0.0,0.0,0.0,0.018796992481203006,0.0,0.018796992481203006,0.231,0.312,0.403,0.715,0.284,25.2,10.5,,,,,,,,,
94,Starling Marte,NYM,133,310.7020905923345,341.0,73.66550522648083,0.2421602787456446,0.7661290322580646,0.2096774193548387,0.024193548387096774,0.02613240418118467,0.1445993031358885,0.1236933797947214,0.059233449477351915,0.0017421602787456446,0.18815331011730207,0.02613240418118467,0.003484320557491289,0.0,0.041811846689895474,0.012195121951219511,0.02961672475073314,0.266,0.327526132,0.413001912,0.740528044,0.308457711,18.81533101,5.923344948,315,341,73,0.2287390029325513,0.8904109589041096,0.0958904109589041,0.0136986301369863,0.01466275659824047,0.11143695014662756,0.08211143695014662,0.0469208211143695,0.002932551319648094,0.20234604105571846,0.02346041055718475,0.0,0.005865102639296188,0.07038123167155426,0.011730205278592375,0.05865102639296188,0.248,0.301,0.324,0.625,0.303,20.2,4.7,,,,,,,,,
95,Thairo Estrada,SFG,133,482.9094076655052,530.0,114.49477351916374,0.24216027874564458,0.7580645161290324,0.21774193548387097,0.01612903225806452,0.026132404181184666,0.13763066202090593,0.12195121950943397,0.06097560975471698,0.0,0.17247386759581881,0.020905923344947733,0.003484320557491289,0.0017421602787456446,0.029616724738675954,0.008710801393728223,0.020905923344947733,0.266,0.325174825,0.40917782,0.734352645,0.301703163,17.24738676,6.097560976,495,530,120,0.2528301886792453,0.7666666666666667,0.21666666666666667,0.016666666666666666,0.026415094339622643,0.11886792452830189,0.09245283018867924,0.04150943396226415,0.0018867924528301887,0.22641509433962265,0.020754716981132074,0.0037735849056603774,0.0,0.04339622641509434,0.013207547169811321,0.03018867924528302,0.271,0.315,0.416,0.731,0.331,22.6,4.2,,,,,,,,,
96,Vinnie Pasquantino,KCR,133,228.74564459930315,260.0,53.449477348,0.24216027873076926,0.6949152542882063,0.27966101696964396,0.016949152543614787,0.036585365853846155,0.11846689896153846,0.13414634146153848,0.09930313588850172,0.003484320557491289,0.13588850174216027,0.010452961672473865,0.010452961672473865,0.0,0.003484320557491289,0.0017421602787456446,0.0017421602787456446,0.275,0.351916376,0.471287129,0.823203505,0.286407767,13.58885017,9.930313589,231,260,48,0.21923076923076923,0.6458333333333334,0.3541666666666667,0.0,0.03461538461538462,0.09230769230769231,0.1,0.09615384615384616,0.007692307692307693,0.11923076923076924,0.007692307692307693,0.0038461538461538464,0.0,0.0,0.0,0.0,0.247,0.324,0.437,0.762,0.25,11.9,9.6,,,,,,,,,
97,Mitch Haniger,SFG,133,201.8710801393728,229.0,41.09233449492683,0.21951219512195122,0.757281553395233,0.2233009708692224,0.019417475728082896,0.040069686410480344,0.1445993031358885,0.13937282229965156,0.09233449477351915,0.003484320557491289,0.2386759581881533,0.013937282229965157,0.01045296167247387,0.0,0.0017421602787456446,0.0017421602787456446,0.0,0.249,0.326352531,0.438735178,0.765087708,0.292613636,23.86759582,9.233449477,211,229,38,0.19213973799126638,0.631578947368421,0.34210526315789475,0.02631578947368421,0.026200873362445413,0.11790393013100436,0.1222707423580786,0.06550218340611354,0.0,0.2838427947598253,0.008733624454148471,0.004366812227074236,0.0,0.004366812227074236,0.0,0.004366812227074236,0.209,0.266,0.365,0.631,0.27,28.4,6.6,,,,,,,,,
100,Daulton Varsho,TOR,133,526.2460732984293,581.0,101.39616055846423,0.23036649214659685,0.7100000000344234,0.26000000004733215,0.030000000000000002,0.05584642233856894,0.15357766143106458,0.1710296684118674,0.07678883071553229,0.0017452006980802795,0.22862129144851662,0.010471204188481678,0.005235602094240839,0.0017452006980802795,0.022687609075043632,0.006980802792321118,0.015706806282271946,0.255,0.318181818,0.500963391,0.819145209,0.278551532,22.86212914,7.678883072,527,581,96,0.19965576592082615,0.7291666666666666,0.23958333333333334,0.03125,0.03442340791738382,0.11187607573149742,0.10499139414802065,0.0774526678141136,0.0,0.23235800344234078,0.0068846815834767644,0.0051635111876075735,0.0017211703958691911,0.027538726333907058,0.012048192771084338,0.01549053356282272,0.22,0.285,0.389,0.674,0.256,23.2,7.7,,,,,,,,,
101,Salvador Perez,KCR,141,541.4685314685314,580.0,113.56643356643356,0.25,0.75,0.22321428571428573,0.017857142857142856,0.054195804195804206,0.11363636363793105,0.1643356643275862,0.043706293706293704,0.0034965034965034965,0.24475524475524474,0.017482517482517484,0.005244755244755244,0.0,0.0,0.0017482517482517483,-0.0017482517482758622,0.267,0.311188811,0.494382022,0.805570834,0.306010929,24.47552448,4.370629371,538,580,114,0.23620689655172414,0.8157894736842105,0.18421052631578946,0.0,0.039655172413793106,0.10172413793103448,0.13793103448275862,0.032758620689655175,0.010344827586206896,0.23275862068965517,0.022413793103448276,0.013793103448275862,0.0,0.0,0.0,0.0,0.255,0.292,0.422,0.714,0.294,23.3,3.3,,,,,,,,,
102,Sean Murphy,ATL,141,384.1159929701231,438.0,77.74692442882251,0.21968365553602814,0.683168316831683,0.30693069306930687,0.0099009900990099,0.0421792618629174,0.12478031634446396,0.15289982424657536,0.0931458699472759,0.0017574692442882249,0.23374340949033393,0.022847100175746923,0.00702987697716895,0.0,0.0017574692442882249,0.0017574692442882249,0.0,0.25,0.335676626,0.460921844,0.796598469,0.291907514,23.37434095,9.314586995,370,438,72,0.21232876712328766,0.7083333333333334,0.2916666666666667,0.0,0.04794520547945205,0.14840182648401826,0.1552511415525114,0.11187214611872145,0.0,0.2237442922374429,0.0410958904109589,0.00228310502283105,0.0,0.0,0.0,0.0,0.251,0.365,0.478,0.844,0.286,22.4,11.2,,,,,,,,,
105,Jazz Chisholm Jr.,MIA,131,347.1992945326279,383.0,70.25044091710758,0.22751322751322753,0.7403846153846154,0.21153846153846156,0.04807692307692308,0.04409171075837742,0.14991181657848324,0.1358024691358025,0.07583774250440917,0.0,0.2663139329805997,0.008818342151675485,0.0070546737213403885,0.0017636684303350971,0.04585537918871252,0.01763668430335097,0.028218694885361557,0.251,0.312720848,0.459143969,0.771864817,0.304093567,26.6313933,7.58377425,352,383,69,0.2297650130548303,0.7971014492753623,0.17391304347826086,0.028985507246376812,0.04960835509138381,0.13054830287206268,0.13315926892950392,0.06788511749347259,0.0,0.30809399477806787,0.005221932114882507,0.005221932114882507,0.0026109660574412533,0.057441253263707574,0.007832898172323759,0.04960835509138381,0.25,0.304,0.457,0.761,0.318,30.8,6.8,,,,,,,,,
106,Anthony Rizzo,NYY,131,358.6296296296296,421.0,66.82539682539682,0.20105820105820105,0.7444444444444445,0.24444444444444444,0.011111111111111112,0.042328042328042326,0.12698412698412698,0.13403880070546736,0.10052910052910052,0.0070546737213403885,0.174603174608076,0.04056437389770723,0.00529100529100529,0.0,0.008818342151675486,0.00529100529100529,0.0035273368606701942,0.236,0.342756184,0.434782609,0.777538792,0.247933884,17.46031746,10.05291005,373,421,79,0.2161520190023753,0.8227848101265823,0.17721518987341772,0.0,0.028503562945368172,0.10688836104513064,0.09738717339667459,0.0831353919239905,0.0023752969121140144,0.23040380047505937,0.028503562945368172,0.0023752969121140144,0.0,0.0,0.007125890736342043,-0.007125890736342043,0.244,0.328,0.378,0.706,0.298,23.0,8.3,,,,,,,,,
107,J.D. Martinez,LAD,131,429.1569664902999,479.0,91.23809523809524,0.22927689594356263,0.7037037037037037,0.2777777777777778,0.009259259259259259,0.03880070546737214,0.12874779541446207,0.14109347442680775,0.08994708994708994,0.0070546737213403885,0.24867724867724866,0.0070546737213403885,0.0070546737213403885,0.0,0.0,0.0017636684303350971,-0.0017636684300626304,0.255,0.32627866,0.446850394,0.773129053,0.309455587,24.86772487,8.994708995,432,479,84,0.24425887265135698,0.6547619047619048,0.32142857142857145,0.023809523809523808,0.06889352818371608,0.12734864300626306,0.2150313152400835,0.0709812108559499,0.0020876826722338203,0.31106471816283926,0.0041753653444676405,0.018789144050104383,0.0,0.0020876826722338203,0.0,0.0020876826722338203,0.271,0.321,0.572,0.893,0.324,31.1,7.1,,,,,,,,,
108,Byron Buxton,MIN,130,313.5392857142857,347.0,58.86607142857143,0.23214285714285715,0.6105263157894737,0.35789473684210527,0.03157894736842106,0.0625,0.1767857142857143,0.14642857142857144,0.075,0.0,0.27499999999999997,0.017857142857142856,0.005357142857142859,0.0,0.019642857142857142,0.0035714285714285718,0.01607142857142857,0.256,0.324420677,0.543478261,0.867898938,0.296875,27.5,7.5,304,347,46,0.18155619596541786,0.6086956521739131,0.3695652173913043,0.021739130434782608,0.04899135446685879,0.14121037463976946,0.12103746397694524,0.10086455331412104,0.005763688760806916,0.31412103746397696,0.011527377521613832,0.011527377521613832,0.0,0.025936599423631124,0.0,0.025936599423631124,0.207,0.294,0.438,0.731,0.253,31.4,10.1,,,,,,,,,
109,Harrison Bader,NYY,130,310.2142857142857,344.0,66.34285714285716,0.225,0.7499999999999999,0.22222222222222218,0.027777777777777773,0.03214285714285714,0.13214285714285715,0.12678571428571428,0.07678571428571429,0.005357142857142857,0.23214285714285715,0.01785714285714286,0.005357142857142857,0.0,0.03214285714285714,0.0071428571428571435,0.025000000000000005,0.25,0.319073084,0.415841584,0.734914668,0.3,23.21428571,7.678571429,319,344,67,0.21511627906976744,0.7910447761194029,0.1791044776119403,0.029850746268656716,0.020348837209302327,0.12790697674418605,0.11627906976744186,0.04941860465116279,0.0,0.17151162790697674,0.00872093023255814,0.011627906976744186,0.0029069767441860465,0.05813953488372093,0.00872093023255814,0.04941860465116279,0.232,0.274,0.348,0.622,0.261,17.2,4.9,,,,,,,,,
110,Brandon Lowe,TBR,130,384.6142857142857,436.0,72.40714285714284,0.21785714285714283,0.6881720430107529,0.27956989247311836,0.021505376344086027,0.05178571428571429,0.1392857142857143,0.15357142857142858,0.09821428571428571,0.0017857142857142857,0.25535714285714284,0.014285714285714285,0.0035714285714285713,0.0,0.008928571428571428,0.0017857142857142857,0.007142857142857143,0.246,0.330948122,0.481781377,0.812729498,0.287037037,25.53571429,9.821428571,377,436,66,0.19954128440366972,0.7575757575757576,0.22727272727272727,0.015151515151515152,0.0481651376146789,0.13302752293577982,0.1559633027522936,0.11467889908256881,0.0,0.27293577981651373,0.013761467889908258,0.006880733944954129,0.0,0.016055045871559634,0.0,0.016055045871559634,0.231,0.328,0.443,0.771,0.275,27.3,11.5,,,,,,,,,
111,Enrique Hernandez,BOS,130,450.85,508.0,100.69285714285714,0.2232142857142857,0.6756756756756758,0.30630630630630634,0.01801801801801802,0.024999999999999998,0.13035714285714287,0.1232142857142857,0.08750000000000001,0.0017857142857142859,0.19642857142857142,0.012499999999999999,0.010714285714285714,0.0,0.0017857142857142859,0.0017857142857142859,0.0,0.252,0.323792487,0.412474849,0.736267336,0.292875989,19.64285714,8.75,465,508,99,0.21653543307086615,0.7676767676767676,0.23232323232323232,0.0,0.021653543307086614,0.11220472440944881,0.12007874015748031,0.06692913385826772,0.001968503937007874,0.19094488188976377,0.005905511811023622,0.011811023622047244,0.0,0.007874015748031496,0.001968503937007874,0.005905511811023622,0.237,0.289,0.357,0.646,0.273,19.1,6.7,,,,,,,,,
112,Mike Yastrzemski,SFG,130,334.7357142857143,381.0,65.99464285714286,0.21071428571428572,0.6391752577319587,0.3298969072164948,0.03092783505154639,0.0375,0.14285714285714285,0.12321428571428572,0.10178571428571428,0.0035714285714285718,0.25178571428571433,0.010714285714285714,0.0071428571428571435,0.0017857142857142859,0.0071428571428571435,0.0017857142857142859,0.005357142857142857,0.24,0.323792487,0.445121951,0.768914438,0.290419162,25.17857143,10.17857143,330,381,62,0.2020997375328084,0.6129032258064516,0.3709677419354839,0.016129032258064516,0.03937007874015748,0.14173228346456693,0.11286089238845144,0.11811023622047244,0.007874015748031496,0.25984251968503935,0.007874015748031496,0.0026246719160104987,0.005249343832020997,0.005249343832020997,0.005249343832020997,0.0,0.233,0.33,0.445,0.775,0.286,26.0,11.8,,,,,,,,,
113,Hunter Renfroe,LAA,130,495.1571428571429,548.0,91.98571428571428,0.225,0.7127659574468086,0.2765957446808511,0.010638297872340425,0.057142857142857155,0.13392857142857142,0.14107142857142857,0.08035714285714285,0.0017857142857142854,0.24642857142857144,0.005357142857142856,0.008928571428571428,0.0017857142857142854,0.0035714285714285713,0.0017857142857142854,0.0017857142857142854,0.249,0.311270125,0.494071146,0.805341271,0.275659824,24.64285714,8.035714286,498,548,96,0.2116788321167883,0.6770833333333334,0.3229166666666667,0.0,0.0364963503649635,0.10948905109489052,0.10948905109489052,0.08029197080291971,0.0,0.2281021897810219,0.005474452554744526,0.005474452554744526,0.0,0.0,0.0,0.0,0.233,0.297,0.416,0.713,0.27,22.8,8.0,,,,,,,,,
114,Ezequiel Tovar,COL,130,568.875,615.0,138.375,0.2535714285714286,0.7539682539682541,0.2142857142857143,0.03174603174603175,0.028571428571428574,0.12321428571428572,0.1410714285714286,0.05,0.0,0.1910714285714286,0.0125,0.005357142857142858,0.0071428571428571435,0.025,0.0071428571428571435,0.01785714285714286,0.275,0.318345324,0.434362934,0.752708258,0.316582915,19.10714286,5.0,581,615,132,0.23902439024390243,0.6893939393939394,0.2803030303030303,0.030303030303030304,0.024390243902439025,0.12845528455284552,0.11869918699186992,0.04065040650406504,0.0,0.26991869918699185,0.0065040650406504065,0.004878048780487805,0.0032520325203252032,0.01788617886178862,0.008130081300813009,0.00975609756097561,0.253,0.287,0.408,0.695,0.328,27.0,4.1,,,,,,,,,
115,Jean Segura,MIA,130,298.0571428571429,326.0,74.51428571428572,0.24821428571428572,0.8046875,0.1796875,0.015625,0.019642857142857146,0.12142857142857144,0.0875,0.06607142857142857,0.0035714285714285718,0.14642857142857144,0.014285714285714287,0.0035714285714285718,0.0,0.02142857142857143,0.00892857142857143,0.0125,0.271,0.329159213,0.388671875,0.717831088,0.304038005,14.64285714,6.607142857,301,326,63,0.20245398773006135,0.8888888888888888,0.07936507936507936,0.031746031746031744,0.009202453987730062,0.07668711656441718,0.06441717791411043,0.06748466257668712,0.003067484662576687,0.1441717791411043,0.006134969325153374,0.0,0.003067484662576687,0.018404907975460124,0.006134969325153374,0.012269938650306749,0.219,0.277,0.279,0.556,0.251,14.4,6.7,,,,,,,,,
116,Jorge Soler,MIA,130,504.3928571428572,580.0,88.03571428571428,0.2,0.7058823529411765,0.28235294117647064,0.0,0.048214285714285716,0.11964285714285716,0.13214285714285717,0.1125,0.0017857142857142859,0.275,0.0125,0.005357142857142858,0.0,0.0017857142857142859,0.0017857142857142859,0.0,0.23,0.325,0.443531828,0.768531828,0.275080906,27.5,11.25,504,580,90,0.21724137931034482,0.7333333333333333,0.26666666666666666,0.0,0.06206896551724138,0.13275862068965516,0.12931034482758622,0.11379310344827587,0.006896551724137931,0.24310344827586206,0.010344827586206896,0.006896551724137931,0.0,0.0017241379310344827,0.0,0.0017241379310344827,0.25,0.341,0.512,0.853,0.272,24.3,11.4,,,,,,,,,
117,Josh Naylor,CLE,130,448.1517857142857,495.0,97.23214285714285,0.2339285714285714,0.7090909090909091,0.29090909090909095,0.0,0.0375,0.11071428571428571,0.14285714285714285,0.08214285714285714,0.005357142857142857,0.15535714285714283,0.007142857142857143,0.005357142857142857,0.0,0.008928571428571428,0.0017857142857142857,0.007142857142857143,0.258,0.323214286,0.445759369,0.768973655,0.273631841,15.53571429,8.214285714,452,495,122,0.2808080808080808,0.7459016393442623,0.2540983606557377,0.0,0.03434343434343434,0.10505050505050505,0.19595959595959597,0.06666666666666667,0.01818181818181818,0.13737373737373737,0.006060606060606061,0.014141414141414142,0.0,0.020202020202020204,0.006060606060606061,0.014141414141414142,0.308,0.354,0.489,0.842,0.326,13.7,6.7,,,,,,,,,
118,Spencer Torkelson,DET,130,596.0571428571429,684.0,112.37142857142858,0.2035714285714286,0.7282608695652174,0.2717391304347826,0.010869565217391304,0.03928571428571429,0.11785714285714288,0.12142857142857144,0.10535714285714286,0.0017857142857142859,0.24285714285714288,0.014285714285714287,0.00892857142857143,0.0,0.0017857142857142859,0.0035714285714285718,-0.0017857142850877192,0.235,0.323214286,0.426229508,0.749443794,0.274626866,24.28571429,10.53571429,606,684,110,0.20614035087719298,0.6818181818181818,0.3090909090909091,0.00909090909090909,0.04532163742690058,0.1286549707602339,0.13742690058479531,0.097953216374269,0.0014619883040935672,0.25,0.008771929824561403,0.007309941520467836,0.0,0.0043859649122807015,0.0,0.0043859649122807015,0.233,0.313,0.446,0.758,0.269,25.0,9.8,,,,,,,,,
119,CJ Abrams,WSN,130,571.2392857142858,614.0,134.8607142857143,0.2392857142857143,0.7560975609756098,0.22764227642276424,0.016260162601626018,0.019642857142857146,0.13571428571428573,0.09285714285714286,0.03571428571428572,0.0,0.18214285714285713,0.023214285714285715,0.0071428571428571435,0.0035714285714285718,0.03392857142857143,0.014285714285714287,0.019642857142857146,0.257,0.299283154,0.381957774,0.681240928,0.298543689,18.21428571,3.571428571,563,614,120,0.2247557003257329,0.7166666666666667,0.23333333333333334,0.05,0.029315960912052116,0.13517915309446255,0.10423452768729642,0.05211726384364821,0.003257328990228013,0.19218241042345277,0.021172638436482084,0.004885993485342019,0.004885993485342019,0.07654723127035831,0.006514657980456026,0.07003257328990228,0.245,0.3,0.412,0.712,0.279,19.2,5.2,,,,,,,,,
120,Lane Thomas,WSN,130,611.3642857142856,681.9999999999999,127.875,0.2178571428571429,0.7047619047619047,0.2666666666666666,0.028571428571428574,0.030357142857142857,0.1214285714222874,0.10714285714285716,0.0892857142857143,0.0,0.24464285714285716,0.00892857142857143,0.005357142857142859,0.0,0.01607142857142857,0.010714285714285716,0.005357142857142859,0.243,0.316071429,0.412350598,0.728422026,0.299145299,24.46428571,8.928571429,628,682,140,0.24633431085043989,0.7214285714285714,0.2571428571428571,0.02142857142857143,0.04105571847507331,0.14809384164222875,0.12609970674486803,0.05278592375366569,0.0,0.25806451612903225,0.016129032258064516,0.010263929618768328,0.0,0.02932551319648094,0.007331378299120235,0.021994134897360705,0.268,0.315,0.468,0.783,0.325,25.8,5.3,,,,,,,,,
122,Adley Rutschman,BAL,138,586.7351351351351,687.0,131.2108108108108,0.22342342342342342,0.6226415094545604,0.3679245283018868,0.009433962264150945,0.032432432432432434,0.14774774774774777,0.11171171171171171,0.12612612612612611,0.0,0.16576576576576577,0.012612612612612614,0.007207207207207207,0.0,0.007207207207207207,0.001801801801801802,0.005405405405405405,0.262,0.362162162,0.462025316,0.824187479,0.288043478,16.57657658,12.61261261,588,687,143,0.23726346433770015,0.7762237762237763,0.21678321678321677,0.006993006993006993,0.02911208151382824,0.1222707423580786,0.11644832605531295,0.1339155749636099,0.008733624454148471,0.1470160116448326,0.002911208151382824,0.00727802037845706,0.0,0.001455604075691412,0.002911208151382824,-0.001455604075691412,0.277,0.374,0.435,0.809,0.303,14.7,13.4,,,,,,,,,
124,Andrew Benintendi,CHW,128,545.7613019891501,621.0,134.75587703435804,0.24050632911392403,0.7583333333333334,0.21666666666666667,0.024999999999999998,0.023508137432188065,0.13924050632911392,0.11754068716094032,0.10849909584086799,0.0018083182640144665,0.15732368896925858,0.0036166365280289343,0.010849909584086798,0.0,0.0216998191681736,0.005424954792043399,0.016274864376130196,0.274,0.35198556,0.419753086,0.771738646,0.306122449,15.7323689,10.84990958,562,621,142,0.23671497584541062,0.7464788732394366,0.23943661971830985,0.014084507042253521,0.008051529790660225,0.11594202898550725,0.07246376811594203,0.08373590982286634,0.008051529790660225,0.143317230273752,0.004830917874396135,0.004830917874396135,0.001610305958132045,0.020933977455716585,0.00322061191626409,0.017713365539452495,0.262,0.326,0.356,0.682,0.301,14.3,8.4,,,,,,,,,
125,Michael Conforto,SFG,128,406.2567811934901,470.0,86.69077757685353,0.216998191681736,0.7352941176470587,0.2647058823529411,0.0,0.0325497287522604,0.11934900542495479,0.12115732368896927,0.108499095840868,0.007233273056057866,0.22965641952983726,0.0216998191681736,0.003616636528028933,0.0,0.007233273056057866,0.0018083182640144665,0.0054249547920434,0.251,0.347826087,0.420502092,0.768328179,0.304477612,22.96564195,10.84990958,406,470,82,0.20638297872340425,0.8292682926829268,0.17073170731707318,0.0,0.031914893617021274,0.12340425531914893,0.12340425531914893,0.1127659574468085,0.00851063829787234,0.225531914893617,0.014893617021276596,0.00851063829787234,0.0,0.00851063829787234,0.0,0.00851063829787234,0.239,0.334,0.384,0.718,0.284,22.6,11.3,,,,,,,,,
126,Rowdy Tellez,MIL,128,309.7432188,351.0,57.75949366992768,0.21880650994301995,0.7582417582543396,0.23076923077305986,0.0,0.054249547920433995,0.11211573236889692,0.15551537070524413,0.10307414104882459,0.012658227848101266,0.2043399638336347,0.010849909584086798,0.005424954792043399,0.0,0.0036166365280289334,0.0018083182640144665,0.0018083182640144665,0.247,0.332129964,0.473360656,0.80549062,0.261494253,20.43399638,10.3074141,311,351,54,0.1908831908831909,0.8148148148148148,0.16666666666666666,0.018518518518518517,0.037037037037037035,0.07407407407407407,0.1339031339031339,0.09971509971509972,0.005698005698005698,0.245014245014245,0.0,0.014245014245014245,0.0,0.0,0.0,0.0,0.215,0.291,0.376,0.667,0.249,24.5,10.0,,,,,,,,,
127,Manuel Margot,TBR,128,308.0506329113924,336.0,68.05063291139241,0.22423146473779387,0.7678571428571428,0.2053571428571428,0.026785714285714284,0.0216998191681736,0.11211573236889694,0.11030741410488246,0.07414104882459312,0.0018083182640144667,0.17540687160940327,0.0054249547920434005,0.0054249547920434005,0.0,0.027124773960217,0.010849909584086801,0.0162748643761302,0.244,0.303249097,0.372781065,0.676030163,0.279301746,17.54068716,7.414104882,311,336,78,0.24404761904761904,0.717948717948718,0.2692307692307692,0.01282051282051282,0.011904761904761904,0.11607142857142858,0.1130952380952381,0.05357142857142857,0.0,0.1636904761904762,0.011904761904761904,0.008928571428571428,0.0,0.026785714285714284,0.008928571428571428,0.017857142857142856,0.264,0.31,0.376,0.686,0.306,16.4,5.4,,,,,,,,,
129,MJ Melendez,KCR,131,534.5063291,602.0,103.41772151898735,0.21518987341772153,0.6736842105263158,0.28421052631578947,0.031578947368421054,0.0433996383363472,0.1301989150090416,0.14285714285714285,0.09945750452079566,0.0,0.26220614828209765,0.003616636528028933,0.009041591320072333,0.0,0.003616636528028933,0.007233273056057868,-0.0036166365282392027,0.243,0.318264014,0.454175153,0.772439167,0.290519878,26.22061483,9.945750452,533,602,109,0.20764119601328904,0.6880733944954128,0.26605504587155965,0.045871559633027525,0.026578073089700997,0.1079734219269103,0.09302325581395349,0.10299003322259136,0.0033222591362126247,0.2823920265780731,0.0049833887043189366,0.006644518272425249,0.0,0.009966777408637873,0.006644518272425249,0.0033222591362126247,0.235,0.316,0.398,0.713,0.311,28.2,10.3,,,,,,,,,
130,Brandon Marsh,PHI,128,428.47016274864376,472.0,88.76672694370525,0.20795660036166366,0.7596153846174117,0.20192307692361577,0.04807692307705137,0.019891500904661016,0.11211573236889692,0.11573236889692587,0.0759493670886076,0.0018083182640144665,0.3056057866184448,0.007233273056057866,0.003616636528028933,0.003616636528028933,0.023508137432188065,0.007233273056057866,0.0162748643761302,0.23,0.292727273,0.358565737,0.65129301,0.320987654,30.56057866,7.594936709,404,472,100,0.23728813559322035,0.69,0.25,0.06,0.025423728813559324,0.1228813559322034,0.1271186440677966,0.125,0.00423728813559322,0.3050847457627119,0.00847457627118644,0.00847457627118644,0.00211864406779661,0.0211864406779661,0.00423728813559322,0.01694915254237288,0.277,0.372,0.458,0.829,0.397,30.5,12.5,,,,,,,,,
131,Charlie Blackmon,COL,128,373.4177215189873,413.0,91.11392405063292,0.24593128390596744,0.7459016393831619,0.2213114754098361,0.032786885245901634,0.025316455696202528,0.12296564195298372,0.13381555153707053,0.06871609403254973,0.0054249547920434,0.1826401446654611,0.0162748643761302,0.007233273056057866,0.0036166365280289325,0.0054249547920434,0.0018083182640144665,0.0036166365280289325,0.272,0.332123412,0.426,0.758123412,0.313624679,18.26401447,6.871609403,359,413,92,0.24213075060532688,0.6847826086956522,0.2608695652173913,0.05434782608695652,0.01937046004842615,0.13801452784503632,0.09685230024213075,0.09443099273607748,0.0,0.13317191283292978,0.026634382566585957,0.009685230024213076,0.0,0.009685230024213076,0.002421307506053269,0.007263922518159807,0.279,0.363,0.44,0.803,0.307,13.3,9.4,,,,,,,,,
132,Will Smith,LAD,136,475.0018281535649,553.9999999999999,96.21572212065811,0.22120658135283366,0.7157894736842106,0.25263157894736843,0.02105263157894737,0.04753199268738575,0.13162705667276053,0.15356489945155394,0.10786106032906766,0.007312614259597807,0.1846435100548446,0.02193784277879342,0.012797074954296161,0.0,0.0036563071297989035,0.0018281535648994518,0.0018281535648994518,0.258,0.351005484,0.481876333,0.832881817,0.272206304,18.46435101,10.78610603,464,554,102,0.2184115523465704,0.7745098039215687,0.20588235294117646,0.0196078431372549,0.03429602888086643,0.1444043321299639,0.1371841155234657,0.11371841155234658,0.0036101083032490976,0.16064981949458484,0.02707581227436823,0.021660649819494584,0.0,0.005415162454873646,0.0,0.005415162454873646,0.261,0.359,0.438,0.797,0.277,16.1,11.4,,,,,,,,,
133,Corbin Carroll,ARI,126,565.8516483516484,645.0,125.21978021978022,0.2216117216117216,0.7169811320754718,0.20754716981132076,0.07547169811680562,0.027472527472527472,0.13003663003663005,0.14285714285714285,0.0989010988992248,0.003663003663003663,0.2802197802197802,0.020146520146520148,0.003663003663003663,0.0,0.0347985347985348,0.009157509157509158,0.025641025641025644,0.253,0.340659341,0.425887265,0.766546606,0.338658147,28.02197802,9.89010989,565,645,136,0.2496124031007752,0.7058823529411765,0.22058823529411764,0.07352941176470588,0.03875968992248062,0.17984496124031008,0.11782945736434108,0.08837209302325581,0.0015503875968992248,0.1937984496124031,0.020155038759689922,0.006201550387596899,0.009302325581395349,0.08372093023255814,0.007751937984496124,0.07596899224806201,0.285,0.362,0.506,0.868,0.325,19.4,8.8,,,,,,,,,
134,Seiya Suzuki,CHC,126,510.3919413919414,583.0,109.97985348399267,0.23443223443223443,0.7184466019147082,0.26213592232023136,0.019417475727424544,0.04578754578044597,0.13553113553113552,0.10805860805860805,0.10989010989010987,0.007326007326007326,0.24175824175824176,0.009157509157509158,0.007326007326007326,0.0,0.016483516483704976,0.01098901098901099,0.005494505494505495,0.267,0.352833638,0.489539749,0.842373387,0.316923077,24.17582418,10.98901099,515,583,127,0.2521440823327616,0.7086614173228346,0.2440944881889764,0.047244094488188976,0.03430531732418525,0.12864493996569468,0.1269296740994854,0.10120068610634649,0.005145797598627788,0.22298456260720412,0.003430531732418525,0.012006861063464836,0.0,0.010291595197255575,0.012006861063464836,-0.0017152658662092624,0.285,0.357,0.485,0.842,0.341,22.3,10.1,,,,,,,,,
136,Tony Kemp,OAK,126,365.2820512820513,419.0,85.18131868151285,0.217948717948718,0.7477477476974506,0.20720720720673488,0.03603603604068416,0.014652014651551313,0.11538461538461539,0.0750915750915751,0.09157509157509158,0.0,0.13186813186813187,0.016483516483516484,0.01098901098901099,0.009157509157509158,0.020146520146520148,0.0036630036630036634,0.016483516483516484,0.249,0.329020333,0.363445378,0.692465711,0.276119403,13.18681319,9.157509158,359,419,70,0.17899761336515513,0.7714285714285715,0.18571428571428572,0.04285714285714286,0.011933174224343675,0.10023866348448687,0.06443914081145585,0.10501193317422435,0.0,0.0954653937947494,0.014319809069212411,0.007159904534606206,0.016706443914081145,0.03579952267303103,0.00954653937947494,0.026252983293556086,0.209,0.303,0.304,0.607,0.221,9.5,10.5,,,,,,,,,
137,Mark Canha,NYM,126,423.4285714285714,507.0,88.21428571428572,0.2014652014652015,0.7789473684210526,0.21052631578947367,0.02105263157894736,0.027472527472527472,0.13736263736263735,0.10805860805860806,0.11355311355311357,0.0018315018315018315,0.1978021978021978,0.04395604395604395,0.007326007326007324,0.0,0.009157509157509158,0.0018315018315018315,0.007326007326007324,0.242,0.358974359,0.394736842,0.753711201,0.28189911,19.78021978,11.35531136,435,507,103,0.22485207100591717,0.7475728155339806,0.24271844660194175,0.009708737864077669,0.021696252465483234,0.10059171597633136,0.1222879684418146,0.09664694280078895,0.0019723865877712033,0.15581854043392504,0.03353057199211045,0.011834319526627219,0.0,0.021696252465483234,0.0019723865877712033,0.01972386587771203,0.262,0.355,0.4,0.755,0.293,15.6,9.7,,,,,,,,,
138,Justin Turner,BOS,126,548.03663,626.0,137.58241758241758,0.24908424908424906,0.7666666666666666,0.24166666666666667,0.0,0.0293040293040293,0.1282051282051282,0.14285714285714285,0.09523809523809523,0.0018315018315018313,0.16666666666666663,0.018315018315018312,0.010989010989010988,0.0,0.0036630036630036626,0.0018315018315018313,0.0018315018315018313,0.285,0.362637363,0.447698745,0.810336107,0.318302387,16.66666667,9.523809524,558,626,131,0.24600638977635783,0.7633587786259542,0.2366412213740458,0.0,0.036741214057507986,0.13738019169329074,0.15335463258785942,0.08146964856230032,0.0,0.1757188498402556,0.01757188498402556,0.009584664536741214,0.0,0.006389776357827476,0.001597444089456869,0.004792332268370607,0.276,0.345,0.455,0.8,0.304,17.6,8.1,,,,,,,,,
139,Giancarlo Stanton,NYY,126,365.5952380952381,415.0,64.6062271062271,0.21245421245421245,0.7882352941176471,0.21176470588235297,0.0,0.05677655677655678,0.10805860805860805,0.163003663003663,0.10805860805860805,0.001831501831325301,0.2802197802197802,0.005494505493975904,0.005494505493975904,0.0,0.0,0.001831501831325301,-0.001831501831325301,0.241,0.326007326,0.471933472,0.797940798,0.283333333,28.02197802,10.80586081,371,415,47,0.1710843373493976,0.723404255319149,0.2765957446808511,0.0,0.05783132530120482,0.10361445783132531,0.14457831325301204,0.09879518072289156,0.007228915662650603,0.2987951807228916,0.004819277108433735,0.0024096385542168677,0.0,0.0,0.0,0.0,0.191,0.275,0.42,0.695,0.21,29.9,9.9,,,,,,,,,
140,J.T. Realmuto,PHI,136,484.30939226519337,540.0,105.41436464088399,0.23204419889502764,0.7264150943396226,0.2452830188679245,0.028301886792452827,0.03683241252302026,0.13075506445672191,0.13812154696132597,0.07734806629834255,0.003683241252302026,0.22099447513812157,0.01841620626111111,0.007366482504604052,0.0,0.02578268876611418,0.0018416206259259259,0.02394106813996317,0.259,0.327808471,0.447638604,0.775447075,0.301994302,22.09944751,7.73480663,489,540,103,0.22777777777777777,0.6796116504854369,0.27184466019417475,0.04854368932038835,0.037037037037037035,0.12962962962962962,0.11666666666666667,0.06481481481481481,0.005555555555555556,0.25555555555555554,0.016666666666666666,0.009259259259259259,0.0,0.02962962962962963,0.009259259259259259,0.020370370370370372,0.252,0.31,0.452,0.762,0.307,25.6,6.5,,,,,,,,,
141,Tyler Stephenson,CIN,131,459.8729281767956,517.0,105.68508287292818,0.23388581952117862,0.7657657657657658,0.2252252252252252,0.0,0.02946593001841621,0.1252302025782689,0.13443830570902396,0.08103130755064457,0.0,0.22099447513812154,0.016574585635359115,0.011049723756906079,0.0,0.0036832412523020272,0.0036832412523020272,0.0,0.262,0.332103321,0.412008282,0.744111603,0.314447592,22.09944751,8.103130755,465,517,100,0.218568665377176,0.78,0.2,0.02,0.025145067698259187,0.11411992263056092,0.10831721470019343,0.09090909090909091,0.0038684719535783366,0.2611218568665377,0.007736943907156673,0.0019342359767891683,0.0,0.0,0.0019342359767891683,-0.0019342359767891683,0.243,0.317,0.378,0.696,0.314,26.1,9.1,,,,,,,,,
142,Trent Grisham,SDP,125,478.80333951762526,555.0,87.52319109461968,0.19109461966604827,0.7176470588235294,0.2588235293604663,0.03529411764705882,0.033395176252319116,0.1224489795855856,0.11502782931354362,0.11317254174397032,0.0037105751391465673,0.25046382189239336,0.011131725417439705,0.005565862708719852,0.0074211502782931356,0.018552875695732846,0.005565862708719852,0.012987012987012988,0.222,0.317757009,0.4,0.717757009,0.26984127,25.04638219,11.31725417,469,555,80,0.16756756756756758,0.6,0.3875,0.0125,0.023423423423423424,0.12072072072072072,0.09009009009009009,0.13513513513513514,0.0,0.2774774774774775,0.009009009009009009,0.0018018018018018018,0.007207207207207207,0.02702702702702703,0.005405405405405406,0.021621621621621623,0.198,0.315,0.352,0.666,0.264,27.7,13.5,,,,,,,,,
143,Miguel Vargas,LAD,125,272.4155844155844,304.0,63.16883116883116,0.2374768089053803,0.75,0.23214285714285715,0.017857142857142856,0.02968460111317254,0.14842300556586271,0.13543599257884975,0.08534322819078947,0.0018552875695732837,0.1799628942486085,0.0111317254174397,0.009276437847866421,0.0,0.01484230055658627,0.005565862708719851,0.009276437847866421,0.265,0.333333333,0.426501035,0.759834369,0.298666667,17.99628942,8.53432282,256,304,43,0.16447368421052633,0.5581395348837209,0.3488372093023256,0.09302325581395349,0.023026315789473683,0.11842105263157894,0.10526315789473684,0.125,0.003289473684210526,0.20065789473684212,0.013157894736842105,0.013157894736842105,0.003289473684210526,0.009868421052631578,0.006578947368421052,0.003289473684210526,0.195,0.305,0.367,0.672,0.224,20.1,12.5,,,,,,,,,
145,Fernando Tatis Jr.,SDP,123,559.8026315789473,635.0,103.84398496240603,0.2349624060150376,0.7126436781609194,0.25287356325459315,0.022988505747126433,0.07142857142857141,0.1766917293233083,0.16917293233082703,0.10150375939849625,0.007518796992481203,0.2706766917293233,0.009398496240601503,0.007518796992481203,0.0,0.045112781954887216,0.009398496240601503,0.03571428571428571,0.266,0.345864662,0.562899787,0.908764448,0.298969072,27.06766917,10.15037594,575,635,123,0.23307086614173228,0.7235772357723578,0.2682926829268293,0.008130081300813009,0.03937007874015748,0.14330708661417324,0.12283464566929134,0.08346456692913386,0.0,0.2220472440944882,0.004724409448818898,0.004724409448818898,0.0015748031496062992,0.04566929133858268,0.006299212598425197,0.03937007874015748,0.257,0.322,0.449,0.77,0.299,22.2,8.3,,,,,,,,,
146,Chris Taylor,LAD,123,338.52631578947364,384.0,67.84962405954887,0.20676691729166666,0.6808510638358231,0.2765957446833031,0.03191489361730421,0.03007518796992481,0.12593984963541668,0.12969924812030076,0.09962406015037593,0.0037593984962406013,0.3120300751879699,0.013157894736842105,0.005639097744360902,0.0,0.018796992481203003,0.0018796992481203006,0.016917293233082706,0.234,0.319548872,0.402985075,0.722533947,0.324137931,31.20300752,9.962406015,338,384,65,0.20833333333333334,0.7538461538461538,0.23076923076923078,0.015384615384615385,0.0390625,0.1328125,0.14583333333333334,0.10677083333333333,0.005208333333333333,0.3255208333333333,0.010416666666666666,0.0026041666666666665,0.0,0.041666666666666664,0.0078125,0.033854166666666664,0.237,0.326,0.42,0.746,0.327,32.6,10.7,,,,,,,,,
148,Triston Casas,BOS,123,432.1729323308271,502.0,93.41729323308272,0.21992481203007522,0.7272727272727273,0.25252525252525254,0.0303030303030303,0.03383458646616542,0.13157894736842105,0.14097744360902256,0.12406015037593986,0.005639097744360903,0.2255639097744361,0.0075187969924812035,0.0075187969924812035,0.0,0.005639097744360903,0.0018796992490039842,0.0037593984962406017,0.256,0.351503759,0.443231441,0.7947352,0.305555556,22.55639098,12.40601504,429,502,89,0.2250996015936255,0.7415730337078652,0.23595505617977527,0.02247191011235955,0.04780876494023904,0.13147410358565736,0.1294820717131474,0.1394422310756972,0.00398406374501992,0.250996015936255,0.00199203187250996,0.00398406374501992,0.0,0.0,0.0,0.0,0.263,0.367,0.49,0.856,0.317,25.1,13.9,,,,,,,,,
149,Joc Pederson,SFG,123,373.0733082706767,425.0,73.49624060150374,0.21428571428571425,0.7282608695652176,0.22826086956521746,0.04347826086956523,0.041353383458646614,0.12593984962406016,0.12969924812030076,0.0939849624,0.0037593984962406017,0.23120300751879697,0.020676691729323307,0.0075187969924812035,0.0,0.0037593984962406017,0.0037593984962406017,0.0,0.244,0.328947368,0.447537473,0.776484842,0.282208589,23.12030075,9.398496241,358,425,69,0.1976470588235294,0.7536231884057971,0.2028985507246377,0.043478260869565216,0.03529411764705882,0.1388235294117647,0.12,0.13411764705882354,0.01411764705882353,0.20941176470588235,0.01647058823529412,0.007058823529411765,0.0,0.0,0.0,0.0,0.235,0.348,0.416,0.764,0.268,20.9,13.4,,,,,,,,,
150,Lourdes Gurriel Jr.,ARI,123,544.1503759398496,592.0,140.21052631578945,0.2612781954887218,0.7222222222222223,0.2619047619047619,0.015873015873015876,0.024436090225563905,0.11466165413851352,0.11654135338345864,0.06203007518796992,0.0018796992481203006,0.18233082706766918,0.009398496239864865,0.007518796992481203,0.0,0.005639097744360902,0.007518796992481203,-0.0018796992483108108,0.285,0.333333333,0.439672802,0.773006135,0.328981723,18.23308271,6.203007519,551,592,120,0.24324324324324326,0.6916666666666667,0.2916666666666667,0.016666666666666666,0.04054054054054054,0.1097972972972973,0.13851351351351351,0.05574324324324324,0.0016891891891891893,0.17398648648648649,0.010135135135135136,0.0033783783783783786,0.0,0.008445945945945946,0.0,0.008445945945945946,0.261,0.309,0.463,0.772,0.282,17.4,5.6,,,,,,,,,
151,Kevin Newman,CIN,123,235.40413533834587,253.0,59.921052631578945,0.25,0.8015873015873015,0.18253968253968256,0.015873015873015872,0.013157894736842105,0.10150375939849623,0.08646616541353383,0.05263157894736842,0.0018796992481203006,0.12593984962406013,0.007518796992481203,0.0037593984962406013,0.007518796992481203,0.01691729323308271,0.007518796992481203,0.009398496240601503,0.27,0.311909263,0.365656566,0.677565828,0.29787234,12.59398496,5.263157895,225,253,54,0.22529644268774704,0.7037037037037037,0.2962962962962963,0.0,0.011857707509881422,0.11067193675889328,0.11067193675889328,0.06719367588932806,0.0,0.13438735177865613,0.015810276679841896,0.019762845849802372,0.007905138339920948,0.03162055335968379,0.003952569169960474,0.02766798418972332,0.253,0.311,0.364,0.675,0.28,13.4,6.7,,,,,,,,,
152,Trey Mancini,CHC,123,234.3270676691729,263.0,49.43609022556391,0.2199248120300752,0.7400000000623574,0.24999999999999997,0.01,0.03195488721804512,0.11654135338345865,0.11842105263157895,0.09022556390977444,0.005639097744360903,0.22932330827067668,0.013157894736842106,0.005639097744360903,0.0,0.0,0.0018796992481203009,-0.001879699247148289,0.247,0.323308271,0.411392405,0.734700676,0.295857988,22.93233083,9.022556391,235,263,51,0.20912547528517111,0.7647058823529411,0.23529411764705882,0.0,0.015209125475285171,0.11787072243346007,0.10646387832699619,0.07984790874524715,0.0038022813688212928,0.2965779467680608,0.0076045627376425855,0.011406844106463879,0.0,0.0,0.0,0.0,0.234,0.299,0.336,0.635,0.327,29.7,8.0,,,,,,,,,
153,Willson Contreras,STL,131,427.6275992438564,495.0,82.34404536862004,0.20604914933837432,0.715909090909091,0.26136363636363635,0.011363636363636364,0.0396975425330813,0.1285444234404537,0.13421550094949497,0.09262759924385634,0.001890359168241966,0.23251417769376181,0.03780718336483932,0.005671077505050506,0.0,0.005671077505050506,0.005671077505050506,0.0,0.238,0.336483932,0.428884026,0.765367958,0.278481013,23.25141777,9.262759924,428,495,93,0.22828282828282828,0.7096774193548387,0.2903225806451613,0.0,0.04040404040404041,0.1111111111111111,0.13535353535353536,0.10303030303030303,0.0,0.22424242424242424,0.026262626262626262,0.00404040404040404,0.00202020202020202,0.012121212121212121,0.006060606060606061,0.006060606060606061,0.264,0.358,0.467,0.826,0.311,22.4,10.3,,,,,,,,,
154,Masataka Yoshida,BOS,121,518.1333333333333,580.0,136.99047619047622,0.2723809523809524,0.7741935483870966,0.21774193548387094,0.016129032258064516,0.03619047619047619,0.12380952380952381,0.14476190476190476,0.0895238095238095,0.017142857142857147,0.11047619047619048,0.009523809523809523,0.00761904761904762,0.0,0.005714285714285714,0.001904761904761905,0.00380952380952381,0.305,0.371428571,0.49466951,0.866098081,0.313131313,11.04761905,8.952380952,537,580,140,0.2672413793103448,0.7428571428571429,0.2357142857142857,0.02142857142857143,0.02586206896551724,0.12241379310344827,0.12413793103448276,0.05862068965517241,0.0,0.1396551724137931,0.01206896551724138,0.0034482758620689655,0.0,0.013793103448275862,0.0,0.013793103448275862,0.289,0.338,0.445,0.783,0.316,14.0,5.9,,,,,,,,,
155,Ha-Seong Kim,SDP,121,556.8419047619047,626.0,118.04571428571427,0.21333333333333332,0.7171717171717172,0.25252525252525254,0.030303030303030307,0.024761904761904763,0.09904761904761905,0.10666666666666666,0.0857142857142857,0.0,0.18476190476190477,0.011428571428571429,0.007619047619047619,0.005714285714285714,0.01904761904761905,0.0038095238095238095,0.015238095238019169,0.239,0.312260536,0.389721627,0.701982164,0.274238227,18.47619048,8.571428571,538,626,123,0.22364217252396165,0.8130081300813008,0.18699186991869918,0.0,0.027156549520766772,0.134185303514377,0.09584664536741214,0.11980830670926518,0.001597444089456869,0.19808306709265175,0.004792332268370607,0.007987220447284345,0.007987220447284345,0.06070287539936102,0.01437699680511182,0.0463258785942492,0.26,0.351,0.398,0.749,0.306,19.8,12.0,,,,,,,,,
156,Brandon Crawford,SFG,122,284.03809523809525,320.00000000000006,62.17142857142858,0.22095238095238093,0.7549019607843137,0.22549019607843138,0.0196078431372549,0.02666666666666667,0.11619047619047618,0.11809523809523807,0.09142857142857141,0.009523809523809523,0.21714285715624998,0.011428571428571427,0.009523809523809523,0.0,0.005714285714285713,0.003809523809523809,0.0019047619047619045,0.249,0.323809524,0.396995708,0.720805232,0.297376093,21.71428571,9.142857143,283,320,48,0.171875,0.75,0.22916666666666666,0.020833333333333332,0.021875,0.096875,0.11875,0.0875,0.003125,0.253125,0.0125,0.0125,0.003125,0.009375,0.0,0.009375,0.194,0.273,0.314,0.587,0.241,25.3,8.8,,,,,,,,,
157,Kolten Wong,SEA,122,221.42857142857144,250.0,49.047619048095235,0.22095238095238093,0.7475728155267224,0.23300970873560187,0.019417475727966822,0.02476190476,0.1257142857142857,0.10285714285714284,0.07619047619047618,0.00380952380952381,0.17714285714285713,0.026666666666666665,0.00761904761904762,0.0019047619047619043,0.02857142857142857,0.009523809523809523,0.019047619047619046,0.249,0.325047801,0.393548387,0.718596188,0.283746556,17.71428571,7.619047619,224,250,37,0.164,0.8378378378378378,0.16216216216216217,0.0,0.016,0.1,0.108,0.072,0.0,0.212,0.02,0.012,0.0,0.012,0.008,0.004,0.183,0.256,0.263,0.519,0.218,21.2,7.2,,,,,,,,,
158,Max Kepler,MIN,122,428.3390476190476,491.0,82.30095238571428,0.20190476191446027,0.6931818181417109,0.27272727271149283,0.022727272725957735,0.03428571428571428,0.13142857142857142,0.11238095238095237,0.10666666666666667,0.0019047619047619048,0.1676190476190476,0.013333333333333334,0.007619047619047619,0.0,0.007619047619047619,0.0038095238095238095,0.0038095238095238095,0.231,0.321904762,0.408296943,0.730201705,0.247191011,16.76190476,10.66666667,438,491,90,0.23217922606924643,0.7333333333333333,0.24444444444444444,0.022222222222222223,0.048879837067209775,0.14663951120162932,0.13441955193482688,0.09164969450101833,0.0,0.2158859470468432,0.008146639511201629,0.008146639511201629,0.0,0.002036659877800407,0.002036659877800407,0.0,0.26,0.332,0.484,0.816,0.288,21.6,9.2,,,,,,,,,
159,Cody Bellinger,CHC,122,493.5161904761905,556.0,94.2552380952381,0.2038095238095238,0.7191011235955056,0.24719101123595505,0.033707865168539325,0.03428571428571428,0.14476190476190476,0.1238095238095238,0.10095238095238096,0.009523809523809523,0.2342857142857143,0.0038095238095238095,0.007619047619047619,0.0,0.02476190476190476,0.005714285714285714,0.019047619047619046,0.23,0.308571429,0.405579399,0.714150828,0.270516717,23.42857143,10.0952381,499,556,127,0.2751798561151079,0.7637795275590551,0.2283464566929134,0.007874015748031496,0.046762589928057555,0.17086330935251798,0.17446043165467626,0.07194244604316546,0.00539568345323741,0.1564748201438849,0.008992805755395683,0.02158273381294964,0.0,0.03597122302158273,0.01079136690647482,0.025179856115107913,0.307,0.356,0.525,0.881,0.319,15.6,7.2,,,,,,,,,
160,Myles Straw,CLE,122,464.72,518.0,114.45333333333335,0.22476190476190477,0.810344827586207,0.17241379310344823,0.01724137931034482,0.0038095238095238082,0.13142857142857142,0.06857142857142857,0.09333333333333334,0.0,0.1619047619047619,0.001904761904761905,0.005714285714285714,0.001904761904761905,0.0419047619047619,0.005714285714285714,0.03619047619047618,0.251,0.320610687,0.314225053,0.63483574,0.299741602,16.19047619,9.333333333,462,518,109,0.21235521235521235,0.8073394495412844,0.1651376146788991,0.027522935779816515,0.0019305019305019305,0.10038610038610038,0.055984555984555984,0.08108108108108109,0.0,0.18725868725868725,0.003861003861003861,0.011583011583011582,0.011583011583011582,0.03861003861003861,0.011583011583011582,0.02702702702702703,0.238,0.301,0.297,0.597,0.295,18.7,8.1,,,,,,,,,
161,Leody Taveras,TEX,122,506.5142857142857,554.0,110.79999999999998,0.22095238095238093,0.7523809523809526,0.20000000000000004,0.04761904761904763,0.02095238095238095,0.1180952380952381,0.09904761904761905,0.07238095238095238,0.001904761904761905,0.2495238095238095,0.00380952380952381,0.00761904761904762,0.00380952380952381,0.03047619047619048,0.011428571428571429,0.01904761904761905,0.241,0.297709924,0.375,0.672709924,0.307017544,24.95238095,7.238095238,511,554,122,0.24548736462093862,0.7213114754098361,0.2540983606557377,0.02459016393442623,0.02527075812274368,0.12093862815884476,0.12093862815884476,0.0631768953068592,0.0,0.2111913357400722,0.0018050541516245488,0.007220216606498195,0.005415162454873646,0.02527075812274368,0.007220216606498195,0.018050541516245487,0.266,0.312,0.421,0.733,0.318,21.1,6.3,,,,,,,,,
162,Andrew McCutchen,PIT,122,410.8342857142857,473.0,84.6895238047619,0.20952380951374208,0.734042553232763,0.25531914895052626,0.01063829787350087,0.030476190476190476,0.12380952380952381,0.10285714285714286,0.11619047619047619,0.0019047619048625792,0.2114285714285714,0.005714285714285714,0.007619047619047619,0.0,0.013333333333333332,0.005714285714285714,0.007619047619047619,0.241,0.332061069,0.403508772,0.735569841,0.282282282,21.14285714,11.61904762,390,473,88,0.21141649048625794,0.7840909090909091,0.2159090909090909,0.0,0.02536997885835095,0.11627906976744186,0.09090909090909091,0.15856236786469344,0.0021141649048625794,0.21141649048625794,0.008456659619450317,0.008456659619450317,0.0,0.023255813953488372,0.006342494714587738,0.016913319238900635,0.256,0.378,0.397,0.776,0.312,21.1,15.9,,,,,,,,,
163,Seth Brown,OAK,120,343.7027027027027,378.0,61.29729729729729,0.2104247104247104,0.6785714284964727,0.29761904761904756,0.03571428571428571,0.04826254826254825,0.1274131274131274,0.1274131274131274,0.07915057915057915,0.003861003861003861,0.277992277992278,0.005791505791505791,0.005791505791505791,0.0,0.013513513513513513,0.0019305019305019305,0.011583011583011582,0.232,0.295366795,0.458598726,0.753965521,0.275409836,27.7992278,7.915057915,343,378,62,0.20105820105820105,0.6774193548387096,0.3064516129032258,0.016129032258064516,0.037037037037037035,0.0873015873015873,0.13756613756613756,0.07936507936507936,0.0026455026455026454,0.2671957671957672,0.005291005291005291,0.005291005291005291,0.0026455026455026454,0.007936507936507936,0.0026455026455026454,0.005291005291005291,0.222,0.286,0.405,0.692,0.27,26.7,7.9,,,,,,,,,
164,Brendan Donovan,STL,120,318.7162162162162,371.0,75.91891891891893,0.21621621621621623,0.783018867924528,0.20754716981132074,0.009433962264150941,0.011583011583011582,0.1293436293436293,0.09845559845559847,0.11196911196911197,0.0019305019305019305,0.16216216216216217,0.025096525097035038,0.003861003861003861,0.0019305019305019305,0.005791505791505791,0.005791505791505791,0.0,0.252,0.353281853,0.346067416,0.699349269,0.296918768,16.21621622,11.1969112,327,371,82,0.25067385444743934,0.8658536585365854,0.12195121951219512,0.012195121951219513,0.029649595687331536,0.1293800539083558,0.09164420485175202,0.0889487870619946,0.005390835579514825,0.14285714285714285,0.02425876010781671,0.0026954177897574125,0.0026954177897574125,0.013477088948787063,0.0026954177897574125,0.01078167115902965,0.284,0.365,0.422,0.787,0.311,14.3,8.9,,,,,,,,,
165,Elvis Andrus,CHW,120,373.8648648648648,406.0,83.08108108108107,0.22200772200772195,0.7641509433962265,0.22641509433962267,0.009433962264150945,0.017374517374517374,0.11196911196911197,0.09845559845559847,0.06177606177606178,0.0019305019305019305,0.16023166023166022,0.007722007722007722,0.007722007722007722,0.0019305019305019305,0.03088803088803089,0.007722007722007722,0.02316602316602316,0.241,0.292069632,0.352201258,0.64427089,0.272493573,16.02316602,6.177606178,374,406,88,0.2315270935960591,0.7613636363636364,0.22727272727272727,0.011363636363636364,0.014778325123152709,0.0960591133004926,0.10837438423645321,0.06157635467980296,0.0024630541871921183,0.1748768472906404,0.009852216748768473,0.0049261083743842365,0.0024630541871921183,0.029556650246305417,0.009852216748768473,0.019704433497536946,0.251,0.304,0.358,0.662,0.294,17.5,6.2,,,,,,,,,
166,Josh Rojas,ARI,118,306.8493150684931,350.0,69.86301369863013,0.2191780821917808,0.7058823529411765,0.27450980392156865,0.01960784314156863,0.019569471624266147,0.13307240704500978,0.10763209393346376,0.10763209393346376,0.001956947162857143,0.20547945205479454,0.003913894325714286,0.005870841487279843,0.005870841487279843,0.033268101761252444,0.009784735812133075,0.023483365948571432,0.25,0.332677165,0.388392857,0.721070022,0.303571429,20.54794521,10.76320939,314,350,73,0.22,0.7671232876712328,0.2328767123287671,0.0,0.011428571428571429,0.13428571428571429,0.11428571428571428,0.07714285714285714,0.0,0.23142857142857143,0.002857142857142857,0.011428571428571429,0.005714285714285714,0.03428571428571429,0.0,0.03428571428571429,0.245,0.303,0.338,0.641,0.313,23.1,7.7,,,,,,,,,
167,Santiago Espinal,TOR,118,232.6262230919765,254.0,58.65362035230137,0.2465753424657534,0.7796610169484762,0.21186440675545481,0.008474576266808344,0.0156555772992126,0.10567514677103718,0.10371819960861056,0.07240704500978472,0.0019569471614173228,0.14677103718199608,0.003913894326771653,0.003913894326771653,0.0019569471614173228,0.013698630137795275,0.011741682976377952,0.0019569471614173228,0.269,0.324165029,0.378205128,0.702370158,0.304909561,14.67710372,7.240704501,230,254,55,0.22440944881889763,0.7454545454545455,0.2545454545454545,0.0,0.007874015748031496,0.11811023622047244,0.0984251968503937,0.07086614173228346,0.003937007874015748,0.14173228346456693,0.011811023622047244,0.003937007874015748,0.007874015748031496,0.007874015748031496,0.003937007874015748,0.003937007874015748,0.248,0.31,0.335,0.644,0.285,14.2,7.1,,,,,,,,,
168,Jose Siri,TBR,118,336.93150684931504,364.0,64.82191780821917,0.20939334637964774,0.7252747252747254,0.23076923076923078,0.03296703296703297,0.03131115459882583,0.12915851272015655,0.1232876712328767,0.05870841487279844,0.0,0.34442270058708413,0.009784735812133072,0.003913894324853229,0.0019569471624266144,0.03718199608610567,0.005870841487279842,0.03131115459882583,0.225,0.278431373,0.382663848,0.66109522,0.32155477,34.44227006,5.870841487,338,364,50,0.20604395604395603,0.7,0.26,0.04,0.06868131868131869,0.15934065934065933,0.15384615384615385,0.054945054945054944,0.0,0.35714285714285715,0.005494505494505495,0.008241758241758242,0.0027472527472527475,0.03296703296703297,0.008241758241758242,0.024725274725274724,0.222,0.267,0.494,0.761,0.269,35.7,5.5,,,,,,,,,
169,Kyle Isbel,KCR,118,285.43639921722115,313.0,61.25244618395303,0.2172211350293542,0.7300000000000001,0.20999999999999996,0.060000000000000005,0.02152641878669276,0.12328767123287673,0.11154598825831703,0.06653620352250492,0.0019569471624266144,0.23874755381604698,0.0136986301369863,0.003913894324853229,0.0019569471624266144,0.029354207436399223,0.0136986301369863,0.015655577299412915,0.238,0.298624754,0.379828326,0.678453081,0.298507463,23.87475538,6.653620352,292,313,65,0.22364217252396165,0.6307692307692307,0.3384615384615385,0.03076923076923077,0.01597444089456869,0.14376996805111822,0.10862619808306709,0.054313099041533544,0.0,0.18849840255591055,0.003194888178913738,0.006389776357827476,0.003194888178913738,0.022364217252396165,0.003194888178913738,0.019169329073482427,0.24,0.282,0.38,0.662,0.283,18.8,5.4,,,,,,,,,
170,Brandon Drury,LAA,118,481.0371819960861,523.0,97.23091976516633,0.22309197651663404,0.7157894736842105,0.2736842105263158,0.010526315789473686,0.03718199608610568,0.12133072407265774,0.13307240704500978,0.06457925636007827,0.0,0.2328767123287671,0.007827788649706457,0.005870841487279843,0.0,0.0019569471624266144,0.003913894324853229,-0.0019569471625239007,0.243,0.296078431,0.423404255,0.719482687,0.28358209,23.28767123,6.457925636,485,523,101,0.24282982791587,0.6732673267326733,0.297029702970297,0.0297029702970297,0.0497131931166348,0.11663479923518165,0.1586998087954111,0.04780114722753346,0.0,0.26003824091778205,0.015296367112810707,0.009560229445506692,0.0,0.0,0.0038240917782026767,-0.0038240917782026767,0.262,0.306,0.497,0.803,0.308,26.0,4.8,,,,,,,,,
172,Luis Garcia,WSN,118,454.6457925636008,482.0,104.70058708414872,0.2465753424657534,0.7387387387602333,0.22522522522522526,0.03603603603603604,0.029354207436399216,0.11741682974559686,0.11350293542074363,0.04696673189823875,0.00391389432485323,0.19373776908023482,0.001956947161825726,0.005870841487279843,0.001956947161825726,0.00782778864970646,0.00782778864970646,0.0,0.262,0.296078431,0.423236515,0.719314946,0.299191375,19.37377691,4.69667319,447,482,110,0.24688796680497926,0.8,0.16363636363636364,0.03636363636363636,0.01867219917012448,0.12655601659751037,0.1037344398340249,0.056016597510373446,0.002074688796680498,0.12448132780082988,0.0,0.014522821576763486,0.002074688796680498,0.01867219917012448,0.008298755186721992,0.01037344398340249,0.266,0.304,0.385,0.688,0.286,12.4,5.6,,,,,,,,,
173,Joey Wendle,MIA,117,293.3928571428571,318.0,73.19047619047619,0.24603174603174605,0.7155172413793104,0.2586206896551724,0.03448275862068966,0.015873015873015876,0.1130952380952381,0.0992063492063492,0.0496031746031746,0.001984126984126984,0.1746031746031746,0.01984126984126984,0.007936507936507938,0.0,0.025793650793650796,0.00992063492063492,0.015873015873015876,0.268,0.31547619,0.402150538,0.717626728,0.310991957,17.46031746,4.96031746,297,318,61,0.19811320754716982,0.6885245901639344,0.26229508196721313,0.04918032786885246,0.006289308176100629,0.10377358490566038,0.06289308176100629,0.040880503144654086,0.0,0.21069182389937108,0.006289308176100629,0.009433962264150943,0.009433962264150943,0.0220125786163522,0.0031446540880503146,0.018867924528301886,0.212,0.248,0.306,0.554,0.264,21.1,4.1,,,,,,,,,
174,Miguel Rojas,LAD,117,391.1071428571429,423.0,94.0,0.2361111111111111,0.7410714285714286,0.23214285714285715,0.017857142857142856,0.013888888888888888,0.09126984126984128,0.11904761904761905,0.05952380952380953,0.001984126984126984,0.13095238095238096,0.00992063492063492,0.003968253968253968,0.001984126984126984,0.01984126984126984,0.005952380952380952,0.013888888888888888,0.256,0.306163022,0.362660944,0.668823966,0.283544304,13.0952381,5.952380952,385,423,86,0.21513002364066194,0.8023255813953488,0.18604651162790697,0.011627906976744186,0.01182033096926714,0.11583924349881797,0.07328605200945626,0.061465721040189124,0.0,0.11347517730496454,0.01182033096926714,0.01182033096926714,0.004728132387706856,0.018912529550827423,0.0070921985815602835,0.01182033096926714,0.236,0.29,0.322,0.612,0.255,11.3,6.1,,,,,,,,,
175,Dylan Carlson,STL,117,225.14880952380952,255.0,49.58333333333333,0.22023809523809523,0.6938775510204083,0.2653061224489796,0.040816326530612256,0.025793650793650796,0.13095238095238093,0.11507936507936506,0.09126984126984125,0.003968253968253969,0.20833333333333334,0.013888888888888888,0.00992063492063492,0.0,0.00992063492063492,0.005952380952380952,0.003968253968253969,0.25,0.326043738,0.413483146,0.739526884,0.295180723,20.83333333,9.126984127,219,255,43,0.18823529411764706,0.7906976744186046,0.18604651162790697,0.023255813953488372,0.0196078431372549,0.10588235294117647,0.10588235294117647,0.10196078431372549,0.0,0.19215686274509805,0.027450980392156862,0.011764705882352941,0.0,0.011764705882352941,0.0,0.011764705882352941,0.219,0.318,0.333,0.651,0.256,19.2,10.2,,,,,,,,,
176,Carlos Santana,PIT,117,517.0615079,619.0,100.71031746031747,0.19444444444444445,0.7804878048780488,0.2195121951219512,0.0,0.031746031746031744,0.11706349206785137,0.09722222222222222,0.15476190476190474,0.005952380952380953,0.16071428571428573,0.003968253968253969,0.005952380952380953,0.0,0.0019841269841269845,0.0019841269841269845,0.0,0.232,0.353174603,0.389548694,0.742723297,0.250764526,16.07142857,15.47619048,550,619,109,0.21324717285945072,0.6880733944954128,0.30275229357798167,0.009174311926605505,0.03715670436187399,0.1260096930533118,0.13893376413570274,0.1050080775444265,0.0,0.1680129240710824,0.0,0.006462035541195477,0.0,0.009693053311793215,0.0,0.009693053311793215,0.24,0.318,0.429,0.747,0.255,16.8,10.5,,,,,,,,,
177,Bryan De La Cruz,MIA,117,577.5595238095239,626.0,134.14285714285714,0.24404761904761904,0.7592592592592593,0.212962962962963,0.01851851851851852,0.02976190476190476,0.125,0.11706349206349208,0.06547619047619048,0.0,0.23611111111111113,0.003968253968253968,0.007936507936507936,0.0,0.00992063492063492,0.003968253968253968,0.005952380952380952,0.264,0.313492063,0.417204301,0.730696365,0.32238806,23.61111111,6.547619048,579,626,130,0.2380191693290735,0.7538461538461538,0.24615384615384617,0.0,0.03035143769968051,0.09584664536741214,0.12460063897763578,0.06389776357827476,0.0,0.2268370607028754,0.001597444089456869,0.007987220447284345,0.0,0.006389776357827476,0.001597444089456869,0.004792332268370607,0.257,0.304,0.411,0.715,0.307,22.7,6.4,,,,,,,,,
178,Joey Votto,CIN,117,207.42857142857144,242.0,39.37301587301587,0.2003968253968254,0.7073170731707318,0.2804878048780488,0.012195121951219513,0.037698412698412696,0.11111111111111112,0.10912698412698414,0.12698412698412698,0.003968253968253968,0.25,0.011904761904761904,0.003968253968253968,0.0,0.001984126984126984,0.001984126984126984,0.0,0.233,0.339285714,0.423611111,0.762896825,0.283737024,25.0,12.6984127,208,242,28,0.17355371900826447,0.7857142857142857,0.21428571428571427,0.0,0.05785123966942149,0.10743801652892562,0.15702479338842976,0.1115702479338843,0.0,0.256198347107438,0.028925619834710745,0.0,0.0,0.0,0.0,0.0,0.202,0.314,0.433,0.747,0.212,25.6,11.2,,,,,,,,,
179,Whit Merrifield,TOR,117,545.015873,592.0,125.6825396825397,0.23214285714285718,0.7476635514018691,0.22429906542056072,0.018691588785046728,0.019841269841269847,0.12896825396825398,0.11111111111111112,0.061507936507936505,0.001984126984126984,0.1626984126984127,0.005952380952380953,0.011904761904761906,0.0,0.031746031746031744,0.007936507936507936,0.02380952380952381,0.251,0.299603175,0.375,0.674603175,0.283068783,16.26984127,6.150793651,547,592,138,0.2516891891891892,0.8043478260869565,0.1956521739130435,0.0,0.018581081081081082,0.11148648648648649,0.11317567567567567,0.060810810810810814,0.0033783783783783786,0.17060810810810811,0.005067567567567568,0.010135135135135136,0.0,0.04391891891891892,0.016891891891891893,0.02702702702702703,0.272,0.318,0.382,0.7,0.313,17.1,6.1,,,,,,,,,
180,Isaac Paredes,TBR,115,494.0241448692153,571.0,86.16700201207244,0.19919517102615697,0.6799999999999999,0.29333333333333333,0.013333333333333336,0.0482897384305835,0.12474849094567404,0.14285714285714288,0.11267605633975482,0.0,0.1790744466800805,0.012072434607645875,0.010060362173380034,0.0,0.0,0.004024144869215293,-0.004024144868651489,0.229,0.323943662,0.451162791,0.775106453,0.232919255,17.90744467,11.26760563,492,571,92,0.21541155866900175,0.7391304347826086,0.2608695652173913,0.0,0.0542907180385289,0.1243432574430823,0.17162872154115585,0.10157618213660245,0.0,0.18213660245183888,0.03502626970227671,0.0017513134851138354,0.0,0.0017513134851138354,0.0,0.0017513134851138354,0.25,0.352,0.488,0.84,0.257,18.2,10.2,,,,,,,,,
181,Joey Gallo,MIN,115,275.21931589537223,332.0,36.07243460764588,0.1609657947686117,0.7037037037037036,0.27777777777777773,0.018518518518518517,0.0523138832997988,0.13682092555331993,0.12676056338028172,0.1609657947686117,0.006036217303822938,0.3702213279678069,0.008048289738430584,0.002012072434607646,0.0,0.008048289738430584,0.002012072434607646,0.006036217303822938,0.194,0.329979879,0.424757282,0.754737161,0.266009852,37.0221328,16.09657948,282,332,29,0.15060240963855423,0.6551724137931034,0.3103448275862069,0.034482758620689655,0.06325301204819277,0.11746987951807229,0.12048192771084337,0.14457831325301204,0.0030120481927710845,0.42771084337349397,0.006024096385542169,0.0,0.0,0.0030120481927710845,0.0030120481927710845,0.0,0.177,0.301,0.44,0.741,0.244,42.8,14.5,,,,,,,,,
183,Bryson Stott,PHI,115,579.4768612,640.0,127.48490945674044,0.22132796780684103,0.7676767676821338,0.20202020202020202,0.030303030299526516,0.022132796780684104,0.12474849094567404,0.11267605633802817,0.08651911468812877,0.0,0.21730382293762576,0.002012072434607646,0.004024144869215292,0.002012072434607646,0.02012072434607646,0.006036217303125,0.014084507042253521,0.245,0.310483871,0.375555556,0.686039427,0.297297297,21.73038229,8.651911469,585,640,149,0.25625,0.7718120805369127,0.21476510067114093,0.013422818791946308,0.0234375,0.121875,0.096875,0.0609375,0.0015625,0.15625,0.0109375,0.0125,0.0015625,0.0484375,0.0046875,0.04375,0.28,0.329,0.419,0.747,0.312,15.6,6.1,,,,,,,,,
185,Alejandro Kirk,TOR,122,368.39919354838713,422.0,85.93145161290323,0.2338709677419355,0.7623762376237624,0.22772277227722773,0.0,0.03024193548387097,0.10685483870967742,0.13306451612903225,0.11088709677419355,0.0020161290322580645,0.11693548387096775,0.008064516129032258,0.008064516129032258,0.0,0.0,0.0020161290322580645,-0.0020161290331753554,0.267,0.352822581,0.422632794,0.775455375,0.277472527,11.69354839,11.08870968,372,422,85,0.22037914691943128,0.8117647058823529,0.18823529411764706,0.0,0.018957345971563982,0.08056872037914692,0.1018957345971564,0.0995260663507109,0.002369668246445498,0.1066350710900474,0.014218009478672985,0.004739336492890996,0.0,0.0,0.0,0.0,0.25,0.334,0.358,0.692,0.265,10.7,10.0,,,,,,,,,
186,DJ LeMahieu,NYY,113,500.0653061,562.0,125.01632653061225,0.24285714285714288,0.8165137614678899,0.1743119266055046,0.009174311926605505,0.02040816326530612,0.1326530612244898,0.10612244897959183,0.1,0.0020408163265306124,0.1346938775510204,0.006122448979591836,0.006122448979591836,0.0,0.006122448979591836,0.004081632653061225,0.0020408163265306124,0.273,0.348268839,0.389908257,0.738177096,0.300275482,13.46938776,10.0,497,562,106,0.21530249110320285,0.7641509433962265,0.20754716981132076,0.02830188679245283,0.026690391459074734,0.09786476868327403,0.07829181494661921,0.10676156583629894,0.0035587188612099642,0.22241992882562278,0.005338078291814947,0.0035587188612099642,0.0,0.0035587188612099642,0.0035587188612099642,0.0,0.243,0.327,0.39,0.718,0.295,22.2,10.7,,,,,,,,,
187,Lars Nootbaar,STL,113,427.0367346938776,503.00000000000006,76.98979591836735,0.19387755102040816,0.6666666666375083,0.28,0.04,0.04081632653061224,0.14285714285714285,0.12857142857142856,0.13061224489795917,0.002040816326530612,0.21020408163265306,0.004081632653061224,0.016326530612244896,0.0,0.012244897959183673,0.002040816326530612,0.010204081632206758,0.228,0.328571429,0.435096154,0.763667582,0.249169435,21.02040816,13.06122449,426,503,97,0.220675944333996,0.7525773195876289,0.23711340206185566,0.010309278350515464,0.027833001988071572,0.147117296222664,0.09145129224652088,0.14314115308151093,0.003976143141153081,0.19681908548707752,0.0019880715705765406,0.005964214711729622,0.0019880715705765406,0.02186878727634195,0.0019880715705765406,0.019880715705765408,0.261,0.367,0.418,0.784,0.307,19.7,14.3,,,,,,,,,
189,Brian Anderson,MIL,113,316.7959183673469,361.0,62.62244897959182,0.2061224489795918,0.7176470588235295,0.2588235294117648,0.011764705884308297,0.03265306122448979,0.10816326531855955,0.12244897959183672,0.09591836734072023,0.004081632653061224,0.2673469387755102,0.022448979591836737,0.004081632653061224,0.0,0.004081632653061224,0.002040816326869806,0.002040816326869806,0.234,0.324489796,0.4,0.724489796,0.298245614,26.73469388,9.591836735,318,361,63,0.1994459833795014,0.7619047619047619,0.19047619047619047,0.047619047619047616,0.024930747922437674,0.10526315789473684,0.11080332409972299,0.0997229916897507,0.0,0.29916897506925205,0.0110803324099723,0.008310249307479225,0.0,0.002770083102493075,0.008310249307479225,-0.00554016620498615,0.226,0.31,0.368,0.678,0.309,29.9,10.0,,,,,,,,,
192,Oscar Colas,CHW,113,246.36122448979592,263.0,48.30612244897959,0.22244897959183674,0.7888888888888889,0.17777777777777778,0.03333333333333333,0.038775510204081626,0.11836734693877551,0.14081632653061224,0.05102040816326531,0.004081632653061225,0.2693877551020408,0.01020408163265306,0.0020408163269961975,0.0,0.004081632653061225,0.006122448979591836,-0.0020408163269961975,0.237,0.283673469,0.409586057,0.693259526,0.291262136,26.93877551,5.102040816,245,263,48,0.20152091254752852,0.8125,0.1875,0.0,0.019011406844106463,0.12167300380228137,0.07224334600760456,0.045627376425855515,0.0038022813688212928,0.26996197718631176,0.0076045627376425855,0.0076045627376425855,0.0076045627376425855,0.015209125475285171,0.011406844106463879,0.0038022813688212928,0.216,0.257,0.314,0.571,0.281,27.0,4.6,,,,,,,,,
193,William Contreras,MIL,122,550.9016393442623,611.0,108.92827868852459,0.22131147540983606,0.7816091954022989,0.20689655172413796,0.011494252873563218,0.0430327868852459,0.12090163934426228,0.12909836065573768,0.08811475409836066,0.0020491803278688526,0.26434426229508196,0.006147540983606558,0.0020491803278688526,0.0,0.0020491803278688526,0.0020491803278688526,0.0,0.246,0.316221766,0.434090909,0.750312675,0.298969072,26.43442623,8.81147541,540,611,139,0.2553191489361702,0.7194244604316546,0.2733812949640288,0.007194244604316547,0.027823240589198037,0.1407528641571195,0.1276595744680851,0.10310965630114566,0.0032733224222585926,0.20621931260229132,0.008183306055646482,0.0032733224222585926,0.0016366612111292963,0.009819967266775777,0.0016366612111292963,0.008183306055646482,0.289,0.367,0.457,0.825,0.348,20.6,10.3,,,,,,,,,
194,Cal Raleigh,SEA,120,516.0971074380166,569.0,86.99586776859505,0.20247933884297523,0.6351351351351351,0.35135135135135137,0.013513513513513513,0.04958677685950413,0.10743801652892562,0.1528925619834711,0.07644628099173553,0.002066115702479339,0.26859504132231404,0.006198347107438017,0.008264462809917356,0.0,0.004132231404958679,0.002066115702479339,0.002066115702479339,0.222,0.285714286,0.451025057,0.736739343,0.256055363,26.85950413,7.644628099,513,569,89,0.20913884007029876,0.7303370786516854,0.25842696629213485,0.011235955056179775,0.05272407732864675,0.13708260105448156,0.13181019332161686,0.09490333919156414,0.0017574692442882249,0.27768014059753954,0.0017574692442882249,0.0017574692442882249,0.0,0.0,0.0,0.0,0.232,0.306,0.456,0.762,0.273,27.8,9.5,,,,,,,,,
195,Adam Frazier,BAL,112,413.5507246376811,455.0,105.50724637681161,0.24223602484472054,0.7857142857142855,0.18749999999999992,0.026785714285714284,0.010351966873706006,0.11594202898901099,0.08488612837362637,0.07039337474120082,0.004140786749482402,0.12008281573498965,0.012422360248447208,0.004140786749482402,0.004140786749482402,0.014492753623188406,0.008281573498964804,0.006211180124223603,0.267,0.326403326,0.362186788,0.688590115,0.296296296,12.00828157,7.039337474,412,455,86,0.2175824175824176,0.7325581395348837,0.2441860465116279,0.023255813953488372,0.02857142857142857,0.12967032967032968,0.13186813186813187,0.07032967032967033,0.0,0.14945054945054945,0.008791208791208791,0.004395604395604396,0.008791208791208791,0.024175824175824177,0.008791208791208791,0.015384615384615385,0.24,0.3,0.396,0.696,0.258,14.9,7.0,,,,,,,,,
197,Randal Grichuk,COL,112,439.7950310559006,471.0,98.49068322981365,0.24844720496894407,0.7425742574257426,0.22772277227722773,0.029702970297029705,0.039337474120082816,0.11801242236024843,0.14078674948240166,0.05175983436853002,0.0,0.2236024844720497,0.008281573498964802,0.006211180124223602,0.0,0.004140786749482401,0.002070393374741201,0.002070393374741201,0.265,0.308488613,0.456762749,0.765251362,0.308868502,22.36024845,5.175983437,434,471,100,0.24628450106157113,0.67,0.31,0.02,0.03397027600849257,0.13800424628450106,0.09341825902335456,0.06157112526539278,0.004246284501061571,0.20382165605095542,0.012738853503184714,0.004246284501061571,0.0,0.004246284501061571,0.004246284501061571,0.0,0.267,0.321,0.459,0.779,0.309,20.4,6.2,,,,,,,,,
198,Jake Fraley,CIN,110,328.10924369747903,380.0,67.85714285714286,0.21638655462184875,0.7411764705882353,0.23529411764705882,0.011764705882352941,0.03781512605042017,0.13865546218487396,0.1407563025263158,0.11554621848739496,0.002100840336134454,0.24579831932773116,0.014705882352941178,0.006302521008403362,0.0,0.025210084034210524,0.008403361344736843,0.016806722689473686,0.25,0.346638655,0.433090024,0.77972868,0.304659498,24.57983193,11.55462185,336,380,71,0.22631578947368422,0.7464788732394366,0.2535211267605634,0.0,0.039473684210526314,0.10789473684210527,0.17105263157894737,0.09736842105263158,0.005263157894736842,0.1868421052631579,0.015789473684210527,0.002631578947368421,0.0,0.05526315789473684,0.013157894736842105,0.042105263157894736,0.256,0.339,0.443,0.783,0.283,18.7,9.7,,,,,,,,,
199,Dominic Smith,WSN,110,528.1386554621849,586.0,115.72268907563027,0.2247899159663866,0.702127659574468,0.28723404255319146,0.010638297872558274,0.027310924369747903,0.11134453781512606,0.12184873949579832,0.07142857142857144,0.0021008403361774744,0.21008403361774744,0.016806722689419795,0.010504201680887372,0.0,0.004201680672354949,0.0021008403361774744,0.0021008403361774744,0.25,0.31302521,0.407925408,0.720950618,0.292834891,21.00840336,7.142857143,527,586,122,0.22866894197952217,0.819672131147541,0.1721311475409836,0.00819672131147541,0.020477815699658702,0.09726962457337884,0.07849829351535836,0.08020477815699659,0.0017064846416382253,0.1552901023890785,0.017064846416382253,0.0034129692832764505,0.0,0.0017064846416382253,0.0017064846416382253,0.0,0.254,0.326,0.366,0.692,0.286,15.5,8.0,,,,,,,,,
202,Eduardo Escobar,NYM,109,281.3283582089552,309.0,53.36673773987206,0.2110874200426439,0.7407407407407409,0.22222222222222227,0.03703703703703704,0.03837953091684435,0.11513859275053304,0.1300639658848614,0.0767590618336887,0.006396588486140725,0.22174840085287847,0.0042643923240938165,0.008528784648187633,0.0,0.0021321961620469083,0.0021321961620469083,0.0,0.232,0.292110874,0.414519906,0.706630781,0.262135922,22.17484009,7.675906183,288,309,59,0.21035598705501618,0.8135593220338984,0.1016949152542373,0.0847457627118644,0.019417475728155338,0.10355987055016182,0.10032362459546926,0.05825242718446602,0.0,0.2524271844660194,0.0,0.006472491909385114,0.003236245954692557,0.006472491909385114,0.003236245954692557,0.003236245954692557,0.226,0.269,0.344,0.613,0.286,25.2,5.8,,,,,,,,,
203,Nick Senzel,CIN,109,299.7441364605544,330.0,68.95522388059702,0.22601279317697226,0.7653061224489796,0.20408163265306123,0.02040816326530612,0.017057569296375266,0.12366737739872066,0.0746268656716418,0.0767590618336887,0.0,0.19189765458422173,0.008528784648187633,0.0042643923240938165,0.0021321961620469083,0.021321961620469083,0.012793176972281448,0.008528784648187633,0.249,0.311965812,0.35915493,0.671120742,0.296969697,19.18976546,7.675906183,301,330,58,0.21515151515151515,0.8275862068965517,0.1724137931034483,0.0,0.03939393939393939,0.1484848484848485,0.12727272727272726,0.07878787878787878,0.0,0.22424242424242424,0.0030303030303030303,0.006060606060606061,0.0,0.01818181818181818,0.006060606060606061,0.012121212121212121,0.236,0.297,0.399,0.696,0.269,22.4,7.9,,,,,,,,,
204,Shea Langeliers,OAK,115,447.6673866090713,490.0,82.54859611231102,0.20518358531317493,0.7307692307692308,0.25641025641025644,0.01282051282051282,0.0367170626349892,0.11231101511879052,0.11663066954643629,0.0755939524838013,0.0021598272138228943,0.28509719222462204,0.008639308855291577,0.004319654427645789,0.0,0.004319654427645789,0.0021598272138228943,0.0021598272138228943,0.225,0.288793103,0.397163121,0.685956224,0.282608696,28.50971922,7.559395248,448,490,70,0.18775510204081633,0.6714285714285714,0.2714285714285714,0.05714285714285714,0.044897959183673466,0.10612244897959183,0.12857142857142856,0.06938775510204082,0.004081632653061225,0.29183673469387755,0.01020408163265306,0.004081632653061225,0.0020408163265306124,0.006122448979591836,0.004081632653061225,0.0020408163265306124,0.205,0.268,0.413,0.681,0.246,29.2,6.9,,,,,,,,,
205,Adam Duvall,BOS,107,322.43722943722946,353.0,57.305194805194816,0.21861471861471865,0.6666666666666666,0.2933333333333333,0.039999999999999994,0.05627705627705628,0.1277056277056277,0.15800865800865802,0.06926406926406926,0.0021645021645021645,0.29653679653679654,0.015151515151515152,0.004329004329004329,0.0,0.0021645021645021645,0.0021645021645021645,0.0,0.24,0.30237581,0.490521327,0.792897137,0.287356322,29.65367965,6.926406926,320,353,58,0.2237960339943343,0.5517241379310345,0.41379310344827586,0.034482758620689655,0.059490084985835696,0.1274787535410765,0.1643059490084986,0.06232294617563739,0.0028328611898017,0.311614730878187,0.0169971671388102,0.014164305949008499,0.0,0.0113314447592068,0.0,0.0113314447592068,0.247,0.303,0.531,0.834,0.299,31.2,6.2,,,,,,,,,
209,JJ Bleday,OAK,107,264.30519480519484,303.0,45.25324675290909,0.18181818181818182,0.6811594202949377,0.2898550724659309,0.02898550724659309,0.032467532468646865,0.10822510821782177,0.10606060606060608,0.1168831168831169,0.0,0.27489177488448846,0.006493506493506495,0.004329004329004329,0.0,0.006493506493506495,0.004329004329004329,0.0021645021645021645,0.208,0.305194805,0.379652605,0.684847411,0.262357414,27.48917749,11.68831169,256,303,40,0.16501650165016502,0.725,0.275,0.0,0.033003300330033,0.11551155115511551,0.0891089108910891,0.13861386138613863,0.0,0.2376237623762376,0.006600660066006601,0.009900990099009901,0.0,0.0165016501650165,0.0033003300330033004,0.013201320132013201,0.195,0.31,0.355,0.666,0.226,23.8,13.9,,,,,,,,,
210,Danny Jansen,TOR,113,265.74186550976134,301.0,48.31670281995661,0.20824295010845986,0.7297297297297298,0.2702702702702703,0.0,0.04772234273318872,0.13449023861171366,0.1561822125813449,0.09327548806941431,0.0043383947939262466,0.19305856832971802,0.013015184381778741,0.006507592190889371,0.0043383947939262466,0.0043383947939262466,0.0043383947939262466,0.0,0.235,0.315904139,0.447174447,0.763078587,0.247491639,19.30585683,9.327548807,268,301,44,0.2026578073089701,0.6590909090909091,0.3409090909090909,0.0,0.05647840531561462,0.12624584717607973,0.1760797342192691,0.07641196013289037,0.0033222591362126247,0.2059800664451827,0.03322259136212625,0.0,0.0,0.0,0.0,0.0,0.228,0.312,0.474,0.786,0.233,20.6,7.6,,,,,,,,,
211,Keibert Ruiz,WSN,115,513.1304347826087,562.0,117.28695652173914,0.2391304347826087,0.7708333333333333,0.22916666666666663,0.0,0.030434782608695653,0.10217391304347827,0.10869565217391304,0.06956521739130435,0.0021739130434782613,0.10434782608695653,0.010869565217391304,0.0021739130434782613,0.0021739130434782613,0.006521739130434783,0.0021739130434782613,0.004347826086956522,0.261,0.320960699,0.414285714,0.735246413,0.267409471,10.43478261,6.956521739,523,562,118,0.24199288256227758,0.7966101694915254,0.2033898305084746,0.0,0.03202846975088968,0.09786476868327403,0.11921708185053381,0.05516014234875445,0.0017793594306049821,0.10320284697508897,0.010676156583629894,0.0035587188612099642,0.0,0.0017793594306049821,0.0017793594306049821,0.0,0.26,0.308,0.409,0.717,0.263,10.3,5.5,,,,,,,,,
212,Spencer Steer,CIN,105,590.4615384615385,665.0,119.84615384615384,0.21758241758241756,0.7317073170539153,0.25609756097560976,0.024390243902439025,0.037362637362637355,0.1362637362706767,0.14725274725274726,0.0879120879120879,0.002197802197802198,0.22197802197802197,0.017582417582417582,0.0065934065934065925,0.0,0.0065934065934065925,0.0065934065934065925,0.0,0.246,0.323076923,0.435643564,0.758720487,0.283737024,22.1978022,8.791208791,582,665,135,0.23759398496240602,0.7037037037037037,0.2740740740740741,0.022222222222222223,0.03458646616541353,0.11127819548872181,0.1293233082706767,0.10225563909774436,0.0,0.20902255639097744,0.016541353383458645,0.006015037593984963,0.0,0.022556390977443608,0.004511278195488722,0.01804511278195489,0.271,0.356,0.464,0.82,0.318,20.9,10.2,,,,,,,,,
213,Jack Suwinski,PIT,105,476.4923076923077,534.0,95.06373627472527,0.21758241760299624,0.7530864196533168,0.22222222219653417,0.012345679010918566,0.03956043956043956,0.1230769230769231,0.1032967032967033,0.0967032967032967,0.002197802197802198,0.3076923076923077,0.006593406593406593,0.0043956043956043965,0.0,0.006593406593406593,0.0043956043956043965,0.002197802197802198,0.243,0.320879121,0.42364532,0.744524441,0.324,30.76923077,9.67032967,447,534,74,0.18726591760299627,0.6891891891891891,0.28378378378378377,0.02702702702702703,0.04868913857677903,0.11797752808988764,0.13857677902621723,0.1404494382022472,0.003745318352059925,0.32209737827715357,0.011235955056179775,0.011235955056179775,0.0,0.024344569288389514,0.003745318352059925,0.020599250936329586,0.224,0.339,0.454,0.793,0.29,32.2,14.0,,,,,,,,,
215,Chas McCormick,HOU,104,399.87500000000006,457.00000000000006,78.546875,0.20312499999999997,0.8311688311688312,0.14285714285714288,0.025974025974025983,0.03125,0.12723214285714285,0.13392857142857142,0.10267857142857142,0.0,0.2544642857142857,0.008928571428571428,0.013392857142857144,0.0,0.013392857142857144,0.006696428571428572,0.006696428571428572,0.233,0.314732143,0.37755102,0.692283163,0.285185185,25.44642857,10.26785714,403,457,88,0.24070021881838075,0.7840909090909091,0.19318181818181818,0.022727272727272728,0.04814004376367615,0.12910284463894967,0.15317286652078774,0.087527352297593,0.0,0.25601750547045954,0.024070021881838075,0.00437636761487965,0.002188183807439825,0.04157549234135667,0.01312910284463895,0.028446389496717725,0.273,0.353,0.489,0.842,0.331,25.6,8.8,,,,,,,,,
216,Eddie Rosario,ATL,104,479.1428571428571,516.0,100.20535714285714,0.22544642857142858,0.7586206896551724,0.22988505747126436,0.011494252873563218,0.03125,0.1138392857142857,0.13169642857142858,0.05803571428571428,0.002232142857142857,0.19419642857142858,0.0,0.008928571428571428,0.002232142857142857,0.011160714285714286,0.002232142857142857,0.008928571428571428,0.243,0.284753363,0.396634615,0.681387979,0.272727273,19.41964286,5.803571429,478,516,101,0.2364341085271318,0.7326732673267327,0.2376237623762376,0.0297029702970297,0.040697674418604654,0.12403100775193798,0.1434108527131783,0.06589147286821706,0.001937984496124031,0.2364341085271318,0.001937984496124031,0.003875968992248062,0.001937984496124031,0.005813953488372093,0.007751937984496124,-0.001937984496124031,0.255,0.305,0.45,0.755,0.3,23.6,6.6,,,,,,,,,
217,Gio Urshela,LAA,102,210.4217687,228.0,52.734693877925174,0.26077097505668934,0.7450980392103999,0.2352941176453894,0.019607843137115784,0.029478458048245615,0.11791383219298246,0.12244897959183673,0.061224489795918366,0.0022675736961451248,0.1904761904761905,0.006802721088435374,0.009070294784580499,0.0,0.0022675736961451248,0.0022675736961451248,0.0,0.283,0.328798186,0.447174447,0.775972633,0.324840764,19.04761905,6.12244898,214,228,62,0.2807017543859649,0.8548387096774194,0.12903225806451613,0.016129032258064516,0.008771929824561403,0.09649122807017543,0.10526315789473684,0.043859649122807015,0.0,0.15789473684210525,0.0043859649122807015,0.013157894736842105,0.0,0.013157894736842105,0.008771929824561403,0.0043859649122807015,0.299,0.329,0.374,0.703,0.346,15.8,4.4,,,,,,,,,
218,Wilmer Flores,SFG,102,404.5850340136054,454.0,89.56462585034014,0.23129251700680273,0.7471264367816091,0.24137931034482757,0.011494252873563218,0.03401360544217687,0.12244897959183673,0.12471655328798185,0.08843537414965986,0.0022675736961451248,0.15873015873015872,0.013605442176211454,0.006802721088105727,0.0,0.0,0.0022675736961451248,-0.002267573696035242,0.259,0.333333333,0.432569975,0.765903308,0.279742765,15.87301587,8.843537415,405,454,92,0.2533039647577093,0.7608695652173914,0.2391304347826087,0.0,0.05066079295154185,0.11233480176211454,0.13215859030837004,0.09030837004405286,0.0022026431718061676,0.13876651982378854,0.011013215859030838,0.006607929515418502,0.0,0.0,0.0,0.0,0.284,0.355,0.509,0.863,0.286,13.9,9.0,,,,,,,,,
219,Aledmys Diaz,OAK,102,314.35827664399096,344.0,67.08390022675738,0.2199546485260771,0.755813953488372,0.2558139534883721,0.0,0.024943310657596376,0.09750566893424038,0.1111111111111111,0.06349206349206349,0.002267573694767442,0.16553287981859413,0.015873015873015872,0.006802721088435374,0.0,0.002267573694767442,0.002267573694767442,0.0,0.241,0.299319728,0.379652605,0.678972333,0.267080745,16.55328798,6.349206349,315,344,68,0.20930232558139536,0.6911764705882353,0.29411764705882354,0.014705882352941176,0.011627906976744186,0.07267441860465117,0.06976744186046512,0.04941860465116279,0.005813953488372093,0.19186046511627908,0.020348837209302327,0.011627906976744186,0.0029069767441860465,0.0029069767441860465,0.0,0.0029069767441860465,0.229,0.28,0.337,0.616,0.273,19.2,4.9,,,,,,,,,
221,Brice Turang,MIL,102,403.3015873015873,448.0,88.38095237888889,0.21315192743303574,0.7931034482943791,0.1839080459813053,0.022988505747663167,0.015873015873015872,0.12018140589569161,0.09750566893424036,0.09070294784580499,0.0022675736961451248,0.21768707482993196,0.0022675736961451248,0.006802721088435373,0.0,0.029478458049886618,0.00453514739229025,0.02494331065759637,0.236,0.306122449,0.340050378,0.646172827,0.292929293,21.76870748,9.070294785,404,448,82,0.19642857142857142,0.8536585365853658,0.10975609756097561,0.036585365853658534,0.013392857142857142,0.10267857142857142,0.07589285714285714,0.08482142857142858,0.002232142857142857,0.20982142857142858,0.002232142857142857,0.004464285714285714,0.006696428571428571,0.05803571428571429,0.008928571428571428,0.049107142857142856,0.218,0.285,0.3,0.585,0.268,21.0,8.5,,,,,,,,,
222,Jarred Kelenic,SEA,102,377.3242630385488,416.0,67.91836735086167,0.20181405896634616,0.6666666666281607,0.2916666666498203,0.027777777776173365,0.03854875283446712,0.12698412698412698,0.13605442176870747,0.07936507936507937,0.00453514739229025,0.25396825396825395,0.0090702947845805,0.00453514739229025,0.0,0.020408163265306124,0.0090702947845805,0.011337868480769231,0.223,0.290249433,0.41,0.700249433,0.263736264,25.3968254,7.936507937,372,416,83,0.22596153846153846,0.6746987951807228,0.30120481927710846,0.024096385542168676,0.026442307692307692,0.10576923076923077,0.11778846153846154,0.0985576923076923,0.009615384615384616,0.3173076923076923,0.002403846153846154,0.004807692307692308,0.0,0.03125,0.01201923076923077,0.019230769230769232,0.253,0.327,0.419,0.746,0.359,31.7,9.9,,,,,,,,,
223,David Peralta,LAD,102,382.76643990929705,422.0,79.42403628249434,0.2131519274407583,0.6867469879404352,0.2771084337303511,0.03614457831265448,0.024943310657596373,0.09297052154195012,0.11111111111111112,0.07936507936507937,0.006802721088435375,0.22675736961451248,0.006802721088435375,0.006802721088435375,0.0,0.002267573696145125,0.002267573696145125,0.0,0.235,0.299319728,0.39,0.689319728,0.284246575,22.67573696,7.936507937,394,422,95,0.24170616113744076,0.7263157894736842,0.2631578947368421,0.010526315789473684,0.016587677725118485,0.11137440758293839,0.13033175355450238,0.04739336492890995,0.002369668246445498,0.17061611374407584,0.004739336492890996,0.014218009478672985,0.0,0.009478672985781991,0.002369668246445498,0.0071090047393364926,0.259,0.294,0.381,0.675,0.296,17.1,4.7,,,,,,,,,
224,LaMonte Wade Jr.,SFG,102,444.8571428571428,519.0,89.44217687074831,0.20408163265306123,0.7499999999999999,0.22368421052631582,0.026315789473684206,0.031746031746031744,0.13151927437641722,0.11564625849710983,0.11337868480725626,0.0022675736961451248,0.19954648526077098,0.018140589569160998,0.0045351473922902496,0.0045351473922902496,0.006802721088631985,0.0022675736961451248,0.0045351473922902496,0.239,0.337899543,0.404761905,0.742661448,0.273381295,19.95464853,11.33786848,429,519,93,0.2119460500963391,0.8279569892473119,0.15053763440860216,0.021505376344086023,0.03275529865125241,0.1233140655105973,0.08670520231213873,0.1464354527938343,0.005780346820809248,0.18304431599229287,0.011560693641618497,0.007707129094412331,0.007707129094412331,0.0038535645472061657,0.0,0.0038535645472061657,0.256,0.373,0.417,0.79,0.29,18.3,14.6,,,,,,,,,
225,Drew Waters,KCR,100,307.4930875576037,337.0,68.33179723502305,0.22350230414746544,0.6931818181818182,0.26136363636363635,0.045454545454545456,0.020737327188940093,0.1313364055299539,0.10599078341013825,0.07834101382488479,0.0,0.31336405529953915,0.006912442396313365,0.002304147465437788,0.0,0.02534562211869436,0.006912442396313365,0.018433179723502304,0.246,0.30875576,0.391414141,0.700169902,0.349206349,31.33640553,7.834101382,302,337,61,0.20474777448071216,0.7377049180327869,0.18032786885245902,0.08196721311475409,0.02373887240356083,0.11869436201780416,0.09495548961424333,0.08011869436201781,0.0,0.31750741839762614,0.01483679525222552,0.008902077151335312,0.0,0.04747774480712166,0.01483679525222552,0.032640949554896145,0.228,0.3,0.377,0.677,0.321,31.8,8.0,,,,,,,,,
226,Jace Peterson,OAK,100,378.4792626728111,430.0,78.27188940092167,0.20046082949308758,0.7341772151898733,0.22784810126582278,0.025316455696202528,0.018433179723502304,0.11981566820276497,0.09216589861751152,0.1013824884792627,0.002304147465437788,0.2350230414746544,0.009216589861751154,0.009216589861751154,0.002304147465437788,0.027649769585253454,0.002304147465437788,0.02534562211981567,0.229,0.311059908,0.345549738,0.656609646,0.286231884,23.50230415,10.13824885,374,430,73,0.18372093023255814,0.8082191780821918,0.136986301369863,0.0547945205479452,0.013953488372093023,0.08139534883720931,0.08604651162790698,0.10930232558139535,0.004651162790697674,0.23488372093023255,0.009302325581395349,0.0069767441860465115,0.004651162790697674,0.03488372093023256,0.004651162790697674,0.030232558139534883,0.211,0.304,0.307,0.611,0.27,23.5,10.9,,,,,,,,,
227,Esteury Ruiz,OAK,100,437.45161290322585,497.00000000000006,95.0483870967742,0.2096774193548387,0.7228915662650602,0.25301204822670964,0.02409638554216867,0.018433179723502304,0.1382488479262673,0.1313364055331992,0.0737327188940092,0.0,0.2235023041474654,0.027649769585253454,0.004608294930875575,0.013824884792626727,0.06912442396313365,0.018433179723502304,0.05069124423963133,0.237,0.315420561,0.366492147,0.681912707,0.297491039,22.35023041,7.373271889,449,497,109,0.22937625754527163,0.7706422018348624,0.22018348623853212,0.009174311926605505,0.01006036217303823,0.09456740442655935,0.09456740442655935,0.04024144869215292,0.002012072434607646,0.19919517102615694,0.03219315895372234,0.002012072434607646,0.008048289738430584,0.13480885311871227,0.026156941649899398,0.10865191146881288,0.254,0.309,0.345,0.654,0.315,19.9,4.0,,,,,,,,,
228,Christopher Morel,CHC,100,388.4723502304148,429.0,74.13594470046083,0.20967741935483872,0.72,0.22666666666666666,0.05333333333333334,0.03686635944700461,0.1313364055299539,0.11981566820276499,0.07834101382488479,0.0,0.31105990783410137,0.0069124423963133645,0.0069124423963133645,0.004608294930875576,0.018433179723502304,0.01152073732718894,0.0069124423963133645,0.231,0.295612009,0.417302799,0.712914808,0.306122449,31.10599078,7.834101382,388,429,70,0.22377622377622378,0.7142857142857143,0.24285714285714285,0.04285714285714286,0.06060606060606061,0.1445221445221445,0.16317016317016317,0.08391608391608392,0.0,0.31002331002331,0.004662004662004662,0.004662004662004662,0.002331002331002331,0.013986013986013986,0.004662004662004662,0.009324009324009324,0.247,0.313,0.508,0.821,0.303,31.0,8.4,,,,,,,,,
229,Nick Maton,DET,100,259.2442396313364,293.0,53.334101382488484,0.20276497695852536,0.7088607594936707,0.240506329113924,0.0379746835443038,0.020737327188940096,0.09907834101382489,0.08755760368663594,0.09447004608294932,0.0,0.2603686635944701,0.009216589861751154,0.0069124423963133645,0.002304147465437788,0.0069124423963133645,0.004608294930875576,0.002304147465437788,0.228,0.30787037,0.361979167,0.669849537,0.298113208,26.03686636,9.447004608,249,293,35,0.14675767918088736,0.7428571428571429,0.2571428571428571,0.0,0.027303754266211604,0.09897610921501707,0.10921501706484642,0.1296928327645051,0.0034129692832764505,0.24914675767918087,0.010238907849829351,0.006825938566552901,0.0034129692832764505,0.0034129692832764505,0.006825938566552901,-0.0034129692832764505,0.173,0.288,0.305,0.593,0.206,24.9,13.0,,,,,,,,,
231,Rodolfo Castro,PIT,100,233.5852534562212,256.0,44.23963133640553,0.20506912442396313,0.7333333333333334,0.24,0.026666666666666672,0.03225806451612903,0.10829493087557603,0.10599078341013825,0.07373271889400922,0.002304147465437788,0.27419354838709675,0.009216589861751152,0.004608294930875577,0.0,0.01152073732718894,0.006912442396313364,0.004608294930875577,0.226,0.288018433,0.386363636,0.67438207,0.283018868,27.41935484,7.373271889,227,256,42,0.1875,0.8333333333333334,0.16666666666666666,0.0,0.0234375,0.08203125,0.09375,0.08984375,0.00390625,0.2890625,0.01953125,0.00390625,0.0,0.00390625,0.015625,-0.01171875,0.211,0.297,0.322,0.618,0.284,28.9,9.0,,,,,,,,,
232,TJ Friedl,CIN,100,485.53917050691246,556.0,107.61290322580645,0.21889400921658986,0.75,0.19047619047619044,0.07142857142857142,0.02534562211981567,0.12903225806451615,0.12442396313364054,0.08986175115107914,0.002304147465827338,0.18663594470046085,0.023041474658273383,0.009216589861751152,0.0069124423963133645,0.023041474658273383,0.009216589861751152,0.013824884792626729,0.252,0.333333333,0.414248021,0.747581354,0.288659794,18.66359447,8.986175115,488,556,118,0.2446043165467626,0.7457627118644068,0.1864406779661017,0.06779661016949153,0.03237410071942446,0.13129496402877697,0.11870503597122302,0.08453237410071943,0.0017985611510791368,0.1618705035971223,0.017985611510791366,0.00539568345323741,0.014388489208633094,0.048561151079136694,0.01079136690647482,0.03776978417266187,0.279,0.352,0.467,0.819,0.308,16.2,8.5,,,,,,,,,
233,Aaron Hicks,NYY,100,265.99078341013825,312.0,48.88479262861751,0.18202764977564104,0.8088235293805036,0.1911764705808463,0.014705882352372792,0.02534562211981567,0.12211981566820275,0.09677419354838711,0.1336405529953917,0.004608294930875575,0.24654377880184333,0.004608294930875575,0.004608294930875575,0.002304147465437788,0.016129032258064516,0.004608294930875575,0.01152073732718894,0.215,0.321759259,0.345945946,0.667705205,0.267716535,24.65437788,13.3640553,269,312,60,0.21794871794871795,0.8333333333333334,0.15,0.016666666666666666,0.02564102564102564,0.14102564102564102,0.11538461538461539,0.1346153846153846,0.003205128205128205,0.22115384615384615,0.0,0.003205128205128205,0.0,0.019230769230769232,0.0,0.019230769230769232,0.253,0.353,0.383,0.735,0.311,22.1,13.5,,,,,,,,,
234,Ramon Urias,BAL,99,354.26697892271665,396.0,76.97423887587823,0.22716627634660422,0.7469879518072289,0.2409638554216866,0.01204819276609468,0.03278688524590164,0.117096018735363,0.13348946135831385,0.07962529274004684,0.002341920373737374,0.23653395784543324,0.01639344262295082,0.00468384075,0.00468384075,0.002341920373737374,0.002341920373737374,0.0,0.255,0.324705882,0.421465969,0.746171851,0.308550186,23.65339578,7.962529274,360,396,91,0.2398989898989899,0.7252747252747253,0.24175824175824176,0.03296703296703297,0.010101010101010102,0.11363636363636363,0.10606060606060606,0.06818181818181818,0.0,0.255050505050505,0.020202020202020204,0.0025252525252525255,0.0,0.007575757575757576,0.0025252525252525255,0.005050505050505051,0.264,0.328,0.375,0.703,0.355,25.5,6.8,,,,,,,,,
235,Kevin Kiermaier,TOR,99,374.55737704918033,408.0,77.39578454332552,0.21077283372365338,0.7160493827160493,0.2222222222222222,0.06172839505652385,0.021077283372365335,0.12177985948477751,0.11475409836065574,0.0702576112412178,0.002341920375,0.2482435597189695,0.00936768149882904,0.002341920375,0.0,0.03044496487119438,0.00936768149882904,0.021077283372365335,0.23,0.290398126,0.369897959,0.660296086,0.291366906,24.82435597,7.025761124,370,408,90,0.24019607843137256,0.7,0.23333333333333334,0.06666666666666667,0.0196078431372549,0.14215686274509803,0.08823529411764706,0.07107843137254902,0.0,0.2107843137254902,0.00980392156862745,0.00980392156862745,0.0024509803921568627,0.03431372549019608,0.0024509803921568627,0.031862745098039214,0.265,0.322,0.419,0.741,0.321,21.1,7.1,,,,,,,,,
237,Michael Massey,KCR,99,421.0538641686183,461.00000000000006,95.00702576112413,0.23185011709601872,0.7272727273215343,0.26136363636363635,0.011363636363636364,0.025761124121779857,0.11943793911062905,0.11943793911062905,0.053864168618266976,0.00234192037470726,0.22482435597189696,0.016393442622950817,0.0117096018735363,0.00468384074941452,0.01405152224824356,0.00234192037470726,0.0117096018735363,0.253,0.303529412,0.402564103,0.706093514,0.305555556,22.4824356,5.386416862,428,461,83,0.21258134490238612,0.7710843373493976,0.21686746987951808,0.012048192771084338,0.03253796095444685,0.0911062906724512,0.1193058568329718,0.052060737527114966,0.0,0.21475054229934923,0.008676789587852495,0.008676789587852495,0.0021691973969631237,0.013015184381778741,0.004338394793926247,0.008676789587852495,0.229,0.274,0.381,0.655,0.261,21.5,5.2,,,,,,,,,
240,Travis d'Arnaud,ATL,102,267.2075471698113,292.0,60.60377358490565,0.24292452830188677,0.7272727272727273,0.24999999999999997,0.022727272727272728,0.03537735849056604,0.12264150943396226,0.14622641509433962,0.06367924528301887,0.0,0.22169811320754715,0.016509433962264147,0.0047169811320754715,0.0,0.0,0.0023584905660377358,-0.0023584905650684933,0.266,0.323113208,0.448453608,0.771566816,0.31316726,22.16981132,6.367924528,267,292,49,0.2054794520547945,0.7346938775510204,0.2653061224489796,0.0,0.03767123287671233,0.10616438356164383,0.13356164383561644,0.07191780821917808,0.0,0.22945205479452055,0.010273972602739725,0.003424657534246575,0.0,0.0,0.0,0.0,0.225,0.288,0.397,0.685,0.258,22.9,7.2,,,,,,,,,
243,Nick Ahmed,ARI,97,191.0,210.0,42.5,0.22142857142857142,0.6823529411764706,0.27058823529411763,0.03529411764705882,0.01904761904761905,0.11428571428571428,0.1,0.07380952380952381,0.004761904761904762,0.21428571428571427,0.004761904761904762,0.009523809523809525,0.002380952380952381,0.011904761904761904,0.004761904761904762,0.007142857142857143,0.243,0.30071599,0.379581152,0.680297142,0.295138889,21.42857143,7.380952381,198,210,40,0.2,0.725,0.25,0.025,0.009523809523809525,0.06666666666666667,0.08095238095238096,0.05714285714285714,0.0,0.24761904761904763,0.0,0.0,0.0,0.023809523809523808,0.004761904761904762,0.01904761904761905,0.212,0.257,0.303,0.56,0.278,24.8,5.7,,,,,,,,,
244,Evan Longoria,ARI,97,212.1714285714285,237.0,44.01428571428571,0.22142857142857142,0.7564102564102565,0.2435897435897436,0.0,0.03571428571428571,0.1119047619047619,0.13095238095238096,0.08571428571428574,0.0047619047619047615,0.25952380952380955,0.009523809523809523,0.009523809523809523,0.0,0.0023809523809523807,0.0023809523809523807,0.0,0.246,0.316666667,0.417553191,0.734219858,0.3046875,25.95238095,8.571428571,211,237,36,0.19831223628691982,0.75,0.25,0.0,0.046413502109704644,0.10548523206751055,0.11814345991561181,0.0970464135021097,0.0,0.3080168776371308,0.0,0.012658227848101266,0.0,0.0,0.0,0.0,0.223,0.295,0.422,0.717,0.277,30.8,9.7,,,,,,,,,
245,Jurickson Profar,,97,454.0142857142857,521.0,93.0357142857143,0.2023809523809524,0.7333333333333333,0.2533333333333333,0.01333333333333333,0.023809523809523808,0.12142857142857144,0.09523809523809525,0.10952380952380952,0.002380952380952381,0.15714285714285714,0.009523809523809525,0.004761904761904762,0.002380952380952381,0.011904761904761906,0.002380952380952381,0.009523809523809525,0.233,0.322966507,0.371584699,0.694551207,0.256849315,15.71428571,10.95238095,459,521,102,0.21305182341650672,0.7156862745098039,0.2647058823529412,0.0196078431372549,0.01727447216890595,0.10556621880998081,0.08829174664107485,0.09596928982725528,0.0,0.1727447216890595,0.011516314779270634,0.009596928982725527,0.0,0.0019193857965451055,0.0,0.0019193857965451055,0.242,0.321,0.368,0.689,0.279,17.3,9.6,,,,,,,,,
246,Jonah Heim,TEX,105,455.4545454545455,501.00000000000006,94.6866028708134,0.22248803827751196,0.7088607594936709,0.25316455696202533,0.02531645569620253,0.03349282296650718,0.10526315789473685,0.1124401913875598,0.07894736842105263,0.0,0.1889952153093812,0.0023923444976076554,0.007177033492822966,0.0,0.004784688995215311,0.0023923444976076554,0.0023923444976076554,0.244,0.304556355,0.415789474,0.720345829,0.272413793,18.89952153,7.894736842,457,501,100,0.23552894211576847,0.72,0.28,0.0,0.03592814371257485,0.1217564870259481,0.18962075848303392,0.07984031936127745,0.003992015968063872,0.19161676646706588,0.001996007984031936,0.005988023952095809,0.0,0.003992015968063872,0.0,0.003992015968063872,0.258,0.317,0.438,0.755,0.289,19.2,8.0,,,,,,,,,
247,Nicky Lopez,KCR,96,235.99031476997573,262.0,60.90072639225181,0.23728813559322032,0.8020833333333333,0.16666666666666666,0.031249999999999997,0.004842615012106537,0.12106537530266342,0.07021791767554478,0.07263922518159807,0.0,0.12832929782082325,0.007263922518159805,0.0024213075060532684,0.01694915254237288,0.024213075060532687,0.004842615012106537,0.019370460048426148,0.263,0.322660099,0.338709677,0.661369776,0.301886792,12.83292978,7.263922518,225,262,51,0.1984732824427481,0.7843137254901961,0.1568627450980392,0.058823529411764705,0.003816793893129771,0.12213740458015267,0.09541984732824428,0.09923664122137404,0.0,0.15267175572519084,0.022900763358778626,0.003816793893129771,0.015267175572519083,0.022900763358778626,0.007633587786259542,0.015267175572519083,0.231,0.326,0.307,0.632,0.276,15.3,9.9,,,,,,,,,
248,Akil Baddoo,DET,96,318.96610169491527,357.0,68.28813559305085,0.2130750605322129,0.7215189873435629,0.18987341772199023,0.0759493670887961,0.02179176755447942,0.12106537530266345,0.09685230024213075,0.09927360774818401,0.0,0.2639225181598063,0.0024213075070028014,0.004842615012106538,0.0,0.03631961259079903,0.014527845036319613,0.02179176755447942,0.238,0.314769976,0.382113821,0.696883797,0.312252964,26.39225182,9.927360775,312,357,57,0.19047619047619047,0.7543859649122807,0.22807017543859648,0.017543859649122806,0.03081232492997199,0.11204481792717087,0.09523809523809523,0.11764705882352941,0.0056022408963585435,0.24929971988795518,0.0,0.0028011204481792717,0.0056022408963585435,0.0392156862745098,0.008403361344537815,0.03081232492997199,0.218,0.31,0.372,0.682,0.268,24.9,11.8,,,,,,,,,
249,Marcell Ozuna,ATL,96,534.6634382566587,592.0,104.63922518159806,0.22276029055690072,0.7534246575342467,0.24657534246575344,0.0,0.04600484261501211,0.12348668280405405,0.1476997578692494,0.08716707021791768,0.002421307506053269,0.23486682808716708,0.004842615012106538,0.004842615012106538,0.0,0.0072639225181598075,0.002421307506053269,0.004842615012106538,0.246,0.314769976,0.44772118,0.762491155,0.281853282,23.48668281,8.716707022,530,592,105,0.24493243243243243,0.7142857142857143,0.2761904761904762,0.009523809523809525,0.06756756756756757,0.14189189189189189,0.16891891891891891,0.09628378378378379,0.0016891891891891893,0.22635135135135134,0.005067567567567568,0.0033783783783783786,0.0,0.0,0.0,0.0,0.274,0.346,0.558,0.905,0.293,22.6,9.6,,,,,,,,,
250,Harold Ramirez,TBR,96,405.6271186440678,434.00000000000006,99.83050847459324,0.2493946731234867,0.7578947368419765,0.2315789473683817,0.010526315789471895,0.019370460048387095,0.1016949152542373,0.12106537530266344,0.04116222760290556,0.0024213075060532684,0.17191283292978207,0.014527845036319613,0.007263922518159807,0.0,0.007263922518159807,0.007263922518159807,0.0,0.266,0.305825243,0.39119171,0.697016953,0.306451613,17.19128329,4.11622276,400,434,113,0.2880184331797235,0.8141592920353983,0.168141592920354,0.017699115044247787,0.027649769585253458,0.1336405529953917,0.15668202764976957,0.05069124423963134,0.0,0.18202764976958524,0.013824884792626729,0.013824884792626729,0.0,0.01152073732718894,0.0069124423963133645,0.004608294930875576,0.313,0.353,0.46,0.813,0.359,18.2,5.1,,,,,,,,,
251,Mitch Garver,TEX,99,299.53170731707314,344.0,55.37560975609756,0.2097560975609756,0.7272727272727273,0.27272727272727276,0.0,0.04878048780487805,0.13902439024390245,0.12682926829268293,0.1073170731707317,0.0,0.2731707317073171,0.012195121951219513,0.00731707317073171,0.0,0.004878048780487805,0.004878048780487805,0.0,0.24,0.33007335,0.459383754,0.789457103,0.289473684,27.31707317,10.73170732,296,344,61,0.23255813953488372,0.819672131147541,0.18032786885245902,0.0,0.055232558139534885,0.1308139534883721,0.14534883720930233,0.12790697674418605,0.0029069767441860465,0.23837209302325582,0.00872093023255814,0.0,0.0,0.0,0.0,0.0,0.27,0.37,0.5,0.87,0.313,23.8,12.8,,,,,,,,,
252,Luis Rengifo,LAA,94,411.0221674876847,445.0,93.16502463054185,0.2364532019704433,0.7764705882352942,0.1882352941176471,0.03529411764705883,0.027093596059113302,0.11083743842364532,0.10098522168539326,0.061576354679802964,0.0024630541871921187,0.18226600985221675,0.009852216748768473,0.0024630541871921187,0.0024630541871921187,0.012315270935960593,0.007389162561576354,0.0049261083743842365,0.255,0.308641975,0.402666667,0.711308642,0.29209622,18.22660099,6.157635468,394,445,88,0.23370786516853934,0.7840909090909091,0.17045454545454544,0.045454545454545456,0.035955056179775284,0.12359550561797752,0.1146067415730337,0.09213483146067415,0.0,0.1842696629213483,0.01348314606741573,0.008988764044943821,0.0,0.01348314606741573,0.008988764044943821,0.0044943820224719105,0.264,0.339,0.444,0.783,0.293,18.4,9.2,,,,,,,,,
254,Jorge Mateo,BAL,92,327.1929824561403,350.0,67.5438596454386,0.21804511277142857,0.7012987013369538,0.23376623377898462,0.06493506493860683,0.025062656641604005,0.12030075187969924,0.11278195488721807,0.04761904761904761,0.0,0.2756892230576441,0.010025062656641603,0.002506265664160401,0.005012531328320802,0.055137844611528826,0.015037593984962405,0.040100250626566414,0.234,0.277078086,0.388739946,0.665818032,0.303149606,27.56892231,4.761904762,318,350,62,0.19714285714285715,0.7419354838709677,0.22580645161290322,0.03225806451612903,0.02,0.1657142857142857,0.09714285714285714,0.06285714285714286,0.0,0.2342857142857143,0.002857142857142857,0.008571428571428572,0.014285714285714285,0.09142857142857143,0.014285714285714285,0.07714285714285714,0.217,0.267,0.34,0.607,0.267,23.4,6.3,,,,,,,,,
255,Tyrone Taylor,MIL,92,220.46616541353384,243.0,45.067669172932334,0.2230576441102757,0.7027027027027026,0.25675675675675674,0.027027027027027025,0.03759398496240602,0.11779448621553884,0.14285714285714285,0.06516290726817042,0.0,0.2406015037593985,0.020050125312757204,0.0075187969924812035,0.0,0.010025062658436215,0.0025062656641604013,0.0075187969924812035,0.246,0.308270677,0.430939227,0.739209903,0.291338583,24.06015038,6.516290727,231,243,44,0.2222222222222222,0.5909090909090909,0.38636363636363635,0.022727272727272728,0.0411522633744856,0.14814814814814814,0.1440329218106996,0.03292181069958848,0.0,0.22633744855967078,0.012345679012345678,0.00411522633744856,0.0,0.037037037037037035,0.0,0.037037037037037035,0.234,0.267,0.446,0.713,0.263,22.6,3.3,,,,,,,,,
256,Jacob Stallings,MIA,100,246.80100755667507,276.0,54.22670025188917,0.21410579345088163,0.794871794871795,0.20512820512820512,0.0,0.017632241813602016,0.08564231738035265,0.09319899244332494,0.08564231738035265,0.0025188916876574307,0.2216624685138539,0.012594458438287154,0.005037783375314861,0.0025188916876574307,0.0,0.0025188916876574307,-0.0025188916884057973,0.239,0.313131313,0.343661972,0.656793285,0.297709924,22.16624685,8.564231738,241,276,43,0.16666666666666666,0.6744186046511628,0.32558139534883723,0.0,0.010869565217391304,0.07971014492753623,0.07246376811594203,0.09782608695652174,0.0,0.2427536231884058,0.010869565217391304,0.007246376811594203,0.010869565217391304,0.0,0.0,0.0,0.191,0.278,0.286,0.565,0.249,24.3,9.8,,,,,,,,,
259,Robbie Grossman,TEX,89,357.8181818181818,420.0,70.9090909090909,0.1948051948051948,0.7538461538461538,0.23076923076923078,0.030769230769230767,0.025974025974025972,0.11168831168831168,0.12207792207792208,0.12727272727272726,0.0025974025974025974,0.2571428571428571,0.012987012987012986,0.007792207792207791,0.0,0.01818181818181818,0.005194805194805195,0.012987012987012986,0.229,0.335064935,0.381097561,0.716162496,0.292792793,25.71428571,12.72727273,353,420,74,0.2,0.6756756756756757,0.3108108108108108,0.013513513513513514,0.023809523809523808,0.13333333333333333,0.11666666666666667,0.1357142857142857,0.0,0.23333333333333334,0.004761904761904762,0.01904761904761905,0.0,0.002380952380952381,0.0,0.002380952380952381,0.238,0.34,0.394,0.734,0.292,23.3,13.6,,,,,,,,,
260,Kerry Carpenter,DET,89,419.6571428571429,459.0,87.03116883116884,0.2285714285714286,0.7123287670680752,0.26027397260273966,0.0273972602739726,0.03896103896103896,0.11948051948051949,0.14285714285714285,0.06233766233766234,0.005194805194805195,0.23116883116883116,0.015584415584415584,0.007792207792207792,0.0,0.005194805194805195,0.01038961038961039,-0.005194805193899782,0.249,0.306493506,0.443181818,0.749675325,0.290836653,23.11688312,6.233766234,418,459,96,0.25272331154684097,0.8020833333333334,0.17708333333333334,0.020833333333333332,0.04357298474945534,0.12418300653594772,0.1394335511982571,0.06971677559912855,0.006535947712418301,0.25054466230936817,0.017429193899782137,0.002178649237472767,0.0,0.013071895424836602,0.0,0.013071895424836602,0.278,0.34,0.471,0.811,0.338,25.1,7.0,,,,,,,,,
262,Christian Vazquez,MIN,96,327.83641160949867,355.0,76.80738786279683,0.23746701846965698,0.7926829268292683,0.20731707317073172,0.0,0.021108179419525065,0.1029023746701847,0.1029023746701847,0.0633245382585752,0.0,0.17941952506596306,0.005277044854881266,0.0079155672823219,0.0,0.0079155672823219,0.0079155672823219,0.0,0.256,0.306068602,0.374285714,0.680354316,0.296028881,17.94195251,6.332453826,327,355,67,0.2056338028169014,0.8059701492537313,0.19402985074626866,0.0,0.016901408450704224,0.09577464788732394,0.09014084507042254,0.07042253521126761,0.0028169014084507044,0.23098591549295774,0.0028169014084507044,0.0028169014084507044,0.0028169014084507044,0.0028169014084507044,0.0,0.0028169014084507044,0.223,0.28,0.318,0.598,0.279,23.1,7.0,,,,,,,,,
263,Elias Diaz,COL,96,482.8624338624339,526.0,108.53968253968253,0.23544973544973544,0.7564102564053817,0.2307692307692308,0.012820512820512822,0.029100529100529102,0.10582010582010584,0.1269841269771863,0.06878306878306878,0.0,0.1931216931216931,0.005291005291005292,0.005291005291005292,0.0,0.0,0.002645502645502646,-0.0026455026463878327,0.257,0.310344828,0.409221902,0.71956673,0.294339623,19.31216931,6.878306878,486,526,116,0.24714828897338403,0.7758620689655172,0.21551724137931033,0.008620689655172414,0.026615969581749048,0.09125475285171103,0.13688212927756654,0.06463878326996197,0.0,0.22433460076045628,0.0038022813688212928,0.0076045627376425855,0.0,0.0019011406844106464,0.0,0.0019011406844106464,0.267,0.316,0.409,0.725,0.324,22.4,6.5,,,,,,,,,
265,Tommy Pham,NYM,86,420.0646900269542,481.0,81.67924527814017,0.19407008085239086,0.7777777778242344,0.22222222223549556,0.015873015873963968,0.02425876010781671,0.12129380054054054,0.09973045822102426,0.11320754716981134,0.0026954177897574125,0.24528301886792456,0.008086253369272236,0.005390835579514825,0.0,0.01886792452830189,0.005390835579514825,0.013477088948787061,0.224,0.315363881,0.358024691,0.673388573,0.278761062,24.52830189,11.32075472,426,481,93,0.22661122661122662,0.6774193548387096,0.2903225806451613,0.03225806451612903,0.033264033264033266,0.11434511434511435,0.14137214137214138,0.09771309771309772,0.002079002079002079,0.2203742203742204,0.004158004158004158,0.012474012474012475,0.0,0.04573804573804574,0.006237006237006237,0.0395010395010395,0.256,0.328,0.446,0.774,0.3,22.0,9.8,,,,,,,,,
266,Brandon Belt,TOR,84,347.39560439560444,404.0,64.37362637362638,0.2087912087912088,0.7241379310344828,0.25862068965517243,0.017241379312051892,0.049450549450549434,0.12912087912087913,0.1401098901098901,0.1208791208791209,0.005494505495049505,0.260989010989011,0.013736263736263736,0.005494505495049505,0.0,0.005494505495049505,0.0027472527475247525,0.0027472527475247525,0.243,0.343406593,0.469648562,0.813055156,0.287128713,26.0989011,12.08791209,339,404,67,0.21287128712871287,0.6567164179104478,0.34328358208955223,0.0,0.04702970297029703,0.1311881188118812,0.10643564356435643,0.15099009900990099,0.0024752475247524753,0.349009900990099,0.0049504950495049506,0.0049504950495049506,0.0,0.0,0.0,0.0,0.254,0.369,0.49,0.858,0.37,34.9,15.1,,,,,,,,,
267,Nolan Gorman,STL,84,420.6593406593406,464.0,72.65934065934067,0.21153846153846156,0.7719298245614034,0.22807017543859642,0.0,0.054945054945054944,0.14835164835164835,0.14835164835164835,0.08516483516483515,0.0,0.33791208791208793,0.005494505494505494,0.002747252747252747,0.0,0.005494505494505494,0.002747252747252747,0.002747252747252747,0.232,0.302197802,0.454545455,0.756743257,0.303191489,33.79120879,8.516483516,406,464,69,0.20689655172413793,0.7536231884057971,0.2463768115942029,0.0,0.05818965517241379,0.1271551724137931,0.16379310344827586,0.11422413793103449,0.0021551724137931034,0.31896551724137934,0.00646551724137931,0.004310344827586207,0.0,0.015086206896551725,0.004310344827586207,0.010775862068965518,0.236,0.328,0.478,0.805,0.296,31.9,11.4,,,,,,,,,
268,Daniel Vogelbach,NYM,84,263.78846153846155,319.0,44.69505494505495,0.1785714285714286,0.7647058823529411,0.2352941176470588,0.0196078431372549,0.038461538461538464,0.10989010989010987,0.1291208791208791,0.1675824175824176,0.005494505494505494,0.25274725274725274,0.002747252747252747,0.002747252747252747,0.0,0.0,0.002747252747252747,-0.0027472527460815047,0.216,0.348901099,0.405315615,0.754216714,0.260204082,25.27472527,16.75824176,275,319,51,0.2006269592476489,0.8431372549019608,0.1568627450980392,0.0,0.04075235109717868,0.10344827586206896,0.15047021943573669,0.13166144200626959,0.003134796238244514,0.25391849529780564,0.006269592476489028,0.0,0.0,0.0,0.0,0.0,0.233,0.339,0.404,0.742,0.282,25.4,13.2,,,,,,,,,
273,Michael A. Taylor,MIN,83,353.2212885154061,388.0,72.81792717086834,0.21288515406162462,0.7910447761194029,0.19402985074626866,0.014925373134328354,0.025210084033613443,0.11204481792717086,0.10364145658263303,0.07563025210084033,0.0,0.28291316526610644,0.005602240896358543,0.005602240896358543,0.002801120448179271,0.01680672268907563,0.008403361344537813,0.008403361344537813,0.234,0.29494382,0.363076923,0.658020743,0.30875576,28.29131653,7.56302521,355,388,57,0.20103092783505155,0.7368421052631579,0.24561403508771928,0.017543859649122806,0.05412371134020619,0.12371134020618557,0.13144329896907217,0.06701030927835051,0.0,0.33505154639175255,0.007731958762886598,0.002577319587628866,0.007731958762886598,0.03350515463917526,0.002577319587628866,0.030927835051546393,0.22,0.278,0.442,0.72,0.278,33.5,6.7,,,,,,,,,
276,Yasmani Grandal,CHW,89,334.0677966101695,405.0,60.63559322406779,0.18644067797530864,0.7924528301399472,0.20754716979855756,0.0,0.03672316384180791,0.10169491525925925,0.11581920903954805,0.15819209039506174,0.002824858757062147,0.21751412429378533,0.005649717514124294,0.00847457627118644,0.0,0.002824858757062147,0.002824858757062147,0.0,0.226,0.351274788,0.397260274,0.748535062,0.258536585,21.75141243,15.81920904,363,405,77,0.20987654320987653,0.8181818181818182,0.18181818181818182,0.0,0.019753086419753086,0.08148148148148149,0.08148148148148149,0.08888888888888889,0.0024691358024691358,0.2123456790123457,0.009876543209876543,0.0049382716049382715,0.0,0.0,0.0,0.0,0.234,0.309,0.339,0.647,0.284,21.2,8.9,,,,,,,,,
278,Christian Arroyo,BOS,81,190.10857142857145,206.0,44.731428571428566,0.2457142857142857,0.7368421052631579,0.24999999999999997,0.013157894736842106,0.02857142857142857,0.11428571428571428,0.13999999999999999,0.05142857142857143,0.0028571428571428567,0.19428571428571428,0.01714285714285714,0.0028571428571428567,0.0028571428571428567,0.011428571428571427,0.0028571428571428567,0.00857142857142857,0.267,0.316091954,0.424148607,0.740240561,0.308943089,19.42857143,5.142857143,195,206,44,0.22815533980582525,0.6363636363636364,0.36363636363636365,0.0,0.014563106796116505,0.11165048543689321,0.11650485436893204,0.03398058252427184,0.0,0.21844660194174756,0.0048543689320388345,0.009708737864077669,0.0048543689320388345,0.0048543689320388345,0.014563106796116505,-0.009708737864077669,0.241,0.268,0.369,0.638,0.295,21.8,3.4,,,,,,,,,
279,Ji Hwan Bae,PIT,81,333.90000000000003,371.0,78.44000000000001,0.22571428571428573,0.7567567567567567,0.18918918918918917,0.05405405405405405,0.014285714285714287,0.15142857142857144,0.1,0.08285714285714285,0.002857142857142857,0.2,0.008571428571428572,0.005714285714285714,0.002857142857142857,0.037142857142857144,0.011428571428571429,0.02571428571428571,0.251,0.318051576,0.368253968,0.686305544,0.305785124,20.0,8.285714286,334,371,75,0.20754716981132076,0.7466666666666667,0.22666666666666666,0.02666666666666667,0.005390835579514825,0.14555256064690028,0.0862533692722372,0.08086253369272237,0.0,0.24797843665768193,0.005390835579514825,0.005390835579514825,0.008086253369272238,0.0646900269541779,0.02425876010781671,0.04043126684636118,0.231,0.296,0.311,0.608,0.31,24.8,8.1,,,,,,,,,
280,Jon Berti,MIA,81,370.69714285714286,424.00000000000006,79.95428571428572,0.20285714285714285,0.7575757575757576,0.21212121212121213,0.030303030303030304,0.014285714285714285,0.12571428571428572,0.07714285714285714,0.1057142857142857,0.0,0.23428571428571432,0.011428571428571429,0.005714285714285714,0.002857142857142857,0.07142857142857142,0.011428571428571429,0.06,0.23,0.320916905,0.339869281,0.660786186,0.298642534,23.42857143,10.57142857,388,424,107,0.2688679245283019,0.822429906542056,0.14953271028037382,0.028037383177570093,0.01650943396226415,0.125,0.07783018867924528,0.06839622641509434,0.0047169811320754715,0.18160377358490565,0.0047169811320754715,0.007075471698113208,0.0047169811320754715,0.03773584905660377,0.014150943396226415,0.02358490566037736,0.294,0.344,0.405,0.748,0.349,18.2,6.8,,,,,,,,,
282,Matt Vierling,DET,81,481.54285714285714,530.0,105.99999999999999,0.2171428571428571,0.7857142857142857,0.18571428571428572,0.028571428571428574,0.01714285714285714,0.1,0.08285714285714285,0.06857142857142857,0.0,0.2057142857142857,0.011428571428571429,0.011428571428571429,0.0,0.022857142857142857,0.008571428571428572,0.014285714285714285,0.239,0.297142857,0.349056604,0.646199461,0.286885246,20.57142857,6.857142857,479,530,115,0.2358490566037736,0.7739130434782608,0.1826086956521739,0.043478260869565216,0.018867924528301886,0.11886792452830189,0.0830188679245283,0.0830188679245283,0.0018867924528301887,0.21132075471698114,0.009433962264150943,0.0018867924528301887,0.0018867924528301887,0.011320754716981131,0.011320754716981131,0.0,0.261,0.329,0.388,0.717,0.321,21.1,8.3,,,,,,,,,
286,Bryce Harper,PHI,78,459.875,546.0,97.5,0.22916666666666666,0.6833333333333333,0.3333333333333333,0.016666666666666666,0.050595238095238096,0.1488095238095238,0.15773809523809523,0.13988095238095238,0.020833333333333332,0.21428571428571427,0.005952380952380952,0.008928571428571428,0.002976190476190476,0.020833333333333332,0.005952380952380952,0.01488095238095238,0.273,0.376119403,0.537102473,0.913221876,0.304568528,21.42857143,13.98809524,457,546,113,0.2454212454212454,0.7345132743362832,0.25663716814159293,0.008849557522123894,0.038461538461538464,0.15384615384615385,0.13186813186813187,0.14652014652014653,0.014652014652014652,0.21794871794871795,0.009157509157509158,0.007326007326007326,0.0,0.020146520146520148,0.005494505494505495,0.014652014652014652,0.293,0.401,0.499,0.9,0.352,21.8,14.7,,,,,,,,,
291,Josh Lowe,TBR,75,448.0993788819876,501.0,88.68633540267079,0.20186335403726705,0.7017543859200406,0.280701754413119,0.035087719298663375,0.024844720499001997,0.11490683229813664,0.11490683229813664,0.09316770186335403,0.003105590062111801,0.32919254658385094,0.003105590062111801,0.006211180124223602,0.003105590062111801,0.03416149068322981,0.003105590062111801,0.031055900621118012,0.227,0.299065421,0.381944444,0.681009865,0.323863636,32.91925466,9.316770186,466,501,116,0.2714570858283433,0.6982758620689655,0.28448275862068967,0.017241379310344827,0.03992015968063872,0.14171656686626746,0.1656686626746507,0.06187624750499002,0.003992015968063872,0.24750499001996007,0.001996007984031936,0.005988023952095809,0.0,0.06387225548902195,0.005988023952095809,0.05788423153692615,0.292,0.335,0.5,0.835,0.357,24.8,6.2,,,,,,,,,
295,Oswaldo Cabrera,NYY,75,301.3043478,330.0,58.416149068322994,0.20807453416149072,0.7017543859649121,0.26315789473684204,0.017543859649122803,0.031055900621118012,0.11180124224242426,0.12422360248447205,0.07142857142857144,0.0,0.2763975155151515,0.0031055900621118015,0.006211180124223603,0.0031055900621118015,0.02173913043478261,0.009316770186335406,0.012422360248447206,0.229,0.284375,0.384353741,0.668728741,0.289340102,27.63975155,7.142857143,298,330,58,0.19090909090909092,0.8103448275862069,0.1896551724137931,0.0,0.015151515151515152,0.10606060606060606,0.08787878787878788,0.07575757575757576,0.0030303030303030303,0.21818181818181817,0.006060606060606061,0.006060606060606061,0.00909090909090909,0.024242424242424242,0.0,0.024242424242424242,0.211,0.275,0.299,0.574,0.26,21.8,7.6,,,,,,,,,
296,Miguel Cabrera,DET,75,334.37888198757764,370.0,76.98757763975156,0.22670807453416153,0.850746268657523,0.1343283582089552,0.0,0.018633540372670808,0.07453416149068323,0.10559006211180125,0.07453416149068323,0.006211180124223603,0.23291925465838512,0.006211180124223603,0.012422360248447206,0.0,0.0031055900621118006,0.0031055900621118006,0.0,0.25,0.308411215,0.340206186,0.648617401,0.313084112,23.29192547,7.453416149,334,370,82,0.23243243243243245,0.7560975609756098,0.24390243902439024,0.0,0.010810810810810811,0.05675675675675676,0.0918918918918919,0.08378378378378379,0.0,0.2,0.005405405405405406,0.008108108108108109,0.0,0.0,0.0,0.0,0.257,0.322,0.353,0.675,0.317,20.0,8.4,,,,,,,,,
297,Jake Rogers,DET,81,323.9375,365.0,50.1875,0.175,0.7272727272727273,0.22727272727272727,0.06818181818181818,0.0375,0.115625,0.125,0.0875,0.0,0.34375,0.015625,0.003125,0.003125,0.003125,0.003125,0.0,0.198,0.279874214,0.383802817,0.663677031,0.26993865,34.375,8.75,331,365,52,0.2,0.7884615384615384,0.21153846153846154,0.0,0.057534246575342465,0.12876712328767123,0.13424657534246576,0.07671232876712329,0.0,0.3232876712328767,0.00821917808219178,0.005479452054794521,0.0027397260273972603,0.0027397260273972603,0.0027397260273972603,0.0,0.221,0.286,0.444,0.73,0.268,32.3,7.7,,,,,,,,,
299,Gabriel Moreno,ARI,79,345.5625,380.0,87.875,0.246875,0.8108108108108109,0.1891891891891892,0.013513513513513514,0.015625,0.11875,0.1125,0.06875,0.0,0.16875,0.015625,0.00625,0.0,0.009375,0.003125,0.00625,0.273,0.33125,0.381443299,0.712693299,0.316239316,16.875,6.875,341,380,90,0.25526315789473686,0.7777777777777778,0.2111111111111111,0.011111111111111112,0.018421052631578946,0.0868421052631579,0.13157894736842105,0.07631578947368421,0.0,0.19736842105263158,0.007894736842105263,0.018421052631578946,0.0,0.015789473684210527,0.005263157894736842,0.010526315789473684,0.284,0.339,0.408,0.747,0.338,19.7,7.6,,,,,,,,,
300,Eric Haase,DET,78,267.9651898734177,293.0,48.21518987341772,0.2088607594936709,0.75,0.21153846153846156,0.03846153846153847,0.044303797468354424,0.1170886075949367,0.13607594936708858,0.07278481012658228,0.0,0.31645569620253156,0.0063291139240506345,0.0063291139240506345,0.0,0.003164556962025316,0.003164556962025316,0.0,0.228373702,0.287974684,0.425605536,0.71358022,0.293785311,31.64556962,7.278481013,274,293,51,0.18771331058020477,0.8235294117647058,0.1568627450980392,0.0196078431372549,0.013651877133105802,0.07508532423208192,0.08873720136518772,0.05802047781569966,0.0034129692832764505,0.2764505119453925,0.0,0.0034129692832764505,0.0034129692832764505,0.013651877133105802,0.0034129692832764505,0.010238907849829351,0.201,0.247,0.281,0.528,0.268,27.6,5.8,,,,,,,,,
301,Orlando Arcia,ATL,73,483.9301587301587,533.0,99.83174603174604,0.21904761904761907,0.7796610169491525,0.22033898308264696,0.0,0.031746031746031744,0.11428571428571428,0.12698412698412698,0.08253968253283302,0.0031746031746031746,0.19365079365079366,0.0031746031746031746,0.006349206349206349,0.0,0.006349206349206349,0.006349206349206349,0.0,0.24,0.304761905,0.391608392,0.696370296,0.271889401,19.36507937,8.253968254,488,533,112,0.24202626641651032,0.7767857142857143,0.22321428571428573,0.0,0.03189493433395872,0.12382739212007504,0.12195121951219512,0.07317073170731707,0.0,0.19136960600375236,0.005628517823639775,0.005628517823639775,0.0,0.001876172607879925,0.0,0.001876172607879925,0.264,0.321,0.42,0.741,0.301,19.1,7.3,,,,,,,,,
302,Mauricio Dubon,HOU,73,454.5142857142857,492.0,107.77142857142859,0.2412698412698413,0.8115942028985507,0.18840579710144925,0.014492753623188404,0.022222222222222223,0.1238095238095238,0.1238095238095238,0.053968253968253985,0.0031746031746031746,0.15555555555555556,0.009523809523809525,0.006349206349206349,0.0031746031746031746,0.012698412698412698,0.012698412698412698,0.0,0.262,0.306709265,0.388316151,0.695025416,0.291139241,15.55555556,5.396825397,467,492,120,0.26422764227642276,0.7583333333333333,0.21666666666666667,0.025,0.02032520325203252,0.15447154471544716,0.09349593495934959,0.03861788617886179,0.0,0.14227642276422764,0.006097560975609756,0.006097560975609756,0.0,0.014227642276422764,0.0040650406504065045,0.01016260162601626,0.278,0.309,0.411,0.72,0.308,14.2,3.9,,,,,,,,,
304,Nolan Jones,COL,71,371.68831168831167,424.0,81.22077922077924,0.2207792207792208,0.7118644067796609,0.25423728813559315,0.016949152542372878,0.02922077922077922,0.13636363636363638,0.14285714285714285,0.11363636363636363,0.003246753246753247,0.29545454545454547,0.006493506493506494,0.003246753246753247,0.003246753246753247,0.009740259740566037,0.003246753246753247,0.006493506493506494,0.251,0.340909091,0.411111111,0.752020202,0.34502924,29.54545455,11.36363636,367,424,89,0.25707547169811323,0.7078651685393258,0.24719101123595505,0.0449438202247191,0.04716981132075472,0.14150943396226415,0.14622641509433962,0.125,0.007075471698113208,0.2971698113207547,0.007075471698113208,0.0023584905660377358,0.0,0.04716981132075472,0.009433962264150943,0.03773584905660377,0.297,0.389,0.542,0.931,0.401,29.7,12.5,,,,,,,,,
308,Anthony Volpe,NYY,70,529.1196013289036,601.0,105.82392026578074,0.20598006644518274,0.6792452830188679,0.30188679241672683,0.03773584905660377,0.02990033222591362,0.1362126245847176,0.12956810631229235,0.08970099667774087,0.0,0.23588039867109634,0.023255813953488372,0.009966777408637875,0.0,0.0398671096345515,0.009966777408637875,0.02990033222591362,0.234,0.317880795,0.41509434,0.732975134,0.281914894,23.58803987,8.970099668,541,601,92,0.18801996672212978,0.7065217391304348,0.25,0.043478260869565216,0.03494176372712146,0.10316139767054909,0.09983361064891846,0.08652246256239601,0.0,0.2778702163061564,0.008319467554076539,0.0033277870216306157,0.0016638935108153079,0.03993344425956739,0.008319467554076539,0.03161397670549085,0.209,0.283,0.383,0.666,0.259,27.8,8.7,,,,,,,,,
310,Will Brennan,CLE,70,414.1860465116279,455.0,101.27906976744185,0.23588039867109634,0.7313432835820896,0.22388059701492535,0.02985074626865672,0.013289036544850499,0.10963455149501662,0.1196013289010989,0.06976744186046512,0.0033222591362126247,0.14285714285714285,0.013289036544850499,0.009966777408637873,0.0,0.016611295681063124,0.006644518272425249,0.009966777408637873,0.257,0.317880795,0.368613139,0.686493933,0.291304348,14.28571429,6.976744186,432,455,110,0.25274725274725274,0.7818181818181819,0.21818181818181817,0.0,0.01098901098901099,0.09010989010989011,0.09010989010989011,0.035164835164835165,0.004395604395604396,0.12527472527472527,0.01098901098901099,0.004395604395604396,0.0,0.02857142857142857,0.01098901098901099,0.017582417582417582,0.266,0.299,0.356,0.655,0.296,12.5,3.5,,,,,,,,,
311,Gary Sanchez,,75,236.74,267.0,38.269999999999996,0.19333333333333333,0.7209302325581396,0.27906976744186046,0.023255813953488375,0.049999999999999996,0.11,0.13333333333333333,0.09333333333333334,0.0033333333333333335,0.2833333333333334,0.016666666666666666,0.0033333333333333335,0.0,0.0033333333333333335,0.0033333333333333335,0.0,0.219,0.303333333,0.443609023,0.746942356,0.25748503,28.33333333,9.333333333,240,267,33,0.1947565543071161,0.7272727272727273,0.2727272727272727,0.0,0.07116104868913857,0.12359550561797752,0.1760299625468165,0.07865168539325842,0.0,0.250936329588015,0.0149812734082397,0.00749063670411985,0.0,0.0,0.0,0.0,0.217,0.288,0.492,0.78,0.212,25.1,7.9,,,,,,,,,
313,Josh H. Smith,TEX,68,198.8571428571429,232.0,44.1904761904762,0.20748299319727892,0.7499999999999998,0.1964285714285714,0.035714285714285705,0.017006802721088433,0.12585034013605442,0.11904761904761905,0.1020408163362069,0.0,0.2040816326724138,0.030612244897959183,0.006802721088435374,0.003401360544217687,0.023809523809523808,0.01020408163362069,0.013605442176870748,0.241,0.341296928,0.357142857,0.698439785,0.296296296,20.40816327,10.20408163,195,232,30,0.15517241379310345,0.7,0.26666666666666666,0.03333333333333333,0.02586206896551724,0.125,0.06465517241379311,0.10775862068965517,0.0,0.23706896551724138,0.03879310344827586,0.004310344827586207,0.008620689655172414,0.004310344827586207,0.0,0.004310344827586207,0.185,0.304,0.328,0.633,0.222,23.7,10.8,,,,,,,,,
321,Gavin Sheets,CHW,65,314.51428571428573,344.0,62.65714285714286,0.22142857142857145,0.7843137254901961,0.23529411764705882,0.0,0.03928571428571429,0.10357142857142859,0.13214285714285715,0.075,0.0,0.2178571428571429,0.0071428571428571435,0.0071428571428571435,0.0,0.0,0.0035714285714285718,-0.003571428572674419,0.244,0.302491103,0.421875,0.724366103,0.274193548,21.78571429,7.5,311,344,53,0.18313953488372092,0.8113207547169812,0.18867924528301888,0.0,0.029069767441860465,0.06976744186046512,0.125,0.08139534883720931,0.005813953488372093,0.19186046511627908,0.0029069767441860465,0.011627906976744186,0.0,0.0029069767441860465,0.0,0.0029069767441860465,0.203,0.267,0.331,0.599,0.222,19.2,8.1,,,,,,,,,
326,Trevor Larnach,MIN,63,187.15018315018315,212.0,38.827838827838825,0.2087912087912088,0.7400000000000002,0.24000000000820756,0.0,0.025641025641025644,0.10256410256410257,0.11355311355311358,0.09157509157509158,0.003663003663003663,0.31501831501831506,0.014652014652014652,0.007326007326007326,0.0,0.003663003663003663,0.003663003663003663,0.0,0.234,0.316176471,0.369294606,0.685471076,0.333333333,31.5018315,9.157509158,183,212,31,0.18396226415094338,0.6774193548387096,0.22580645161290322,0.0967741935483871,0.03773584905660377,0.12264150943396226,0.18867924528301888,0.12735849056603774,0.0047169811320754715,0.33962264150943394,0.0,0.009433962264150943,0.0,0.0047169811320754715,0.0047169811320754715,0.0,0.213,0.311,0.415,0.727,0.295,34.0,12.7,,,,,,,,,
329,Jesus Sanchez,MIA,62,364.2180451,402.0,75.5639097744361,0.22556390977443613,0.7799999999999999,0.17999999999999997,0.04,0.03759398496240601,0.11654135338345864,0.12781954887218044,0.07894736842105264,0.0037593984962406013,0.2518796992481203,0.011278195488721804,0.0037593984962406013,0.0,0.007518796992481204,0.0037593984962406013,0.0037593984962406013,0.247,0.315789474,0.427385892,0.743175366,0.303030303,25.18796992,7.894736842,360,402,77,0.2263681592039801,0.6623376623376623,0.2987012987012987,0.03896103896103896,0.03482587064676617,0.10696517412935323,0.12935323383084577,0.0945273631840796,0.0024875621890547263,0.26616915422885573,0.004975124378109453,0.0024875621890547263,0.0024875621890547263,0.007462686567164179,0.0024875621890547263,0.004975124378109453,0.253,0.327,0.45,0.777,0.321,26.6,9.5,,,,,,,,,
330,Nick Pratto,KCR,62,300.90225563909775,345.0,55.770676691729335,0.1992481203007519,0.6976744186046511,0.27906976744186046,0.04651162790697674,0.03759398496240602,0.12406015037593986,0.12781954887218044,0.10526315789473685,0.0,0.33458646616541354,0.011278195488721806,0.0075187969924812035,0.0,0.011278195488721806,0.0037593984962406017,0.0075187969924812035,0.227,0.316981132,0.431034483,0.748015615,0.318518519,33.45864662,10.52631579,306,345,64,0.20579710144927535,0.75,0.25,0.0,0.020289855072463767,0.09565217391304348,0.10144927536231885,0.08405797101449275,0.0,0.4,0.017391304347826087,0.011594202898550725,0.0,0.002898550724637681,0.002898550724637681,0.0,0.232,0.307,0.353,0.66,0.388,40.0,8.4,,,,,,,,,
331,Nick Fortes,MIA,66,290.0905660377358,323.0,60.943396226415096,0.21509433962264152,0.8,0.17999999999999997,0.019999999999999997,0.02641509433962264,0.11320754716981132,0.11698113207547171,0.07547169811320754,0.0,0.1811320754716981,0.022641509433962263,0.0037735849056603774,0.0,0.011320754716981131,0.0037735849056603774,0.007547169811320756,0.239,0.313207547,0.37394958,0.687157127,0.27173913,18.11320755,7.547169811,294,323,54,0.18575851393188855,0.8148148148148148,0.18518518518518517,0.0,0.018575851393188854,0.1021671826625387,0.0804953560371517,0.05263157894736842,0.0,0.1826625386996904,0.021671826625386997,0.006191950464396285,0.009287925696594427,0.01238390092879257,0.006191950464396285,0.006191950464396285,0.204,0.263,0.299,0.562,0.234,18.3,5.3,,,,,,,,,
333,Austin Slater,SFG,60,179.82625482625485,207.0,38.36293436293436,0.21235521235521235,0.7291666666666666,0.22916666666666669,0.020833333333333332,0.02702702702702703,0.1274131274131274,0.11583011583011583,0.11196911196911197,0.0038610038610038607,0.27413127413127414,0.019305019305019305,0.0038610038610038607,0.0,0.030888030888030885,0.0038610038610038607,0.02702702702702703,0.245,0.342307692,0.391111111,0.733418803,0.324324324,27.41312741,11.1969112,185,207,45,0.24154589371980675,0.8,0.2,0.0,0.024154589371980676,0.11594202898550725,0.0966183574879227,0.0966183574879227,0.0,0.28019323671497587,0.00966183574879227,0.0,0.0,0.00966183574879227,0.00966183574879227,0.0,0.27,0.348,0.4,0.748,0.369,28.0,9.7,,,,,,,,,
335,Ildemaro Vargas,WSN,60,267.2277992277992,286.0,62.942084942084946,0.23552123552123555,0.7368421052631579,0.22807017543859648,0.03508771929824561,0.015444015444015444,0.10810810810810811,0.09266409266409266,0.05405405405405406,0.003861003861003862,0.12355212355212356,0.003861003861003862,0.007722007722007722,0.0,0.007722007722007722,0.003861003861003862,0.003861003861003862,0.251,0.293436293,0.371900826,0.66533712,0.274038462,12.35521236,5.405405405,262,286,62,0.23076923076923078,0.7580645161290323,0.20967741935483872,0.03225806451612903,0.013986013986013986,0.11188811188811189,0.10839160839160839,0.06643356643356643,0.0,0.06993006993006994,0.0034965034965034965,0.0034965034965034965,0.01048951048951049,0.0034965034965034965,0.0034965034965034965,0.0,0.252,0.304,0.363,0.666,0.259,7.0,6.6,,,,,,,,,
336,Isiah Kiner-Falefa,NYY,60,331.72972972972974,361.0,79.44787644787645,0.23166023166023167,0.8245614035087719,0.15789473684210525,0.017543859649122806,0.011583011583011586,0.11196911196911197,0.09266409266409269,0.05791505791505792,0.003861003861003861,0.138996138996139,0.015444015444015444,0.003861003861003861,0.003861003861003861,0.03088803088803089,0.007722007722007722,0.023166023166023172,0.251,0.30620155,0.336134454,0.642336004,0.285,13.8996139,5.791505792,326,361,73,0.2188365650969529,0.821917808219178,0.1643835616438356,0.0136986301369863,0.01662049861495845,0.10803324099722991,0.10249307479224377,0.07756232686980609,0.0,0.19390581717451524,0.008310249307479225,0.008310249307479225,0.002770083102493075,0.038781163434903045,0.013850415512465374,0.024930747922437674,0.242,0.306,0.34,0.646,0.289,19.4,7.8,,,,,,,,,
338,Ryan Jeffers,MIN,65,299.6679688,335.0,54.9609375,0.203125,0.7619047619047619,0.21428571428571427,0.023809523809523808,0.0390625,0.10546875,0.125,0.0859375,0.0,0.27734375,0.01171875,0.00390625,0.00390625,0.0,0.00390625,-0.00390625,0.226,0.301960784,0.406113537,0.708074321,0.281879195,27.734375,8.59375,286,335,65,0.23582089552238805,0.7384615384615385,0.23076923076923078,0.03076923076923077,0.041791044776119404,0.1373134328358209,0.12835820895522387,0.09850746268656717,0.0029850746268656717,0.27761194029850744,0.029850746268656716,0.005970149253731343,0.011940298507462687,0.008955223880597015,0.005970149253731343,0.0029850746268656717,0.276,0.369,0.49,0.858,0.359,27.8,9.9,,,,,,,,,
340,Kyle Higashioka,NYY,63,239.2,260.0,40.56,0.2,0.717948717948718,0.28205128205128205,0.0,0.044,0.112,0.132,0.064,0.0,0.24800000000000003,0.004,0.008,0.004,0.0,0.004,-0.004,0.218,0.269076305,0.408695652,0.677771957,0.245283019,24.8,6.4,242,260,47,0.21923076923076923,0.723404255319149,0.2765957446808511,0.0,0.038461538461538464,0.09230769230769231,0.13076923076923078,0.05384615384615385,0.0,0.2846153846153846,0.0,0.011538461538461539,0.0038461538461538464,0.0,0.0,0.0,0.236,0.274,0.413,0.687,0.292,28.5,5.4,,,,,,,,,
341,James McCann,BAL,62,207.7004048582996,226.0,44.83400809716599,0.22672064777327935,0.8163265306122449,0.20408163265306123,0.0,0.02834008097165992,0.10526315789473685,0.10931174089068825,0.06477732793522267,0.0,0.27935222672064774,0.012145748987854251,0.004048582995951417,0.0,0.008097165991902834,0.004048582995951417,0.004048582995951417,0.247,0.303643725,0.387665198,0.691308923,0.322368421,27.93522267,6.477732794,207,226,40,0.20353982300884957,0.65,0.35,0.0,0.02654867256637168,0.11061946902654868,0.11504424778761062,0.03982300884955752,0.0,0.252212389380531,0.022123893805309734,0.008849557522123894,0.01327433628318584,0.01327433628318584,0.004424778761061947,0.008849557522123894,0.222,0.269,0.377,0.646,0.274,25.2,4.0,,,,,,,,,
342,Royce Lewis,MIN,57,216.56326530612245,239.0,48.775510204081634,0.2326530612244898,0.6799999999999999,0.3,0.020000000000000004,0.028571428571428574,0.14285714285714288,0.1306122448979592,0.07755102040816327,0.0,0.20408163265306123,0.012244897959183673,0.004081632653061225,0.0,0.028571428571428574,0.008163265306122446,0.020408163265306124,0.258,0.32244898,0.427927928,0.750376908,0.301204819,20.40816327,7.755102041,217,239,52,0.2803347280334728,0.8653846153846154,0.1346153846153846,0.0,0.06276150627615062,0.1506276150627615,0.2175732217573222,0.08368200836820083,0.0,0.2301255230125523,0.008368200836820083,0.0,0.0,0.02510460251046025,0.0041841004184100415,0.02092050209205021,0.309,0.372,0.548,0.921,0.354,23.0,8.4,,,,,,,,,
344,Victor Caratini,MIL,62,198.2131147540984,226.0,38.90163934426229,0.19672131147540983,0.7857142857016436,0.2142857142857143,0.0,0.02459016393442623,0.09016393442622951,0.10655737704918034,0.10245901639344261,0.00819672131147541,0.21311475409836067,0.016393442622950817,0.004098360655737704,0.0,0.004098360655737704,0.004098360655737704,0.0,0.225,0.31557377,0.35046729,0.66604106,0.267515924,21.31147541,10.24590164,201,226,45,0.23008849557522124,0.9111111111111111,0.08888888888888889,0.0,0.030973451327433628,0.10176991150442478,0.11061946902654868,0.084070796460177,0.0,0.19911504424778761,0.01327433628318584,0.01327433628318584,0.0,0.004424778761061947,0.004424778761061947,0.0,0.259,0.327,0.383,0.711,0.296,19.9,8.4,,,,,,,,,
345,Connor Joe,PIT,55,402.5882352941177,472.0,89.2436974789916,0.21008403361344538,0.7333333333333334,0.24444444444444444,0.02222222222222222,0.02100840336134454,0.12184873949579832,0.08403361344537816,0.12184873949579832,0.0,0.21848739495798322,0.01680672268907563,0.008403361344537815,0.0,0.008403361344537815,0.004201680672268907,0.004201680672268907,0.249,0.348739496,0.384236453,0.732975949,0.304054054,21.8487395,12.18487395,413,472,91,0.21610169491525424,0.6153846153846154,0.34065934065934067,0.04395604395604396,0.023305084745762712,0.13347457627118645,0.08898305084745763,0.1059322033898305,0.0,0.2330508474576271,0.01694915254237288,0.00211864406779661,0.0,0.006355932203389831,0.01059322033898305,-0.00423728813559322,0.247,0.339,0.421,0.76,0.311,23.3,10.6,,,,,,,,,
346,Ezequiel Duran,TEX,55,409.4873949579832,439.0,86.69327731092437,0.226890756302521,0.6808510638297872,0.2765957446808511,0.0425531914893617,0.02941176470588235,0.12184873949579833,0.13025210084033614,0.054621848739495805,0.0,0.2773109243697479,0.008403361344537815,0.004201680672268907,0.0,0.021008403361344536,0.012605042016806723,0.008403361344537815,0.241,0.289915966,0.414414414,0.704330381,0.313333333,27.73109244,5.462184874,406,439,98,0.255125284738041,0.7551020408163265,0.22448979591836735,0.02040816326530612,0.03189066059225513,0.1252847380410023,0.10478359908883828,0.05239179954441914,0.002277904328018223,0.2733485193621868,0.015945330296127564,0.004555808656036446,0.002277904328018223,0.018223234624145785,0.009111617312072893,0.009111617312072893,0.276,0.324,0.443,0.768,0.358,27.3,5.2,,,,,,,,,
347,Kyle Farmer,MIN,55,336.44117647058823,369.0,72.86974789966386,0.2184873949593496,0.8085106382922781,0.21276595744533633,0.0,0.02100840336134454,0.09243697478991597,0.1134453781512605,0.05042016806722689,0.0,0.18487394957983194,0.029411764705882356,0.008403361344537815,0.0,0.004201680672268907,0.004201680672268907,0.0,0.242,0.298319328,0.359447005,0.657766332,0.276470588,18.48739496,5.042016807,336,369,75,0.23306233062330622,0.7866666666666666,0.18666666666666668,0.02666666666666667,0.02981029810298103,0.13279132791327913,0.12466124661246612,0.06233062330623306,0.0,0.23306233062330622,0.02168021680216802,0.005420054200542005,0.0,0.005420054200542005,0.01084010840108401,-0.005420054200542005,0.256,0.317,0.408,0.725,0.311,23.3,6.2,,,,,,,,,
348,Geraldo Perdomo,ARI,55,428.4453781512605,495.00000000000006,91.51260504201682,0.19327731092436976,0.7727272727272727,0.1590909090909091,0.045454545454545456,0.008403361344537815,0.11764705882352941,0.09243697478991597,0.10084033613445378,0.0,0.21428571428571427,0.012605042016806723,0.004201680672268907,0.01680672268907563,0.01680672268907563,0.008403361344537815,0.008403361344537815,0.221,0.311965812,0.300970874,0.612936686,0.285714286,21.42857143,10.08403361,407,495,94,0.20202020202020202,0.7446808510638298,0.2127659574468085,0.0425531914893617,0.012121212121212121,0.14343434343434344,0.09494949494949495,0.1292929292929293,0.00202020202020202,0.17373737373737375,0.012121212121212121,0.00808080808080808,0.028282828282828285,0.03232323232323232,0.00808080808080808,0.024242424242424242,0.246,0.353,0.359,0.712,0.295,17.4,12.9,,,,,,,,,
350,Donovan Solano,MIN,53,411.038961,450.0,109.0909090909091,0.2597402597402597,0.7857142857142856,0.21428571428571422,0.0,0.017316017316017316,0.09523809523809522,0.09956709957777779,0.06060606060606062,0.004329004329004329,0.19913419913333333,0.017316017316017316,0.008658008658008658,0.0,0.0,0.004329004329004329,-0.004329004328888889,0.287,0.337662338,0.398104265,0.735766603,0.343558282,19.91341991,6.060606061,394,450,106,0.24666666666666667,0.7452830188679245,0.24528301886792453,0.009433962264150943,0.011111111111111112,0.09555555555555556,0.08444444444444445,0.08888888888888889,0.0022222222222222222,0.2222222222222222,0.03333333333333333,0.0022222222222222222,0.0,0.0,0.0,0.0,0.282,0.369,0.391,0.76,0.366,22.2,8.9,,,,,,,,,
351,Jake Meyers,HOU,53,308.5238095238095,341.0,64.95238095238095,0.21645021645021645,0.7500000000000001,0.22727272727272732,0.022727272727272735,0.025974025974025976,0.12121212121212122,0.14285714285714288,0.07359307359307359,0.0,0.26406926406926406,0.012987012987012988,0.00432900432900433,0.00432900432900433,0.012987012987012988,0.00432900432900433,0.00865800865800866,0.239,0.304347826,0.38277512,0.687122946,0.307692308,26.40692641,7.359307359,309,341,60,0.20527859237536658,0.7166666666666667,0.26666666666666666,0.016666666666666666,0.02932551319648094,0.12316715542521994,0.0967741935483871,0.07624633431085044,0.0,0.25806451612903225,0.01466275659824047,0.002932551319648094,0.0,0.01466275659824047,0.005865102639296188,0.008797653958944282,0.227,0.296,0.382,0.678,0.283,25.8,7.6,,,,,,,,,
353,Taylor Walls,TBR,53,305.1861471861472,349.0,55.9004329004329,0.18181818181818182,0.7027027027027027,0.2702702702702703,0.05405405405405406,0.021645021645021644,0.12554112554112554,0.09090909090909091,0.11255411255411256,0.004329004329004329,0.2554112554112554,0.004329004329004329,0.008658008658008658,0.004329004329004329,0.025974025974025976,0.012987012987012988,0.012987012987012988,0.209,0.298701299,0.356435644,0.655136942,0.264285714,25.54112554,11.25541126,303,349,53,0.17478510028653296,0.7358490566037735,0.22641509433962265,0.03773584905660377,0.022922636103151862,0.14326647564469913,0.10315186246418338,0.12607449856733524,0.0,0.2636103151862464,0.0028653295128939827,0.0,0.0028653295128939827,0.06303724928366762,0.0028653295128939827,0.06017191977077364,0.201,0.305,0.333,0.638,0.261,26.4,12.6,,,,,,,,,
358,Stuart Fairchild,CIN,52,227.67857142857144,255.0,45.53571428571429,0.2142857142857143,0.725,0.24999999999999997,0.024999999999999998,0.03571428571428572,0.12053571428571429,0.13392857142857142,0.07589285714285715,0.004464285714285715,0.28125,0.026785714285714288,0.004464285714285715,0.0,0.00892857142857143,0.00892857142857143,0.0,0.239,0.316964286,0.42,0.736964286,0.307692308,28.125,7.589285714,219,255,45,0.19607843137254902,0.6,0.35555555555555557,0.044444444444444446,0.0196078431372549,0.13333333333333333,0.10980392156862745,0.09803921568627451,0.0,0.27058823529411763,0.023529411764705882,0.00784313725490196,0.011764705882352941,0.0392156862745098,0.011764705882352941,0.027450980392156862,0.228,0.321,0.388,0.71,0.306,27.1,9.8,,,,,,,,,
360,Bo Naylor,CLE,55,202.94117647058823,230.00000000000003,36.42533936651584,0.18552036199095023,0.7142857142857144,0.22857142856583848,0.02857142857142857,0.027149321266968326,0.11764705882352941,0.12217194570135746,0.10407239819004524,0.0,0.3031674208144796,0.009049773755656108,0.004524886877828054,0.0,0.018099547513043476,0.004524886877828054,0.013574660633484163,0.21,0.298642534,0.348717949,0.647360483,0.284552846,30.31674208,10.40723982,198,230,36,0.20434782608695654,0.6388888888888888,0.3611111111111111,0.0,0.04782608695652174,0.14347826086956522,0.1391304347826087,0.13043478260869565,0.004347826086956522,0.23043478260869565,0.004347826086956522,0.004347826086956522,0.0,0.021739130434782608,0.0,0.021739130434782608,0.237,0.339,0.47,0.809,0.267,23.0,13.0,,,,,,,,,
367,Jason Heyward,LAD,49,337.5047619047619,377.0,68.21904762380952,0.2047619047745358,0.7631578946835714,0.21052631577477832,0.02631578947184729,0.023809523809523808,0.10952380952380952,0.10476190476190475,0.09047619047619047,0.004761904761904762,0.2,0.009523809523809525,0.004761904761904762,0.0,0.009523809523809525,0.004761904761904762,0.004761904761904762,0.231,0.304761905,0.361702128,0.666464032,0.267605634,20.0,9.047619048,334,377,75,0.23872679045092837,0.6933333333333334,0.30666666666666664,0.0,0.03978779840848806,0.14854111405835543,0.10610079575596817,0.09018567639257294,0.002652519893899204,0.16976127320954906,0.007957559681697613,0.007957559681697613,0.0,0.005305039787798408,0.005305039787798408,0.0,0.269,0.34,0.473,0.813,0.291,17.0,9.0,,,,,,,,,
368,Elehuris Montero,COL,49,279.2238095238095,307.0,58.47619047619047,0.22857142857142854,0.7499999999999999,0.25000000000000006,0.025,0.0380952380952381,0.10952380952380951,0.14761904761904762,0.06666666666666667,0.0,0.2571428571428571,0.014285714285714284,0.009523809523809525,0.0,0.0,0.0,0.0,0.253,0.30952381,0.445026178,0.754549988,0.305343511,25.71428571,6.666666667,284,307,58,0.2247557003257329,0.7068965517241379,0.25862068965517243,0.034482758620689655,0.035830618892508145,0.13029315960912052,0.1270358306188925,0.048859934853420196,0.0,0.36156351791530944,0.016286644951140065,0.009771986970684038,0.0,0.0,0.0,0.0,0.243,0.29,0.426,0.716,0.352,36.2,4.9,,,,,,,,,
372,Paul DeJong,STL,47,354.679803,400.0,59.11330049197045,0.187192118225,0.7333333333412777,0.2666666666695555,0.0,0.039408866995073885,0.11822660098522167,0.12315270935960591,0.08374384236453203,0.0,0.270935960591133,0.014778325123152709,0.009852216748768471,0.0,0.009852216748768471,0.004926108374384236,0.004926108374384236,0.211,0.287128713,0.388888889,0.676017602,0.25210084,27.09359606,8.374384236,372,400,63,0.1925,0.7936507936507936,0.20634920634920634,0.0,0.035,0.1025,0.095,0.0525,0.0,0.3025,0.0125,0.005,0.0,0.01,0.01,0.0,0.207,0.258,0.355,0.612,0.264,30.3,5.3,,,,,,,,,
375,Cavan Biggio,TOR,45,286.2653061,338.0,55.183673469387756,0.18877551020408165,0.71875,0.28125000000000006,0.0,0.025510204081632654,0.1326530612244898,0.10204081632653061,0.13775510204081634,0.0,0.2602040816326531,0.010204081632653062,0.005102040816326531,0.0,0.015306122448979591,0.0,0.015306122448979591,0.225,0.336734694,0.36746988,0.704204573,0.288288288,26.02040816,13.7755102,289,338,59,0.20118343195266272,0.7966101694915254,0.2033898305084746,0.0,0.026627218934911243,0.15976331360946747,0.11834319526627218,0.11834319526627218,0.0,0.2603550295857988,0.020710059171597635,0.005917159763313609,0.0,0.014792899408284023,0.005917159763313609,0.008875739644970414,0.235,0.34,0.37,0.71,0.304,26.0,11.8,,,,,,,,,
378,Elly De La Cruz,CIN,45,403.0357142857143,427.0,89.32142857142857,0.23979591836734693,0.6829268292682926,0.21951219512195114,0.07317073170731707,0.03061224489795918,0.12244897959183672,0.1377551020408163,0.0510204081632653,0.0,0.31632653061224486,0.0,0.0,0.0,0.04081632653061224,0.01020408163265306,0.03061224489795918,0.252,0.292307692,0.427027027,0.719334719,0.35042735,31.63265306,5.102040816,388,427,78,0.21311475409836064,0.717948717948718,0.19230769230769232,0.08974358974358974,0.03044496487119438,0.15690866510538642,0.10304449648711944,0.08196721311475409,0.00702576112412178,0.3372365339578454,0.00468384074941452,0.00234192037470726,0.00234192037470726,0.08196721311475409,0.01873536299765808,0.06323185011709602,0.235,0.3,0.41,0.71,0.336,33.7,8.2,,,,,,,,,
379,Edmundo Sosa,PHI,44,273.015873,300.0,60.31746031746031,0.22222222222222218,0.7894736842105263,0.1842105263157895,0.052631578947368425,0.021164021164021163,0.13227513227513227,0.11111111111111109,0.037037037037037035,0.005291005291005291,0.22222222222222218,0.042328042328042326,0.010582010582010581,0.005291005291005291,0.015873015873015872,0.005291005291005291,0.010582010582010581,0.247,0.301587302,0.38372093,0.685308232,0.296875,22.22222222,3.703703704,279,300,60,0.23333333333333334,0.7166666666666667,0.25,0.03333333333333333,0.03333333333333333,0.11333333333333333,0.1,0.02666666666666667,0.0,0.24666666666666667,0.03,0.0033333333333333335,0.006666666666666667,0.013333333333333334,0.006666666666666667,0.006666666666666667,0.251,0.293,0.427,0.719,0.306,24.7,2.7,,,,,,,,,
384,Emmanuel Rivera,ARI,42,261.2307692307692,283.0,55.97802197802198,0.22527472527472528,0.75,0.22222222222222224,0.02777777777777778,0.027472527472527472,0.12637362637362637,0.11538461538461538,0.06043956043956045,0.0,0.2142857142857143,0.010989010989399292,0.005494505494505495,0.0,0.005494505494505495,0.0,0.005494505494505495,0.243,0.296703297,0.392857143,0.68956044,0.288,21.42857143,6.043956044,257,283,63,0.23674911660777384,0.7936507936507936,0.20634920634920634,0.0,0.014134275618374558,0.11307420494699646,0.10247349823321555,0.07773851590106007,0.0,0.1978798586572438,0.0,0.014134275618374558,0.0,0.0035335689045936395,0.0,0.0035335689045936395,0.261,0.314,0.358,0.672,0.313,19.8,7.8,,,,,,,,,
388,Connor Wong,BOS,44,375.0462427745665,403.0,86.19075144508673,0.24277456647398848,0.6756756756756755,0.2432432432432432,0.02702702702702703,0.028901734104046246,0.10404624277456649,0.14450867052023122,0.052023121387283246,0.0,0.2890173410404624,0.005780346820809251,0.005780346820809251,0.0,0.011560693641618498,0.005780346820809251,0.005780346820809251,0.258,0.302325581,0.409937888,0.71226347,0.345794393,28.9017341,5.202312139,371,403,78,0.21588089330024815,0.6538461538461539,0.32051282051282054,0.02564102564102564,0.022332506203473945,0.13647642679900746,0.08933002481389578,0.05459057071960298,0.0,0.3325062034739454,0.01488833746898263,0.0024813895781637717,0.007444168734491315,0.019851116625310174,0.004962779156327543,0.01488833746898263,0.235,0.288,0.385,0.673,0.341,33.3,5.5,,,,,,,,,
394,Will Benson,CIN,37,282.0,329.00000000000006,49.04347826565217,0.18012422361702124,0.666666666601655,0.2499999999756206,0.041666666662603435,0.031055900621118012,0.13664596273291924,0.11801242236024843,0.12422360248447205,0.006211180124223602,0.3105590062111801,0.012422360248447204,0.006211180124223602,0.006211180124223602,0.018633540372670804,0.006211180124223602,0.012422360248447204,0.21,0.316770186,0.369565217,0.686335404,0.285714286,31.05590062,12.42236025,287,329,68,0.24012158054711247,0.6617647058823529,0.22058823529411764,0.11764705882352941,0.03343465045592705,0.15501519756838905,0.09422492401215805,0.12158054711246201,0.0,0.3130699088145897,0.00303951367781155,0.00303951367781155,0.0,0.057750759878419454,0.00911854103343465,0.0486322188449848,0.275,0.365,0.498,0.863,0.391,31.3,12.2,,,,,,,,,
400,Rob Refsnyder,BOS,34,213.24489795918367,243.0,49.59183673469388,0.23129251700680273,0.7333333333333334,0.26666666666666666,0.0,0.0272108843537415,0.12244897959183675,0.12925170068027209,0.09523809523809523,0.0,0.2653061224489796,0.01360544217687075,0.006802721088435375,0.0,0.006802721088435375,0.0,0.006802721088435375,0.263565891,0.342465753,0.418604651,0.761070405,0.344827586,26.53061224,9.523809524,202,243,49,0.205761316872428,0.7959183673469388,0.1836734693877551,0.02040816326530612,0.00411522633744856,0.12757201646090535,0.11522633744855967,0.13580246913580246,0.0,0.1934156378600823,0.0205761316872428,0.00411522633744856,0.00411522633744856,0.02880658436213992,0.00823045267489712,0.0205761316872428,0.248,0.365,0.317,0.682,0.316,19.3,13.6,,,,,,,,,
404,Jake Burger,CHW,34,495.9183673469388,540.0,91.83673469387755,0.20408163265306123,0.7600000000000001,0.20000000000000004,0.04,0.034013605442176874,0.10884353741496598,0.1292517006802721,0.061224489795918366,0.0,0.27891156462585037,0.013605442176870748,0.0,0.0,0.0,0.0,0.0,0.226,0.280821918,0.385185185,0.666007103,0.280898876,27.89115646,6.12244898,492,540,89,0.22777777777777777,0.6741573033707865,0.3146067415730337,0.011235955056179775,0.06296296296296296,0.13148148148148148,0.14814814814814814,0.05925925925925926,0.0,0.2759259259259259,0.022222222222222223,0.007407407407407408,0.0,0.001851851851851852,0.001851851851851852,0.0,0.25,0.309,0.518,0.828,0.284,27.6,5.9,,,,,,,,,
407,Jake Cave,PHI,32,182.7,203.0,37.7,0.21428571428571427,0.6923076923076923,0.23076923076923073,0.07692307692307691,0.02857142857142857,0.12142857142857143,0.1285714285714286,0.07857142857142857,0.0,0.29285714285714287,0.014285714285714285,0.007142857142857143,0.0,0.014285714285714285,0.0,0.014285714285714285,0.235,0.307142857,0.412698413,0.71984127,0.317073171,29.28571429,7.857142857,184,203,34,0.1921182266009852,0.7352941176470589,0.23529411764705882,0.029411764705882353,0.024630541871921183,0.08866995073891626,0.10344827586206896,0.07389162561576355,0.0,0.270935960591133,0.0049261083743842365,0.009852216748768473,0.0049261083743842365,0.014778325123152709,0.0,0.014778325123152709,0.212,0.272,0.348,0.62,0.27,27.1,7.4,,,,,,,,,
408,Zach McKinstry,CHC,32,466.2000000000001,518.0,107.30000000000001,0.2285714285714286,0.7241379310344828,0.20689655172413793,0.06896551724137931,0.02142857142857143,0.1285714285714286,0.1142857142857143,0.08571428571428573,0.0,0.22142857142857145,0.0071428571428571435,0.0071428571428571435,0.0,0.014285714285714287,0.0071428571428571435,0.0071428571428571435,0.252,0.321428571,0.404761905,0.726190476,0.311827957,22.14285714,8.571428571,464,518,98,0.20656370656370657,0.7448979591836735,0.21428571428571427,0.04081632653061224,0.017374517374517374,0.11583011583011583,0.06756756756756757,0.08494208494208494,0.0,0.21814671814671815,0.009652509652509652,0.005791505791505791,0.003861003861003861,0.03088803088803089,0.011583011583011582,0.019305019305019305,0.231,0.302,0.351,0.654,0.284,21.8,8.5,,,,,,,,,
410,Francisco Alvarez,NYM,34,362.13669064748206,423.0,60.86330934827339,0.18705035971223022,0.7500000000523049,0.25000000001743494,0.0,0.043165467635933805,0.12949640287769787,0.1366906474820144,0.10791366906474821,0.007194244604316547,0.28057553956834536,0.014388489208633094,0.007194244604316547,0.0,0.0,0.0,0.0,0.22,0.313868613,0.411764706,0.725633319,0.266666667,28.05755396,10.79136691,382,423,55,0.18912529550827423,0.7818181818181819,0.21818181818181817,0.0,0.0591016548463357,0.12056737588652482,0.14893617021276595,0.08037825059101655,0.0,0.26004728132387706,0.014184397163120567,0.002364066193853428,0.0,0.004728132387706856,0.0,0.004728132387706856,0.209,0.284,0.437,0.721,0.222,26.0,8.0,,,,,,,,,
411,Jordan Westburg,BAL,31,204.0,228.0,41.142857142857146,0.21052631578947367,0.7083333333333333,0.24999999999999994,0.041666666666666664,0.03007518796992481,0.12781954887218044,0.12781954887218044,0.08270676691729323,0.0,0.2706766917293233,0.015037593984962405,0.007518796992481203,0.0,0.015037593984962405,0.007518796992481203,0.007518796992481203,0.233,0.308270677,0.403361345,0.711632021,0.3,27.06766917,8.270676692,208,228,51,0.23684210526315788,0.6274509803921569,0.3333333333333333,0.0392156862745098,0.013157894736842105,0.11403508771929824,0.10087719298245613,0.07017543859649122,0.0,0.24561403508771928,0.0043859649122807015,0.013157894736842105,0.0,0.017543859649122806,0.0043859649122807015,0.013157894736842105,0.26,0.311,0.404,0.715,0.336,24.6,7.0,,,,,,,,,
418,Luke Raley,TBR,29,357.6666666666667,406.0,64.44444444444444,0.19841269841269843,0.8,0.2,0.0,0.03968253968253968,0.12698412698412698,0.1349206349206349,0.06349206349206349,0.0,0.3095238095238096,0.04761904761904762,0.007936507936507936,0.0,0.007936507936507936,0.007936507936507936,0.0,0.226,0.30952381,0.396396396,0.705920206,0.294117647,30.95238095,6.349206349,357,406,70,0.21921182266009853,0.6285714285714286,0.32857142857142857,0.04285714285714286,0.046798029556650245,0.13793103448275862,0.1206896551724138,0.06896551724137931,0.0,0.31527093596059114,0.04433497536945813,0.0049261083743842365,0.0024630541871921183,0.034482758620689655,0.007389162561576354,0.027093596059113302,0.249,0.333,0.49,0.824,0.33,31.5,6.9,,,,,,,,,
419,Tucupita Marcano,PIT,29,197.3015873015873,220.0,43.65079365079365,0.2142857142857143,0.8,0.16,0.04,0.015873015873015872,0.11904761904761904,0.07936507936507937,0.08730158730158731,0.0,0.19047619047619052,0.0,0.007936507936507936,0.007936507936507936,0.015873015873015872,0.015873015873015872,0.0,0.237,0.304,0.345132743,0.649132743,0.284090909,19.04761905,8.73015873,202,220,44,0.21363636363636362,0.6818181818181818,0.2727272727272727,0.045454545454545456,0.013636363636363636,0.07272727272727272,0.08181818181818182,0.045454545454545456,0.0,0.1590909090909091,0.013636363636363636,0.00909090909090909,0.013636363636363636,0.022727272727272728,0.00909090909090909,0.013636363636363636,0.233,0.276,0.356,0.633,0.265,15.9,4.5,,,,,,,,,
420,Garrett Hampson,,29,228.0,252.0,46.0,0.1984126984126984,0.782608695652174,0.17391304347826086,0.043478260869565216,0.015873015873015872,0.12698412698412698,0.07142857142857142,0.07142857142857142,0.0,0.2698412698412698,0.007936507936507936,0.007936507936507936,0.007936507936507936,0.03968253968253968,0.007936507936507936,0.031746031746031744,0.219,0.28,0.324561404,0.604561404,0.291139241,26.98412698,7.142857143,221,252,58,0.24206349206349206,0.7758620689655172,0.20689655172413793,0.017241379310344827,0.011904761904761904,0.11904761904761904,0.09126984126984126,0.09126984126984126,0.0,0.26587301587301587,0.011904761904761904,0.007936507936507936,0.011904761904761904,0.01984126984126984,0.0,0.01984126984126984,0.276,0.349,0.38,0.729,0.379,26.6,9.1,,,,,,,,,
424,Sal Frelick,MIL,26,203.0892857142857,223.0,49.776785714285715,0.24107142857142858,0.76,0.16,0.04,0.017857142857142856,0.125,0.11607142857142858,0.07142857142857142,0.0,0.15178571428571427,0.00892857142857143,0.0,0.0,0.026785714285714284,0.00892857142857143,0.017857142857142856,0.261,0.324324324,0.37254902,0.696873344,0.301204819,15.17857143,7.142857143,191,223,44,0.21076233183856502,0.7727272727272727,0.20454545454545456,0.022727272727272728,0.013452914798206279,0.13004484304932734,0.10762331838565023,0.12556053811659193,0.0,0.16591928251121077,0.004484304932735426,0.013452914798206279,0.0,0.03139013452914798,0.0,0.03139013452914798,0.246,0.341,0.351,0.692,0.286,16.6,12.6,,,,,,,,,
429,Jarren Duran,BOS,24,330.9714285714286,362.0,75.84761904761905,0.2285714285714286,0.7272727272727273,0.22727272727272732,0.09090909090909091,0.01904761904761905,0.13333333333333333,0.12380952380952383,0.06666666666666667,0.0,0.2666666666666666,0.009523809523809525,0.0,0.0,0.0380952380952381,0.009523809523809525,0.028571428571428574,0.251,0.307692308,0.416666667,0.724358974,0.333333333,26.66666667,6.666666667,332,362,90,0.27071823204419887,0.6,0.37777777777777777,0.022222222222222223,0.022099447513812154,0.1270718232044199,0.11049723756906077,0.06629834254143646,0.0027624309392265192,0.24861878453038674,0.008287292817679558,0.0055248618784530384,0.0,0.06629834254143646,0.0055248618784530384,0.06077348066298342,0.295,0.346,0.482,0.828,0.381,24.9,6.6,,,,,,,,,
436,Brett Baty,NYM,23,349.3061224489796,389.0,71.44897958959184,0.2244897959125964,0.8333333333595162,0.16666666667190325,0.0,0.04081632653061225,0.14285714285714285,0.14285714285714285,0.08163265306122448,0.0,0.2653061224489796,0.02040816326530612,0.0,0.0,0.0,0.01020408163265306,-0.010204081632390746,0.253,0.326530612,0.420454545,0.746985158,0.310344828,26.53061224,8.163265306,353,389,66,0.1928020565552699,0.8181818181818182,0.18181818181818182,0.0,0.02313624678663239,0.10539845758354756,0.08740359897172237,0.07455012853470437,0.0,0.2802056555269923,0.005141388174807198,0.002570694087403599,0.002570694087403599,0.005141388174807198,0.0,0.005141388174807198,0.212,0.275,0.323,0.598,0.28,28.0,7.5,,,,,,,,,
437,Nick Madrigal,CHC,23,270.0,294.0,75.0,0.25510204081632654,0.8,0.16,0.04,0.0,0.11224489795918367,0.08163265306122448,0.061224489795918366,0.0,0.08163265306122448,0.01020408163265306,0.0,0.0,0.02040816326530612,0.01020408163265306,0.01020408163265306,0.273,0.329896907,0.344444444,0.674341352,0.304878049,8.163265306,6.12244898,270,294,69,0.24149659863945577,0.7536231884057971,0.2318840579710145,0.014492753623188406,0.006802721088435374,0.11564625850340136,0.09523809523809523,0.034013605442176874,0.0,0.08163265306122448,0.030612244897959183,0.0,0.017006802721088437,0.034013605442176874,0.006802721088435374,0.027210884353741496,0.263,0.311,0.352,0.663,0.283,8.2,3.4,,,,,,,,,
441,Zack Gelof,OAK,23,272.44897959183675,300.0,48.97959183673469,0.19387755102040816,0.8125,0.1875,0.0,0.03061224489795918,0.11224489796666667,0.09183673469387754,0.08163265306122448,0.0,0.31632653061224486,0.0,0.0,0.0,0.01020408163265306,0.0,0.01020408163265306,0.217,0.278350515,0.348314607,0.626665122,0.290909091,31.63265306,8.163265306,270,300,58,0.24,0.6379310344827587,0.3448275862068966,0.017241379310344827,0.04666666666666667,0.13333333333333333,0.10666666666666667,0.08666666666666667,0.0033333333333333335,0.2733333333333333,0.01,0.0033333333333333335,0.0,0.04666666666666667,0.006666666666666667,0.04,0.267,0.337,0.504,0.84,0.331,27.3,8.7,,,,,,,,,
442,Pavin Smith,ARI,23,204.73469387755105,228.0,48.857142857142854,0.2346938775510204,0.7142857142857144,0.1904761904761905,0.0,0.02040816326530612,0.11224489795918369,0.10204081632653061,0.08163265306122448,0.0,0.19387755102040816,0.0,0.01020408163265306,0.0,0.0,0.0,0.0,0.256,0.319587629,0.352272727,0.671860356,0.308823529,19.3877551,8.163265306,191,228,29,0.15789473684210525,0.8275862068965517,0.1724137931034483,0.0,0.03070175438596491,0.11403508771929824,0.13157894736842105,0.15350877192982457,0.0,0.19736842105263158,0.0043859649122807015,0.0,0.0,0.0043859649122807015,0.0043859649122807015,0.0,0.188,0.317,0.325,0.642,0.209,19.7,15.4,,,,,,,,,
454,Matt Wallner,MIN,21,220.50549450549448,254.0,39.07692307692307,0.1868131868131868,0.6428571428571429,0.28571428571428575,0.07142857142857144,0.03296703296703296,0.10989010989010989,0.15384615384615383,0.0989010989010989,0.010989010989010988,0.3736263736263735,0.021978021978021976,0.0,0.0,0.010989010989010988,0.0,0.010989010989010988,0.212,0.311111111,0.405063291,0.716174402,0.333333333,37.36263736,9.89010989,213,254,39,0.20866141732283464,0.6923076923076923,0.28205128205128205,0.02564102564102564,0.05511811023622047,0.16535433070866143,0.16141732283464566,0.11023622047244094,0.003937007874015748,0.31496062992125984,0.051181102362204724,0.0,0.0,0.007874015748031496,0.003937007874015748,0.003937007874015748,0.249,0.37,0.507,0.877,0.328,31.5,11.0,,,,,,,,,
455,Freddy Fermin,KCR,23,211.5,235.0,47.0,0.2222222222222222,0.7777777777777778,0.22222222222222224,0.0,0.022222222222222223,0.1111111111111111,0.1111111111111111,0.07777777777777778,0.0,0.2,0.011111111111111112,0.011111111111111112,0.0,0.0,0.0,0.0,0.243,0.311111111,0.37037037,0.681481481,0.290322581,20.0,7.777777778,217,235,52,0.25957446808510637,0.7884615384615384,0.19230769230769232,0.019230769230769232,0.03829787234042553,0.11063829787234042,0.13617021276595745,0.05531914893617021,0.0,0.2127659574468085,0.00425531914893617,0.01276595744680851,0.00425531914893617,0.0,0.0,0.0,0.281,0.321,0.461,0.781,0.323,21.3,5.5,,,,,,,,,
457,Yainer Diaz,HOU,21,354.82352941176475,377.0,79.83529411764707,0.24705882352941178,0.7777777777777777,0.2222222222222222,0.0,0.03529411764705882,0.11764705882352942,0.1411764705882353,0.047058823529411764,0.0,0.2,0.0,0.011764705882352941,0.0,0.0,0.0,0.0,0.266,0.294117647,0.425,0.719117647,0.295081967,20.0,4.705882353,355,377,77,0.26525198938992045,0.7142857142857143,0.2857142857142857,0.0,0.0610079575596817,0.13527851458885942,0.15915119363395225,0.029177718832891247,0.0,0.1962864721485411,0.013262599469496022,0.015915119363395226,0.0,0.0,0.0,0.0,0.282,0.308,0.538,0.846,0.292,19.6,2.9,,,,,,,,,
459,Matt Duffy,,19,189.0952380952381,209.0,47.27380952380952,0.23809523809523808,0.8421052631578948,0.15789473684210528,0.0,0.011904761904761904,0.09523809523809523,0.08333333333333334,0.07142857142857142,0.0,0.19047619047619047,0.011904761904761904,0.0,0.0,0.011904761904761904,0.0,0.011904761904761904,0.266,0.325301205,0.342105263,0.667406468,0.322033898,19.04761905,7.142857143,191,209,46,0.22966507177033493,0.8260869565217391,0.17391304347826086,0.0,0.009569377990430622,0.08133971291866028,0.07655502392344497,0.05741626794258373,0.0,0.18660287081339713,0.019138755980861243,0.009569377990430622,0.0,0.004784688995215311,0.0,0.004784688995215311,0.251,0.306,0.325,0.631,0.303,18.7,5.7,,,,,,,,,
480,Zack Short,DET,15,216.8571428571429,253.0,40.158730158730165,0.17460317460317462,0.6999999999999998,0.29999999999999993,0.0,0.015873015873015872,0.1111111111111111,0.09523809523809522,0.12698412698412698,0.0,0.30158730158102764,0.015873015873015872,0.015873015873015872,0.0,0.015873015873015872,0.0,0.015873015873015872,0.202,0.3125,0.314814815,0.627314815,0.285714286,30.15873016,12.6984127,221,253,38,0.17786561264822134,0.7631578947368421,0.23684210526315788,0.0,0.02766798418972332,0.06719367588932806,0.13043478260869565,0.11067193675889328,0.0,0.2608695652173913,0.0,0.003952569169960474,0.011857707509881422,0.019762845849802372,0.0,0.019762845849802372,0.204,0.292,0.339,0.631,0.255,26.1,11.1,,,,,,,,,
484,Mickey Moniak,LAA,15,302.4920634920635,323.0,56.396825396825406,0.20634920634920637,0.7272727272727272,0.2727272727272727,0.0909090909090909,0.03174603174603175,0.11111111111111112,0.11111111111111112,0.04761904761904762,0.0,0.3015873015873016,0.0,0.0,0.0,0.015873015873015876,0.0,0.015873015873015876,0.223,0.258064516,0.423728814,0.68179333,0.289473684,30.15873016,4.761904762,311,323,73,0.2693498452012384,0.684931506849315,0.2876712328767123,0.0273972602739726,0.043343653250773995,0.10835913312693499,0.1393188854489164,0.02786377708978328,0.0030959752321981426,0.3498452012383901,0.009287925696594427,0.0,0.0,0.018575851393188854,0.009287925696594427,0.009287925696594427,0.28,0.307,0.495,0.802,0.397,35.0,2.8,,,,,,,,,
486,Alec Burleson,STL,13,322.2142857142857,347.0,74.35714285714286,0.25,0.8333333333333333,0.16666666666666666,0.0,0.03571428571428571,0.10714285714285715,0.125,0.053571428571428575,0.0,0.1607142857142857,0.0,0.0,0.0,0.0,0.0,0.0,0.27,0.309090909,0.423076923,0.732167832,0.292682927,16.07142857,5.357142857,315,347,69,0.2219020172910663,0.6956521739130435,0.2898550724637681,0.014492753623188406,0.023054755043227664,0.09798270893371758,0.1037463976945245,0.06628242074927954,0.0,0.12968299711815562,0.008645533141210375,0.005763688760806916,0.002881844380403458,0.008645533141210375,0.002881844380403458,0.005763688760806916,0.244,0.3,0.39,0.691,0.261,13.0,6.6,,,,,,,,,
498,Kevin Pillar,,11,189.1836734693877,206.0,42.04081632653061,0.24489795918367346,0.7,0.2,0.0,0.04081632653061224,0.14285714285714285,0.14285714285714285,0.04081632653061224,0.0,0.18367346938775508,0.02040816326530612,0.0,0.0,0.02040816326530612,0.0,0.02040816326530612,0.255,0.3125,0.422222222,0.734722222,0.294117647,18.36734694,4.081632653,197,206,36,0.21844660194174756,0.7222222222222222,0.2777777777777778,0.0,0.043689320388349516,0.1407766990291262,0.1553398058252427,0.02912621359223301,0.0,0.24271844660194175,0.0,0.014563106796116505,0.0,0.019417475728155338,0.0048543689320388345,0.014563106796116505,0.228,0.248,0.416,0.664,0.255,24.3,2.9,,,,,,,,,
