#,Name,Team,G,AB,PA,HIP,H,1B,2B,3B,HR,R,RBI,BB,IBB,SO,HBP,SF,SH,SB,CS,NSB,AVG,OBP,SLG,OPS,BABIP,K%,BB%,real_AB,real_PA,real_HIP,real_H,real_1B,real_2B,real_3B,real_HR,real_R,real_RBI,real_BB,real_IBB,real_SO,real_HBP,real_SF,real_SH,real_SB,real_CS,real_NSB,real_AVG,real_OBP,real_SLG,real_OPS,real_BABIP,real_K%,real_BB%,Unnamed: 54,Unnamed: 55,Unnamed: 56,Unnamed: 57,Unnamed: 58,Unnamed: 59,Unnamed: 60,Unnamed: 61,Unnamed: 62
1,Ronald Acuna Jr.,ATL,157,188.6509573,222,43.811487480000004,0.2592047127927928,0.7313432835309885,0.25373134329380226,0.014925373129558939,0.06185567009009009,0.20324005891891891,0.1678939617117117,0.12812960234234233,0.005891016198198198,0.16642120765765764,0.01620029454954955,0.005891016198198198,0.0,0.07363770252252252,0.0147275405,0.058910161981981984,0.305025996,0.40353461,0.589254766,0.992789376,0.314553991,16.64212077,12.81296024,192,222,44,0.21621621621621623,0.7954545454545454,0.18181818181818182,0.022727272727272728,0.018018018018018018,0.17117117117117117,0.06756756756756757,0.12162162162162163,0.0,0.23873873873873874,0.013513513513513514,0.0,0.0,0.07207207207207207,0.013513513513513514,0.05855855855855856,0.25,0.351,0.365,0.716,0.326,23.9,12.2,,,,,,,,,
2,Juan Soto,NYY,157,564.9396171,713,119.70839472,0.2179675994389902,0.7631578945961494,0.22807017539462998,0.008771929825440733,0.050073637699859744,0.15316642117812063,0.15611192931276296,0.19882179677419354,0.019145802650771388,0.16347569957924266,0.0044182621500701265,0.0044182621500701265,0.0,0.01620029454417952,0.005891016200561009,0.010309278350631135,0.275092937,0.421207658,0.516728625,0.937936283,0.287878788,16.34756996,19.88217968,576,713,125,0.23281907433380084,0.72,0.248,0.032,0.05750350631136045,0.17952314165497896,0.15287517531556802,0.18092566619915848,0.002805049088359046,0.16690042075736325,0.005610098176718092,0.005610098176718092,0.0,0.009817671809256662,0.005610098176718092,0.004207573632538569,0.288,0.419,0.569,0.989,0.298,16.7,18.1,,,,,,,,,
3,Mookie Betts,LAD,157,436.9661267,516,97.27245952999999,0.23564064806201548,0.7109374998241088,0.27343749986908555,0.015624999998393688,0.04712812959302325,0.17231222385658915,0.154639175251938,0.13254786451550388,0.004418262151162791,0.15611192930232556,0.01178203240116279,0.00736377025,0.0,0.01914580265116279,0.004418262151162791,0.0147275405,0.27826087,0.380530973,0.513043478,0.893574452,0.28959276,15.61119293,13.25478645,450,516,111,0.25193798449612403,0.7387387387387387,0.21621621621621623,0.04504504504504504,0.03682170542635659,0.14534883720930233,0.14534883720930233,0.1182170542635659,0.003875968992248062,0.11046511627906977,0.001937984496124031,0.007751937984496124,0.0,0.031007751937984496,0.003875968992248062,0.027131782945736434,0.289,0.372,0.491,0.863,0.294,11.0,11.8,,,,,,,,,
4,Trea Turner,PHI,157,494.5463918,539,123.04123708,0.26509572894248606,0.7483870970033326,0.22580645163649876,0.025806451620244062,0.03681885124304267,0.15022091309833024,0.1296023564007421,0.06921944035250464,0.0014727540500927643,0.1958762886827458,0.007363770250463822,0.005891016200371057,0.0,0.04123711339517625,0.0029455081001855286,0.038291605306122446,0.288924558,0.34167894,0.478330658,0.820009598,0.330490405,19.58762887,6.921944035,505,539,128,0.2764378478664193,0.8046875,0.1953125,0.0,0.03896103896103896,0.16326530612244897,0.1150278293135436,0.05009276437847866,0.0,0.18181818181818182,0.011131725417439703,0.0018552875695732839,0.0,0.03525046382189239,0.0074211502782931356,0.027829313543599257,0.295,0.338,0.469,0.807,0.331,18.2,5.0,,,,,,,,,
5,Corbin Carroll,ARI,157,598.3740795,684,141.03092782,0.2371134020467836,0.7214285715389829,0.20714285718438807,0.07142857141844194,0.03092783505847953,0.15463917529239768,0.13696612665204677,0.09425625921052631,0.002945508100877193,0.215022091374269,0.020618556695906433,0.0044182621505847956,0.005891016200292398,0.06185567010233918,0.007363770249999999,0.054491899853801165,0.271043771,0.354074074,0.45959596,0.813670034,0.325581395,21.50220913,9.42562592,589,684,114,0.19883040935672514,0.6842105263157895,0.19298245614035087,0.12280701754385964,0.03216374269005848,0.17690058479532164,0.10818713450292397,0.1067251461988304,0.0,0.19005847953216373,0.014619883040935672,0.013157894736842105,0.0043859649122807015,0.05116959064327485,0.011695906432748537,0.039473684210526314,0.231,0.322,0.428,0.749,0.256,19.0,10.7,,,,,,,,,
6,Alex Bregman,HOU,157,538.7599411,634,122.31811484,0.226804123659306,0.7251908399343019,0.25190839705390605,0.01526717557283112,0.03387334315457413,0.13991163476340696,0.13549337260252367,0.13107511045741327,0.002945508099369085,0.12518409425867508,0.011782032400630915,0.007363770250788644,0.0,0.002945508099369085,0.0014727540504731861,0.0014727540504731861,0.266897747,0.369661267,0.448873484,0.81853475,0.276371308,12.51840943,13.10751105,581,634,125,0.23817034700315456,0.744,0.24,0.016,0.04100946372239748,0.12460567823343849,0.11829652996845426,0.0694006309148265,0.0015772870662460567,0.13564668769716087,0.007886435331230283,0.006309148264984227,0.0,0.00473186119873817,0.0015772870662460567,0.0031545741324921135,0.26,0.315,0.453,0.768,0.264,13.6,6.9,,,,,,,,,
7,Austin Riley,ATL,157,416.5051546,469,93.24742267,0.25036818848614073,0.7407407408400385,0.24444444443967814,0.01481481481680077,0.05154639174840085,0.14727540501066097,0.15758468334754797,0.08394698085287847,0.004418262149253732,0.23858615607675907,0.01620029455010661,0.01030927834968017,0.0,0.0029455081002132196,0.0014727540490405116,0.0014727540490405116,0.281923715,0.351032448,0.517412935,0.868445384,0.326876513,23.85861561,8.394698085,425,469,90,0.232409381663113,0.6888888888888889,0.28888888888888886,0.022222222222222223,0.04051172707889126,0.13432835820895522,0.11940298507462686,0.07889125799573561,0.0,0.2515991471215352,0.010660980810234541,0.0042643923240938165,0.0,0.0,0.0,0.0,0.256,0.322,0.461,0.783,0.31,25.2,7.9,,,,,,,,,
8,Kyle Tucker,HOU,157,298.0603829,339,66.90132548,0.2415316642182891,0.6791044775873998,0.2835820895009269,0.0298507462695491,0.04418262150442478,0.13843888070796462,0.16347569955752211,0.10898379970501475,0.010309278351032448,0.1516936671681416,0.0029455081002949853,0.010309278351032448,0.0,0.03681885123893805,0.005891016200589971,0.030927835044247787,0.274706868,0.352941176,0.500837521,0.853778697,0.284501062,15.16936672,10.89837997,277,339,57,0.2359882005899705,0.7719298245614035,0.22807017543859648,0.0,0.06784660766961652,0.16519174041297935,0.14454277286135694,0.16519174041297935,0.008849557522123894,0.1592920353982301,0.0029498525073746312,0.0058997050147492625,0.0,0.032448377581120944,0.0,0.032448377581120944,0.289,0.408,0.585,0.993,0.282,15.9,16.5,,,,,,,,,
9,Marcus Semien,TEX,157,643.9793814,718,143.8114875,0.23711340208913648,0.7205882353452467,0.2573529411549964,0.02205882352757112,0.036818851253481895,0.15169366713091922,0.1325478645125348,0.09425625920612814,0.0014727540501392757,0.15758468342618384,0.0044182621504178276,0.0044182621504178276,0.0,0.01620029455431755,0.0029455081002785514,0.013254786451253482,0.264367816,0.335787923,0.454844007,0.79063193,0.283333333,15.75846834,9.42562592,650,718,131,0.21448467966573817,0.7786259541984732,0.20610687022900764,0.015267175572519083,0.03203342618384401,0.14066852367688024,0.10306406685236769,0.08913649025069638,0.002785515320334262,0.14623955431754876,0.004178272980501393,0.001392757660167131,0.0,0.011142061281337047,0.004178272980501393,0.006963788300835654,0.237,0.308,0.391,0.699,0.25,14.6,8.9,,,,,,,,,
10,Freddie Freeman,LAD,157,555.3136966,638,141.88217971999998,0.26067746692789967,0.7218543047627208,0.26490066218444197,0.013245033109222098,0.03829160529780564,0.16347569952978058,0.14138438880877743,0.11045655376175549,0.016200294545454543,0.16053019153605017,0.013254786451410658,0.005891016200626959,0.0,0.02061855670846395,0.0014727540501567398,0.01914580264890282,0.299492386,0.384388807,0.505922166,0.890310973,0.32826087,16.05301915,11.04565538,542,638,131,0.23981191222570533,0.7175572519083969,0.26717557251908397,0.015267175572519083,0.034482758620689655,0.12695924764890282,0.13949843260188088,0.12225705329153605,0.014106583072100314,0.15673981191222572,0.01567398119122257,0.012539184952978056,0.0,0.014106583072100314,0.003134796238244514,0.0109717868338558,0.282,0.378,0.476,0.854,0.306,15.7,12.2,,,,,,,,,
11,Matt Olson,ATL,157,585.1251841,685,113.99852727999999,0.2223858616058394,0.7079646015230523,0.2831858406443091,0.008849557516845142,0.05596465389781022,0.1443298969051095,0.17525773197080294,0.1296023564087591,0.010309278350364963,0.22091310744525547,0.007363770251094891,0.007363770251094891,0.0,0.0014727540496350363,0.0014727540496350363,0.0,0.260344828,0.359882006,0.515517241,0.875399247,0.284634761,22.09131075,12.96023564,600,685,119,0.21605839416058395,0.680672268907563,0.31092436974789917,0.008403361344537815,0.042335766423357665,0.11386861313868613,0.14306569343065692,0.10364963503649635,0.0072992700729927005,0.24817518248175183,0.013138686131386862,0.0072992700729927005,0.0,0.0,0.0,0.0,0.247,0.333,0.457,0.79,0.293,24.8,10.4,,,,,,,,,
12,Nathaniel Lowe,TEX,157,510.9131075,565,123.15169368000001,0.25331369663716813,0.7972972972270697,0.18243243238195633,0.013513513515488663,0.03534609720353982,0.11487481591150443,0.13254786451327435,0.08836524300884956,0.0029455081008849557,0.2253313697345133,0.004418262150442477,0.0014727540495575223,0.0,0.004418262150442477,0.0014727540495575223,0.0029455081008849557,0.280130293,0.34660767,0.446254072,0.792861741,0.337899543,22.53313697,8.8365243,486,565,113,0.22831858407079647,0.8495575221238938,0.1415929203539823,0.008849557522123894,0.02831858407079646,0.10973451327433628,0.12212389380530973,0.1256637168141593,0.0017699115044247787,0.22123893805309736,0.007079646017699115,0.007079646017699115,0.0,0.0035398230088495575,0.0,0.0035398230088495575,0.265,0.361,0.401,0.762,0.324,22.1,12.6,,,,,,,,,
13,Fernando Tatis Jr.,SDP,156,389.7678571,438,78.86607144,0.23809523812785388,0.7024793386868364,0.28099173555081297,0.016528925622873652,0.058035714292237445,0.1636904761872146,0.1622023809589041,0.09672619047945205,0.00297619047716895,0.2261904761872146,0.0059523809520547945,0.0059523809520547945,0.0014880952374429224,0.041666666666666664,0.0059523809520547945,0.035714285707762555,0.267558528,0.341281669,0.526755853,0.868037522,0.294403893,22.61904762,9.672619048,398,438,89,0.2511415525114155,0.7528089887640449,0.23595505617977527,0.011235955056179775,0.04794520547945205,0.1461187214611872,0.11187214611872145,0.0730593607305936,0.0,0.2191780821917808,0.01598173515981735,0.00228310502283105,0.0,0.02511415525114155,0.00684931506849315,0.0182648401826484,0.276,0.34,0.492,0.833,0.316,21.9,7.3,,,,,,,,,
14,Julio Rodriguez,SEA,156,558.2678571,613,124.05952381,0.25,0.7573529411889173,0.22794117647355172,0.01470588235365241,0.04761904761827079,0.148809523817292,0.1547619047634584,0.0714285714355628,0.007440476190864601,0.23363095236541598,0.014880952381729201,0.00297619047634584,0.0,0.050595238091353995,0.01339285714355628,0.037202380946166395,0.274509804,0.336309524,0.488562092,0.824871615,0.32,23.36309524,7.142857143,567,613,135,0.2528548123980424,0.8740740740740741,0.1259259259259259,0.0,0.03262642740619902,0.12398042414355628,0.11092985318107668,0.06199021207177814,0.0016313213703099511,0.2544861337683524,0.009787928221859706,0.0032626427406199023,0.0,0.03915171288743882,0.008156606851549755,0.03099510603588907,0.273,0.325,0.409,0.734,0.344,25.4,6.2,,,,,,,,,
15,Francisco Lindor,NYM,156,606.9761905,689,127.13690480000001,0.2232142857764877,0.7499999997640338,0.2258064515190242,0.02419354837872378,0.03869047619738752,0.14285714285921627,0.13839285714078373,0.09375,0.00297619047605225,0.1875,0.013392857142235124,0.00892857142815675,0.001488095238026125,0.03125,0.0059523809521045,0.025297619042089985,0.253378378,0.331343284,0.442567568,0.773910851,0.278026906,18.75,9.375,618,689,136,0.24528301886792453,0.7058823529411765,0.2867647058823529,0.007352941176470588,0.047895500725689405,0.15529753265602322,0.1320754716981132,0.08127721335268505,0.0,0.18432510885341075,0.01741654571843251,0.0043541364296081275,0.0,0.0420899854862119,0.005805515239477504,0.036284470246734396,0.273,0.344,0.5,0.844,0.295,18.4,8.1,,,,,,,,,
16,Bobby Witt Jr.,KCR,156,650.9717262,709,151.92857138,0.2529761904090268,0.7013888890817792,0.24305555561132008,0.04861111112884606,0.038690476191819465,0.14434523808180535,0.14434523808180535,0.06101190476727786,0.001488095238363893,0.1889880952045134,0.00892857142877292,0.010416666667136813,0.001488095238363893,0.05208333332863188,0.014880952383638927,0.03720238095909732,0.275526742,0.323397914,0.479740681,0.803138594,0.305732484,18.89880952,6.101190476,636,709,179,0.29760225669957685,0.6871508379888268,0.25139664804469275,0.061452513966480445,0.045133991537376586,0.1763046544428773,0.153737658674189,0.08039492242595205,0.012693935119887164,0.14950634696755993,0.011283497884344146,0.011283497884344146,0.0,0.04372355430183357,0.01692524682651622,0.02679830747531735,0.332,0.389,0.588,0.977,0.354,15.0,8.0,,,,,,,,,
17,Nolan Arenado,STL,156,576.4136905,635,132.29166666999998,0.2440476190551181,0.7142857142749157,0.27142857145772786,0.007142857141237346,0.035714285716535434,0.10565476190551182,0.14880952381102364,0.07589285714960631,0.007440476190551181,0.14732142856692915,0.008928571428346457,0.008928571428346457,0.0,0.00446428571496063,0.002976190475590551,0.0014880952377952755,0.268852459,0.328380386,0.450819672,0.779200058,0.283975659,14.73214286,7.589285714,578,635,141,0.247244094488189,0.8368794326241135,0.16312056737588654,0.0,0.025196850393700787,0.11023622047244094,0.11181102362204724,0.06929133858267716,0.0031496062992125984,0.14488188976377953,0.007874015748031496,0.011023622047244094,0.0,0.0031496062992125984,0.0031496062992125984,0.0,0.272,0.325,0.394,0.719,0.296,14.5,6.9,,,,,,,,,
18,Paul Goldschmidt,STL,156,570.3035714,654,128.46428576000002,0.23363095244648321,0.7499999997664719,0.2499999999221573,0.0,0.03720238094801223,0.13392857142201833,0.13690476191131498,0.11607142857798165,0.0044642857140672785,0.2306547619266055,0.0044642857140672785,0.005952380952599388,0.0,0.013392857142201835,0.0014880952385321101,0.011904761905198777,0.267918089,0.354694486,0.45221843,0.806912916,0.32195122,23.06547619,11.60714286,599,654,125,0.22477064220183487,0.728,0.264,0.008,0.03363914373088685,0.10703363914373089,0.09938837920489296,0.07186544342507645,0.0030581039755351682,0.26452599388379205,0.0030581039755351682,0.0030581039755351682,0.0,0.016819571865443424,0.0,0.016819571865443424,0.245,0.302,0.414,0.716,0.308,26.5,7.2,,,,,,,,,
19,Pete Alonso,NYM,156,602.953869,695,108.59374996,0.21279761899280575,0.7333333336341487,0.24761904768833162,0.009523809522932513,0.05654761905035971,0.1309523809496403,0.17113095237410073,0.10119047618705036,0.011904761905035973,0.21279761899280575,0.025297619050359713,0.007440476189928058,0.0,0.0059523809525179865,0.0014880952374100721,0.004464285713669065,0.245283019,0.338781575,0.487135506,0.825917081,0.257985258,21.2797619,10.11904762,608,695,112,0.21007194244604316,0.7232142857142857,0.2767857142857143,0.0,0.04892086330935252,0.13093525179856116,0.12661870503597122,0.10071942446043165,0.0057553956834532375,0.2474820143884892,0.01870503597122302,0.0057553956834532375,0.0,0.004316546762589928,0.0,0.004316546762589928,0.24,0.329,0.459,0.788,0.276,24.7,10.1,,,,,,,,,
20,Jose Ramirez,CLE,154,599.9548872,682,138.45112784000003,0.24360902258064518,0.6814814813862479,0.28888888883752695,0.029629629624546936,0.04060150375366569,0.13834586466275658,0.1458646616568915,0.10526315788856305,0.024060150381231674,0.1172932330791789,0.0060150375938416425,0.0090225563914956,0.0,0.03458646615835777,0.007518796992668621,0.027067669178885635,0.276923077,0.354887218,0.495726496,0.850613714,0.277777778,11.72932331,10.52631579,620,682,134,0.2536656891495601,0.6940298507462687,0.291044776119403,0.014925373134328358,0.05718475073313783,0.16715542521994134,0.17302052785923755,0.07917888563049853,0.017595307917888565,0.12023460410557185,0.001466275659824047,0.008797653958944282,0.0,0.060117302052785926,0.010263929618768328,0.04985337243401759,0.279,0.335,0.537,0.872,0.265,12.0,7.9,,,,,,,,,
21,Dansby Swanson,CHC,154,530.5789474,593,114.14135336000001,0.2270676691399663,0.757812500147843,0.226562500082135,0.0156250000065708,0.034586466172006745,0.13383458645868468,0.12180451128161887,0.09172932330522766,0.0015037593979763911,0.242105263237774,0.007518796993254638,0.006015037593591906,0.0,0.013533834586846543,0.004511278195615515,0.00902255639123103,0.253781513,0.326315789,0.425210084,0.751525874,0.308433735,24.21052632,9.172932331,534,593,113,0.2175379426644182,0.7433628318584071,0.23893805309734514,0.017699115044247787,0.026981450252951095,0.13827993254637436,0.11129848229342328,0.09106239460370995,0.003372681281618887,0.24283305227655985,0.003372681281618887,0.00505902192242833,0.0,0.03204047217537943,0.00505902192242833,0.026981450252951095,0.242,0.312,0.39,0.701,0.3,24.3,9.1,,,,,,,,,
22,Manny Machado,SDP,154,576.2827068,643,126.66616539999998,0.24060150373250389,0.7557251909198477,0.23664122139754934,0.0076335877852350305,0.04360902255054432,0.1323308270606532,0.15187969925349923,0.0917293233125972,0.009022556390357699,0.1819548872472784,0.0030075187962674958,0.010526315790046656,0.0,0.010526315790046656,0.0030075187962674958,0.007518796992223951,0.268456376,0.334834835,0.469798658,0.804633493,0.289183223,18.19548872,9.172932331,593,643,134,0.2534992223950233,0.7761194029850746,0.22388059701492538,0.0,0.04510108864696734,0.11975116640746501,0.16329704510108864,0.06998444790046657,0.00933125972006221,0.19284603421461896,0.0015552099533437014,0.006220839813374806,0.0,0.017107309486780714,0.003110419906687403,0.013996889580093312,0.275,0.325,0.472,0.797,0.302,19.3,7.0,,,,,,,,,
23,Rafael Devers,BOS,154,537.7368421,601,120.19999995,0.2511278194675541,0.6992481205903694,0.2932330828174846,0.007518796991480365,0.05112781955074875,0.14436090226289516,0.16390977444259566,0.08872180450915142,0.013533834585690517,0.19248120299500832,0.012030075188019967,0.00451127819467554,0.0,0.0060150375940099836,0.0030075187970049918,0.0030075187970049918,0.280672269,0.351879699,0.521008403,0.872888103,0.305045872,19.2481203,8.872180451,525,601,115,0.23793677204658903,0.6608695652173913,0.2956521739130435,0.043478260869565216,0.04658901830282862,0.1447587354409318,0.13810316139767054,0.11148086522462562,0.02329450915141431,0.24459234608985025,0.004991680532445923,0.009983361064891847,0.0,0.004991680532445923,0.0,0.004991680532445923,0.272,0.354,0.516,0.871,0.323,24.5,11.1,,,,,,,,,
24,Vladimir Guerrero Jr.,TOR,154,616.2947368,697,138.35187968,0.24511278192252509,0.7651515154318719,0.227272727285869,0.0075757575786049485,0.04661654134863701,0.13533834586800575,0.1518796992826399,0.10075187969870875,0.007518796992826399,0.14736842109038736,0.010526315789096127,0.004511278195121951,0.0,0.007518796992826399,0.0030075187977044475,0.004511278195121951,0.277210884,0.356390977,0.489795918,0.846186896,0.285714286,14.73684211,10.07518797,616,697,169,0.2855093256814921,0.7337278106508875,0.2603550295857988,0.005917159763313609,0.043041606886657105,0.1406025824964132,0.14777618364418937,0.10329985652797705,0.01721664275466284,0.13773314203730272,0.007173601147776184,0.005738880918220947,0.0,0.0028694404591104736,0.0028694404591104736,0.0,0.323,0.396,0.544,0.94,0.342,13.8,10.3,,,,,,,,,
25,Christian Walker,ARI,154,485.593985,552,102.0992481,0.22255639094202898,0.7073170732782311,0.2764227642730309,0.016260162605448217,0.03759398496376812,0.12481203007246376,0.1383458646557971,0.10075187969202899,0.0030075187971014493,0.20751879692028988,0.012030075188405797,0.009022556391304348,0.0,0.012030075188405797,0.0015037593985507247,0.010526315789855072,0.252991453,0.334834835,0.446153846,0.780988681,0.287383178,20.7518797,10.07518797,479,552,94,0.21739130434782608,0.723404255319149,0.2765957446808511,0.0,0.04710144927536232,0.13043478260869565,0.15217391304347827,0.09963768115942029,0.007246376811594203,0.24094202898550723,0.018115942028985508,0.014492753623188406,0.0,0.0036231884057971015,0.0036231884057971015,0.0,0.251,0.335,0.468,0.803,0.287,24.1,10.0,,,,,,,,,
26,Kyle Schwarber,PHI,154,578.5744361,692,85.32932335000001,0.181954887283237,0.7073170728477363,0.28048780478229346,0.012195121948075309,0.05864661654624277,0.14436090225433526,0.15037593988439307,0.15187969927745665,0.006015037593930636,0.29323308265895953,0.009022556391618497,0.0030075187976878613,0.0,0.0030075187976878613,0.0015037593988439307,0.0015037593988439307,0.217625899,0.342857143,0.473021583,0.815878726,0.25308642,29.32330827,15.18796992,573,692,104,0.20520231213872833,0.7884615384615384,0.21153846153846154,0.0,0.05491329479768786,0.15895953757225434,0.15028901734104047,0.1531791907514451,0.005780346820809248,0.2846820809248555,0.0072254335260115606,0.011560693641618497,0.0,0.0072254335260115606,0.004335260115606936,0.002890173410404624,0.248,0.366,0.485,0.851,0.301,28.5,15.3,,,,,,,,,
27,Aaron Judge,NYY,152,588.449848,704,108.06079030000001,0.2264437690340909,0.7623762374056966,0.23762376231668184,0.0,0.07294832826704546,0.16109422485795455,0.18237082073863634,0.15197568394886363,0.01671732522727273,0.27051671732954546,0.006079027355113636,0.007598784194602273,0.0,0.00911854103409091,0.0015197568394886363,0.007598784194602273,0.270909091,0.383915023,0.576363636,0.960278659,0.306990881,27.05167173,15.19756839,559,704,122,0.2556818181818182,0.6967213114754098,0.29508196721311475,0.00819672131147541,0.08238636363636363,0.17329545454545456,0.20454545454545456,0.18892045454545456,0.028409090909090908,0.24289772727272727,0.01278409090909091,0.002840909090909091,0.0,0.014204545454545454,0.0,0.014204545454545454,0.322,0.458,0.701,1.159,0.367,24.3,18.9,,,,,,,,,
28,Nico Hoerner,CHC,152,581.5759878,641,149.0471125,0.25075987847113884,0.7973856206036867,0.1764705881839878,0.019607843130808725,0.01823708205928237,0.12613981762870516,0.10942249240249609,0.06534954407176287,0.0030395136770670827,0.12006079028081124,0.01823708205928237,0.006079027355694227,0.0015197568393135726,0.047112462012480504,0.007598784195007801,0.03951367781591264,0.27638191,0.335365854,0.390284757,0.725650611,0.3,12.00607903,6.534954407,582,641,152,0.24804992199687986,0.7631578947368421,0.23026315789473684,0.006578947368421052,0.0109204368174727,0.13416536661466458,0.0748829953198128,0.0686427457098284,0.0015600624024961,0.1029641185647426,0.0187207488299532,0.0046801872074883,0.0,0.0483619344773791,0.0093603744149766,0.0390015600624025,0.273,0.335,0.373,0.708,0.297,10.3,6.9,,,,,,,,,
29,Ian Happ,CHC,152,570.1322188,657,120.81610945,0.21732522800608828,0.6942148759119804,0.28099173549409473,0.024793388420106918,0.033434650456621,0.12310030395738203,0.12765957447488582,0.11702127659056316,0.004559270515981735,0.2355623100456621,0.0075987841948249625,0.0060790273561643834,0.0,0.01671732522070015,0.004559270515981735,0.012158054710806698,0.250437828,0.342465753,0.436077058,0.778542811,0.304020101,23.556231,11.70212766,569,657,113,0.2100456621004566,0.6814159292035398,0.3008849557522124,0.017699115044247787,0.0380517503805175,0.1354642313546423,0.1308980213089802,0.121765601217656,0.0015220700152207,0.2557077625570776,0.0091324200913242,0.0030441400304414,0.0,0.0197869101978691,0.0030441400304414,0.0167427701674277,0.243,0.341,0.441,0.782,0.299,25.6,12.2,,,,,,,,,
30,Spencer Torkelson,DET,152,334.6778116,381,61.95592705,0.21276595745406823,0.6822429906647649,0.30841121503321933,0.00934579439885889,0.05015197569553806,0.138297872335958,0.14285714286089238,0.10182370821522309,0.001519756839895013,0.2355623100262467,0.010638297871391075,0.009118541034120735,0.0,0.004559270517060367,0.0,0.004559270517060367,0.242214533,0.325227964,0.474048443,0.799276406,0.27020202,23.556231,10.18237082,342,381,65,0.1968503937007874,0.6615384615384615,0.3230769230769231,0.015384615384615385,0.026246719160104987,0.11811023622047244,0.09711286089238845,0.08661417322834646,0.0,0.2755905511811024,0.010498687664041995,0.0026246719160104987,0.0,0.0,0.0,0.0,0.219,0.295,0.374,0.669,0.285,27.6,8.7,,,,,,,,,
31,Andres Gimenez,CLE,151,565.9078341,633,137.10138248,0.24270353301737757,0.7588652486066455,0.21276595744215282,0.02836879433048296,0.026113671279620852,0.12135176650868879,0.12135176650868879,0.05683563748815165,0.004608294930489732,0.18586789557661929,0.03686635944707741,0.004608294930489732,0.006144393241706161,0.043010752685624015,0.009216589860979464,0.033794162827804106,0.271477663,0.339009288,0.424398625,0.763407913,0.315436242,18.58678955,5.683563748,583,633,138,0.23222748815165878,0.8333333333333334,0.15942028985507245,0.007246376811594203,0.014218009478672985,0.10110584518167456,0.0995260663507109,0.04107424960505529,0.001579778830963665,0.15323854660347552,0.023696682464454975,0.009478672985781991,0.004739336492890996,0.04739336492890995,0.007898894154818325,0.03949447077409163,0.252,0.298,0.34,0.638,0.286,15.3,4.1,,,,,,,,,
32,Ketel Marte,ARI,151,517.625192,583,125.37634409000002,0.24731182795883364,0.6857142856892182,0.2785714285537674,0.02857142857370742,0.03225806451114923,0.13210445468267581,0.12442396313893654,0.09677419355060034,0.0030721966209262437,0.16897081413379073,0.009216589861063464,0.006144393241852487,0.0,0.010752688171526588,0.0015360983104631219,0.009216589861063464,0.278546713,0.353302611,0.467128028,0.820430639,0.310421286,16.89708141,9.677419355,504,583,111,0.2521440823327616,0.7747747747747747,0.2072072072072072,0.018018018018018018,0.06174957118353345,0.1595197255574614,0.16295025728987994,0.11149228130360206,0.012006861063464836,0.18181818181818182,0.008576329331046312,0.015437392795883362,0.0,0.012006861063464836,0.0017152658662092624,0.010291595197255575,0.292,0.372,0.56,0.932,0.299,18.2,11.1,,,,,,,,,
33,Shohei Ohtani,LAD,151,627.6943164,731,117.90322581,0.22273425499316005,0.6761904761492802,0.27619047618320636,0.047619047616624326,0.06144393240766074,0.14746543775649795,0.1981566820793434,0.130568356374829,0.02764976958960328,0.24270353296853622,0.006144393240766074,0.004608294930232558,0.0,0.02764976958960328,0.01075268817236662,0.016897081409028725,0.259391771,0.359447005,0.543828265,0.903275269,0.288461538,24.2703533,13.05683564,636,731,143,0.2694938440492476,0.6853146853146853,0.26573426573426573,0.04895104895104895,0.07387140902872777,0.18331053351573187,0.17783857729138167,0.11080711354309165,0.013679890560875513,0.2216142270861833,0.008207934336525308,0.006839945280437756,0.0,0.08071135430916553,0.005471956224350205,0.07523939808481532,0.31,0.39,0.646,1.036,0.336,22.2,11.1,,,,,,,,,
34,Randy Arozarena,TBR,151,562.3963134,648,125.41935488,0.22887864830246915,0.7301587299473757,0.24603174597352864,0.023809523800031845,0.03533026114197531,0.13978494623456791,0.13210445469135804,0.09984639016975308,0.0030721966203703702,0.24270353302469136,0.026113671280864198,0.0061443932407407404,0.0,0.033794162824074075,0.015360983103395062,0.01843317972222222,0.263716814,0.35483871,0.451327434,0.806166143,0.324742268,24.2703533,9.984639017,549,648,100,0.18518518518518517,0.67,0.33,0.0,0.030864197530864196,0.11882716049382716,0.09259259259259259,0.11265432098765432,0.0,0.26080246913580246,0.033950617283950615,0.006172839506172839,0.0,0.030864197530864196,0.015432098765432098,0.015432098765432098,0.219,0.332,0.388,0.72,0.275,26.1,11.3,,,,,,,,,
35,Ozzie Albies,ATL,151,396.2442396,435,90.20737325,0.24884792620689655,0.7185185186622204,0.2518518519216499,0.02962962963784116,0.0414746543678161,0.14592933947126435,0.15207373271264368,0.07066052227586206,0.003072196620689655,0.16743471581609198,0.007680491551724138,0.010752688172413791,0.0,0.01843317972413793,0.00614439324137931,0.01228878648275862,0.273187184,0.32718894,0.480607083,0.807796023,0.290948276,16.74347158,7.066052227,399,435,90,0.22988505747126436,0.6666666666666666,0.32222222222222224,0.011111111111111112,0.022988505747126436,0.11954022988505747,0.12183908045977011,0.06206896551724138,0.0,0.14942528735632185,0.011494252873563218,0.009195402298850575,0.0,0.01839080459770115,0.0022988505747126436,0.016091954022988506,0.251,0.303,0.404,0.707,0.274,14.9,6.2,,,,,,,,,
36,Steven Kwan,CLE,151,480.2764977,540,127.741935462,0.2442396312962963,0.7727272728646235,0.18181818183668502,0.0454545454630854,0.007680491551851853,0.12903225805555554,0.089093702,0.09523809524074074,0.0030721966203703702,0.09831029185185185,0.007680491551851853,0.007680491551851853,0.0015360983111111111,0.026113671277777778,0.0061443932407407404,0.01996927803703704,0.274611399,0.347158218,0.373056995,0.720215213,0.299029126,9.831029186,9.523809524,480,540,126,0.25925925925925924,0.8492063492063492,0.12698412698412698,0.023809523809523808,0.025925925925925925,0.1537037037037037,0.08148148148148149,0.09814814814814815,0.0,0.09444444444444444,0.009259259259259259,0.0,0.003703703703703704,0.022222222222222223,0.009259259259259259,0.012962962962962963,0.292,0.368,0.425,0.793,0.304,9.4,9.8,,,,,,,,,
37,Christian Yelich,MIL,151,270.0,315,58.064516125,0.2150537634285714,0.7500000001076389,0.2333333334050926,0.016666666659490743,0.030721966206349205,0.1505376344126984,0.11520737326984128,0.1321044546984127,0.010752688171428573,0.23348694317460317,0.0061443932412698415,0.0030721966190476193,0.0,0.03225806450793651,0.00460829493015873,0.027649769584126984,0.250896057,0.353846154,0.415770609,0.769616763,0.309278351,23.34869432,13.21044547,270,315,74,0.2698412698412698,0.7972972972972973,0.16216216216216217,0.04054054054054054,0.03492063492063492,0.13968253968253969,0.13333333333333333,0.12698412698412698,0.009523809523809525,0.18412698412698414,0.006349206349206349,0.0031746031746031746,0.0031746031746031746,0.06666666666666667,0.0031746031746031746,0.06349206349206349,0.315,0.406,0.504,0.909,0.366,18.4,12.7,,,,,,,,,
38,Luis Robert Jr.,CHW,149,392.6630435,425,83.15217389,0.24689440988235292,0.714285714509057,0.26984126993098867,0.007936507936317045,0.05124223602352942,0.1413043478352941,0.16459627329411763,0.055900621129411764,0.006211180124705882,0.25,0.01708074534117647,0.0031055900611764707,0.0,0.031055900611764706,0.007763975155294117,0.02329192546588235,0.267226891,0.319875776,0.492436975,0.812312751,0.312655087,25.0,5.590062112,393,425,74,0.20705882352941177,0.7432432432432432,0.25675675675675674,0.0,0.03294117647058824,0.11058823529411765,0.08235294117647059,0.06588235294117648,0.004705882352941176,0.33176470588235296,0.004705882352941176,0.002352941176470588,0.0,0.05411764705882353,0.01411764705882353,0.04,0.224,0.278,0.379,0.657,0.31,33.2,6.6,,,,,,,,,
39,Willy Adames,MIL,149,612.1490683,688,121.78881984,0.2220496893895349,0.6929824563607497,0.2982456141517694,0.008771929824129249,0.04503105590116279,0.13198757764534885,0.1428571428633721,0.10093167702034883,0.0031055900624999996,0.25931677020348837,0.004658385093023256,0.004658385093023256,0.0,0.007763975155523256,0.004658385093023256,0.0031055900624999996,0.2495637,0.327639752,0.464223386,0.791863137,0.3,25.93167702,10.0931677,610,688,121,0.22238372093023256,0.7272727272727273,0.2727272727272727,0.0,0.046511627906976744,0.13517441860465115,0.16279069767441862,0.10755813953488372,0.00436046511627907,0.251453488372093,0.0014534883720930232,0.00436046511627907,0.0,0.030523255813953487,0.005813953488372093,0.024709302325581394,0.251,0.331,0.462,0.794,0.297,25.1,10.8,,,,,,,,,
40,Bo Bichette,TOR,149,314.0869565,336,78.7826087,0.27173913044642856,0.7748344370322939,0.2185430462903674,0.013245033113507448,0.03726708074404762,0.13664596273809523,0.14130434782738094,0.055900621130952385,0.0,0.19254658383928572,0.004658385092261905,0.004658385092261905,0.0,0.017080745342261904,0.006211180125,0.010869565217261904,0.290697674,0.332298137,0.473421927,0.805720064,0.330415755,19.25465839,5.590062112,311,336,66,0.20833333333333334,0.7424242424242424,0.24242424242424243,0.015151515151515152,0.011904761904761904,0.08630952380952381,0.09226190476190477,0.05952380952380952,0.002976190476190476,0.19047619047619047,0.008928571428571428,0.005952380952380952,0.0,0.01488095238095238,0.002976190476190476,0.011904761904761904,0.225,0.277,0.322,0.598,0.269,19.0,6.0,,,,,,,,,
41,Michael Harris II,ATL,149,437.1583851,470,105.82298138,0.25931677021276595,0.7241379309171756,0.25517241375986643,0.020689655171762085,0.03416149068085106,0.13975155278723406,0.13664596272340424,0.051242236021276595,0.0015527950319148935,0.2065217391276596,0.010869565217021275,0.004658385093617021,0.0015527950319148935,0.03571428572340426,0.006211180123404255,0.02950310559574468,0.278797997,0.322429907,0.460767947,0.783197853,0.324384787,20.65217391,5.124223602,440,470,100,0.24680851063829787,0.83,0.14,0.03,0.03404255319148936,0.12340425531914893,0.10212765957446808,0.04893617021276596,0.002127659574468085,0.2,0.00851063829787234,0.006382978723404255,0.0,0.02127659574468085,0.01276595744680851,0.00851063829787234,0.264,0.304,0.418,0.722,0.3,20.0,4.9,,,,,,,,,
42,Gleyber Torres,NYY,149,591.6847826,665,135.27173911,0.2422360248120301,0.7709923668179562,0.22137404580604123,0.007633587789984022,0.03881987577443609,0.125776397518797,0.125776397518797,0.09472049688721805,0.0015527950315789474,0.17236024842105263,0.004658385093233083,0.007763975154887218,0.0015527950315789474,0.017080745338345863,0.007763975154887218,0.009316770186466166,0.272251309,0.342679128,0.457242583,0.799921711,0.29638009,17.23602484,9.472049689,587,665,136,0.22706766917293233,0.8088235294117647,0.19117647058823528,0.0,0.022556390977443608,0.12030075187969924,0.09473684210526316,0.09774436090225563,0.0,0.20451127819548873,0.004511278195488722,0.012030075187969926,0.0030075187969924814,0.006015037593984963,0.004511278195488722,0.0015037593984962407,0.257,0.33,0.378,0.709,0.306,20.5,9.8,,,,,,,,,
43,Xander Bogaerts,SDP,149,411.9549689,463,100.65217390999999,0.24534161490280776,0.7714285714228942,0.2214285714278618,0.007142857139308856,0.027950310561555076,0.12732919254859612,0.11024844721382289,0.091614906825054,0.001552795030237581,0.18012422360691147,0.00931677018574514,0.00931677018574514,0.0,0.018633540373650108,0.001552795030237581,0.017080745341252698,0.27574171,0.346273292,0.427574171,0.773847463,0.314606742,18.01242236,9.161490683,428,463,102,0.24406047516198703,0.8431372549019608,0.14705882352941177,0.00980392156862745,0.023758099352051837,0.1079913606911447,0.09503239740820735,0.06047516198704104,0.0,0.17062634989200864,0.0021598272138228943,0.012958963282937365,0.0,0.028077753779697623,0.0064794816414686825,0.02159827213822894,0.264,0.307,0.381,0.688,0.297,17.1,6.0,,,,,,,,,
44,J.P. Crawford,SEA,149,389.3726708,451,91.04037267199999,0.22049689441241685,0.753846153807625,0.23846153846728405,0.007692307692138707,0.018633540372505544,0.12732919254988914,0.09782608696230598,0.11645962733924611,0.0015527950310421288,0.17236024844789355,0.009316770186252772,0.006211180124168515,0.0031055900620842575,0.004658385093126386,0.0031055900620842575,0.0015527950310421288,0.255395683,0.347893916,0.379496403,0.727390319,0.297482838,17.23602484,11.64596273,392,451,70,0.17516629711751663,0.7428571428571429,0.22857142857142856,0.02857142857142857,0.019955654101995565,0.12195121951219512,0.082039911308204,0.11529933481152993,0.0,0.2261640798226164,0.013303769401330377,0.0022172949002217295,0.0,0.011086474501108648,0.0,0.011086474501108648,0.202,0.304,0.321,0.625,0.248,22.6,11.5,,,,,,,,,
45,Adolis Garcia,TEX,149,576.6630435,637,109.79347825,0.22360248445839875,0.7207207207683121,0.2612612612990061,0.018018018023761805,0.051242236028257455,0.1459627329199372,0.16304347833594976,0.07453416149136578,0.0,0.2857142857142857,0.010869565216640502,0.007763975155416013,0.0,0.020186335400313973,0.004658385092621664,0.015527950310832025,0.246998285,0.309486781,0.473413379,0.78290016,0.299191375,28.57142857,7.453416149,580,637,105,0.20408163265306123,0.7428571428571429,0.2571428571428571,0.0,0.03924646781789639,0.10675039246467818,0.13343799058084774,0.0706436420722135,0.0031397174254317113,0.2778649921507064,0.009419152276295133,0.009419152276295133,0.0,0.01726844583987441,0.007849293563579277,0.009419152276295133,0.224,0.284,0.4,0.684,0.273,27.8,7.1,,,,,,,,,
46,Bryan Reynolds,PIT,149,611.4099379,692,137.54037265,0.23291925462427746,0.742187499809715,0.22656250001079228,0.039062500002612875,0.03416149067919075,0.12732919254335262,0.1335403726734104,0.09627329192196532,0.0062111801242774566,0.21118012427745667,0.013975155278901735,0.0062111801242774566,0.0,0.012422360248554913,0.0031055900621387283,0.009316770186416185,0.263620387,0.343167702,0.449912127,0.793079828,0.308433735,21.11801242,9.627329193,622,692,147,0.24710982658959538,0.782312925170068,0.19727891156462585,0.02040816326530612,0.03468208092485549,0.10549132947976879,0.12716763005780346,0.08236994219653179,0.004335260115606936,0.2254335260115607,0.014450867052023121,0.004335260115606936,0.0,0.014450867052023121,0.002890173410404624,0.011560693641618497,0.275,0.344,0.447,0.791,0.33,22.5,8.2,,,,,,,,,
47,Anthony Santander,BAL,149,600.9782609,665,123.91304343,0.23291925458646617,0.7000000002340351,0.291666666797807,0.008333333339385966,0.04658385093233083,0.12888198757894737,0.14440993789473683,0.07763975154887218,0.0015527950315789474,0.21428571428571427,0.010869565218045113,0.00621118012481203,0.0,0.004658385093233083,0.0015527950315789474,0.0031055900616541354,0.257731959,0.32192846,0.475945017,0.797873478,0.28708134,21.42857143,7.763975155,595,665,96,0.21052631578947367,0.71875,0.2604166666666667,0.020833333333333332,0.06616541353383458,0.1368421052631579,0.15338345864661654,0.08721804511278196,0.004511278195488722,0.19398496240601504,0.010526315789473684,0.007518796992481203,0.0,0.0030075187969924814,0.0,0.0030075187969924814,0.235,0.308,0.506,0.814,0.225,19.4,8.7,,,,,,,,,
48,Jose Altuve,HOU,147,608.1255887,682,142.39560439000002,0.24646781788856306,0.7443609025296823,0.24812030077300057,0.007518796992269994,0.03767660910557185,0.16326530615835777,0.12715855573313783,0.0957613814809384,0.0015698587126099707,0.15541601260997068,0.009419152275659823,0.0031397174252199415,0.0,0.018838304545454546,0.0031397174252199415,0.015698587126099707,0.276408451,0.351648352,0.464788732,0.816437084,0.29753915,15.54160126,9.576138148,628,682,165,0.27126099706744866,0.8121212121212121,0.18787878787878787,0.0,0.02932551319648094,0.1378299120234604,0.09530791788856305,0.0689149560117302,0.002932551319648094,0.1744868035190616,0.010263929618768328,0.0,0.0,0.03225806451612903,0.010263929618768328,0.021994134897360705,0.295,0.35,0.439,0.79,0.337,17.4,6.9,,,,,,,,,
50,Jeremy Pena,HOU,147,595.9183673,650,131.63265302000002,0.229199372,0.7829457367568293,0.19379844966069346,0.015503875977413614,0.02668759812307692,0.12087912087692307,0.1098901098923077,0.0627943485076923,0.0,0.21036106753846154,0.010989010989230769,0.006279434850769231,0.0015698587123076921,0.018838304553846153,0.006279434850769231,0.012558869701538461,0.25,0.303937008,0.385273973,0.68921098,0.295194508,21.03610675,6.279434851,602,650,145,0.24615384615384617,0.7931034482758621,0.19310344827586207,0.013793103448275862,0.023076923076923078,0.12,0.1076923076923077,0.038461538461538464,0.0015384615384615385,0.17076923076923076,0.021538461538461538,0.009230769230769232,0.004615384615384616,0.03076923076923077,0.009230769230769232,0.021538461538461538,0.266,0.308,0.394,0.701,0.301,17.1,3.8,,,,,,,,,
51,Lane Thomas,WSN,147,478.266876,528,101.95290419,0.23076923068181818,0.7154471548359725,0.2601626017496187,0.024390243914639783,0.03767660910984849,0.13657770801136365,0.12715855573863638,0.07535321821969698,0.0,0.24489795909090908,0.009419152276515153,0.007849293564393938,0.0,0.02354788068181818,0.007849293564393938,0.01569858712689394,0.254766031,0.316037736,0.445407279,0.761445015,0.305970149,24.48979592,7.535321821,472,528,97,0.21212121212121213,0.7010309278350515,0.26804123711340205,0.030927835051546393,0.028409090909090908,0.12310606060606061,0.11931818181818182,0.08333333333333333,0.001893939393939394,0.25946969696969696,0.013257575757575758,0.00946969696969697,0.0,0.06060606060606061,0.026515151515151516,0.03409090909090909,0.237,0.309,0.4,0.709,0.298,25.9,8.3,,,,,,,,,
52,Nick Castellanos,PHI,147,609.3422292,659,131.38618521,0.23861852427921093,0.7244094489681241,0.26771653552296637,0.007874015752466339,0.03924646781487102,0.1208791208801214,0.1428571428528073,0.061224489802731416,0.0015698587132018209,0.2543171115326252,0.006279434851289833,0.007849293562974204,0.0,0.010989010989377846,0.0015698587132018209,0.009419152276176025,0.258064516,0.306122449,0.446519525,0.752641974,0.312039312,25.43171115,6.12244898,606,659,131,0.2336874051593323,0.7404580152671756,0.22900763358778625,0.030534351145038167,0.03490136570561457,0.12139605462822459,0.13050075872534142,0.0622154779969651,0.0030349013657056147,0.2109256449165402,0.015174506828528073,0.0030349013657056147,0.0,0.009104704097116844,0.0030349013657056147,0.006069802731411229,0.254,0.311,0.431,0.742,0.294,21.1,6.2,,,,,,,,,
54,Bryce Harper,PHI,146,528.8380952,631,118.18730155,0.2349206348652932,0.6864406781948394,0.30508474588317563,0.008474576277353037,0.047619047622820924,0.15396825396196515,0.14603174603803487,0.14444444443740095,0.01904761904912837,0.21269841267828843,0.007936507936608559,0.009523809524564185,0.0,0.02063492063391442,0.0063492063486529325,0.01428571428526149,0.28030303,0.387301587,0.522727273,0.91002886,0.318918919,21.26984127,14.44444444,550,631,127,0.24881141045958796,0.6692913385826772,0.33070866141732286,0.0,0.04754358161648178,0.1347068145800317,0.13787638668779714,0.12044374009508717,0.017432646592709985,0.21870047543581617,0.003169572107765452,0.003169572107765452,0.001584786053882726,0.011093502377179081,0.006339144215530904,0.004754358161648178,0.285,0.373,0.525,0.898,0.331,21.9,12.0,,,,,,,,,
56,Brandon Nimmo,NYM,146,572.4952381,663,133.65238090999998,0.22857142850678733,0.748031496328695,0.21259842523219893,0.03937007875335426,0.02698412698340875,0.13174603174962293,0.10634920634992459,0.11269841269984916,0.0,0.1984126983408748,0.017460317466063347,0.0031746031749622927,0.0031746031749622927,0.0047619047616892915,0.0047619047616892915,0.0,0.264705882,0.359872611,0.426470588,0.7863432,0.314356436,19.84126984,11.26984127,571,663,105,0.19306184012066366,0.7333333333333333,0.23809523809523808,0.02857142857142857,0.03469079939668175,0.13273001508295626,0.13574660633484162,0.11613876319758673,0.0015082956259426848,0.2383107088989442,0.01809954751131222,0.004524886877828055,0.0,0.02262443438914027,0.0,0.02262443438914027,0.224,0.327,0.399,0.727,0.267,23.8,11.6,,,,,,,,,
57,Yandy Diaz,TBR,146,540.1714286,621,138.00000004,0.2492063492753623,0.7785714280351966,0.22142857138509314,0.0,0.026984126988727857,0.13015873016103058,0.11746031745571658,0.11746031745571658,0.0015873015877616748,0.14603174603864735,0.009523809523349436,0.0031746031739130435,0.0,0.0015873015877616748,0.0015873015877616748,0.0,0.28649635,0.376190476,0.436131387,0.812321863,0.317460317,14.6031746,11.74603175,563,621,144,0.25442834138486314,0.7777777777777778,0.2152777777777778,0.006944444444444444,0.02254428341384863,0.08856682769726248,0.10466988727858294,0.08051529790660225,0.0,0.1529790660225443,0.00644122383252818,0.00644122383252818,0.0,0.0,0.0,0.0,0.281,0.341,0.414,0.755,0.314,15.3,8.1,,,,,,,,,
58,Ezequiel Tovar,COL,146,651.9761905,695,148.92857143999998,0.24285714287769783,0.711111111024567,0.2518518518463807,0.029629629629380944,0.028571428575539567,0.12698412697841727,0.12857142857553958,0.04761904762589929,0.0,0.24126984129496404,0.007936507936690648,0.0031746031741007193,0.0015873015870503597,0.01904761905035971,0.006349206349640288,0.012698412697841726,0.258883249,0.299363057,0.41962775,0.718990807,0.319148936,24.12698413,4.761904762,655,695,150,0.25323741007194245,0.6733333333333333,0.3,0.02666666666666667,0.03741007194244604,0.11942446043165468,0.11223021582733812,0.033093525179856115,0.0014388489208633094,0.28776978417266186,0.0057553956834532375,0.010071942446043165,0.007194244604316547,0.008633093525179856,0.007194244604316547,0.0014388489208633094,0.269,0.295,0.469,0.763,0.344,28.8,3.3,,,,,,,,,
59,Ty France,SEA,146,474.7063492,535,112.94444446,0.23492063495327103,0.774436090134362,0.22556390977709892,0.007518796989618661,0.023809523813084113,0.11746031745794393,0.11111111110280374,0.0634920634953271,0.0015873015869158878,0.16825396826168224,0.04285714285981309,0.0063492063495327105,0.0,0.0015873015869158878,0.0015873015869158878,0.0,0.264758497,0.341269841,0.404293381,0.745563222,0.300904977,16.82539683,6.349206349,479,535,99,0.20934579439252338,0.7575757575757576,0.24242424242424243,0.0,0.024299065420560748,0.08598130841121496,0.09532710280373832,0.07102803738317758,0.0,0.2130841121495327,0.024299065420560748,0.009345794392523364,0.0,0.001869158878504673,0.001869158878504673,0.0,0.234,0.305,0.365,0.67,0.277,21.3,7.1,,,,,,,,,
60,Rhys Hoskins,MIL,146,443.1428571,517,82.06349204,0.20158730154738877,0.6600000001657254,0.34000000007798836,0.010000000007311412,0.04285714286266925,0.12698412698259187,0.13333333332688588,0.12539682539651836,0.001587301588007737,0.25555555551257253,0.01111111111025145,0.006349206350096712,0.0,0.003174603174081238,0.001587301588007737,0.001587301588007737,0.235185185,0.338095238,0.453703704,0.791798942,0.280898876,25.55555556,12.53968254,449,517,70,0.18568665377176016,0.8,0.2,0.0,0.05029013539651837,0.11411992263056092,0.15860735009671179,0.10251450676982592,0.0019342359767891683,0.28820116054158607,0.013539651837524178,0.01160541586073501,0.0,0.005802707930367505,0.0,0.005802707930367505,0.214,0.303,0.419,0.722,0.25,28.8,10.3,,,,,,,,,
61,Andrew Vaughn,CHW,146,560.047619,619,122.81746034000001,0.23809523812600972,0.7439999998944775,0.23999999998697252,0.008000000002279807,0.03968253967689823,0.10793650793214862,0.13809523809369953,0.07142857142164781,0.0,0.18412698416801293,0.015873015872374798,0.006349206348949919,0.0,0.0,0.0015873015880452344,-0.0015873015880452344,0.263157895,0.325914149,0.449122807,0.775036956,0.288683603,18.41269841,7.142857143,570,619,121,0.22617124394184168,0.743801652892562,0.24793388429752067,0.008264462809917356,0.030694668820678513,0.0888529886914378,0.11308562197092084,0.061389337641357025,0.0,0.21324717285945072,0.009693053311793215,0.008077544426494346,0.0,0.0032310177705977385,0.0,0.0032310177705977385,0.246,0.297,0.402,0.699,0.285,21.3,6.1,,,,,,,,,
62,Matt Chapman,SFG,144,560.8025682,647,110.08346710999999,0.20866773678516226,0.6981132074374761,0.2735849056235271,0.028301886784568592,0.03852327448222566,0.12680577848531685,0.11235955055641421,0.11235955055641421,0.0016051364358578054,0.27608346707882536,0.012841091493044821,0.008025682182380216,0.0,0.00481540930911901,0.0032102728732612052,0.0016051364358578054,0.240740741,0.333868379,0.438888889,0.772757268,0.303724928,27.60834671,11.23595506,575,647,115,0.21947449768160743,0.6434782608695652,0.3391304347826087,0.017391304347826087,0.04173106646058733,0.15146831530139104,0.1205564142194745,0.09891808346213292,0.00463678516228748,0.24420401854714066,0.00927357032457496,0.0030911901081916537,0.0,0.023183925811437404,0.0030911901081916537,0.02009273570324575,0.247,0.328,0.463,0.79,0.293,24.4,9.9,,,,,,,,,
63,George Springer,TOR,144,548.953451,614,117.28089883999999,0.22792937394136806,0.7647058826037217,0.21008403366360148,0.01680672269308812,0.03691813804560261,0.13643659711726386,0.12680577848534202,0.08988764045602606,0.0016051364364820847,0.18940609951140067,0.011235955055374593,0.004815409309446254,0.0,0.02086677368078176,0.004815409309446254,0.01605136436644951,0.254937163,0.32905297,0.429084381,0.75813735,0.284009547,18.94060995,8.988764045,545,614,101,0.19543973941368079,0.7821782178217822,0.18811881188118812,0.0297029702970297,0.030944625407166124,0.12052117263843648,0.09120521172638436,0.09771986970684039,0.0,0.18729641693811075,0.009771986970684038,0.003257328990228013,0.0,0.026058631921824105,0.0016286644951140066,0.024429967426710098,0.22,0.303,0.371,0.674,0.245,18.7,9.8,,,,,,,,,
64,Jeff McNeil,NYM,144,426.5425361,472,112.12841091899999,0.25361155699152543,0.7770270270122636,0.2094594594492757,0.013513513511705742,0.016051364366525423,0.1123595505720339,0.0995184590677966,0.06420545745762712,0.001605136436440678,0.10754414125,0.024077046546610168,0.004815409309322035,0.001605136436440678,0.01123595505720339,0.001605136436440678,0.00963081861864407,0.280639432,0.342995169,0.396092362,0.739087531,0.302658487,10.75441413,6.420545746,424,472,89,0.21398305084745764,0.7078651685393258,0.29213483146067415,0.0,0.025423728813559324,0.12076271186440678,0.09322033898305085,0.07415254237288135,0.00211864406779661,0.1440677966101695,0.019067796610169493,0.006355932203389831,0.00211864406779661,0.01059322033898305,0.00211864406779661,0.00847457627118644,0.238,0.308,0.384,0.692,0.256,14.4,7.4,,,,,,,,,
65,Cody Bellinger,CHC,144,509.6340289,569,115.99197429000002,0.23916532899824255,0.7637795277844304,0.2125984252871363,0.0157480315011543,0.03531300159929701,0.14767255216168718,0.13483146066783833,0.08025682182776801,0.008025682182776802,0.16853932583479792,0.008025682182776802,0.016051364365553603,0.0,0.025682182987697717,0.008025682182776802,0.017656500808435855,0.26702509,0.327447833,0.4390681,0.766515933,0.287981859,16.85393258,8.025682183,516,569,119,0.24077328646748683,0.7815126050420168,0.19327731092436976,0.025210084033613446,0.03163444639718805,0.1265377855887522,0.13708260105448156,0.07908611599297012,0.012302284710017574,0.15641476274165203,0.005272407732864675,0.008787346221441126,0.0,0.015817223198594025,0.0035149384885764497,0.012302284710017574,0.266,0.325,0.426,0.751,0.287,15.6,7.9,,,,,,,,,
66,Gunnar Henderson,BAL,143,630.2922078,719,135.39610389,0.22889610389429763,0.7155172413875874,0.224137931063771,0.06034482758557019,0.040584415591098745,0.16071428567454799,0.14610389610570237,0.10551948051460362,0.0016233766230876216,0.24675324673157162,0.009740259739916551,0.008116883116828929,0.0,0.019480519485396385,0.006493506493741307,0.012987012987482614,0.261111111,0.344155844,0.474074074,0.818229918,0.315217391,24.67532468,10.55194805,630,719,140,0.24617524339360222,0.7285714285714285,0.22142857142857142,0.05,0.05146036161335188,0.16411682892906815,0.12795549374130738,0.10848400556328233,0.0013908205841446453,0.2211404728789986,0.009735744089012517,0.005563282336578581,0.0,0.02920723226703755,0.005563282336578581,0.02364394993045897,0.281,0.364,0.529,0.893,0.32,22.1,10.8,,,,,,,,,
67,Ha-Seong Kim,SDP,143,412.012987,470,90.03246751,0.21590909085106383,0.7627118646100962,0.22033898313179753,0.016949152546891024,0.024350649340425534,0.11363636363829788,0.10389610389361703,0.10064935065957448,0.0016233766234042555,0.19318181819148936,0.009740259740425533,0.006493506493617022,0.006493506493617022,0.04220779221276596,0.009740259740425533,0.032467532468085106,0.246296296,0.328431373,0.385185185,0.713616558,0.287804878,19.31818182,10.06493506,403,470,83,0.2,0.7710843373493976,0.1927710843373494,0.03614457831325301,0.023404255319148935,0.1276595744680851,0.1,0.12340425531914893,0.00851063829787234,0.16382978723404254,0.00425531914893617,0.006382978723404255,0.00851063829787234,0.04680851063829787,0.010638297872340425,0.036170212765957444,0.233,0.33,0.37,0.7,0.261,16.4,12.3,,,,,,,,,
68,Anthony Volpe,NYY,143,612.9415584,689,115.20616883,0.19967532467343976,0.6504854368569666,0.3106796116344736,0.03883495145647923,0.032467532467343976,0.11850649351233672,0.12337662338171262,0.08766233766328012,0.0,0.2548701298984035,0.014610389608127721,0.006493506493468795,0.0016233766240928882,0.03896103895500726,0.008116883117561683,0.030844155849056608,0.224452555,0.302439024,0.406934307,0.709373331,0.274666667,25.48701299,8.766233766,637,689,143,0.22496371552975328,0.7622377622377622,0.1888111888111888,0.04895104895104895,0.01741654571843251,0.13062409288824384,0.08708272859216255,0.06095791001451379,0.001451378809869376,0.22641509433962265,0.005805515239477504,0.0043541364296081275,0.002902757619738752,0.040638606676342524,0.010159651669085631,0.030478955007256895,0.243,0.293,0.364,0.657,0.303,22.6,6.1,,,,,,,,,
69,Riley Greene,DET,143,526.1688312,584,123.24675329,0.2418831169520548,0.7538461535890087,0.19999999993508955,0.04615384613512199,0.030844155839041095,0.13149350648972605,0.11201298702054795,0.08928571428082191,0.0,0.2613636363013699,0.006493506493150685,0.0032467532465753424,0.0,0.01461038960958904,0.0016233766232876712,0.01298701298630137,0.268468469,0.337662338,0.43963964,0.777301977,0.344827586,26.13636364,8.928571429,512,584,110,0.22945205479452055,0.7,0.24545454545454545,0.05454545454545454,0.0410958904109589,0.1404109589041096,0.1267123287671233,0.1095890410958904,0.005136986301369863,0.2671232876712329,0.008561643835616438,0.003424657534246575,0.0,0.00684931506849315,0.003424657534246575,0.003424657534246575,0.262,0.348,0.479,0.827,0.329,26.7,11.0,,,,,,,,,
71,Triston Casas,BOS,143,207.1022727,243,44.18181818,0.22564935065843622,0.7321428572317755,0.24107142867247208,0.017857142858759553,0.04383116884773663,0.13311688312757203,0.14123376621399175,0.13798701300411523,0.0032467532469135805,0.23701298699588477,0.0032467532469135805,0.006493506493827161,0.0,0.0016233766213991768,0.0016233766213991768,0.0,0.264761905,0.366883117,0.476190476,0.843073593,0.314606742,23.7012987,13.7987013,212,243,38,0.20987654320987653,0.7894736842105263,0.21052631578947367,0.0,0.053497942386831275,0.11522633744855967,0.13168724279835392,0.12345679012345678,0.01646090534979424,0.3168724279835391,0.00411522633744856,0.0,0.0,0.0,0.00411522633744856,-0.00411522633744856,0.241,0.337,0.462,0.8,0.311,31.7,12.3,,,,,,,,,
72,Jake Cronenworth,SDP,143,578.2597403,656,127.79220783000001,0.2191558442073171,0.6916666664651676,0.266666666604065,0.04166666665688516,0.024350649344512195,0.12662337661585366,0.11363636364329269,0.08928571428353659,0.004870129870426829,0.17694805198170732,0.019480519481707315,0.00811688311737805,0.0016233766234756098,0.00811688311737805,0.0016233766234756098,0.006493506493902439,0.248618785,0.328455285,0.408839779,0.737295064,0.283018868,17.69480519,8.928571429,577,656,122,0.21189024390243902,0.7377049180327869,0.23770491803278687,0.02459016393442623,0.025914634146341462,0.10975609756097561,0.12652439024390244,0.09298780487804878,0.0,0.1798780487804878,0.01676829268292683,0.004573170731707317,0.001524390243902439,0.007621951219512195,0.003048780487804878,0.004573170731707317,0.241,0.324,0.39,0.714,0.274,18.0,9.3,,,,,,,,,
73,Luis Arraez,MIA,143,614.1818182,672,186.545454564,0.2889610389880953,0.8128654968002804,0.16374269006656747,0.023391812865120893,0.011363636363095238,0.1233766233779762,0.09740259739583333,0.07467532467261905,0.009740259739583333,0.06493506494047618,0.004870129870535715,0.00649350649404762,0.0,0.004870129870535715,0.00324675324702381,0.001623376623511905,0.31616341,0.368506494,0.41740675,0.785913243,0.328846154,6.493506494,7.467532468,637,672,196,0.2976190476190476,0.8214285714285714,0.16326530612244897,0.015306122448979591,0.005952380952380952,0.12351190476190477,0.06845238095238096,0.03571428571428571,0.004464285714285714,0.043154761904761904,0.011904761904761904,0.001488095238095238,0.002976190476190476,0.013392857142857142,0.004464285714285714,0.008928571428571428,0.314,0.346,0.392,0.739,0.324,4.3,3.6,,,,,,,,,
74,Alec Bohm,PHI,143,549.9253247,606,134.77597398999998,0.24675324669966997,0.7737226280979222,0.21167883217907066,0.007299270076675482,0.024350649356435643,0.11850649349834982,0.12824675325082507,0.07142857143564357,0.0016233766237623761,0.16883116881188118,0.008116883117161716,0.011363636363036302,0.0,0.004870129869636963,0.0032467532475247522,0.0016233766237623761,0.271914132,0.326829268,0.40608229,0.732911558,0.306487696,16.88311688,7.142857143,554,606,140,0.25577557755775576,0.6714285714285714,0.3142857142857143,0.014285714285714285,0.024752475247524754,0.10231023102310231,0.16006600660066006,0.066006600660066,0.0033003300330033004,0.1419141914191419,0.009900990099009901,0.009900990099009901,0.0,0.00825082508250825,0.0033003300330033004,0.0049504950495049506,0.28,0.332,0.448,0.779,0.305,14.2,6.6,,,,,,,,,
75,Marcell Ozuna,ATL,143,617.6363636,688,122.85714288999999,0.22727272732558138,0.7545454543330867,0.2454545454227273,0.0,0.04870129870639535,0.12175324675872093,0.1542207792151163,0.09415584415697675,0.0016233766235465117,0.23051948052325583,0.0032467532470930234,0.0032467532470930234,0.0,0.0016233766235465117,0.0016233766235465117,0.0,0.253164557,0.325203252,0.464737794,0.789941046,0.287206266,23.05194805,9.415584416,606,688,144,0.26598837209302323,0.7847222222222222,0.2152777777777778,0.0,0.056686046511627904,0.13953488372093023,0.1511627906976744,0.10755813953488372,0.0029069767441860465,0.24709302325581395,0.00436046511627907,0.005813953488372093,0.0,0.0014534883720930232,0.0,0.0014534883720930232,0.302,0.378,0.546,0.925,0.359,24.7,10.8,,,,,,,,,
76,Jorge Soler,SFG,143,499.4545455,574,88.52272723,0.2012987012195122,0.7368421056496182,0.2736842106892237,0.0,0.047077922073170735,0.11850649350174217,0.14123376623693382,0.11201298702090592,0.0032467532473867597,0.256493506445993,0.011363636364111498,0.008116883116724738,0.0,0.0016233766236933799,0.0,0.0016233766236933799,0.231343283,0.324149109,0.444029851,0.768178959,0.268361582,25.64935065,11.2012987,493,574,98,0.2073170731707317,0.6428571428571429,0.3469387755102041,0.01020408163265306,0.036585365853658534,0.14634146341463414,0.11149825783972125,0.11846689895470383,0.0,0.2456445993031359,0.010452961672473868,0.006968641114982578,0.0,0.0017421602787456446,0.0,0.0017421602787456446,0.241,0.338,0.442,0.78,0.293,24.6,11.8,,,,,,,,,
78,Josh Bell,MIA,143,530.5616883,603,118.44642851999998,0.228896103814262,0.7603305788556841,0.23140495878583545,0.008264462814382883,0.032467532470978444,0.10227272728026535,0.1185064934991708,0.10714285714759535,0.003246753247097844,0.20129870132669983,0.004870129870646766,0.006493506494195688,0.0,0.0,0.001623376623548922,-0.001623376623548922,0.260147601,0.341463415,0.426199262,0.767662677,0.300995025,20.12987013,10.71428571,538,603,115,0.2222222222222222,0.782608695652174,0.2,0.017391304347826087,0.03150912106135987,0.10281923714759536,0.11774461028192372,0.0845771144278607,0.001658374792703151,0.19900497512437812,0.009950248756218905,0.004975124378109453,0.0,0.0,0.001658374792703151,-0.001658374792703151,0.249,0.319,0.405,0.725,0.286,19.9,8.5,,,,,,,,,
79,Yordan Alvarez,HOU,141,541.1576355,635,120.95238097000001,0.2545155993700788,0.7068965516371843,0.27586206895981535,0.01724137930378767,0.06403940886614173,0.16256157637795277,0.19211822661417322,0.1231527093543307,0.013136288998425196,0.19704433496062992,0.01642036124409449,0.008210180623622047,0.0,0.0016420361244094486,0.0016420361244094486,0.0,0.298651252,0.39408867,0.59344894,0.98753761,0.317808219,19.7044335,12.31527094,552,635,135,0.2677165354330709,0.7333333333333333,0.2518518518518518,0.014814814814814815,0.05511811023622047,0.13858267716535433,0.13543307086614173,0.10866141732283464,0.025196850393700787,0.14960629921259844,0.015748031496062992,0.006299212598425197,0.0,0.009448818897637795,0.0,0.009448818897637795,0.308,0.392,0.567,0.959,0.317,15.0,10.9,,,,,,,,,
80,Cedric Mullins,BAL,141,449.8374384,499,101.60262723,0.23316912965931863,0.7338709679348122,0.23387096778717817,0.03225806452406634,0.029556650240480962,0.12315270935871744,0.11986863711422846,0.07881773398797595,0.0032840722505010017,0.1986863711022044,0.008210180623246492,0.006568144498997995,0.0032840722505010017,0.0410509031262525,0.009852216749498998,0.031198686372745494,0.258652095,0.321782178,0.424408015,0.746190193,0.299516908,19.86863711,7.881773399,444,499,86,0.20841683366733466,0.7790697674418605,0.18604651162790697,0.03488372093023256,0.036072144288577156,0.13827655310621242,0.10821643286573146,0.08216432865731463,0.0,0.1963927855711423,0.01002004008016032,0.004008016032064128,0.004008016032064128,0.06412825651302605,0.012024048096192385,0.052104208416833664,0.234,0.305,0.405,0.71,0.261,19.6,8.2,,,,,,,,,
81,Zach Neto,LAA,141,520.9425287,602,106.75862066,0.213464696179402,0.7407407409454254,0.25925925933558236,0.0,0.036124794750830566,0.13957307061461796,0.12807881774086377,0.07717569785714286,0.0032840722491694354,0.23481116578073088,0.04597701149501661,0.008210180624584718,0.0032840722491694354,0.016420361247508303,0.0032840722491694354,0.01313628899833887,0.246679317,0.337726524,0.425047438,0.762773962,0.294277929,23.48111658,7.717569787,542,602,112,0.22425249169435216,0.6875,0.30357142857142855,0.008928571428571428,0.03820598006644518,0.11627906976744186,0.12790697674418605,0.06478405315614617,0.0016611295681063123,0.23255813953488372,0.026578073089700997,0.0016611295681063123,0.006644518272425249,0.04983388704318937,0.016611295681063124,0.03322259136212625,0.249,0.318,0.443,0.761,0.295,23.3,6.5,,,,,,,,,
82,Ke'Bryan Hayes,PIT,141,363.4876847,396,84.5320197,0.23481116583333334,0.7153846153755155,0.24615384612654653,0.038461538462448444,0.021346469621212123,0.11822660098484848,0.10837438424242425,0.0738916256060606,0.0016420361237373738,0.2003284072222222,0.0032840722499999997,0.0032840722499999997,0.0,0.021346469621212123,0.008210180623737373,0.013136288997474748,0.255813953,0.3125,0.400715564,0.713215564,0.305164319,20.03284072,7.389162562,365,396,81,0.21464646464646464,0.8888888888888888,0.1111111111111111,0.0,0.010101010101010102,0.09595959595959595,0.06313131313131314,0.05808080808080808,0.0025252525252525255,0.1893939393939394,0.010101010101010102,0.010101010101010102,0.0,0.027777777777777776,0.005050505050505051,0.022727272727272728,0.233,0.283,0.29,0.573,0.279,18.9,5.8,,,,,,,,,
83,Jake Burger,MIA,141,529.5615764,579,103.6305419,0.22988505751295335,0.6972477062768307,0.2844036696096829,0.01834862385294542,0.05090311986183074,0.1231527093609672,0.13957307060449048,0.05911330050086356,0.0,0.26436781606217613,0.019704433506044908,0.008210180623488774,0.0,0.0016420361243523317,0.0016420361243523317,0.0,0.251346499,0.308196721,0.481149013,0.789345734,0.294594595,26.43678161,5.911330049,535,579,105,0.231433506044905,0.7714285714285715,0.21904761904761905,0.009523809523809525,0.05008635578583765,0.11744386873920552,0.13126079447322972,0.0535405872193437,0.0034542314335060447,0.25906735751295334,0.015544041450777202,0.0069084628670120895,0.0,0.0017271157167530224,0.0017271157167530224,0.0,0.25,0.301,0.46,0.76,0.292,25.9,5.4,,,,,,,,,
84,CJ Abrams,WSN,141,552.5747126,602,122.57471265,0.22988505747508306,0.7338709677162764,0.2338709677570678,0.03225806451849757,0.026272577990033224,0.13793103448504984,0.1116584564784053,0.049261083737541525,0.0016420361245847177,0.18390804601328903,0.022988505747508305,0.004926108373754153,0.004926108373754153,0.06403940887043189,0.008210180624584718,0.05582922823920265,0.250447227,0.303630363,0.402504472,0.706134835,0.285714286,18.3908046,4.926108374,541,602,113,0.22093023255813954,0.6902654867256637,0.25663716814159293,0.05309734513274336,0.03322259136212625,0.13122923588039867,0.1079734219269103,0.0664451827242525,0.0049833887043189366,0.21262458471760798,0.026578073089700997,0.006644518272425249,0.0016611295681063123,0.05149501661129568,0.019933554817275746,0.03156146179401993,0.246,0.314,0.433,0.747,0.285,21.3,6.6,,,,,,,,,
85,Eugenio Suarez,ARI,141,554.8768473,640,102.98850576000001,0.19704433500000001,0.7244897958212692,0.26530612244897955,0.01020408163265306,0.03612479475,0.10509031198437499,0.121510673234375,0.10509031198437499,0.0,0.2955665025,0.01642036125,0.0114942528734375,0.0,0.001642036125,0.001642036125,0.0,0.227272727,0.318555008,0.40530303,0.723858039,0.294294294,29.55665025,10.5090312,571,640,116,0.228125,0.7413793103448276,0.2413793103448276,0.017241379310344827,0.046875,0.140625,0.1578125,0.0765625,0.0,0.275,0.0140625,0.0171875,0.0,0.003125,0.0015625,0.0015625,0.256,0.319,0.469,0.788,0.309,27.5,7.7,,,,,,,,,
86,Eloy Jimenez,CHW,141,320.3464696,349,73.92610838,0.25615763547277937,0.7906976743525425,0.21705426352919027,0.0,0.04433497535816619,0.11001642037249285,0.14778325123209168,0.07060755335243553,0.0016420361260744984,0.20689655171919769,0.004926108375358166,0.006568144498567336,0.0,0.0,0.0016420361260744984,-0.0016420361260744984,0.279069767,0.331691297,0.475849732,0.807541029,0.314634146,20.68965517,7.060755337,324,349,71,0.22063037249283668,0.8028169014084507,0.19718309859154928,0.0,0.017191977077363897,0.07163323782234957,0.0659025787965616,0.06303724928366762,0.0028653295128939827,0.20057306590257878,0.0057306590257879654,0.0028653295128939827,0.0,0.008595988538681949,0.0,0.008595988538681949,0.238,0.289,0.336,0.626,0.285,20.1,6.3,,,,,,,,,
87,William Contreras,MIL,149,602.4295191,679,137.37645103,0.23714759528718704,0.7540983612786522,0.2377049180930497,0.0081967213125494,0.03482587064801178,0.12935323382916053,0.12603648424153166,0.09950248755522828,0.0033167495846833576,0.22553897187039765,0.0066334991708394695,0.0033167495846833576,0.0016583747923416788,0.0049751243784977904,0.0016583747923416788,0.0033167495846833576,0.26728972,0.344425957,0.442990654,0.787416611,0.321052632,22.55389718,9.950248756,595,679,144,0.24594992636229748,0.7291666666666666,0.2569444444444444,0.013888888888888888,0.033873343151693665,0.14580265095729014,0.13549337260677466,0.11487481590574374,0.007363770250368188,0.20471281296023564,0.004418262150220913,0.004418262150220913,0.0,0.013254786450662739,0.0029455081001472753,0.010309278350515464,0.281,0.365,0.466,0.831,0.33,20.5,11.5,,,,,,,,,
88,Nolan Jones,COL,139,258.0249169,297,59.696013289999996,0.24086378737373737,0.7107438016653524,0.2644628099921143,0.02479338842629101,0.03986710962962963,0.13953488373737374,0.15282392026936029,0.11794019932659933,0.003322259134680135,0.280730897003367,0.008305647841750842,0.003322259134680135,0.0,0.02491694352188552,0.003322259134680135,0.021594684383838384,0.277246654,0.367720466,0.487571702,0.855292168,0.364457831,28.0730897,11.79401993,256,297,55,0.19528619528619529,0.7454545454545455,0.23636363636363636,0.01818181818181818,0.010101010101010102,0.09427609427609428,0.09427609427609428,0.12121212121212122,0.006734006734006734,0.3063973063973064,0.003367003367003367,0.010101010101010102,0.003367003367003367,0.016835016835016835,0.013468013468013467,0.003367003367003367,0.227,0.321,0.32,0.641,0.333,30.6,12.1,,,,,,,,,
89,Jorge Polanco,SEA,139,417.5813953,469,83.36046515000001,0.21594684392324096,0.75700934545469,0.23364485976599664,0.009345794383442208,0.03820598006396588,0.1245847176119403,0.12624584718550105,0.09302325582089552,0.0,0.232558139445629,0.006644518272921109,0.008305647840085287,0.001661129567164179,0.011627906976545841,0.0033222591364605544,0.008305647840085287,0.242537314,0.316139767,0.421641791,0.737781558,0.283068783,23.25581395,9.302325581,417,469,73,0.18976545842217485,0.8493150684931506,0.1506849315068493,0.0,0.03411513859275053,0.09168443496801706,0.09594882729211088,0.09808102345415778,0.006396588486140725,0.2921108742004264,0.008528784648187633,0.0042643923240938165,0.0,0.008528784648187633,0.0042643923240938165,0.0042643923240938165,0.213,0.296,0.355,0.651,0.274,29.2,9.8,,,,,,,,,
90,Zack Gelof,OAK,139,493.3903654,547,100.85880395000001,0.21262458464351006,0.711711712004691,0.2612612613675556,0.018018018029451358,0.02823920265082267,0.1229235880438757,0.11794019934186473,0.08803986711151737,0.0016611295685557586,0.29401993363802564,0.0049833887038391225,0.0016611295685557586,0.0016611295685557586,0.038205980073126145,0.006644518272394881,0.031561461791590494,0.23572744,0.306666667,0.388581952,0.695248619,0.317142857,29.40199336,8.803986711,497,547,88,0.19195612431444242,0.75,0.22727272727272727,0.022727272727272728,0.031078610603290677,0.10968921389396709,0.08957952468007313,0.06946983546617916,0.0,0.3436928702010969,0.007312614259597806,0.009140767824497258,0.005484460694698354,0.04570383912248629,0.005484460694698354,0.04021937842778794,0.211,0.27,0.362,0.632,0.296,34.4,6.9,,,,,,,,,
91,Thairo Estrada,SFG,139,352.5199336,381,83.541528244,0.2425249169553806,0.7727272727338017,0.21212121207840995,0.015151515151877881,0.023255813952755906,0.12292358803149607,0.11295681062992126,0.051495016614173224,0.0016611295669291338,0.20099667774278218,0.019933554816272965,0.0033222591364829397,0.0,0.0315614617847769,0.009966777409448818,0.021594684385826773,0.262118492,0.313953488,0.39497307,0.708926558,0.311320755,20.09966777,5.149501661,364,381,70,0.2073490813648294,0.7571428571428571,0.21428571428571427,0.02857142857142857,0.023622047244094488,0.11286089238845144,0.12335958005249344,0.026246719160104987,0.0,0.1994750656167979,0.013123359580052493,0.005249343832020997,0.0,0.005249343832020997,0.005249343832020997,0.0,0.217,0.247,0.343,0.59,0.249,19.9,2.6,,,,,,,,,
92,Teoscar Hernandez,LAD,139,601.0963455,652,126.71760792999999,0.24252491687116562,0.7692307695221501,0.2136752137473844,0.008547008546738752,0.04817275746932515,0.12624584717791412,0.174418604601227,0.059800664447852765,0.0016611295674846627,0.28239202653374235,0.011627906976993865,0.006644518273006135,0.0,0.013289036544478529,0.00498338870398773,0.008305647840490798,0.263063063,0.313953488,0.466666667,0.780620155,0.325,28.23920266,5.980066445,589,652,127,0.24539877300613497,0.7322834645669292,0.25196850393700787,0.015748031496062992,0.05061349693251534,0.12883435582822086,0.15184049079754602,0.08128834355828221,0.004601226993865031,0.2883435582822086,0.012269938650306749,0.0015337423312883436,0.0,0.018404907975460124,0.004601226993865031,0.013803680981595092,0.272,0.339,0.501,0.84,0.344,28.8,8.1,,,,,,,,,
93,Adley Rutschman,BAL,149,548.68,638,125.47333337,0.22833333338557993,0.6949152540076492,0.29661016943141405,0.008474576266053337,0.03166666666144201,0.13333333333855799,0.12000000000000001,0.125,0.005,0.151666666661442,0.008333333333855799,0.0066666666661442,0.0,0.0033333333338557993,0.0016666666661442008,0.0016666666661442008,0.265503876,0.361666667,0.447674419,0.809341085,0.287804878,15.16666667,12.5,571,638,124,0.22413793103448276,0.8225806451612904,0.1693548387096774,0.008064516129032258,0.029780564263322883,0.10658307210031348,0.1238244514106583,0.09090909090909091,0.004702194357366771,0.1614420062695925,0.003134796238244514,0.0109717868338558,0.0,0.001567398119122257,0.0,0.001567398119122257,0.25,0.318,0.391,0.709,0.272,16.1,9.1,,,,,,,,,
94,Royce Lewis,MIN,138,295.5042017,325,66.09243697,0.24369747898461538,0.7190082644640604,0.2561983471374486,0.024793388428751718,0.04033613446153846,0.14621848738461538,0.1579831932923077,0.07731092436923076,0.0,0.23529411766153846,0.008403361344615385,0.005042016806153846,0.0,0.025210084033846152,0.006722689076923077,0.018487394956923076,0.268022181,0.329411765,0.469500924,0.798912689,0.318421053,23.52941176,7.731092437,292,325,52,0.20923076923076922,0.6923076923076923,0.3076923076923077,0.0,0.04923076923076923,0.12307692307692308,0.14461538461538462,0.08615384615384615,0.006153846153846154,0.2276923076923077,0.0,0.015384615384615385,0.0,0.0,0.0,0.0,0.233,0.295,0.452,0.747,0.251,22.8,8.6,,,,,,,,,
95,Carlos Correa,MIN,138,325.6739496,367,72.78319327,0.2336134453678474,0.7372881356130144,0.24576271191680296,0.00847457627630962,0.03529411765667575,0.12100840335149864,0.12436974790190736,0.09915966386920982,0.0033613445367847413,0.20840336133514986,0.006722689076294279,0.006722689076294279,0.0,0.0,0.0016806722697547682,-0.0016806722697547682,0.263257576,0.339495798,0.439393939,0.778889738,0.304909561,20.84033613,9.915966387,319,367,85,0.26975476839237056,0.7411764705882353,0.23529411764705882,0.023529411764705882,0.03814713896457766,0.14986376021798364,0.14713896457765668,0.10899182561307902,0.010899182561307902,0.16621253405994552,0.008174386920980926,0.010899182561307902,0.0,0.0,0.0,0.0,0.31,0.388,0.517,0.905,0.343,16.6,10.9,,,,,,,,,
97,Jazz Chisholm Jr.,MIA,138,561.5092437,621,112.71932775,0.22521008405797102,0.749999999889105,0.21296296295556996,0.03703703703112264,0.04369747898550724,0.1411764705958132,0.1394957983252818,0.07899159663446055,0.0,0.27731092431561993,0.00672268907568438,0.00672268907568438,0.001680672268921095,0.04705882352657005,0.01344537815136876,0.033613445378421904,0.249070632,0.311973019,0.451672862,0.763645881,0.307692308,27.73109244,7.899159664,562,621,120,0.2318840579710145,0.7916666666666666,0.175,0.03333333333333333,0.03864734299516908,0.11916264090177134,0.11755233494363929,0.0853462157809984,0.008051529790660225,0.24476650563607086,0.00644122383252818,0.00322061191626409,0.0,0.0644122383252818,0.01610305958132045,0.04830917874396135,0.256,0.324,0.436,0.76,0.309,24.5,8.5,,,,,,,,,
98,Daulton Varsho,TOR,138,464.7176471,513,88.805042,0.21848739493177388,0.7087378642307269,0.25242718448351165,0.029126213599448555,0.045378151267056535,0.1327731092397661,0.14285714286549708,0.07731092436647173,0.001680672269005848,0.22857142865497077,0.006722689076023392,0.005042016807017544,0.003361344538011696,0.02352941177387914,0.008403361345029241,0.015126050421052632,0.241187384,0.304054054,0.448979592,0.753033646,0.27176781,22.85714286,7.731092437,459,513,80,0.19103313840155944,0.65,0.2625,0.0875,0.03508771929824561,0.14230019493177387,0.11306042884990253,0.0935672514619883,0.001949317738791423,0.26705653021442494,0.007797270955165692,0.001949317738791423,0.001949317738791423,0.01949317738791423,0.003898635477582846,0.015594541910331383,0.214,0.293,0.407,0.7,0.262,26.7,9.4,,,,,,,,,
99,Andrew Benintendi,CHW,138,464.9747899,522,119.31428575599999,0.24537815134099614,0.749999999773707,0.22794117642892864,0.022058823520784032,0.016806722689655173,0.12941176471264368,0.10252100840996169,0.0957983193295019,0.00504201680651341,0.14789915965517242,0.0033613445383141763,0.008403361344827586,0.0016806722681992337,0.02184873950191571,0.0033613445383141763,0.018487394957854408,0.275471698,0.345117845,0.401886792,0.747004638,0.311212815,14.78991597,9.579831933,477,522,89,0.20881226053639848,0.7752808988764045,0.2247191011235955,0.0,0.038314176245210725,0.09578544061302682,0.12260536398467432,0.07854406130268199,0.0019157088122605363,0.1839080459770115,0.0019157088122605363,0.005747126436781609,0.0,0.005747126436781609,0.0038314176245210726,0.0019157088122605363,0.229,0.289,0.396,0.685,0.245,18.4,7.9,,,,,,,,,
100,DJ LeMahieu,NYY,136,202.4081633,228,47.306122446,0.22789115644736843,0.8114754098440359,0.17213114755484518,0.01639344262225774,0.020408163263157895,0.11394557824561403,0.09523809521929824,0.10034013605263158,0.0017006802719298246,0.1836734693859649,0.005102040815789474,0.005102040815789474,0.0,0.005102040815789474,0.003401360543859649,0.0017006802719298246,0.256704981,0.333901193,0.373563218,0.707464411,0.301234568,18.36734694,10.03401361,201,228,39,0.17982456140350878,0.8717948717948718,0.1282051282051282,0.0,0.008771929824561403,0.08333333333333333,0.11403508771929824,0.08333333333333333,0.0,0.15350877192982457,0.0043859649122807015,0.02631578947368421,0.0043859649122807015,0.0,0.0043859649122807015,-0.0043859649122807015,0.204,0.269,0.259,0.527,0.229,15.4,8.3,,,,,,,,,
101,Seiya Suzuki,CHC,136,512.372449,585,116.40306124,0.2380952381196581,0.7264957263936643,0.23931623930889673,0.034188034185757984,0.03911564625641026,0.13095238095726494,0.12755102041025643,0.10884353741880343,0.005102040817094017,0.22278911572649573,0.005102040817094017,0.010204081632478632,0.0,0.010204081632478632,0.010204081632478632,0.0,0.27184466,0.352040816,0.475728155,0.827768972,0.31880109,22.27891156,10.88435374,512,585,124,0.24786324786324787,0.7338709677419355,0.21774193548387097,0.04838709677419355,0.035897435897435895,0.1264957264957265,0.12478632478632479,0.1076923076923077,0.005128205128205128,0.27350427350427353,0.010256410256410256,0.006837606837606838,0.0,0.02735042735042735,0.010256410256410256,0.017094017094017096,0.283,0.366,0.482,0.848,0.37,27.4,10.8,,,,,,,,,
102,Ryan McMahon,COL,136,571.505102,645,112.98469384,0.21258503395348838,0.7184466022003958,0.2621359224280569,0.019417475734428206,0.037414965984496125,0.12414965986046513,0.12585034013953486,0.10374149660465116,0.0017006802728682172,0.28401360542635656,0.005102040817054263,0.005102040817054263,0.0,0.00850340136124031,0.005102040817054263,0.0034013605441860465,0.239923225,0.321428571,0.426103647,0.747532218,0.307462687,28.40136054,10.37414966,567,645,117,0.2124031007751938,0.7606837606837606,0.23931623931623933,0.0,0.031007751937984496,0.10542635658914729,0.10077519379844961,0.10697674418604651,0.006201550387596899,0.2868217054263566,0.004651162790697674,0.006201550387596899,0.0,0.006201550387596899,0.009302325581395349,-0.0031007751937984496,0.242,0.325,0.397,0.722,0.32,28.7,10.7,,,,,,,,,
103,Vinnie Pasquantino,KCR,136,489.9319728,554,115.88775510999999,0.24489795920577614,0.6829268291967349,0.2926829268355822,0.02439024389865067,0.03571428572202166,0.11394557823104694,0.13265306122743684,0.09693877550541516,0.006802721088447653,0.12755102041516245,0.010204081631768953,0.00850340136101083,0.0,0.0017006802725631769,0.0017006802725631769,0.0,0.276923077,0.352040816,0.478846154,0.83088697,0.286713287,12.75510204,9.693877551,496,554,111,0.23465703971119134,0.7117117117117117,0.2702702702702703,0.018018018018018018,0.03429602888086643,0.11552346570397112,0.17509025270758122,0.07220216606498195,0.0018050541516245488,0.12815884476534295,0.007220216606498195,0.023465703971119134,0.0018050541516245488,0.0018050541516245488,0.0,0.0018050541516245488,0.262,0.315,0.446,0.76,0.265,12.8,7.2,,,,,,,,,
104,Corey Seager,TEX,134,471.535284,533,114.67297763000002,0.26161790018761727,0.7279999999595369,0.2559999999713969,0.00799999999965118,0.046471600694183865,0.14629948363977485,0.15146299484052533,0.09638554217636022,0.012048192771106941,0.15834767641651032,0.008605851979362101,0.008605851979362101,0.0,0.0034423407917448406,0.0017211703958724203,0.0017211703958724203,0.295719844,0.367241379,0.517509728,0.884751107,0.3125,15.83476764,9.638554217,475,533,102,0.24765478424015008,0.7941176470588235,0.20588235294117646,0.0,0.05628517823639775,0.1275797373358349,0.13883677298311445,0.09943714821763602,0.020637898686679174,0.1801125703564728,0.005628517823639775,0.00375234521575985,0.0,0.001876172607879925,0.001876172607879925,0.0,0.278,0.353,0.512,0.864,0.291,18.0,9.9,,,,,,,,,
106,Bryson Stott,PHI,134,519.8950086,571,121.86574875,0.23407917390542904,0.7741935481276891,0.20967741930851594,0.01612903225197638,0.020654044746059544,0.11876075732049038,0.1118760757267951,0.07401032702276708,0.0017211703957968475,0.18416523239929947,0.005163511187390543,0.008605851978984239,0.0017211703957968475,0.03614457831873905,0.005163511187390543,0.030981067127845884,0.257088847,0.313793103,0.381852552,0.695645655,0.298795181,18.41652324,7.401032702,506,571,113,0.2171628721541156,0.8141592920353983,0.168141592920354,0.017699115044247787,0.01926444833625219,0.1138353765323993,0.09982486865148861,0.09281961471103327,0.0017513134851138354,0.1628721541155867,0.005253940455341506,0.01576182136602452,0.0,0.05604203152364273,0.005253940455341506,0.050788091068301226,0.245,0.315,0.356,0.671,0.275,16.3,9.3,,,,,,,,,
107,Taylor Ward,LAA,134,579.697074,663,128.94836487999999,0.2306368330316742,0.7256637168457286,0.25663716814708326,0.008849557519104233,0.0361445783107089,0.14457831325791856,0.1256454388989442,0.1032702237556561,0.0,0.21170395867269984,0.013769363167420815,0.008605851978883862,0.0,0.008605851978883862,0.005163511187028657,0.0034423407918552037,0.263779528,0.34767642,0.446850394,0.794526814,0.306233062,21.17039587,10.32702238,585,663,119,0.2171945701357466,0.7647058823529411,0.2184873949579832,0.01680672268907563,0.03770739064856712,0.11010558069381599,0.11312217194570136,0.09502262443438914,0.0,0.2458521870286576,0.010558069381598794,0.012066365007541479,0.0,0.00904977375565611,0.006033182503770739,0.0030165912518853697,0.246,0.323,0.426,0.748,0.294,24.6,9.5,,,,,,,,,
108,TJ Friedl,CIN,134,298.1549053,341,69.25645439,0.2271944922580645,0.7542372880633977,0.1779661016227198,0.06779661016949153,0.024096385542521994,0.1256454388856305,0.12392426850439882,0.08777969017595308,0.001721170395894428,0.16867469879765395,0.02065404475073314,0.006884681583577712,0.01032702237536657,0.03442340791788857,0.01032702237536657,0.024096385542521994,0.25984252,0.339130435,0.415354331,0.754484765,0.295,16.86746988,8.777969019,297,341,54,0.19648093841642228,0.8888888888888888,0.09259259259259259,0.018518518518518517,0.03812316715542522,0.10263929618768329,0.16129032258064516,0.07624633431085044,0.0,0.15249266862170088,0.03519061583577713,0.011730205278592375,0.005865102639296188,0.026392961876832845,0.002932551319648094,0.02346041055718475,0.226,0.31,0.38,0.69,0.229,15.2,7.6,,,,,,,,,
109,Austin Hays,BAL,134,234.3717728,255,53.545611011999995,0.24268502580392157,0.7213114753951405,0.26229508197884716,0.016393442626012406,0.03270223752156863,0.13597246125490195,0.12564543890196078,0.06712564545098039,0.0017211703960784315,0.23407917384313726,0.008605851980392158,0.0051635111882352945,0.0,0.006884681584313726,0.003442340792156863,0.003442340792156863,0.264044944,0.318416523,0.438202247,0.75661877,0.319371728,23.40791738,6.712564544,235,255,55,0.23529411764705882,0.6727272727272727,0.32727272727272727,0.0,0.0196078431372549,0.10196078431372549,0.0784313725490196,0.03529411764705882,0.00392156862745098,0.23137254901960785,0.03137254901960784,0.00784313725490196,0.00392156862745098,0.00784313725490196,0.00784313725490196,0.0,0.255,0.303,0.396,0.699,0.318,23.1,3.5,,,,,,,,,
110,Jeimer Candelario,CIN,134,411.2013769,463,87.65920826,0.23063683304535637,0.6818181818700355,0.3000000000228156,0.01818181818700355,0.04130808950323974,0.13425129088552915,0.14974182444924405,0.09294320138228941,0.0017211703952483802,0.23063683304535637,0.013769363166306696,0.005163511187904968,0.0,0.006884681583153348,0.0017211703952483802,0.005163511187904968,0.259689923,0.337349398,0.470930233,0.80827963,0.304709141,23.0636833,9.294320138,427,463,76,0.20734341252699784,0.6710526315789473,0.3026315789473684,0.02631578947368421,0.04319654427645788,0.10151187904967603,0.12095032397408208,0.058315334773218146,0.0021598272138228943,0.24622030237580994,0.012958963282937365,0.0064794816414686825,0.0,0.008639308855291577,0.0064794816414686825,0.0021598272138228943,0.225,0.279,0.429,0.707,0.257,24.6,5.8,,,,,,,,,
111,Josh Naylor,CLE,134,574.1669535,633,134.00860587,0.2495697074249605,0.7235772356595146,0.27642276419124123,0.0,0.03786574870458136,0.10499139415481833,0.15318416522906791,0.0757314974249605,0.01204819277093207,0.14113597246445497,0.006884681582938389,0.010327022375987361,0.0,0.013769363167456557,0.0034423407914691943,0.010327022375987361,0.275142315,0.332185886,0.464895636,0.797081522,0.286713287,14.11359725,7.573149742,563,633,106,0.21642969984202212,0.7452830188679245,0.25471698113207547,0.0,0.04897314375987362,0.13270142180094788,0.17061611374407584,0.09162717219589257,0.011058451816745656,0.16587677725118483,0.011058451816745656,0.00631911532385466,0.0,0.009478672985781991,0.00315955766192733,0.00631911532385466,0.243,0.32,0.456,0.776,0.246,16.6,9.2,,,,,,,,,
112,Starling Marte,NYM,134,338.1583477,370,80.877796906,0.24096385543243243,0.7952755904658964,0.18110236220978698,0.023622047237766286,0.022375215145945947,0.13425129086486487,0.10843373494594594,0.05679862305405406,0.0017211703945945946,0.1979345955135135,0.024096385543243243,0.0017211703945945946,0.0017211703945945946,0.055077452675675674,0.01204819277027027,0.043029259891891894,0.263653484,0.322970639,0.391713748,0.714684387,0.314356436,19.79345955,5.679862306,335,370,83,0.24324324324324326,0.8072289156626506,0.1566265060240964,0.03614457831325301,0.01891891891891892,0.12432432432432433,0.10810810810810811,0.07297297297297298,0.002702702702702703,0.21891891891891893,0.008108108108108109,0.005405405405405406,0.008108108108108109,0.043243243243243246,0.002702702702702703,0.04054054054054054,0.269,0.327,0.388,0.715,0.333,21.9,7.3,,,,,,,,,
113,Brendan Rodgers,COL,134,495.3975904,539,122.45783135999999,0.2564543890538033,0.7575757573827413,0.2196969696524275,0.022727272719849024,0.029259896734693876,0.11703958692022264,0.12220309810760668,0.0654044750463822,0.0,0.1944922547309833,0.012048192771799629,0.005163511187384045,0.0,0.0,0.0017211703951762521,-0.0017211703951762521,0.279026217,0.333333333,0.440074906,0.77340824,0.324324324,19.44922547,6.540447504,501,539,121,0.24860853432282004,0.7520661157024794,0.2396694214876033,0.008264462809917356,0.02411873840445269,0.12430426716141002,0.10018552875695733,0.0575139146567718,0.0018552875695732839,0.24489795918367346,0.0074211502782931356,0.0037105751391465678,0.0018552875695732839,0.0018552875695732839,0.0,0.0018552875695732839,0.267,0.314,0.407,0.721,0.338,24.5,5.8,,,,,,,,,
114,Brandon Drury,LAA,134,332.1170396,360,67.53872632999999,0.2254733218611111,0.706422018337757,0.2752293578823846,0.018348623853890203,0.037865748722222224,0.11359724613888889,0.14285714286111112,0.05679862305555555,0.0,0.2512908778055556,0.012048192772222221,0.008605851980555555,0.0,0.0017211703972222223,0.0034423407916666666,-0.0017211703972222223,0.244402985,0.294320138,0.430970149,0.725290287,0.292225201,25.12908778,5.679862306,325,360,51,0.1527777777777778,0.8627450980392157,0.13725490196078433,0.0,0.011111111111111112,0.07777777777777778,0.041666666666666664,0.075,0.0,0.225,0.013888888888888888,0.008333333333333333,0.0,0.002777777777777778,0.0,0.002777777777777778,0.169,0.242,0.228,0.469,0.21,22.5,7.5,,,,,,,,,
115,Joey Meneses,WSN,134,289.8347676,313,67.34079174,0.24612736661341852,0.7759999999964361,0.21600000006177536,0.008000000001187987,0.030981067124600636,0.10154905335463259,0.1342512908626198,0.0602409638658147,0.0017211703961661344,0.2151462994888179,0.006884681584664537,0.00860585198083067,0.0,0.0017211703961661344,0.0017211703961661344,0.0,0.265799257,0.312714777,0.420074349,0.732789126,0.3125,21.51462995,6.024096386,281,313,62,0.20766773162939298,0.8225806451612904,0.1774193548387097,0.0,0.009584664536741214,0.06070287539936102,0.134185303514377,0.0670926517571885,0.003194888178913738,0.2012779552715655,0.01597444089456869,0.019169329073482427,0.0,0.006389776357827476,0.0,0.006389776357827476,0.231,0.291,0.302,0.593,0.281,20.1,6.7,,,,,,,,,
116,MJ Melendez,KCR,134,399.767642,451,80.72977625,0.22030981066518848,0.7019230768647151,0.26923076923553346,0.03846153845867992,0.041308089490022175,0.1290877796895787,0.12736660929046564,0.10154905334811529,0.001721170396895787,0.2616179002217295,0.003442340791574279,0.008605851980044345,0.0,0.006884681583148558,0.006884681583148558,0.0,0.248543689,0.325301205,0.460194175,0.78549538,0.302325581,26.16179002,10.15490534,412,451,68,0.188470066518847,0.6176470588235294,0.3382352941176471,0.04411764705882353,0.037694013303769404,0.0975609756097561,0.0975609756097561,0.07760532150776053,0.0022172949002217295,0.25055432372505543,0.0066518847006651885,0.0,0.0,0.008869179600886918,0.008869179600886918,0.0,0.206,0.273,0.4,0.674,0.241,25.1,7.8,,,,,,,,,
117,Isaac Paredes,TBR,133,553.8954704,641,102.73867596,0.20731707316692669,0.7065217390796517,0.29347826082301404,0.010869565220353653,0.04703832751950078,0.11846689895475818,0.15505226480499218,0.10627177700468017,0.0,0.17595818814352576,0.02090592333853354,0.006968641115444617,0.0,0.00174216027925117,0.00174216027925117,0.0,0.239919355,0.335078534,0.463709677,0.798788211,0.247311828,17.59581882,10.6271777,542,641,110,0.20124804992199688,0.7636363636363637,0.22727272727272727,0.00909090909090909,0.029641185647425898,0.0998439937597504,0.12480499219968799,0.11856474258970359,0.0031201248049922,0.16380655226209048,0.0265210608424337,0.0093603744149766,0.0,0.0015600624024961,0.0015600624024961,0.0,0.238,0.346,0.393,0.739,0.259,16.4,11.9,,,,,,,,,
118,Max Kepler,MIN,133,351.7317073,399,66.03658537,0.2090592334586466,0.6842105262839092,0.2947368420239685,0.021052631570977306,0.04355400696741855,0.1341463414536341,0.13240418117794486,0.09930313588972431,0.0017421602781954885,0.20557491288220553,0.010452961671679197,0.00871080139348371,0.0,0.00871080139348371,0.0017421602781954885,0.00696864111528822,0.23715415,0.318815331,0.448616601,0.767431932,0.258152174,20.55749129,9.930313589,368,399,85,0.23308270676691728,0.7411764705882353,0.24705882352941178,0.011764705882352941,0.020050125313283207,0.10776942355889724,0.10526315789473684,0.05513784461152882,0.0,0.20050125313283207,0.012531328320802004,0.007518796992481203,0.0,0.002506265664160401,0.0,0.002506265664160401,0.253,0.302,0.38,0.682,0.3,20.1,5.5,,,,,,,,,
119,Bryan De La Cruz,MIA,133,572.1533101,622,134.36933802,0.24738675964630225,0.7661290322400593,0.2258064515096731,0.008064516123750717,0.03135888501607717,0.1097560975562701,0.12195121951768488,0.0679442508681672,0.0,0.22473867588424437,0.0034843205578778138,0.0069686411157556276,0.0,0.0069686411157556276,0.0034843205578778138,0.0034843205578778138,0.268939394,0.319371728,0.428030303,0.747402031,0.322077922,22.4738676,6.794425087,584,622,115,0.21864951768488747,0.782608695652174,0.21739130434782608,0.0,0.03376205787781351,0.09807073954983923,0.10932475884244373,0.04662379421221865,0.001607717041800643,0.2733118971061093,0.00482315112540193,0.008038585209003215,0.0,0.008038585209003215,0.003215434083601286,0.00482315112540193,0.233,0.271,0.384,0.654,0.289,27.3,4.7,,,,,,,,,
120,Ryan Mountcastle,BAL,133,461.0696864,507,98.04355403,0.2351916376725838,0.7747747745533251,0.21621621614730036,0.009009009003587627,0.04181184668639053,0.12020905923076923,0.14285714285996057,0.07317073171597632,0.001742160278106509,0.23867595818540435,0.005226480836291913,0.012195121950690335,0.0,0.005226480836291913,0.001742160278106509,0.0034843205581854045,0.25862069,0.31358885,0.446360153,0.759949003,0.301630435,23.86759582,7.317073171,473,507,115,0.252465483234714,0.7217391304347827,0.2608695652173913,0.017391304347826087,0.02564102564102564,0.10650887573964497,0.1242603550295858,0.05325443786982249,0.0,0.22485207100591717,0.0019723865877712033,0.011834319526627219,0.0,0.005917159763313609,0.0,0.005917159763313609,0.271,0.308,0.425,0.733,0.327,22.5,5.3,,,,,,,,,
122,Sal Frelick,MIL,131,476.8677249,524,121.98941793999998,0.24691358015267173,0.7803030306023608,0.18181818189270396,0.037878787890214614,0.014109347442748091,0.12522045854961833,0.11992945326335877,0.07231040564885496,0.003527336860687023,0.1428571428625954,0.012345679011450382,0.003527336860687023,0.0017636684293893129,0.024691358015267176,0.00881834215076336,0.015873015872137405,0.271317829,0.332155477,0.38372093,0.715876407,0.307692308,14.28571429,7.231040564,475,524,121,0.23473282442748092,0.7851239669421488,0.18181818181818182,0.03305785123966942,0.003816793893129771,0.12595419847328243,0.061068702290076333,0.07442748091603053,0.0,0.14885496183206107,0.007633587786259542,0.0019083969465648854,0.003816793893129771,0.03435114503816794,0.0057251908396946565,0.02862595419847328,0.259,0.32,0.335,0.655,0.306,14.9,7.4,,,,,,,,,
123,Salvador Perez,KCR,139,608.2261484,652,126.71378096,0.2402826855828221,0.7818181815699489,0.20909090904929778,0.009090909088756783,0.04593639576687117,0.10600706713190185,0.15017667845092023,0.04063604240797546,0.0070671378098159515,0.2402826855828221,0.017667844524539875,0.008833922260736198,0.0,0.0,0.0017667844524539879,-0.0017667844524539879,0.257575758,0.298586572,0.452651515,0.751238088,0.296495957,24.02826855,4.06360424,590,652,133,0.24539877300613497,0.7894736842105263,0.21052631578947367,0.0,0.04141104294478527,0.08895705521472393,0.15950920245398773,0.06748466257668712,0.013803680981595092,0.19785276073619631,0.01687116564417178,0.009202453987730062,0.0,0.0,0.0,0.0,0.271,0.33,0.456,0.786,0.302,19.8,6.7,,,,,,,,,
125,Anthony Rendon,LAA,130,202.3,238,47.175,0.22321428571428573,0.7387387387387389,0.26126126126126126,0.0,0.025,0.11607142857142858,0.11964285714285715,0.11964285714285715,0.0035714285714285713,0.16249999999999998,0.017857142857142856,0.0125,0.0,0.0035714285714285713,0.0035714285714285713,0.0,0.262605042,0.360714286,0.411764706,0.772478992,0.293650794,16.25,11.96428571,206,238,45,0.18907563025210083,0.7777777777777778,0.2222222222222222,0.0,0.0,0.08823529411764706,0.058823529411764705,0.09663865546218488,0.0,0.14705882352941177,0.02100840336134454,0.01680672268907563,0.0,0.025210084033613446,0.004201680672268907,0.02100840336134454,0.218,0.307,0.267,0.574,0.257,14.7,9.7,,,,,,,,,
126,Elly De La Cruz,CIN,130,636.3428571,696,128.01428570000002,0.221428571408046,0.7087378641679207,0.22330097093218398,0.06796116505612779,0.0375,0.15,0.14107142857758623,0.0803571428591954,0.005357142857758621,0.3107142857758621,0.00357142857183908,0.00178571428591954,0.00178571428591954,0.0625,0.016071428577586207,0.04642857142241379,0.2421875,0.305357143,0.4375,0.742857143,0.323899371,31.07142857,8.035714286,618,696,135,0.22988505747126436,0.6592592592592592,0.26666666666666666,0.07407407407407407,0.035919540229885055,0.15086206896551724,0.10919540229885058,0.09913793103448276,0.0028735632183908046,0.3132183908045977,0.008620689655172414,0.0014367816091954023,0.0028735632183908046,0.09626436781609195,0.022988505747126436,0.07327586206896551,0.259,0.339,0.471,0.809,0.359,31.3,9.9,,,,,,,,,
127,Orlando Arcia,ATL,130,549.325,602,120.4,0.23035714285714287,0.7767857142857143,0.2232142857142857,0.0,0.030357142857142853,0.11785714285714287,0.125,0.07678571428571429,0.0,0.1910714285714286,0.0035714285714285713,0.007142857142857143,0.0,0.0035714285714285713,0.0017857142857142857,0.0017857142857142857,0.252446184,0.310714286,0.401174168,0.711888454,0.286445013,19.10714286,7.678571429,551,602,103,0.19933554817275748,0.7669902912621359,0.23300970873786409,0.0,0.02823920265780731,0.08305647840531562,0.07641196013289037,0.0681063122923588,0.0016611295681063123,0.21262458471760798,0.0033222591362126247,0.011627906976744186,0.0016611295681063123,0.0033222591362126247,0.0,0.0033222591362126247,0.218,0.271,0.354,0.625,0.249,21.3,6.8,,,,,,,,,
128,Masataka Yoshida,BOS,130,381.1553571,421,100.73928567,0.26785714275534445,0.7611940302137343,0.21641791050035744,0.014925373145143922,0.028571428574821853,0.12142857142517814,0.13392857142517814,0.07857142857482184,0.008928571427553446,0.12321428572446556,0.01071428571496437,0.005357142857482185,0.0,0.008928571427553446,0.0017857142850356295,0.007142857142517814,0.295857988,0.357142857,0.453648915,0.810791772,0.315294118,12.32142857,7.857142857,378,421,96,0.2517814726840855,0.78125,0.21875,0.0,0.023752969121140142,0.10688836104513064,0.1330166270783848,0.06413301662707839,0.0,0.12351543942992874,0.0332541567695962,0.004750593824228029,0.0,0.004750593824228029,0.0,0.004750593824228029,0.28,0.349,0.415,0.765,0.302,12.4,6.4,,,,,,,,,
129,Jackson Chourio,MIL,130,534.1178571,573,123.80892853,0.24464285706806285,0.7851239671817876,0.19834710752746387,0.024793388436894503,0.028571428568935426,0.125,0.125,0.055357142862129144,0.0,0.22321428568935428,0.005357142856893543,0.007142857143106457,0.0,0.05714285713787085,0.014285714286212914,0.04285714286212914,0.262452107,0.305357143,0.413793103,0.719150246,0.314285714,22.32142857,5.535714286,528,573,124,0.2530541012216405,0.7338709677419355,0.23387096774193547,0.03225806451612903,0.03664921465968586,0.13961605584642234,0.13787085514834205,0.06806282722513089,0.006980802792321117,0.2111692844677138,0.005235602094240838,0.0034904013961605585,0.0017452006980802793,0.038394415357766144,0.012216404886561954,0.02617801047120419,0.275,0.327,0.464,0.791,0.32,21.1,6.8,,,,,,,,,
130,Javier Baez,DET,130,270.4214286,289,55.735714281,0.2196428571280277,0.7685185185578908,0.21296296303223833,0.027777777785253536,0.02678571428719723,0.11428571429065744,0.11607142858131489,0.04464285712802768,0.001785714287197232,0.2553571428719723,0.016071428570934257,0.005357142858131488,0.0,0.019642857141868513,0.003571428570934256,0.016071428570934257,0.234732824,0.279857398,0.377862595,0.657719993,0.292682927,25.53571429,4.464285714,272,289,44,0.17301038062283736,0.7272727272727273,0.2727272727272727,0.0,0.020761245674740483,0.08650519031141868,0.12802768166089964,0.04152249134948097,0.0034602076124567475,0.23875432525951557,0.006920415224913495,0.010380622837370242,0.0,0.02768166089965398,0.0034602076124567475,0.02422145328719723,0.184,0.221,0.294,0.516,0.22,23.9,4.2,,,,,,,,,
132,Cal Raleigh,SEA,138,565.989228,628,100.34470379000001,0.20825852786624205,0.6516853931509322,0.33707865161261036,0.011235955057075564,0.0484739676910828,0.12208258527070065,0.14901256732484075,0.08438061041401274,0.0017953321369426753,0.2657091562101911,0.0053859964092356685,0.007181328546178345,0.0,0.0017953321369426753,0.0017953321369426753,0.0,0.231075697,0.298561151,0.456175299,0.75473645,0.268882175,26.57091562,8.438061041,546,628,86,0.1910828025477707,0.813953488372093,0.18604651162790697,0.0,0.054140127388535034,0.11624203821656051,0.1592356687898089,0.11146496815286625,0.006369426751592357,0.2802547770700637,0.009554140127388535,0.009554140127388535,0.0,0.009554140127388535,0.0015923566878980893,0.007961783439490446,0.22,0.312,0.436,0.748,0.251,28.0,11.1,,,,,,,,,
133,Tyler O'Neill,BOS,128,419.1139241,473,90.66546113000001,0.23688969260042284,0.7264150942282865,0.2641509433858211,0.009433962264567152,0.045207956596194504,0.1428571428541226,0.15009041591966174,0.09403254972515857,0.0,0.26401446659619454,0.012658227847780127,0.007233273057082453,0.0,0.021699819175475685,0.005424954792811839,0.016274864376321353,0.267346939,0.34358047,0.481632653,0.825213123,0.328173375,26.40144665,9.403254973,411,473,68,0.20930232558139536,0.7352941176470589,0.2647058823529412,0.0,0.06553911205073996,0.15644820295983086,0.12896405919661733,0.11205073995771671,0.010570824524312896,0.3361522198731501,0.014799154334038054,0.004228329809725159,0.0,0.008456659619450317,0.0,0.008456659619450317,0.241,0.336,0.511,0.847,0.305,33.6,11.2,,,,,,,,,
134,Oneil Cruz,PIT,128,539.4249548,599,108.31826401999999,0.22061482821368947,0.7299999999575326,0.20999999996122543,0.05999999999815359,0.03978300180300501,0.14647377938230385,0.14104882459098497,0.09041591320534224,0.0018083182637729548,0.2820976492487479,0.0036166365275459096,0.0036166365275459096,0.0,0.030741410484140235,0.010849909584307179,0.019891500901502504,0.24497992,0.315217391,0.4437751,0.758992492,0.310559006,28.20976492,9.04159132,541,599,119,0.2337228714524207,0.6890756302521008,0.2857142857142857,0.025210084033613446,0.035058430717863104,0.12020033388981637,0.12687813021702837,0.08514190317195326,0.008347245409015025,0.3021702838063439,0.005008347245409015,0.00667779632721202,0.0,0.03672787979966611,0.001669449081803005,0.035058430717863104,0.259,0.324,0.449,0.773,0.347,30.2,8.5,,,,,,,,,
135,Spencer Steer,CIN,128,577.7070524,656,129.30198916,0.23146473780487806,0.7064220182797998,0.26605504581550704,0.027522935780951753,0.03435804701219512,0.11934900542682927,0.1392405063262195,0.09584086798780488,0.0,0.20795660030487803,0.016274864375,0.005424954792682927,0.0,0.016274864375,0.005424954792682927,0.010849909583841463,0.262833676,0.344202899,0.45174538,0.795948278,0.306179775,20.79566004,9.584086799,574,656,109,0.19664634146341464,0.6513761467889908,0.3119266055045872,0.03669724770642202,0.03048780487804878,0.11280487804878049,0.1402439024390244,0.10975609756097561,0.001524390243902439,0.20884146341463414,0.012195121951219513,0.003048780487804878,0.0,0.038109756097560975,0.004573170731707317,0.03353658536585366,0.225,0.319,0.402,0.721,0.26,20.9,11.0,,,,,,,,,
136,Brent Rooker,OAK,128,539.6094033,614,97.70705241,0.20976491856677523,0.7500000002302802,0.2386363637515037,0.011363636366195033,0.05063291138436482,0.11030741410423452,0.13019891501628664,0.09403254972312704,0.0018083182638436483,0.31645569625407166,0.018083182638436484,0.007233273055374593,0.0,0.007233273055374593,0.0018083182638436483,0.005424954791530945,0.238683127,0.322463768,0.458847737,0.781311505,0.306620209,31.64556962,9.403254973,546,614,121,0.26058631921824105,0.768595041322314,0.21487603305785125,0.01652892561983471,0.06351791530944625,0.13355048859934854,0.18241042345276873,0.09609120521172639,0.006514657980456026,0.28827361563517917,0.008143322475570033,0.006514657980456026,0.0,0.017915309446254073,0.004885993485342019,0.013029315960912053,0.293,0.365,0.562,0.927,0.362,28.8,9.6,,,,,,,,,
137,Anthony Rizzo,NYY,128,326.1754069,375,61.03074141,0.2025316455733333,0.7666666666502816,0.23333333334971854,0.011111111111111112,0.03978300181333333,0.11392405064,0.12296564194666666,0.09041591319999999,0.007233273056000001,0.2025316455733333,0.037974683546666665,0.0036166365280000004,0.0,0.0036166365280000004,0.007233273056000001,-0.0036166365280000004,0.232848233,0.33032491,0.41995842,0.75028333,0.257879656,20.25316456,9.04159132,337,375,69,0.20533333333333334,0.8260869565217391,0.17391304347826086,0.0,0.021333333333333333,0.10133333333333333,0.09333333333333334,0.072,0.0,0.17333333333333334,0.024,0.005333333333333333,0.0,0.0,0.0,0.0,0.228,0.301,0.335,0.637,0.259,17.3,7.2,,,,,,,,,
138,Josh Lowe,TBR,126,350.8516484,387,78.67582417999999,0.23443223444444444,0.6936936936959839,0.27927927923233103,0.0270270270208436,0.031135531136950903,0.12637362638242894,0.13553113552971574,0.08241758242894057,0.0036630036640826875,0.27289377286821703,0.0036630036640826875,0.007326007325581396,0.0,0.047619047622739025,0.0036630036640826875,0.04395604395348837,0.258585859,0.320512821,0.436363636,0.756876457,0.333333333,27.28937729,8.241758242,353,387,75,0.21963824289405684,0.72,0.25333333333333335,0.02666666666666667,0.025839793281653745,0.09560723514211886,0.08785529715762273,0.082687338501292,0.0103359173126615,0.3178294573643411,0.0,0.00516795865633075,0.0,0.06459948320413436,0.002583979328165375,0.06201550387596899,0.241,0.302,0.391,0.693,0.338,31.8,8.3,,,,,,,,,
139,Leody Taveras,TEX,126,480.5567766,529,112.38827839999999,0.23626373629489603,0.7327586205822689,0.2327586206712461,0.03448275861301921,0.023809523818525517,0.12637362637051042,0.11904761905482042,0.07875457875236294,0.0,0.21245421247637053,0.0018315018317580341,0.007326007325141777,0.0036630036635160682,0.027472527466918716,0.00915750915689981,0.01831501831568998,0.260080645,0.318014706,0.409274194,0.727288899,0.312668464,21.24542125,7.875457875,480,529,98,0.20793950850661624,0.7959183673469388,0.17346938775510204,0.030612244897959183,0.022684310018903593,0.11153119092627599,0.0831758034026465,0.07939508506616257,0.0,0.21172022684310018,0.0,0.007561436672967864,0.005671077504725898,0.043478260869565216,0.011342155009451797,0.03213610586011342,0.229,0.289,0.352,0.641,0.272,21.2,7.9,,,,,,,,,
141,Lars Nootbaar,STL,126,342.6923077,405,67.5,0.20512820513580246,0.6923076922962963,0.2857142857777778,0.021978021985185184,0.0384615384691358,0.1501831501728395,0.11904761903703703,0.13553113553086418,0.0036630036641975305,0.20146520145679012,0.0036630036641975305,0.014652014651851853,0.0018315018320987652,0.016483516483950616,0.0018315018320987652,0.014652014651851853,0.242424242,0.344322344,0.443722944,0.788045288,0.268436578,20.14652015,13.55311355,348,405,73,0.20987654320987653,0.7123287671232876,0.2465753424657534,0.0410958904109589,0.02962962962962963,0.0962962962962963,0.1111111111111111,0.12839506172839507,0.0049382716049382715,0.19506172839506172,0.0024691358024691358,0.007407407407407408,0.0024691358024691358,0.01728395061728395,0.007407407407407408,0.009876543209876543,0.244,0.342,0.417,0.758,0.281,19.5,12.8,,,,,,,,,
142,Luis Rengifo,LAA,126,276.1611722,304,62.358974362,0.23443223444078948,0.7857142857349037,0.17857142863442788,0.03571428571084939,0.029304029302631582,0.11721611720394738,0.11721611720394738,0.07326007325657895,0.0,0.17948717947368423,0.010989010990131578,0.005494505493421053,0.0018315018322368419,0.014652014651315791,0.0073260073256578954,0.0073260073256578954,0.258064516,0.319266055,0.411290323,0.730556378,0.290909091,17.94871795,7.326007326,283,304,79,0.27960526315789475,0.8227848101265823,0.16455696202531644,0.012658227848101266,0.019736842105263157,0.13486842105263158,0.09868421052631579,0.05263157894736842,0.0,0.14473684210526316,0.013157894736842105,0.0,0.003289473684210526,0.07894736842105263,0.023026315789473683,0.05592105263157895,0.3,0.347,0.417,0.763,0.339,14.5,5.3,,,,,,,,,
143,Justin Turner,TOR,126,475.8205128,539,107.60256411,0.2289377289424861,0.7706422017530117,0.22935779815405366,0.0,0.029304029294990725,0.12454212454545455,0.12271062270871984,0.08974358974025974,0.0,0.18315018315398887,0.018315018315398886,0.009157509157699443,0.0,0.005494505495361781,0.0018315018311688312,0.0036630036623376623,0.2593361,0.336996337,0.410788382,0.747784719,0.293800539,18.31501832,8.974358974,460,539,108,0.22077922077922077,0.7777777777777778,0.2222222222222222,0.0,0.02040816326530612,0.10946196660482375,0.10204081632653061,0.10946196660482375,0.0037105751391465678,0.17625231910946196,0.02411873840445269,0.012987012987012988,0.0,0.0,0.0037105751391465678,-0.0037105751391465678,0.259,0.354,0.383,0.737,0.299,17.6,10.9,,,,,,,,,
144,Brandon Marsh,PHI,126,421.9487179,476,95.02564101,0.21978021974789916,0.7155963303930151,0.22935779815162122,0.05504587157112196,0.02014652014705882,0.11538461537815126,0.11904761905462184,0.09890109890756303,0.0018315018319327732,0.2985347985294117,0.005494505493697479,0.005494505493697479,0.0018315018319327732,0.02380952380252101,0.0036630036638655465,0.02014652014705882,0.247933884,0.325367647,0.392561983,0.717929631,0.348242812,29.85347985,9.89010989,418,476,88,0.2184873949579832,0.7727272727272727,0.19318181818181818,0.03409090909090909,0.03361344537815126,0.11554621848739496,0.12605042016806722,0.10504201680672269,0.0,0.3235294117647059,0.004201680672268907,0.01050420168067227,0.0021008403361344537,0.03991596638655462,0.0063025210084033615,0.03361344537815126,0.249,0.328,0.419,0.747,0.348,32.4,10.5,,,,,,,,,
145,Tim Anderson,MIA,126,228.6410256,241,60.47069597,0.2637362637344398,0.8102189780370077,0.18248175174756467,0.014598540149727335,0.012820512821576762,0.12820512821576763,0.082417582406639,0.04212454211618257,0.0,0.21062271062240664,0.0054945054937759336,0.0018315018298755187,0.0,0.023809523809128628,0.0054945054937759336,0.018315018315352698,0.277992278,0.311926606,0.376447876,0.688374482,0.345088161,21.06227106,4.212454212,234,241,50,0.2074688796680498,0.94,0.06,0.0,0.0,0.06639004149377593,0.03734439834024896,0.029045643153526972,0.0,0.2821576763485477,0.0,0.0,0.0,0.016597510373443983,0.016597510373443983,0.0,0.214,0.237,0.226,0.463,0.301,28.2,2.9,,,,,,,,,
146,Byron Buxton,MIN,125,348.4081633,388,61.90723562000001,0.2170686456443299,0.6162790697711983,0.34883720931359524,0.034883720931359524,0.05751391466494846,0.15398886827319588,0.14471243043814433,0.07977736548969072,0.001855287569587629,0.2968460110824742,0.012987012987113402,0.007421150278350516,0.0,0.022263450835051546,0.001855287569587629,0.020408163265463918,0.241735537,0.310408922,0.508264463,0.818673385,0.28956229,29.68460111,7.977736549,355,388,81,0.2551546391752577,0.6296296296296297,0.3333333333333333,0.037037037037037035,0.04639175257731959,0.15979381443298968,0.14432989690721648,0.05154639175257732,0.002577319587628866,0.2551546391752577,0.028350515463917526,0.005154639175257732,0.0,0.01804123711340206,0.005154639175257732,0.01288659793814433,0.279,0.335,0.524,0.859,0.338,25.5,5.2,,,,,,,,,
147,Max Muncy,LAD,125,244.619666,293,37.50834879999999,0.17810760668941977,0.7246376809314519,0.27536231880194106,0.014492753623961182,0.05009276436860068,0.1465677179863481,0.14285714286689422,0.144712430443686,0.005565862709897611,0.2560296846075086,0.012987012986348124,0.007421150279863481,0.0,0.0018552875699658702,0.0018552875699658702,0.0,0.213333333,0.33580705,0.442222222,0.778029272,0.238754325,25.60296846,14.47124304,237,293,40,0.18771331058020477,0.575,0.425,0.0,0.051194539249146756,0.16040955631399317,0.16382252559726962,0.15358361774744028,0.010238907849829351,0.2627986348122867,0.017064846416382253,0.020477815699658702,0.0,0.0034129692832764505,0.0,0.0034129692832764505,0.232,0.358,0.494,0.852,0.265,26.3,15.4,,,,,,,,,
148,Maikel Garcia,KCR,125,566.7680891,626,140.53061228899998,0.23562152140575077,0.7603305782249385,0.20661157015589787,0.033057851227790015,0.011131725416932907,0.12430426715654952,0.0946196660543131,0.07977736549520767,0.0,0.20222634504792333,0.00185528757028754,0.011131725416932907,0.003710575138977636,0.03339517624600639,0.011131725416932907,0.022263450830670925,0.260245902,0.317843866,0.364754098,0.682597965,0.319261214,20.22263451,7.977736549,575,626,126,0.2124600638977636,0.746031746031746,0.21428571428571427,0.03968253968253968,0.011182108626198083,0.134185303514377,0.0926517571884984,0.0670926517571885,0.0,0.1645367412140575,0.0,0.007987220447284345,0.006389776357827476,0.05910543130990415,0.003194888178913738,0.05591054313099041,0.231,0.281,0.332,0.614,0.268,16.5,6.7,,,,,,,,,
149,Lourdes Gurriel Jr.,ARI,125,509.9090909,553,126.19480517999999,0.2578849721518987,0.731707317177539,0.2601626016472765,0.016260162603945312,0.02968460112115732,0.10946196660036166,0.12615955473779386,0.061224489801085,0.0018552875696202533,0.17625231911392403,0.007421150278481013,0.007421150278481013,0.0018552875696202533,0.007421150278481013,0.0037105751392405065,0.0037105751392405065,0.279678068,0.327137546,0.450704225,0.777841772,0.315384615,17.62523191,6.12244898,513,553,125,0.2585895117540687,0.808,0.176,0.016,0.0325497287522604,0.1301989150090416,0.13562386980108498,0.05244122965641953,0.0018083182640144665,0.18264014466546113,0.0108499095840868,0.009041591320072333,0.0,0.012658227848101266,0.0018083182640144665,0.0108499095840868,0.279,0.322,0.435,0.757,0.313,18.3,5.2,,,,,,,,,
151,Charlie Blackmon,COL,125,447.1558442,499,111.09461963,0.24304267154308618,0.7416666668864493,0.21666666675818028,0.04166666667941856,0.020408163266533066,0.1205936920240481,0.1187384044488978,0.07792207791583167,0.0018552875691382766,0.16326530613226453,0.01855287569539078,0.0074211502785571145,0.0018552875691382766,0.0074211502785571145,0.0018552875691382766,0.0055658627094188375,0.271221532,0.339517625,0.414078675,0.7535963,0.309278351,16.32653061,7.792207792,449,499,103,0.23046092184368738,0.7184466019417476,0.23300970873786409,0.04854368932038835,0.02404809619238477,0.11823647294589178,0.10420841683366733,0.08617234468937876,0.004008016032064128,0.17234468937875752,0.012024048096192385,0.002004008016032064,0.0,0.012024048096192385,0.004008016032064128,0.008016032064128256,0.256,0.329,0.412,0.741,0.293,17.2,8.6,,,,,,,,,
152,Chas McCormick,HOU,123,234.8796992,267,49.686090230000005,0.22744360902621724,0.7979797978964464,0.18181818179256642,0.0101010100951145,0.041353383445692886,0.1353383458801498,0.14849624059925093,0.08646616543071162,0.0,0.261278195505618,0.01879699247940075,0.013157894737827715,0.0,0.02819548872284644,0.009398496239700375,0.01879699247940075,0.258547009,0.333333333,0.44017094,0.773504274,0.315286624,26.12781955,8.646616541,242,267,46,0.19101123595505617,0.8478260869565217,0.13043478260869565,0.021739130434782608,0.018726591760299626,0.1198501872659176,0.10112359550561797,0.06367041198501873,0.0,0.2696629213483146,0.0149812734082397,0.011235955056179775,0.003745318352059925,0.0299625468164794,0.00749063670411985,0.02247191011235955,0.211,0.271,0.306,0.576,0.274,27.0,6.4,,,,,,,,,
153,Nolan Gorman,STL,123,358.9285714,402,63.47368421,0.214285714278607,0.7738095237626352,0.22619047623736474,0.0,0.05639097743781094,0.14473684211442786,0.15789473684079602,0.0977443608955224,0.0018796992487562188,0.3214285713930348,0.005639097743781095,0.003759398495024876,0.0,0.009398496241293531,0.0018796992487562188,0.007518796992537314,0.24,0.317669173,0.469473684,0.787142857,0.304347826,32.14285714,9.77443609,365,402,55,0.18407960199004975,0.7272727272727273,0.2727272727272727,0.0,0.0472636815920398,0.1044776119402985,0.12437810945273632,0.0845771144278607,0.0024875621890547263,0.3756218905472637,0.0024875621890547263,0.004975124378109453,0.0,0.014925373134328358,0.0024875621890547263,0.012437810945273632,0.203,0.271,0.4,0.671,0.279,37.6,8.5,,,,,,,,,
154,Mark Canha,DET,123,390.7894737,462,93.78947366999999,0.22556390974025975,0.7407407408473626,0.23148148156144782,0.02777777778310887,0.022556390974025974,0.12406015036796536,0.09962406015151515,0.10338345863636364,0.0018796992489177491,0.17481203006493506,0.0432330827056277,0.0075187969935064936,0.0,0.016917293233766232,0.0018796992489177491,0.015037593984848486,0.266666667,0.372180451,0.415555556,0.787736007,0.309455587,17.48120301,10.33834586,393,462,88,0.20562770562770563,0.7727272727272727,0.22727272727272727,0.0,0.015151515151515152,0.09956709956709957,0.09090909090909091,0.11038961038961038,0.004329004329004329,0.2077922077922078,0.02813852813852814,0.010822510822510822,0.0,0.015151515151515152,0.0,0.015151515151515152,0.242,0.344,0.346,0.69,0.298,20.8,11.0,,,,,,,,,
155,Christopher Morel,CHC,123,550.1296992,611,104.51315788,0.21804511276595745,0.7032967034102597,0.2307692307765909,0.05494505495273051,0.0469924812111293,0.14097744361702128,0.15037593985270048,0.08270676692307692,0.0,0.30827067675941083,0.007518796991816694,0.005639097744680851,0.003759398495908347,0.01879699248772504,0.007518796991816694,0.011278195489361702,0.24217119,0.309433962,0.461377871,0.770811833,0.310580205,30.82706767,8.270676692,535,611,84,0.1718494271685761,0.8333333333333334,0.13095238095238096,0.03571428571428571,0.03436988543371522,0.09165302782324058,0.09819967266775777,0.09983633387888707,0.004909983633387889,0.2602291325695581,0.016366612111292964,0.008183306055646482,0.0,0.01309328968903437,0.011456628477905073,0.0016366612111292963,0.196,0.288,0.346,0.634,0.233,26.0,10.0,,,,,,,,,
156,Brendan Donovan,STL,123,564.9849624,652,140.93984961,0.23308270674846626,0.8086956521905714,0.1826086957039999,0.008695652176380948,0.01691729323619632,0.12969924811349692,0.10338345865030675,0.10150375940184048,0.0037593984969325153,0.15037593984662576,0.026315789478527606,0.0037593984969325153,0.0018796992484662576,0.009398496240797546,0.0037593984969325153,0.00563909774386503,0.268980477,0.361581921,0.377440347,0.739022268,0.307486631,15.03759398,10.15037594,587,652,149,0.25,0.7516778523489933,0.22818791946308725,0.020134228187919462,0.02147239263803681,0.09969325153374232,0.11196319018404909,0.07208588957055215,0.0,0.12423312883435583,0.019938650306748466,0.007668711656441718,0.0,0.007668711656441718,0.007668711656441718,0.0,0.278,0.342,0.417,0.759,0.3,12.4,7.2,,,,,,,,,
157,Parker Meadows,DET,123,267.7518797,298,53.774436093000006,0.20488721805369128,0.7291666667073458,0.20833333334495593,0.04166666666899118,0.024436090224832216,0.12030075187919462,0.11278195489932885,0.08082706768456377,0.0018796992483221474,0.25,0.00751879699328859,0.009398496241610738,0.003759398496644295,0.024436090224832216,0.005639097744966444,0.01879699247986577,0.228033473,0.294339623,0.364016736,0.658356359,0.284866469,25.0,8.082706767,270,298,57,0.2214765100671141,0.6842105263157895,0.21052631578947367,0.10526315789473684,0.030201342281879196,0.13087248322147652,0.09395973154362416,0.08389261744966443,0.0,0.2550335570469799,0.003355704697986577,0.003355704697986577,0.003355704697986577,0.030201342281879196,0.013422818791946308,0.016778523489932886,0.244,0.31,0.433,0.743,0.306,25.5,8.4,,,,,,,,,
158,Mitch Haniger,SEA,123,379.268797,423,69.96992482,0.20676691730496455,0.7613636362629437,0.2386363635941377,0.011363636362986734,0.04135338345153664,0.13533834586288415,0.13721804510638297,0.07894736841607565,0.0018796992482269504,0.2650375940898345,0.015037593985815603,0.009398496241134752,0.0,0.0018796992482269504,0.0018796992482269504,0.0,0.230607966,0.30075188,0.419287212,0.720039091,0.275862069,26.5037594,7.894736842,380,423,67,0.1867612293144208,0.8208955223880597,0.1791044776119403,0.0,0.028368794326241134,0.09929078014184398,0.10401891252955082,0.09456264775413711,0.0,0.2978723404255319,0.004728132387706856,0.002364066193853428,0.0,0.0,0.0,0.0,0.208,0.286,0.334,0.62,0.276,29.8,9.5,,,,,,,,,
159,Mitch Garver,SEA,125,373.100189,430,69.09262759999999,0.20226843099999997,0.7647058823103727,0.23529411768962746,0.0,0.04158790169767442,0.11909262760465117,0.12287334593023255,0.11720226844186046,0.0037807183372093028,0.2684310018604651,0.009451795841860464,0.005671077504651162,0.0,0.0,0.0,0.0,0.233115468,0.328922495,0.420479303,0.749401798,0.285234899,26.84310019,11.72022684,367,430,48,0.14651162790697675,0.6458333333333334,0.3541666666666667,0.0,0.03488372093023256,0.08604651162790698,0.1186046511627907,0.12325581395348838,0.0,0.30930232558139537,0.01627906976744186,0.0069767441860465115,0.0,0.0,0.0,0.0,0.172,0.286,0.341,0.627,0.216,30.9,12.3,,,,,,,,,
162,Wyatt Langford,TEX,121,508.1961905,557,111.4,0.24000000000000002,0.6190476190305205,0.34285714281867147,0.03809523809694794,0.04,0.13523809524236982,0.1638095238061041,0.07428571429084381,0.0,0.2095238095152603,0.009523809524236985,0.0057142857145421905,0.0,0.030476190484739676,0.009523809524236985,0.020952380951526035,0.263048017,0.323193916,0.486430063,0.809623979,0.299145299,20.95238095,7.428571429,499,557,110,0.22621184919210055,0.7363636363636363,0.22727272727272727,0.03636363636363636,0.02872531418312388,0.13285457809694792,0.13285457809694792,0.09156193895870736,0.005385996409335727,0.20646319569120286,0.00718132854578097,0.005385996409335727,0.0,0.03411131059245961,0.005385996409335727,0.02872531418312388,0.253,0.325,0.415,0.74,0.296,20.6,9.2,,,,,,,,,
163,Nolan Schanuel,LAA,122,520.2857143,607,112.15047623000001,0.21904761911037893,0.7525773193054233,0.21649484528452811,0.020618556690367783,0.03428571428336079,0.15428571428336077,0.12000000000000001,0.12380952380560131,0.0019047619044481052,0.17523809522240527,0.017142857149917628,0.0019047619044481052,0.0,0.0038095238088962104,0.0019047619044481052,0.0019047619044481052,0.255555556,0.36,0.428888889,0.788888889,0.284457478,17.52380952,12.38095238,519,607,117,0.214168039538715,0.8376068376068376,0.1623931623931624,0.0,0.0214168039538715,0.10214168039538715,0.08896210873146623,0.11202635914332784,0.0,0.1696869851729819,0.014827018121911038,0.011532125205930808,0.004942339373970346,0.016474464579901153,0.0016474464579901153,0.014827018121911038,0.25,0.343,0.362,0.706,0.285,17.0,11.2,,,,,,,,,
164,Michael Conforto,SFG,122,423.8628571,488,88.30476194,0.21333333340163935,0.7684210523788655,0.23157894728140183,0.0,0.03238095237704918,0.11619047618852459,0.12000000000000001,0.10285714284836066,0.007619047618852459,0.22666666659836066,0.02095238094262295,0.007619047618852459,0.0,0.007619047618852459,0.0019047619057377047,0.0057142857151639345,0.245614035,0.337142857,0.405701754,0.742844612,0.293209877,22.66666667,10.28571429,438,488,84,0.21311475409836064,0.6428571428571429,0.32142857142857145,0.03571428571428571,0.040983606557377046,0.11475409836065574,0.13524590163934427,0.0860655737704918,0.0020491803278688526,0.24180327868852458,0.010245901639344262,0.006147540983606557,0.0,0.0,0.0020491803278688526,-0.0020491803278688526,0.237,0.309,0.45,0.759,0.277,24.2,8.6,,,,,,,,,
165,Jarred Kelenic,ATL,121,400.2514286,449,82.10285715,0.21333333334075724,0.6874999999923875,0.29166666668189145,0.02083333332572093,0.030476190467706013,0.12000000000000001,0.14285714285077952,0.0971428571492205,0.005714285714922049,0.2819047619153675,0.0038095238084632516,0.005714285714922049,0.0,0.026666666659242763,0.009523809523385302,0.017142857142538975,0.239316239,0.314885496,0.41025641,0.725141906,0.312703583,28.19047619,9.714285714,412,449,80,0.21158129175946547,0.75,0.225,0.025,0.0334075723830735,0.1091314031180401,0.10022271714922049,0.07126948775055679,0.0022271714922048997,0.2962138084632517,0.0022271714922048997,0.0066815144766146995,0.0022271714922048997,0.015590200445434299,0.004454342984409799,0.011135857461024499,0.231,0.286,0.393,0.679,0.3,29.6,7.1,,,,,,,,,
166,Brenton Doyle,COL,122,561.6514286,603,114.85714287,0.21904761907131012,0.769999999913806,0.1799999999425373,0.03999999999303482,0.028571428573797675,0.12190476190713102,0.12571428572139304,0.05142857142620232,0.0,0.3371428572139304,0.0076190476185737975,0.0038095238092868988,0.0038095238092868988,0.03809523809286899,0.0076190476185737975,0.03047619048092869,0.235173824,0.279693487,0.378323108,0.658016595,0.334448161,33.71428571,5.142857143,542,603,118,0.23383084577114427,0.7627118644067796,0.2033898305084746,0.03389830508474576,0.03814262023217247,0.13598673300165837,0.11940298507462686,0.07628524046434494,0.001658374792703151,0.2537313432835821,0.004975124378109453,0.013266998341625208,0.006633499170812604,0.04975124378109453,0.008291873963515755,0.04145936981757877,0.26,0.317,0.446,0.764,0.316,25.4,7.6,,,,,,,,,
167,Jonah Heim,TEX,131,449.6921606,491,93.8814532,0.22753346089613036,0.7199999996378411,0.25999999987217925,0.01999999998934827,0.03632887189409369,0.1108986615682281,0.1357552581262729,0.0783938814460285,0.0019120458900203665,0.1854684512423625,0.0019120458900203665,0.0038240917780040734,0.0,0.0038240917780040734,0.0019120458900203665,0.0019120458900203665,0.248434238,0.307839388,0.43006263,0.737902019,0.273972603,18.54684512,7.839388145,459,491,88,0.20570264765784113,0.8522727272727273,0.13636363636363635,0.011363636363636364,0.026476578411405296,0.09164969450101833,0.12016293279022404,0.05295315682281059,0.0,0.18329938900203666,0.008146639511201629,0.004073319755600814,0.0,0.002036659877800407,0.002036659877800407,0.0,0.22,0.267,0.336,0.602,0.246,18.3,5.3,,,,,,,,,
169,Edouard Julien,MIN,120,251.6081081,301,52.878378375000004,0.2027027026910299,0.7362637362647753,0.25274725267139964,0.01098901098817972,0.027027027026578075,0.1274131274086379,0.11389961388704319,0.14864864863787375,0.0019305019302325581,0.30501930501661134,0.009652509651162792,0.005791505790697675,0.0019305019302325581,0.013513513514950167,0.0038610038604651163,0.009652509651162792,0.242494226,0.361003861,0.397228637,0.758232498,0.34469697,30.5019305,14.86486486,266,301,45,0.1760797342192691,0.8,0.2,0.0,0.026578073089700997,0.11960132890365449,0.06976744186046512,0.10963455149501661,0.0,0.3388704318936877,0.006644518272425249,0.0,0.0,0.019933554817275746,0.0,0.019933554817275746,0.199,0.292,0.323,0.616,0.288,33.9,11.0,,,,,,,,,
170,Jose Siri,TBR,120,417.7297297,448,75.24324324,0.20656370656249998,0.7126436781700852,0.24137931032649626,0.04597701149012832,0.03861003861607143,0.13706563707589287,0.14671814671875,0.0540540540625,0.0,0.34555984553571434,0.007722007720982143,0.005791505792410714,0.0019305019308035714,0.03667953667410714,0.007722007720982143,0.028957528950892857,0.221532091,0.268339768,0.405797101,0.67413687,0.303135889,34.55598456,5.405405405,402,448,57,0.16741071428571427,0.7017543859649122,0.2807017543859649,0.017543859649122806,0.04017857142857143,0.11160714285714286,0.10491071428571429,0.06919642857142858,0.0,0.3794642857142857,0.015625,0.008928571428571428,0.004464285714285714,0.03125,0.015625,0.015625,0.187,0.255,0.366,0.62,0.261,37.9,6.9,,,,,,,,,
171,Kerry Carpenter,DET,120,270.2857143,296,57.714285710000006,0.2335907335810811,0.7524752476053818,0.22772277224463286,0.019801980201965493,0.03861003861486487,0.11776061777027028,0.13899613898648647,0.06370656371621622,0.005791505790540541,0.23552123550675674,0.015444015442567568,0.005791505790540541,0.0,0.0077220077229729735,0.005791505790540541,0.001930501929054054,0.255813953,0.313346228,0.4397463,0.753092528,0.30239521,23.55212355,6.370656371,264,296,57,0.2533783783783784,0.631578947368421,0.2807017543859649,0.08771929824561403,0.060810810810810814,0.125,0.19256756756756757,0.07432432432432433,0.0033783783783783786,0.2533783783783784,0.013513513513513514,0.010135135135135136,0.0,0.0,0.006756756756756757,-0.006756756756756757,0.284,0.345,0.587,0.932,0.328,25.3,7.4,,,,,,,,,
172,Gabriel Moreno,ARI,130,317.6038835,351,80.423300971,0.2504854368945869,0.7881355932263453,0.2033898304659032,0.008474576270448819,0.0213592233019943,0.10485436894586894,0.11844660193732194,0.0718446601994302,0.0,0.186407766980057,0.011650485435897437,0.011650485435897437,0.0,0.011650485435897437,0.0019417475726495727,0.009708737863247862,0.276824034,0.333980583,0.403433476,0.737414059,0.323287671,18.6407767,7.184466019,305,351,76,0.23076923076923078,0.75,0.23684210526315788,0.013157894736842105,0.014245014245014245,0.1111111111111111,0.1282051282051282,0.1168091168091168,0.002849002849002849,0.14814814814814814,0.005698005698005698,0.008547008547008548,0.0,0.008547008547008548,0.002849002849002849,0.005698005698005698,0.266,0.353,0.38,0.734,0.303,14.8,11.7,,,,,,,,,
173,Will Smith,LAD,130,462.5058366,544,99.48638128,0.21984435790441179,0.7446808513568239,0.2340425532663419,0.0212765957587959,0.036964980551470586,0.13424124512867647,0.1400778210110294,0.1108949416360294,0.005836575875,0.1692607003860294,0.025291828786764704,0.015564202334558823,0.0,0.0038910505845588233,0.0019455252922794116,0.0019455252922794116,0.258581236,0.355339806,0.448512586,0.803852392,0.277286136,16.92607004,11.08949416,476,544,98,0.21691176470588236,0.7346938775510204,0.24489795918367346,0.02040816326530612,0.03676470588235294,0.14154411764705882,0.13786764705882354,0.09375,0.011029411764705883,0.19301470588235295,0.016544117647058824,0.014705882352941176,0.0,0.001838235294117647,0.001838235294117647,0.0,0.248,0.327,0.433,0.76,0.273,19.3,9.4,,,,,,,,,
174,J.T. Realmuto,PHI,130,371.9415205,413,78.89668616,0.2280701754479419,0.7244897958588733,0.24489795922247387,0.03061224489330313,0.03703703704600484,0.1267056530266344,0.13255360624697338,0.07212475634382566,0.003898635476997579,0.24171539961259078,0.019493177387409202,0.007797270953995158,0.0,0.02534113060532688,0.005847953215496368,0.019493177387409202,0.253246753,0.319688109,0.441558442,0.761246551,0.303405573,24.17153996,7.212475634,380,413,87,0.24455205811138014,0.7816091954022989,0.20689655172413793,0.011494252873563218,0.03389830508474576,0.12106537530266344,0.11380145278450363,0.06537530266343826,0.002421307506053269,0.2469733656174334,0.012106537530266344,0.002421307506053269,0.0,0.004842615012106538,0.004842615012106538,0.0,0.266,0.322,0.429,0.751,0.328,24.7,6.5,,,,,,,,,
176,Masyn Winn,STL,118,578.4109589,637,127.15068493000001,0.22113502935635795,0.7647058823436885,0.1960784313802595,0.04901960784113253,0.02152641879120879,0.1389432485400314,0.11545988259026686,0.0724070450078493,0.0,0.19960861051805337,0.007827788649921506,0.007827788649921506,0.003913894324960753,0.025440313108320248,0.003913894324960753,0.02152641879120879,0.243534483,0.302554028,0.381465517,0.684019545,0.287323944,19.96086106,7.240704501,587,637,142,0.24646781789638933,0.7394366197183099,0.22535211267605634,0.035211267605633804,0.023547880690737835,0.13343799058084774,0.08948194662480377,0.06436420722135008,0.0015698587127158557,0.17111459968602827,0.0015698587127158557,0.007849293563579277,0.004709576138147566,0.01726844583987441,0.007849293563579277,0.009419152276295133,0.267,0.314,0.416,0.73,0.303,17.1,6.4,,,,,,,,,
178,Jarren Duran,BOS,118,673.1506849,735,155.34246573000001,0.2348336594557823,0.6666666665379188,0.2592592592807172,0.0648148148201793,0.023483365945578233,0.13307240704761905,0.11937377691156463,0.0684931506802721,0.001956947161904762,0.2524461839455782,0.01174168297414966,0.003913894325170068,0.0,0.04696673190476191,0.00587084148707483,0.04109589040816326,0.256410256,0.315068493,0.420940171,0.736008664,0.328267477,25.2446184,6.849315068,671,735,170,0.2598639455782313,0.6352941176470588,0.2823529411764706,0.08235294117647059,0.02857142857142857,0.1510204081632653,0.10204081632653061,0.07346938775510205,0.0013605442176870747,0.21768707482993196,0.00816326530612245,0.004081632653061225,0.0013605442176870747,0.04625850340136054,0.009523809523809525,0.036734693877551024,0.285,0.342,0.492,0.834,0.345,21.8,7.3,,,,,,,,,
179,Mike Yastrzemski,SFG,118,412.778865,474,77.91780822,0.19960861056962023,0.6309523808882107,0.3333333333333333,0.02380952380952381,0.03522504892405063,0.13894324852320675,0.11741682974683544,0.10958904109704641,0.003913894324894515,0.26027397257383966,0.011741682974683544,0.005870841487341772,0.0019569471624472576,0.005870841487341772,0.0019569471624472576,0.003913894324894515,0.229213483,0.321568627,0.420224719,0.741793347,0.282828283,26.02739726,10.95890411,428,474,81,0.2088607594936709,0.691358024691358,0.19753086419753085,0.1111111111111111,0.0379746835443038,0.12658227848101267,0.12025316455696203,0.08016877637130802,0.002109704641350211,0.2616033755274262,0.012658227848101266,0.002109704641350211,0.002109704641350211,0.006329113924050633,0.004219409282700422,0.002109704641350211,0.231,0.302,0.437,0.739,0.282,26.2,8.0,,,,,,,,,
180,Noelvi Marte,CIN,118,219.741683,242,52.567514677,0.24266144814049587,0.8018018017207391,0.18918918918096297,0.01801801802538735,0.02544031311157025,0.1272015655371901,0.1272015655371901,0.07632093933884297,0.001956947161157025,0.21330724070247936,0.009784735814049586,0.005870841487603306,0.0,0.03131115459917356,0.011741682975206611,0.019569471623966942,0.267241379,0.328767123,0.407327586,0.736094709,0.32173913,21.33072407,7.632093933,229,242,44,0.19834710743801653,0.7954545454545454,0.20454545454545456,0.0,0.01652892561983471,0.09917355371900827,0.0743801652892562,0.0371900826446281,0.0,0.30991735537190085,0.012396694214876033,0.004132231404958678,0.0,0.0371900826446281,0.012396694214876033,0.024793388429752067,0.21,0.248,0.301,0.549,0.291,31.0,3.7,,,,,,,,,
181,JJ Bleday,OAK,118,556.5675147,642,96.73972605,0.18199608613707163,0.7012987011657968,0.28571428562568274,0.025974025972549258,0.03131115459501557,0.11350293542056074,0.10567514677570095,0.12133072406542057,0.0,0.24070450093457946,0.005870841487538941,0.005870841487538941,0.0,0.009784735811526479,0.003913894325545171,0.005870841487538941,0.20993228,0.309197652,0.379232506,0.688430157,0.250814332,24.0704501,12.13307241,572,642,119,0.21651090342679127,0.6050420168067226,0.36134453781512604,0.03361344537815126,0.03115264797507788,0.11526479750778816,0.09345794392523364,0.1043613707165109,0.003115264797507788,0.19470404984423675,0.003115264797507788,0.0,0.001557632398753894,0.003115264797507788,0.004672897196261682,-0.001557632398753894,0.243,0.324,0.437,0.762,0.279,19.5,10.4,,,,,,,,,
182,Ramon Laureano,CLE,117,274.6666667,309,53.33928571,0.2043650793527508,0.7011494252722719,0.2758620689073341,0.022988505745402493,0.03174603174757282,0.125,0.11507936508090616,0.0793650793527508,0.0,0.2698412698381877,0.0297619047605178,0.00198412698381877,0.0,0.02579365079288026,0.00793650793527508,0.017857142857605177,0.229910714,0.313492063,0.399553571,0.713045635,0.292929293,26.98412698,7.936507937,286,309,63,0.23948220064724918,0.7301587301587301,0.25396825396825395,0.015873015873015872,0.03559870550161812,0.11326860841423948,0.10679611650485436,0.04854368932038835,0.0,0.3106796116504854,0.022653721682847898,0.003236245954692557,0.0,0.025889967637540454,0.009708737864077669,0.016181229773462782,0.259,0.311,0.437,0.748,0.35,31.1,4.9,,,,,,,,,
183,Colt Keith,DET,117,505.2539683,556,109.21428575,0.23015873021582733,0.7070707068191397,0.2626262625171268,0.030303030297481024,0.03373015872302158,0.12896825397482015,0.13492063492805756,0.07936507937050359,0.0019841269838129496,0.23015873021582733,0.00595238095323741,0.00793650793705036,0.0,0.003968253967625899,0.0019841269838129496,0.0019841269838129496,0.253275109,0.314851485,0.434497817,0.749349302,0.300911854,23.01587302,7.936507937,516,556,121,0.24100719424460432,0.8429752066115702,0.12396694214876033,0.03305785123966942,0.023381294964028777,0.09712230215827339,0.10971223021582734,0.06474820143884892,0.0035971223021582736,0.19784172661870503,0.0035971223021582736,0.0035971223021582736,0.0,0.012589928057553957,0.0017985611510791368,0.01079136690647482,0.26,0.309,0.38,0.689,0.306,19.8,6.5,,,,,,,,,
185,J.D. Martinez,,117,445.8928571,495,87.41071424,0.22023809515151516,0.6741573037397023,0.31460674173756753,0.011235955060421663,0.043650793656565656,0.12103174604040404,0.15873015872727272,0.08333333333333333,0.003968253967676767,0.2857142856565657,0.0059523809515151516,0.009920634921212122,0.0,0.0019841269838383837,0.0019841269838383837,0.0,0.244493392,0.30952381,0.455947137,0.765470946,0.303754266,28.57142857,8.333333333,434,495,86,0.20606060606060606,0.7093023255813954,0.27906976744186046,0.011627906976744186,0.03232323232323232,0.09292929292929293,0.1393939393939394,0.09898989898989899,0.0,0.28484848484848485,0.012121212121212121,0.00404040404040404,0.0,0.0,0.0,0.0,0.235,0.32,0.406,0.725,0.308,28.5,9.9,,,,,,,,,
186,Tommy Pham,,117,422.9920635,478,93.89285712,0.22023809518828452,0.7373737375092884,0.24242424246297128,0.02020202020879775,0.02380952380753138,0.1190476190376569,0.10714285713389121,0.10119047619246863,0.0019841269832635983,0.2380952380753138,0.005952380951882845,0.007936507937238494,0.0,0.029761904769874475,0.005952380951882845,0.02380952380753138,0.248878924,0.327380952,0.392376682,0.719757634,0.311320755,23.80952381,10.11904762,440,478,100,0.2280334728033473,0.77,0.2,0.03,0.01882845188284519,0.10251046025104603,0.08158995815899582,0.07322175732217573,0.0,0.2217573221757322,0.0041841004184100415,0.0020920502092050207,0.0,0.014644351464435146,0.006276150627615063,0.008368200836820083,0.248,0.305,0.368,0.674,0.307,22.2,7.3,,,,,,,,,
187,Francisco Alvarez,NYM,125,298.4850895,342,51.673956260000004,0.19483101391812865,0.7631578946961007,0.23684210530389915,0.0,0.04373757456140351,0.12127236581871344,0.14711729622807018,0.10536779324561403,0.0019880715701754387,0.2664015904678363,0.013916500994152045,0.005964214710526316,0.0,0.003976143140350877,0.0019880715701754387,0.0019880715701754387,0.223234624,0.314741036,0.414578588,0.729319624,0.265734266,26.64015905,10.53677932,308,342,62,0.2134502923976608,0.7419354838709677,0.22580645161290322,0.03225806451612903,0.03216374269005848,0.11403508771929824,0.13742690058479531,0.08771929824561403,0.0,0.25146198830409355,0.005847953216374269,0.005847953216374269,0.0,0.0029239766081871343,0.0029239766081871343,0.0,0.237,0.307,0.403,0.71,0.291,25.1,8.8,,,,,,,,,
188,Keibert Ruiz,WSN,125,447.9919679,485,103.2329317,0.24698795175257732,0.7735849058522863,0.22641509443831867,0.0,0.03413654618556701,0.10441767068041237,0.11847389558762886,0.062248995979381445,0.0020080321278350514,0.10441767068041237,0.010040160643298969,0.004016064257731959,0.0,0.004016064257731959,0.0020080321278350514,0.0020080321278350514,0.267391304,0.319277108,0.430434783,0.749711891,0.269720102,10.44176707,6.224899598,459,485,92,0.21649484536082475,0.7717391304347826,0.22826086956521738,0.0,0.026804123711340205,0.09484536082474226,0.11752577319587629,0.032989690721649485,0.0,0.11134020618556702,0.010309278350515464,0.010309278350515464,0.0,0.006185567010309278,0.002061855670103093,0.004123711340206186,0.229,0.26,0.359,0.619,0.232,11.1,3.3,,,,,,,,,
189,Brandon Lowe,TBR,115,372.8370221,425,68.41046277999999,0.20925553319999998,0.6999999999122942,0.27499999993422064,0.012500000003654413,0.04828973842352941,0.13682092555294117,0.1488933601647059,0.10261569416470588,0.0020120724352941173,0.2655935614117647,0.014084507042352942,0.006036217303529412,0.0,0.012072434607058823,0.0020120724352941173,0.010060362174117647,0.23853211,0.325955734,0.456422018,0.782377753,0.282685512,26.55935614,10.26156942,385,425,73,0.2211764705882353,0.6986301369863014,0.2602739726027397,0.0410958904109589,0.04941176470588235,0.13176470588235295,0.13647058823529412,0.07764705882352942,0.004705882352941176,0.2635294117647059,0.011764705882352941,0.004705882352941176,0.0,0.011764705882352941,0.002352941176470588,0.009411764705882352,0.244,0.311,0.473,0.783,0.287,26.4,7.8,,,,,,,,,
190,Logan O'Hoppe,LAA,125,455.6975806,522,89.45564517,0.22379032260536397,0.8235294116989487,0.1647058823621472,0.011764705883010514,0.052419354846743295,0.12298387097701151,0.14112903226053639,0.1008064516091954,0.00201612903256705,0.21169354846743296,0.020161290325670496,0.0040322580651341,0.0,0.0040322580651341,0.0040322580651341,0.0,0.256351039,0.345454545,0.473441109,0.818895654,0.279605263,21.16935484,10.08064516,479,522,97,0.22413793103448276,0.8144329896907216,0.17525773195876287,0.010309278350515464,0.038314176245210725,0.12260536398467432,0.10727969348659004,0.06321839080459771,0.0,0.29693486590038315,0.01532567049808429,0.0019157088122605363,0.0019157088122605363,0.0038314176245210726,0.005747126436781609,-0.0019157088122605363,0.244,0.303,0.409,0.712,0.318,29.7,6.3,,,,,,,,,
191,Willson Contreras,STL,123,308.6206897,358,60.99797161000001,0.2068965517318436,0.7142857142622941,0.2857142857377057,0.0,0.03651115617318436,0.11764705882681566,0.1318458417877095,0.09533468558659217,0.0,0.23326572008379887,0.034482758631284915,0.006085192698324022,0.0,0.008113590262569833,0.006085192698324022,0.002028397567039106,0.24,0.337398374,0.423529412,0.760927786,0.284745763,23.32657201,9.53346856,301,358,64,0.2206703910614525,0.734375,0.265625,0.0,0.04189944134078212,0.1340782122905028,0.1005586592178771,0.12569832402234637,0.00558659217877095,0.2681564245810056,0.0335195530726257,0.0,0.0,0.0111731843575419,0.002793296089385475,0.008379888268156424,0.262,0.38,0.468,0.848,0.337,26.8,12.6,,,,,,,,,
192,Luis Campusano,SDP,122,274.1338742,299,61.255578097000004,0.23529411765886288,0.7920792079240248,0.19801980189938095,0.009900990094969047,0.03042596348829431,0.115618661270903,0.1298174442140468,0.0649087221070234,0.0,0.18255578093645486,0.012170385394648828,0.006085192698996655,0.0,0.0,0.002028397565217391,-0.002028397565217391,0.256637168,0.312373225,0.404867257,0.717240482,0.288571429,18.25557809,6.490872211,277,299,55,0.21070234113712374,0.7636363636363637,0.23636363636363636,0.0,0.026755852842809364,0.12374581939799331,0.13377926421404682,0.06688963210702341,0.0,0.13712374581939799,0.0033444816053511705,0.0033444816053511705,0.0,0.0,0.0,0.0,0.227,0.281,0.361,0.642,0.24,13.7,6.7,,,,,,,,,
193,Alex Verdugo,NYY,113,563.9693878,621,135.60612243,0.24285714283413848,0.7383177573835742,0.25233644865602256,0.018691588790973736,0.024489795925925924,0.13469387755233495,0.10408163265700483,0.07551020407407408,0.0040816326537842194,0.15510204082125603,0.006122448979066023,0.008163265305958132,0.0,0.006122448979066023,0.0040816326537842194,0.0020408163268921097,0.26741573,0.325153374,0.420224719,0.745378093,0.296398892,15.51020408,7.551020408,559,621,117,0.20933977455716588,0.7521367521367521,0.23931623931623933,0.008547008547008548,0.020933977455716585,0.11916264090177134,0.09822866344605476,0.07890499194847021,0.0,0.1497584541062802,0.001610305958132045,0.01610305958132045,0.00322061191626409,0.00322061191626409,0.001610305958132045,0.001610305958132045,0.233,0.291,0.356,0.647,0.253,15.0,7.9,,,,,,,,,
194,Jonathan India,CIN,113,547.3,637,119.60000000000001,0.2163265306122449,0.7391304347826086,0.24999999999999997,0.010869565217391304,0.02857142857142857,0.14081632653061224,0.11428571428571428,0.1,0.0020408163265306124,0.20816326530612245,0.0326530612244898,0.00816326530612245,0.0,0.02040816326530612,0.006122448979591836,0.014285714285714285,0.251781473,0.348979592,0.410926366,0.759905958,0.297734628,20.81632653,10.0,533,637,117,0.20722135007849293,0.7435897435897436,0.23931623931623933,0.017094017094017096,0.023547880690737835,0.13186813186813187,0.09105180533751962,0.12558869701726844,0.0,0.19623233908948196,0.023547880690737835,0.01098901098901099,0.0031397174254317113,0.02040816326530612,0.0031397174254317113,0.01726844583987441,0.248,0.357,0.392,0.75,0.293,19.6,12.6,,,,,,,,,
195,Seth Brown,OAK,113,364.8979592,400,66.12244898,0.210204081625,0.6790123456192654,0.28395061722046944,0.024691358021143882,0.044897959175,0.11428571427499999,0.136734693875,0.079591836725,0.0040816326525,0.27346938775,0.0040816326525,0.0040816326525,0.0,0.010204081632499999,0.0020408163274999998,0.008163265305,0.230425056,0.293877551,0.436241611,0.730119162,0.276450512,27.34693878,7.959183673,372,400,72,0.215,0.8333333333333334,0.1527777777777778,0.013888888888888888,0.035,0.08,0.11,0.0625,0.0,0.28,0.005,0.0025,0.0,0.01,0.005,0.005,0.231,0.283,0.379,0.662,0.291,28.0,6.3,,,,,,,,,
196,Luis Garcia Jr.,WSN,113,492.4408163,528,118.53061225999998,0.24897959185606058,0.7545454544166041,0.20909090906943403,0.027272727267358507,0.02448979590909091,0.12448979590909091,0.11428571428030303,0.05510204081439394,0.002040816325757576,0.15306122448863635,0.002040816325757576,0.008163265306818183,0.002040816325757576,0.012244897958333334,0.006122448979166667,0.006122448979166667,0.266958425,0.306748466,0.407002188,0.713750654,0.294117647,15.30612245,5.510204082,500,528,123,0.26704545454545453,0.7886178861788617,0.2032520325203252,0.008130081300813009,0.03409090909090909,0.10984848484848485,0.13257575757575757,0.05113636363636364,0.003787878787878788,0.16287878787878787,0.0,0.001893939393939394,0.0,0.041666666666666664,0.00946969696969697,0.032196969696969696,0.282,0.318,0.444,0.762,0.31,16.3,5.1,,,,,,,,,
197,Andrew McCutchen,PIT,113,440.377551,515,90.38775509,0.2020408163106796,0.7558139535822828,0.2441860465283517,0.0,0.026530612252427185,0.11836734693203883,0.09591836733980583,0.1285714285631068,0.0020408163262135926,0.21632653067961163,0.006122448978640777,0.008163265306796117,0.0,0.016326530611650486,0.004081632652427185,0.0122448979592233,0.23627685,0.337423313,0.37947494,0.716898253,0.282894737,21.63265306,12.85714286,448,515,84,0.20194174757281552,0.7738095238095238,0.21428571428571427,0.011904761904761904,0.038834951456310676,0.12815533980582525,0.0970873786407767,0.11262135922330097,0.001941747572815534,0.258252427184466,0.013592233009708738,0.003883495145631068,0.0,0.005825242718446602,0.003883495145631068,0.001941747572815534,0.232,0.328,0.411,0.739,0.283,25.8,11.3,,,,,,,,,
198,Jordan Westburg,BAL,112,403.5031056,447,86.99378882,0.22567287785234902,0.7127659574443627,0.255319148887255,0.03191489362240194,0.031055900626398212,0.1345755693512304,0.13043478261744965,0.07660455485458613,0.0,0.2525879917225951,0.014492753624161072,0.006211180125279642,0.0,0.014492753624161072,0.004140786749440716,0.010351966874720358,0.25,0.316770186,0.422018349,0.738788535,0.311258278,25.25879917,7.660455487,416,447,92,0.24608501118568232,0.6630434782608695,0.2826086956521739,0.05434782608695652,0.040268456375838924,0.12751677852348994,0.14093959731543623,0.049217002237136466,0.0,0.21700223713646533,0.015659955257270694,0.0022371364653243847,0.0022371364653243847,0.013422818791946308,0.006711409395973154,0.006711409395973154,0.264,0.312,0.481,0.792,0.305,21.7,4.9,,,,,,,,,
199,Jack Suwinski,PIT,112,233.4140787,277,41.29192547,0.1966873706137184,0.6944444443704455,0.2638888888317079,0.04166666665253961,0.04761904761732852,0.12836438924187726,0.13664596274368232,0.13871635610108302,0.004140786750902527,0.304347826101083,0.008281573498194946,0.008281573498194946,0.0,0.018633540371841156,0.006211180122743683,0.012422360249097474,0.233415233,0.34439834,0.464373464,0.808771805,0.298755187,30.43478261,13.87163561,247,277,36,0.1624548736462094,0.7777777777777778,0.2222222222222222,0.0,0.032490974729241874,0.10469314079422383,0.09386281588447654,0.09747292418772563,0.007220216606498195,0.2851985559566787,0.0036101083032490976,0.0036101083032490976,0.0036101083032490976,0.032490974729241874,0.0036101083032490976,0.02888086642599278,0.182,0.264,0.324,0.588,0.225,28.5,9.7,,,,,,,,,
200,Mickey Moniak,LAA,112,392.9026915,418,77.02277433,0.2236024844736842,0.7191011235546596,0.21348314603094615,0.05617977527608489,0.03933747411483254,0.11180124222488039,0.1304347826076555,0.04554865423444976,0.004140786748803828,0.3126293995215311,0.0082815735,0.006211180124401913,0.0,0.012422360248803827,0.006211180124401913,0.006211180124401913,0.237885463,0.277432712,0.425110132,0.702542844,0.31010453,31.26293996,4.554865424,392,418,72,0.20574162679425836,0.7361111111111112,0.2361111111111111,0.027777777777777776,0.03349282296650718,0.11483253588516747,0.11722488038277512,0.050239234449760764,0.0,0.2727272727272727,0.009569377990430622,0.0023923444976076554,0.0,0.019138755980861243,0.009569377990430622,0.009569377990430622,0.219,0.266,0.38,0.646,0.272,27.3,5.0,,,,,,,,,
201,LaMonte Wade Jr.,SFG,110,336.9747899,401,69.9222689,0.20798319326683293,0.7831325301859591,0.2048192771101568,0.024096385550784093,0.033613445386533665,0.1281512604987531,0.10924369748129677,0.1302521008478803,0.004201680673316708,0.19537815127182043,0.014705882354114713,0.006302521007481297,0.006302521007481297,0.006302521007481297,0.002100840336658354,0.004201680673316708,0.2475,0.355932203,0.4225,0.778432203,0.282312925,19.53781513,13.02521008,331,401,78,0.2144638403990025,0.7948717948717948,0.20512820512820512,0.0,0.0199501246882793,0.11221945137157108,0.08478802992518704,0.1546134663341646,0.012468827930174564,0.22443890274314215,0.00997506234413965,0.007481296758104738,0.0024937655860349127,0.004987531172069825,0.0024937655860349127,0.0024937655860349127,0.26,0.38,0.381,0.761,0.331,22.4,15.5,,,,,,,,,
202,Will Benson,CIN,110,329.3109244,388,62.764705879999994,0.19327731092783504,0.6623376623397316,0.24675324679462995,0.07792207793263063,0.03151260505154639,0.14705882353092783,0.12394957981958764,0.13445378152061854,0.0021008403350515465,0.3088235293814433,0.01050420168041237,0.004201680672680412,0.0021008403350515465,0.03781512605670103,0.0063025210077319585,0.03151260505154639,0.227722772,0.338947368,0.413366337,0.752313705,0.31557377,30.88235294,13.44537815,343,388,50,0.16494845360824742,0.58,0.38,0.04,0.03608247422680412,0.1056701030927835,0.11082474226804123,0.10309278350515463,0.0,0.39690721649484534,0.005154639175257732,0.005154639175257732,0.002577319587628866,0.041237113402061855,0.01804123711340206,0.023195876288659795,0.187,0.274,0.376,0.65,0.282,39.7,10.3,,,,,,,,,
203,Brice Turang,MIL,110,556.5798319,619,123.53991596,0.21638655460420034,0.8000000000161891,0.17894736845343082,0.031578947368421054,0.01680672268174475,0.11764705882067852,0.09453781512116317,0.08823529411954767,0.0021008403360258483,0.2079831932148627,0.0021008403360258483,0.006302521008077545,0.004201680672051697,0.0399159663812601,0.008403361344103393,0.03151260504038772,0.240654206,0.308016878,0.352803738,0.660820616,0.293209877,20.79831933,8.823529412,559,619,135,0.2294022617124394,0.7925925925925926,0.17777777777777778,0.02962962962962963,0.011308562197092083,0.11631663974151858,0.09208400646203554,0.08077544426494346,0.0016155088852988692,0.16962843295638125,0.0032310177705977385,0.004846526655896607,0.008077544426494346,0.08077544426494346,0.009693053311793215,0.07108239095315025,0.254,0.316,0.349,0.665,0.3,17.0,8.1,,,,,,,,,
204,Jackson Holliday,BAL,109,183.6076759,208,43.019189766,0.22388059701923077,0.7731958763270029,0.18556701031383158,0.051546391762882005,0.017057569298076922,0.1407249466826923,0.11513859274038461,0.11300639658653845,0.004264392322115384,0.23027718548076923,0.004264392322115384,0.0021321961634615384,0.0,0.01918976545673077,0.0106609808125,0.008528784649038461,0.253623188,0.340425532,0.381642512,0.722068044,0.324414716,23.02771855,11.30063966,190,208,31,0.17307692307692307,0.8064516129032258,0.12903225806451613,0.06451612903225806,0.02403846153846154,0.1346153846153846,0.11057692307692307,0.07211538461538461,0.0,0.3317307692307692,0.009615384615384616,0.004807692307692308,0.0,0.019230769230769232,0.0,0.019230769230769232,0.189,0.255,0.311,0.565,0.265,33.2,7.2,,,,,,,,,
205,Matt Wallner,MIN,109,224.8272921,261,43.407249467,0.20042643923371647,0.6666666666359499,0.2948717948537783,0.03846153846419665,0.03411513859386973,0.12579957356321841,0.14285714287356321,0.10447761195402298,0.006396588486590038,0.3390191897701149,0.02985074626819923,0.004264392325670498,0.0,0.004264392325670498,0.004264392325670498,0.0,0.232673267,0.334754797,0.423267327,0.758022124,0.337662338,33.90191898,10.44776119,220,261,44,0.21839080459770116,0.5909090909090909,0.38636363636363635,0.022727272727272728,0.04980842911877394,0.09961685823754789,0.1417624521072797,0.09195402298850575,0.0,0.36398467432950193,0.06130268199233716,0.0038314176245210726,0.0,0.011494252873563218,0.0,0.011494252873563218,0.259,0.372,0.523,0.894,0.389,36.4,9.2,,,,,,,,,
206,Victor Robles,WSN,109,257.2601279,295,58.496801704999996,0.21321961620338983,0.7311827956970867,0.23655913975921192,0.021505376351071057,0.014925373135593221,0.11727078891525425,0.08955223881355932,0.0703624733559322,0.0021321961627118646,0.21961620467796608,0.03411513857627119,0.004264392325423729,0.019189765457627118,0.036247334745762715,0.010660980810169491,0.02558635394576271,0.244498778,0.323913043,0.356968215,0.680881259,0.3089701,21.96162047,7.036247335,254,295,74,0.26440677966101694,0.7297297297297297,0.2702702702702703,0.0,0.013559322033898305,0.14915254237288136,0.09491525423728814,0.0711864406779661,0.0,0.17966101694915254,0.03728813559322034,0.010169491525423728,0.020338983050847456,0.1152542372881356,0.006779661016949152,0.10847457627118644,0.307,0.381,0.433,0.814,0.37,18.0,7.1,,,,,,,,,
207,Joey Gallo,WSN,109,218.9765458,260,26.609808100000002,0.157782516,0.7291666665570579,0.2500000000375801,0.020833333330201653,0.055437100230769226,0.12366737738461539,0.11940298507692308,0.144989339,0.004264392323076923,0.37100213219230765,0.008528784650000001,0.0021321961615384617,0.0,0.006396588484615384,0.0021321961615384617,0.004264392323076923,0.187341772,0.311965812,0.420253165,0.732218977,0.244897959,37.10021322,14.4989339,223,260,26,0.13846153846153847,0.6538461538461539,0.34615384615384615,0.0,0.038461538461538464,0.09230769230769231,0.10384615384615385,0.12307692307692308,0.0,0.3923076923076923,0.015384615384615385,0.0038461538461538464,0.0,0.011538461538461539,0.0038461538461538464,0.007692307692307693,0.161,0.277,0.336,0.613,0.232,39.2,12.3,,,,,,,,,
208,Jackson Merrill,SDP,109,555.0682303,593,125.17484012999999,0.2345415779089376,0.7777777775381131,0.19191919186835396,0.03030303028995768,0.02345415779089376,0.1279317697301855,0.11087420042158515,0.04904051172006745,0.0,0.16631130064080943,0.004264392323777403,0.0063965884856661045,0.0063965884856661045,0.01705756929173693,0.0063965884856661045,0.010660980809443507,0.250569476,0.289079229,0.382687927,0.671767156,0.280453258,16.63113006,4.904051173,554,593,138,0.27318718381112983,0.7318840579710145,0.2246376811594203,0.043478260869565216,0.04047217537942664,0.12984822934232715,0.15177065767284992,0.048903878583473864,0.0016863406408094434,0.1703204047217538,0.0016863406408094434,0.008431703204047217,0.006745362563237774,0.026981450252951095,0.00505902192242833,0.021922428330522766,0.292,0.326,0.5,0.826,0.318,17.0,4.9,,,,,,,,,
212,Joc Pederson,ARI,107,386.8008658,449,79.69264068999999,0.21428571427616927,0.7317073170762314,0.2195121950852248,0.03658536586008568,0.03679653679287306,0.1298701298663697,0.12337662338530067,0.11038961037861916,0.006493506494432071,0.22510822516703785,0.01948051948106904,0.008658008657015591,0.0,0.0021645021648106903,0.0021645021648106903,0.0,0.248743719,0.344155844,0.434673367,0.778829211,0.291814947,22.51082251,11.03896104,367,449,78,0.22494432071269488,0.7692307692307693,0.21794871794871795,0.01282051282051282,0.051224944320712694,0.13808463251670378,0.14253897550111358,0.12249443207126949,0.004454342984409799,0.23385300668151449,0.0400890868596882,0.0066815144766146995,0.0022271714922048997,0.015590200445434299,0.008908685968819599,0.0066815144766146995,0.275,0.393,0.515,0.908,0.322,23.4,12.2,,,,,,,,,
213,Carlos Santana,MIN,107,513.0,594,95.14285711,0.1926406925925926,0.7567567570180992,0.2567567568604416,0.0,0.03246753247474748,0.11255411255892256,0.12337662338383838,0.1277056277104377,0.0021645021649831647,0.17748917744107742,0.0021645021649831647,0.006493506493265993,0.0,0.006493506493265993,0.0021645021649831647,0.004329004328282829,0.223057644,0.322510823,0.385964912,0.708475735,0.242622951,17.74891775,12.77056277,521,594,101,0.20875420875420875,0.7425742574257426,0.25742574257425743,0.0,0.03872053872053872,0.10606060606060606,0.11952861952861953,0.10942760942760943,0.005050505050505051,0.16666666666666666,0.010101010101010102,0.003367003367003367,0.0,0.006734006734006734,0.0,0.006734006734006734,0.238,0.328,0.42,0.749,0.252,16.7,10.9,,,,,,,,,
214,Gavin Lux,LAD,105,436.6945055,487,99.540659367,0.22417582422997948,0.774193548144693,0.18279569892051828,0.04301075267358893,0.019780219780287475,0.13846153845995893,0.10549450550308008,0.09670329669404518,0.0021978021971252567,0.21318681314168378,0.0021978021971252567,0.004395604396303902,0.0,0.013186813186858317,0.004395604396303902,0.008791208790554415,0.25,0.323076923,0.37745098,0.700527903,0.305921053,21.31868132,9.67032967,439,487,100,0.22587268993839835,0.74,0.24,0.02,0.02053388090349076,0.12114989733059549,0.1026694045174538,0.09034907597535935,0.0,0.22587268993839835,0.004106776180698152,0.004106776180698152,0.0,0.01026694045174538,0.004106776180698152,0.006160164271047228,0.251,0.32,0.383,0.703,0.312,22.6,9.0,,,,,,,,,
215,Jesus Sanchez,MIA,105,485.0703297,537,101.49890106,0.2285714284916201,0.7441860467567903,0.22093023260167305,0.034883720946958595,0.039560439553072625,0.11648351648044693,0.13406593405959033,0.08571428571694599,0.0021978021973929236,0.2527472527001862,0.008791208791433892,0.0021978021973929236,0.0,0.006593406594040969,0.0021978021973929236,0.004395604394785847,0.253041362,0.323076923,0.445255474,0.768332398,0.308243728,25.27472527,8.571428571,489,537,105,0.22905027932960895,0.7523809523809524,0.23809523809523808,0.009523809523809525,0.0335195530726257,0.11173184357541899,0.1191806331471136,0.07635009310986965,0.0037243947858473,0.260707635009311,0.0074487895716946,0.0037243947858473,0.00186219739292365,0.0297951582867784,0.0037243947858473,0.0260707635009311,0.252,0.313,0.417,0.731,0.315,26.1,7.6,,,,,,,,,
216,Giancarlo Stanton,NYY,105,405.5340659,459,67.58901098999999,0.20219780220043573,0.7761194030159903,0.22388059698400986,0.0,0.05494505494553377,0.10549450549019607,0.15164835165577342,0.10549450549019607,0.004395604396514161,0.2923076923747277,0.006593406592592593,0.004395604396514161,0.0,0.0,0.0021978021982570805,-0.0021978021982570805,0.228855721,0.314285714,0.452736318,0.767022033,0.272357724,29.23076923,10.54945055,417,459,70,0.2113289760348584,0.7142857142857143,0.2857142857142857,0.0,0.058823529411764705,0.10675381263616558,0.1568627450980392,0.08278867102396514,0.004357298474945534,0.3115468409586057,0.004357298474945534,0.004357298474945534,0.0,0.0,0.0,0.0,0.233,0.298,0.475,0.773,0.281,31.2,8.3,,,,,,,,,
217,Harrison Bader,NYM,104,397.9821429,437,88.76562496,0.22991071418764303,0.7582417585673471,0.21978021986316446,0.021978021986316446,0.0267857142791762,0.1294642857208238,0.109375,0.0691964285812357,0.00223214285812357,0.2053571428604119,0.01339285714187643,0.00892857142791762,0.0,0.042410714279176205,0.00892857142791762,0.0334821428604119,0.25245098,0.311804009,0.399509804,0.711313813,0.295454545,20.53571429,6.919642857,402,437,83,0.21739130434782608,0.7710843373493976,0.2289156626506024,0.0,0.02745995423340961,0.13043478260869565,0.11670480549199085,0.04805491990846682,0.002288329519450801,0.21739130434782608,0.018306636155606407,0.013729977116704805,0.0,0.038901601830663615,0.018306636155606407,0.020594965675057208,0.236,0.284,0.373,0.657,0.276,21.7,4.8,,,,,,,,,
219,Adam Duvall,,104,301.2723214,330,54.508928569999995,0.21875,0.6486486487180646,0.31081081089758067,0.02702702703297696,0.05357142857575758,0.12276785715151516,0.15625,0.06696428572727273,0.0022321428575757573,0.30580357151515153,0.013392857142424244,0.006696428572727272,0.0,0.006696428572727272,0.0022321428575757573,0.0044642857151515145,0.239608802,0.299107143,0.479217604,0.778324747,0.294820717,30.58035714,6.696428571,303,330,44,0.16666666666666666,0.7727272727272727,0.22727272727272727,0.0,0.03333333333333333,0.08787878787878788,0.09090909090909091,0.06363636363636363,0.0,0.3,0.015151515151515152,0.0030303030303030303,0.0,0.0,0.0,0.0,0.182,0.245,0.323,0.569,0.227,30.0,6.4,,,,,,,,,
220,Michael Massey,KCR,104,325.8035714,356,71.51785714,0.23214285713483146,0.74444444449416,0.2555555555058399,0.011111111109557497,0.03125,0.11607142856741573,0.12276785713483145,0.05580357143258428,0.0,0.2142857142977528,0.013392857143258425,0.011160714286516854,0.004464285713483146,0.011160714286516854,0.004464285713483146,0.00669642857022472,0.253658537,0.302690583,0.419512195,0.722202778,0.295081967,21.42857143,5.580357143,332,356,72,0.24157303370786518,0.7361111111111112,0.2361111111111111,0.027777777777777776,0.03932584269662921,0.12640449438202248,0.12640449438202248,0.042134831460674156,0.0028089887640449437,0.15730337078651685,0.008426966292134831,0.011235955056179775,0.0056179775280898875,0.0028089887640449437,0.0,0.0028089887640449437,0.259,0.294,0.449,0.743,0.271,15.7,4.2,,,,,,,,,
221,Jake Fraley,CIN,104,333.3973214,382,69.91964286,0.21875,0.7560975609651448,0.21951219517427611,0.012195121944591695,0.035714285706806286,0.11383928570680628,0.1495535714397906,0.109375,0.004464285714659686,0.2142857142931937,0.013392857143979057,0.004464285714659686,0.0,0.040178571439790575,0.011160714285340314,0.029017857146596857,0.250639386,0.341517857,0.421994885,0.763512742,0.291814947,21.42857143,10.9375,350,382,92,0.25392670157068065,0.7717391304347826,0.20652173913043478,0.021739130434782608,0.013089005235602094,0.11518324607329843,0.06806282722513089,0.06806282722513089,0.0,0.18324607329842932,0.007853403141361256,0.007853403141361256,0.0,0.05235602094240838,0.013089005235602094,0.03926701570680628,0.277,0.33,0.386,0.716,0.331,18.3,6.8,,,,,,,,,
222,Isiah Kiner-Falefa,TOR,104,455.0357143,496,108.500000014,0.22991071431451612,0.8163265304937459,0.1632653060618828,0.0204081632600395,0.011160714286290323,0.109375,0.09598214286290323,0.0625,0.0022321428568548387,0.1584821428629032,0.01339285714314516,0.006696428570564517,0.0022321428568548387,0.03571428570564516,0.011160714286290323,0.024553571431451614,0.250608273,0.305803571,0.335766423,0.641569995,0.289940828,15.84821429,6.25,465,496,117,0.25201612903225806,0.811965811965812,0.15384615384615385,0.03418803418803419,0.016129032258064516,0.10685483870967742,0.08669354838709678,0.03225806451612903,0.0,0.15725806451612903,0.020161290322580645,0.004032258064516129,0.006048387096774193,0.02217741935483871,0.004032258064516129,0.018145161290322582,0.269,0.306,0.376,0.683,0.307,15.7,3.2,,,,,,,,,
223,Kevin Kiermaier,TOR,102,254.8752834,281,57.98412698,0.2222222222064057,0.7142857143349889,0.23076923076923078,0.054945054947518675,0.01587301587188612,0.1292517006761566,0.10884353740213523,0.07482993195729537,0.0022675736975088967,0.23129251701067616,0.00907029478291815,0.00907029478291815,0.0,0.02721088435231317,0.004535147391459075,0.022675736960854093,0.245,0.306122449,0.375,0.681122449,0.308474576,23.1292517,7.482993197,259,281,46,0.18149466192170818,0.7391304347826086,0.1956521739130435,0.06521739130434782,0.017793594306049824,0.1103202846975089,0.09252669039145907,0.042704626334519574,0.0,0.30604982206405695,0.0071174377224199285,0.0035587188612099642,0.02491103202846975,0.021352313167259787,0.0071174377224199285,0.014234875444839857,0.197,0.237,0.313,0.55,0.272,30.6,4.3,,,,,,,,,
224,Yainer Diaz,HOU,110,582.5056689,619,129.13378688,0.24943310662358642,0.7608695649985417,0.2173913043074231,0.010869565215371156,0.0408163265266559,0.12018140589660743,0.15646258504038774,0.0408163265266559,0.0,0.19727891163166397,0.006802721088852989,0.00907029478513732,0.0,0.00226757369628433,0.00226757369628433,0.0,0.265060241,0.297727273,0.445783133,0.743510405,0.292993631,19.72789116,4.081632653,585,619,159,0.2827140549273021,0.7987421383647799,0.18238993710691823,0.018867924528301886,0.025848142164781908,0.11308562197092084,0.13570274636510501,0.03877221324717286,0.0016155088852988692,0.172859450726979,0.0032310177705977385,0.012924071082390954,0.0,0.0032310177705977385,0.0,0.0032310177705977385,0.299,0.325,0.441,0.766,0.338,17.3,3.9,,,,,,,,,
225,Kyle Isbel,KCR,102,389.292517,426,88.870748294,0.23129251699530515,0.7065217392148271,0.24999999996061698,0.04347826086956522,0.022675736962441313,0.14058956915492957,0.11337868481220657,0.06802721089201878,0.0,0.20634920633802817,0.009070294784037558,0.004535147392018779,0.0022675736971830987,0.024943310657276993,0.006802721089201878,0.018140589568075117,0.253101737,0.309794989,0.404466501,0.71426149,0.302631579,20.63492063,6.802721088,384,426,80,0.20657276995305165,0.7375,0.1625,0.1,0.018779342723004695,0.14553990610328638,0.09859154929577464,0.06338028169014084,0.0,0.20657276995305165,0.011737089201877934,0.004694835680751174,0.018779342723004695,0.025821596244131457,0.004694835680751174,0.02112676056338028,0.229,0.287,0.367,0.654,0.276,20.7,6.3,,,,,,,,,
226,Geraldo Perdomo,ARI,102,327.292517,388,74.784580499,0.2040816326546392,0.7882352940495299,0.1647058823866065,0.04705882352374843,0.011337868481958762,0.12925170067010308,0.09070294783505155,0.11111111110824744,0.0022675736958762886,0.19501133786082475,0.013605442177835051,0.006802721087628866,0.024943310657216493,0.024943310657216493,0.009070294783505154,0.01587301587371134,0.241935484,0.337209302,0.341397849,0.678607152,0.299295775,19.50113379,11.11111111,337,388,89,0.23711340206185566,0.7415730337078652,0.23595505617977527,0.02247191011235955,0.007731958762886598,0.15721649484536082,0.09536082474226804,0.09278350515463918,0.0,0.14948453608247422,0.007731958762886598,0.01288659793814433,0.01804123711340206,0.023195876288659795,0.002577319587628866,0.020618556701030927,0.273,0.344,0.374,0.718,0.317,14.9,9.3,,,,,,,,,
227,Luke Raley,SEA,102,399.2857143,455,75.31746032,0.20408163265934065,0.7671232876748705,0.21917808221178747,0.01369863013989636,0.03854875283516484,0.13151927437362637,0.13151927437362637,0.06802721087912088,0.0,0.30839002263736265,0.04761904762637363,0.004535147391208791,0.0022675736967032968,0.024943310659340658,0.004535147391208791,0.020408163265934063,0.23255814,0.320454545,0.410852713,0.731307259,0.309322034,30.83900227,6.802721088,404,455,76,0.2153846153846154,0.7236842105263158,0.25,0.02631578947368421,0.04835164835164835,0.12747252747252746,0.12747252747252746,0.05934065934065934,0.0,0.2967032967032967,0.04395604395604396,0.004395604395604396,0.004395604395604396,0.024175824175824177,0.004395604395604396,0.01978021978021978,0.243,0.32,0.463,0.783,0.305,29.7,5.9,,,,,,,,,
228,Ryan O'Hearn,BAL,100,454.1612903,494,93.33640554,0.2350230414979757,0.7804878048231726,0.2073170730975634,0.01219512195069688,0.04608294931174089,0.12442396313765183,0.15437788018218623,0.06451612902834009,0.004608294931174089,0.24654377874493927,0.006912442396761134,0.006912442396761134,0.0,0.006912442396761134,0.0023041474655870445,0.004608294931174089,0.255639098,0.307159353,0.453634085,0.760793439,0.298181818,24.65437788,6.451612903,443,494,102,0.23684210526315788,0.7647058823529411,0.20588235294117646,0.029411764705882353,0.030364372469635626,0.1214574898785425,0.1194331983805668,0.0931174089068826,0.004048582995951417,0.1396761133603239,0.004048582995951417,0.006072874493927126,0.0,0.006072874493927126,0.0020242914979757085,0.004048582995951417,0.264,0.334,0.427,0.761,0.282,14.0,9.3,,,,,,,,,
229,Nelson Velazquez,KCR,100,209.8617512,230,40.806451609999996,0.21658986173913042,0.727272727205893,0.24675324667368206,0.02597402597338946,0.039170506913043475,0.12442396313043479,0.13133640552173914,0.07373271891304348,0.004608294930434783,0.30645161291304346,0.009216589860869566,0.004608294930434783,0.0,0.01612903225652174,0.006912442395652174,0.009216589860869566,0.237373737,0.299539171,0.424242424,0.723781595,0.310483871,30.64516129,7.373271889,205,230,33,0.1782608695652174,0.7272727272727273,0.24242424242424243,0.030303030303030304,0.034782608695652174,0.13478260869565217,0.11739130434782609,0.08260869565217391,0.0,0.26521739130434785,0.013043478260869565,0.013043478260869565,0.0,0.008695652173913044,0.0,0.008695652173913044,0.2,0.274,0.366,0.64,0.237,26.5,8.3,,,,,,,,,
231,Sean Murphy,ATL,105,227.5428571,264,45.885714289999996,0.2190476190530303,0.684931506816476,0.30136986301668406,0.013698630145046829,0.04523809522727273,0.1309523809469697,0.14761904761363637,0.09999999999999999,0.0023809523825757575,0.22857142856060605,0.028571428571969697,0.007142857143939394,0.0,0.0,0.0023809523825757575,-0.0023809523825757575,0.254143646,0.348448687,0.477900552,0.82634924,0.292,22.85714286,10.0,233,264,35,0.17045454545454544,0.8285714285714286,0.14285714285714285,0.02857142857142857,0.03787878787878788,0.07196969696969698,0.0946969696969697,0.10227272727272728,0.003787878787878788,0.2537878787878788,0.011363636363636364,0.003787878787878788,0.0,0.0,0.0,0.0,0.193,0.284,0.352,0.636,0.223,25.4,10.2,,,,,,,,,
232,Michael Busch,CHC,97,498.15,567,102.6,0.21904761904761905,0.6973684210526316,0.27631578947368424,0.013157894736842106,0.0380952380952381,0.14285714285714285,0.13333333333333333,0.09761904761904762,0.0,0.2619047619047619,0.016666666666666666,0.007142857142857143,0.0,0.004761904761904762,0.002380952380952381,0.002380952380952381,0.249322493,0.333333333,0.43902439,0.772357724,0.308943089,26.19047619,9.761904762,496,567,102,0.21693121693121692,0.7058823529411765,0.27450980392156865,0.0196078431372549,0.037037037037037035,0.12874779541446207,0.1146384479717813,0.1111111111111111,0.001763668430335097,0.2857142857142857,0.007054673721340388,0.007054673721340388,0.0,0.003527336860670194,0.001763668430335097,0.001763668430335097,0.248,0.335,0.44,0.775,0.322,28.6,11.1,,,,,,,,,
233,Dominic Fletcher,CHW,97,217.4738095,241,47.626190480000005,0.21666666668049794,0.7590361445175994,0.2048192770970499,0.03614457830136322,0.019047619045643154,0.1238095238174274,0.11190476190871369,0.06904761904564316,0.0023809523817427385,0.2380952380912863,0.014285714286307054,0.009523809522821577,0.004761904763485477,0.007142857141078838,0.009523809522821577,-0.0023809523817427385,0.240105541,0.301435407,0.364116095,0.665551502,0.301818182,23.80952381,6.904761905,223,241,45,0.1908713692946058,0.8222222222222222,0.17777777777777778,0.0,0.004149377593360996,0.058091286307053944,0.07053941908713693,0.04564315352697095,0.004149377593360996,0.24066390041493776,0.012448132780082987,0.004149377593360996,0.008298755186721992,0.0,0.0,0.0,0.206,0.252,0.256,0.508,0.273,24.1,4.6,,,,,,,,,
234,Eddie Rosario,,97,296.2142857,319,61.52142857,0.22857142855799373,0.7530864197550932,0.22222222220416168,0.024691358024490684,0.035714285705329155,0.10952380952978057,0.14523809523510972,0.059523809529780564,0.002380952382445141,0.19999999999999998,0.002380952382445141,0.007142857144200627,0.002380952382445141,0.011904761905956114,0.007142857144200627,0.004761904761755486,0.246153846,0.291169451,0.417948718,0.709118169,0.275510204,20.0,5.952380952,297,319,42,0.16300940438871472,0.7142857142857143,0.2857142857142857,0.0,0.03134796238244514,0.10344827586206896,0.109717868338558,0.050156739811912224,0.0,0.2413793103448276,0.0,0.012539184952978056,0.006269592476489028,0.02821316614420063,0.003134796238244514,0.025078369905956112,0.175,0.215,0.316,0.531,0.196,24.1,5.0,,,,,,,,,
235,Chris Taylor,LAD,96,216.2179177,246,42.290556906,0.20338983052845527,0.7183098590430277,0.2535211268045248,0.02816901408150967,0.03147699757723577,0.12590799032520325,0.12106537528455284,0.10411622276422763,0.004842615012195121,0.31961259081300814,0.012106537528455285,0.004842615012195121,0.0,0.029055690073170732,0.004842615012195121,0.02421307506097561,0.231404959,0.319612591,0.399449036,0.719061627,0.322727273,31.96125908,10.41162228,213,246,39,0.17479674796747968,0.7948717948717948,0.1794871794871795,0.02564102564102564,0.016260162601626018,0.11382113821138211,0.09349593495934959,0.11382113821138211,0.0,0.3089430894308943,0.008130081300813009,0.008130081300813009,0.0040650406504065045,0.02032520325203252,0.0040650406504065045,0.016260162601626018,0.202,0.298,0.3,0.598,0.289,30.9,11.4,,,,,,,,,
236,Cavan Biggio,TOR,96,192.0,224,37.966101696,0.19370460049107144,0.7285714285729337,0.2571428571247959,0.014285714275931121,0.024213075062500002,0.13801452785714285,0.10169491526785714,0.1259079903125,0.002421307504464286,0.2615012106696429,0.014527845035714287,0.004842615013392857,0.0,0.014527845035714287,0.002421307504464286,0.012106537531250001,0.225988701,0.333333333,0.367231638,0.700564972,0.294117647,26.15012107,12.59079903,188,224,32,0.16517857142857142,0.84375,0.15625,0.0,0.022321428571428572,0.12053571428571429,0.08482142857142858,0.10714285714285714,0.0,0.32142857142857145,0.03571428571428571,0.0,0.008928571428571428,0.008928571428571428,0.0,0.008928571428571428,0.197,0.314,0.303,0.617,0.288,32.1,10.7,,,,,,,,,
238,Hunter Renfroe,KCR,96,384.9878935,424,81.10411622000001,0.22760290556603774,0.6835443038380474,0.30379746834506594,0.0,0.03631961259433962,0.11864406780660378,0.12106537530660379,0.07748184018867924,0.0,0.21549636804245284,0.004842615011792452,0.007263922518867925,0.0,0.0024213075070754716,0.0024213075070754716,0.0,0.250666667,0.310679612,0.432,0.742679612,0.288321168,21.5496368,7.748184019,385,424,73,0.20754716981132076,0.7534246575342466,0.2465753424657534,0.0,0.03537735849056604,0.10377358490566038,0.12264150943396226,0.08490566037735849,0.0,0.19811320754716982,0.0047169811320754715,0.0023584905660377358,0.0,0.0023584905660377358,0.0023584905660377358,0.0,0.229,0.297,0.392,0.689,0.254,19.8,8.5,,,,,,,,,
239,Jurickson Profar,SDP,96,585.5108959,668,124.54237289,0.2058111380239521,0.7272727272508289,0.25974025971523307,0.012987012985761652,0.01937046004491018,0.11380145278443114,0.09443099273952096,0.10411622275449102,0.0,0.17433414041916168,0.012106537529940118,0.007263922517964072,0.0024213075059880238,0.007263922517964072,0.0024213075059880238,0.0048426150119760475,0.23480663,0.322033898,0.361878453,0.683912351,0.270175439,17.43341404,10.41162228,564,668,134,0.23652694610778444,0.7835820895522388,0.21641791044776118,0.0,0.03592814371257485,0.1407185628742515,0.12724550898203593,0.11377245508982035,0.005988023952095809,0.15119760479041916,0.02694610778443114,0.0074850299401197605,0.0074850299401197605,0.014970059880239521,0.004491017964071856,0.010479041916167664,0.28,0.38,0.459,0.839,0.302,15.1,11.4,,,,,,,,,
240,Patrick Bailey,SFG,104,405.3853659,448,80.85853658,0.20487804877232144,0.7432432433468609,0.25675675677681176,0.01351351351652177,0.02439024390625,0.10487804877232143,0.10975609756696428,0.08048780488839287,0.0,0.2682926830357143,0.007317073169642857,0.00487804878125,0.002439024390625,0.00487804878125,0.002439024390625,0.002439024390625,0.226415094,0.293398533,0.366576819,0.659975352,0.292490119,26.82926829,8.048780488,401,448,86,0.20982142857142858,0.8023255813953488,0.18604651162790697,0.011627906976744186,0.017857142857142856,0.10267857142857142,0.10267857142857142,0.08705357142857142,0.0,0.22321428571428573,0.0,0.015625,0.002232142857142857,0.008928571428571428,0.0,0.008928571428571428,0.234,0.298,0.339,0.637,0.287,22.3,8.7,,,,,,,,,
241,Dylan Carlson,STL,94,233.0172414,265,52.869458124,0.22413793101886792,0.7037037038045811,0.2592592592466496,0.037037037043341874,0.024630541871698115,0.12315270935849057,0.11330049260377359,0.09605911328301887,0.0024630541886792455,0.1995073891698113,0.017241379309433962,0.00985221674716981,0.0,0.0073891625622641505,0.0024630541886792455,0.004926108373584905,0.254901961,0.336609337,0.414565826,0.751175163,0.3,19.95073892,9.60591133,235,265,46,0.18490566037735848,0.8478260869565217,0.15217391304347827,0.0,0.011320754716981131,0.07169811320754717,0.09433962264150944,0.0830188679245283,0.0,0.2830188679245283,0.018867924528301886,0.011320754716981131,0.0,0.007547169811320755,0.0037735849056603774,0.0037735849056603774,0.209,0.287,0.277,0.563,0.288,28.3,8.3,,,,,,,,,
244,Shea Langeliers,OAK,102,487.7376238,534,87.23762377,0.20544554456928837,0.7272727271580979,0.2575757575566527,0.030303030295388344,0.04207920792134832,0.11633663367041198,0.12623762376404496,0.07425742574906366,0.004950495048689139,0.2821782177902622,0.007425742574906367,0.004950495048689139,0.0,0.004950495048689139,0.0024752475243445694,0.0024752475243445694,0.224932249,0.287128713,0.422764228,0.709892941,0.275,28.21782178,7.425742574,482,534,79,0.20224719101123595,0.7468354430379747,0.22784810126582278,0.02531645569620253,0.054307116104868915,0.10861423220973783,0.149812734082397,0.07677902621722846,0.003745318352059925,0.27153558052434457,0.009363295880149813,0.011235955056179775,0.0,0.00749063670411985,0.003745318352059925,0.003745318352059925,0.224,0.288,0.45,0.739,0.252,27.2,7.7,,,,,,,,,
245,Jake Meyers,HOU,92,465.4285714,513,98.99999996,0.2205513783625731,0.7402597406021252,0.23376623383182474,0.02597402598019153,0.02756892230019493,0.12280701754385964,0.12531328321637428,0.07268170426900585,0.0,0.2581453633528265,0.015037593984405458,0.005012531327485381,0.0,0.015037593984405458,0.005012531327485381,0.010025062656920077,0.243093923,0.308270677,0.395027624,0.703298301,0.308,25.81453634,7.268170426,461,513,88,0.1968810916179337,0.7386363636363636,0.22727272727272727,0.03409090909090909,0.025341130604288498,0.09941520467836257,0.1189083820662768,0.0682261208576998,0.0,0.22807017543859648,0.01949317738791423,0.007797270955165692,0.005847953216374269,0.021442495126705652,0.005847953216374269,0.015594541910331383,0.219,0.286,0.36,0.646,0.263,22.8,6.8,,,,,,,,,
246,Wilyer Abreu,BOS,92,389.8646617,447,81.78195489000001,0.21553884711409396,0.7671232877030582,0.23287671229694173,0.01369863013799131,0.03258145362416107,0.1328320802013423,0.12781954888143177,0.11528822055928412,0.0025062656644295298,0.26817042617449666,0.007518796993288591,0.0050125313288590595,0.0,0.020050125313199104,0.007518796993288591,0.012531328319910514,0.247126437,0.338345865,0.416666667,0.755012531,0.317391304,26.81704261,11.52882206,399,447,86,0.22595078299776286,0.5930232558139535,0.38372093023255816,0.023255813953488372,0.03355704697986577,0.1319910514541387,0.1297539149888143,0.0894854586129754,0.0,0.2796420581655481,0.006711409395973154,0.011185682326621925,0.0,0.017897091722595078,0.006711409395973154,0.011185682326621925,0.253,0.322,0.459,0.781,0.326,28.0,8.9,,,,,,,,,
248,Willi Castro,MIN,92,576.1152882,635,127.31829573,0.2230576440944882,0.7625000000461442,0.20000000003141732,0.05000000000392717,0.022556390976377953,0.13283208020472442,0.10776942355905512,0.06015037593700787,0.0025062656645669294,0.23809523811023622,0.020050125307086615,0.007518796992125984,0.005012531327559055,0.045112781952755907,0.010025062656692913,0.03508771929133858,0.245856354,0.304785894,0.389502762,0.694288657,0.30651341,23.80952381,6.015037594,558,635,126,0.2173228346456693,0.7142857142857143,0.24603174603174602,0.03968253968253968,0.01889763779527559,0.14015748031496064,0.09448818897637795,0.08031496062992126,0.0,0.23622047244094488,0.03307086614173228,0.006299212598425197,0.0015748031496062992,0.02204724409448819,0.014173228346456693,0.007874015748031496,0.247,0.331,0.385,0.717,0.315,23.6,8.0,,,,,,,,,
249,Rowdy Tellez,PIT,92,374.5739348,421,73.85964913000001,0.21553884712589075,0.7857142855885646,0.2142857142760434,0.0,0.040100250617577195,0.09022556391923992,0.12280701755344417,0.09774436090261283,0.012531328320665083,0.20300751878859857,0.005012531327790974,0.005012531327790974,0.0,0.0025062656650831354,0.0,0.0025062656650831354,0.242253521,0.319095477,0.41971831,0.738813787,0.269230769,20.30075188,9.77443609,383,421,80,0.2209026128266033,0.775,0.225,0.0,0.030878859857482184,0.09026128266033254,0.1330166270783848,0.07363420427553444,0.0,0.21140142517814728,0.004750593824228029,0.011876484560570071,0.0,0.0023752969121140144,0.0,0.0023752969121140144,0.243,0.299,0.392,0.691,0.28,21.1,7.4,,,,,,,,,
250,Brayan Rocchio,CLE,91,401.4081633,442,93.586734678,0.22704081628959275,0.7349397591084954,0.24096385548219373,0.03614457831698642,0.015306122447963802,0.1275510204072398,0.10714285714932127,0.07397959183257918,0.0,0.18367346938914028,0.012755102040723982,0.005102040816742081,0.0025510204072398193,0.022959183665158374,0.010204081633484161,0.012755102040723982,0.25,0.31377551,0.376404494,0.690180005,0.296428571,18.36734694,7.397959184,383,442,71,0.17873303167420815,0.7464788732394366,0.2535211267605634,0.0,0.01809954751131222,0.11312217194570136,0.08144796380090498,0.09954751131221719,0.0022624434389140274,0.20361990950226244,0.01809954751131222,0.011312217194570135,0.004524886877828055,0.02262443438914027,0.013574660633484163,0.00904977375565611,0.206,0.298,0.316,0.614,0.245,20.4,10.0,,,,,,,,,
251,Jason Heyward,LAD,91,232.3316327,258,49.362244896,0.22193877550387597,0.720000000098861,0.26666666675580364,0.013333333327660983,0.030612244899224806,0.11989795918604651,0.11479591837209302,0.08928571430232558,0.002551020406976744,0.19132653062015503,0.0076530612248062015,0.002551020406976744,0.0,0.0076530612248062015,0.002551020406976744,0.005102040817829457,0.246458923,0.318877551,0.410764873,0.729642424,0.280898876,19.13265306,8.928571429,228,258,38,0.18604651162790697,0.631578947368421,0.3157894736842105,0.05263157894736842,0.03875968992248062,0.12790697674418605,0.1434108527131783,0.08527131782945736,0.007751937984496124,0.2054263565891473,0.015503875968992248,0.011627906976744186,0.0,0.01937984496124031,0.0,0.01937984496124031,0.211,0.288,0.412,0.7,0.226,20.5,8.5,,,,,,,,,
252,Michael A. Taylor,,91,272.4489796,300,52.040816328,0.20663265306666667,0.7941176469932641,0.17647058822286046,0.014705882343898502,0.03316326530666667,0.11224489796666667,0.11479591836666667,0.07142857143333334,0.0,0.3086734694,0.007653061223333334,0.007653061223333334,0.005102040816666666,0.02551020408,0.005102040816666666,0.020408163266666664,0.22752809,0.287179487,0.373595506,0.660774993,0.302222222,30.86734694,7.142857143,269,300,47,0.17333333333333334,0.7872340425531915,0.19148936170212766,0.02127659574468085,0.016666666666666666,0.11666666666666667,0.07,0.07666666666666666,0.0,0.35,0.0,0.013333333333333334,0.013333333333333334,0.04,0.0033333333333333335,0.03666666666666667,0.193,0.253,0.29,0.543,0.288,35.0,7.7,,,,,,,,,
253,Joey Ortiz,MIL,91,470.5892857,511,104.28571427,0.22448979589041096,0.7125000001210617,0.2500000000239726,0.03750000000839041,0.02040816326810176,0.125,0.11734693876712328,0.06377551019569472,0.0,0.2117346939334638,0.007653061225048924,0.007653061225048924,0.0,0.01275510204109589,0.0051020408160469665,0.007653061225048924,0.243767313,0.295918367,0.382271468,0.678189835,0.293040293,21.17346939,6.37755102,440,511,94,0.2054794520547945,0.6702127659574468,0.26595744680851063,0.06382978723404255,0.021526418786692758,0.11350293542074363,0.11741682974559686,0.1095890410958904,0.0,0.20156555772994128,0.011741682974559686,0.011741682974559686,0.005870841487279843,0.021526418786692758,0.011741682974559686,0.009784735812133072,0.239,0.329,0.398,0.726,0.283,20.2,11.0,,,,,,,,,
254,Nick Senzel,WSN,91,242.4795918,267,49.721938776,0.20153061224719102,0.7945205479209609,0.19178082192166526,0.013698630137261804,0.0153061224494382,0.11989795917602997,0.09183673468164794,0.076530612247191,0.0,0.198979591835206,0.0076530612247191,0.0051020408164794,0.0025510204082397,0.0178571428576779,0.0102040816329588,0.0076530612247191,0.221910112,0.286445013,0.31741573,0.603860743,0.266423358,19.89795918,7.653061224,236,267,39,0.17228464419475656,0.717948717948718,0.28205128205128205,0.0,0.026217228464419477,0.09363295880149813,0.06741573033707865,0.10486891385767791,0.003745318352059925,0.22846441947565543,0.003745318352059925,0.0,0.003745318352059925,0.003745318352059925,0.011235955056179775,-0.00749063670411985,0.195,0.283,0.331,0.614,0.232,22.8,10.5,,,,,,,,,
255,Bo Naylor,CLE,97,339.619171,389,63.48963731,0.19689119172236505,0.6984126983351955,0.26984126978626777,0.031746031736781394,0.0336787564781491,0.12694300519280205,0.12435233159383034,0.116580310874036,0.0051813471491002575,0.2564766839331619,0.007772020724935733,0.0051813471491002575,0.0,0.015544041449871466,0.0051813471491002575,0.010362694300771209,0.225519288,0.320413437,0.403560831,0.723974268,0.27753304,25.64766839,11.65803109,354,389,58,0.18251928020565553,0.7931034482758621,0.1724137931034483,0.034482758620689655,0.033419023136246784,0.10025706940874037,0.10025706940874037,0.07455012853470437,0.002570694087403599,0.31362467866323906,0.005141388174807198,0.005141388174807198,0.005141388174807198,0.015424164524421594,0.007712082262210797,0.007712082262210797,0.201,0.264,0.35,0.614,0.262,31.4,7.5,,,,,,,,,
258,Elias Diaz,COL,97,323.578125,351,73.125,0.23697916666666666,0.7625,0.225,0.0125,0.028645833333333332,0.09895833333333333,0.125,0.06770833333333333,0.0,0.2109375,0.005208333333333333,0.0078125,0.0,0.0,0.0026041666666666665,-0.0026041666666666665,0.257062147,0.309090909,0.406779661,0.71587057,0.301886792,21.09375,6.770833333,325,351,80,0.245014245014245,0.75,0.25,0.0,0.017094017094017096,0.07692307692307693,0.1111111111111111,0.05698005698005698,0.005698005698005698,0.19658119658119658,0.011396011396011397,0.005698005698005698,0.0,0.0,0.0,0.0,0.265,0.313,0.382,0.695,0.317,19.7,5.7,,,,,,,,,
259,Tyler Stephenson,CIN,96,457.7777778,515,102.18253970999999,0.22751322757281553,0.7866666664200492,0.21333333328635862,0.01333333332550421,0.029100529106796117,0.12169312168932038,0.12433862433009707,0.09523809524271845,0.0026455026446601942,0.24074074077669902,0.010582010582524273,0.0052910052912621365,0.0,0.0,0.0,0.0,0.255952381,0.333333333,0.410714286,0.744047619,0.31779661,24.07407407,9.523809524,457,515,99,0.229126213592233,0.7272727272727273,0.26262626262626265,0.010101010101010102,0.036893203883495145,0.13398058252427184,0.12815533980582525,0.09320388349514563,0.003883495145631068,0.22718446601941747,0.015533980582524271,0.003883495145631068,0.0,0.001941747572815534,0.0,0.001941747572815534,0.258,0.338,0.444,0.782,0.307,22.7,9.3,,,,,,,,,
262,Matt Vierling,DET,87,516.0,567,121.5,0.2328042328042328,0.7777777777777778,0.18518518518518517,0.04938271604938271,0.018518518518518517,0.11375661375661375,0.08465608465608465,0.07671957671957672,0.0026455026455026454,0.20105820105820105,0.010582010582010581,0.0026455026455026454,0.0026455026455026454,0.010582010582010581,0.010582010582010581,0.0,0.255813953,0.32010582,0.386627907,0.706733727,0.309160305,20.10582011,7.671957672,518,567,117,0.2345679012345679,0.717948717948718,0.23931623931623933,0.042735042735042736,0.02821869488536155,0.14109347442680775,0.10052910052910052,0.07231040564373897,0.001763668430335097,0.21340388007054673,0.005291005291005291,0.008818342151675485,0.0,0.010582010582010581,0.001763668430335097,0.008818342151675485,0.257,0.312,0.423,0.735,0.303,21.3,7.2,,,,,,,,,
264,Whit Merrifield,PHI,87,308.4126984,335,71.785714286,0.23280423280597018,0.7777777777282476,0.22222222218817025,0.012345679008906086,0.018518518519402984,0.1190476190447761,0.1164021163880597,0.06084656083582089,0.0026455026447761193,0.16666666665671642,0.005291005289552239,0.013227513226865672,0.0,0.037037037044776115,0.010582010582089551,0.026455026453731344,0.252873563,0.298941799,0.373563218,0.672505017,0.286219081,16.66666667,6.084656085,293,335,61,0.19402985074626866,0.8032786885245902,0.14754098360655737,0.04918032786885246,0.011940298507462687,0.13134328358208955,0.04477611940298507,0.1044776119402985,0.0,0.15522388059701492,0.008955223880597015,0.0,0.011940298507462687,0.050746268656716415,0.008955223880597015,0.041791044776119404,0.222,0.311,0.314,0.625,0.257,15.5,10.4,,,,,,,,,
265,Jake Rogers,DET,94,303.6604278,337,48.65775401,0.18449197860534125,0.7407407407787995,0.22222222213088128,0.03703703702866412,0.0401069518694362,0.11497326201780415,0.13368983958456973,0.0802139037388724,0.0,0.32620320860534124,0.010695187166172106,0.0026737967922848666,0.0026737967922848666,0.0026737967922848666,0.0026737967922848666,0.0,0.204747774,0.27688172,0.385756677,0.662638397,0.268656716,32.62032086,8.021390374,310,337,51,0.18100890207715134,0.6666666666666666,0.3137254901960784,0.0196078431372549,0.02967359050445104,0.12759643916913946,0.10682492581602374,0.06528189910979229,0.002967359050445104,0.29376854599406527,0.008902077151335312,0.005934718100890208,0.0,0.002967359050445104,0.0,0.002967359050445104,0.197,0.255,0.352,0.607,0.251,29.4,6.5,,,,,,,,,
266,Connor Joe,PIT,86,359.93531,416,79.61185984,0.21563342317307693,0.704225352135675,0.2676056337939712,0.02816901408291481,0.024258760096153846,0.12668463612980768,0.0889487870673077,0.11590296495192308,0.0,0.22371967653846153,0.01617250673798077,0.0053908355793269224,0.0,0.008086253370192307,0.008086253370192307,0.0,0.249221184,0.346774194,0.404984424,0.751758617,0.307359307,22.37196765,11.5902965,364,416,74,0.19951923076923078,0.6891891891891891,0.2972972972972973,0.013513513513513514,0.021634615384615384,0.11778846153846154,0.08653846153846154,0.10576923076923077,0.002403846153846154,0.21875,0.014423076923076924,0.004807692307692308,0.0,0.004807692307692308,0.004807692307692308,0.0,0.228,0.32,0.368,0.688,0.278,21.9,10.6,,,,,,,,,
268,Nicky Lopez,CHW,86,393.4231806,445,92.358490567,0.21293800539325844,0.8181818182182374,0.15584415587171643,0.038961038957101735,0.005390835579775282,0.11590296496629213,0.07008086253932584,0.08355795148314607,0.0,0.1482479784269663,0.010781671159550563,0.002695417788764045,0.016172506739325843,0.024258760112359553,0.008086253368539326,0.016172506739325843,0.240853659,0.313186813,0.317073171,0.630259984,0.283088235,14.82479784,8.355795148,398,445,95,0.2157303370786517,0.8421052631578947,0.12631578947368421,0.031578947368421054,0.0022471910112359553,0.0898876404494382,0.04719101123595506,0.08314606741573034,0.0,0.15056179775280898,0.008988764044943821,0.0,0.01348314606741573,0.011235955056179775,0.015730337078651686,-0.0044943820224719105,0.241,0.312,0.294,0.606,0.288,15.1,8.3,,,,,,,,,
269,Johan Rojas,PHI,86,335.6037736,363,77.296495959,0.22371967655647382,0.7468354429755814,0.1898734177780169,0.05063291139453397,0.010781671159779615,0.12398921831955922,0.0997304582093664,0.04582210242424243,0.0,0.2183288409641873,0.013477088947658403,0.002695417790633609,0.013477088947658403,0.053908355785123964,0.010781671159779615,0.043126684628099175,0.241982507,0.286885246,0.341107872,0.627993118,0.305019305,21.8328841,4.582210243,338,363,79,0.22589531680440772,0.810126582278481,0.1518987341772152,0.0379746835443038,0.008264462809917356,0.12947658402203857,0.0881542699724518,0.03581267217630854,0.0,0.19008264462809918,0.011019283746556474,0.0,0.02203856749311295,0.06887052341597796,0.011019283746556474,0.05785123966942149,0.243,0.279,0.322,0.601,0.297,19.0,3.6,,,,,,,,,
270,Tyler Soderstrom,OAK,89,197.8273973,213,34.430136984,0.19452054793427231,0.7627118643821658,0.20338983052127377,0.0338983050965604,0.032876712328638494,0.09041095892018779,0.11232876713615023,0.05479452056338028,0.002739726028169014,0.28767123286384977,0.005479452056338028,0.008219178084507043,0.0,0.002739726028169014,0.002739726028169014,0.0,0.209439528,0.255494505,0.362831858,0.618326364,0.262222222,28.76712329,5.479452055,189,213,35,0.20657276995305165,0.7142857142857143,0.2857142857142857,0.0,0.04225352112676056,0.08450704225352113,0.12206572769953052,0.09389671361502347,0.004694835680751174,0.24882629107981222,0.014084507042253521,0.004694835680751174,0.0,0.0,0.0,0.0,0.233,0.315,0.429,0.743,0.273,24.9,9.4,,,,,,,,,
271,Ryan Jeffers,MIN,91,411.1983471,465,76.85950414,0.2066115702580645,0.7499999999349463,0.24999999993494623,0.016666666671003586,0.041322314043010754,0.11294765840860216,0.12672176307526883,0.0909090909032258,0.0,0.2782369146236559,0.016528925619354838,0.0027548209376344088,0.00550964187311828,0.0027548209376344088,0.0027548209376344088,0.0,0.23364486,0.315789474,0.429906542,0.745696016,0.291262136,27.82369146,9.090909091,412,465,72,0.2,0.6944444444444444,0.3055555555555556,0.0,0.04516129032258064,0.12043010752688173,0.13763440860215054,0.06881720430107527,0.0,0.2021505376344086,0.030107526881720432,0.012903225806451613,0.002150537634408602,0.0064516129032258064,0.0,0.0064516129032258064,0.226,0.3,0.432,0.732,0.238,20.2,6.9,,,,,,,,,
272,Alejandro Kirk,TOR,91,340.0221607,386,79.12465374,0.23268698062176166,0.7972972973417021,0.2027027026582979,0.0,0.02770083103626943,0.09695290857512955,0.11080332409326425,0.10249307479274611,0.0027700831036269434,0.10803324098445596,0.011080332409326425,0.005540166204663213,0.0,0.0,0.0027700831036269434,-0.0027700831036269434,0.264150943,0.346260388,0.405660377,0.751920765,0.273062731,10.8033241,10.24930748,340,386,81,0.22279792746113988,0.7530864197530864,0.2345679012345679,0.012345679012345678,0.012953367875647668,0.05958549222797927,0.13989637305699482,0.09067357512953368,0.0025906735751295338,0.13212435233160622,0.0051813471502590676,0.023316062176165803,0.0,0.0,0.0,0.0,0.253,0.319,0.359,0.677,0.276,13.2,9.1,,,,,,,,,
273,Danny Jansen,TOR,89,285.8823529,324,53.54621849,0.21568627450617286,0.6949152541359974,0.3050847456772479,0.0,0.050420168055555555,0.1344537815123457,0.1568627450925926,0.08963585435185185,0.002801120447530864,0.19887955182098763,0.01960784313580247,0.005602240895061728,0.0,0.0,0.002801120447530864,-0.002801120447530864,0.244444444,0.325842697,0.473015873,0.79885857,0.25877193,19.88795518,8.963585434,278,324,48,0.17592592592592593,0.7291666666666666,0.2708333333333333,0.0,0.027777777777777776,0.10802469135802469,0.07407407407407407,0.12345679012345678,0.0,0.1882716049382716,0.009259259259259259,0.009259259259259259,0.0,0.0,0.0,0.0,0.205,0.309,0.349,0.658,0.227,18.8,12.3,,,,,,,,,
274,Wilmer Flores,SFG,83,215.5630252,242,48.12885154,0.2352941176446281,0.7605633803577769,0.23943661964222304,0.01408450703288899,0.03641456582644628,0.11484593838842976,0.13165266107438017,0.08683473388429752,0.002801120446280992,0.15126050421487602,0.01400560223966942,0.008403361342975205,0.0,0.0,0.002801120446280992,-0.002801120446280992,0.264150943,0.336134454,0.449685535,0.785819988,0.279527559,15.12605042,8.683473389,214,242,40,0.18181818181818182,0.7,0.3,0.0,0.01652892561983471,0.07851239669421488,0.10743801652892562,0.08264462809917356,0.004132231404958678,0.13636363636363635,0.012396694214876033,0.02066115702479339,0.0,0.0,0.0,0.0,0.206,0.277,0.318,0.595,0.22,13.6,8.3,,,,,,,,,
277,Tyrone Taylor,NYM,81,317.4,345,61.114285720000005,0.2142857142898551,0.6935483871020525,0.27419354840821,0.03225806450610022,0.03714285713043478,0.13428571428985506,0.13714285713043478,0.05428571428985507,0.0,0.23142857142028989,0.02,0.005714285713043478,0.0,0.022857142857971014,0.0028571428579710146,0.02,0.232919255,0.288571429,0.419254658,0.707826087,0.269565217,23.14285714,5.428571429,319,345,72,0.2289855072463768,0.6527777777777778,0.3055555555555556,0.041666666666666664,0.020289855072463767,0.13623188405797101,0.10144927536231885,0.05507246376811594,0.002898550724637681,0.2318840579710145,0.014492753623188406,0.002898550724637681,0.002898550724637681,0.03188405797101449,0.005797101449275362,0.02608695652173913,0.248,0.299,0.401,0.701,0.309,23.2,5.5,,,,,,,,,
278,Josh Rojas,SEA,81,424.32,476,85.68,0.2,0.746031746031746,0.23809523809523805,0.015873015873015872,0.02,0.12571428571428572,0.1,0.09428571428571429,0.002857142857142857,0.23142857142857143,0.002857142857142857,0.008571428571428572,0.005714285714285714,0.02857142857142857,0.005714285714285714,0.022857142857142857,0.224358974,0.297994269,0.346153846,0.644148115,0.27753304,23.14285714,9.428571429,422,476,87,0.19957983193277312,0.7586206896551724,0.21839080459770116,0.022988505747126436,0.01680672268907563,0.10084033613445378,0.06512605042016807,0.09663865546218488,0.0021008403361344537,0.226890756302521,0.0063025210084033615,0.004201680672268907,0.0021008403361344537,0.02100840336134454,0.008403361344537815,0.012605042016806723,0.225,0.304,0.336,0.641,0.282,22.7,9.7,,,,,,,,,
280,Jesse Winker,,81,433.9771429,508,89.98857145999999,0.2028571429133858,0.7580645158960279,0.2258064515340402,0.0,0.025714285708661418,0.10857142856299214,0.10571428570866141,0.1314285714370079,0.0028571428562992125,0.18571428570866144,0.014285714285433071,0.0028571428562992125,0.0,0.0,0.0028571428562992125,-0.0028571428562992125,0.237458194,0.347578348,0.371237458,0.718815806,0.274336283,18.57142857,13.14285714,430,508,95,0.21456692913385828,0.7578947368421053,0.24210526315789474,0.0,0.027559055118110236,0.12401574803149606,0.1141732283464567,0.12401574803149606,0.003937007874015748,0.20866141732283464,0.01968503937007874,0.005905511811023622,0.003937007874015748,0.027559055118110236,0.007874015748031496,0.01968503937007874,0.253,0.36,0.405,0.764,0.304,20.9,12.4,,,,,,,,,
281,Elehuris Montero,COL,81,225.8285714,247,47.98857143,0.234285714291498,0.7499999999479042,0.22058823537685793,0.014705882358457194,0.04,0.12285714287449392,0.145714285708502,0.06285714287449393,0.0,0.27142857141700405,0.014285714287449392,0.011428571429149798,0.0,0.0,0.002857142858299595,-0.002857142858299595,0.25625,0.310541311,0.4375,0.748041311,0.31627907,27.14285714,6.285714286,224,247,42,0.1862348178137652,0.7619047619047619,0.23809523809523808,0.0,0.016194331983805668,0.0931174089068826,0.11336032388663968,0.08097165991902834,0.0,0.22672064777327935,0.0,0.012145748987854251,0.0,0.0,0.0,0.0,0.205,0.267,0.304,0.571,0.251,22.7,8.1,,,,,,,,,
282,Travis d'Arnaud,ATL,86,310.6235632,341,65.65229885,0.2270114942521994,0.7164179104750421,0.26865671635198196,0.014925373127280829,0.03448275862170088,0.11206896551319648,0.13793103448680352,0.06609195401759531,0.0,0.23563218390029328,0.01724137931085044,0.0028735632170087976,0.0,0.0,0.0028735632170087976,-0.0028735632170087976,0.249211356,0.311239193,0.425867508,0.737106701,0.299107143,23.56321839,6.609195402,307,341,58,0.21407624633431085,0.7241379310344828,0.27586206896551724,0.0,0.04398826979472141,0.11730205278592376,0.14076246334310852,0.07038123167155426,0.0,0.26099706744868034,0.017595307917888565,0.011730205278592375,0.0,0.002932551319648094,0.0,0.002932551319648094,0.238,0.302,0.436,0.739,0.28,26.1,7.0,,,,,,,,,
283,Abraham Toro,OAK,79,326.8571429,364,71.102040812,0.2186588921153846,0.7164179104884847,0.2686567164859229,0.029850746276213654,0.02332361515934066,0.1137026239010989,0.10204081631868131,0.08163265304945054,0.0,0.18950437318681318,0.014577259475274726,0.005830903791208791,0.0,0.01166180757967033,0.005830903791208791,0.005830903791208791,0.243506493,0.314868805,0.396103896,0.710972701,0.282700422,18.95043732,8.163265306,337,364,75,0.22252747252747251,0.76,0.22666666666666666,0.013333333333333334,0.016483516483516484,0.09340659340659341,0.07142857142857142,0.054945054945054944,0.0027472527472527475,0.17032967032967034,0.013736263736263736,0.0,0.005494505494505495,0.01098901098901099,0.005494505494505495,0.005494505494505495,0.24,0.293,0.35,0.643,0.279,17.0,5.5,,,,,,,,,
284,Manuel Margot,MIN,79,315.0,343,79.0,0.2478134110787172,0.7468354430379747,0.22784810126582278,0.02531645569620253,0.01749271137026239,0.11370262390670553,0.11078717201166181,0.06997084548104957,0.0029154518950437317,0.16034985422740525,0.0058309037900874635,0.0058309037900874635,0.0029154518950437317,0.026239067055393587,0.011661807580174927,0.014577259475218658,0.26984127,0.32361516,0.396825397,0.720440557,0.30859375,16.03498542,6.997084548,315,343,71,0.21865889212827988,0.7464788732394366,0.23943661971830985,0.014084507042253521,0.011661807580174927,0.10787172011661808,0.09037900874635568,0.061224489795918366,0.0,0.15743440233236153,0.008746355685131196,0.008746355685131196,0.0029154518950437317,0.014577259475218658,0.0,0.014577259475218658,0.238,0.289,0.337,0.626,0.273,15.7,6.1,,,,,,,,,
285,Robbie Grossman,,79,208.5714286,245,40.714285710999995,0.1924198250612245,0.7368421053226224,0.2631578946528163,0.017543859643521086,0.026239067057142858,0.11661807579591836,0.110787172,0.12827988338775512,0.002915451893877551,0.25072886297959185,0.011661807579591836,0.011661807579591836,0.0,0.011661807579591836,0.002915451893877551,0.008746355685714286,0.226027397,0.331395349,0.380136986,0.711532335,0.28358209,25.0728863,12.82798834,208,245,41,0.17959183673469387,0.8048780487804879,0.1951219512195122,0.0,0.012244897959183673,0.08571428571428572,0.0653061224489796,0.13877551020408163,0.0,0.23673469387755103,0.004081632653061225,0.00816326530612245,0.0,0.012244897959183673,0.0,0.012244897959183673,0.212,0.322,0.293,0.616,0.275,23.7,13.9,,,,,,,,,
286,Enrique Hernandez,LAD,79,354.0437318,393,71.03790088000001,0.2069970845547074,0.70967741931397,0.27419354835530996,0.016129032260334995,0.026239067048346054,0.11953352768447838,0.11953352768447838,0.07871720117048346,0.0029154518956743002,0.20116618076335877,0.01166180758015267,0.01166180758015267,0.0,0.0029154518956743002,0.0029154518956743002,0.0,0.229773463,0.296511628,0.378640777,0.675152405,0.263829787,20.11661808,7.871720117,362,393,71,0.21119592875318066,0.7746478873239436,0.22535211267605634,0.0,0.030534351145038167,0.11195928753180662,0.10687022900763359,0.06870229007633588,0.0,0.19592875318066158,0.0,0.007633587786259542,0.002544529262086514,0.0,0.0,0.0,0.229,0.281,0.373,0.654,0.257,19.6,6.9,,,,,,,,,
288,Davis Schneider,TOR,78,389.1428571,454,71.61309524,0.19642857143171807,0.6603773585195477,0.3207547170390955,0.01886792452514024,0.03869047618942731,0.1220238095154185,0.1369047618942731,0.1220238095154185,0.0,0.26785714295154184,0.014880952381057268,0.008928571429515418,0.0,0.011904761905286344,0.002976190475770925,0.008928571429515418,0.229166667,0.332344214,0.430555556,0.762899769,0.281914894,26.78571429,12.20238095,397,454,63,0.16740088105726872,0.6825396825396826,0.30158730158730157,0.015873015873015872,0.028634361233480177,0.10572687224669604,0.1013215859030837,0.10352422907488987,0.0,0.31718061674008813,0.011013215859030838,0.011013215859030838,0.0,0.013215859030837005,0.0,0.013215859030837005,0.191,0.282,0.343,0.625,0.257,31.7,10.4,,,,,,,,,
289,Gio Urshela,DET,78,428.0714286,461,109.761904733,0.25892857136659436,0.7875000002073808,0.20000000003097612,0.025000000006149676,0.0208333333340564,0.10416666665943601,0.10714285713665943,0.056547619045553145,0.002976190477223427,0.1726190476138829,0.005952380952277657,0.008928571429501084,0.0,0.005952380952277657,0.002976190477223427,0.002976190477223427,0.278846154,0.321428571,0.413461538,0.73489011,0.32,17.26190476,5.654761905,432,461,99,0.23427331887201736,0.797979797979798,0.1919191919191919,0.010101010101010102,0.019522776572668113,0.0737527114967462,0.11279826464208242,0.049891540130151846,0.0021691973969631237,0.1561822125813449,0.0021691973969631237,0.010845986984815618,0.0,0.0,0.0,0.0,0.25,0.286,0.361,0.647,0.278,15.6,5.0,,,,,,,,,
290,Zach McKinstry,DET,78,291.1458333,325,64.806547617,0.22023809523076926,0.7164179104924405,0.20895522393863425,0.059701492538464955,0.02083333333230769,0.125,0.08333333332307692,0.08333333332307692,0.0,0.21726190476923074,0.008928571427692307,0.005952380953846153,0.0029761904769230766,0.02083333333230769,0.008928571427692307,0.011904761904615384,0.245847176,0.314371257,0.38538206,0.699753317,0.30044843,21.72619048,8.333333333,297,325,60,0.19692307692307692,0.6833333333333333,0.23333333333333334,0.08333333333333333,0.012307692307692308,0.09846153846153846,0.07076923076923076,0.07384615384615385,0.0,0.2123076923076923,0.006153846153846154,0.006153846153846154,0.0,0.04923076923076923,0.0,0.04923076923076923,0.215,0.277,0.337,0.614,0.265,21.2,7.4,,,,,,,,,
291,Mark Vientos,NYM,78,413.4642857,454,79.72023809,0.21726190475770923,0.7457627118835415,0.2372881356506245,0.016949152541097235,0.04166666667400881,0.11011904762114538,0.1369047618942731,0.07440476189427313,0.002976190475770925,0.2916666667400881,0.008928571429515418,0.00595238095154185,0.0,0.002976190475770925,0.002976190475770925,0.0,0.238562092,0.300595238,0.428104575,0.728699813,0.301020408,29.16666667,7.44047619,413,454,83,0.2422907488986784,0.7349397590361446,0.26506024096385544,0.0,0.05947136563876652,0.1277533039647577,0.15638766519823788,0.07268722466960352,0.0,0.2973568281938326,0.006607929515418502,0.011013215859030838,0.0,0.0,0.0,0.0,0.266,0.322,0.516,0.837,0.324,29.7,7.3,,,,,,,,,
292,Gary Sanchez,MIL,81,246.4670659,280,38.56287425,0.18862275450000002,0.7173913044098366,0.2826086955901634,0.0,0.05089820360714285,0.11077844310714287,0.14071856285714288,0.09880239521428572,0.002994011975,0.2844311377142857,0.01796407185714286,0.005988023953571429,0.0,0.002994011975,0.002994011975,0.0,0.214285714,0.304477612,0.431972789,0.736450401,0.25,28.44311377,9.880239521,245,280,43,0.19285714285714287,0.813953488372093,0.16279069767441862,0.023255813953488372,0.039285714285714285,0.10714285714285714,0.13214285714285715,0.09642857142857143,0.0,0.2714285714285714,0.017857142857142856,0.010714285714285714,0.0,0.0,0.0,0.0,0.22,0.307,0.392,0.699,0.267,27.1,9.6,,,,,,,,,
293,Paul DeJong,CHW,76,435.118541,482,70.32218845,0.18844984802904563,0.7708333333303707,0.24999999996444935,0.0,0.042553191493775934,0.11246200607883816,0.11550151975103734,0.07294832825726141,0.0,0.30091185414937754,0.015197568390041494,0.009118541033195022,0.0,0.009118541033195022,0.006079027354771785,0.003039513678423236,0.208754209,0.276595745,0.393939394,0.670535139,0.256684492,30.09118541,7.294832827,445,482,77,0.2095435684647303,0.7792207792207793,0.22077922077922077,0.0,0.04979253112033195,0.11203319502074689,0.11618257261410789,0.04771784232365145,0.0,0.3236514522821577,0.01867219917012448,0.01037344398340249,0.0,0.004149377593360996,0.004149377593360996,0.0,0.227,0.276,0.427,0.703,0.285,32.4,4.8,,,,,,,,,
294,Amed Rosario,TBR,76,326.0182371,346,80.978723407,0.24924012158959538,0.7662337662220587,0.18181818186982276,0.051948051945165184,0.01519756839017341,0.12158054710982659,0.11246200606936416,0.0455927051734104,0.0,0.18237082066473986,0.00607902735549133,0.00607902735549133,0.0,0.02431610942196532,0.0030395136791907516,0.02127659574566474,0.264516129,0.300911854,0.383870968,0.684782822,0.311740891,18.23708207,4.559270517,332,346,90,0.26878612716763006,0.7666666666666667,0.2,0.03333333333333333,0.008670520231213872,0.0838150289017341,0.09248554913294797,0.02601156069364162,0.0,0.21098265895953758,0.011560693641618497,0.002890173410404624,0.0,0.03757225433526012,0.014450867052023121,0.023121387283236993,0.28,0.306,0.38,0.686,0.35,21.1,2.6,,,,,,,,,
295,Jose Caballero,TBR,75,408.0,483,88.5,0.19875776397515527,0.7457627118644068,0.22033898305084745,0.01694915254237288,0.015527950310559006,0.13664596273291926,0.09937888198757763,0.10559006211180125,0.0,0.2204968944099379,0.040372670807453416,0.009316770186335404,0.0,0.07453416149068323,0.012422360248447204,0.062111801242236024,0.235294118,0.344720497,0.341911765,0.686632262,0.296482412,22.04968944,10.55900621,441,483,91,0.2070393374741201,0.7252747252747253,0.26373626373626374,0.01098901098901099,0.018633540372670808,0.10973084886128365,0.09109730848861283,0.055900621118012424,0.002070393374741201,0.2753623188405797,0.018633540372670808,0.006211180124223602,0.006211180124223602,0.09109730848861283,0.033126293995859216,0.057971014492753624,0.227,0.283,0.347,0.63,0.301,27.5,5.6,,,,,,,,,
296,Donovan Solano,,75,277.3322981,309,70.052795033,0.23913043478964402,0.7671232875816724,0.23287671237550292,0.0,0.012422360249190939,0.0869565217475728,0.09006211181229773,0.07142857142394822,0.003105590061488673,0.22049689440129452,0.024844720498381878,0.009316770187702265,0.0,0.0,0.003105590061488673,-0.003105590061488673,0.266435986,0.334365325,0.366782007,0.701147332,0.33640553,22.04968944,7.142857143,283,309,73,0.2621359223300971,0.821917808219178,0.1780821917808219,0.0,0.025889967637540454,0.10032362459546926,0.11326860841423948,0.07119741100323625,0.0,0.21035598705501618,0.009708737864077669,0.003236245954692557,0.0,0.006472491909385114,0.003236245954692557,0.003236245954692557,0.286,0.343,0.417,0.76,0.346,21.0,7.1,,,,,,,,,
297,Mauricio Dubon,HOU,75,400.0869565,428,97.03105592,0.24534161495327103,0.780821917700924,0.1917808218571018,0.013698630138539256,0.018633540373831775,0.13043478261682243,0.1086956521728972,0.0496894410046729,0.0,0.1490683229906542,0.006211180123831776,0.009316770186915888,0.003105590063084112,0.012422360247663551,0.006211180123831776,0.006211180123831776,0.262458472,0.301242236,0.372093023,0.673335259,0.292,14.9068323,4.968944099,402,428,104,0.2523364485981308,0.7596153846153846,0.2403846153846154,0.0,0.009345794392523364,0.10514018691588785,0.10981308411214953,0.037383177570093455,0.0,0.12850467289719625,0.004672897196261682,0.011682242990654205,0.007009345794392523,0.007009345794392523,0.004672897196261682,0.002336448598130841,0.269,0.296,0.361,0.657,0.299,12.9,3.7,,,,,,,,,
298,Christian Vazquez,MIN,81,290.4672897,315,64.76635514399999,0.22118380063492063,0.7878787877833401,0.21212121215489968,0.0,0.015576323987301587,0.09657320873015873,0.09657320873015873,0.06542056076190476,0.003115264796825397,0.20249221184126984,0.003115264796825397,0.006230529593650794,0.003115264796825397,0.006230529593650794,0.006230529593650794,0.0,0.239864865,0.290625,0.337837838,0.628462838,0.289473684,20.24922118,6.542056075,294,315,58,0.20634920634920634,0.8275862068965517,0.1724137931034483,0.0,0.022222222222222223,0.09206349206349207,0.08571428571428572,0.03492063492063492,0.0,0.20634920634920634,0.0031746031746031746,0.012698412698412698,0.015873015873015872,0.009523809523809525,0.0031746031746031746,0.006349206349206349,0.221,0.248,0.327,0.575,0.257,20.6,3.5,,,,,,,,,
299,Austin Wells,NYY,81,371.4392523,414,70.93457944000001,0.20560747664251208,0.7090909090755299,0.25454545459415495,0.018181818179255,0.03426791277777778,0.10591900311594202,0.13395638630434784,0.08411214954106279,0.003115264797101449,0.2647975077294686,0.012461059190821255,0.006230529594202898,0.0,0.009345794393719806,0.003115264797101449,0.006230529594202898,0.229166667,0.302180685,0.395833333,0.698014019,0.283505155,26.47975078,8.411214953,354,414,68,0.1956521739130435,0.7205882352941176,0.2647058823529412,0.014705882352941176,0.03140096618357488,0.10144927536231885,0.13285024154589373,0.11352657004830918,0.0,0.21014492753623187,0.012077294685990338,0.016908212560386472,0.0024154589371980675,0.0024154589371980675,0.004830917874396135,-0.0024154589371980675,0.229,0.322,0.395,0.718,0.261,21.0,11.4,,,,,,,,,
300,Connor Wong,BOS,81,451.996875,487,98.921875,0.23125,0.6923076923076923,0.27692307692307694,0.03076923076923077,0.028125,0.121875,0.115625,0.053125,0.0,0.30625,0.009375,0.003125,0.00625,0.015625,0.00625,0.009375,0.249158249,0.295597484,0.414141414,0.709738898,0.340314136,30.625,5.3125,447,487,112,0.25667351129363447,0.7767857142857143,0.21428571428571427,0.008928571428571428,0.026694045174537988,0.11088295687885011,0.10677618069815195,0.057494866529774126,0.002053388090349076,0.23408624229979466,0.018480492813141684,0.004106776180698152,0.002053388090349076,0.01642710472279261,0.014373716632443531,0.002053388090349076,0.28,0.333,0.425,0.758,0.348,23.4,5.7,,,,,,,,,
302,Jonny DeLuca,TBR,73,328.6730159,362,64.35555556,0.21269841270718234,0.6785714285270323,0.2678571428682419,0.035714285705406475,0.03492063491712707,0.12698412698895029,0.13015873016574586,0.07301587301104973,0.0031746031740331492,0.21269841270718234,0.015873015872928175,0.0031746031740331492,0.0031746031740331492,0.019047619046961325,0.0031746031740331492,0.015873015872928175,0.234265734,0.301587302,0.412587413,0.714174714,0.267942584,21.26984127,7.301587302,332,362,66,0.19889502762430938,0.7575757575757576,0.18181818181818182,0.06060606060606061,0.016574585635359115,0.08011049723756906,0.0856353591160221,0.06629834254143646,0.0027624309392265192,0.212707182320442,0.011049723756906077,0.0,0.0055248618784530384,0.04419889502762431,0.016574585635359115,0.027624309392265192,0.217,0.278,0.331,0.609,0.265,21.3,6.6,,,,,,,,,
304,Kyle Higashioka,SDP,78,242.6387097,263,42.419354835,0.19677419353612166,0.7400000000495057,0.260000000068365,0.0,0.03548387096958175,0.09354838711026617,0.11935483870722433,0.06451612904942966,0.0,0.27741935482889735,0.0,0.01290322580608365,0.003225806452471483,0.0,0.003225806452471483,-0.003225806452471483,0.213286713,0.261290323,0.374125874,0.635416197,0.259067358,27.74193548,6.451612903,246,263,37,0.20532319391634982,0.7027027027027027,0.2702702702702703,0.02702702702702703,0.06463878326996197,0.11026615969581749,0.17110266159695817,0.057034220532319393,0.0,0.2813688212927757,0.0,0.0038022813688212928,0.0038022813688212928,0.0076045627376425855,0.0,0.0076045627376425855,0.22,0.263,0.476,0.739,0.237,28.1,5.7,,,,,,,,,
305,Taylor Walls,TBR,71,220.0909091,252,40.909090911,0.18181818182539683,0.7000000000562222,0.26000000007675556,0.039999999989244445,0.01948051948015873,0.1266233766269841,0.09740259742063491,0.11688311686507936,0.0,0.2564935065079365,0.003246753246031746,0.006493506492063492,0.003246753246031746,0.04220779222222223,0.006493506492063492,0.03571428571428571,0.208178439,0.301948052,0.338289963,0.640238015,0.268817204,25.64935065,11.68831169,218,252,39,0.15873015873015872,0.7948717948717948,0.1282051282051282,0.07692307692307693,0.003968253968253968,0.10714285714285714,0.05555555555555555,0.12301587301587301,0.0,0.26587301587301587,0.0,0.011904761904761904,0.0,0.06349206349206349,0.015873015873015872,0.047619047619047616,0.183,0.282,0.248,0.529,0.255,26.6,12.3,,,,,,,,,
306,Jared Triolo,PIT,71,398.2142857,446,92.675324676,0.21753246753363228,0.7343750000114648,0.25000000001079037,0.015624999999325602,0.009740259739910315,0.11688311688340808,0.09740259739910315,0.09415584414798206,0.0,0.25,0.006493506493273543,0.0032467532466367716,0.0,0.02272727273542601,0.006493506493273543,0.016233766233183858,0.243636364,0.319218241,0.341818182,0.661036423,0.326530612,25.0,9.415584416,394,446,76,0.1905829596412556,0.8552631578947368,0.13157894736842105,0.013157894736842105,0.020179372197309416,0.09192825112107623,0.1031390134529148,0.09417040358744394,0.0,0.2645739910313901,0.011210762331838564,0.011210762331838564,0.0,0.017937219730941704,0.002242152466367713,0.01569506726457399,0.216,0.296,0.315,0.611,0.279,26.5,9.4,,,,,,,,,
308,Nick Fortes,MIA,78,302.2638436,335,64.38110749600001,0.218241042358209,0.7966101694225505,0.18644067796978733,0.01694915254553203,0.026058631922388057,0.11400651465671642,0.10423452770149254,0.06840390880597015,0.0,0.17589576546268657,0.022801302931343286,0.006514657979104477,0.003257328991044776,0.013029315961194029,0.006514657979104477,0.006514657979104477,0.241877256,0.309446254,0.375451264,0.684897518,0.271889401,17.58957655,6.840390879,308,335,66,0.208955223880597,0.7575757575757576,0.24242424242424243,0.0,0.011940298507462687,0.08358208955223881,0.08656716417910448,0.03283582089552239,0.0,0.12238805970149254,0.011940298507462687,0.014925373134328358,0.020895522388059702,0.0,0.0029850746268656717,-0.0029850746268656717,0.227,0.259,0.318,0.577,0.246,12.2,3.3,,,,,,,,,
309,Jose Trevino,NYY,76,220.0066445,234,46.644518275,0.22259136213675215,0.7833333332886693,0.21666666660413697,0.01666666666845323,0.023255813952991453,0.09302325581196581,0.11295681064102564,0.04318936876068376,0.0,0.16611295679487179,0.003322259136752137,0.006644518273504274,0.003322259136752137,0.003322259136752137,0.003322259136752137,0.0,0.236749117,0.27090301,0.367491166,0.638394176,0.263157895,16.61129568,4.318936877,209,234,37,0.19230769230769232,0.8648648648648649,0.13513513513513514,0.0,0.03418803418803419,0.1111111111111111,0.11965811965811966,0.08547008547008547,0.0,0.1752136752136752,0.008547008547008548,0.008547008547008548,0.004273504273504274,0.004273504273504274,0.0,0.004273504273504274,0.215,0.288,0.354,0.642,0.228,17.5,8.5,,,,,,,,,
310,Ceddanne Rafaela,BOS,70,534.9568106,571,123.30564787,0.2425249169877408,0.7076923075088986,0.24615384610768196,0.04615384614012166,0.026578073082311734,0.13621262458844133,0.13621262458844133,0.03986710963222417,0.0,0.239202657793345,0.013289036544658494,0.0066445182732049034,0.0033222591366024517,0.03654485049036778,0.013289036544658494,0.023255813957968476,0.258865248,0.296666667,0.421985816,0.718652482,0.318627451,23.92026578,3.986710963,544,571,119,0.23467600700525393,0.7647058823529411,0.19327731092436976,0.04201680672268908,0.02626970227670753,0.12259194395796848,0.13134851138353765,0.02626970227670753,0.0017513134851138354,0.26444833625218916,0.012259194395796848,0.005253940455341506,0.0035026269702276708,0.03327495621716287,0.017513134851138354,0.01576182136602452,0.246,0.274,0.39,0.664,0.312,26.4,2.6,,,,,,,,,
312,Adam Frazier,KCR,70,266.6511628,294,67.395348836,0.2425249169387755,0.7536231883537573,0.21739130434137488,0.02898550724551665,0.013289036544217687,0.11960132891156464,0.0963455149659864,0.0697674418707483,0.003322259136054422,0.12956810632653062,0.013289036544217687,0.003322259136054422,0.006644518272108844,0.016611295680272108,0.009966777408163267,0.006644518272108844,0.267399267,0.327759197,0.380952381,0.708711578,0.298701299,12.95681063,6.976744186,262,294,49,0.18027210884353742,0.7755102040816326,0.20408163265306123,0.02040816326530612,0.013605442176870748,0.11904761904761904,0.07482993197278912,0.07482993197278912,0.0,0.20068027210884354,0.023809523809523808,0.0,0.01020408163265306,0.01020408163265306,0.0,0.01020408163265306,0.202,0.282,0.294,0.576,0.246,20.1,7.5,,,,,,,,,
313,Jo Adell,LAA,70,410.5448505,451,70.42192691,0.20598006645232816,0.7234042552557016,0.27659574474429843,0.021276595738638247,0.04983388705099778,0.12956810631929047,0.1495016611308204,0.07308970099778271,0.0033222591352549888,0.3322259135254989,0.013289036545454545,0.0033222591352549888,0.0,0.013289036545454545,0.0033222591352549888,0.00996677740798226,0.226277372,0.292358804,0.448905109,0.741263913,0.29375,33.22259136,7.3089701,405,451,64,0.18625277161862527,0.734375,0.234375,0.03125,0.04434589800443459,0.1197339246119734,0.13747228381374724,0.07760532150776053,0.0022172949002217295,0.2793791574279379,0.015521064301552107,0.0066518847006651885,0.0,0.03325942350332594,0.022172949002217297,0.011086474501108648,0.207,0.28,0.402,0.682,0.244,27.9,7.8,,,,,,,,,
314,Lawrence Butler,OAK,70,413.5415282,451,83.90697675,0.21262458472283813,0.7499999999702052,0.21428571432827842,0.035714285713434435,0.02657807308203991,0.11627906977827052,0.1063122923503326,0.06976744186252772,0.0033222591352549888,0.2724252492239468,0.0033222591352549888,0.0066445182727272725,0.0,0.02657807308203991,0.0066445182727272725,0.019933554818181817,0.231884058,0.286666667,0.376811594,0.663478261,0.29787234,27.24252492,6.976744186,412,451,86,0.2394678492239468,0.6976744186046512,0.27906976744186046,0.023255813953488372,0.04878048780487805,0.13968957871396895,0.12638580931263857,0.07760532150776053,0.0,0.2394678492239468,0.0,0.008869179600886918,0.0,0.03991130820399113,0.0,0.03991130820399113,0.262,0.317,0.49,0.807,0.301,23.9,7.8,,,,,,,,,
316,Ramon Urias,BAL,68,271.3095238,301,61.428571433,0.22789115647840533,0.7499999999226744,0.23333333326224806,0.01666666666856589,0.02380952381063123,0.11224489797342194,0.11564625850498339,0.07823129252491695,0.0,0.2482993197342193,0.017006802720930234,0.0034013605448504985,0.0034013605448504985,0.0034013605448504985,0.0034013605448504985,0.0,0.252830189,0.323129252,0.39245283,0.715582082,0.322580645,24.82993197,7.823129252,272,301,58,0.2292358803986711,0.8103448275862069,0.15517241379310345,0.034482758620689655,0.036544850498338874,0.12956810631229235,0.12292358803986711,0.07641196013289037,0.0,0.18272425249169436,0.016611295681063124,0.0033222591362126247,0.0,0.0033222591362126247,0.0033222591362126247,0.0,0.254,0.322,0.423,0.745,0.28,18.3,7.6,,,,,,,,,
317,Santiago Espinal,TOR,68,356.4217687,391,91.765306122,0.24489795918158566,0.7681159420564657,0.23188405792173947,0.0,0.010204081631713555,0.1122448979539642,0.09863945578005115,0.07482993196930945,0.0034013605447570333,0.14625850340153454,0.006802721089514067,0.0034013605447570333,0.006802721089514067,0.010204081631713555,0.006802721089514067,0.0034013605447570333,0.268656716,0.327645051,0.361940299,0.68958535,0.30941704,14.62585034,7.482993197,357,391,79,0.22506393861892582,0.8481012658227848,0.1518987341772152,0.0,0.023017902813299233,0.08184143222506395,0.11508951406649616,0.061381074168797956,0.0025575447570332483,0.13810741687979539,0.005115089514066497,0.010230179028132993,0.010230179028132993,0.028132992327365727,0.0025575447570332483,0.02557544757033248,0.246,0.295,0.356,0.65,0.265,13.8,6.1,,,,,,,,,
318,Nick Gordon,MIA,66,253.9198606,275,59.407665507000004,0.2404181184727273,0.7096774194069663,0.24193548386961022,0.04838709677392205,0.02439024390181818,0.1289198606181818,0.10104529618181818,0.045296167236363635,0.0,0.20905923345454544,0.013937282229090908,0.010452961672727273,0.006968641116363636,0.017421602789090912,0.010452961672727273,0.006968641116363636,0.260377359,0.301754386,0.418867925,0.72062231,0.308457711,20.90592334,4.529616725,260,275,51,0.21454545454545454,0.7647058823529411,0.21568627450980393,0.0196078431372549,0.02909090909090909,0.10545454545454545,0.11636363636363636,0.04,0.0,0.24363636363636362,0.0036363636363636364,0.01090909090909091,0.0,0.01818181818181818,0.01818181818181818,0.0,0.227,0.258,0.369,0.627,0.271,24.4,4.0,,,,,,,,,
322,Carson Kelly,DET,71,276.5017668,313,54.194346290000006,0.19787985865814697,0.7346938776037406,0.24489795926275393,0.0,0.02473498233226837,0.10600706712460063,0.09540636041533547,0.09540636041533547,0.0035335689041533546,0.21908127207667732,0.010600706712460065,0.010600706712460065,0.0,0.0035335689041533546,0.0035335689041533546,0.0,0.224,0.303886926,0.352,0.655886926,0.266304348,21.90812721,9.540636042,281,313,58,0.21405750798722045,0.8275862068965517,0.15517241379310345,0.017241379310344827,0.02875399361022364,0.10223642172523961,0.1182108626198083,0.07987220447284345,0.0,0.1757188498402556,0.019169329073482427,0.003194888178913738,0.0,0.0,0.0,0.0,0.238,0.313,0.374,0.687,0.266,17.6,8.0,,,,,,,,,
323,Trent Grisham,NYY,65,179.1428571,209,32.096428576,0.1892857143062201,0.674418604510598,0.30232558136564186,0.023255813936823473,0.03571428571291866,0.125,0.11428571430622009,0.11785714287081339,0.0035714285693779907,0.2571428571291866,0.010714285712918662,0.0035714285693779907,0.00714285714354067,0.024999999999999998,0.00714285714354067,0.01785714285645933,0.220833333,0.321299639,0.408333333,0.729632972,0.270440252,25.71428571,11.78571429,179,209,25,0.16267942583732056,0.68,0.32,0.0,0.0430622009569378,0.10047846889952153,0.14832535885167464,0.10526315789473684,0.004784688995215311,0.2727272727272727,0.019138755980861243,0.009569377990430622,0.004784688995215311,0.004784688995215311,0.004784688995215311,0.0,0.19,0.29,0.385,0.675,0.217,27.3,10.5,,,,,,,,,
324,Miguel Andujar,OAK,65,297.3535714,319,69.49642857,0.24285714285266458,0.754098360712351,0.22950819672602923,0.016393442619176593,0.024999999999999998,0.10714285714733542,0.10714285714733542,0.060714285705329156,0.003571428570532915,0.14285714285266457,0.003571428570532915,0.007142857144200627,0.0,0.010714285714733542,0.003571428570532915,0.007142857144200627,0.260536398,0.306049822,0.402298851,0.708348673,0.282407407,14.28571429,6.071428571,302,319,82,0.26959247648902823,0.8170731707317073,0.17073170731707318,0.012195121951219513,0.012539184952978056,0.09717868338557993,0.09404388714733543,0.04075235109717868,0.0,0.13166144200626959,0.009404388714733543,0.003134796238244514,0.0,0.009404388714733543,0.006269592476489028,0.003134796238244514,0.285,0.32,0.377,0.697,0.319,13.2,4.1,,,,,,,,,
325,Mike Tauchman,CHC,63,300.0,350,64.1025641,0.20146520145714286,0.7400000000936,0.23999999993760002,0.020000000000000004,0.018315018314285714,0.14652014651428572,0.10622710622857144,0.12820512820000002,0.003663003662857143,0.23443223442857142,0.010989010988571428,0.007326007325714286,0.0,0.018315018314285714,0.003663003662857143,0.014652014651428572,0.235042735,0.339416058,0.358974359,0.698390417,0.299401198,23.44322344,12.82051282,298,350,67,0.21142857142857144,0.8059701492537313,0.1791044776119403,0.014925373134328358,0.02,0.14285714285714285,0.08285714285714285,0.13428571428571429,0.0,0.2,0.011428571428571429,0.002857142857142857,0.0,0.017142857142857144,0.005714285714285714,0.011428571428571429,0.248,0.357,0.366,0.723,0.302,20.0,13.4,,,,,,,,,
326,Austin Slater,SFG,63,187.1501832,212,40.380952384000004,0.2161172161320755,0.769230769116473,0.21153846151941216,0.019230769240293905,0.025641025641509434,0.12454212452830188,0.10989010990566038,0.10256410254716981,0.0036630036650943396,0.27838827839622643,0.014652014650943396,0.0036630036650943396,0.0,0.025641025641509434,0.007326007325471698,0.018315018316037737,0.244813278,0.332116788,0.385892116,0.718008905,0.327044025,27.83882784,10.25641026,177,212,35,0.17452830188679244,0.8857142857142857,0.11428571428571428,0.0,0.009433962264150943,0.11320754716981132,0.08490566037735849,0.12264150943396226,0.0,0.2830188679245283,0.02358490566037736,0.018867924528301886,0.0,0.014150943396226415,0.009433962264150943,0.0047169811320754715,0.209,0.321,0.266,0.586,0.294,28.3,12.3,,,,,,,,,
329,Kyle Farmer,MIN,62,220.1654135,242,48.218045113,0.22180451128099174,0.7735849056631164,0.2075471698727555,0.018867924526345364,0.022556390979338845,0.10526315789256198,0.11278195487603306,0.05263157896694215,0.0,0.20676691727272725,0.02631578947520661,0.007518796991735537,0.0037593984958677685,0.0037593984958677685,0.007518796991735537,-0.0037593984958677685,0.243801653,0.301886792,0.371900826,0.673787619,0.289617486,20.67669173,5.263157895,215,242,41,0.19008264462809918,0.6585365853658537,0.3170731707317073,0.024390243902439025,0.02066115702479339,0.10743801652892562,0.10330578512396695,0.07851239669421488,0.004132231404958678,0.2024793388429752,0.024793388429752067,0.008264462809917356,0.0,0.012396694214876033,0.02066115702479339,-0.008264462809917356,0.214,0.293,0.353,0.647,0.252,20.2,7.9,,,,,,,,,
330,Andy Ibanez,DET,62,223.8195489,244,52.285714282,0.23684210524590163,0.7192982457341578,0.26315789482743746,0.01754385964878727,0.022556390975409835,0.11278195487704917,0.10902255639344262,0.07142857143442624,0.0,0.17293233081967213,0.007518796991803279,0.0037593984959016394,0.0037593984959016394,0.007518796991803279,0.0037593984959016394,0.0037593984959016394,0.258196721,0.315789474,0.401639344,0.717428818,0.295336788,17.29323308,7.142857143,224,244,49,0.22131147540983606,0.7959183673469388,0.1836734693877551,0.02040816326530612,0.020491803278688523,0.12295081967213115,0.13114754098360656,0.06147540983606557,0.0,0.2581967213114754,0.012295081967213115,0.00819672131147541,0.0,0.00819672131147541,0.012295081967213115,-0.004098360655737705,0.241,0.295,0.357,0.652,0.31,25.8,6.1,,,,,,,,,
331,Garrett Mitchell,MIL,62,201.2631579,224,46.315789474,0.2255639097767857,0.7454545454608265,0.2181818182257851,0.03636363635657025,0.01879699248214286,0.12781954888392857,0.120300751875,0.07894736843750001,0.0,0.3270676691517857,0.015037593986607143,0.003759398495535714,0.003759398495535714,0.04135338345982143,0.003759398495535714,0.03759398496428572,0.251046025,0.320754717,0.380753138,0.701507855,0.371621622,32.70676692,7.894736842,196,224,42,0.22321428571428573,0.6428571428571429,0.2857142857142857,0.07142857142857142,0.03571428571428571,0.14732142857142858,0.09375,0.11160714285714286,0.0,0.3169642857142857,0.004464285714285714,0.0,0.008928571428571428,0.049107142857142856,0.017857142857142856,0.03125,0.255,0.342,0.469,0.812,0.359,31.7,11.2,,,,,,,,,
335,Pete Crow-Armstrong,CHC,60,373.5907336,410,79.15057915,0.22007722007317074,0.7399999999873659,0.2,0.06,0.027027027024390245,0.1544401544390244,0.13127413126829268,0.06563706563414634,0.0,0.2857142856097561,0.01544401544390244,0.00386100386097561,0.00386100386097561,0.04247104246341464,0.01544401544390244,0.027027027024390245,0.241525424,0.302325581,0.398305085,0.700630666,0.320512821,28.57142857,6.563706564,372,410,78,0.2146341463414634,0.7564102564102564,0.16666666666666666,0.07692307692307693,0.024390243902439025,0.11219512195121951,0.11463414634146342,0.05121951219512195,0.004878048780487805,0.23902439024390243,0.014634146341463415,0.007317073170731708,0.01951219512195122,0.06585365853658537,0.007317073170731708,0.05853658536585366,0.237,0.286,0.384,0.67,0.292,23.9,5.1,,,,,,,,,
336,Randal Grichuk,ARI,60,258.5328185,279,57.092664088999996,0.2316602316487455,0.7358490566232719,0.24528301881603937,0.018867924525658056,0.027027027028673836,0.11583011584229391,0.11196911197132617,0.057915057921146956,0.0038610038602150537,0.22779922781362008,0.007722007720430107,0.007722007720430107,0.0,0.0038610038602150537,0.0038610038602150537,0.0,0.25,0.297297297,0.4,0.697297297,0.301136364,22.77992278,5.791505792,254,279,62,0.26523297491039427,0.6451612903225806,0.3225806451612903,0.03225806451612903,0.043010752688172046,0.14336917562724014,0.16487455197132617,0.07168458781362007,0.0,0.16487455197132617,0.010752688172043012,0.007168458781362007,0.0,0.0,0.0,0.0,0.291,0.348,0.528,0.875,0.313,16.5,7.2,,,,,,,,,
339,Victor Caratini,HOU,65,242.0155642,274,50.10894942,0.2023346303649635,0.8297872340425532,0.1702127659374903,0.0,0.01945525291970803,0.08560311284671533,0.11284046693430656,0.08949416343065694,0.007782101167883212,0.20622568094890512,0.015564202335766424,0.011673151751824817,0.0,0.003891050583941606,0.003891050583941606,0.0,0.22907489,0.307392996,0.330396476,0.637789472,0.273255814,20.62256809,8.949416342,245,274,58,0.24087591240875914,0.8448275862068966,0.13793103448275862,0.017241379310344827,0.029197080291970802,0.10948905109489052,0.10948905109489052,0.08394160583941605,0.0036496350364963502,0.19343065693430658,0.010948905109489052,0.010948905109489052,0.0,0.0,0.0036496350364963502,-0.0036496350364963502,0.269,0.336,0.408,0.744,0.31,19.3,8.4,,,,,,,,,
341,Yasmani Grandal,PIT,65,207.8789063,243,43.6640625,0.203125,0.8043478260869565,0.1956521739130435,0.0,0.0234375,0.08984375,0.08984375,0.12890625,0.00390625,0.2109375,0.0078125,0.0078125,0.0,0.0,0.00390625,-0.00390625,0.237442922,0.33984375,0.360730594,0.700574344,0.285714286,21.09375,12.890625,215,243,40,0.20164609053497942,0.75,0.25,0.0,0.037037037037037035,0.10699588477366255,0.1111111111111111,0.09876543209876543,0.0,0.18930041152263374,0.0,0.00411522633744856,0.012345679012345678,0.00411522633744856,0.0,0.00411522633744856,0.228,0.304,0.4,0.704,0.248,18.9,9.9,,,,,,,,,
343,Ezequiel Duran,TEX,58,264.6428571,285,56.547619052,0.23015873017543861,0.7199999998684294,0.2599999999377516,0.03999999999858526,0.03174603174736842,0.11904761905263157,0.12301587301754387,0.05158730157894737,0.003968253968421052,0.2698412698245614,0.011904761905263158,0.007936507936842105,0.003968253968421052,0.019841269842105262,0.011904761905263158,0.007936507936842105,0.247863248,0.293650794,0.427350427,0.721001221,0.3125,26.98412698,5.158730159,268,285,63,0.23157894736842105,0.8253968253968254,0.1746031746031746,0.0,0.010526315789473684,0.0912280701754386,0.07017543859649122,0.04912280701754386,0.0,0.22105263157894736,0.007017543859649123,0.0035087719298245615,0.0,0.0035087719298245615,0.007017543859649123,-0.0035087719298245615,0.246,0.288,0.321,0.609,0.31,22.1,4.9,,,,,,,,,
344,Hunter Goodman,COL,58,205.3333333,224,41.777777782,0.23015873017857144,0.638297872355704,0.31914893605817113,0.02127659574519013,0.043650793651785716,0.1269841269642857,0.1626984126785714,0.06349206348214285,0.0,0.27380952379464285,0.015873015875,0.0079365079375,0.0,0.0,0.0,0.0,0.251082251,0.308300395,0.463203463,0.771503858,0.307189542,27.38095238,6.349206349,211,224,27,0.17857142857142858,0.6666666666666666,0.3333333333333333,0.0,0.05803571428571429,0.10714285714285714,0.16071428571428573,0.03571428571428571,0.0,0.2857142857142857,0.013392857142857142,0.008928571428571428,0.0,0.004464285714285714,0.004464285714285714,0.0,0.19,0.228,0.417,0.645,0.199,28.6,3.6,,,,,,,,,
345,Ildemaro Vargas,WSN,57,281.9755102,303,66.78367346799999,0.2326530612211221,0.7407407408294739,0.22222222227878963,0.01851851852073685,0.01224489796039604,0.11020408161716172,0.10204081633663367,0.05714285712871287,0.004081632653465346,0.1061224489768977,0.004081632653465346,0.004081632653465346,0.004081632653465346,0.004081632653465346,0.004081632653465346,0.0,0.25,0.295081967,0.346491228,0.641573195,0.27,10.6122449,5.714285714,272,303,66,0.22112211221122113,0.7575757575757576,0.24242424242424243,0.0,0.0033003300330033004,0.06930693069306931,0.09900990099009901,0.0627062706270627,0.0,0.10231023102310231,0.006600660066006601,0.0165016501650165,0.0165016501650165,0.0297029702970297,0.013201320132013201,0.0165016501650165,0.246,0.295,0.316,0.611,0.269,10.2,6.3,,,,,,,,,
349,Miguel Amaya,CHC,62,312.2098765,363,58.25925926,0.1893004115151515,0.743589743506121,0.2564102563222325,0.0,0.02880658435261708,0.09876543209366392,0.11934156377410468,0.09465020575757575,0.0,0.2716049382644628,0.032921810688705234,0.00823045267493113,0.004115226336088154,0.004115226336088154,0.004115226336088154,0.0,0.220095694,0.318181818,0.368421053,0.686602871,0.282608696,27.16049383,9.465020576,328,363,68,0.209366391184573,0.7794117647058824,0.19117647058823528,0.029411764705882353,0.02203856749311295,0.0881542699724518,0.12947658402203857,0.06336088154269973,0.0,0.17079889807162535,0.011019283746556474,0.008264462809917356,0.013774104683195593,0.0,0.0,0.0,0.232,0.288,0.357,0.644,0.261,17.1,6.3,,,,,,,,,
351,Miguel Rojas,LAD,55,310.0966387,337,72.21428571,0.2268907562908012,0.7647058824588352,0.23529411767964162,0.019607843144586027,0.012605042017804154,0.10084033614243323,0.10084033614243323,0.058823529406528186,0.004201680673590505,0.12184873949554896,0.012605042017804154,0.00840336134421365,0.004201680673590505,0.0168067226884273,0.00840336134421365,0.00840336134421365,0.246575342,0.298319328,0.356164384,0.654483711,0.26984127,12.18487395,5.882352941,307,337,81,0.258160237388724,0.7407407407407407,0.25925925925925924,0.0,0.017804154302670624,0.12166172106824925,0.10682492581602374,0.06824925816023739,0.0,0.10089020771513353,0.008902077151335312,0.005934718100890208,0.005934718100890208,0.02373887240356083,0.005934718100890208,0.017804154302670624,0.283,0.337,0.41,0.748,0.301,10.1,6.8,,,,,,,,,
353,Vidal Brujan,MIA,55,252.302521,278,58.403361342000004,0.22689075629496405,0.7600000000013697,0.22000000008150217,0.04000000000547914,0.016806722690647483,0.13445378151079138,0.0966386554676259,0.07563025208633094,0.0,0.18907563025179855,0.008403361345323742,0.004201680672661871,0.004201680672661871,0.050420168057553956,0.029411764705035974,0.02100840335971223,0.25,0.312236287,0.37962963,0.691865917,0.297619048,18.90756303,7.56302521,248,278,53,0.19784172661870503,0.6981132075471698,0.2641509433962264,0.03773584905660377,0.007194244604316547,0.11510791366906475,0.05755395683453238,0.08992805755395683,0.01079136690647482,0.19424460431654678,0.014388489208633094,0.0,0.0035971223021582736,0.017985611510791366,0.02158273381294964,-0.0035971223021582736,0.222,0.303,0.319,0.622,0.276,19.4,9.0,,,,,,,,,
357,Dylan Moore,SEA,53,381.8181818,441,68.72727273,0.19047619047619047,0.6666666666666667,0.27777777775352736,0.05555555555070547,0.03463203462585034,0.12987012986394558,0.10822510823129253,0.099567099569161,0.004329004328798186,0.31168831179138323,0.03030303029478458,0.004329004328798186,0.0,0.05194805195011338,0.02164502164399093,0.03030303029478458,0.22,0.32034632,0.41,0.73034632,0.297520661,31.16883117,9.956709957,368,441,64,0.16780045351473924,0.578125,0.359375,0.0625,0.022675736961451247,0.12018140589569161,0.09523809523809523,0.12018140589569161,0.0022675736961451248,0.2789115646258503,0.031746031746031744,0.011337868480725623,0.0022675736961451248,0.07256235827664399,0.013605442176870748,0.05895691609977324,0.201,0.32,0.367,0.687,0.267,27.9,12.0,,,,,,,,,
364,Gavin Sheets,CHW,53,455.4545455,501,93.25974025000001,0.22077922075848305,0.7906976744984017,0.23255813957727592,0.0,0.03463203463073852,0.09523809522954091,0.12987012986027943,0.07792207792415169,0.004329004329341318,0.20346320339321358,0.004329004329341318,0.008658008658682636,0.0,0.004329004329341318,0.004329004329341318,0.0,0.242857143,0.303030303,0.40952381,0.712554113,0.27388535,20.34632035,7.792207792,451,501,95,0.20958083832335328,0.7368421052631579,0.25263157894736843,0.010526315789473684,0.01996007984031936,0.06986027944111776,0.08982035928143713,0.08582834331337326,0.003992015968063872,0.21157684630738524,0.007984031936127744,0.005988023952095809,0.0,0.003992015968063872,0.003992015968063872,0.0,0.233,0.303,0.357,0.66,0.281,21.2,8.6,,,,,,,,,
370,Jacob Stallings,COL,55,247.4862385,281,56.715596333,0.2155963302846975,0.750000000004408,0.22727272731680687,0.0,0.013761467889679715,0.08715596330960855,0.10091743120996441,0.09174311925266904,0.0,0.22018348622775802,0.009174311925266904,0.004587155964412812,0.004587155964412812,0.0,0.004587155964412812,-0.004587155964412812,0.244791667,0.320930233,0.338541667,0.659471899,0.309859155,22.01834862,9.174311927,243,281,55,0.2277580071174377,0.6727272727272727,0.3090909090909091,0.01818181818181818,0.03202846975088968,0.1103202846975089,0.12811387900355872,0.09608540925266904,0.0035587188612099642,0.2313167259786477,0.03202846975088968,0.0035587188612099642,0.0035587188612099642,0.0,0.0,0.0,0.263,0.357,0.453,0.81,0.324,23.1,9.6,,,,,,,,,
372,Freddy Fermin,KCR,53,333.1184834,368,73.25118483,0.2274881516576087,0.7857142857630417,0.21428571423695836,0.023809523805623338,0.028436018967391303,0.11848341230978261,0.12322274880434783,0.08056872038043479,0.0,0.2037914691847826,0.004739336491847826,0.004739336491847826,0.004739336491847826,0.0,0.0,0.0,0.251308901,0.314285714,0.408376963,0.722662678,0.293706294,20.37914692,8.056872038,339,368,86,0.25,0.8372093023255814,0.16279069767441862,0.0,0.016304347826086956,0.10869565217391304,0.09782608695652174,0.0625,0.002717391304347826,0.1793478260869565,0.005434782608695652,0.008152173913043478,0.002717391304347826,0.005434782608695652,0.0,0.005434782608695652,0.271,0.319,0.366,0.685,0.319,17.9,6.3,,,,,,,,,
373,Rob Refsnyder,BOS,49,263.1428571,307,64.323809522,0.22857142856677526,0.7272727272783804,0.2499999999922268,0.02272727272939268,0.019047619048859935,0.12857142856677525,0.1190476190553746,0.11428571429967427,0.0,0.23333333332247558,0.019047619048859935,0.009523809524429968,0.004761904762214984,0.01428571428664495,0.004761904762214984,0.009523809524429968,0.266666667,0.361904762,0.405555556,0.767460317,0.341085271,23.33333333,11.42857143,272,307,66,0.250814332247557,0.7424242424242424,0.24242424242424243,0.015151515151515152,0.035830618892508145,0.10423452768729642,0.13029315960912052,0.09120521172638436,0.006514657980456026,0.254071661237785,0.016286644951140065,0.003257328990228013,0.0,0.006514657980456026,0.006514657980456026,0.0,0.283,0.359,0.471,0.83,0.359,25.4,9.1,,,,,,,,,
374,Garrett Hampson,KCR,49,207.9,231,48.400000000000006,0.22380952380952382,0.7727272727272726,0.20454545454545453,0.045454545454545456,0.014285714285714285,0.12857142857142856,0.08095238095238096,0.0761904761904762,0.0,0.23809523809523808,0.009523809523809525,0.004761904761904762,0.009523809523809525,0.03333333333333333,0.004761904761904762,0.02857142857142857,0.248677249,0.3125,0.37037037,0.68287037,0.321167883,23.80952381,7.619047619,213,231,49,0.21212121212121213,0.7142857142857143,0.2653061224489796,0.02040816326530612,0.0,0.06926406926406926,0.06926406926406926,0.06060606060606061,0.0,0.2554112554112554,0.0,0.008658008658008658,0.008658008658008658,0.030303030303030304,0.008658008658008658,0.021645021645021644,0.23,0.275,0.3,0.576,0.314,25.5,6.1,,,,,,,,,
375,Jon Singleton,HOU,49,343.2857143,405,59.78571429,0.18095238096296296,0.7096774193278605,0.2580645161344279,0.0,0.03333333333333333,0.1095238095308642,0.1142857142962963,0.13809523809876542,0.004761904762962963,0.28571428567901236,0.0,0.00952380952345679,0.0,0.0,0.0,0.0,0.213483146,0.320574163,0.370786517,0.69136068,0.274336283,28.57142857,13.80952381,355,405,70,0.20493827160493827,0.8,0.18571428571428572,0.014285714285714285,0.03209876543209877,0.11358024691358025,0.1037037037037037,0.11604938271604938,0.0,0.2740740740740741,0.0,0.007407407407407408,0.0,0.0,0.0,0.0,0.234,0.321,0.386,0.707,0.299,27.4,11.6,,,,,,,,,
376,Emmanuel Rivera,ARI,49,276.1142857,302,63.27619048,0.23333333334437084,0.7272727272439933,0.22727272724399322,0.04545454544879865,0.02380952380794702,0.12857142857615894,0.1190476190397351,0.07142857142384106,0.0,0.19999999999999998,0.009523809523178809,0.009523809523178809,0.0,0.004761904761589404,0.004761904761589404,0.0,0.255208333,0.312796209,0.40625,0.719046209,0.299319728,20.0,7.142857143,265,302,58,0.20860927152317882,0.8103448275862069,0.15517241379310345,0.034482758620689655,0.016556291390728478,0.07947019867549669,0.09602649006622517,0.08609271523178808,0.0,0.22847682119205298,0.016556291390728478,0.016556291390728478,0.0033112582781456954,0.006622516556291391,0.0,0.006622516556291391,0.238,0.312,0.343,0.656,0.296,22.8,8.6,,,,,,,,,
382,Harold Ramirez,TBR,47,229.0344828,246,59.37931035,0.2610837438617886,0.7551020406891606,0.20408163261869208,0.0,0.019704433495934957,0.10837438422764227,0.12807881772357724,0.04433497536585366,0.0,0.1724137930894309,0.01477832512195122,0.009852216747967478,0.0,0.009852216747967478,0.004926108373983739,0.004926108373983739,0.28042328,0.320197044,0.386243386,0.706440431,0.322368421,17.24137931,4.433497537,238,246,60,0.25203252032520324,0.8666666666666667,0.11666666666666667,0.016666666666666666,0.008130081300813009,0.11382113821138211,0.11788617886178862,0.02032520325203252,0.0,0.2032520325203252,0.008130081300813009,0.0040650406504065045,0.0,0.024390243902439025,0.008130081300813009,0.016260162601626018,0.261,0.28,0.324,0.604,0.321,20.3,2.0,,,,,,,,,
384,Travis Jankowski,TEX,45,178.4846939,207,42.244897961,0.20918367347826086,0.8000000000284059,0.17499999999585747,0.024999999999408214,0.0051020408164251215,0.1326530612077295,0.07142857144927536,0.12244897961352656,0.0051020408164251215,0.1734693877777778,0.0051020408164251215,0.0051020408164251215,0.0051020408164251215,0.05102040816425121,0.0051020408164251215,0.04591836734782609,0.24260355,0.338461538,0.313609467,0.652071006,0.296296296,17.34693878,12.24489796,190,207,37,0.18357487922705315,0.8648648648648649,0.13513513513513514,0.0,0.004830917874396135,0.09178743961352658,0.057971014492753624,0.057971014492753624,0.0,0.21256038647342995,0.024154589371980676,0.0,0.0,0.05314009661835749,0.004830917874396135,0.04830917874396135,0.2,0.266,0.242,0.508,0.255,21.3,5.8,,,,,,,,,
385,Ivan Herrera,STL,49,222.578125,259,45.864583337,0.19791666667953667,0.7647058823644841,0.23529411770092584,0.0,0.02083333333204633,0.11458333332046332,0.10416666667953668,0.11458333332046332,0.0,0.234375,0.015625,0.005208333332046331,0.0,0.010416666667953668,0.0,0.010416666667953668,0.23030303,0.329842932,0.351515152,0.681358083,0.290598291,23.4375,11.45833333,229,259,64,0.26640926640926643,0.796875,0.1875,0.015625,0.019305019305019305,0.14285714285714285,0.10424710424710425,0.09652509652509653,0.0,0.20463320463320464,0.007722007722007722,0.007722007722007722,0.0,0.019305019305019305,0.0,0.019305019305019305,0.301,0.372,0.428,0.8,0.37,20.5,9.7,,,,,,,,,
386,Kevin Pillar,,44,294.0634921,314,59.80952381,0.22751322751592357,0.7500000000417993,0.2222222222036447,0.02777777777127565,0.037037037038216564,0.13756613757961783,0.12169312168789809,0.04761904761146497,0.0,0.21693121694267517,0.015873015872611466,0.005291005289808917,0.0,0.015873015872611466,0.005291005289808917,0.010582010582802547,0.242937853,0.289473684,0.418079096,0.70755278,0.276923077,21.69312169,4.761904762,284,314,57,0.2070063694267516,0.7017543859649122,0.2807017543859649,0.017543859649122806,0.025477707006369428,0.12101910828025478,0.14331210191082802,0.050955414012738856,0.0,0.2197452229299363,0.03184713375796178,0.009554140127388535,0.0031847133757961785,0.03821656050955414,0.009554140127388535,0.028662420382165606,0.229,0.291,0.377,0.667,0.271,22.0,5.1,,,,,,,,,
387,Jorge Mateo,BAL,42,193.1428571,208,39.999999999,0.21428571427884616,0.714285714267857,0.22857142858071428,0.05714285715142857,0.02197802197596154,0.13186813187500002,0.10439560437499999,0.04945054947115384,0.0,0.2527472527403846,0.005494505495192308,0.005494505495192308,0.010989010990384617,0.06593406591346154,0.016483516485576923,0.04945054947115384,0.230769231,0.272222222,0.372781065,0.645003287,0.291666667,25.27472527,4.945054945,192,208,39,0.21153846153846154,0.5897435897435898,0.358974358974359,0.05128205128205128,0.02403846153846154,0.14423076923076922,0.08653846153846154,0.04807692307692308,0.0,0.23076923076923078,0.004807692307692308,0.014423076923076924,0.009615384615384616,0.0625,0.009615384615384616,0.052884615384615384,0.229,0.267,0.401,0.668,0.275,23.1,4.8,,,,,,,,,
388,Stuart Fairchild,CIN,42,203.5549451,233,39.686813189,0.20329670330472102,0.7419354839546878,0.2580645160705095,0.06451612901762738,0.032967032965665236,0.12637362639484978,0.131868131888412,0.08241758240343347,0.0,0.27472527472103003,0.027472527472103006,0.005494505493562231,0.010989010987124462,0.027472527472103006,0.010989010987124462,0.01648351648497854,0.232704402,0.316666667,0.433962264,0.750628931,0.298076923,27.47252747,8.241758242,209,233,37,0.19313304721030042,0.7837837837837838,0.21621621621621623,0.0,0.034334763948497854,0.14163090128755365,0.12875536480686695,0.07296137339055794,0.0,0.2575107296137339,0.017167381974248927,0.004291845493562232,0.008583690987124463,0.055793991416309016,0.004291845493562232,0.05150214592274678,0.215,0.286,0.368,0.654,0.261,25.8,7.3,,,,,,,,,
393,James McCann,BAL,44,214.36,233,45.268571424,0.21714285712446352,0.7941176471705749,0.2058823529619674,0.0,0.0228571428583691,0.10285714287553649,0.10285714287553649,0.05714285712446352,0.0,0.26285714287553646,0.01142857142918455,0.005714285712446352,0.005714285712446352,0.01142857142918455,0.005714285712446352,0.005714285712446352,0.236024845,0.287356322,0.354037267,0.641393589,0.303571429,26.28571429,5.714285714,214,233,42,0.2145922746781116,0.7857142857142857,0.21428571428571427,0.0,0.034334763948497854,0.11587982832618025,0.13304721030042918,0.055793991416309016,0.0,0.24034334763948498,0.008583690987124463,0.017167381974248927,0.0,0.004291845493562232,0.0,0.004291845493562232,0.234,0.279,0.388,0.667,0.273,24.0,5.6,,,,,,,,,
396,Jake Bauers,MIL,41,302.5028571,346,51.40571428999999,0.188571428583815,0.7307692307916768,0.2692307692083234,0.0,0.04,0.10857142858381504,0.12000000000000001,0.12000000000000001,0.0,0.30285714277456643,0.0,0.005714285713872833,0.0,0.017142857141618496,0.005714285713872833,0.011428571427745665,0.215686275,0.308571429,0.39869281,0.707264239,0.276595745,30.28571429,12.0,302,346,48,0.17341040462427745,0.7708333333333334,0.1875,0.041666666666666664,0.03468208092485549,0.13005780346820808,0.12427745664739884,0.11271676300578035,0.002890173410404624,0.34104046242774566,0.014450867052023121,0.0,0.0,0.03757225433526012,0.002890173410404624,0.03468208092485549,0.199,0.301,0.361,0.662,0.279,34.1,11.3,,,,,,,,,
398,Edmundo Sosa,PHI,39,251.1666667,274,55.452380956,0.22619047620437957,0.7647058822171595,0.17647058822892936,0.05882352940964312,0.023809523810218978,0.125,0.11309523810218979,0.03571428571532846,0.0,0.22619047620437957,0.03571428571532846,0.0059523809525547445,0.0059523809525547445,0.01785714285766423,0.0059523809525547445,0.011904761905109489,0.246753247,0.299401198,0.38961039,0.689011587,0.300884956,22.61904762,3.571428571,249,274,57,0.23357664233576642,0.7192982456140351,0.21052631578947367,0.07017543859649122,0.025547445255474453,0.14233576642335766,0.11313868613138686,0.04744525547445255,0.0,0.24087591240875914,0.029197080291970802,0.0072992700729927005,0.0036496350364963502,0.025547445255474453,0.0036496350364963502,0.021897810218978103,0.257,0.313,0.422,0.734,0.32,24.1,4.7,,,,,,,,,
402,Enmanuel Valdez,BOS,37,200.8385093,223,42.937888194,0.22981366457399105,0.7096774194464939,0.25806451612001696,0.03225806452664685,0.037267080744394616,0.12422360246636771,0.13043478260089686,0.08695652174887891,0.0,0.23602484470852017,0.006211180125560539,0.006211180125560539,0.0,0.012422360246636772,0.006211180125560539,0.006211180125560539,0.255172414,0.322981366,0.448275862,0.771257229,0.303921569,23.60248447,8.695652174,201,223,37,0.19282511210762332,0.6756756756756757,0.32432432432432434,0.0,0.026905829596412557,0.1031390134529148,0.12556053811659193,0.07623318385650224,0.0,0.23766816143497757,0.0,0.017937219730941704,0.004484304932735426,0.004484304932735426,0.004484304932735426,0.0,0.214,0.27,0.363,0.633,0.253,23.8,7.6,,,,,,,,,
407,Lenyn Sosa,CHW,36,347.4350649,369,71.88311688,0.22727272726287262,0.8000000000834688,0.2000000000556459,0.0,0.03246753246612466,0.10389610390243903,0.11688311688346883,0.0389610389701897,0.0,0.24025974027100272,0.006493506493224933,0.006493506493224933,0.006493506493224933,0.0,0.006493506493224933,-0.006493506493224933,0.24137931,0.274509804,0.386206897,0.6607167,0.288461538,24.02597403,3.896103896,351,369,81,0.24119241192411925,0.8395061728395061,0.16049382716049382,0.0,0.02168021680216802,0.07588075880758807,0.0948509485094851,0.032520325203252036,0.0027100271002710027,0.2086720867208672,0.008130081300813009,0.0027100271002710027,0.005420054200542005,0.008130081300813009,0.0027100271002710027,0.005420054200542005,0.254,0.283,0.359,0.642,0.303,20.9,3.3,,,,,,,,,
412,Oswaldo Cabrera,NYY,32,298.0571429,326,60.542857145999996,0.2142857142944785,0.7307692306841036,0.23076923073365524,0.0,0.02857142857055215,0.11428571429447854,0.12142857144171779,0.0714285714417178,0.0,0.24285714285276075,0.007142857144171779,0.007142857144171779,0.007142857144171779,0.021428571429447853,0.007142857144171779,0.014285714285276075,0.234375,0.292857143,0.3671875,0.660044643,0.285714286,24.28571429,7.142857143,299,326,66,0.22699386503067484,0.8333333333333334,0.16666666666666666,0.0,0.024539877300613498,0.1441717791411043,0.11042944785276074,0.06441717791411043,0.0,0.19325153374233128,0.003067484662576687,0.009202453987730062,0.006134969325153374,0.012269938650306749,0.006134969325153374,0.006134969325153374,0.247,0.296,0.365,0.661,0.286,19.3,6.4,,,,,,,,,
413,Richie Palacios,TBR,32,275.3714286,316,63.199999996,0.2142857142721519,0.7142857142857142,0.28571428577757685,0.03571428571428571,0.014285714284810125,0.12857142857594936,0.12142857142405063,0.1,0.0,0.1642857142721519,0.014285714284810125,0.007142857142405062,0.007142857142405062,0.02142857142721519,0.007142857142405062,0.014285714284810125,0.245901639,0.330935252,0.385245902,0.716181153,0.285714286,16.42857143,10.0,264,316,54,0.18670886075949367,0.8333333333333334,0.14814814814814814,0.018518518518518517,0.015822784810126583,0.14556962025316456,0.06645569620253164,0.14240506329113925,0.006329113924050633,0.2120253164556962,0.015822784810126583,0.0031645569620253164,0.0,0.060126582278481014,0.0031645569620253164,0.056962025316455694,0.223,0.346,0.318,0.664,0.28,21.2,14.2,,,,,,,,,
418,Trevor Larnach,MIN,31,345.8646617,400,66.16541353,0.1954887218,0.727272727286467,0.2727272727135331,0.0,0.030075187975,0.120300751875,0.120300751875,0.1052631579,0.0075187969925,0.32330827075,0.015037593985,0.0075187969925,0.0,0.0075187969925,0.0,0.0075187969925,0.226086956,0.318181818,0.382608696,0.700790514,0.31884058,32.33082707,10.52631579,355,400,77,0.23,0.7792207792207793,0.22077922077922077,0.0,0.0375,0.1475,0.13,0.1,0.0025,0.2225,0.0075,0.005,0.0,0.01,0.0025,0.0075,0.259,0.338,0.434,0.771,0.304,22.3,10.0,,,,,,,,,
419,David Fry,CLE,31,355.25,392,76.5625,0.21875,0.68,0.28,0.04,0.0234375,0.109375,0.125,0.0703125,0.0,0.2421875,0.015625,0.0078125,0.0,0.0078125,0.0,0.0078125,0.24137931,0.3046875,0.396551724,0.701239224,0.301204819,24.21875,7.03125,335,392,74,0.22448979591836735,0.7432432432432432,0.24324324324324326,0.013513513513513514,0.03571428571428571,0.11224489795918367,0.13010204081632654,0.10714285714285714,0.01020408163265306,0.21428571428571427,0.02295918367346939,0.01020408163265306,0.0,0.01020408163265306,0.002551020408163265,0.007653061224489796,0.263,0.356,0.448,0.804,0.307,21.4,10.7,,,,,,,,,
422,Colton Cowser,BAL,29,480.8571429,561,97.95238094,0.19841269839572193,0.7727272728200822,0.22727272728200823,0.0,0.023809523814616755,0.14285714285204992,0.1269841269875223,0.11111111110516934,0.0,0.2936507935828877,0.015873015873440286,0.007936507935828879,0.0,0.015873015873440286,0.007936507935828879,0.007936507935828879,0.231481481,0.328,0.361111111,0.689111111,0.31884058,29.36507937,11.11111111,499,561,97,0.21568627450980393,0.7216494845360825,0.24742268041237114,0.030927835051546393,0.0427807486631016,0.13725490196078433,0.12299465240641712,0.09269162210338681,0.0035650623885918,0.3065953654188948,0.012477718360071301,0.0053475935828877,0.0,0.016042780748663103,0.0071301247771836,0.008912655971479501,0.242,0.321,0.447,0.768,0.317,30.7,9.3,,,,,,,,,
423,James Wood,WSN,29,301.3333333,336,56.0,0.19841269842261905,0.6666666666071429,0.2857142857142857,0.047619047625,0.03174603175595238,0.12698412699404762,0.12698412699404762,0.08730158729166666,0.0,0.32539682529761904,0.0079365079375,0.0079365079375,0.0,0.015873015872023808,0.0079365079375,0.0079365079375,0.221238938,0.293650794,0.398230088,0.691880882,0.304347826,32.53968254,8.73015873,295,336,69,0.23214285714285715,0.7536231884057971,0.18840579710144928,0.057971014492753624,0.026785714285714284,0.12797619047619047,0.12202380952380952,0.11607142857142858,0.002976190476190476,0.28869047619047616,0.005952380952380952,0.0,0.0,0.041666666666666664,0.023809523809523808,0.017857142857142856,0.264,0.354,0.427,0.781,0.365,28.9,11.6,,,,,,,,,
429,Korey Lee,CHW,29,370.0173913,394,71.94782609,0.20869565218274114,0.7619047618121021,0.23809523804890823,0.0,0.026086956522842642,0.11304347824873097,0.10434782609137057,0.052173913045685284,0.0,0.28695652182741116,0.008695652175126902,0.0,0.0,0.017391304347715734,0.008695652175126902,0.008695652175126902,0.222222222,0.269565217,0.351851852,0.621417069,0.291666667,28.69565217,5.217391304,377,394,67,0.20050761421319796,0.7761194029850746,0.208955223880597,0.014925373134328358,0.030456852791878174,0.09137055837563451,0.09390862944162437,0.04314720812182741,0.0,0.3096446700507614,0.0,0.0,0.0,0.015228426395939087,0.007614213197969543,0.007614213197969543,0.21,0.244,0.347,0.591,0.276,31.0,4.3,,,,,,,,,
430,Josh Smith,TEX,26,507.4285714,592,105.71428574000001,0.2053571429054054,0.7499999998581081,0.2499999999527027,0.049999999990540535,0.02678571429054054,0.1339285714358108,0.10714285714527026,0.09821428570945945,0.0,0.21428571435810811,0.03571428570945946,0.008928571429054054,0.008928571429054054,0.01785714285472973,0.008928571429054054,0.008928571429054054,0.239583333,0.339285714,0.416666667,0.755952381,0.285714286,21.42857143,9.821428571,523,592,122,0.22804054054054054,0.7459016393442623,0.2459016393442623,0.00819672131147541,0.02195945945945946,0.11317567567567567,0.10472972972972973,0.0777027027027027,0.0016891891891891893,0.20439189189189189,0.030405405405405407,0.005067567567567568,0.0033783783783783786,0.018581081081081082,0.0033783783783783786,0.015202702702702704,0.258,0.337,0.394,0.731,0.311,20.4,7.8,,,,,,,,,
434,Nick Ahmed,SFG,26,211.7142857,228,42.749999999,0.2053571428508772,0.7142857144026733,0.28571428562071843,0.04761904762684489,0.01785714285526316,0.09821428570175439,0.08928571429824561,0.0625,0.0,0.2321428571491228,0.0,0.0,0.0,0.01785714285526316,0.0,0.01785714285526316,0.221153846,0.27027027,0.365384615,0.635654886,0.276315789,23.21428571,6.25,210,228,46,0.21052631578947367,0.8478260869565217,0.13043478260869565,0.021739130434782608,0.008771929824561403,0.08771929824561403,0.07456140350877193,0.04824561403508772,0.0,0.2236842105263158,0.0043859649122807015,0.013157894736842105,0.013157894736842105,0.008771929824561403,0.0043859649122807015,0.0043859649122807015,0.229,0.267,0.295,0.562,0.288,22.4,4.8,,,,,,,,,
440,Alec Burleson,STL,24,549.6666667,595,130.3333333,0.2476190475630252,0.7826086958523296,0.21739130437784945,0.0,0.02857142857142857,0.10476190475630252,0.12380952381512604,0.0666666666722689,0.0,0.1523809523865546,0.0,0.009523809524369748,0.0,0.009523809524369748,0.0,0.009523809524369748,0.268041237,0.314285714,0.412371134,0.726656848,0.291139241,15.23809524,6.666666667,547,595,126,0.24705882352941178,0.8412698412698413,0.15873015873015872,0.0,0.03529411764705882,0.11932773109243698,0.13109243697478992,0.058823529411764705,0.0,0.12773109243697478,0.0067226890756302525,0.010084033613445379,0.0016806722689075631,0.015126050420168067,0.0067226890756302525,0.008403361344537815,0.269,0.314,0.42,0.735,0.276,12.8,5.9,,,,,,,,,
447,Tyler Freeman,CLE,19,341.9642857,383,82.07142857,0.22619047618798954,0.833333333313026,0.1666666666869742,0.0,0.011904761906005222,0.13095238093994777,0.11904761906005222,0.05952380953002611,0.0,0.142857142845953,0.035714285718015666,0.0,0.0,0.023809523809399477,0.0,0.023809523809399477,0.253333333,0.325301205,0.333333333,0.658634538,0.290322581,14.28571429,5.952380952,330,383,62,0.1801566579634465,0.7580645161290323,0.22580645161290322,0.016129032258064516,0.018276762402088774,0.12532637075718014,0.0835509138381201,0.0731070496083551,0.0026109660574412533,0.13838120104438642,0.04960835509138381,0.007832898172323759,0.007832898172323759,0.028720626631853787,0.015665796344647518,0.013054830287206266,0.209,0.305,0.321,0.626,0.227,13.8,7.3,,,,,,,,,
448,Nick Gonzales,PIT,19,345.5357143,387,73.714285716,0.2142857142894057,0.6249999999660852,0.3125000000508721,0.062499999996608525,0.02380952380878553,0.11904761904392765,0.11904761904392765,0.08333333333333333,0.0,0.2857142857881137,0.02380952380878553,0.0,0.0,0.0,0.0,0.0,0.24,0.321428571,0.413333333,0.734761905,0.326530612,28.57142857,8.333333333,359,387,90,0.25064599483204136,0.7555555555555555,0.2111111111111111,0.03333333333333333,0.01808785529715762,0.10852713178294573,0.12661498708010335,0.046511627906976744,0.002583979328165375,0.19121447028423771,0.012919896640826873,0.0103359173126615,0.002583979328165375,0.012919896640826873,0.007751937984496124,0.00516795865633075,0.27,0.311,0.398,0.709,0.319,19.1,4.7,,,,,,,,,
449,Will Brennan,CLE,19,327.7857143,353,84.047619048,0.25,0.750000000047592,0.20000000000475923,0.0,0.01190476190368272,0.10714285713881021,0.10714285713881021,0.0595238095184136,0.0,0.1309523809631728,0.01190476190368272,0.01190476190368272,0.0,0.023809523810198303,0.01190476190368272,0.01190476190368272,0.269230769,0.317647059,0.346153846,0.663800905,0.298507463,13.0952381,5.952380952,330,353,79,0.24645892351274787,0.810126582278481,0.16455696202531644,0.02531645569620253,0.0226628895184136,0.1048158640226629,0.08498583569405099,0.053824362606232294,0.0056657223796034,0.1359773371104816,0.0084985835694051,0.0028328611898017,0.0,0.0113314447592068,0.0056657223796034,0.0056657223796034,0.264,0.309,0.388,0.697,0.287,13.6,5.4,,,,,,,,,
456,Spencer Horwitz,TOR,18,331.5194805,381,79.168831172,0.22077922078740156,0.6874999999905266,0.24999999996210628,0.0,0.01298701298687664,0.11688311687664041,0.11688311687664041,0.10389610388451444,0.0,0.18181818181102363,0.01298701298687664,0.0,0.0,0.01298701298687664,0.0,0.01298701298687664,0.253731343,0.342105263,0.343283582,0.685388845,0.307692308,18.18181818,10.38961039,328,381,75,0.2283464566929134,0.7466666666666667,0.25333333333333335,0.0,0.031496062992125984,0.12073490813648294,0.10498687664041995,0.11023622047244094,0.005249343832020997,0.1837270341207349,0.01837270341207349,0.010498687664041995,0.0,0.0,0.0,0.0,0.265,0.357,0.433,0.79,0.3,18.4,11.0,,,,,,,,,
465,Jose Miranda,MIN,16,392.2285714,429,98.05714284,0.2571428571095571,0.7500000001019813,0.25,0.0,0.02857142857808858,0.11428571428904429,0.1285714285780886,0.05714285713286713,0.0,0.17142857142191142,0.014285714286713286,0.0,0.0,0.0,0.0,0.0,0.28125,0.333333333,0.4375,0.770833333,0.32,17.14285714,5.714285714,401,429,105,0.26573426573426573,0.6952380952380952,0.26666666666666666,0.0380952380952381,0.02097902097902098,0.10256410256410256,0.11421911421911422,0.04195804195804196,0.002331002331002331,0.15384615384615385,0.013986013986013986,0.009324009324009324,0.0,0.004662004662004662,0.004662004662004662,0.0,0.284,0.322,0.441,0.763,0.318,15.4,4.2,,,,,,,,,
466,Xavier Edwards,MIA,15,269.3333333,303,72.14285714,0.2539682539603961,0.8666666666481848,0.13333333333795377,0.0,0.01587301587458746,0.12698412699669967,0.0793650793729373,0.0793650793729373,0.0,0.12698412699669967,0.0,0.0,0.01587301587458746,0.031746031745874585,0.01587301587458746,0.01587301587458746,0.285714286,0.344262295,0.375,0.719262295,0.319148936,12.6984127,7.936507937,265,303,86,0.2871287128712871,0.8023255813953488,0.13953488372093023,0.05813953488372093,0.0033003300330033004,0.12871287128712872,0.0858085808580858,0.10891089108910891,0.0033003300330033004,0.1716171617161716,0.0,0.013201320132013201,0.0033003300330033004,0.10231023102310231,0.013201320132013201,0.0891089108910891,0.328,0.397,0.423,0.82,0.398,17.2,10.9,,,,,,,,,
468,Romy Gonzalez,BOS,15,198.8571429,216,41.142857143,0.2222222222222222,0.7500000000668403,0.2500000001032986,0.0,0.03174603174537037,0.12698412699074074,0.14285714287037038,0.06349206347222222,0.0,0.3174603174537037,0.0,0.0,0.0,0.047619047638888884,0.0,0.047619047638888884,0.24137931,0.290322581,0.396551724,0.686874305,0.333333333,31.74603175,6.349206349,199,216,47,0.24537037037037038,0.7659574468085106,0.2127659574468085,0.02127659574468085,0.027777777777777776,0.11574074074074074,0.13425925925925927,0.05555555555555555,0.0,0.26851851851851855,0.004629629629629629,0.018518518518518517,0.0,0.05092592592592592,0.013888888888888888,0.037037037037037035,0.266,0.306,0.417,0.723,0.338,26.9,5.6,,,,,,,,,
476,Jacob Young,WSN,15,471.3809524,521,115.7777778,0.22222222226487523,0.7857142855785578,0.14285714283246506,0.07142857141623253,0.0,0.11111111111324376,0.09523809523992323,0.06349206349328215,0.0,0.1746031746065259,0.015873015873320538,0.0,0.015873015873320538,0.047619047619961614,0.0,0.047619047619961614,0.245614035,0.306451613,0.315789474,0.622241087,0.304347826,17.46031746,6.349206349,468,521,117,0.23032629558541268,0.7863247863247863,0.20512820512820512,0.008547008547008548,0.005758157389635317,0.14395393474088292,0.0690978886756238,0.05758157389635317,0.0,0.19577735124760076,0.023032629558541268,0.003838771593090211,0.01727447216890595,0.06333973128598848,0.019193857965451054,0.044145873320537425,0.256,0.316,0.331,0.648,0.321,19.6,5.8,,,,,,,,,
477,Michael Toglia,COL,15,414.3809524,458,72.6984127,0.19047619048034936,0.7,0.3,0.0,0.03174603174672489,0.11111111111353711,0.11111111111353711,0.09523809524017468,0.0,0.2857142858078603,0.0,0.0,0.0,0.0,0.0,0.0,0.210526316,0.285714286,0.368421053,0.654135338,0.27027027,28.57142857,9.523809524,399,458,62,0.18995633187772926,0.7258064516129032,0.22580645161290322,0.04838709677419355,0.05458515283842795,0.13537117903930132,0.12008733624454149,0.11790393013100436,0.004366812227074236,0.32096069868995636,0.002183406113537118,0.006550218340611353,0.0,0.021834061135371178,0.002183406113537118,0.019650655021834062,0.218,0.311,0.456,0.767,0.27,32.1,11.8,,,,,,,,,
479,Jake McCarthy,ARI,13,450.8035714,495,106.071428586,0.23214285717171715,0.7499999999104378,0.1666666666572391,0.08333333331919193,0.017857142856565658,0.125,0.10714285715151516,0.07142857143434345,0.0,0.21428571434343435,0.017857142856565658,0.0,0.0,0.05357142856565657,0.017857142856565658,0.03571428571717172,0.254901961,0.321428571,0.392156863,0.713585434,0.315789474,21.42857143,7.142857143,442,495,118,0.2545454545454545,0.8305084745762712,0.11016949152542373,0.059322033898305086,0.01616161616161616,0.13333333333333333,0.11313131313131314,0.06262626262626263,0.00202020202020202,0.15757575757575756,0.028282828282828285,0.006060606060606061,0.010101010101010102,0.050505050505050504,0.012121212121212121,0.03838383838383838,0.285,0.349,0.4,0.749,0.329,15.8,6.3,,,,,,,,,
480,Addison Barger,TOR,13,204.9107143,225,40.178571424,0.21428571426666665,0.7000000000796445,0.3000000000696889,0.0,0.03571428571555555,0.125,0.125,0.08928571426666666,0.0,0.25,0.017857142857777775,0.0,0.0,0.0,0.0,0.0,0.235294118,0.315789474,0.411764706,0.72755418,0.285714286,25.0,8.928571429,208,225,34,0.18222222222222223,0.6764705882352942,0.3235294117647059,0.0,0.03111111111111111,0.08888888888888889,0.12444444444444444,0.06222222222222222,0.0,0.26666666666666666,0.0044444444444444444,0.0044444444444444444,0.0,0.008888888888888889,0.0,0.008888888888888889,0.197,0.25,0.351,0.601,0.239,26.7,6.2,,,,,,,,,
483,Otto Lopez,SFG,13,395.25,434,108.5,0.25,0.7142857142857143,0.14285714285714285,0.07142857142857142,0.0,0.125,0.08928571428571429,0.05357142857142857,0.0,0.17857142857142858,0.017857142857142856,0.0,0.0,0.017857142857142856,0.017857142857142856,0.0,0.274509804,0.327272727,0.333333333,0.660606061,0.341463415,17.85714286,5.357142857,403,434,103,0.2511520737327189,0.7669902912621359,0.22330097087378642,0.009708737864077669,0.013824884792626729,0.11290322580645161,0.08986175115207373,0.0576036866359447,0.0,0.1728110599078341,0.002304147465437788,0.004608294930875576,0.004608294930875576,0.04608294930875576,0.009216589861751152,0.03686635944700461,0.27,0.313,0.377,0.69,0.318,17.3,5.8,,,,,,,,,
484,Justyn-Henry Malloy,DET,13,197.1428571,230,36.964285716,0.1964285714347826,0.8888888889249599,0.22222222220418683,0.0,0.035714285713043484,0.125,0.10714285713043478,0.125,0.0,0.26785714286956525,0.017857142856521742,0.0,0.0,0.0,0.0,0.0,0.229166667,0.339285714,0.416666667,0.755952381,0.290322581,26.78571429,12.5,202,230,33,0.1782608695652174,0.7575757575757576,0.21212121212121213,0.030303030303030304,0.034782608695652174,0.0782608695652174,0.09130434782608696,0.1,0.0,0.3695652173913043,0.013043478260869565,0.008695652173913044,0.0,0.004347826086956522,0.004347826086956522,0.0,0.203,0.291,0.366,0.658,0.297,37.0,10.0,,,,,,,,,
488,Miguel Vargas,LAD,11,207.9795918,237,48.367346936,0.224489795907173,0.7000000000992406,0.20000000001654009,0.0,0.020408163265822784,0.14285714286919832,0.12244897957805907,0.10204081632911392,0.0,0.20408163265822785,0.0,0.0,0.0,0.020408163265822784,0.0,0.020408163265822784,0.255813954,0.333333333,0.348837209,0.682170543,0.3125,20.40816327,10.20408163,206,237,26,0.1308016877637131,0.7307692307692307,0.2692307692307692,0.0,0.02109704641350211,0.09282700421940929,0.06751054852320675,0.10548523206751055,0.0,0.24050632911392406,0.012658227848101266,0.012658227848101266,0.0,0.012658227848101266,0.004219409282700422,0.008438818565400843,0.15,0.249,0.257,0.506,0.177,24.1,10.5,,,,,,,,,
490,Blake Perkins,MIL,11,380.8571429,434,70.857142853,0.18367346937788018,0.7500000000035282,0.24999999995413305,0.0,0.020408163264976957,0.12244897958525344,0.10204081633640553,0.10204081633640553,0.0,0.2857142857142857,0.0,0.0,0.0,0.020408163264976957,0.0,0.020408163264976957,0.209302326,0.291666667,0.325581395,0.617248062,0.285714286,28.57142857,10.20408163,383,434,86,0.2119815668202765,0.8255813953488372,0.1511627906976744,0.023255813953488372,0.013824884792626729,0.12442396313364056,0.09907834101382489,0.0967741935483871,0.002304147465437788,0.2488479262672811,0.0069124423963133645,0.013824884792626729,0.0,0.052995391705069124,0.01152073732718894,0.041474654377880185,0.24,0.316,0.332,0.647,0.313,24.9,9.7,,,,,,,,,
499,Jake Cave,PHI,10,313.047619,346,65.904761902,0.21428571427745666,0.6250000000189667,0.2500000000682803,0.0,0.023809523809248553,0.11904761904624277,0.14285714286127166,0.07142857141618497,0.0,0.2857142857225433,0.023809523809248553,0.0,0.0,0.0,0.0,0.0,0.236842105,0.30952381,0.342105263,0.651629073,0.32,28.57142857,7.142857143,323,346,74,0.23410404624277456,0.7162162162162162,0.21621621621621623,0.06756756756756757,0.02023121387283237,0.12138728323699421,0.1069364161849711,0.05202312138728324,0.002890173410404624,0.2832369942196532,0.002890173410404624,0.008670520231213872,0.002890173410404624,0.014450867052023121,0.005780346820809248,0.008670520231213872,0.251,0.29,0.396,0.686,0.335,28.3,5.2,,,,,,,,,
