#,Name,Team,GS,G,IP,TBF,W,L,QS,SV,HLD,BS,H,R,ER,HR,IBB,HBP,SO,BB,K/9,BB/9,ERA,WHIP,K%,BB%,real_GS,real_G,real_IP,real_TBF,real_W,real_L,real_QS,real_SV,real_HLD,real_BS,real_H,real_R,real_ER,real_HR,real_IBB,real_HBP,real_SO,real_BB,real_K/9,real_BB/9,real_ERA,real_WHIP,real_K%,real_BB%,real_PA
1,Mason Miller,ATH,0.0,58.71910112359551,58.71910112359551,267,5.970149253731343,4.477611940298508,0.0,44.776119402985074,2.9850746268656714,,14.770862264865547,6.8930690569372555,6.236586289609899,1.969448301982073,0.6564827673273577,0.9847241509910365,86.76404494382022,20.15730337078652,13.3,3.15,2.58,1.01,37.07865168539326,8.614232209737828,0.0,60.0,61.2,234.0,1.6666666666666667,3.3333333333333335,,36.666666666666664,16.666666666666664,6.666666666666667,11.965811965811966,8.11965811965812,7.6923076923076925,2.1367521367521367,0.8547008547008548,0.4273504273504274,104.0,28.0,15.18,4.09,2.63,0.91,44.4,12.0,234.0
2,Jhoan Duran,MIN,0.0,70.39622641509433,70.39622641509433,265,6.153846153846154,4.615384615384616,0.0,33.84615384615385,7.6923076923076925,,21.251690993236025,8.991100035599858,8.173727305090779,2.0434318262726947,0.8173727305090781,1.226059095763617,87.72452830188679,22.743396226415097,11.22,2.96,2.78,1.12,30.566037735849054,7.924528301886792,0.0,72.0,70.0,287.0,9.722222222222223,8.333333333333332,,44.44444444444444,1.3888888888888888,6.944444444444445,20.209059233449477,6.620209059233449,5.574912891986063,1.0452961672473868,1.3937282229965158,1.0452961672473868,80.0,19.0,10.29,2.44,2.06,1.1,27.89999999999999,6.6000000000000005,287.0
3,Felix Bautista,BAL,0.0,35.06172839506173,35.06172839506173,243,6.666666666666667,3.3333333333333335,0.0,43.33333333333334,6.666666666666667,,10.100086368947823,4.809564937594201,4.328608443834782,1.4428694812782603,0.2404782468797101,0.4809564937594202,51.4238683127572,13.440329218106996,13.14,3.39,2.75,1.07,36.21399176954733,9.465020576131687,0.0,35.0,34.2,142.0,2.857142857142857,2.857142857142857,,54.285714285714285,0.0,2.857142857142857,11.267605633802818,7.042253521126761,7.042253521126761,2.112676056338028,0.0,0.0,50.0,23.0,12.98,5.97,2.6,1.13,35.199999999999996,16.2,142.0
4,Edwin Diaz,NYM,0.0,63.283018867924525,63.283018867924525,265,6.153846153846154,4.615384615384615,0.0,55.38461538461539,3.076923076923077,,16.8999644001424,8.4499822000712,7.715201139195445,2.2043431826272695,0.3673905304378782,1.1021715913136347,87.62264150943396,23.366037735849055,12.48,3.34,2.94,1.09,33.96226415,9.056603773584904,0.0,62.0,66.1,258.0,9.67741935483871,4.838709677419355,,45.16129032258064,0.0,4.838709677419355,14.34108527131783,5.426356589147287,4.651162790697675,1.550387596899225,0.0,3.10077519379845,98.0,21.0,13.3,2.85,1.63,0.87,38.0,8.1,258.0
5,Ryan Helsley,STL,0.0,61.6,61.6,270,6.0606060606060606,4.545454545454545,0.0,53.03030303030303,3.0303030303030303,,17.28395061728395,8.296296296296296,7.604938271604938,2.419753086419753,0.6913580246913581,0.6913580246913581,77.46666666666667,23.333333333333332,11.36,3.39,3.05,1.14,30.74074074074074,9.259259259,0.0,58.0,56.0,252.0,5.172413793103448,6.896551724137931,,36.206896551724135,1.7241379310344827,15.517241379310345,24.206349206349206,12.698412698412698,11.11111111111111,3.1746031746031744,1.1904761904761905,0.3968253968253968,63.0,25.0,10.13,4.02,4.5,1.54,25.0,9.9,252.0
6,Matt Strahm,PHI,0.0,63.05882352941176,63.05882352941176,272,5.970149253731344,4.477611940298507,0.0,4.477611940298507,17.91044776119403,,18.685121107266433,8.996539792387543,8.650519031141869,2.768166089965398,0.6920415224913494,1.0380622837370241,74.3529411764706,17.88235294117647,10.66,2.54,3.29,1.09,29.044117647058822,6.985294117647059,0.0,66.0,62.1,256.0,3.0303030303030303,4.545454545454546,,9.090909090909092,33.33333333333333,6.0606060606060606,18.359375,8.59375,7.421875,1.953125,0.390625,0.78125,70.0,20.0,10.11,2.89,2.74,1.07,27.3,7.8,256.0
7,Josh Hader,HOU,0.0,50.2078853046595,50.2078853046595,279,5.88235294117647,4.411764705882352,0.0,48.52941176470588,2.941176470588235,,12.96745930807672,6.8806926940815245,6.3514086406906385,2.117136213563546,0.26464202669544323,0.7939260800863298,69.40501792114695,19.93548387096774,12.47,3.61,3.17,1.12,33.691756272401435,9.677419355,0.0,48.0,52.2,206.0,12.5,4.166666666666666,,58.333333333333336,0.0,2.083333333333333,14.077669902912621,7.766990291262135,5.825242718446602,3.8834951456310676,0.48543689320388345,0.9708737864077669,76.0,16.0,12.99,2.73,2.05,0.85,36.9,7.8,206.0
8,Griffin Jax,MIN,0.0,69.02439024390245,69.02439024390245,287,5.714285714285714,4.285714285714285,0.0,11.428571428571429,15.714285714285714,,20.270975731160995,9.276548215955032,8.58939649625466,2.4050310189513047,0.6871517197003727,1.030727579550559,80.85714285714286,19.721254355400696,10.56,2.6,3.2,1.13,28.57142857142857,6.968641114982578,2.0,73.0,66.0,283.0,1.36986301369863,9.58904109589041,,0.0,38.35616438356164,8.21917808219178,22.614840989399294,11.66077738515901,10.954063604240282,2.4734982332155475,1.0600706713780919,0.35335689045936397,99.0,21.0,13.5,2.86,4.23,1.29,35.0,7.4,283.0
9,Emmanuel Clase,CLE,0.0,49.13333333333333,49.13333333333333,270,6.0606060606060606,4.545454545454546,0.0,51.515151515151516,3.0303030303030303,,16.818930041152264,6.893004115226338,6.341563786008231,1.3786008230452675,0.551440329218107,0.551440329218107,50.62222222222222,11.911111111111111,9.24,2.13,3.09,1.15,25.185185185185183,5.9259259259259265,0.0,48.0,47.1,201.0,10.416666666666668,6.25,,50.0,2.083333333333333,10.416666666666668,22.885572139303484,9.950248756218906,8.45771144278607,0.9950248756218906,0.9950248756218906,1.9900497512437811,47.0,12.0,8.94,2.28,3.23,1.23,23.39999999999999,6.0,201.0
10,Cade Smith,CLE,0.0,72.85714285714286,72.85714285714286,280,5.88235294117647,4.411764705882352,0.0,2.941176470588235,20.588235294117645,,20.663265306122447,9.948979591836734,8.801020408163266,2.6785714285714284,0.3826530612244898,1.1479591836734695,91.07142857142856,24.642857142857142,11.3,3.09,3.11,1.13,30.357142857142858,8.214285714285714,0.0,76.0,73.2,300.0,10.526315789473683,6.578947368421052,,21.052631578947366,25.0,7.894736842105263,18.333333333333332,10.333333333333334,8.0,1.3333333333333335,1.0,1.3333333333333335,104.0,19.0,12.71,2.32,2.93,1.0,34.699999999999996,6.3,300.0
11,Jeff Hoffman,TOR,0.0,69.60820895522387,69.60820895522387,268,6.153846153846154,4.615384615384616,0.0,40.0,6.153846153846154,,20.77856983738026,10.38928491869013,9.590109155713966,2.7971151704165735,0.7991757629761639,1.1987636444642458,84.6007462686567,23.55970149253731,10.97,3.06,3.27,1.14,29.47761194029851,8.208955223880597,0.0,71.0,68.0,287.0,12.676056338028168,9.859154929577464,,46.478873239436616,0.0,9.859154929577464,18.81533101045296,11.846689895470384,11.498257839721255,5.2264808362369335,0.34843205574912894,1.3937282229965158,84.0,27.0,11.12,3.57,4.37,1.19,29.299999999999997,9.4,287.0
12,Andres Munoz,SEA,0.0,61.80988593155894,61.80988593155894,263,6.25,4.6875,0.0,40.625,6.25,,17.62639332649019,8.07876360797467,7.344330552704246,1.8360826381760615,0.7344330552704247,1.101649582905637,80.1596958174905,24.14448669201521,11.69,3.51,2.83,1.14,31.55893536121673,9.505703422053232,0.0,64.0,62.1,254.0,4.6875,4.6875,,59.375,0.0,10.9375,14.173228346456693,7.086614173228346,4.724409448818897,0.7874015748031495,1.1811023622047243,1.574803149606299,83.0,28.0,11.98,4.04,1.73,1.03,32.7,11.0,254.0
13,Tanner Scott,LAD,0.0,57.120000000000005,57.120000000000005,275,6.06060606060606,4.545454545454546,0.0,37.878787878787875,12.12121212121212,,16.36495867768595,7.867768595041322,7.238347107438016,1.8882644628099177,0.6294214876033057,0.9441322314049588,71.83272727272727,25.963636363636365,11.25,4.04,3.13,1.23,30.181818181818183,10.909090909090908,0.0,61.0,57.0,238.0,1.639344262295082,6.557377049180328,,37.704918032786885,13.114754098360656,16.39344262295082,22.689075630252102,13.865546218487395,12.605042016806722,4.621848739495799,0.8403361344537815,1.680672268907563,60.0,18.0,9.47,2.84,4.74,1.26,25.2,7.6,238.0
14,Aroldis Chapman,BOS,0.0,54.44776119402985,54.44776119402985,268,6.25,4.6875,0.0,18.749999999999996,14.0625,,14.284918690131432,7.61862330140343,6.983738026286478,1.9046558253508576,0.3174426375584763,0.9523279126754288,77.4179104477612,29.77611940298507,12.8,4.94,3.13,1.26,33.95522388059701,13.059701492537313,0.0,67.0,61.1,228.0,7.462686567164178,4.477611940298507,,47.76119402985074,5.970149253731343,2.9850746268656714,12.280701754385964,3.9473684210526314,3.508771929824561,1.3157894736842104,0.0,0.0,85.0,15.0,12.47,2.2,1.17,0.7,37.3,6.6000000000000005,228.0
15,Bryan Abreu,HOU,0.0,71.27759197324414,71.27759197324414,299,5.555555555555556,4.166666666666666,0.0,2.777777777777778,19.444444444444446,,18.541179628863212,9.601682307804163,8.608404827686492,2.3176474536079015,0.3310924933725573,1.3243699734902294,90.08695652173913,28.70903010033445,11.42,3.59,3.31,1.18,30.434782608695656,9.698996655518394,0.0,70.0,71.0,296.0,4.285714285714286,5.714285714285714,,10.0,35.714285714285715,7.142857142857142,17.22972972972973,6.081081081081082,6.081081081081082,1.3513513513513513,0.0,1.3513513513513513,105.0,31.0,13.31,3.93,2.28,1.15,35.5,10.5,296.0
16,Orion Kerkering,PHI,0.0,64.7027027027027,64.7027027027027,259,6.349206349206351,4.761904761904762,0.0,7.936507936507938,19.04761904761905,,20.61984764687467,9.91338829176667,8.723781696754669,2.3792131900240006,0.3965355316706668,1.1896065950120003,73.94594594594594,21.567567567567565,10.34,3.06,3.2,1.16,27.7992278,8.108108108108109,0.0,69.0,60.0,266.0,11.594202898550725,5.797101449275362,,5.797101449275362,27.536231884057973,10.144927536231885,20.676691729323306,10.526315789473683,8.270676691729323,2.2556390977443606,1.1278195488721803,1.5037593984962405,65.0,27.0,9.75,4.05,3.3,1.37,24.4,10.2,266.0
17,Garrett Whitlock,BOS,0.0,70.83516483516483,70.83516483516483,273,4.545454545454546,4.545454545454546,0.0,0.0,21.21212121212121,,24.374404594184814,11.40093118115096,10.614660065209515,3.145084463765782,0.39313555797072275,1.1794066739121685,72.98168498168498,17.17216117216117,9.23,2.17,3.63,1.18,24.90842490842491,5.860805861,0.0,62.0,72.0,293.0,11.29032258064516,4.838709677419355,,1.6129032258064515,38.70967741935484,6.451612903225806,18.43003412969283,7.167235494880546,6.143344709897611,0.6825938566552902,0.6825938566552902,1.7064846416382253,91.0,24.0,11.38,3.0,2.25,1.08,31.1,8.19999999999999,293.0
18,Keegan Akin,BAL,0.0,64.91349480968859,64.91349480968859,289,5.714285714285714,4.285714285714285,0.0,2.857142857142857,22.857142857142858,,19.573520431987166,8.98456675566624,8.342811987404367,2.8878964571784347,0.6417547682618744,0.6417547682618744,72.33217993079585,19.474048442906575,10.02,2.64,3.37,1.16,26.989619377162633,7.266435986,3.0,64.0,63.1,268.0,7.8125,6.25,,12.5,25.0,9.375,20.149253731343283,10.44776119402985,8.955223880597014,3.731343283582089,0.7462686567164178,0.3731343283582089,59.0,33.0,8.38,4.69,3.41,1.37,22.0,12.3,268.0
19,Lucas Erceg,KCR,0.0,59.159574468085104,59.159574468085104,282,5.970149253731343,4.477611940298508,0.0,16.41791044776119,14.92537313432836,,17.847442281575375,8.767164629545796,7.827825562094463,1.8786781349026709,0.626226044967557,1.252452089935114,67.98936170212765,22.95744680851064,10.29,3.48,3.4,1.24,27.30496453900709,9.219858156028367,0.0,61.0,61.1,249.0,13.114754098360656,6.557377049180328,,3.278688524590164,36.0655737704918,8.19672131147541,21.686746987951807,7.630522088353414,7.228915662650602,1.6064257028112447,1.2048192771084338,1.6064257028112447,48.0,18.0,7.04,2.64,2.64,1.17,19.3,7.199999999999999,249.0
20,Trevor Megill,MIL,0.0,46.369811320754714,46.369811320754714,265,4.6875,4.6875,0.0,43.75,3.125,,14.217159131363474,7.108579565681737,6.835172659309363,1.9138483446066217,0.546813812744749,0.8202207191171235,57.2377358490566,16.664150943396226,11.09,3.19,3.45,1.16,29.81132075471698,8.679245283018867,0.0,50.0,47.0,192.0,12.0,6.0,,60.0,0.0,12.0,18.75,8.333333333333332,6.770833333333333,1.5625,1.5625,0.0,60.0,17.0,11.49,3.26,2.49,1.13,31.3,8.9,192.0
21,Ryan Walker,SFG,0.0,64.831541218638,64.831541218638,279,5.88235294117647,4.411764705882353,0.0,41.17647058823529,7.352941176470589,,18.79472257550648,8.54305571613931,7.859611258848165,2.0503333718734345,0.3417222286455724,1.3668889145822896,77.2258064516129,20.974910394265233,10.66,2.85,3.05,1.13,29.03225806451613,7.885304659498208,0.0,68.0,61.1,266.0,7.352941176470589,10.294117647058822,,25.0,13.23529411764706,8.823529411764707,22.55639097744361,12.030075187969924,10.526315789473683,1.5037593984962405,0.7518796992481203,3.007518796992481,60.0,18.0,8.8,2.64,4.11,1.27,22.6,6.800000000000001,266.0
22,Aaron Bummer,ATL,0.0,56.43700787401575,56.43700787401575,254,6.557377049180328,3.278688524590164,0.0,1.639344262295082,22.95081967213115,,18.94103788207577,8.37776675553351,7.649265298530598,1.457002914005828,0.728501457002914,1.092752185504371,62.91338582677165,22.20472440944882,10.06,3.54,3.09,1.25,26.77165354330709,9.448818897637794,2.0,42.0,54.1,235.0,7.142857142857142,4.761904761904762,,0.0,4.761904761904762,0.0,21.70212765957447,11.48936170212766,9.787234042553191,1.276595744680851,1.702127659574468,4.680851063829787,51.0,17.0,8.45,2.82,3.81,1.25,21.7,7.199999999999999,235.0
23,Justin Martinez,ARI,0.0,15.93006993006993,15.93006993006993,286,5.882352941176471,4.411764705882353,0.0,27.941176470588236,11.764705882352942,,4.341288082546824,2.129688493324857,1.9658663015306375,0.4095554794855493,0.16382219179421975,0.24573328769132968,19.912587412587413,7.965034965034965,11.23,4.56,3.11,1.29,29.72027972027972,11.888111888111888,0.0,17.0,15.1,67.0,5.88235294117647,11.76470588235294,,29.411764705882355,23.52941176470588,5.88235294117647,10.44776119402985,11.940298507462686,10.44776119402985,1.4925373134328357,1.4925373134328357,4.477611940298507,22.0,12.0,12.91,7.04,4.11,1.24,32.79999999999999,17.9,67.0
24,David Robertson,,0.0,18.63970588235294,18.63970588235294,272,6.153846153846154,4.615384615384616,0.0,0.0,0.0,,5.587694636678201,2.741133217993079,2.5302768166089966,0.6325692041522492,0.21085640138408301,0.3162846020761246,22.941176470588232,7.169117647058823,11.09,3.52,3.28,1.2,29.411764705882355,9.191176470588236,0.0,20.0,17.2,78.0,10.0,0.0,,10.0,50.0,5.0,23.076923076923077,11.538461538461538,10.256410256410255,5.128205128205128,1.282051282051282,0.0,22.0,8.0,11.21,4.08,4.08,1.47,28.199999999999996,10.3,78.0
25,Jose Alvarado,PHI,0.0,27.142857142857142,27.142857142857142,252,5.0,5.0,0.0,5.0,16.666666666666664,,8.796296296296296,4.308390022675737,3.9493575207860925,1.0770975056689343,0.35903250188964475,0.5385487528344671,31.666666666666668,12.214285714285714,10.52,4.07,3.29,1.26,27.77777777777778,10.714285714285714,0.0,28.0,26.0,114.0,14.285714285714285,7.142857142857142,,25.0,17.857142857142858,3.571428571428571,23.684210526315788,10.526315789473683,9.649122807017543,3.508771929824561,0.0,0.8771929824561403,32.0,7.0,11.08,2.42,3.81,1.31,28.1,6.1,114.0
26,Chris Martin,TEX,0.0,42.58227848101266,42.58227848101266,237,5.172413793103449,5.172413793103449,0.0,32.758620689655174,10.344827586206899,,16.418309031672276,7.124926560914384,6.505367729530525,1.8586764941515783,0.3097794156919297,0.6195588313838594,44.050632911392405,8.810126582278482,9.3,1.8,3.31,1.12,25.31645569620253,5.063291139240507,0.0,49.0,42.1,174.0,4.081632653061225,12.244897959183673,,4.081632653061225,26.53061224489796,6.122448979591836,24.71264367816092,10.344827586206897,8.045977011494253,3.4482758620689653,1.7241379310344827,0.5747126436781609,43.0,8.0,9.14,1.7,2.98,1.2,24.7,4.6,174.0
27,Jason Adam,SDP,0.0,65.1063829787234,65.1063829787234,282,5.882352941176471,4.411764705882353,0.0,4.411764705882353,17.647058823529413,,18.673607967406067,9.506564056133998,8.82752376641014,2.716161158895428,0.679040289723857,1.358080579447714,75.63829787234043,22.97872340425532,10.46,3.16,3.44,1.16,28.01418439716312,8.510638298,0.0,65.0,65.1,270.0,12.307692307692308,6.153846153846154,,0.0,44.61538461538462,3.076923076923077,18.51851851851852,6.666666666666667,5.185185185185185,1.4814814814814816,1.1111111111111112,1.1111111111111112,70.0,25.0,9.64,3.44,1.93,1.15,25.9,9.3,270.0
28,Fernando Cruz,NYY,0.0,48.031496062992126,48.031496062992126,254,4.918032786885247,4.918032786885247,0.0,0.0,21.31147540983607,,14.570029140058283,7.750015500031,7.13001426002852,2.17000434000868,0.31000062000124,0.62000124000248,63.77952755905512,19.68503937007874,11.91,3.68,3.35,1.17,31.88976377952756,9.842519685,0.0,49.0,48.0,200.0,6.122448979591836,8.16326530612245,,4.081632653061225,32.6530612244898,2.0408163265306123,16.5,10.5,9.5,2.5,0.0,1.5,72.0,24.0,13.5,4.5,3.56,1.19,36.0,12.0,200.0
29,Jeremiah Estrada,SDP,0.0,73.37931034482759,73.37931034482759,261,4.761904761904763,4.761904761904763,0.0,4.761904761904763,20.634920634920633,,20.974442536075514,11.15661837025293,10.264088900632698,3.1238531436708215,0.8925294696202346,0.8925294696202346,95.50957854406133,32.61302681992338,11.78,3.94,3.26,1.18,31.417624521072796,10.727969348659004,0.0,77.0,73.0,304.0,5.194805194805195,6.493506493506493,,3.896103896103896,38.961038961038966,3.896103896103896,19.078947368421055,10.197368421052632,9.210526315789473,3.9473684210526314,0.6578947368421052,0.9868421052631579,108.0,27.0,13.32,3.33,3.45,1.16,35.5,8.9,304.0
31,Tylor Megill,NYM,3.414179104477612,56.90298507462687,73.0634328358209,268,8.0,6.0,0.4246491423479616,0.0,1.9999999999999993,,23.780351971485857,11.465526843394965,10.616228558699042,3.397193138783694,0.4246491423479616,1.273947427043885,78.52611940298507,23.899253731343283,9.67,2.9,3.51,1.19,25.74626865671642,7.835820895522389,14.0,14.0,68.1,305.0,35.714285714285715,35.714285714285715,,0.0,0.0,0.0,19.672131147540984,12.131147540983607,9.836065573770492,1.9672131147540985,0.0,2.2950819672131146,89.0,33.0,11.72,4.35,3.95,1.36,29.2,10.8,305.0
33,Devin Williams,NYY,0.0,61.80681818181818,61.80681818181818,264,4.761904761904763,4.761904761904763,0.0,49.20634920634921,4.761904761904763,,18.20907943067034,9.290346648301194,8.5471189164371,2.2296831955922864,0.3716138659320477,1.1148415977961432,79.4659090909091,27.46969696969697,11.52,3.99,3.25,1.21,30.681818181818183,10.606060606060606,0.0,67.0,62.0,259.0,5.970149253731343,8.955223880597014,,26.865671641791046,22.388059701492537,5.970149253731343,17.374517374517374,14.285714285714285,12.741312741312742,1.9305019305019304,0.3861003861003861,1.5444015444015444,90.0,25.0,13.06,3.63,4.79,1.13,34.699999999999996,9.69999999999999,259.0
34,Robert Garcia,TEX,0.0,64.23880597014926,64.23880597014926,268,4.6875,4.6875,0.0,12.5,15.625,,20.224437513922926,9.737692136333258,8.988638895076855,2.621686344397416,0.7490532412564046,1.123579861884607,72.26865671641792,23.08582089552239,10.18,3.27,3.38,1.21,26.86567164179105,8.582089552238806,0.0,71.0,64.0,269.0,5.633802816901409,11.267605633802818,,12.676056338028168,21.12676056338028,9.859154929577464,21.561338289962826,9.66542750929368,7.806691449814126,2.973977695167286,0.7434944237918215,0.37174721189591076,68.0,22.0,9.56,3.09,2.95,1.25,25.3,8.19999999999999,269.0
36,Ben Brown,CHC,7.413612565445027,76.60732984293193,113.67539267015708,191,9.677419354838712,6.451612903225806,2.587648364902278,0.0,3.225806451612903,,49.16531893314329,24.58265946657164,23.2888352841205,6.469120912255695,1.293824182451139,2.587648364902278,133.4450261780105,42.01047120418848,10.51,3.26,3.45,1.19,28.272251308900525,8.900523560209423,15.0,25.0,106.1,472.0,20.0,32.0,,4.0,4.0,4.0,25.635593220338983,15.466101694915254,14.83050847457627,3.8135593220338984,0.0,0.847457627118644,121.0,32.0,10.24,2.71,5.92,1.44,25.6,6.800000000000001,472.0
37,Brock Stewart,MIN,0.0,38.37931034482759,38.37931034482759,232,5.357142857142858,3.571428571428571,0.0,1.7857142857142856,16.07142857142857,,12.997919143876338,6.498959571938169,5.908145065398334,1.7724435196195005,0.29540725326991674,0.5908145065398335,48.65948275862068,15.077586206896552,11.43,3.46,3.27,1.17,30.603448275862068,9.482758620689657,0.0,43.0,37.2,159.0,4.651162790697675,4.651162790697675,,0.0,37.2093023255814,2.3255813953488373,20.125786163522015,6.918238993710692,6.918238993710692,1.8867924528301887,1.257861635220126,2.515723270440252,44.0,13.0,10.51,3.11,2.63,1.19,27.699999999999992,8.19999999999999,159.0
38,Raisel Iglesias,ATL,0.0,64.37010676156584,64.37010676156584,281,5.88235294117647,4.411764705882353,0.0,47.05882352941176,1.4705882352941175,,20.212509973277946,9.432504654196377,8.758754321753777,2.6950013297703928,0.6737503324425982,1.0106254986638974,70.99644128113879,17.985765124555158,9.97,2.46,3.45,1.16,26.690391459074732,6.761565836298933,0.0,70.0,67.1,266.0,5.714285714285714,8.571428571428571,,41.42857142857143,2.857142857142857,7.142857142857142,19.172932330827066,9.398496240601503,9.022556390977442,3.007518796992481,0.7518796992481203,0.7518796992481203,73.0,16.0,9.76,2.14,3.21,1.0,27.39999999999999,6.0,266.0
39,Pete Fairbanks,TBR,0.0,58.56,58.56,250,5.0,5.0,0.0,36.66666666666667,11.666666666666666,,19.52,9.76,8.9792,2.3424,0.39039999999999997,0.7807999999999999,67.344,22.448,10.33,3.43,3.41,1.21,27.6,9.2,0.0,61.0,60.1,244.0,6.557377049180328,8.19672131147541,,44.26229508196721,0.0,8.19672131147541,18.442622950819672,9.01639344262295,7.786885245901639,2.8688524590163933,0.0,0.4098360655737705,59.0,18.0,8.8,2.69,2.83,1.04,24.2,7.4,244.0
41,Blake Treinen,LAD,0.0,30.939024390243905,30.939024390243905,246,5.084745762711864,5.084745762711864,0.0,10.169491525423728,23.728813559322035,,11.08467182232798,5.32916914534999,4.902835613721993,1.4921673606979975,0.2131667658139996,0.6395002974419989,33.5609756097561,9.963414634146345,9.82,2.85,3.54,1.2,26.01626016260163,7.723577235772358,0.0,32.0,26.2,129.0,6.25,21.875,,6.25,31.25,9.375,23.25581395348837,13.953488372093023,12.4031007751938,3.10077519379845,3.10077519379845,1.550387596899225,36.0,19.0,12.15,6.41,5.4,1.84,27.89999999999999,14.7,129.0
43,Yimi Garcia,TOR,0.0,21.785714285714285,21.785714285714285,252,4.918032786885246,4.918032786885246,0.0,4.918032786885246,22.950819672131146,,7.3696145124716566,3.6848072562358283,3.401360544217687,0.992063492063492,0.2834467120181406,0.42517006802721086,24.285714285714285,6.785714285714286,10.04,2.74,3.5,1.16,26.984126984126984,7.5396825396825395,0.0,22.0,21.0,90.0,4.545454545454546,9.090909090909092,,13.636363636363635,27.27272727272727,18.181818181818183,14.444444444444443,11.11111111111111,10.0,2.2222222222222223,1.1111111111111112,1.1111111111111112,25.0,12.0,10.71,5.14,3.86,1.19,27.800000000000004,13.3,90.0
44,Matt Brash,SEA,0.0,48.242424242424235,48.242424242424235,198,6.25,4.166666666666667,0.0,0.0,2.0833333333333335,,18.27364554637282,8.629221508009387,8.121620242832362,2.0304050607080906,0.5076012651770226,1.0152025303540453,61.3080808080808,19.095959595959595,11.52,3.64,2.91,1.16,30.80808080808081,9.595959595959595,0.0,53.0,47.1,199.0,1.8867924528301887,5.660377358490567,,7.547169811320755,39.62264150943396,1.8867924528301887,20.603015075376884,7.537688442211055,6.532663316582915,2.0100502512562812,1.0050251256281406,1.0050251256281406,58.0,18.0,11.03,3.42,2.47,1.25,29.1,9.0,199.0
45,Landen Roupp,SFG,7.628205128205128,77.8076923076923,111.52435897435896,312,7.8431372549019605,7.8431372549019605,0.9779750164365549,0.0,1.9607843137254901,,32.27317554240631,15.647600262984879,14.669625246548323,3.4229125575279427,0.48898750821827747,1.4669625246548321,112.89743589743588,44.24358974358974,9.04,3.51,3.65,1.29,23.717948717948715,9.294871794871796,22.0,22.0,106.2,476.0,31.818181818181817,31.818181818181817,,0.0,0.0,0.0,23.739495798319325,11.554621848739496,9.453781512605042,2.3109243697478994,0.21008403361344538,0.6302521008403361,102.0,45.0,8.61,3.8,3.8,1.48,21.4,9.5,476.0
46,David Bednar,PIT,0.0,59.276752767527675,59.276752767527675,271,4.6875,4.6875,0.0,43.75000000000001,6.250000000000002,,19.139172941544913,9.911357416157188,9.227815525387726,2.392396617693114,0.6835418907694613,1.0253128361541919,63.90774907749078,22.228782287822877,9.65,3.4,3.81,1.26,25.461254612546124,8.856088560885608,0.0,64.0,62.2,251.0,9.375,7.8125,,42.1875,6.25,4.6875,18.326693227091635,7.171314741035857,6.374501992031872,1.593625498007968,0.796812749003984,0.398406374501992,86.0,19.0,12.35,2.73,2.3,1.04,34.29999999999999,7.6,251.0
47,Ryan Pressly,CHC,0.0,43.70866141732283,43.70866141732283,254,4.918032786885246,4.918032786885246,0.0,40.98360655737705,8.196721311475411,,15.515531031062062,7.05251410502821,6.488312976625952,1.6926033852067701,0.2821005642011284,0.5642011284022568,45.85826771653543,13.614173228346456,9.47,2.74,3.4,1.21,25.196850393700785,7.480314960629922,0.0,44.0,41.1,182.0,4.545454545454546,6.8181818181818175,,11.363636363636363,15.909090909090908,4.545454545454546,25.274725274725274,13.186813186813188,10.989010989010989,3.296703296703297,0.0,1.098901098901099,28.0,17.0,6.1,3.7,4.35,1.52,15.4,9.3,182.0
48,Reed Garrett,NYM,0.0,56.50359712230216,56.50359712230216,278,6.06060606060606,4.545454545454546,0.0,0.0,22.727272727272723,,16.93752911339993,8.62274209409451,7.698876869727241,2.155685523523627,0.6159101495781791,0.9238652243672688,64.20863309352518,23.115107913669064,10.19,3.7,3.45,1.25,26.978417266187048,9.712230215827338,1.0,58.0,55.1,238.0,5.172413793103448,10.344827586206897,,5.172413793103448,34.48275862068966,12.068965517241379,19.747899159663866,11.344537815126051,10.084033613445378,2.100840336134454,0.8403361344537815,0.42016806722689076,64.0,26.0,10.41,4.23,3.9,1.32,26.89999999999999,10.9,238.0
49,Cole Sands,MIN,0.0,71.40298507462687,71.40298507462687,268,4.6875,4.6875,0.0,1.5625,23.437499999999996,,23.728837157496102,11.65627088438405,10.823680106928048,3.3303631098240145,0.4162953887280018,1.2488861661840054,76.98134328358209,22.313432835820898,9.69,2.77,3.69,1.2,25.74626865671642,7.462686567164178,3.0,69.0,72.0,299.0,5.797101449275362,8.695652173913043,,4.3478260869565215,18.84057971014493,5.797101449275362,21.73913043478261,13.712374581939798,12.040133779264215,2.341137123745819,0.6688963210702341,1.3377926421404682,64.0,19.0,8.0,2.38,4.5,1.17,21.4,6.4,299.0
50,Robert Suarez,SDP,0.0,64.75925925925927,64.75925925925927,270,4.615384615384615,4.615384615384615,0.0,43.07692307692307,6.153846153846153,,21.03292181069959,10.331961591220852,9.593964334705076,2.9519890260631003,0.7379972565157751,0.7379972565157751,68.74444444444445,21.91851851851852,9.52,3.04,3.56,1.21,25.555555555555554,8.148148148148149,0.0,70.0,69.2,269.0,5.714285714285714,8.571428571428571,,57.14285714285714,0.0,7.142857142857142,17.472118959107807,8.921933085501859,8.550185873605948,2.2304832713754648,0.7434944237918215,0.7434944237918215,75.0,16.0,9.69,2.07,2.97,0.9,27.89999999999999,5.8999999999999995,269.0
51,Louie Varland,MIN,2.268199233716475,63.509578544061306,71.44827586206897,261,5.357142857142858,5.357142857142858,0.43452092599932474,0.0,12.5,,25.636734633960163,11.732065001981768,10.863023149983118,3.041646481995273,0.8690418519986495,0.8690418519986495,71.44827586206897,18.1455938697318,8.98,2.33,3.6,1.2,24.13793103448276,6.130268199233716,1.0,74.0,72.2,296.0,5.405405405405405,4.054054054054054,,0.0,29.72972972972973,2.7027027027027026,21.95945945945946,9.121621621621621,8.108108108108109,2.027027027027027,0.33783783783783783,0.6756756756756757,75.0,22.0,9.29,2.72,2.97,1.2,25.3,7.4,296.0
53,Kevin Ginkel,ARI,0.0,29.07751937984496,29.07751937984496,258,4.838709677419355,4.838709677419355,0.0,4.838709677419355,22.58064516129032,,10.179676702121267,4.726278468842017,4.3627185866234,1.09067964665585,0.18177994110930834,0.3635598822186167,31.42248062015504,9.37984496124031,9.71,2.87,3.5,1.22,25.968992248062015,7.751937984496124,0.0,29.0,25.2,121.0,3.4482758620689653,13.793103448275861,,10.344827586206897,20.689655172413794,3.4482758620689653,23.96694214876033,18.181818181818183,17.355371900826448,1.6528925619834711,0.0,1.6528925619834711,29.0,13.0,10.17,4.56,7.36,1.64,24.0,10.7,121.0
54,Justin Slaten,BOS,0.0,32.38181818181818,32.38181818181818,275,4.615384615384616,4.615384615384616,0.0,3.076923076923077,23.076923076923077,,10.869421487603306,5.434710743801652,5.072396694214876,1.268099173553719,0.1811570247933884,0.36231404958677693,33.378181818181815,11.956363636363635,9.32,3.35,3.88,1.3,24.363636363636363,8.727272727272728,0.0,36.0,34.0,137.0,5.555555555555555,11.11111111111111,,8.333333333333332,16.666666666666664,8.333333333333332,19.708029197080293,13.86861313868613,11.678832116788321,2.18978102189781,1.4598540145985401,0.0,25.0,10.0,6.62,2.65,4.24,1.09,18.2,7.3,137.0
55,Camilo Doval,SFG,0.0,66.29230769230769,66.29230769230769,260,4.838709677419355,4.838709677419355,0.0,16.129032258064516,19.35483870967742,,20.562130177514792,9.8698224852071,9.04733727810651,2.056213017751479,0.8224852071005918,1.2337278106508875,80.1923076923077,28.869230769230768,10.82,3.85,3.15,1.23,28.846153846153843,10.384615384615383,0.0,69.0,65.1,278.0,5.797101449275362,4.3478260869565215,,23.18840579710145,14.492753623188406,8.695652173913043,18.345323741007196,12.23021582733813,9.352517985611511,1.4388489208633095,0.3597122302158274,1.079136690647482,72.0,35.0,9.92,4.82,3.58,1.32,25.9,12.6,278.0
58,Mark Leiter Jr.,NYY,0.0,51.84489795918367,51.84489795918367,245,5.1724137931034475,5.1724137931034475,0.0,0.0,20.68965517241379,,18.242399000416494,9.121199500208247,8.391503540191588,2.553935860058309,0.7296959600166597,1.0945439400249894,58.99591836734694,18.77142857142857,10.27,3.27,3.62,1.22,26.93877551020408,8.571428571428571,0.0,59.0,48.1,219.0,10.16949152542373,11.864406779661017,,3.389830508474576,23.728813559322035,6.779661016949152,26.027397260273972,14.15525114155251,11.87214611872146,2.28310502283105,0.0,1.82648401826484,54.0,17.0,10.06,3.17,4.84,1.53,24.7,7.8,219.0
59,Tanner Banks,PHI,0.0,63.70526315789474,63.70526315789474,285,5.882352941176471,4.411764705882353,0.0,0.0,17.647058823529413,,20.380424746075718,9.861495844875346,9.204062788550324,2.6297322253000925,0.6574330563250231,0.9861495844875348,63.70526315789474,21.54736842105263,8.99,3.0,3.64,1.24,23.859649122807017,8.070175438596491,1.0,69.0,67.1,267.0,8.695652173913043,2.898550724637681,,1.4492753623188406,14.492753623188406,4.3478260869565215,20.973782771535582,8.98876404494382,8.614232209737828,3.3707865168539324,0.37453183520599254,0.37453183520599254,61.0,12.0,8.15,1.6,3.07,1.01,22.8,4.5,267.0
60,Bryan Hudson,MIL,0.0,17.857142857142858,17.857142857142858,252,5.0,5.0,0.0,1.6666666666666667,18.333333333333332,,6.141345427059712,2.9525699168556314,2.71636432350718,0.8267195767195769,0.11810279667422525,0.3543083900226757,19.345238095238095,6.5476190476190474,9.79,3.3,3.51,1.24,25.7936507936508,8.73015873,0.0,16.0,15.0,75.0,0.0,6.25,,0.0,12.5,0.0,20.0,13.333333333333334,10.666666666666668,2.666666666666667,2.666666666666667,2.666666666666667,19.0,13.0,11.4,7.8,4.8,1.87,25.3,17.299999999999997,75.0
62,Will Vest,DET,0.0,68.0,68.0,284,5.88235294117647,4.411764705882353,0.0,2.941176470588235,17.647058823529413,,21.47887323943662,9.859154929577464,9.15492957746479,2.464788732394366,0.7042253521126761,1.056338028169014,68.0,21.0,8.94,2.79,3.4,1.21,23.943661971830984,7.394366197183098,0.0,64.0,68.2,284.0,9.375,7.8125,,35.9375,4.6875,10.9375,21.47887323943662,9.15492957746479,8.098591549295776,1.4084507042253522,0.35211267605633806,0.35211267605633806,75.0,22.0,9.83,2.88,3.01,1.21,26.4,7.7,284.0
63,Matthew Liberatore,STL,8.901098901098901,115.71428571428572,151.67472527472526,364,7.6923076923076925,6.153846153846152,0.9781427363844944,3.076923076923076,18.46153846153846,,39.125709455379784,19.073783359497646,17.606569254920903,4.890713681922473,0.9781427363844944,1.956285472768989,142.41758241758242,53.4065934065934,8.4,3.16,3.79,1.29,21.978021978021975,8.241758241758241,29.0,29.0,151.2,648.0,27.586206896551722,41.37931034482759,,0.0,0.0,0.0,24.382716049382715,12.191358024691358,10.95679012345679,2.9320987654320985,0.0,0.6172839506172839,122.0,40.0,7.24,2.37,4.21,1.31,18.8,6.2,648.0
64,Justin Wilson,BOS,0.0,49.285714285714285,49.285714285714285,231,5.454545454545454,5.454545454545454,0.0,0.0,12.727272727272727,,19.396188227357055,9.698094113678527,8.922246584584247,2.715466351829988,0.3879237645471411,0.7758475290942822,51.077922077922075,17.025974025974026,9.35,3.1,3.83,1.26,24.67532467532467,8.225108225108226,0.0,61.0,48.1,207.0,6.557377049180328,1.639344262295082,,0.0,29.508196721311474,6.557377049180328,23.18840579710145,10.628019323671497,8.695652173913043,1.4492753623188406,1.4492753623188406,0.966183574879227,57.0,20.0,10.61,3.72,3.35,1.41,27.500000000000004,9.69999999999999,207.0
65,Pierce Johnson,ATL,0.0,56.41481481481482,56.41481481481482,270,6.25,4.687500000000001,0.0,3.125,18.750000000000004,,17.62962962962963,8.814814814814815,8.16186556927298,2.285322359396434,0.6529492455418382,0.6529492455418382,67.87407407407407,22.91851851851852,10.78,3.7,3.54,1.26,28.51851851851852,9.62962963,0.0,65.0,59.0,238.0,4.615384615384616,4.615384615384616,,1.5384615384615385,24.615384615384617,4.615384615384616,21.84873949579832,8.823529411764707,8.403361344537815,3.361344537815126,0.8403361344537815,0.42016806722689076,59.0,19.0,9.0,2.9,3.05,1.2,24.8,8.0,238.0
66,Seranthony Dominguez,BAL,0.0,62.478764478764475,62.478764478764475,259,4.838709677419355,4.838709677419355,0.0,4.838709677419355,19.35483870967742,,21.010420238219467,10.505210119109734,10.11612826284641,3.112654850106588,0.3890818562633235,1.1672455687899703,69.53281853281854,22.16988416988417,9.99,3.24,3.71,1.22,26.640926640926644,8.494208494208493,0.0,67.0,62.2,261.0,5.970149253731343,5.970149253731343,,2.9850746268656714,29.850746268656714,4.477611940298507,16.85823754789272,11.494252873563218,8.42911877394636,1.9157088122605364,0.7662835249042145,0.7662835249042145,79.0,36.0,11.35,5.17,3.16,1.28,30.3,13.8,261.0
68,Yennier Cano,BAL,0.0,60.04313725490196,60.04313725490196,255,4.918032786885246,4.918032786885246,0.0,1.639344262295082,19.672131147540984,,21.616301422529794,9.650134563629372,8.878123798539022,1.9300269127258745,0.3860053825451749,0.7720107650903498,60.04313725490196,20.670588235294115,8.98,3.16,3.4,1.27,23.92156862745098,8.235294117647058,0.0,65.0,58.0,251.0,4.615384615384616,10.76923076923077,,3.076923076923077,26.153846153846157,7.6923076923076925,24.701195219123505,14.342629482071715,13.147410358565736,2.788844621513944,0.398406374501992,1.1952191235059761,53.0,24.0,8.22,3.72,5.12,1.48,21.1,9.6,251.0
69,Dane Dunning,TEX,0.8610271903323263,18.08157099697885,22.157099697885197,331,6.349206349206351,6.349206349206351,0.08670968684112046,0.0,7.936507936507936,,6.589936199925156,3.2082584131214573,2.9481293525980963,0.8670968684112046,0.08670968684112046,0.3468387473644819,20.951661631419935,6.888217522658611,8.43,2.8,3.95,1.29,22.05438066465257,7.250755287009064,0.0,12.0,20.2,95.0,0.0,0.0,,16.666666666666664,0.0,0.0,25.263157894736842,17.894736842105264,16.842105263157894,4.2105263157894735,1.0526315789473684,3.1578947368421053,21.0,7.0,9.15,3.05,6.97,1.5,22.1,7.4,95.0
71,Ian Hamilton,NYY,0.0,39.212598425196845,39.212598425196845,254,5.0,5.0,0.0,1.6666666666666667,25.0,,13.379626759253519,6.689813379626759,5.917911835823671,1.543803087606175,0.25730051460102915,0.7719015438030875,42.48031496062992,15.031496062992124,9.72,3.47,3.52,1.26,25.590551181102363,9.05511811,1.0,36.0,40.0,166.0,5.555555555555555,2.7777777777777777,,0.0,11.11111111111111,0.0,16.867469879518072,12.048192771084338,11.44578313253012,3.0120481927710845,0.6024096385542169,0.6024096385542169,42.0,22.0,9.45,4.95,4.28,1.25,25.3,13.3,166.0
72,Colin Holderman,PIT,0.0,29.245283018867926,29.245283018867926,265,4.838709677419354,4.838709677419354,0.0,4.838709677419354,20.96774193548387,,9.967960128159486,5.161979352082592,4.805980776076896,1.0679957280170878,0.355998576005696,0.5339978640085439,29.71698113207547,11.79245283018868,9.17,3.69,3.85,1.32,23.77358490566038,9.433962264150944,0.0,24.0,25.2,125.0,0.0,8.333333333333332,,4.166666666666666,8.333333333333332,8.333333333333332,27.200000000000003,16.8,16.0,3.2,0.8,1.6,18.0,16.0,6.31,5.61,7.01,1.95,14.4,12.8,125.0
74,Erik Miller,SFG,0.0,30.26356589147287,30.26356589147287,258,4.918032786885246,4.918032786885246,0.0,1.6393442622950818,19.672131147540984,,9.037918394327264,4.61510726518839,4.230514993089358,1.1537768162970976,0.19229613604951623,0.3845922720990326,37.70542635658914,14.883720930232558,11.22,4.43,3.19,1.26,29.45736434108527,11.627906976744184,0.0,36.0,30.0,128.0,11.11111111111111,2.7777777777777777,,0.0,27.77777777777778,5.555555555555555,18.75,3.90625,3.90625,0.0,3.125,2.34375,22.0,20.0,6.6,6.0,1.5,1.47,17.2,15.6,128.0
75,Kenley Jansen,,0.0,55.93625498007968,55.93625498007968,251,5.0,5.0,0.0,0.0,0.0,,18.571133791527117,10.028412247424644,9.285566895763559,2.9713814066443387,0.7428453516610846,0.7428453516610846,64.32669322709162,21.44223107569721,10.32,3.44,3.82,1.21,27.490039840637447,9.163346613545816,0.0,62.0,59.0,234.0,8.064516129032258,6.451612903225806,,46.774193548387096,0.0,1.6129032258064515,15.81196581196581,7.6923076923076925,7.264957264957266,3.418803418803419,0.8547008547008548,0.4273504273504274,57.0,19.0,8.69,2.9,2.59,0.95,24.4,8.1,234.0
76,Gregory Soto,BAL,0.0,66.375,66.375,248,5.084745762711865,5.084745762711865,0.0,0.0,16.94915254237288,,22.681451612903224,10.887096774193548,9.979838709677418,2.721774193548387,0.45362903225806456,1.3608870967741935,75.375,28.125,10.28,3.8,3.38,1.26,27.016129032258064,10.080645161290322,0.0,70.0,60.1,279.0,1.4285714285714286,7.142857142857142,,1.4285714285714286,31.428571428571427,1.4285714285714286,22.22222222222222,11.827956989247312,10.03584229390681,1.4336917562724014,0.35842293906810035,3.942652329749104,70.0,24.0,10.44,3.58,4.18,1.43,25.1,8.6,279.0
77,Slade Cecconi,CLE,6.146616541353383,100.39473684210526,129.48872180451127,266,6.122448979591836,6.122448979591836,0.7702526994177171,0.0,2.0408163265306123,,47.75566736389846,23.107580982531513,21.56707558369608,6.932274294759454,0.7702526994177171,2.3107580982531517,122.93233082706766,28.684210526315788,8.45,1.93,3.99,1.19,22.55639097744361,5.263157894736842,23.0,23.0,132.0,545.0,30.434782608695656,30.434782608695656,,0.0,0.0,0.0,22.93577981651376,12.110091743119266,11.559633027522937,4.4036697247706424,0.1834862385321101,0.5504587155963303,109.0,32.0,7.43,2.18,4.3,1.19,20.0,5.8999999999999995,545.0
78,Jonathan Loaisiga,NYY,0.0,31.92118226600985,31.92118226600985,203,6.25,4.166666666666666,0.0,0.0,2.083333333333333,,15.069523647746852,6.879565143536606,6.224368463199786,1.6379917008420488,0.3275983401684098,0.6551966803368195,27.93103448275862,9.975369458128078,7.95,2.74,3.65,1.27,20.689655172413794,7.389162561576355,0.0,30.0,29.2,135.0,0.0,3.3333333333333335,,3.3333333333333335,23.333333333333332,10.0,25.185185185185183,11.11111111111111,10.37037037037037,5.185185185185185,2.2222222222222223,2.2222222222222223,25.0,10.0,7.58,3.03,4.25,1.48,18.5,7.4,135.0
79,Joe Boyle,TBR,2.9224137931034484,37.991379310344826,51.824137931034485,232,7.6923076923076925,7.6923076923076925,0.41988703923900117,0.0,2.5641025641025643,,17.63525564803805,10.077288941736029,9.237514863258026,2.0994351961950057,0.41988703923900117,1.2596611177170036,64.29310344827586,31.17241379310345,11.03,5.38,3.77,1.38,28.448275862068968,13.79310344827586,9.0,13.0,52.0,226.0,7.6923076923076925,30.76923076923077,,0.0,0.0,0.0,19.02654867256637,14.601769911504425,11.946902654867257,2.6548672566371683,0.4424778761061947,1.3274336283185841,58.0,28.0,10.04,4.85,4.67,1.37,25.7,12.4,226.0
81,Abner Uribe,MIL,0.0,69.62616822429906,69.62616822429906,214,6.0,4.0,0.0,0.0,8.0,,26.67918595510525,13.664948903834398,12.363525198707311,2.6028474102541708,0.6507118525635427,1.3014237051270854,83.55140186915888,37.598130841121495,10.75,4.81,3.47,1.34,28.037383177570092,12.61682242990654,0.0,75.0,75.1,298.0,4.0,2.666666666666667,,9.333333333333334,49.333333333333336,2.666666666666667,17.114093959731544,6.0402684563758395,4.697986577181208,1.342281879194631,0.6711409395973155,2.013422818791946,90.0,27.0,10.75,3.23,1.67,1.04,30.2,9.1,298.0
82,Adrian Morejon,SDP,0.0,68.95652173913042,68.95652173913042,253,4.918032786885247,4.918032786885247,0.0,1.639344262295082,19.672131147540988,,23.234232686028527,11.617116343014265,10.723492008936244,3.1276851692730707,0.4468121670390101,0.8936243340780202,73.47826086956522,25.999999999999996,9.58,3.33,3.5,1.23,25.69169960474309,9.090909090909092,0.0,75.0,73.2,286.0,17.333333333333336,8.0,,4.0,26.666666666666668,5.333333333333334,17.132867132867133,8.041958041958042,5.944055944055944,0.6993006993006993,1.048951048951049,0.0,70.0,17.0,8.55,2.08,2.08,0.9,24.5,5.8999999999999995,286.0
84,Garrett Cleavinger,TBR,0.0,57.337078651685395,57.337078651685395,267,4.761904761904763,4.761904761904763,0.0,4.761904761904763,23.809523809523807,,17.384168665572528,9.203383411185456,8.521651306653201,2.3860623658628963,0.34086605226612804,1.0225981567983842,69.1685393258427,25.48314606741573,10.9,4.07,3.57,1.26,28.46441947565543,10.486891385767793,0.0,67.0,61.1,243.0,2.9850746268656714,8.955223880597014,,2.9850746268656714,31.343283582089555,5.970149253731343,16.46090534979424,6.995884773662551,6.584362139917696,3.7037037037037033,0.0,2.880658436213992,82.0,18.0,12.03,2.64,2.35,0.95,33.7,7.4,243.0
85,Alex Vesia,LAD,0.0,56.185344827586206,56.185344827586206,232,5.454545454545455,3.6363636363636362,0.0,0.0,20.0,,19.374256837098695,10.567776456599287,10.127452437574316,3.522592152199762,0.8806480380499405,0.8806480380499405,69.46551724137932,24.517241379310345,11.15,3.91,3.74,1.23,29.310344827586203,10.344827586206897,0.0,68.0,59.2,237.0,5.88235294117647,2.941176470588235,,7.352941176470589,36.76470588235294,5.88235294117647,15.611814345991561,8.860759493670885,8.438818565400844,3.79746835443038,1.2658227848101267,2.109704641350211,80.0,22.0,12.07,3.32,3.02,0.99,33.79999999999999,9.3,237.0
86,Anthony Bender,MIA,0.0,48.18897637795275,48.18897637795275,254,5.000000000000001,5.000000000000001,0.0,8.333333333333334,20.000000000000004,,17.391034782069564,8.53741707483415,7.588815177630356,1.897203794407589,0.6324012648025296,0.9486018972037945,49.795275590551185,17.669291338582678,9.23,3.23,3.66,1.28,24.409448818897637,8.661417322834646,0.0,51.0,50.0,204.0,5.88235294117647,9.803921568627452,,7.8431372549019605,37.254901960784316,5.88235294117647,15.686274509803921,6.372549019607843,5.88235294117647,1.4705882352941175,0.9803921568627451,0.9803921568627451,42.0,21.0,7.56,3.78,2.16,1.06,20.6,10.3,204.0
87,Tyler Holton,DET,0.0,74.6312292358804,74.6312292358804,301,5.555555555555555,4.166666666666667,0.0,8.333333333333332,18.055555555555554,,23.416960077703333,10.67537885895299,9.986644739020539,2.754936479729804,0.688734119932451,1.0331011798986767,67.37541528239203,20.730897009966775,8.11,2.46,3.56,1.21,21.59468438538206,6.644518272,6.0,70.0,78.2,312.0,8.571428571428571,7.142857142857142,,0.0,24.285714285714285,5.714285714285714,20.833333333333336,10.897435897435898,10.256410256410255,4.807692307692308,0.3205128205128205,0.0,64.0,17.0,7.32,1.94,3.66,1.04,20.5,5.4,312.0
88,Kirby Yates,LAD,0.0,42.047244094488185,42.047244094488185,254,5.0,5.0,0.0,15.0,18.333333333333336,,13.519127038254078,7.449314898629797,6.8975137950275895,1.9313038626077255,0.5518011036022074,0.8277016554033108,51.85826771653543,19.62204724409449,11.05,4.16,3.69,1.27,29.133858267716533,11.023622047244094,0.0,50.0,41.1,178.0,8.0,6.0,,6.0,30.0,4.0,21.34831460674157,14.606741573033707,13.48314606741573,5.056179775280898,0.0,0.5617977528089888,52.0,17.0,11.32,3.7,5.23,1.33,29.2,9.6,178.0
89,Nick Mears,MIL,0.0,52.36546184738956,52.36546184738956,249,5.084745762711865,5.084745762711865,0.0,0.0,18.64406779661017,,17.109401461266753,8.911146594409766,8.554700730633376,2.495121046434735,0.3564458637763907,0.7128917275527814,63.90361445783133,23.076305220883537,11.02,4.0,3.6,1.26,28.915662650602407,10.441767068273093,0.0,63.0,56.2,221.0,7.936507936507936,4.761904761904762,,1.5873015873015872,25.396825396825395,9.523809523809524,19.004524886877828,11.312217194570136,9.95475113122172,3.167420814479638,0.4524886877828055,0.4524886877828055,46.0,13.0,7.31,2.06,3.49,0.97,20.8,5.8999999999999995,221.0
90,Dylan Lee,ATL,0.0,63.92248062015504,63.92248062015504,258,4.838709677419355,4.838709677419355,0.0,0.0,20.967741935483872,,21.579232017306655,10.390000600925426,9.590769785469623,3.1969232618232075,0.7992308154558019,0.7992308154558019,71.13953488372093,20.62015503875969,10.03,2.85,3.53,1.19,26.744186046511626,7.751937984496124,0.0,74.0,68.1,266.0,2.7027027027027026,5.405405405405405,,2.7027027027027026,25.675675675675674,9.45945945945946,19.924812030075188,10.150375939849624,9.398496240601503,4.887218045112782,0.37593984962406013,0.0,76.0,14.0,10.01,1.84,3.29,0.98,28.6,5.3,266.0
91,Yuki Matsui,SDP,0.0,64.70484581497797,64.70484581497797,227,5.555555555555556,3.7037037037037033,0.0,0.0,11.111111111111112,,23.753614469522017,12.140736284422363,11.085020085776941,3.6950066952589804,0.5278580993227114,1.0557161986454229,75.48898678414096,27.559471365638768,10.43,3.79,3.52,1.25,27.75330396475771,10.13215859030837,0.0,61.0,63.1,272.0,4.918032786885246,1.639344262295082,,1.639344262295082,4.918032786885246,0.0,19.485294117647058,10.661764705882353,10.294117647058822,3.6764705882352944,0.7352941176470588,0.3676470588235294,61.0,33.0,8.67,4.69,3.98,1.36,22.399999999999988,12.1,272.0
92,Clayton Beeter,NYY,0.0,24.528301886792452,24.528301886792452,212,6.000000000000001,3.9999999999999996,0.0,0.0,7.999999999999999,,9.718761124955499,5.090779636881453,4.8593805624777495,1.3883944464222144,0.23139907440370236,0.4627981488074047,27.9622641509434,9.81132075471698,10.34,3.64,3.74,1.25,26.88679245283019,9.433962264150944,0.0,26.0,25.1,104.0,0.0,11.538461538461538,,3.8461538461538463,34.61538461538461,7.6923076923076925,12.5,11.538461538461538,11.538461538461538,2.8846153846153846,0.0,0.0,33.0,18.0,11.72,6.39,4.26,1.22,31.7,17.299999999999997,104.0
93,Jared Koenig,MIL,0.0,63.9076923076923,63.9076923076923,260,4.838709677419355,4.838709677419355,0.0,3.225806451612903,19.35483870967742,,22.20118343195266,10.704142011834318,9.911242603550296,2.7751479289940826,0.7928994082840236,1.1893491124260354,63.9076923076923,21.646153846153844,9.06,3.02,3.58,1.25,23.846153846153847,8.076923076923077,0.0,72.0,66.0,268.0,8.333333333333332,1.3888888888888888,,2.7777777777777777,37.5,2.7777777777777777,21.26865671641791,7.835820895522389,7.835820895522389,2.2388059701492535,0.3731343283582089,1.4925373134328357,68.0,20.0,9.27,2.73,2.86,1.17,25.4,7.5,268.0
94,Caleb Ferguson,PIT,0.0,63.333333333333336,63.333333333333336,243,5.263157894736842,5.263157894736842,0.0,1.7543859649122806,15.789473684210526,,23.31961591220851,11.431184270690444,10.516689529035208,2.2862368541380884,0.4572473708276178,1.3717421124828533,66.66666666666667,26.666666666666668,9.43,3.76,3.59,1.31,24.69135802469136,9.876543209876544,0.0,70.0,65.1,270.0,7.142857142857142,5.714285714285714,,0.0,20.0,7.142857142857142,20.0,10.0,9.62962962962963,0.7407407407407408,1.1111111111111112,2.2222222222222223,51.0,22.0,7.03,3.03,3.58,1.16,18.899999999999988,8.1,270.0
96,Luke Weaver,NYY,0.0,62.512280701754385,62.512280701754385,285,5.88235294117647,4.411764705882352,0.0,8.823529411764705,19.117647058823533,,19.99876885195445,9.676823638042475,9.031702062172977,3.2256078793474927,0.9676823638042474,0.9676823638042474,67.10877192982456,17.466666666666665,9.68,2.46,3.73,1.18,25.61403509,6.666666666666667,0.0,64.0,64.2,262.0,6.25,6.25,,12.5,32.8125,6.25,17.557251908396946,10.687022900763358,9.923664122137405,3.816793893129771,0.38167938931297707,0.38167938931297707,72.0,20.0,10.02,2.78,3.62,1.02,27.500000000000004,7.6,262.0
97,Sawyer Gipson-Long,DET,1.3233830845771144,27.129353233830845,31.8273631840796,201,7.317073170731707,4.878048780487805,0.3291997722828643,0.0,2.4390243902439024,,14.81398975272889,6.9131952179401495,6.583995445657285,1.9751986336971856,0.3291997722828643,0.6583995445657286,30.437810945273633,7.940298507462686,8.52,2.31,3.65,1.19,22.885572139303484,5.970149253731343,3.0,8.0,31.1,133.0,0.0,25.0,,0.0,12.5,0.0,25.563909774436087,19.548872180451127,18.796992481203006,6.015037593984962,0.0,1.5037593984962405,26.0,6.0,7.47,1.72,7.18,1.28,19.5,4.5,133.0
98,Daysbel Hernandez,ATL,0.0,38.354838709677416,38.354838709677416,248,5.172413793103449,5.172413793103449,0.0,0.0,18.96551724137931,,13.065816857440165,6.932882414151924,6.39958376690947,1.5998959417273675,0.2666493236212279,0.7999479708636837,44.96774193548387,17.85483870967742,10.53,4.18,3.74,1.31,27.419354838709676,10.887096774193548,0.0,39.0,37.0,164.0,10.256410256410255,7.6923076923076925,,0.0,25.64102564102564,5.128205128205128,16.463414634146343,9.75609756097561,8.536585365853659,1.8292682926829267,0.6097560975609756,1.2195121951219512,33.0,30.0,8.03,7.3,3.41,1.54,20.1,18.3,164.0
99,Brant Hurter,DET,0.0,66.26794258373205,66.26794258373205,209,6.000000000000001,4.0,0.0,0.0,8.0,,31.0730065703624,13.3170028158696,12.048716833405827,3.1707149561594288,0.6341429912318857,1.9024289736956572,55.665071770334926,14.578947368421051,7.6,2.05,3.46,1.2,20.095693779904305,5.263157894736842,4.0,43.0,63.0,277.0,9.30232558139535,6.976744186046512,,4.651162790697675,11.627906976744185,0.0,20.577617328519857,9.386281588447654,6.137184115523466,1.444043321299639,1.083032490974729,3.9711191335740073,68.0,27.0,9.71,3.86,2.43,1.33,24.5,9.69999999999999,277.0
100,Caleb Thielbar,CHC,0.0,52.42553191489362,52.42553191489362,235,5.357142857142857,5.357142857142857,0.0,0.0,17.85714285714286,,19.121774558623812,9.95925758261657,9.162516976007243,2.788592123132639,0.3983703033046628,0.7967406066093256,57.1063829787234,19.659574468085108,9.85,3.3,3.68,1.23,25.957446808510635,8.936170212765958,0.0,67.0,58.0,220.0,4.477611940298507,5.970149253731343,,1.4925373134328357,37.3134328358209,4.477611940298507,17.272727272727273,7.727272727272727,7.727272727272727,2.272727272727273,0.45454545454545453,0.0,56.0,13.0,8.69,2.02,2.64,0.88,25.5,5.8999999999999995,220.0
101,Jesus Tinoco,MIA,0.0,18.823529411764707,18.823529411764707,272,4.6875,4.6875,0.0,9.375,15.625,,6.379757785467128,3.1358131487889276,2.919550173010381,0.7569204152249136,0.21626297577854672,0.32439446366782004,19.11764705882353,7.0588235294117645,9.18,3.36,3.79,1.29,23.897058823529413,8.823529411764707,0.0,20.0,19.1,80.0,10.0,5.0,,20.0,20.0,10.0,21.25,15.0,13.750000000000002,1.25,1.25,0.0,10.0,8.0,4.66,3.72,5.12,1.29,12.5,10.0,80.0
102,Taylor Rogers,CIN,0.0,51.51127819548872,51.51127819548872,266,4.838709677419355,4.838709677419355,0.0,4.838709677419355,20.967741935483872,,17.491096161456273,9.37023008649443,8.433207077844989,2.4987280230651816,0.6246820057662954,0.9370230086494432,57.32706766917293,19.93984962406015,9.97,3.55,3.99,1.3,25.93984962406015,9.022556390977442,0.0,57.0,50.2,221.0,5.263157894736842,3.508771929824561,,0.0,17.543859649122805,1.7543859649122806,21.266968325791854,11.312217194570136,8.597285067873303,3.167420814479638,0.904977375565611,1.3574660633484164,53.0,23.0,9.41,4.09,3.38,1.38,24.0,10.4,221.0
104,Angel Zerpa,KCR,0.0,65.16064257028113,65.16064257028113,249,5.084745762711864,5.084745762711864,0.0,0.0,20.338983050847457,,25.28185029273721,11.532072063353816,10.644989596941985,2.661247399235496,0.44354123320591604,1.330623699617748,58.53413654618474,22.088353413654616,8.11,3.02,3.65,1.3,21.285140562249,8.032128514056225,2.0,69.0,64.2,275.0,7.246376811594203,2.898550724637681,,0.0,20.28985507246377,5.797101449275362,24.363636363636363,10.909090909090908,10.909090909090908,2.5454545454545454,0.0,0.7272727272727273,58.0,22.0,8.07,3.06,4.18,1.38,21.1,8.0,275.0
105,Joe Ross,PHI,1.7078651685393258,47.82022471910112,53.79775280898876,267,5.357142857142858,5.357142857142858,0.3198249379287127,0.0,10.714285714285715,,19.18949627572276,9.59474813786138,8.955098262003954,2.5585995034297015,1.2792997517148508,0.9594748137861381,49.52808988764045,17.93258426966292,8.24,3.03,4.01,1.29,21.722846441947567,7.865168539325842,1.0,37.0,51.0,228.0,5.405405405405405,2.7027027027027026,,0.0,0.0,5.405405405405405,25.0,13.157894736842104,12.719298245614036,3.508771929824561,0.43859649122807015,1.3157894736842104,39.0,18.0,6.88,3.18,5.12,1.47,17.1,7.9,228.0
107,Tim Herrin,CLE,0.0,45.908396946564885,45.908396946564885,262,4.838709677419355,4.838709677419355,0.0,0.0,22.580645161290327,,15.26134840627003,7.34805664005594,6.782821513897792,1.695705378474448,0.28261756307907465,0.847852689237224,49.61068702290076,18.51145038167939,9.7,3.66,3.49,1.29,25.572519083969464,9.541984732824428,0.0,54.0,42.2,194.0,9.25925925925926,7.4074074074074066,,0.0,27.77777777777778,3.7037037037037033,19.072164948453608,11.855670103092782,11.855670103092782,2.5773195876288657,1.0309278350515463,3.0927835051546393,45.0,30.0,9.49,6.33,4.85,1.57,23.19999999999999,15.5,194.0
108,Shawn Armstrong,TEX,0.0,67.40856031128405,67.40856031128405,257,4.918032786885246,4.918032786885246,0.0,1.639344262295082,19.672131147540984,,24.50907659464943,12.469530197277779,11.60956259746552,3.4398703992490427,0.42998379990613034,1.289951399718391,66.3035019455253,20.996108949416342,8.78,2.84,3.99,1.25,23.346303501945524,7.392996108949417,2.0,71.0,74.0,284.0,5.633802816901409,4.225352112676056,,12.676056338028168,16.901408450704224,4.225352112676056,14.084507042253522,7.394366197183098,6.690140845070422,1.7605633802816902,0.0,2.112676056338028,74.0,20.0,9.0,2.43,2.31,0.81,26.1,7.000000000000001,284.0
110,Jorge Alcala,MIN,0.0,60.47058823529411,60.47058823529411,255,5.0,5.0,0.0,1.666666666666667,20.0,,20.947327950788157,11.06651287966167,10.276047673971549,3.161860822760477,0.3952326028450596,1.1856978085351788,65.50980392156862,23.180392156862744,9.72,3.52,3.97,1.28,25.49019607843137,9.019607843137257,0.0,56.0,55.0,257.0,0.0,3.571428571428571,,0.0,8.928571428571429,3.571428571428571,25.680933852140075,17.120622568093385,14.785992217898833,5.058365758754864,0.38910505836575876,0.38910505836575876,61.0,30.0,9.98,4.91,6.22,1.75,23.7,11.69999999999999,257.0
111,Jose Suarez,LAA,0.5418060200668896,17.337792642140467,19.017391304347825,299,6.25,6.25,0.09060301338911197,0.0,18.75,,5.979798883681391,2.9898994418406954,2.808693415062471,0.9060301338911197,0.27180904016733587,0.27180904016733587,18.69230769230769,6.501672240802675,8.83,3.07,3.95,1.27,23.076923076923077,8.026755853,1.0,7.0,19.1,81.0,28.57142857142857,0.0,,14.285714285714285,14.285714285714285,0.0,18.51851851851852,6.172839506172839,4.938271604938271,1.2345679012345678,1.2345679012345678,0.0,16.0,10.0,7.45,4.66,1.86,1.29,19.8,12.3,81.0
112,Brennan Bernardino,BOS,0.0,52.387096774193544,52.387096774193544,248,5.172413793103448,5.172413793103448,0.0,0.0,17.241379310344826,,19.667013527575442,9.833506763787721,8.74089490114464,2.18522372528616,0.7284079084287199,1.4568158168574399,52.387096774193544,19.870967741935484,9.02,3.49,3.8,1.33,23.387096774193548,8.870967741935484,3.0,55.0,51.2,224.0,7.2727272727272725,5.454545454545454,,1.8181818181818181,3.6363636363636362,0.0,17.410714285714285,10.267857142857142,8.035714285714286,0.4464285714285714,2.232142857142857,1.3392857142857142,43.0,26.0,7.49,4.53,3.14,1.26,19.2,11.599999999999987,224.0
113,Brock Burke,LAA,0.0,60.57857142857143,60.57857142857143,280,4.545454545454546,4.545454545454546,0.0,4.545454545454546,19.696969696969692,,19.996173469387752,10.161989795918366,9.506377551020408,2.950255102040816,0.6556122448979591,0.983418367346939,60.57857142857143,22.02857142857143,9.02,3.28,3.98,1.29,23.57142857142857,8.571428571428571,1.0,69.0,61.2,257.0,10.144927536231885,1.4492753623188406,,0.0,21.73913043478261,7.246376811594203,22.56809338521401,9.33852140077821,8.949416342412452,3.11284046692607,1.556420233463035,1.1673151750972763,52.0,18.0,7.59,2.63,3.36,1.23,20.19999999999999,7.000000000000001,257.0
114,Luis Garcia,,0.0,30.89387755102041,30.89387755102041,245,5.1724137931034475,5.1724137931034475,0.0,0.0,0.0,,12.174927113702623,5.870054144106622,5.217825905872553,1.3044564764681383,0.2174094127446897,0.6522282382340692,28.230612244897955,9.587755102040816,8.16,2.8,3.79,1.28,21.63265306122449,7.346938775510205,1.0,30.0,31.15,130.5,5.0,3.3333333333333335,,3.3333333333333335,20.0,1.6666666666666667,22.22222222222222,9.961685823754788,9.195402298850574,1.532567049808429,1.9157088122605364,0.38314176245210724,27.5,13.5,8.015,2.7,3.47,0.99,22.799999999999997,7.399999999999995,130.5
116,Gabe Speier,SEA,0.0,58.23966942148761,58.23966942148761,242,5.172413793103448,5.172413793103448,0.0,0.0,17.241379310344826,,21.161464380848305,9.958336179222732,9.128474830954172,2.489584044805683,0.8298613482685611,1.2447920224028415,60.24793388429752,20.082644628099175,9.36,3.13,3.46,1.22,24.793388429752067,8.264462809917356,0.0,76.0,62.0,243.0,5.263157894736842,3.9473684210526314,,0.0,31.57894736842105,7.894736842105263,17.695473251028808,7.818930041152264,7.4074074074074066,2.05761316872428,0.411522633744856,2.05761316872428,82.0,11.0,11.9,1.6,2.61,0.87,33.7,4.5,243.0
117,Carlos Estevez,KCR,0.0,63.062271062271066,63.062271062271066,273,4.6875,4.6875,0.0,32.8125,9.375,,21.6559996779777,11.188933166955145,10.467066511022557,2.88746662373036,0.72186665593259,1.082799983898885,62.07692307692308,22.663003663003664,8.84,3.18,4.1,1.29,23.076923076923077,8.424908424908425,0.0,67.0,66.0,269.0,5.970149253731343,7.462686567164178,,62.68656716417911,0.0,8.955223880597014,17.843866171003718,8.178438661710038,6.691449814126393,1.858736059479554,2.2304832713754648,1.486988847583643,54.0,22.0,7.36,3.0,2.45,1.06,20.1,8.19999999999999,269.0
118,Jose A. Ferrer,WSN,0.0,76.38022813688214,76.38022813688214,263,4.838709677419354,4.838709677419354,0.0,16.129032258064516,17.741935483870968,,27.636658040451646,13.115702120892308,12.178866255114288,2.8105075973340656,0.9368358657780219,1.4052537986670328,65.29277566539925,28.334600760456276,7.69,3.31,3.71,1.32,20.15209125475285,8.745247148288973,0.0,72.0,76.1,324.0,5.555555555555555,5.555555555555555,,15.277777777777779,29.166666666666668,5.555555555555555,25.0,12.654320987654321,11.728395061728394,1.5432098765432098,0.30864197530864196,2.1604938271604937,71.0,16.0,8.37,1.89,4.48,1.27,21.899999999999988,4.9,324.0
119,JoJo Romero,STL,0.0,60.525291828793776,60.525291828793776,257,4.918032786885246,4.918032786885246,0.0,1.639344262295082,19.672131147540984,,21.620312192463174,10.038002089357903,8.879771079047375,2.316462020621054,0.3860770034368423,1.158231010310527,59.53307392996109,20.836575875486385,8.78,3.12,3.45,1.26,23.346303501945524,8.171206225680933,0.0,65.0,61.0,255.0,6.153846153846154,9.230769230769232,,12.307692307692308,36.92307692307693,1.5384615384615385,18.43137254901961,8.235294117647058,5.490196078431373,0.7843137254901961,1.9607843137254901,0.7843137254901961,55.0,29.0,8.11,4.28,2.07,1.25,21.6,11.4,255.0
121,Jalen Beeks,,0.0,54.10810810810811,54.10810810810811,222,5.769230769230769,3.846153846153846,0.0,0.0,0.0,,22.966885804723645,11.2490869247626,10.311663014365717,2.81227173119065,0.4687119551984417,0.9374239103968834,52.02702702702703,19.77027027027027,8.59,3.34,3.78,1.31,22.52252252252252,8.558558558558559,2.0,61.0,57.1,231.0,8.19672131147541,4.918032786885246,,1.639344262295082,22.950819672131146,3.278688524590164,18.181818181818183,11.255411255411255,10.38961038961039,2.5974025974025974,0.8658008658008658,0.8658008658008658,47.0,20.0,7.38,3.14,3.77,1.08,20.3,8.7,231.0
123,John Schreiber,KCR,0.0,61.4638783269962,61.4638783269962,263,4.918032786885246,4.918032786885246,0.0,1.6393442622950825,19.672131147540988,,22.604056730616318,11.110468562506327,10.344229351298994,2.2987176336219983,0.7662392112073328,1.1493588168109992,56.42585551330799,24.182509505703425,8.32,3.57,4.01,1.36,21.292775665399237,9.125475285171104,0.0,74.0,64.0,265.0,4.054054054054054,4.054054054054054,,1.3513513513513513,31.08108108108108,5.405405405405405,21.50943396226415,10.943396226415095,10.18867924528302,3.7735849056603774,0.37735849056603776,0.37735849056603776,62.0,19.0,8.72,2.67,3.8,1.19,23.39999999999999,7.199999999999999,265.0
125,Michael McGreevy,STL,4.651162790697675,79.06976744186046,95.58139534883722,172,5.882352941176471,5.882352941176471,1.3520822065981613,0.0,2.9411764705882355,,56.78745267712277,24.337479718766904,22.98539751216874,5.408328826392645,1.3520822065981613,1.3520822065981613,74.4186046511628,20.930232558139537,6.91,1.87,3.62,1.22,18.60465116,5.232558139534884,16.0,17.0,95.2,400.0,47.05882352941176,23.52941176470588,,0.0,0.0,0.0,25.0,12.5,11.75,3.0,0.0,0.75,58.0,20.0,5.46,1.88,4.42,1.25,14.499999999999998,5.0,400.0
127,Joel Payamps,MIL,0.0,27.770428015564203,27.770428015564203,257,4.918032786885246,4.918032786885246,0.0,3.278688524590164,21.311475409836067,,9.919907947130161,4.959953973565081,4.605671546881861,1.41712970673288,0.3542824266832201,0.5314236400248301,27.315175097276263,9.105058365758754,8.86,2.91,3.83,1.25,23.346303501945524,7.782101167315175,0.0,30.0,26.1,117.0,0.0,3.3333333333333335,,3.3333333333333335,13.333333333333334,0.0,26.495726495726498,17.094017094017094,17.094017094017094,3.418803418803419,0.8547008547008548,1.7094017094017095,24.0,9.0,8.2,3.08,6.84,1.52,20.5,7.7,117.0
128,Jordan Romano,PHI,0.0,44.30923694779116,44.30923694779116,249,5.084745762711865,5.084745762711865,0.0,38.983050847457626,6.779661016949152,,15.683618006161193,8.14341704166062,7.5402009645005705,2.412864308640183,0.6032160771600458,0.9048241157400686,47.31325301204819,17.27309236947791,9.62,3.46,3.89,1.26,25.301204819277107,9.236947791164658,0.0,49.0,42.2,187.0,4.081632653061225,8.16326530612245,,16.3265306122449,14.285714285714285,6.122448979591836,24.06417112299465,21.390374331550802,20.855614973262032,5.347593582887701,0.53475935828877,1.6042780748663104,47.0,17.0,9.91,3.59,8.23,1.45,25.1,9.1,187.0
129,Noah Cameron,KCR,7.513513513513513,105.18918918918918,131.86216216216215,148,7.142857142857144,7.142857142857144,2.5383491599707817,0.0,3.571428571428572,,86.30387143900657,40.61358655953251,38.07523739956172,10.153396639883127,2.5383491599707817,2.5383491599707817,120.2162162162162,37.567567567567565,8.15,2.55,3.8,1.25,21.62162162162162,6.756756756756757,24.0,24.0,138.1,556.0,37.5,29.166666666666668,,0.0,0.0,0.0,19.60431654676259,8.273381294964029,8.273381294964029,3.237410071942446,0.1798561151079137,0.539568345323741,114.0,43.0,7.42,2.8,2.99,1.1,20.5,7.7,556.0
130,Kody Funderburk,MIN,0.0,43.05882352941177,43.05882352941177,204,4.166666666666666,4.166666666666666,0.0,0.0,2.083333333333333,,19.34832756632064,9.234429065743946,8.354959630911187,2.198673587081892,0.4397347174163784,1.3192041522491351,43.05882352941177,17.044117647058822,8.95,3.49,3.55,1.3,23.52941176470588,9.31372549019608,0.0,39.0,41.0,183.0,10.256410256410255,2.564102564102564,,2.564102564102564,17.94871794871795,0.0,24.043715846994534,9.289617486338798,8.743169398907105,1.092896174863388,0.546448087431694,1.639344262295082,40.0,18.0,8.78,3.95,3.51,1.51,21.899999999999988,9.8,183.0
131,Will Warren,NYY,9.673469387755102,135.42857142857142,169.28571428571428,147,7.142857142857144,7.142857142857144,3.290295710120783,0.0,3.571428571428572,,108.57975843398584,52.64473136193253,46.064139941690954,13.161182840483132,3.290295710120783,6.580591420241566,164.44897959183672,48.36734693877551,8.83,2.68,3.72,1.24,23.12925170068027,6.802721088435375,33.0,33.0,162.1,711.0,27.27272727272727,24.242424242424242,,0.0,0.0,0.0,22.22222222222222,12.658227848101266,11.251758087201125,3.0942334739803097,0.0,0.5625879043600562,171.0,65.0,9.48,3.6,4.44,1.37,24.1,9.1,711.0
132,JT Brubaker,NYY,1.3245283018867924,20.750943396226415,27.417735849056605,265,6.382978723404255,6.382978723404255,0.1666073335706657,0.0,2.127659574468085,,9.996440014239944,5.164827340690638,4.665005339978641,1.4994660021359916,0.1666073335706657,0.49982200071199717,26.49056603773585,8.388679245283019,8.75,2.69,4.12,1.27,22.641509433962263,7.169811320754717,1.0,17.0,28.2,117.0,0.0,0.0,,0.0,0.0,0.0,19.65811965811966,10.256410256410255,10.256410256410255,0.0,0.8547008547008548,0.8547008547008548,22.0,12.0,6.91,3.77,3.77,1.22,18.8,10.3,117.0
135,Kyle Finnegan,,0.0,54.12727272727273,54.12727272727273,275,4.615384615384615,4.615384615384615,0.0,0.0,0.0,,18.168595041322316,9.084297520661158,8.478677685950412,2.119669421487603,0.6056198347107438,0.6056198347107438,54.12727272727273,19.985454545454544,9.02,3.29,3.83,1.29,23.636363636363637,8.727272727272728,0.0,56.0,57.0,229.0,7.142857142857142,7.142857142857142,,42.857142857142854,5.357142857142857,12.5,19.65065502183406,10.480349344978166,9.606986899563319,1.7467248908296942,0.8733624454148471,0.43668122270742354,55.0,18.0,8.68,2.84,3.47,1.11,24.0,7.9,229.0
137,Riley O'Brien,STL,0.0,46.342465753424655,46.342465753424655,219,5.88235294117647,3.9215686274509802,0.0,0.0,7.8431372549019605,,19.08634098538396,9.54317049269198,8.71332958028398,2.0746022810199953,0.4149204562039991,1.2447613686119972,46.342465753424655,21.80821917808219,8.96,4.16,3.74,1.36,23.28767123287671,10.95890410958904,0.0,42.0,48.0,199.0,7.142857142857142,2.380952380952381,,14.285714285714285,14.285714285714285,7.142857142857142,16.582914572864322,6.532663316582915,5.527638190954774,1.0050251256281406,1.0050251256281406,3.5175879396984926,45.0,22.0,8.44,4.13,2.06,1.15,22.6,11.1,199.0
138,Edwin Uceta,TBR,0.0,75.59782608695653,75.59782608695653,276,4.615384615384615,4.615384615384615,0.0,13.846153846153845,16.92307692307692,,23.597983616887213,12.641776937618147,11.798991808443606,3.371140516698172,0.8427851291745432,1.2641776937618148,80.25,30.23913043478261,9.6,3.59,3.88,1.26,25.0,9.420289855072465,0.0,70.0,76.0,321.0,14.285714285714285,4.285714285714286,,1.4285714285714286,30.0,7.142857142857142,19.314641744548286,10.2803738317757,9.968847352024921,3.4267912772585665,0.9345794392523363,2.4922118380062304,103.0,27.0,12.2,3.2,3.79,1.17,32.1,8.4,321.0
140,Sean Hjelle,SFG,0.0,17.14590747330961,17.14590747330961,281,4.545454545454546,4.545454545454546,0.0,0.0,19.696969696969695,,6.10174643178278,2.6810704018439484,2.4037182913083672,0.5547042210711618,0.18490140702372057,0.36980281404744114,14.548042704626337,4.4163701067615655,7.65,2.3,3.58,1.26,19.92882562,6.049822064056939,1.0,12.0,15.0,73.0,8.333333333333332,8.333333333333332,,0.0,0.0,0.0,28.767123287671232,17.80821917808219,17.80821917808219,2.73972602739726,2.73972602739726,0.0,11.0,9.0,6.6,5.4,7.8,2.0,15.1,12.3,73.0
141,Joey Wentz,PIT,0.0,103.08127208480563,103.08127208480563,283,4.545454545454546,4.545454545454546,0.0,0.0,12.121212121212123,,34.2169336613018,17.66035285744609,16.55658080385571,4.415088214361522,0.5518860267951904,1.1037720535903808,101.51943462897526,40.6077738515901,8.84,3.49,4.03,1.32,22.968197879858657,9.187279151943462,13.0,39.0,98.0,442.0,12.82051282051282,17.94871794871795,,0.0,0.0,2.564102564102564,24.8868778280543,14.93212669683258,13.800904977375566,2.48868778280543,0.6787330316742082,0.22624434389140274,92.0,43.0,8.45,3.95,5.6,1.56,20.8,9.69999999999999,442.0
142,Danny Coulombe,MIN,0.0,41.74883720930232,41.74883720930232,215,5.88235294117647,3.9215686274509802,0.0,0.0,7.8431372549019605,,17.89507842076798,8.75716603569497,7.995673336938886,2.284478096268253,0.3807463493780422,0.7614926987560844,43.3860465116279,13.91627906976744,9.27,2.94,3.7,1.25,24.651162790697676,7.906976744186046,1.0,55.0,43.0,176.0,3.6363636363636362,1.8181818181818181,,3.6363636363636362,16.363636363636363,0.0,18.181818181818183,6.25,6.25,1.7045454545454544,0.0,0.0,43.0,18.0,9.0,3.77,2.3,1.16,24.4,10.2,176.0
144,Tristan Beck,SFG,1.7709923664122138,48.70229007633588,54.900763358778626,262,5.454545454545454,5.454545454545454,0.337975642445079,0.0,12.727272727272728,,20.278538546704738,9.80129363090729,9.125342346017131,2.703805139560632,0.337975642445079,1.0139269273352367,48.70229007633588,15.053435114503817,7.96,2.44,3.93,1.24,20.99236641221374,6.488549618320611,1.0,31.0,56.2,232.0,3.225806451612903,0.0,,6.451612903225806,9.67741935483871,0.0,20.25862068965517,12.5,12.5,3.0172413793103448,0.0,0.8620689655172413,41.0,16.0,6.51,2.54,4.61,1.11,17.7,6.9,232.0
145,Landon Knack,LAD,1.9576719576719577,37.1957671957672,44.04761904761905,189,5.263157894736841,5.263157894736841,0.5179026343047507,0.0,2.6315789473684204,,21.751910640799533,11.393857954704515,10.875955320399767,3.625318440133255,0.5179026343047507,1.0358052686095014,45.026455026455025,12.724867724867725,9.15,2.7,4.19,1.23,24.33862433862434,6.878306878306878,7.0,10.0,42.1,185.0,30.0,20.0,,10.0,0.0,0.0,21.62162162162162,13.513513513513514,12.432432432432433,5.405405405405405,0.0,1.0810810810810811,42.0,19.0,8.93,4.04,4.89,1.39,22.69999999999999,10.3,185.0
147,Quinn Priester,BOS,0.0,154.6578947368421,154.6578947368421,152,5.555555555555556,5.555555555555556,0.0,0.0,2.777777777777778,,101.74861495844875,48.04795706371191,42.39525623268698,11.305401662049864,2.826350415512466,5.652700831024932,137.47368421052633,42.96052631578948,8.1,2.62,3.78,1.28,21.052631578947366,6.578947368421052,24.0,29.0,157.1,653.0,44.827586206896555,10.344827586206897,,0.0,0.0,0.0,22.2052067381317,9.494640122511486,8.88208269525268,2.756508422664625,0.0,0.9188361408882083,132.0,50.0,7.55,2.86,3.32,1.24,20.19999999999999,7.7,653.0
148,Graham Ashcraft,CIN,0.0,66.98113207547169,66.98113207547169,212,4.000000000000001,4.000000000000001,0.0,0.0,8.0,,32.858668565325736,15.797436810252757,14.53364186543254,4.423282306870772,0.6318974724101104,1.8956924172303307,57.60377358490566,17.41509433962264,7.79,2.3,4.1,1.29,20.28301886792453,6.132075471698113,0.0,62.0,65.1,284.0,12.903225806451612,8.064516129032258,,0.0,37.096774193548384,9.67741935483871,23.943661971830984,13.028169014084506,10.211267605633804,0.7042253521126761,0.0,0.0,64.0,25.0,8.82,3.44,3.99,1.42,22.5,8.799999999999999,284.0
149,Mike Burrows,PIT,5.4324324324324325,65.1891891891892,92.53243243243244,222,8.333333333333332,8.333333333333332,0.8156805454102751,0.0,2.7777777777777777,,41.59970781592403,22.023374726077428,20.392013635256877,5.709763817871926,0.8156805454102751,1.6313610908205503,83.29729729729729,34.4054054054054,7.98,3.25,4.35,1.34,20.72072072072072,8.558558558558559,19.0,23.0,96.0,402.0,8.695652173913043,17.391304347826086,,0.0,0.0,0.0,21.890547263681594,10.696517412935323,10.44776119402985,3.233830845771144,0.24875621890547264,1.2437810945273633,97.0,31.0,9.09,2.91,3.94,1.24,24.1,7.7,402.0
152,Bryan King,HOU,0.0,64.453125,64.453125,256,5.0,5.0,0.0,0.0,20.0,,23.07891845703125,11.32965087890625,10.49041748046875,2.93731689453125,0.41961669921875,1.25885009765625,64.453125,25.78125,8.98,3.62,3.77,1.32,23.4375,9.375,0.0,68.0,68.0,275.0,7.352941176470589,5.88235294117647,,2.941176470588235,39.705882352941174,4.411764705882353,21.818181818181817,7.636363636363637,7.636363636363637,3.6363636363636362,0.0,1.4545454545454546,69.0,11.0,9.13,1.46,2.78,1.04,25.1,4.0,275.0
153,Ryan Brasier,CHC,0.0,25.165289256198346,25.165289256198346,242,5.172413793103449,5.172413793103449,0.0,3.4482758620689653,22.413793103448278,,9.681715729799878,4.661566832866608,4.302984768799945,1.2550372242333174,0.17929103203333105,0.35858206406666215,24.73140495867769,7.37603305785124,8.9,2.63,3.76,1.22,23.553719008264466,7.024793388429752,1.0,28.0,26.0,105.0,0.0,3.571428571428571,,0.0,14.285714285714285,0.0,25.71428571428571,12.380952380952381,12.380952380952381,1.9047619047619049,0.0,0.0,20.0,5.0,6.92,1.73,4.5,1.23,19.0,4.8,105.0
155,Hoby Milner,TEX,0.0,69.08130081300814,69.08130081300814,246,5.1724137931034475,5.1724137931034475,0.0,0.0,18.96551724137931,,27.597660122942692,12.588406371868595,11.620067420186398,3.3891863308876995,0.4841694758410999,1.4525084275232998,61.9349593495935,19.056910569105693,8.13,2.56,3.76,1.27,21.138211382113823,6.504065040650407,0.0,73.0,70.1,293.0,4.10958904109589,5.47945205479452,,0.0,24.65753424657534,5.47945205479452,23.208191126279864,11.945392491467576,10.238907849829351,1.7064846416382253,1.023890784982935,0.6825938566552902,58.0,21.0,7.42,2.69,3.84,1.27,19.8,7.199999999999999,293.0
156,Anthony Banda,LAD,0.0,63.05882352941176,63.05882352941176,221,5.769230769230769,3.8461538461538463,0.0,0.0,13.461538461538463,,26.33852705718556,13.16926352859278,12.07182490121005,3.292315882148195,1.0974386273827317,1.6461579410740974,63.05882352941176,24.25339366515837,9.02,3.42,3.82,1.29,23.52941176470588,9.049773755656108,1.0,71.0,65.0,268.0,7.042253521126761,1.4084507042253522,,0.0,15.492957746478872,1.4084507042253522,16.791044776119403,8.582089552238806,8.582089552238806,2.9850746268656714,2.2388059701492535,0.7462686567164178,61.0,34.0,8.45,4.71,3.18,1.22,22.8,12.7,268.0
157,Ryan Thompson,ARI,0.0,40.98513011152416,40.98513011152416,269,4.761904761904763,4.761904761904763,0.0,0.0,20.63492063492064,,15.477950829866918,7.255289451500118,6.771603488066774,1.4510578903000235,0.4836859634333412,0.7255289451500118,33.17843866171004,13.011152416356875,7.32,2.85,3.96,1.34,18.95910780669145,7.434944237918216,0.0,48.0,41.1,175.0,6.25,4.166666666666666,,2.083333333333333,35.41666666666667,6.25,24.0,12.0,10.285714285714285,2.2857142857142856,1.1428571428571428,1.1428571428571428,36.0,13.0,7.84,2.83,3.92,1.33,20.6,7.4,175.0
160,Brenan Hanifee,DET,0.0,61.505376344086024,61.505376344086024,186,4.545454545454546,4.545454545454546,0.0,0.0,2.272727272727273,,33.06740663660539,15.03063938027518,13.527575442247661,3.0061278760550354,0.751531969013759,1.5030639380275177,48.9247311827957,16.774193548387096,7.21,2.43,3.71,1.27,18.817204301075268,6.451612903225806,0.0,54.0,60.0,260.0,5.555555555555555,5.555555555555555,,0.0,18.51851851851852,1.8518518518518516,25.0,11.923076923076923,7.6923076923076925,1.153846153846154,0.7692307692307693,0.7692307692307693,40.0,14.0,6.0,2.1,3.0,1.32,15.4,5.4,260.0
161,John Brebbia,,0.0,27.222222222222225,27.222222222222225,207,4.081632653061225,4.081632653061225,0.0,0.0,0.0,,12.077294685990339,6.17283950617284,5.904455179817499,1.8786902844873863,0.5367686527106817,0.5367686527106817,28.88888888888889,8.88888888888889,9.5,2.96,3.96,1.24,25.120772946859905,7.729468599033816,0.0,22.0,23.1,115.0,4.545454545454546,4.545454545454546,,0.0,9.090909090909092,0.0,24.347826086956523,20.0,17.391304347826086,4.3478260869565215,0.0,3.4782608695652173,26.0,12.0,10.03,4.63,7.71,1.71,22.6,10.4,115.0
162,Calvin Faucher,MIA,0.0,59.28044280442805,59.28044280442805,271,4.761904761904762,4.761904761904762,0.0,34.92063492063492,9.523809523809524,,20.138614670279544,10.416524829454936,9.374872346509443,2.4305224602061517,0.6944349886303292,1.0416524829454936,60.22140221402214,24.464944649446497,9.16,3.7,3.91,1.34,23.616236162361623,9.594095941,0.0,65.0,60.1,255.0,6.153846153846154,6.153846153846154,,23.076923076923077,10.76923076923077,7.6923076923076925,20.784313725490197,10.588235294117647,8.627450980392156,3.1372549019607843,0.0,1.1764705882352942,59.0,24.0,8.8,3.58,3.28,1.28,23.1,9.4,255.0
163,Paul Sewald,CLE,0.0,19.116,19.116,250,5.084745762711864,5.084745762711864,0.0,1.694915254237288,20.338983050847457,,6.8688,3.6287999999999996,3.3695999999999997,1.1663999999999999,0.2592,0.3888,21.06,6.48,9.89,3.05,4.02,1.23,26.0,8.0,0.0,22.0,19.2,81.0,4.545454545454546,4.545454545454546,,9.090909090909092,18.181818181818183,9.090909090909092,22.22222222222222,13.580246913580247,12.345679012345679,4.938271604938271,0.0,0.0,20.0,6.0,9.15,2.75,4.58,1.22,24.7,7.4,81.0
164,Julian Merryweather,CHC,0.0,20.8,20.8,220,5.769230769230769,3.8461538461538463,0.0,0.0,7.6923076923076925,,8.181818181818182,4.181818181818182,3.8181818181818183,1.090909090909091,0.18181818181818182,0.36363636363636365,22.8,8.4,9.92,3.58,3.69,1.27,25.90909090909091,9.545454545454549,0.0,21.0,18.2,88.0,0.0,4.761904761904762,,0.0,33.33333333333333,0.0,26.136363636363637,14.772727272727273,13.636363636363635,2.272727272727273,2.272727272727273,0.0,15.0,11.0,7.23,5.3,5.79,1.82,17.0,12.5,88.0
165,Andrew Kittredge,BAL,0.0,49.381294964028775,49.381294964028775,278,4.545454545454546,4.545454545454546,0.0,3.03030303030303,19.696969696969695,,17.224781326018324,8.343253454790126,7.8049790383520525,2.1530976657522904,0.5382744164380725,0.5382744164380725,45.64028776978417,14.215827338129497,8.36,2.62,3.9,1.26,21.942446043165468,6.834532374,0.0,54.0,53.0,208.0,7.4074074074074066,5.555555555555555,,9.25925925925926,27.77777777777778,1.8518518518518516,19.71153846153846,10.576923076923077,9.615384615384617,3.3653846153846154,0.4807692307692308,0.0,64.0,11.0,10.87,1.87,3.4,0.98,30.8,5.3,208.0
167,Emilio Pagan,CIN,0.0,63.52941176470589,63.52941176470589,272,4.687499999999999,4.687499999999999,0.0,4.687499999999999,18.749999999999993,,21.896626297577857,12.04314446366782,11.313256920415226,4.014381487889274,0.3649437716262976,0.7298875432525952,66.50735294117648,21.83823529411765,9.4,3.05,4.38,1.27,24.63235294117647,8.088235294117647,0.0,70.0,68.2,270.0,2.857142857142857,5.714285714285714,,45.714285714285715,2.857142857142857,8.571428571428571,15.185185185185185,9.62962962962963,8.148148148148149,3.7037037037037033,0.0,0.7407407407407408,81.0,22.0,10.62,2.88,2.88,0.92,30.0,8.1,270.0
169,Daniel Lynch IV,KCR,2.312,60.111999999999995,68.204,250,5.769230769230769,5.769230769230769,0.4624,0.0,7.6923076923076925,,27.744000000000003,13.4096,12.484799999999998,3.2367999999999992,0.9248,0.9248,55.488,18.496,7.3,2.45,4.09,1.3,19.2,6.4,2.0,57.0,67.2,289.0,10.526315789473683,3.508771929824561,,1.7543859649122806,12.280701754385964,0.0,22.837370242214533,8.304498269896193,7.958477508650519,2.768166089965398,0.34602076124567477,2.0761245674740483,45.0,26.0,5.99,3.46,3.06,1.36,15.6,9.0,289.0
171,Manuel Rodriguez,TBR,0.0,28.388461538461534,28.388461538461534,260,4.918032786885247,4.918032786885247,0.0,3.278688524590165,21.311475409836067,,10.20266272189349,5.011834319526627,4.474852071005916,1.07396449704142,0.35798816568047337,0.53698224852071,27.45769230769231,10.703846153846154,8.76,3.4,3.73,1.31,22.692307692307693,8.846153846153847,0.0,31.0,30.1,121.0,3.225806451612903,6.451612903225806,,0.0,35.483870967741936,0.0,21.487603305785125,7.43801652892562,5.785123966942149,1.6528925619834711,0.0,0.8264462809917356,25.0,6.0,7.42,1.78,2.08,1.05,20.7,5.0,121.0
172,Kevin Kelly,TBR,0.0,40.45982142857142,40.45982142857142,224,5.660377358490567,5.660377358490567,0.0,0.0,9.433962264150944,,17.721619897959183,8.179209183673468,7.4976084183673475,1.7040019132653061,0.3408003826530612,1.3632015306122447,35.879464285714285,11.450892857142856,7.96,2.49,3.73,1.25,20.982142857142858,6.696428571428571,0.0,41.0,39.2,171.0,4.878048780487805,12.195121951219512,,0.0,12.195121951219512,9.75609756097561,26.31578947368421,16.95906432748538,15.204678362573098,6.432748538011696,0.5847953216374269,0.0,35.0,9.0,7.94,2.04,5.9,1.36,20.5,5.3,171.0
177,Greg Weissert,BOS,0.0,64.90272373540856,64.90272373540856,257,5.0,5.0,0.0,0.0,20.0,,24.4121788369241,12.62698905358143,11.78518978334267,2.9462974458356674,0.8417992702387621,1.2626989053581432,62.73929961089494,24.87937743190661,8.66,3.41,4.16,1.35,22.56809338521401,8.949416342412452,0.0,72.0,67.0,278.0,8.333333333333332,8.333333333333332,,5.555555555555555,23.61111111111111,12.5,20.503597122302157,9.712230215827338,7.553956834532374,2.158273381294964,0.3597122302158274,1.079136690647482,57.0,21.0,7.66,2.82,2.82,1.16,20.5,7.6,278.0
178,Shane Smith,CHW,0.0,144.2882882882883,144.2882882882883,222,3.846153846153846,5.769230769230769,0.0,0.0,11.538461538461538,,61.24502881259638,31.24746367989611,28.747666585504422,8.749289830370913,1.2498985471958446,3.7496956415875338,138.73873873873873,52.72072072072072,8.57,3.24,4.02,1.31,22.52252252252252,8.558558558558559,29.0,29.0,146.1,616.0,24.137931034482758,27.586206896551722,,0.0,0.0,0.0,18.993506493506494,11.363636363636363,10.064935064935066,2.75974025974026,0.16233766233766234,1.948051948051948,145.0,58.0,8.92,3.57,3.81,1.2,23.5,9.4,616.0
179,Victor Vodnik,COL,0.0,49.10034602076124,49.10034602076124,289,4.545454545454545,4.545454545454545,0.0,4.545454545454545,16.666666666666664,,16.989739107529843,9.009710132780976,8.237449264256893,2.0593623160642234,0.5148405790160558,0.7722608685240837,47.61245674740484,23.06228373702422,8.76,4.16,4.37,1.46,22.145328719723185,10.726643598615915,0.0,52.0,50.2,215.0,7.6923076923076925,5.769230769230769,,19.230769230769234,13.461538461538462,9.615384615384617,20.930232558139537,8.837209302325581,7.906976744186046,1.8604651162790697,0.9302325581395349,0.0,49.0,26.0,8.7,4.62,3.02,1.4,22.8,12.1,215.0
180,Andrew Chafin,,0.0,33.14163090128755,33.14163090128755,233,5.555555555555555,5.555555555555555,0.0,0.0,0.0,,12.643445265155004,6.585127742268231,6.058317522886773,1.5804306581443752,0.2634051096907292,0.5268102193814584,36.21030042918455,14.72961373390558,9.84,4.0,3.79,1.33,25.321888412017167,10.300429184549357,0.0,42.0,33.2,143.0,2.380952380952381,2.380952380952381,,0.0,9.523809523809524,0.0,20.27972027972028,7.6923076923076925,6.293706293706294,1.3986013986013985,0.0,0.0,36.0,19.0,9.62,5.08,2.41,1.43,25.2,13.3,143.0
182,Tyler Phillips,PHI,0.0,73.54644808743168,73.54644808743168,183,4.651162790697675,4.651162790697675,0.0,0.0,2.3255813953488373,,41.12395114813819,19.62734032070232,17.758069813968763,4.673176266833885,0.934635253366777,1.869270506733554,56.44262295081967,22.23497267759563,6.9,2.64,4.04,1.32,18.03278689,7.103825136612022,1.0,54.0,77.2,313.0,3.7037037037037033,1.8518518518518516,,7.4074074074074066,14.814814814814813,0.0,20.766773162939298,8.30670926517572,7.667731629392971,2.5559105431309903,0.0,0.6389776357827476,52.0,24.0,6.03,2.78,2.78,1.15,16.6,7.7,313.0
183,Tyler Kinley,COL,0.0,71.42028985507247,71.42028985507247,276,4.6875,4.6875,0.0,28.125,9.375,,25.068262969964294,13.747111951270744,12.938458307078346,3.6389413988657844,0.40432682209619825,1.2129804662885948,73.65217391304348,29.01449275362319,9.34,3.68,4.51,1.37,23.91304347826087,9.420289855072465,0.0,73.0,72.2,308.0,8.21917808219178,4.10958904109589,,4.10958904109589,17.80821917808219,4.10958904109589,17.20779220779221,11.363636363636363,10.38961038961039,1.948051948051948,1.2987012987012987,0.974025974025974,73.0,33.0,9.04,4.09,3.96,1.18,23.7,10.7,308.0
184,Max Lazar,PHI,0.0,39.719626168224295,39.719626168224295,214,4.0,4.0,0.0,0.0,8.0,,18.560572975805744,9.280286487902872,8.537863568870645,2.5984802166128045,0.37121145951611495,0.7424229190322299,32.570093457943926,13.504672897196262,7.35,2.98,4.2,1.33,19.158878504672895,7.943925233644859,0.0,36.0,41.1,170.0,2.7777777777777777,2.7777777777777777,,2.7777777777777777,2.7777777777777777,0.0,24.11764705882353,13.529411764705882,12.941176470588237,4.117647058823529,0.0,0.0,26.0,12.0,5.66,2.61,4.79,1.28,15.3,7.1,170.0
186,Scott Barlow,,0.0,70.35955056179776,70.35955056179776,267,4.838709677419355,4.838709677419355,0.0,0.0,0.0,,24.226739048099986,12.32588477885789,11.47582375962631,2.975213567310525,0.8500610192315785,1.2750915288473679,72.62921348314607,29.505617977528093,9.35,3.79,3.93,1.33,23.97003745318352,9.737827715355806,1.0,75.0,68.1,303.0,8.0,4.0,,1.3333333333333335,21.333333333333336,1.3333333333333335,16.5016501650165,11.55115511551155,10.561056105610561,2.6402640264026402,0.9900990099009901,1.9801980198019802,75.0,45.0,9.88,5.93,4.21,1.39,24.8,14.9,303.0
187,Carson Whisenhunt,SFG,1.59375,18.328125,23.9859375,128,8.695652173913043,8.695652173913043,0.62255859375,0.0,4.3478260869565215,,16.80908203125,8.09326171875,7.470703125,1.86767578125,0.62255859375,0.62255859375,24.703125,8.765625,9.28,3.27,3.6,1.25,24.21875,8.59375,5.0,5.0,23.1,102.0,40.0,20.0,,0.0,0.0,0.0,21.568627450980394,13.725490196078432,12.745098039215685,5.88235294117647,0.0,1.9607843137254901,16.0,12.0,6.17,4.63,5.01,1.46,15.7,11.8,102.0
188,Jorge Lopez,WSN,0.0,24.747081712062258,24.747081712062258,257,5.0,5.0,0.0,23.333333333333332,13.333333333333334,,9.308240851489046,4.654120425744523,4.333146603279384,1.1234083786279883,0.4814607336977093,0.641947644930279,21.859922178988327,8.66147859922179,7.88,3.22,3.99,1.33,20.622568093385212,8.171206225680933,0.0,26.0,24.2,106.0,23.076923076923077,0.0,,3.8461538461538463,19.230769230769234,11.538461538461538,23.58490566037736,16.9811320754717,16.9811320754717,0.9433962264150944,0.0,2.8301886792452833,17.0,7.0,6.2,2.55,6.57,1.3,16.0,6.6000000000000005,106.0
189,Tommy Kahnle,DET,0.0,62.19277108433735,62.19277108433735,249,5.172413793103448,5.172413793103448,0.0,3.4482758620689653,17.241379310344826,,22.39318720665796,11.19659360332898,10.335317172303672,2.583829293075918,0.4306382155126531,1.291914646537959,62.19277108433735,25.734939759036145,9.06,3.79,3.69,1.32,23.293172690763058,9.638554217,0.0,66.0,63.0,267.0,1.5151515151515151,7.575757575757576,,13.636363636363635,24.242424242424242,7.575757575757576,19.101123595505616,11.985018726591761,11.610486891385769,2.9962546816479403,0.0,0.37453183520599254,50.0,31.0,7.14,4.43,4.43,1.3,18.7,11.599999999999987,267.0
190,Porter Hodge,CHC,0.0,34.3,34.3,270,4.761904761904763,4.761904761904763,0.0,17.46031746031746,15.873015873015872,,10.888888888888888,5.847736625514402,5.242798353909466,1.4115226337448559,0.20164609053497942,0.6049382716049383,37.02222222222222,15.788888888888888,9.76,4.14,3.76,1.32,25.185185185185183,10.74074074074074,0.0,36.0,33.0,147.0,5.555555555555555,5.555555555555555,,5.555555555555555,22.22222222222222,8.333333333333332,23.12925170068027,16.3265306122449,15.646258503401361,6.122448979591836,0.6802721088435374,0.0,40.0,18.0,10.91,4.91,6.27,1.58,27.200000000000003,12.2,147.0
191,Cooper Criswell,BOS,1.1347517730496457,14.751773049645392,18.269503546099298,141,7.692307692307694,7.692307692307694,0.4023942457622856,0.0,3.846153846153846,,14.083798601679998,6.840702177958856,6.43830793219657,1.6095769830491424,0.4023942457622856,0.8047884915245714,14.751773049645392,5.1063829787234045,7.07,2.46,4.31,1.34,18.439716312056735,6.382978723404255,1.0,7.0,17.2,80.0,14.285714285714285,0.0,,14.285714285714285,0.0,0.0,28.749999999999996,12.5,8.75,3.75,0.0,0.0,9.0,5.0,4.58,2.55,3.57,1.58,11.3,6.3,80.0
195,John King,STL,0.0,51.976190476190474,51.976190476190474,252,5.084745762711865,5.084745762711865,0.0,0.0,20.33898305084746,,21.674225245653815,9.438775510204081,8.39002267573696,1.7479213907785336,0.3495842781557067,0.6991685563114135,36.11904761904762,15.857142857142858,6.31,2.69,3.72,1.35,16.26984126984127,7.142857142857142,0.0,51.0,48.1,222.0,3.9215686274509802,1.9607843137254901,,0.0,5.88235294117647,1.9607843137254901,29.27927927927928,13.513513513513514,11.26126126126126,3.6036036036036037,0.0,0.0,28.0,14.0,5.21,2.61,4.66,1.63,12.6,6.3,222.0
199,Wandy Peralta,SDP,0.0,73.13084112149532,73.13084112149532,214,6.000000000000001,4.0,0.0,0.0,8.0,,32.12289282906804,15.719713512097128,14.352781902349552,3.4173290243689403,0.6834658048737879,2.0503974146213646,65.8177570093458,30.714953271028037,8.14,3.72,3.74,1.35,21.02803738317757,9.813084112149532,1.0,71.0,71.2,313.0,8.450704225352112,1.4084507042253522,,0.0,5.633802816901409,1.4084507042253522,21.08626198083067,9.26517571884984,7.987220447284344,1.5974440894568689,0.9584664536741214,0.6389776357827476,63.0,30.0,7.91,3.77,3.14,1.34,20.1,9.6,313.0
200,Ryan Fernandez,STL,0.0,32.971014492753625,32.971014492753625,276,4.615384615384616,4.615384615384616,0.0,1.5384615384615385,24.615384615384617,,10.8433102289435,5.513547574039068,5.145977735769797,1.2864944339424491,0.3675698382692712,0.3675698382692712,32.46376811594203,13.18840579710145,8.83,3.61,3.81,1.31,23.18840579710145,9.420289855072465,0.0,32.0,30.1,140.0,0.0,12.5,,3.125,12.5,3.125,25.71428571428571,21.428571428571427,18.571428571428573,4.285714285714286,1.4285714285714286,0.7142857142857143,34.0,16.0,10.09,4.75,7.71,1.71,24.3,11.4,140.0
201,Seth Halvorsen,COL,0.0,39.34657039711191,39.34657039711191,277,4.761904761904763,4.761904761904763,0.0,14.285714285714288,12.698412698412698,,14.655475765355993,8.116878885427935,7.4404723116422735,1.80375086342843,0.4509377158571074,0.6764065737856613,35.59927797833935,16.862815884476532,8.16,3.88,4.73,1.46,20.577617328519857,9.747292418772563,0.0,42.0,39.2,173.0,2.380952380952381,4.761904761904762,,26.190476190476193,9.523809523809524,7.142857142857142,23.699421965317917,15.028901734104046,12.716763005780345,4.046242774566474,0.5780346820809248,0.0,36.0,21.0,8.17,4.76,4.99,1.56,20.8,12.1,173.0
202,Brendon Little,TOR,0.0,68.54771784232366,68.54771784232366,241,5.357142857142857,5.357142857142857,0.0,0.0,17.857142857142858,,27.42721371877206,12.697784129061137,11.681961398736249,2.031645460649782,0.5079113651624457,1.015822730324891,59.9792531120332,29.377593360995853,7.8,3.93,3.62,1.4,20.33195020746888,9.958506224,0.0,79.0,68.1,295.0,5.063291139240507,2.5316455696202533,,1.2658227848101267,37.9746835443038,3.79746835443038,16.271186440677965,9.491525423728813,7.796610169491526,0.6779661016949152,1.3559322033898304,0.6779661016949152,91.0,45.0,11.99,5.93,3.03,1.36,30.8,15.3,295.0
204,Jose Butto,NYM,0.0,66.51301115241637,66.51301115241637,269,4.761904761904761,4.761904761904761,0.0,1.5873015873015877,25.396825396825395,,22.371166788739792,11.38182169953428,10.596868478876743,3.1398128826301464,0.39247661032876835,1.1774298309863047,66.51301115241637,24.282527881040895,9.04,3.26,3.89,1.27,23.42007434944238,8.550185873605948,0.0,55.0,67.0,284.0,9.090909090909092,5.454545454545454,,1.8181818181818181,10.909090909090908,7.2727272727272725,21.830985915492956,10.915492957746478,10.211267605633804,1.4084507042253522,0.7042253521126761,0.7042253521126761,58.0,32.0,7.79,4.3,3.9,1.4,20.4,11.3,284.0
207,Brandon Young,BAL,3.261146496815287,48.9171974522293,60.494267515923575,157,6.666666666666667,6.666666666666667,1.0385816868838493,0.0,3.3333333333333335,,37.38894072781858,18.69447036390929,17.655888677025438,5.1929084344192455,1.0385816868838493,1.0385816868838493,57.07006369426752,17.936305732484076,8.53,2.6,4.0,1.24,22.29299363057325,7.006369426751593,12.0,12.0,57.2,256.0,8.333333333333332,58.333333333333336,,0.0,0.0,0.0,26.171875,16.40625,15.625,4.6875,0.0,0.0,47.0,22.0,7.34,3.43,6.24,1.54,18.4,8.6,256.0
209,Scott Alexander,,0.0,18.95744680851064,18.95744680851064,188,4.545454545454545,4.545454545454545,0.0,0.0,0.0,,10.083748302399275,4.5835219556360345,4.12516976007243,0.9167043911272068,0.4583521955636034,0.4583521955636034,15.51063829787234,6.462765957446808,7.28,3.04,3.75,1.35,19.148936170212767,7.97872340425532,0.0,21.0,17.2,81.0,4.761904761904762,4.761904761904762,,0.0,14.285714285714285,4.761904761904762,28.39506172839506,14.814814814814813,14.814814814814813,6.172839506172839,0.0,1.2345679012345678,8.0,9.0,4.08,4.58,6.11,1.81,9.9,11.1,81.0
215,Ryne Stanek,NYM,0.0,60.1219512195122,60.1219512195122,246,5.172413793103448,5.172413793103448,0.0,0.0,20.689655172413797,,20.226055919095774,10.955780289510212,10.11302795954789,2.9496331548681343,0.8427523299623241,0.8427523299623241,68.41463414634147,24.87804878048781,10.26,3.8,3.78,1.26,26.82926829268293,9.756097561,0.0,65.0,56.0,255.0,6.153846153846154,9.230769230769232,,4.615384615384616,16.923076923076923,7.6923076923076925,21.96078431372549,15.294117647058824,12.941176470588237,2.7450980392156863,0.0,0.0,58.0,32.0,9.32,5.14,5.3,1.57,22.69999999999999,12.5,255.0
218,Sam Moll,CIN,0.0,18.741176470588233,18.741176470588233,255,5.084745762711865,5.084745762711865,0.0,0.0,18.644067796610173,,6.851211072664359,3.612456747404844,3.3633217993079585,0.9965397923875432,0.2491349480968858,0.37370242214532867,19.058823529411764,7.941176470588235,9.13,3.74,4.06,1.35,23.52941176470588,9.803921568627452,0.0,23.0,18.1,81.0,4.3478260869565215,0.0,,0.0,8.695652173913043,0.0,19.753086419753085,19.753086419753085,16.049382716049383,4.938271604938271,0.0,0.0,22.0,10.0,10.8,4.91,6.38,1.42,27.200000000000003,12.3,81.0
223,Luke Jackson,,0.0,50.93023255813954,50.93023255813954,172,5.0,5.0,0.0,0.0,0.0,,26.649540292049757,14.065035154137373,12.584505137912386,2.961060032449973,0.7402650081124933,1.4805300162249866,52.20348837209303,21.645348837209305,9.28,3.86,3.86,1.34,23.837209302325583,9.883720930232558,0.0,52.0,51.0,219.0,3.8461538461538463,9.615384615384617,,17.307692307692307,7.6923076923076925,3.8461538461538463,18.72146118721461,13.698630136986301,10.50228310502283,1.82648401826484,2.28310502283105,1.36986301369863,38.0,28.0,6.71,4.94,4.06,1.35,17.4,12.8,219.0
225,Justin Topa,MIN,0.0,62.32558139534884,62.32558139534884,215,4.0,4.0,0.0,0.0,2.0,,28.408869659275286,13.914548404542995,12.755002704164415,2.8988642509464575,0.5797728501892916,1.1595457003785832,54.84651162790698,21.190697674418605,7.94,3.14,3.92,1.34,20.46511627906977,7.906976744186046,1.0,54.0,60.0,268.0,1.8518518518518516,9.25925925925926,,7.4074074074074066,7.4074074074074066,7.4074074074074066,25.37313432835821,11.940298507462686,9.701492537313433,0.7462686567164178,1.1194029850746268,1.4925373134328357,49.0,18.0,7.35,2.7,3.9,1.43,18.3,6.7,268.0
228,Alexis Diaz,CIN,0.0,19.454225352112676,19.454225352112676,284,4.615384615384616,4.615384615384616,0.0,43.07692307692307,4.615384615384616,,6.217764332473715,3.6885042650267805,3.3723467565959133,1.053858361436223,0.21077167228724458,0.42154334457448916,21.25,9.278169014084506,9.81,4.3,4.49,1.38,25.0,10.915492957746478,0.0,18.0,17.2,85.0,5.555555555555555,0.0,,0.0,22.22222222222222,0.0,17.647058823529413,20.0,18.823529411764707,7.0588235294117645,0.0,5.88235294117647,17.0,12.0,8.66,6.11,8.15,1.53,20.0,14.099999999999998,85.0
230,Jonathan Bowlan,KCR,0.0,42.272727272727266,42.272727272727266,132,6.451612903225806,6.451612903225806,0.0,0.0,3.225806451612903,,33.05785123966942,16.52892561983471,14.46280991735537,4.132231404958677,1.0330578512396693,1.0330578512396693,34.090909090909086,12.272727272727272,7.37,2.65,4.17,1.31,18.939393939393938,6.8181818181818175,1.0,34.0,44.1,180.0,2.941176470588235,5.88235294117647,,0.0,5.88235294117647,0.0,20.555555555555554,11.666666666666666,10.555555555555555,3.3333333333333335,0.0,0.0,46.0,17.0,9.34,3.45,3.86,1.22,25.6,9.4,180.0
231,Shawn Dubin,HOU,0.0,33.83333333333333,33.83333333333333,240,5.3571428571428585,5.3571428571428585,0.0,0.0,12.5,,12.838541666666664,6.796874999999999,6.041666666666667,1.5104166666666667,0.2517361111111111,0.7552083333333334,34.4375,14.5,9.18,3.88,3.93,1.34,23.75,10.0,0.0,30.0,33.2,145.0,6.666666666666667,0.0,,0.0,26.666666666666668,3.3333333333333335,25.517241379310345,13.10344827586207,13.10344827586207,4.137931034482759,0.0,1.3793103448275863,28.0,11.0,7.49,2.94,5.08,1.43,19.3,7.6,145.0
233,Bryan Baker,BAL,0.0,63.97969543147208,63.97969543147208,197,4.3478260869565215,4.3478260869565215,0.0,0.0,2.1739130434782608,,29.652915560823516,15.532479579478986,14.120435981344533,4.23613079440336,0.7060217990672266,1.4120435981344532,66.76142131979695,26.426395939086294,9.38,3.69,4.0,1.31,24.36548223350254,9.64467005076142,0.0,73.0,68.2,274.0,5.47945205479452,5.47945205479452,,4.10958904109589,26.027397260273972,8.21917808219178,21.532846715328464,12.043795620437956,11.313868613138686,4.744525547445255,0.0,0.0,83.0,17.0,10.88,2.23,4.06,1.11,30.3,6.2,274.0
234,Zack Kelly,BOS,0.0,35.2317880794702,35.2317880794702,151,5.714285714285714,5.714285714285714,0.0,0.0,2.857142857142857,,21.332397701855182,11.332836279110566,10.666198850927591,2.666549712731898,0.6666374281829744,1.333274856365949,36.23841059602649,16.105960264900663,9.36,4.12,4.05,1.38,23.841059602649008,10.596026490066226,0.0,28.0,35.1,152.0,3.571428571428571,10.714285714285714,,0.0,10.714285714285714,7.142857142857142,23.026315789473685,13.815789473684212,11.842105263157894,1.9736842105263157,0.6578947368421052,1.9736842105263157,35.0,12.0,8.92,3.06,4.58,1.33,23.0,7.9,152.0
236,Taijuan Walker,PHI,5.703180212014134,96.95406360424028,123.94911660777386,283,5.88235294117647,7.8431372549019605,0.6717526751488968,0.0,1.9607843137254901,,45.67918191012499,23.51134363021139,22.167838279913596,6.717526751488968,0.6717526751488968,2.0152580254466907,96.95406360424028,39.92226148409894,6.94,2.86,4.49,1.35,18.02120141342756,7.420494699646643,21.0,34.0,123.2,538.0,14.705882352941178,23.52941176470588,,2.941176470588235,5.88235294117647,5.88235294117647,24.53531598513011,11.524163568773234,10.408921933085502,3.903345724907063,0.0,0.7434944237918215,86.0,42.0,6.26,3.06,4.08,1.41,16.0,7.8,538.0
237,Brandon Eisert,CHW,0.0,71.39999999999999,71.39999999999999,120,3.571428571428572,3.571428571428572,0.0,0.0,3.571428571428572,,57.375,27.625,25.5,8.5,2.125,2.125,66.3,25.5,8.28,3.31,3.97,1.33,21.666666666666668,8.333333333333332,3.0,72.0,69.2,306.0,4.166666666666666,11.11111111111111,,2.7777777777777777,11.11111111111111,4.166666666666666,24.509803921568626,11.76470588235294,11.11111111111111,3.9215686274509802,1.9607843137254901,1.6339869281045754,74.0,25.0,9.56,3.23,4.39,1.44,24.2,8.19999999999999,306.0
238,Cam Booser,CHW,0.0,33.330827067669176,33.330827067669176,266,4.838709677419355,4.838709677419355,0.0,0.0,16.129032258064516,,11.519871106337272,6.0630900559669865,5.6588840522358534,1.8189270167900957,0.40420600373113236,0.40420600373113236,34.40601503759399,13.439849624060152,9.3,3.66,4.05,1.32,24.06015037593985,9.398496240601505,0.0,39.0,31.0,143.0,5.128205128205128,10.256410256410255,,2.564102564102564,20.51282051282051,7.6923076923076925,19.58041958041958,15.384615384615385,13.286713286713287,5.594405594405594,0.6993006993006993,1.3986013986013985,35.0,19.0,10.16,5.52,5.52,1.52,24.5,13.3,143.0
239,Dennis Santana,PIT,0.0,62.52631578947368,62.52631578947368,285,4.545454545454546,4.545454545454546,0.0,3.0303030303030303,18.181818181818183,,20.941828254847643,10.969529085872574,9.972299168975068,2.3268698060941824,0.6648199445983379,0.9972299168975068,58.73684210526316,25.57894736842105,8.48,3.73,4.14,1.37,21.75438596491228,9.473684210526317,0.0,70.0,70.1,270.0,5.714285714285714,7.142857142857142,,22.857142857142858,17.142857142857142,4.285714285714286,16.296296296296298,6.666666666666667,6.296296296296296,1.8518518518518516,0.0,1.1111111111111112,60.0,17.0,7.68,2.18,2.18,0.87,22.2,6.3,270.0
240,Michael Tonkin,MIN,0.0,24.122676579925653,24.122676579925653,269,4.761904761904762,4.761904761904762,0.0,0.0,19.047619047619047,,8.398170285098326,4.412597946407596,4.1279142079296856,1.1387349539116374,0.14234186923895467,0.42702560771686404,23.739776951672862,8.806691449814126,8.88,3.28,4.1,1.3,23.04832713754647,8.550185873605948,0.0,21.0,24.0,103.0,9.523809523809524,4.761904761904762,,0.0,9.523809523809524,4.761904761904762,19.41747572815534,12.62135922330097,12.62135922330097,2.912621359223301,0.0,4.854368932038835,19.0,8.0,7.13,3.0,4.88,1.17,18.4,7.8,103.0
241,Jacob Lopez,ATH,0.0,93.88235294117648,93.88235294117648,153,5.555555555555555,5.555555555555555,0.0,0.0,2.7777777777777777,,54.54312443931821,27.271562219659106,25.567089580930414,6.817890554914777,1.7044726387286941,3.4089452774573883,93.88235294117648,36.509803921568626,8.88,3.6,3.79,1.29,23.52941176470588,9.150326797,17.0,21.0,92.2,399.0,33.33333333333333,33.33333333333333,,0.0,0.0,0.0,20.30075187969925,11.779448621553884,10.526315789473683,3.7593984962406015,0.0,2.0050125313283207,113.0,37.0,10.97,3.59,4.08,1.27,28.299999999999997,9.3,399.0
243,Carlos Hernandez,KCR,0.0,47.25925925925927,47.25925925925927,189,4.545454545454545,4.545454545454545,0.0,0.0,2.2727272727272725,,23.300019596315895,12.502449539486578,11.36586321771507,2.8414658044287675,0.5682931608857535,1.136586321771507,47.25925925925927,19.333333333333336,9.01,3.69,4.14,1.34,23.28042328042328,9.523809523809524,0.0,41.0,43.1,203.0,2.4390243902439024,0.0,,0.0,2.4390243902439024,0.0,24.63054187192118,15.763546798029557,14.77832512315271,1.9704433497536946,0.49261083743842365,0.9852216748768473,39.0,22.0,8.1,4.57,6.23,1.66,19.2,10.8,203.0
244,Cionel Perez,BAL,0.0,25.560165975103732,25.560165975103732,241,5.3571428571428585,5.3571428571428585,0.0,0.0,12.5,,9.848315283827757,4.924157641913879,4.3559856063084315,0.946953392675746,0.18939067853514915,0.5681720356054477,23.734439834024897,11.41078838174274,8.39,3.99,3.77,1.38,21.57676348547718,10.37344398340249,0.0,19.0,21.2,110.0,0.0,0.0,,0.0,0.0,0.0,25.454545454545453,20.0,18.181818181818183,2.727272727272727,0.9090909090909091,1.8181818181818181,21.0,18.0,8.72,7.48,8.31,2.12,19.1,16.399999999999988,110.0
245,Jacob Misiorowski,MIL,2.863636363636364,47.72727272727273,62.14090909090909,286,6.000000000000001,8.0,0.33375715193897015,0.0,2.0,,19.024157660521297,11.013986013986015,10.012714558169105,2.6700572155117612,0.33375715193897015,1.6687857596948508,66.81818181818183,31.5,9.65,4.48,4.18,1.38,24.475524475524477,11.538461538461538,14.0,15.0,66.0,273.0,33.33333333333333,20.0,,0.0,0.0,0.0,18.681318681318682,12.454212454212454,11.72161172161172,2.93040293040293,0.0,1.098901098901099,87.0,31.0,11.86,4.23,4.36,1.24,31.9,11.4,273.0
246,Tony Santillan,CIN,0.0,69.46153846153847,69.46153846153847,260,5.0,5.0,0.0,1.6666666666666667,20.0,,24.044378698224854,13.803254437869825,12.912721893491124,4.007396449704142,0.44526627218934917,1.3357988165680474,77.56538461538462,31.25769230769231,10.03,4.05,4.3,1.35,25.769230769230766,10.384615384615383,0.0,80.0,73.2,301.0,1.25,6.25,,8.75,41.25,5.0,17.60797342192691,7.641196013289036,6.64451827242525,2.3255813953488373,0.0,1.6611295681063125,75.0,29.0,9.16,3.54,2.44,1.11,24.9,9.6,301.0
247,Hunter Bigge,TBR,0.0,13.924050632911394,13.924050632911394,237,5.454545454545454,5.454545454545454,0.0,0.0,12.727272727272727,,5.2342039203119155,2.884153180580036,2.6705122042407736,0.7477434171874164,0.10682048816963091,0.21364097633926188,14.683544303797468,6.582278481012659,9.48,4.25,4.07,1.36,24.47257383966245,10.970464135021098,0.0,13.0,15.0,60.0,0.0,0.0,,0.0,7.6923076923076925,7.6923076923076925,18.333333333333332,6.666666666666667,6.666666666666667,6.666666666666667,0.0,1.6666666666666667,12.0,5.0,7.2,3.0,2.4,1.07,20.0,8.3,60.0
248,Kendall Graveman,,0.0,18.949579831932773,18.949579831932773,238,5.454545454545453,5.454545454545453,0.0,0.0,0.0,,7.527716969140598,3.9086222724383877,3.61909469670221,0.8685827272085304,0.1447637878680884,0.4342913636042652,18.26050420168067,7.92436974789916,8.68,3.82,4.04,1.37,22.268907563025213,9.663865546218489,0.0,19.0,17.2,82.0,5.263157894736842,0.0,,0.0,5.263157894736842,0.0,28.04878048780488,17.073170731707318,17.073170731707318,2.4390243902439024,0.0,1.2195121951219512,9.0,12.0,4.58,6.11,7.13,1.98,11.0,14.6,82.0
249,Enyel De Los Santos,ATL,0.0,65.53191489361701,65.53191489361701,141,6.060606060606061,6.060606060606061,0.0,0.0,3.0303030303030303,,43.65977566520799,22.534077762687993,21.125697902519995,5.633519440671998,1.4083798601679993,2.816759720335999,67.5177304964539,23.829787234042552,9.31,3.4,4.05,1.3,24.113475177304963,8.510638298,0.0,65.0,66.0,280.0,9.230769230769232,4.615384615384616,,0.0,9.230769230769232,3.076923076923077,21.785714285714285,12.5,11.428571428571429,2.5,0.7142857142857143,0.7142857142857143,62.0,24.0,8.45,3.27,4.36,1.29,22.1,8.6,280.0
250,Jacob Latz,TEX,0.0,80.42016806722688,80.42016806722688,238,5.454545454545454,5.454545454545454,0.0,0.0,16.363636363636363,,30.1038062283737,16.587811595226324,15.359084810394746,4.300543746910528,1.2287267848315795,1.2287267848315795,83.34453781512605,38.01680672268907,9.4,4.19,4.08,1.36,23.949579831932773,10.92436974789916,8.0,33.0,85.2,348.0,6.0606060606060606,0.0,,3.0303030303030303,3.0303030303030303,0.0,19.82758620689655,8.045977011494253,7.758620689655173,2.0114942528735633,0.5747126436781609,0.0,76.0,37.0,7.98,3.89,2.84,1.24,21.8,10.6,348.0
251,Dauri Moreta,PIT,0.0,15.866666666666667,15.866666666666667,180,4.761904761904762,4.761904761904762,0.0,0.0,2.3809523809523805,,7.975308641975308,4.197530864197531,3.987654320987654,1.0493827160493827,0.2098765432098765,0.41975308641975306,16.62222222222222,6.4222222222222225,9.41,3.72,4.09,1.32,24.444444444444443,9.444444444444445,0.0,18.0,16.2,68.0,5.555555555555555,5.555555555555555,,0.0,11.11111111111111,5.555555555555555,23.52941176470588,11.76470588235294,8.823529411764707,2.941176470588235,1.4705882352941175,0.0,19.0,7.0,10.26,3.78,3.24,1.38,27.89999999999999,10.3,68.0
252,Tyler Ferguson,ATH,0.0,57.338345864661655,57.338345864661655,266,4.838709677419355,4.838709677419355,0.0,1.6129032258064515,24.193548387096776,,19.122053253434338,10.082537169992651,9.387189778958675,2.4337158686189158,0.6953473910339759,1.043021086550964,58.26315789473684,25.894736842105264,9.13,4.13,3.88,1.34,23.684210526315788,10.526315789473683,0.0,56.0,58.0,246.0,7.142857142857142,3.571428571428571,,3.571428571428571,19.642857142857142,5.357142857142857,17.479674796747968,13.008130081300814,12.195121951219512,1.6260162601626018,0.8130081300813009,1.6260162601626018,54.0,34.0,8.38,5.28,4.66,1.33,22.0,13.8,246.0
253,Phil Maton,,0.0,57.36654804270463,57.36654804270463,281,4.615384615384616,4.615384615384616,0.0,0.0,0.0,,19.78698344752473,10.364610377274857,9.736452172591534,2.512632818733299,0.6281582046833247,1.5703955117083117,52.0711743772242,21.18149466192171,8.22,3.37,4.23,1.34,20.99644128113879,8.540925266903916,0.0,63.0,61.1,248.0,6.349206349206349,7.936507936507936,,7.936507936507936,34.92063492063492,7.936507936507936,16.93548387096774,8.46774193548387,7.661290322580645,1.2096774193548387,0.8064516129032258,2.82258064516129,81.0,23.0,11.89,3.38,2.79,1.06,32.7,9.3,248.0
254,Daniel Palencia,CHC,0.0,50.787401574803155,50.787401574803155,127,6.666666666666667,3.3333333333333335,0.0,0.0,3.3333333333333335,,33.32506665013331,17.329034658069318,15.996031992063983,3.999007998015996,1.333002666005332,1.333002666005332,57.55905511811024,23.700787401574804,10.19,4.11,3.67,1.29,26.77165354330709,11.023622047244094,0.0,54.0,52.2,215.0,1.8518518518518516,11.11111111111111,,40.74074074074074,11.11111111111111,5.555555555555555,20.46511627906977,8.837209302325581,7.906976744186046,2.3255813953488373,0.46511627906976744,0.9302325581395349,61.0,16.0,10.42,2.73,2.91,1.14,28.4,7.4,215.0
255,Evan Sisk,KCR,0.0,18.421052631578945,18.421052631578945,152,5.714285714285714,5.714285714285714,0.0,0.0,2.857142857142857,,11.772853185595569,5.886426592797784,5.193905817174515,1.0387811634349031,0.3462603878116343,0.6925207756232686,16.842105263157894,8.421052631578947,8.15,4.02,3.96,1.42,21.052631578947366,10.526315789473683,0.0,19.0,17.2,80.0,5.263157894736842,5.263157894736842,,0.0,10.526315789473683,0.0,20.0,8.75,8.75,1.25,0.0,2.5,25.0,10.0,12.74,5.09,3.57,1.47,31.3,12.5,80.0
258,Ryan Borucki,PIT,0.0,33.95569620253165,33.95569620253165,158,5.405405405405405,5.405405405405405,0.0,0.0,2.7027027027027026,,20.32927415478289,9.87421887518026,9.29338247075789,2.3233456176894727,0.5808364044223682,1.1616728088447363,32.120253164556964,12.848101265822784,8.5,3.37,3.89,1.32,22.151898734177212,8.860759493670885,0.0,39.0,35.0,145.0,2.564102564102564,7.6923076923076925,,0.0,17.94871794871795,7.6923076923076925,20.0,13.793103448275861,12.413793103448276,2.7586206896551726,0.6896551724137931,0.6896551724137931,32.0,16.0,8.23,4.11,4.63,1.29,22.1,11.0,145.0
260,Hector Neris,,0.0,28.902255639097746,28.902255639097746,266,4.838709677419355,4.838709677419355,0.0,0.0,0.0,,9.814008705975464,5.2575046639154275,4.907004352987732,1.402001243710781,0.35050031092769524,0.5257504663915428,30.300751879699245,11.654135338345863,9.42,3.68,4.06,1.31,24.43609022556391,9.398496240601505,0.0,35.0,26.2,124.0,8.571428571428571,5.714285714285714,,0.0,20.0,5.714285714285714,23.387096774193548,20.161290322580644,16.129032258064516,4.838709677419355,0.8064516129032258,0.8064516129032258,35.0,16.0,11.81,5.4,6.75,1.69,28.199999999999996,12.9,124.0
262,Chase Lee,DET,0.0,34.8235294117647,34.8235294117647,102,4.166666666666667,4.166666666666667,0.0,0.0,4.166666666666667,,31.295655517108806,15.647827758554403,14.225297962322184,2.8450595924644366,1.4225297962322183,1.4225297962322183,33.372549019607845,11.607843137254902,8.49,3.12,3.67,1.27,22.54901960784314,7.84313725490196,0.0,32.0,37.1,148.0,12.5,3.125,,0.0,12.5,3.125,21.62162162162162,11.486486486486488,11.486486486486488,4.72972972972973,0.6756756756756757,1.3513513513513513,36.0,9.0,8.68,2.17,4.1,1.1,24.3,6.1,148.0
263,Beau Brieske,DET,0.0,24.192170818505335,24.192170818505335,281,4.545454545454546,4.545454545454546,0.0,15.151515151515152,15.151515151515152,,7.826648598675296,4.0437684426489025,3.7828801560263927,1.0435531464900394,0.26088828662250985,0.26088828662250985,23.459074733096084,8.797153024911031,8.77,3.28,3.9,1.28,22.77580071174377,8.540925266903916,1.0,22.0,22.0,103.0,4.545454545454546,13.636363636363635,,4.545454545454546,22.727272727272727,4.545454545454546,23.300970873786408,19.41747572815534,15.53398058252427,4.854368932038835,0.9708737864077669,0.0,16.0,12.0,6.55,4.91,6.55,1.64,15.5,11.69999999999999,103.0
264,Cristian Javier,HOU,0.0,37.46590909090909,37.46590909090909,88,4.761904761904762,4.761904761904762,0.0,0.0,4.761904761904762,,36.492768595041326,20.273760330578515,18.246384297520663,6.082128099173554,0.0,2.0273760330578514,41.034090909090914,12.488636363636363,9.92,3.01,4.01,1.2,26.136363636363637,7.954545454545454,8.0,8.0,37.0,157.0,25.0,50.0,,0.0,0.0,0.0,20.382165605095544,14.012738853503185,12.101910828025478,1.910828025477707,0.0,0.6369426751592357,34.0,15.0,8.27,3.65,4.62,1.27,21.7,9.6,157.0
266,Jose Ruiz,PHI,0.0,18.483018867924528,18.483018867924528,265,4.838709677419355,4.838709677419355,0.0,0.0,16.129032258064516,,6.524741901032397,3.374866500533998,3.1498754004983978,0.8999644001423994,0.11249555001779993,0.22499110003559986,17.88679245283019,7.154716981132076,8.72,3.46,4.1,1.32,22.641509433962263,9.056603773584904,0.0,18.0,16.1,79.0,5.555555555555555,0.0,,0.0,16.666666666666664,0.0,29.11392405063291,21.518987341772153,20.253164556962027,3.79746835443038,0.0,0.0,15.0,9.0,8.27,4.96,8.82,1.96,19.0,11.4,79.0
267,Brad Lord,WSN,10.5,89.25,126.525,104,5.88235294117647,5.88235294117647,5.048076923076923,0.0,5.88235294117647,,121.15384615384615,60.57692307692307,55.52884615384615,15.144230769230768,0.0,5.048076923076923,99.75,42.0,7.23,3.08,4.16,1.33,18.269230769230766,7.6923076923076925,19.0,48.0,130.2,546.0,10.416666666666668,20.833333333333336,,0.0,14.583333333333334,0.0,23.076923076923077,11.904761904761903,11.538461538461538,3.1135531135531136,0.0,0.5494505494505495,108.0,43.0,7.44,2.96,4.34,1.29,19.8,7.9,546.0
268,Tyler Rogers,SFG,0.0,70.23489932885906,70.23489932885906,298,4.285714285714286,4.285714285714286,0.0,1.4285714285714286,20.000000000000004,,24.915544344849334,11.447682536822668,10.437592901220667,2.6935723616053333,0.33669654520066666,1.3467861808026667,50.167785234899334,17.057046979865774,6.43,2.14,4.0,1.29,16.778523489932887,5.704697986577181,0.0,81.0,77.1,299.0,4.938271604938271,7.4074074074074066,,0.0,39.50617283950617,2.4691358024691357,22.073578595317723,6.688963210702341,5.68561872909699,1.3377926421404682,0.0,0.33444816053511706,48.0,7.0,5.59,0.81,1.98,0.94,16.1,2.3,299.0
270,Richard Fitts,BOS,2.199248120300752,34.454887218045116,45.52443609022557,266,6.382978723404255,6.382978723404255,0.2755950025439539,0.0,2.127659574468085,,18.189270167900958,9.094635083950479,8.54344507886257,2.4803550228955853,0.2755950025439539,0.5511900050879079,35.92105263157895,12.462406015037594,7.06,2.44,4.46,1.32,18.421052631578945,6.390977443609022,10.0,11.0,45.0,195.0,18.181818181818183,36.36363636363637,,0.0,0.0,0.0,22.05128205128205,13.846153846153847,12.82051282051282,5.641025641025641,0.0,1.5384615384615385,40.0,16.0,8.0,3.2,5.0,1.31,20.5,8.19999999999999,195.0
271,Chad Green,TOR,0.0,45.0,45.0,266,4.761904761904762,4.761904761904762,0.0,7.936507936507938,19.047619047619047,,15.843179377013964,8.324382384532761,7.787325456498389,2.4167561761546725,0.5370569280343717,0.5370569280343717,44.285714285714285,13.571428571428571,8.79,2.73,4.08,1.24,23.308270676691727,7.142857142857142,0.0,45.0,43.2,190.0,6.666666666666667,4.444444444444445,,2.2222222222222223,15.555555555555555,0.0,26.842105263157894,14.736842105263156,14.210526315789473,7.368421052631578,1.0526315789473684,1.0526315789473684,35.0,13.0,7.21,2.68,5.56,1.47,18.4,6.800000000000001,190.0
272,Nic Enright,CLE,0.0,30.01818181818182,30.01818181818182,220,5.769230769230769,5.769230769230769,0.0,0.0,9.615384615384613,,12.595041322314051,6.559917355371901,6.035123966942148,1.836776859504132,0.262396694214876,0.524793388429752,30.595454545454544,9.813636363636364,9.14,2.9,3.97,1.24,24.09090909090909,7.727272727272727,0.0,27.0,31.0,127.0,7.4074074074074066,3.7037037037037033,,3.7037037037037033,11.11111111111111,3.7037037037037033,18.89763779527559,6.299212598425196,5.511811023622047,2.3622047244094486,0.0,1.574803149606299,30.0,12.0,8.71,3.48,2.03,1.16,23.6,9.4,127.0
273,Carson Seymour,SFG,0.0,37.016949152542374,37.016949152542374,118,3.571428571428571,3.571428571428571,0.0,0.0,3.571428571428571,,30.249928181557024,13.444412525136453,12.324044814708419,3.361103131284114,1.120367710428038,1.120367710428038,31.728813559322035,10.576271186440678,7.77,2.64,3.63,1.27,20.33898305084746,6.779661016949152,3.0,16.0,36.0,156.0,6.25,18.75,,0.0,6.25,0.0,23.717948717948715,13.461538461538462,12.179487179487179,5.769230769230769,0.0,0.641025641025641,26.0,13.0,6.5,3.25,4.75,1.39,16.69999999999999,8.3,156.0
276,Justin Wrobleski,LAD,0.0,66.0,66.0,140,6.0606060606060606,6.0606060606060606,0.0,0.0,3.0303030303030303,,45.714285714285715,22.857142857142858,21.428571428571427,7.142857142857142,1.4285714285714286,1.4285714285714286,62.0,22.0,8.38,3.06,4.07,1.3,22.142857142857142,7.857142857142857,2.0,24.0,66.2,280.0,20.833333333333336,20.833333333333336,,8.333333333333332,25.0,0.0,23.214285714285715,12.142857142857142,11.428571428571429,2.142857142857143,0.35714285714285715,1.0714285714285714,76.0,17.0,10.26,2.3,4.32,1.23,27.1,6.1,280.0
277,Josh Simpson,MIA,0.0,34.78089887640449,34.78089887640449,178,4.878048780487805,4.878048780487805,0.0,0.0,2.4390243902439024,,17.6335058704709,9.055043555106678,8.57846231536422,1.906324958969827,0.47658123974245675,0.9531624794849135,35.62921348314607,16.96629213483146,9.22,4.29,3.91,1.38,23.59550561797753,11.235955056179774,0.0,31.0,30.2,151.0,12.903225806451612,6.451612903225806,,0.0,6.451612903225806,6.451612903225806,22.516556291390728,18.543046357615893,16.55629139072848,3.3112582781456954,1.3245033112582782,1.9867549668874174,36.0,22.0,10.57,6.46,7.34,1.83,23.799999999999997,14.6,151.0
278,Brooks Raley,,0.0,23.153225806451612,23.153225806451612,124,3.4482758620689653,3.4482758620689653,0.0,0.0,0.0,,17.38423517169615,9.01404786680541,8.370187304890738,2.575442247658689,0.6438605619146722,1.2877211238293444,22.354838709677416,8.782258064516128,8.79,3.46,3.96,1.31,22.58064516129032,8.870967741935484,0.0,30.0,25.2,99.0,10.0,3.3333333333333335,,0.0,33.33333333333333,0.0,14.14141414141414,7.07070707070707,7.07070707070707,0.0,0.0,2.0202020202020203,25.0,6.0,8.77,2.1,2.45,0.78,25.3,6.1,99.0
279,Erik Sabrowski,CLE,0.0,28.151020408163262,28.151020408163262,245,5.2631578947368425,5.2631578947368425,0.0,0.0,19.29824561403509,,9.877551020408163,5.241149521032903,4.837984173261141,1.411078717201166,0.20158267388588083,0.4031653477717618,32.10204081632653,13.828571428571427,10.23,4.45,3.83,1.35,26.53061224489796,11.428571428571429,0.0,33.0,29.1,121.0,0.0,3.0303030303030303,,0.0,36.36363636363637,0.0,11.570247933884298,6.6115702479338845,4.958677685950414,1.6528925619834711,0.0,2.479338842975207,42.0,21.0,12.89,6.44,1.84,1.19,34.699999999999996,17.4,121.0
280,Eduard Bazardo,SEA,0.0,74.52380952380952,74.52380952380952,210,4.0,4.0,0.0,0.0,2.0,,31.93877551020408,15.614512471655328,14.195011337868483,4.258503401360544,0.7097505668934241,1.4195011337868482,73.03333333333333,25.33809523809524,8.8,3.03,3.69,1.24,23.333333333333332,8.095238095238095,0.0,73.0,78.2,313.0,6.8493150684931505,0.0,,0.0,16.43835616438356,1.36986301369863,16.93290734824281,7.348242811501597,7.0287539936102235,2.8753993610223643,0.6389776357827476,0.6389776357827476,82.0,27.0,9.38,3.09,2.52,1.02,26.200000000000003,8.6,313.0
281,Jake Bird,COL,0.0,56.36363636363636,56.36363636363636,220,4.0,6.000000000000001,0.0,0.0,8.0,,27.15702479338843,14.347107438016529,13.322314049586776,3.074380165289256,0.512396694214876,1.537190082644628,49.599999999999994,22.545454545454543,7.86,3.66,4.64,1.46,20.0,9.090909090909092,0.0,48.0,55.1,248.0,8.333333333333332,4.166666666666666,,0.0,20.833333333333336,12.5,24.193548387096776,14.919354838709678,13.709677419354838,2.82258064516129,1.6129032258064515,1.2096774193548387,66.0,25.0,10.73,4.07,5.53,1.54,26.6,10.099999999999987,248.0
282,Huascar Brazoban,NYM,0.0,60.99470899470899,60.99470899470899,189,4.545454545454546,4.545454545454546,0.0,0.0,2.272727272727273,,28.605022255815904,15.40270429159318,13.93578007334621,3.667310545617424,0.7334621091234849,1.4669242182469697,60.99470899470899,27.724867724867725,9.06,4.04,3.87,1.34,23.28042328042328,10.582010582010582,3.0,52.0,63.0,262.0,9.615384615384617,3.8461538461538463,,3.8461538461538463,23.076923076923077,7.6923076923076925,19.46564885496183,11.068702290076336,9.541984732824428,2.2900763358778624,0.38167938931297707,1.5267175572519083,57.0,27.0,8.14,3.86,3.57,1.24,21.8,10.3,262.0
285,Tim Mayza,PIT,0.0,17.02928870292887,17.02928870292887,239,5.454545454545453,5.454545454545453,0.0,0.0,7.272727272727273,,7.513874056826735,3.4978379230055494,3.2387388175977305,0.7772973162234553,0.25909910540781844,0.25909910540781844,13.313807531380752,6.192468619246862,7.03,3.22,4.09,1.41,17.99163179916318,8.368200836820083,0.0,15.0,16.2,74.0,0.0,0.0,,0.0,0.0,0.0,22.972972972972975,9.45945945945946,9.45945945945946,2.7027027027027026,0.0,2.7027027027027026,15.0,5.0,8.1,2.7,3.78,1.32,20.3,6.800000000000001,74.0
286,Tommy Nance,TOR,0.0,29.327586206896555,29.327586206896555,232,5.555555555555555,5.555555555555555,0.0,0.0,12.96296296296296,,12.407104637336506,6.320600475624258,5.618311533888229,1.4045778834720573,0.46819262782401905,0.7022889417360286,26.06896551724138,10.31896551724138,7.99,3.2,4.08,1.34,20.689655172413794,8.189655172413794,0.0,30.0,31.2,126.0,6.666666666666667,0.0,,0.0,16.666666666666664,0.0,19.841269841269842,8.73015873015873,5.555555555555555,0.0,0.0,0.7936507936507936,32.0,7.0,9.09,1.99,1.99,1.01,25.4,5.59999999999999,126.0
287,Bennett Sousa,HOU,0.0,46.35795454545454,46.35795454545454,176,4.878048780487805,4.878048780487805,0.0,0.0,2.4390243902439024,,24.412448347107436,12.206224173553718,11.56379132231405,3.2121642561983474,0.6424328512396693,1.2848657024793386,45.22727272727273,19.221590909090907,8.69,3.65,3.93,1.34,22.727272727272727,9.659090909090908,0.0,44.0,50.2,199.0,11.363636363636363,2.272727272727273,,9.090909090909092,15.909090909090908,4.545454545454546,18.592964824120603,9.045226130653267,8.040201005025125,2.0100502512562812,0.0,0.0,59.0,15.0,10.48,2.66,2.84,1.03,29.6,7.5,199.0
288,Hunter Gaddis,CLE,0.0,64.52898550724638,64.52898550724638,276,4.615384615384616,4.615384615384616,0.0,0.0,26.153846153846157,,22.300987187565635,11.510186935517748,10.79080025204789,3.5969334173492977,0.3596933417349296,1.079080025204789,60.55797101449275,18.86231884057971,8.51,2.58,4.14,1.24,22.10144927536232,6.884057971014493,0.0,73.0,66.2,274.0,2.73972602739726,2.73972602739726,,4.10958904109589,47.94520547945205,5.47945205479452,21.16788321167883,8.75912408759124,8.394160583941606,2.9197080291970803,0.7299270072992701,0.36496350364963503,73.0,21.0,9.86,2.84,3.11,1.19,26.6,7.7,274.0
289,Mason Montgomery,TBR,0.0,49.56521739130435,49.56521739130435,253,5.0,5.0,0.0,1.6666666666666667,20.0,,17.631895514693248,8.815947757346624,8.162914590135761,2.6121326688434436,0.32651658360543045,0.9795497508162915,50.391304347826086,17.347826086956523,9.08,3.21,3.76,1.25,24.110671936758894,8.300395256916996,0.0,57.0,46.0,209.0,1.7543859649122806,5.263157894736842,,1.7543859649122806,17.543859649122805,5.263157894736842,23.444976076555022,15.311004784688995,13.875598086124402,2.8708133971291865,0.0,0.4784688995215311,63.0,27.0,12.33,5.28,5.67,1.65,30.1,12.9,209.0
290,Carmen Mlodzinski,PIT,0.0,96.81439393939394,96.81439393939394,264,4.918032786885247,4.918032786885247,0.0,1.639344262295082,19.672131147540988,,36.07093663911846,18.63665059687787,17.434286042240586,4.208275941230487,1.2023645546372819,1.803546831955923,88.87878787878788,38.09090909090909,8.19,3.52,4.21,1.37,21.21212121212121,9.090909090909092,12.0,34.0,99.0,419.0,14.705882352941178,23.52941176470588,,0.0,8.823529411764707,2.941176470588235,24.3436754176611,10.023866348448687,9.307875894988067,1.9093078758949882,0.0,0.9546539379474941,89.0,27.0,8.09,2.45,3.55,1.3,21.2,6.4,419.0
292,Brent Headrick,MIN,0.0,21.933774834437088,21.933774834437088,151,5.555555555555555,5.555555555555555,0.0,0.0,2.7777777777777777,,13.315205473444147,6.8593482741985,6.052366124292795,2.0174553747642645,0.40349107495285297,0.8069821499057059,21.933774834437088,6.701986754966887,9.01,2.77,3.87,1.23,23.841059602649008,7.284768212,0.0,17.0,23.0,92.0,0.0,0.0,,0.0,5.88235294117647,0.0,18.478260869565215,8.695652173913043,8.695652173913043,4.3478260869565215,1.0869565217391304,1.0869565217391304,30.0,7.0,11.74,2.74,3.13,1.04,32.6,7.6,92.0
294,Fraser Ellard,CHW,0.0,16.92988929889299,16.92988929889299,271,4.838709677419354,4.838709677419354,0.0,8.064516129032258,20.96774193548387,,5.844147002355633,3.123595811603873,2.821312345964788,0.8060892417042251,0.20152231042605628,0.3022834656390844,16.11070110701107,8.191881918819188,8.54,4.36,4.13,1.42,21.771217712177123,11.07011070110701,3.0,18.0,17.0,74.0,5.555555555555555,11.11111111111111,,0.0,11.11111111111111,0.0,10.81081081081081,12.162162162162163,10.81081081081081,1.3513513513513513,0.0,1.3513513513513513,22.0,19.0,11.65,10.06,4.24,1.59,29.7,25.7,74.0
295,Colton Gordon,HOU,6.828828828828829,64.87387387387388,89.11621621621623,111,5.263157894736842,5.263157894736842,3.076049021994968,0.0,5.263157894736842,,76.9012255498742,39.98863728593459,36.91258826393962,12.304196087979873,0.0,3.076049021994968,78.53153153153154,27.315315315315317,7.93,2.75,4.12,1.27,20.72072072072072,7.207207207207207,14.0,20.0,86.0,379.0,30.0,20.0,,5.0,0.0,0.0,27.176781002638524,14.24802110817942,13.456464379947231,5.540897097625329,0.5277044854881267,0.5277044854881267,72.0,19.0,7.53,1.99,5.34,1.42,19.0,5.0,379.0
297,Chad Patrick,MIL,8.337016574585636,75.03314917127072,116.99613259668509,181,7.4074074074074066,7.4074074074074066,1.5353621684319771,0.0,3.7037037037037033,,64.48521107414304,33.7779677055035,32.24260553707152,10.747535179023838,1.5353621684319771,3.0707243368639543,102.8232044198895,33.348066298342545,7.88,2.62,4.35,1.27,20.441988950276244,6.629834254143646,23.0,27.0,119.2,503.0,11.11111111111111,29.629629629629626,,0.0,3.7037037037037033,0.0,22.46520874751491,9.74155069582505,9.343936381709742,2.584493041749503,0.19880715705765406,0.7952286282306162,127.0,40.0,9.55,3.01,3.53,1.28,25.2,8.0,503.0
298,Trent Thornton,SEA,0.0,42.61484098939929,42.61484098939929,283,4.477611940298507,4.477611940298507,0.0,0.0,20.8955223880597,,13.70974790545518,6.967248935559189,6.517749004232792,2.022749690968797,0.22474996566319966,0.674249896989599,41.97879858657244,13.992932862190813,8.83,2.92,3.83,1.24,23.32155477031802,7.773851590106007,0.0,33.0,42.1,180.0,6.0606060606060606,0.0,,0.0,15.151515151515152,3.0303030303030303,22.77777777777778,12.777777777777777,12.222222222222221,3.3333333333333335,1.1111111111111112,2.2222222222222223,32.0,14.0,6.8,2.98,4.68,1.3,17.8,7.8,180.0
305,Hunter Stratton,PIT,0.0,20.6219512195122,20.6219512195122,82,5.263157894736842,5.263157894736842,0.0,0.0,5.263157894736842,,23.825104104699587,11.912552052349794,11.912552052349794,2.647233789411065,0.0,1.3236168947055327,19.53658536585366,7.597560975609756,8.45,3.43,4.15,1.33,21.951219512195124,8.536585365853659,0.0,15.0,19.0,89.0,6.666666666666667,6.666666666666667,,6.666666666666667,20.0,6.666666666666667,25.842696629213485,13.48314606741573,12.359550561797752,3.3707865168539324,0.0,3.3707865168539324,16.0,7.0,7.58,3.32,5.21,1.58,18.0,7.9,89.0
306,Ronny Henriquez,MIN,0.0,70.91489361702128,70.91489361702128,94,4.545454545454546,4.545454545454546,0.0,0.0,4.545454545454546,,75.4413761883205,37.72068809416025,34.29153463105477,10.287460389316431,3.429153463105478,3.429153463105478,61.244680851063826,25.78723404255319,7.79,3.11,4.03,1.33,20.212765957446805,8.510638298,0.0,69.0,73.0,303.0,10.144927536231885,1.4492753623188406,,10.144927536231885,37.68115942028986,5.797101449275362,17.491749174917494,7.590759075907591,5.9405940594059405,2.6402640264026402,0.6600660066006601,1.3201320132013201,98.0,27.0,12.08,3.33,2.22,1.1,32.29999999999999,8.9,303.0
309,Stephen Kolek,SDP,0.0,107.83625730994152,107.83625730994152,171,5.0,5.0,0.0,0.0,2.5,,61.485585308299974,29.9545159194282,26.80140898054102,6.306213877774357,1.5765534694435892,3.1531069388871784,91.66081871345028,37.74269005847953,7.59,3.14,3.87,1.32,19.883040935672515,8.187134502923977,19.0,19.0,112.2,461.0,26.31578947368421,36.84210526315789,,0.0,0.0,0.0,21.25813449023861,10.629067245119305,9.544468546637743,1.9522776572668112,0.21691973969631237,1.5184381778741864,77.0,31.0,6.15,2.48,3.51,1.14,16.69999999999999,6.7,461.0
310,Carlos Carrasco,NYY,0.0,50.15053763440861,50.15053763440861,93,4.545454545454546,4.545454545454546,0.0,0.0,4.545454545454546,,53.92530928431033,26.962654642155165,24.51150422014106,7.353451266042319,2.4511504220141056,2.4511504220141056,45.59139784946237,13.677419354838712,8.26,2.33,4.01,1.25,21.50537634408602,6.451612903225806,9.0,11.0,45.2,212.0,18.181818181818183,18.181818181818183,,0.0,0.0,0.0,28.77358490566038,16.9811320754717,16.9811320754717,4.716981132075472,0.0,0.0,34.0,17.0,6.7,3.35,7.09,1.71,16.0,8.0,212.0
311,Grant Anderson,MIL,0.0,70.1103448275862,70.1103448275862,145,5.88235294117647,5.88235294117647,0.0,0.0,2.941176470588235,,45.507728894173596,24.175980975029727,22.753864447086798,7.110582639714626,1.4221165279429249,2.8442330558858497,68.04827586206896,26.806896551724137,8.82,3.39,4.13,1.3,22.758620689655174,8.965517241,0.0,66.0,69.2,299.0,3.0303030303030303,9.090909090909092,,0.0,9.090909090909092,3.0303030303030303,19.732441471571907,11.705685618729097,8.361204013377927,2.6755852842809364,1.0033444816053512,0.6688963210702341,74.0,29.0,9.56,3.75,3.23,1.26,24.7,9.69999999999999,299.0
313,Connor Phillips,CIN,0.0,22.56115107913669,22.56115107913669,139,6.25,6.25,0.0,0.0,3.125,,14.709383572278867,8.115521970912477,7.608301847730449,2.53610061591015,0.5072201231820298,1.0144402463640596,23.97122302158273,9.8705035971223,9.66,4.03,4.31,1.36,24.46043165467626,10.071942446043163,0.0,21.0,25.0,98.0,23.809523809523807,0.0,,0.0,4.761904761904762,0.0,11.224489795918368,9.183673469387756,8.16326530612245,3.061224489795918,0.0,2.0408163265306123,32.0,12.0,11.52,4.32,2.88,0.92,32.7,12.2,98.0
314,Edgardo Henriquez,LAD,0.0,17.93103448275862,17.93103448275862,174,5.0,5.0,0.0,0.0,2.5,,9.532302814110187,5.152596115735236,4.894966309948474,1.5457788347205708,0.2576298057867618,0.5152596115735236,18.379310344827587,8.517241379310345,9.18,4.24,4.3,1.38,23.563218390804597,10.919540229885058,0.0,22.0,19.0,78.0,9.090909090909092,4.545454545454546,,4.545454545454546,22.727272727272727,9.090909090909092,21.794871794871796,6.41025641025641,6.41025641025641,2.564102564102564,0.0,0.0,18.0,5.0,8.53,2.37,2.37,1.16,23.1,6.4,78.0
316,Nick Sandlin,TOR,0.0,16.02755905511811,16.02755905511811,254,5.084745762711865,5.084745762711865,0.0,0.0,20.33898305084746,,5.668361336722674,3.101556203112406,2.8876557753115506,0.8556017112034224,0.2139004278008556,0.3208506417012834,16.84251968503937,7.062992125984253,9.41,3.93,4.07,1.33,24.409448818897637,10.236220472440944,0.0,19.0,16.1,69.0,0.0,10.526315789473683,,5.263157894736842,26.31578947368421,15.789473684210526,15.942028985507244,10.144927536231885,5.797101449275362,2.898550724637681,0.0,2.898550724637681,16.0,8.0,8.82,4.41,2.2,1.16,23.19999999999999,11.599999999999987,69.0
319,Jimmy Herget,COL,0.0,80.2110552763819,80.2110552763819,199,4.347826086956522,4.347826086956522,0.0,0.0,2.173913043478261,,42.93578444988763,23.65849347238706,21.906012474432462,6.133683492841089,1.752480997954597,1.752480997954597,66.26130653266331,24.412060301507537,7.51,2.75,4.88,1.38,19.09547738693467,7.035175879396985,0.0,59.0,83.1,347.0,1.694915254237288,3.389830508474576,,0.0,15.254237288135593,1.694915254237288,20.7492795389049,6.9164265129683,6.628242074927954,1.729106628242075,0.2881844380403458,2.0172910662824206,81.0,26.0,8.75,2.81,2.48,1.18,23.3,7.5,347.0
323,Jordan Leasure,CHW,0.0,61.69724770642202,61.69724770642202,218,4.0,6.000000000000001,0.0,0.0,8.0,,26.603400387172798,14.716774682265802,13.58471509132228,3.962208568302332,0.5660297954717617,1.1320595909435234,60.46330275229358,28.38073394495413,8.84,4.17,4.41,1.4,22.47706422018349,10.550458715596331,1.0,68.0,64.1,269.0,7.352941176470589,8.823529411764707,,10.294117647058822,20.588235294117645,7.352941176470589,18.21561338289963,11.152416356877323,10.408921933085502,4.4609665427509295,0.37174721189591076,0.37174721189591076,81.0,30.0,11.33,4.2,3.92,1.23,30.1,11.19999999999999,269.0
327,Cole Sulser,TBR,0.0,20.952380952380953,20.952380952380953,189,4.545454545454546,4.545454545454546,0.0,0.0,2.2727272727272725,,10.330057949105566,5.542957923910305,5.039052658100277,1.511715797430083,0.2519526329050138,0.5039052658100278,19.52380952380952,8.571428571428571,8.46,3.7,4.08,1.34,21.693121693121693,9.523809523809524,0.0,18.0,22.2,90.0,11.11111111111111,5.555555555555555,,0.0,0.0,5.555555555555555,22.22222222222222,5.555555555555555,5.555555555555555,1.1111111111111112,1.1111111111111112,0.0,22.0,7.0,8.74,2.78,1.99,1.19,24.4,7.8,90.0
328,Travis Adams,MIN,2.7964601769911503,26.56637168141593,36.49380530973451,113,5.263157894736842,5.263157894736842,1.2373717597305975,0.0,5.263157894736842,,34.64640927245673,17.323204636228365,16.085832876497765,4.94948703892239,0.0,1.2373717597305975,27.964601769911503,11.1858407079646,6.76,2.77,4.42,1.36,17.699115044247787,7.079646017699115,2.0,18.0,33.2,158.0,5.555555555555555,22.22222222222222,,0.0,11.11111111111111,5.555555555555555,24.68354430379747,18.354430379746837,17.72151898734177,3.79746835443038,0.0,1.89873417721519,31.0,17.0,8.29,4.54,7.49,1.66,19.6,10.8,158.0
331,Logan Henderson,MIL,0.0,23.571428571428573,23.571428571428573,42,10.0,0.0,0.0,0.0,10.0,,50.51020408163266,28.061224489795922,22.448979591836736,5.612244897959184,0.0,0.0,25.92857142857143,7.071428571428571,9.65,2.61,3.82,1.18,26.190476190476193,7.142857142857142,5.0,5.0,25.1,99.0,60.0,0.0,,0.0,0.0,0.0,17.17171717171717,5.05050505050505,5.05050505050505,3.0303030303030303,0.0,0.0,33.0,8.0,11.72,2.84,1.78,0.99,33.29999999999999,8.1,99.0
333,Kyle Nicolas,PIT,0.0,38.39080459770115,38.39080459770115,261,5.0,5.0,0.0,1.6666666666666667,18.333333333333332,,13.483360490891204,7.109408258833545,6.619104240982956,1.716064062477063,0.24515200892529465,0.735456026775884,39.030651340996165,17.915708812260537,9.21,4.18,4.11,1.38,23.371647509578544,10.727969348659004,0.0,31.0,38.0,167.0,3.225806451612903,6.451612903225806,,0.0,9.67741935483871,3.225806451612903,20.35928143712575,12.574850299401197,11.976047904191617,1.7964071856287425,0.0,1.1976047904191618,34.0,18.0,8.05,4.26,4.74,1.37,20.4,10.8,167.0
335,Hunter Dobbins,BOS,0.0,59.733333333333334,59.733333333333334,90,4.761904761904763,4.761904761904763,0.0,0.0,4.761904761904763,,66.37037037037037,34.76543209876544,31.604938271604944,9.481481481481481,3.1604938271604945,3.1604938271604945,48.355555555555554,19.91111111111111,7.45,2.91,4.22,1.33,18.88888888888889,7.777777777777778,11.0,13.0,61.0,256.0,30.76923076923077,7.6923076923076925,,0.0,0.0,7.6923076923076925,23.828125,11.71875,10.9375,2.34375,0.390625,0.78125,45.0,17.0,6.64,2.51,4.13,1.28,17.599999999999998,6.6000000000000005,256.0
344,Carlos Vargas,SEA,0.0,77.23333333333333,77.23333333333333,240,5.357142857142858,5.357142857142858,0.0,0.0,12.500000000000004,,30.45659722222222,14.940972222222223,13.217013888888888,3.4479166666666665,0.5746527777777778,1.7239583333333333,67.57916666666667,30.341666666666665,7.93,3.61,3.77,1.35,20.416666666666668,9.166666666666666,0.0,70.0,77.0,331.0,7.142857142857142,7.142857142857142,,1.4285714285714286,20.0,10.0,24.47129909365559,11.782477341389729,10.27190332326284,3.0211480362537766,1.2084592145015105,2.1148036253776437,54.0,23.0,6.31,2.69,3.97,1.35,16.3,6.9,331.0
345,Jacob Webb,TEX,0.0,61.53903345724907,61.53903345724907,269,4.838709677419355,4.838709677419355,0.0,1.6129032258064515,24.193548387096776,,21.401030942082063,11.80746534735562,11.069498763145894,3.320849628943768,0.7379665842097263,1.1069498763145893,59.553903345724905,26.799256505576206,8.76,3.89,4.32,1.37,22.30483271375465,10.037174721189592,0.0,55.0,66.0,267.0,9.090909090909092,7.2727272727272725,,1.8181818181818181,12.727272727272727,3.6363636363636362,18.352059925093634,8.98876404494382,8.239700374531834,3.7453183520599254,0.7490636704119851,0.7490636704119851,58.0,19.0,7.91,2.59,3.0,1.03,21.7,7.1,267.0
349,Andrew Alvarez,WSN,0.0,22.82191780821918,22.82191780821918,73,5.88235294117647,5.88235294117647,0.0,0.0,5.88235294117647,,31.26290110714956,14.71195346218803,12.872959279414523,3.6779883655470074,0.0,1.8389941827735037,17.45205479452055,8.054794520547945,6.85,3.12,3.89,1.35,17.80821917808219,8.219178082,5.0,5.0,23.1,98.0,20.0,20.0,,0.0,0.0,0.0,16.3265306122449,8.16326530612245,6.122448979591836,1.0204081632653061,0.0,1.0204081632653061,20.0,10.0,7.71,3.86,2.31,1.11,20.4,10.2,98.0
355,Justin Lawrence,COL,0.0,15.705223880597016,15.705223880597016,268,4.918032786885246,4.918032786885246,0.0,1.639344262295082,16.393442622950822,,5.95622633103141,3.266317665404322,2.978113165515705,0.6724771664067721,0.19213633325907775,0.2882044998886166,14.417910447761194,7.208955223880597,8.19,4.15,4.62,1.48,20.89552239,10.44776119402985,0.0,17.0,17.2,69.0,5.88235294117647,0.0,,0.0,35.294117647058826,5.88235294117647,13.043478260869565,1.4492753623188406,1.4492753623188406,0.0,2.898550724637681,2.898550724637681,23.0,8.0,11.72,4.08,0.51,0.96,33.29999999999999,11.599999999999987,69.0
356,Drew Pomeranz,SEA,0.0,47.578125,47.578125,64,6.666666666666667,6.666666666666667,0.0,0.0,6.666666666666667,,64.4287109375,34.6923828125,29.736328125,9.912109375,0.0,4.9560546875,50.75,19.03125,9.31,3.43,3.64,1.26,25.0,9.375,4.0,57.0,49.2,203.0,3.508771929824561,3.508771929824561,,1.7543859649122806,24.561403508771928,3.508771929824561,18.7192118226601,6.896551724137931,5.911330049261084,2.4630541871921183,0.49261083743842365,2.4630541871921183,57.0,15.0,10.33,2.72,2.17,1.07,28.1,7.4,203.0
358,Matt Gage,DET,0.0,31.904109589041095,31.904109589041095,73,5.88235294117647,5.88235294117647,0.0,0.0,5.88235294117647,,41.13342090448489,20.566710452242447,17.995871645712143,5.141677613060612,0.0,2.570838806530306,30.027397260273972,13.136986301369864,8.34,3.74,3.76,1.34,21.91780821917808,9.589041096,2.0,33.0,31.0,137.0,0.0,3.0303030303030303,,0.0,6.0606060606060606,0.0,25.547445255474454,8.02919708029197,8.02919708029197,0.0,0.7299270072992701,1.4598540145985401,27.0,12.0,7.84,3.48,3.19,1.52,19.69999999999999,8.799999999999999,137.0
361,Mike Vasil,TBR,0.0,100.01970443349754,100.01970443349754,203,4.166666666666666,4.166666666666666,0.0,0.0,2.083333333333333,,48.24431556213448,23.608920381470067,22.582445582275714,6.158848795166104,1.0264747991943508,2.0529495983887016,83.34975369458128,29.17241379310345,7.55,2.6,4.04,1.28,19.704433497536947,6.896551724137931,3.0,47.0,101.0,423.0,10.638297872340425,6.382978723404255,,8.51063829787234,4.25531914893617,4.25531914893617,17.494089834515368,7.5650118203309695,6.619385342789598,1.8912529550827424,1.1820330969267139,1.8912529550827424,82.0,52.0,7.31,4.63,2.5,1.25,19.399999999999988,12.3,423.0
363,Chase Shugart,BOS,0.0,41.64601769911505,41.64601769911505,113,3.846153846153846,3.846153846153846,0.0,0.0,3.846153846153846,,38.2723784164774,19.84493695669199,18.42744145978542,4.252486490719712,1.4174954969065707,1.4174954969065707,33.63716814159292,16.01769911504425,7.25,3.36,4.43,1.4,18.58407079646018,8.849557522123893,0.0,35.0,45.0,181.0,11.428571428571429,8.571428571428571,,0.0,14.285714285714285,5.714285714285714,18.23204419889503,9.94475138121547,9.392265193370166,3.314917127071823,1.1049723756906076,0.5524861878453038,31.0,17.0,6.2,3.4,3.4,1.11,17.1,9.4,181.0
364,Rob Zastryzny,CHC,0.0,21.88235294117647,21.88235294117647,34,0.0,0.0,0.0,0.0,12.5,,56.31487889273357,32.17993079584775,24.134948096885818,8.044982698961938,0.0,0.0,19.147058823529413,8.205882352941178,8.36,3.19,3.88,1.29,20.588235294117645,8.823529411764707,1.0,26.0,22.0,93.0,7.6923076923076925,3.8461538461538463,,0.0,7.6923076923076925,3.8461538461538463,17.20430107526882,7.526881720430108,6.451612903225806,3.225806451612903,3.225806451612903,1.0752688172043012,20.0,10.0,8.18,4.09,2.45,1.18,21.5,10.8,93.0
365,Steven Okert,HOU,0.0,64.07142857142857,64.07142857142857,112,3.8461538461538463,3.8461538461538463,0.0,0.0,3.8461538461538463,,50.60586734693878,28.60331632653061,26.4030612244898,8.801020408163266,2.2002551020408165,2.2002551020408165,66.53571428571429,27.107142857142858,9.48,3.81,4.22,1.32,24.107142857142858,9.821428571428571,1.0,68.0,71.2,276.0,4.411764705882353,2.941176470588235,,1.4705882352941175,14.705882352941178,1.4705882352941175,16.304347826086957,9.057971014492754,8.695652173913043,2.1739130434782608,0.36231884057971014,0.7246376811594203,84.0,19.0,10.55,2.39,3.01,0.89,30.4,6.9,276.0
367,Logan Evans,SEA,8.433734939759036,50.60240963855422,80.5421686746988,83,8.333333333333332,8.333333333333332,5.080563216722311,0.0,8.333333333333332,,96.53070111772391,50.8056321672231,45.7250689505008,15.241689650166935,0.0,5.080563216722311,67.46987951807229,29.518072289156628,7.44,3.23,4.18,1.34,19.27710843373494,8.433734939759036,15.0,16.0,81.1,350.0,37.5,31.25,,0.0,0.0,6.25,23.42857142857143,12.857142857142856,11.142857142857142,3.7142857142857144,0.2857142857142857,1.1428571428571428,59.0,31.0,6.53,3.43,4.32,1.39,16.89999999999999,8.9,350.0
368,Yohan Ramirez,PIT,0.0,35.52083333333333,35.52083333333333,96,4.545454545454546,4.545454545454546,0.0,0.0,4.545454545454546,,37.00086805555555,18.500434027777775,16.818576388888886,3.3637152777777777,1.6818576388888888,3.3637152777777777,32.291666666666664,14.53125,8.06,3.77,4.19,1.4,20.833333333333336,9.375,0.0,24.0,33.1,155.0,12.5,12.5,,0.0,4.166666666666666,0.0,21.29032258064516,16.129032258064516,12.903225806451612,2.5806451612903225,0.6451612903225806,2.5806451612903225,45.0,16.0,12.15,4.32,5.4,1.47,28.999999999999996,10.3,155.0
370,Angel Chivilli,COL,0.0,62.857142857142854,62.857142857142854,245,5.357142857142858,5.357142857142858,0.0,0.0,16.071428571428573,,26.572261557684296,14.202415660141607,13.286130778842148,3.6651395251978336,0.4581424406497292,1.3744273219491878,56.12244897959183,24.693877551020407,8.05,3.56,4.7,1.44,20.40816326530612,8.979591836734693,0.0,43.0,58.2,275.0,2.3255813953488373,11.627906976744185,,0.0,2.3255813953488373,0.0,27.636363636363637,17.81818181818182,16.727272727272727,4.7272727272727275,0.36363636363636365,2.181818181818182,43.0,23.0,6.6,3.53,7.06,1.69,15.6,8.4,275.0
371,Andrew Saalfrank,ARI,0.0,25.84967320261438,25.84967320261438,153,5.714285714285714,5.714285714285714,0.0,0.0,2.857142857142857,,16.412490922294843,7.723525139903456,7.240804818659489,1.448160963731898,0.482720321243966,0.482720321243966,23.633986928104576,12.555555555555555,8.15,4.39,3.85,1.45,20.91503267973856,11.11111111111111,0.0,28.0,29.0,113.0,7.142857142857142,3.571428571428571,,10.714285714285714,17.857142857142858,7.142857142857142,16.8141592920354,4.424778761061947,3.5398230088495577,0.8849557522123894,0.8849557522123894,0.0,19.0,10.0,5.9,3.1,1.24,1.0,16.8,8.799999999999999,113.0
374,A.J. Blubaugh,HOU,0.0,29.52380952380953,29.52380952380953,42,10.0,0.0,0.0,0.0,10.0,,63.26530612244898,35.14739229024944,28.117913832199548,7.029478458049889,0.0,0.0,29.52380952380953,8.857142857142858,8.63,3.09,4.04,1.29,23.809523809523807,7.142857142857142,3.0,11.0,32.0,124.0,27.27272727272727,9.090909090909092,,0.0,0.0,0.0,13.709677419354838,8.870967741935484,4.838709677419355,4.838709677419355,0.0,0.0,35.0,11.0,9.84,3.09,1.69,0.88,28.199999999999996,8.9,124.0
375,Lyon Richardson,CIN,0.0,39.51351351351351,39.51351351351351,74,5.88235294117647,5.88235294117647,0.0,0.0,5.88235294117647,,50.255661066471866,28.26880934989043,25.127830533235933,6.281957633308983,0.0,3.1409788166544916,39.51351351351351,16.27027027027027,8.93,3.95,4.28,1.39,22.972972972972975,9.459459459,0.0,34.0,37.2,172.0,0.0,8.823529411764707,,0.0,8.823529411764707,2.941176470588235,21.511627906976745,14.534883720930234,11.046511627906977,1.1627906976744187,2.3255813953488373,1.1627906976744187,30.0,21.0,7.17,5.02,4.54,1.54,17.4,12.2,172.0
378,Mason Englert,DET,0.0,43.02325581395348,43.02325581395348,43,0.0,10.0,0.0,0.0,10.0,,100.05408328826391,50.027041644131955,50.027041644131955,10.005408328826391,0.0,0.0,38.72093023255814,12.906976744186046,7.92,2.73,4.06,1.27,20.930232558139537,6.976744186046512,0.0,29.0,44.2,185.0,0.0,3.4482758620689653,,0.0,3.4482758620689653,0.0,23.243243243243246,10.81081081081081,10.27027027027027,2.1621621621621623,0.0,0.5405405405405406,44.0,11.0,8.87,2.22,3.83,1.21,23.799999999999997,5.8999999999999995,185.0
379,Tayler Scott,HOU,0.0,30.996441281138793,30.996441281138793,281,4.615384615384615,4.615384615384615,0.0,1.538461538461538,24.615384615384613,,10.351945897341727,5.60023302643077,5.260824964222845,1.3576322488317016,0.3394080622079254,0.5091120933118882,30.519572953736656,13.352313167259789,8.8,3.88,4.25,1.36,22.77580071174377,9.964412811,0.0,24.0,27.1,134.0,4.166666666666666,8.333333333333332,,0.0,12.5,4.166666666666666,25.37313432835821,18.65671641791045,17.91044776119403,4.477611940298507,0.0,0.7462686567164178,24.0,18.0,7.9,5.93,7.9,1.9,17.9,13.4,134.0
384,Taylor Clarke,KCR,0.0,47.90697674418604,47.90697674418604,43,0.0,0.0,0.0,0.0,10.0,,111.41157382368847,55.705786911844235,55.705786911844235,11.141157382368847,0.0,0.0,38.325581395348834,14.372093023255813,7.5,2.52,4.21,1.3,18.60465116,6.976744186046512,0.0,51.0,55.1,206.0,1.9607843137254901,1.9607843137254901,,1.9607843137254901,9.803921568627452,1.9607843137254901,18.446601941747574,9.70873786407767,9.70873786407767,3.8834951456310676,0.0,0.48543689320388345,44.0,9.0,7.16,1.46,3.25,0.85,21.4,4.3999999999999995,206.0
385,Justin Hagenman,NYM,0.0,23.375,23.375,72,5.88235294117647,5.88235294117647,0.0,0.0,5.88235294117647,,30.555555555555557,15.277777777777779,15.277777777777779,3.8194444444444446,0.0,1.9097222222222223,22.0,6.875,8.26,2.58,4.04,1.24,22.22222222222222,6.944444444444445,1.0,9.0,23.2,99.0,0.0,11.11111111111111,,11.11111111111111,0.0,0.0,24.242424242424242,13.131313131313133,12.121212121212121,4.040404040404041,0.0,1.0101010101010102,23.0,2.0,8.75,0.76,4.56,1.1,23.19999999999999,2.0,99.0
386,Matt Festa,,0.0,52.15384615384615,52.15384615384615,91,4.761904761904763,4.761904761904763,0.0,0.0,4.761904761904763,,54.58277985750514,30.020528921627825,27.29138992875257,8.18741697862577,0.0,2.7291389928752565,49.67032967032967,19.86813186813187,8.41,3.47,4.38,1.34,21.978021978021975,8.791208791208792,0.0,63.0,54.2,226.0,7.936507936507936,6.349206349206349,,0.0,19.047619047619047,3.1746031746031744,19.469026548672566,12.831858407079647,11.061946902654867,1.7699115044247788,0.8849557522123894,2.2123893805309733,56.0,15.0,9.22,2.47,4.12,1.08,24.8,6.6000000000000005,226.0
388,Sean Newcomb,BOS,0.0,88.52830188679245,88.52830188679245,53,8.333333333333334,8.333333333333334,0.0,0.0,8.333333333333334,,153.11498754004984,83.51726593093628,83.51726593093628,13.919544321822713,0.0,13.919544321822713,88.52830188679245,44.264150943396224,8.68,4.76,4.42,1.48,22.641509433962263,11.320754716981131,5.0,48.0,92.1,391.0,4.166666666666666,10.416666666666668,,4.166666666666666,8.333333333333332,0.0,24.04092071611253,9.207161125319693,7.161125319693094,1.278772378516624,0.5115089514066496,1.278772378516624,91.0,31.0,8.87,3.02,2.73,1.35,23.3,7.9,391.0
393,Kaleb Ort,HOU,0.0,45.388679245283015,45.388679245283015,265,4.838709677419355,4.838709677419355,0.0,0.0,20.967741935483872,,15.746529013883945,8.563901744393023,8.011391954432181,2.4862940548237806,0.5525097899608401,0.8287646849412602,46.12075471698113,17.569811320754717,9.2,3.56,4.25,1.31,23.77358490566038,9.056603773584904,0.0,49.0,46.0,194.0,4.081632653061225,4.081632653061225,,2.0408163265306123,6.122448979591836,0.0,18.04123711340206,13.402061855670103,12.886597938144329,4.123711340206185,0.5154639175257731,0.0,49.0,27.0,9.59,5.28,4.89,1.35,25.3,13.900000000000002,194.0
395,Adrian Houser,TEX,0.0,120.63013698630137,120.63013698630137,73,5.88235294117647,5.88235294117647,0.0,0.0,5.88235294117647,,174.96716081816476,87.48358040908238,77.763182585851,19.44079564646275,0.0,9.720397823231375,92.24657534246576,35.47945205479452,6.99,2.87,4.21,1.36,17.80821917808219,6.8493150684931505,21.0,21.0,125.0,518.0,38.095238095238095,23.809523809523807,,0.0,0.0,0.0,23.552123552123554,9.45945945945946,8.880308880308881,1.9305019305019304,0.0,1.5444015444015444,92.0,38.0,6.62,2.74,3.31,1.28,17.8,7.3,518.0
396,Eric Orze,TBR,0.0,41.46590909090909,41.46590909090909,176,4.878048780487805,4.878048780487805,0.0,0.0,2.4390243902439024,,21.261621900826448,11.492768595041323,10.343491735537192,2.8731921487603307,0.5746384297520662,1.1492768595041325,42.477272727272734,18.204545454545457,9.16,3.91,3.96,1.34,23.863636363636363,10.227272727272728,0.0,33.0,41.2,178.0,3.0303030303030303,3.0303030303030303,,9.090909090909092,3.0303030303030303,0.0,21.34831460674157,8.98876404494382,7.865168539325842,2.247191011235955,0.5617977528089888,1.6853932584269662,40.0,19.0,8.64,4.1,3.02,1.37,22.5,10.7,178.0
400,Yerry De Los Santos,NYY,0.0,36.84848484848485,36.84848484848485,165,5.263157894736841,5.263157894736841,0.0,0.0,2.6315789473684204,,22.332415059687786,11.166207529843893,10.578512396694215,2.938475665748393,0.5876951331496786,0.5876951331496786,30.060606060606062,13.575757575757576,7.45,3.3,4.2,1.38,18.787878787878785,8.484848484848486,0.0,25.0,35.2,160.0,0.0,4.0,,0.0,12.0,0.0,23.125,9.375,8.125,0.625,0.0,0.625,28.0,17.0,7.07,4.29,3.28,1.51,17.5,10.6,160.0
